address,name,size
0x1baef8,_ZNK20LogicBattlePlayerMap21getMapDataStringCloneEv,0x10
0x1baf08,_ZNK14LogicReflector35checkReflectableIdArrayRequiredTypeERK17LogicIntArrayListi,0x98
0x1bafa0,_ZN11Application20saveInstantAppCookieERK6String,0x20
0x1bafc0,_ZN15LogicStringUtil13getByteLengthEPKcRK6String,0x8
0x1bafc8,_ZN12SupercellSWF18readColorTransformER14ColorTransform,0x404
0x1bb3cc,_ZN12SoundManager9playSoundERK6Stringffiiibff,0x6a8
0x1bba74,_ZN17LogicGameModeUtil16getPointIntervalEii,0x40
0x1bbab4,_ZNK22MatchmakeFailedMessage12getErrorCodeEv,0x8
0x1bbabc,_ZNKSt6__ndk110__function6__funcIZN8GameMain14loadAssetAsyncERK6StringbE3$_0NS_9allocatorIS6_EEFvvEE6targetERKSt9type_info,0x1c
0x1bbad8,_ZN10HTTPClientC2Ev,0x1b0
0x1bbc88,_ZN18DeliveryCardsPopupD0Ev,0x24
0x1bbcac,_ZN28PlayerMapGreenlightedMessage18getServiceNodeTypeEv,0x8
0x1bbcb4,_ZN6String26getContainingDirectoryPathERKS_,0x8c
0x1bbd40,_ulocimp_getCountry_58,0x1dc
0x1bbf1c,_ZNK26LogicLocalNotificationData10getAutoAddEv,0x10
0x1bbf2c,_ZN24LogicBillingPackagesDataC2EP6CSVRowP14LogicDataTable,0xe4
0x1bc010,_ZNK19LogicProjectileData15blockUltiChargeEv,0x8
0x1bc018,_ZNK12scZlibFilter10decompressEPKvm,0x1d0
0x1bc1e8,_ZN17DebugCountryPopup17backButtonPressedEv,0xc
0x1bc1f4,_ZN14BattleEndPopup22refreshDisplayedQuestsEv,0x14c
0x1bc340,_ZN16GameObjectSprite17setShadowSettingsEffff,0x94
0x1bc3d4,_ZNKSt6__ndk110__function6__funcIZ59Java_com_supercell_titan_GoogleServiceClient_onSignInFailedP7_JNIEnvP7_jclassE3$_3NS_9allocatorIS6_EEFvvEE7__cloneEPNS0_6__baseIS9_EE,0x10
0x1bc3e4,_ZN19RemoveFriendMessageC2Ev,0x30
0x1bc414,_ZNK13LogicTileData17getBaseExportNameEv,0x10
0x1bc424,_ZN8Databind24NlohmannJsonOutReflector8endArrayEv,0xcc
0x1bc4f0,_ZN24LogicParticleEmitterData8destructEv,0x24
0x1bc514,_ZN25AskForAllianceDataMessage8destructEv,0x44
0x1bc558,_ZN18DeliveryCardsPopupD2Ev,0x404
0x1bc95c,_Z14applyDeadZoneXfff,0x20
0x1bc97c,_ZN31TeamAllianceMemberInviteMessage8destructEv,0x28
0x1bc9a4,_lzham_decompress,0x4
0x1bc9a8,_ZNKSt6__ndk110__function6__funcIZN11AndroidMain21inputSelectionChangedEiiE4$_11NS_9allocatorIS3_EEFvvEE7__cloneEv,0x38
0x1bc9e0,_ZN10SCTuneImpl8addColorEPK6CSVRowRK6StringPiPKcP20SCTuneChangeListenerib,0x7c
0x1bca5c,_ZNK26LogicGameModeVariationData41tryFindFallbackPlayerMapLocationThemeDataEv,0x48
0x1bcaa4,_ZN19DebugPerformanceHud11getInstanceEv,0xc
0x1bcab0,_ZN19LinkNewDeviceScreenD0Ev,0x3c
0x1bcaec,_ZNK16ServerConnection23getCurrentTencentOpenIdEv,0x8
0x1bcaf4,_ZNK18LogicCharacterData7isMeleeEv,0x8
0x1bcafc,_ZN9MovieClip8playOnceEv,0x60
0x1bcb5c,_ZN6xTimer4initEv,0x40
0x1bcb9c,_Java_com_supercell_titan_SupercellId_getPendingRegistration,0x8
0x1bcba4,_ZN11ClientInputC2Ev,0x14
0x1bcbb8,_ZN5lzham12lzcompressor5stateC2Ev,0x11c
0x1bccd4,_Java_com_supercell_titan_SupercellId_connectedGames,0xc
0x1bcce0,_ZNKSt6__ndk110__function6__funcIZN10SWFTexture4loadEP12SupercellSWFbibbbbRK6StringE3$_1NS_9allocatorIS8_EEFvvEE7__cloneEPNS0_6__baseISB_EE,0x18
0x1bccf8,_ZN10ScrollArea13setAreaHeightEf,0x8
0x1bcd00,_ZN3GUI13addDataGainedEP13DisplayObjectPK9LogicDataifffbS1_,0x8c
0x1bcd8c,_ZN18AllianceMemberItemD2Ev,0x80
0x1bce0c,_ZThn96_N9DebugInfo13buttonClickedEP12CustomButton,0x4
0x1bce10,_ZNKSt6__ndk110__function6__funcIZN11AndroidMain15_gameForegroundEvE4$_15NS_9allocatorIS3_EEFvvEE7__cloneEv,0x38
0x1bce48,_ZNK19LogicProjectileData12getRenderingEv,0x8
0x1bce50,_ZL23utf16BEIteratorPreviousP13UCharIterator,0x3c
0x1bce8c,_ZN9InboxItem9onDestroyEv,0x9c
0x1bcf28,_ZN14RankedHeroItem12setHeroStateEibb,0x370
0x1bd298,_ZN16LogicReflectable11getChecksumEv,0x58
0x1bd2f0,_ZN12KakaoManager9authorizeEv,0xf8
0x1bd3e8,_ZN10GameObject16playLoopedEffectEPK15LogicEffectData,0x14c
0x1bd534,_ZNK17LogicCampaignData12getBaseLevelEv,0x10
0x1bd544,_ZNK13ListContainer20isBlockingPageScrollEv,0x8
0x1bd54c,_ZN29LookForGameRoomRequestMessageC2Eii,0x44
0x1bd590,_ZN20EndClientTurnMessage11setCommandsEP14LogicArrayListIP12LogicCommandE,0x8
0x1bd598,_hb_feature_from_string,0x6c4
0x1bdc5c,_ZN7FadeOutC2EP13DisplayObjectf,0x1c
0x1bdc78,_ZN14StreamItemList18resolveLatestEntryEv,0x70
0x1bdce8,_ZNK26LogicVanityItemSeenCommand6encodeEP15ChecksumEncoder,0x2c
0x1bdd14,_ZNK15LogicItemServer7getZAtTEiiiii,0x20
0x1bdd34,_ZN8RankItem7getRankEv,0x44
0x1bdd78,_ZN17LogicGameModeUtil24hasDownwardsTickingClockEi,0x24
0x1bdd9c,_ZN18PreRenderedTexture23setOptimalBoundsPaddingEi,0x8
0x1bdda4,_ZN23LineAccountBoundMessage6decodeEv,0x2c
0x1bddd0,_ZNK10BattleMode33isOfflineBattleRoyaleOwnTeamAliveEv,0x130
0x1bdf00,_ZNK21LogicBattleModeClient16getLocationMusicEv,0x2c
0x1bdf2c,_ZN10GameButton21setStateAnimsDisabledEb,0x18
0x1bdf44,_ZL7sprintfPcU17pass_object_size1PKcz.12619,0x78
0x1bdfbc,_ZN27PersonalBreakStartedMessageC2Ev,0x34
0x1bdff0,_ZNK19LogicProjectileData14getChainSpreadEv,0x8
0x1bdff8,_ZN16NameChangeScreen7keyDownEi,0x8
0x1be000,_ZNSt6__ndk110__function6__funcIZN8TestCase9moveTouchER5TouchS3_S3_fE3$_8NS_9allocatorIS5_EEFvvEE7destroyEv,0x4
0x1be004,_ZN13FriendsScreen14destroyInvitesEv,0xec
0x1be0f0,_ZN8Databind15JSONInReflector13getNextStringEv,0x5c
0x1be14c,_ZN12BattleScreen15handleAutoShootEP23LogicCharacterClientOwn,0x170
0x1be2bc,_ZN11InputSystemD2Ev,0x30
0x1be2ec,_ZN9LogicMath17normalizeAngle360Ei,0x34
0x1be320,_ZN16LogicStringTable16destructInstanceEv,0x68
0x1be388,_ZNK12LocationItem20getGameModeVariationEv,0x8
0x1be390,_ZNK22LogicLocationThemeData24getMapPreviewBGColorBlueEv,0x10
0x1be3a0,_ZNK6icu_5822BytesDictionaryMatcher7matchesEP5UTextiiPiS3_S3_S3_,0x214
0x1be5b4,_ZN24LogicVideoStartedCommand10canExecuteEPK13LogicHomeModei,0x80
0x1be634,_ZNK21LogicSkinCampaignData32isSkinBuyRequiresExclusiveOptionEv,0x10
0x1be644,_ZN12_GLOBAL__N_19parseJsonERK6scFile,0x128
0x1be76c,_ZN8LogicMD52IIEiiiiiii,0xe4
0x1be850,_ZN15LogicDataTables16searchReferencesEPK9LogicData,0x44
0x1be894,_ZN11AndroidMain9handleURLERK6StringS2_,0x44
0x1be8d8,_ZN14BillingManager10initializeEv,0x11c
0x1be9f4,_ZN11TeamManager27inviteAndCreateTeamIfNeededEP9LogicLongbRK6Stringb,0x3a4
0x1bed98,_ZN16PlayerMapManager15launchMapEditorEPK9LogicLongb,0x270
0x1bf008,_ZNK12NSCIDManager16getVersionStringEv,0xc8
0x1bf0d0,_ZN19AllianceRankingData6decodeEP10ByteStream,0x80
0x1bf150,_ZN24DataLoaderLayeredTexture15TextureModifier17getOperationRangeENS0_9OperationE,0x260
0x1bf3b0,_utext_openCharacterIterator_58,0xbc
0x1bf46c,_ZThn96_N18DeliveryCardsPopup13buttonClickedEP12CustomButton,0x4
0x1bf470,_ZN32YoozooOrderDeliveryFailedMessage10setOrderIdERK6String,0x8
0x1bf478,_ZNK17LogicShopItemData29getSeparatedSectionTeaseAssetEv,0x10
0x1bf488,_ZN29TeamRequestJoinApproveMessage6encodeEv,0x44
0x1bf4cc,_uenum_next_58,0x80
0x1bf54c,_ZN14EnterNamePopup15handleOkPressedEv,0xb8
0x1bf604,_ZN22RankRewardNotification8destructEv,0x24
0x1bf628,_ZNKSt6__ndk110__function6__funcIZN11scTaskQueue3runIZN8TestCase9touchDownEP13DisplayObjectE4$_14EENS_13invoke_resultIT_JEE4typeES9_EUlvE_NS_9allocatorISC_EEFvvEE6targetERKSt9type_info,0x1c
0x1bf644,_ZN12MovieClipRef13setExportNameERK6String,0x8
0x1bf64c,_ZNK6scFile14isMemoryMappedEv,0x50
0x1bf69c,_Z14checkCodeFilesRK6StringS1_,0x1f8
0x1bf894,_ZN23ReportUserStatusMessage6encodeEv,0x38
0x1bf8cc,_ZN17LogicLocalization16destructInstanceEv,0x84
0x1bf950,_ZN17LogicClientAvatar11setDiamondsEi,0x8
0x1bf958,_ZN22PendingPingMeasurement10onResponseEP19VisionUpdateMessage,0x3c
0x1bf994,_ZN14TencentManager29resetBindMessageResponseTimerEv,0x8
0x1bf99c,_ZN8Material13getDiffuseTexEv,0x38
0x1bf9d4,_ZN13HTTPMessaging11drainQueuesEv,0x138
0x1bfb0c,_ZN32NativeFacebookConnectionCallback7friendsERK6String,0x2c0
0x1bfdcc,_ZNK19LogicResourceBundle4saveEv,0xac
0x1bfe78,_ZN15UIListContainer6updateEf,0x18
0x1bfe90,_ZN8Impostor10setPaddingEi,0x10
0x1bfea0,_ZN22ShutdownStartedMessageC2Ei,0x30
0x1bfed0,_ZN16ServerConnectionD2Ev,0x2c8
0x1c0198,_ZN8Databind15JSONInReflector6getIntERK6Stringi,0x38
0x1c01d0,_ZL24hb_ucdn_general_categoryP18hb_unicode_funcs_tjPv,0x8
0x1c01d8,_ZN6icu_5822UCharCharacterIterator16getStaticClassIDEv,0xc
0x1c01e4,_ZNK16YoozooLoginState16getAnalyticsNameEv,0x80
0x1c0264,_ZN8HomePage18enableGatchaButtonEv,0x4
0x1c0268,_ZNK12_GLOBAL__N_123LaserEmitterDataFactory12getObjectDefEv,0x4
0x1c026c,_ZN18HomePageTeamMember6updateEfb,0xa0
0x1c030c,_ZNKSt6__ndk110__function6__funcIZN11AndroidMain17backButtonPressedEvE3$_6NS_9allocatorIS3_EEFvvEE6targetERKSt9type_info,0x1c
0x1c0328,_ZN15FacebookManager14facebookLoggedERK12FacebookUserRK6String,0x134
0x1c045c,_ZNK24EsportTournamentsWebView9isLoadingEv,0x20
0x1c047c,_ZN22PromoPopupNotification5cloneEv,0xd8
0x1c0554,_ZN16GameStateManager13clearGameDataEv,0xc0
0x1c0614,_ZN24LatencyTestStatusMessage6encodeEv,0x64
0x1c0678,_u_isgraph_58,0x88
0x1c0700,_ZN5lzham12lzcompressorC2Ev,0x2e4
0x1c09e4,_ZN19AllianceHeaderEntry20setPreferredLanguageEP15LogicLocaleData,0x8
0x1c09ec,_ZN10InboxPopup12refreshItemsEb,0x244
0x1c0c30,_ZN13QuestionPopUp7fadeOutEv,0x6c
0x1c0c9c,_ZN25UnbindKakaoAccountMessage6decodeEv,0x4
0x1c0ca0,_ZN5lzham18search_accelerator12find_matchesEjb,0x68
0x1c0d08,_ZN9CharacterC2EPK20LogicCharacterClientP12RenderSystem,0x1658
0x1c2360,_ZN25AskForAvatarStreamMessage6encodeEv,0x4
0x1c2364,_ZN15ResourceManager18putMovieClipToPoolEPKcP9MovieClip,0x60
0x1c23c4,_ZN20LogicCharacterServer18AIthrowCaptureFlagEv,0x104
0x1c24c8,_Z14getLineProfileP13ILineListenerRK6String,0xb8
0x1c2580,_ZN9xMatrix44C2Ev,0x4
0x1c2584,_ZN24EsportTournamentsWebView4hideEv,0x70
0x1c25f4,_ZN19NameChangeSubScreenC2ERK6StringS2_S2_bS2_,0xc4
0x1c26b8,_ZN14StreamItemList11getItemByIdEPK9LogicLong,0x74
0x1c272c,_ZNK18HomePageTeamMember19getSpeechBubbleClipEv,0x9c
0x1c27c8,_ZN14BillingManager21handlePendingPurchaseEv,0x51c
0x1c2ce4,_ZN26CreateAccountFailedMessage12setErrorCodeEi,0x8
0x1c2cec,_uhash_iremovei_58,0x1b4
0x1c2ea0,_ZNK38TencentAntiAddictionInstructionMessage14getMessageTypeEv,0x8
0x1c2ea8,_ZN12LoginMessage17removeResourceShaEv,0x10
0x1c2eb8,_ZNK25RequestMatchCancelMessage14getMessageTypeEv,0x8
0x1c2ec0,_ZN11QuestsPopup17isPremiumUnlockedEi,0x44
0x1c2f04,_ZN26OfferPurchaseQuestionPopup13buttonClickedEP12CustomButton,0x54
0x1c2f58,_ZN16LogicReflectable16setReflectableIdEi,0x4
0x1c2f5c,_ZN21LogicBattleModeClient15generateTileMapEii,0x8c
0x1c2fe8,_ZN11wendelstein7Emitter7killOldERNS_17IParticleRendererE,0x19c
0x1c3184,_ZN9CombatHUD11setStickPosEP9MovieClipP23LogicCharacterClientOwnffff,0x1f8
0x1c337c,_ZN9sc3dWorld14getDrawHudOnlyEv,0x20
0x1c339c,_nti_iterator_get_line_range,0x24
0x1c33c0,_ZN10SetVisibleD2Ev,0x14
0x1c33d4,_ZN8HomeMode17loadOfflineAvatarEv,0xc0
0x1c3494,_ZNKSt6__ndk110__function6__funcIZN7GLImage6createEPKc9ImageWrap11ImageFilterE3$_1NS_9allocatorIS7_EEFvvEE11target_typeEv,0xc
0x1c34a0,_ZNK19MaintenanceModeInfo19isEsportsTabAllowedEv,0x14
0x1c34b4,_ZN8HomeMode13getPlayerDataEv,0xb0
0x1c3564,_ZNK17LogicGameCalendar7getWeekEv,0x8
0x1c356c,_ZN6icu_586UStackC2EPFvPvEPFa8UElementS4_EiR10UErrorCode,0x30
0x1c359c,_ZN11hb_buffer_t13replace_glyphEj,0xfc
0x1c3698,_ZN20CreatePlayerMapPopup18customButtonTappedEP10GameButtoni,0x25c
0x1c38f4,_ZN9xMatrix4422transformVectorArray2fEPKfjjS1_jPf,0x58
0x1c394c,_lv1_detect_frida_library__ZL23create_detection_threadv,0x94
0x1c39e0,_ZNKSt6__ndk110__function6__funcIZN3UIu15displayTestListEvE3$_0NS_9allocatorIS3_EEFRK6StringP5UICtxEE7__cloneEv,0x24
0x1c3a04,_ZNK19AllianceHeaderEntry20getAllianceBadgeDataEv,0x8
0x1c3a0c,_ZN25RuntimeGeneratedExecution13onFastforwardEv,0x8c
0x1c3a98,_ZN16DebugInputWindow8setTitleERK6String,0x30
0x1c3ac8,_ZN11SCIDManager16innerBindAccountERK6StringS2_S2_S2_b,0x364
0x1c3e2c,_ZN23StarPointMigrationPopup18customButtonTappedEP10GameButtoni,0x6c
0x1c3e98,_ZN14EnterNamePopup17pendingNameFailedEi,0x140
0x1c3fd8,_ZNK20LogicCharacterServer11getJumpZAtTEfffff,0x30
0x1c4008,_ZN12BattleScreen18tryToActivateSkillEP23LogicCharacterClientOwnP16LogicSkillClientiibi,0x510
0x1c4518,_ZN11Application23setRequestedOrientationEv,0x4
0x1c451c,_ZN8GameMain5keyUpEi,0x38
0x1c4554,_ZN16PlayerMapManager6updateEf,0x48
0x1c459c,_ZN21HighRateUdpSendBufferD2Ev,0xec
0x1c4688,_ZNK22LogicLocationThemeData17getBlocking1CountEv,0x10
0x1c4698,_ZN21TeamReportChatMessage8destructEv,0x44
0x1c46dc,_ZNK5scKey11getIdStringEv,0xa4
0x1c4780,_ZN8Databind24NlohmannJsonOutReflector9addObjectEv,0x5c
0x1c47dc,_ZNK9LogicRect8isInsideERKS_,0x5c
0x1c4838,_ZN12LogicVector26divideEi,0x14
0x1c484c,_ZN24LogicSetPlayerAgeCommand7executeEP13LogicHomeModeib,0xc0
0x1c490c,_ZNSt6__ndk110__function6__funcIZN8TestCase11touchSpriteEP6SpriteE3$_2NS_9allocatorIS5_EEFvvEE7destroyEv,0x4
0x1c4910,_ZN23RankedRewardsTrackPopup12getChildClipERK6String,0x88
0x1c4998,_ZN14LogicDailyData15hasRelatedQuestEPK18LogicCharacterData,0xe0
0x1c4a78,_ZNK17LogicSkinConfData19getUnlockSoundIndexEv,0x10
0x1c4a88,_ZN30LookForATeamMemberConfirmPopup18customButtonTappedEP10GameButtoni,0x1b4
0x1c4c3c,_ZN15ResourceManager15getSupercellSWFERK6StringPKc,0x14
0x1c4c50,_ZN20GoogleServiceManager40refreshGoogleServiceAchievementsInternalEv,0xd4
0x1c4d24,_ZNK32YoozooOrderDeliveryFailedMessage14getMessageTypeEv,0x8
0x1c4d2c,_locale_get_default_58,0x84
0x1c4db0,_ZN26ChampionshipChallengePopup10getMaxWinsEv,0x8c
0x1c4e3c,_ZN15MapEditorScreen17newUndoableActionEv,0xd0
0x1c4f0c,_ZN21AllianceStreamMessage18getServiceNodeTypeEv,0x8
0x1c4f14,_ZNK30RemoveAvatarStreamEntryMessage16getStreamEntryIdEv,0x8
0x1c4f1c,_ZN5lzham12lzcompressor5flushE13lzham_flush_t,0xf4
0x1c5010,_ZN31AntiAddictionDataUpdatedMessageC2Ev,0x34
0x1c5044,_ZN18AttackRadiusSpriteC2Efffff,0x170
0x1c51b4,_ZThn192_NK15ProLeagueScreen11getListTypeEv,0x8
0x1c51bc,_ZN12TencentLogin11setListenerEP16ITencentListener,0xc
0x1c51c8,_ZNK30PurchaseBrawlPassProgressPopup18shouldShowResourceEi,0xc
0x1c51d4,_ZNK12SCWFileInput9getStreamEv,0x8
0x1c51dc,_ZN17LogicFileTemplateC2Ev,0x4
0x1c51e0,_ZN14LogicPlayerMap8destructEv,0x90
0x1c5270,_ZNK17LogicResourceData6getCapEv,0x10
0x1c5280,_ZN15GameSCIDManager7loginOkERK6StringS2_iiS2_b,0x1dc
0x1c545c,_ZN5lzham12symbol_codec18decode_remove_bitsEj,0x200
0x1c565c,_ZN8Databind16JSONOutReflector17reflectNextObjectEv,0x18
0x1c5674,_ZN12LogicVersion13getUnityAdsIDEv,0x28
0x1c569c,_ZNK6icu_5822RuleBasedBreakIterator7currentEv,0x40
0x1c56dc,_ZNK14TencentManager21hasPlayerLoggedInEverEv,0x1c
0x1c56f8,_ZNK9MovieClip18getMovieClipByNameERK6String,0xbc
0x1c57b4,_ZN23TeamInviteStatusMessageC2EiP23TeamInvitationDataEntry,0x48
0x1c57fc,_ZN5lzham13lzham_reallocEPvmPmb,0x68
0x1c5864,_ZN13scResourceMap16addResourceEntryERK18scResourceLoadInfo,0x18c
0x1c59f0,_ZN11SocialPopup14openFriendsTabEi,0x10
0x1c5a00,_ZNK18LogicChallengeData17getTeaserTitleTIDEv,0x10
0x1c5a10,_ZN18LogicAnimationData8destructEv,0x80
0x1c5a90,_ZN4Shop17playerDataChangedEv,0x34
0x1c5ac4,_ZN11LineManager10bindLineIDEv,0xd0
0x1c5b94,_ZN27LogicDeviceLinkErrorMessage18getServiceNodeTypeEv,0x8
0x1c5b9c,_ZNK15LaserBoxManager16isManifestLoadedEv,0x14
0x1c5bb0,_ZNK17LogicSkinConfData12getIntroAnimEv,0x10
0x1c5bc0,_ZN22MatchmakeFailedMessage18getServiceNodeTypeEv,0x8
0x1c5bc8,_ZN29AllianceMailAvatarStreamEntryC2Ev,0x38
0x1c5c00,_ZN27BrawlerSuggestionStreamItemD2Ev,0x50
0x1c5c50,_ZN20LogicRawOutReflector15reflectIntArrayER17LogicIntArrayListPKc,0x74
0x1c5cc4,_ZN14BrawlPassPopup9getFadeInEP10PlayerInfo,0x68
0x1c5d2c,_ZN5titan3com9supercell2id21IdShopClaimInProgressC2EP8_jobject,0xbc
0x1c5de8,_ZN12BlurRendererD2Ev,0x28
0x1c5e10,_ZN6icu_5810UnicodeSet16resemblesPatternERKNS_13UnicodeStringEi,0xdc
0x1c5eec,_ZN6icu_5815RBBIRuleScanner14doParseActionsEi,0x1180
0x1c706c,_ZN11DragHandlerC2Ev,0x138
0x1c71a4,_ZN6scglTF8MeshDataC2ERKN2fx4gltf8DocumentERKNS2_9PrimitiveE,0xd10
0x1c7eb4,_Z23hb_indic_get_categoriesj,0x144
0x1c7ff8,_u_getFC_NFKC_Closure_58,0x370
0x1c8368,_ZN15LogicEffectData8destructEv,0x54
0x1c83bc,_ZN20LogicCharacterServer25handleDynamicWallClearingEv,0x4
0x1c83c0,_ZNK6icu_587UVector9elementAtEi,0x24
0x1c83e4,_ZN23LogicCharacterClientOwn12canCastSkillEPK14LogicSkillDataiP11LogicPlayer,0xc8
0x1c84ac,_ZNSt6__ndk110__function6__funcIZN11scTaskQueue3runIZN8TestCase9moveTouchER5TouchS5_S5_fE3$_7EENS_13invoke_resultIT_JEE4typeES9_EUlvE_NS_9allocatorISC_EEFvvEE18destroy_deallocateEv,0x4
0x1c84b0,_ZN14BattleEndPopup10getSlideInEP9MovieClipff,0x88
0x1c8538,_ZNKSt6__ndk110__function6__funcIZN7GLImage16createWithFormatEiiiiPKv9ImageWrap11ImageFilterRbE3$_8NS_9allocatorIS8_EEFvvEE6targetERKSt9type_info,0x1c
0x1c8554,_ZN14LogicMilestone12resetStaticsEPK8CSVTable,0x338
0x1c888c,_ZNK12LogicTileMap24isPlayerLineOfSightClearEiiiibbbb,0x5b8
0x1c8e44,_ZN14MovieClipFrameD2Ev,0x38
0x1c8e7c,_ZN6icu_5821DictionaryBreakEngineC2Ej,0x40
0x1c8ebc,_ZNK12LogicTileMap29getVisibilityRadiusLogicYDownEib,0xb0
0x1c8f6c,_ZN29TeamStreamEntryRemovedMessage18getServiceNodeTypeEv,0x8
0x1c8f74,_ZN20UIMultiViewContainer7refreshEP5UICtxi,0xa4
0x1c9018,_ZN9CSVColumn15setBooleanValueEbi,0x134
0x1c914c,_ZN9BitStream12writeIntMax7Ei,0x8
0x1c9154,_ZN24KakaoAccountBoundMessage8destructEv,0x28
0x1c917c,_ZN5Scene17setMeshVisibilityERK6Stringbb,0xc0
0x1c923c,_ZN31CafeBazaarBillingRequestMessage8destructEv,0x6c
0x1c92a8,_ZN13LogicSkinData10setSadAnimERK6String,0x8
0x1c92b0,_ZN17EventDetailsPopupC2EPK12LocationInfo,0x104
0x1c93b4,_ZN13QuestListItem6updateEf,0x54
0x1c9408,_ZN9GameUtils11interpolateEffff,0x20
0x1c9428,_ZN26LogicGameModeVariationData12resetStaticsEPK8CSVTable,0x688
0x1c9ab0,_ZN12ReleaseEntryC2EP10ByteStream,0x58
0x1c9b08,_ZNK12BattleScreen14getShootStickXEv,0x8
0x1c9b10,_ZN5lzham27lzham_lib_decompress_memoryEPK23lzham_decompress_paramsPhPmPKhmPj,0x138
0x1c9c48,_ZNK17LogicRankedSeason24getSeasonEndRewardConfigEi,0x38
0x1c9c80,_ZNK21LogicAreaEffectServer9getDamageEi,0x94
0x1c9d14,_ZN19EnvironmentRenderer7getTileEii,0x38
0x1c9d4c,_ZN19EnvironmentRenderer13renderSpritesEf,0x2e4
0x1ca030,_ZN4Shop13onShopItemTapEv,0x54
0x1ca084,_ZN11Application27setDeviceVerificationResultEbbRK6String,0xdc
0x1ca160,_ZNK6Shader15setUniformFloatEPKcf,0x3c
0x1ca19c,_ZN15UIListContainer12populateListEv,0x50
0x1ca1ec,_ZN5tween7Tweener4stepEl,0x390
0x1ca57c,_ZNKSt6__ndk110__function6__funcIZN11AndroidMain15_gameBackgroundEvE4$_16NS_9allocatorIS3_EEFvvEE6targetERKSt9type_info,0x1c
0x1ca598,_ZN8Selfhelp11getInstanceEv,0xc
0x1ca5a4,_ZN6icu_5823ICULanguageBreakFactory13loadEngineForEii,0x1d0
0x1ca774,_ZN11SentryTitan8shutdownEv,0x4
0x1ca778,_ZNSt6__ndk110__function6__funcIZN8TestCase18swipeAllDirectionsEP13DisplayObjectE4$_23NS_9allocatorIS5_EEFbvEED0Ev,0x4
0x1ca77c,_ZN5titan3com9supercell5titan11SupercellId9setObjPtrEl,0x80
0x1ca7fc,_ZN6Sprite13setChildIndexEP13DisplayObjecti,0x80
0x1ca87c,_ZNK13LogicDataSlot4saveEv,0xa4
0x1ca920,_ZN17LogicAvatarChange6encodeEP15ChecksumEncoder,0x4
0x1ca924,_ZNK6icu_5813UnicodeString10doHashCodeEv,0x50
0x1ca974,_ZN24RankedLeaderboardsScreen13buttonClickedEP12CustomButton,0x204
0x1cab78,_ZNK25DeviceLinkMigrationScreen16showFloatingTextERK6String,0x6c
0x1cabe4,_ZN29ChangeAllianceSettingsMessage20getAllianceBadgeDataEv,0x8
0x1cabec,_Z51crypto_box_curve25519xsalsa20poly1305_tweet_keypairPhS_,0x68
0x1cac54,_sub_1CAC54,0xef8
0x1cbb4c,_sub_1CBB4C,0x1090
0x1ccd10,_ZNSt6__ndk110__function6__funcIZN8TestCase9moveTouchER5TouchS3_S3_fE3$_8NS_9allocatorIS5_EEFvvEEclEv,0x1c
0x1ccd2c,_ZN12LoginMessage18setTencentPlatformEi,0x8
0x1ccd34,_ZN18LogicChallengeData8destructEv,0x34
0x1ccd68,_ZN26EnterSupportedCreatorPopup26handleCreatorChangeFailureEi,0x48
0x1ccdb0,_ZN7SetTextD2Ev,0x34
0x1ccde4,_ZN11LineManager5loginEv,0xc4
0x1ccea8,_ZNK15LogicEffectData13getExportNameEi,0x18
0x1ccec0,_ZN23SendAllianceMailMessage18getServiceNodeTypeEv,0x8
0x1ccec8,_ZNK18LogicGemBundleData19getShopTreasureItemEv,0x8
0x1cced0,_ZNKSt6__ndk110__function6__funcIZ68Java_com_supercell_titan_PurchaseManager_updateBillingProductDetailsP7_JNIEnvP7_jclassP8_jstringS7_iE3$_0NS_9allocatorIS8_EEFvvEE7__cloneEPNS0_6__baseISB_EE,0x20
0x1ccef0,_ZN28UdpLatencyTestRequestMessage18getServiceNodeTypeEv,0x8
0x1ccef8,_ZNK11DragHandler14isInScrollModeEv,0x8
0x1ccf00,_ZN19BrawlPassSeasonData19hasUnclaimedRewardsEPK13LogicHomeMode,0xe8
0x1ccfe8,_ZN8Settings19getScreenDimensionsEv,0xc
0x1ccff4,_ZNK6String7indexOfEi,0xf8
0x1cd0ec,_ZNK20scCryptoStreamFilter4tellEv,0x8
0x1cd0f4,_ZN9ShopPopup23supportedCreatorChangedEv,0x128
0x1cd21c,_ZN27LogicClaimTailRewardCommand6decodeEP10ByteStream,0x4c
0x1cd268,_ZN37PurchaseHeroLvlUpMaterialPopupHandler10createItemEi,0x40
0x1cd2a8,_ZNK18sc3dPanPinchCamera22getPinchingThresholdSQEv,0x1c
0x1cd2c4,_ZN17LogicSkinConfDataC2EP6CSVRowP14LogicDataTable,0x78
0x1cd33c,_ZN9sc3dWorld14isSphereInViewERK7Vector3IfEf,0x38
0x1cd374,_ZNSt6__ndk110__function6__funcIZN7GLImage16createWithFormatEiiiiPKv9ImageWrap11ImageFilterRbE3$_8NS_9allocatorIS8_EEFvvEED0Ev,0x4
0x1cd378,_ZN17LogicClientAvatar5setIdEPK9LogicLong,0xc
0x1cd384,_ZN15SelectHeroPopup15createContainerEP9MovieClipRK6String,0x68
0x1cd3ec,_ZN20LogicCharacterServer33transformPushBackLengthToStrengthEi,0x1c
0x1cd408,_ZN22EsportTournamentsPopup23getRedNotificationCountEv,0xb8
0x1cd4c0,_ZNK10LoginState18getLoadingProgressEv,0x8
0x1cd4c8,_ZN9MovieClip7playAllEv,0x84
0x1cd54c,_ZN27MatchMakingCancelledMessage18getServiceNodeTypeEv,0x8
0x1cd554,_ZN11BasePageGUI13setPageSpringEf,0x20
0x1cd574,_ZN15TeamJoinMessage8destructEv,0x34
0x1cd5a8,_Z21_resolveClassInternalP7_JNIEnvPKc,0x100
0x1cd6a8,_Java_com_supercell_titan_TitanWebView_onReceivedError,0x9c
0x1cd744,_ZN29DeviceLinkSuccesfullOldScreenD2Ev,0x1c
0x1cd760,_ZNK20LogicCharacterServer8getPrevYEv,0x24
0x1cd784,_ZN8Settings14setButtonAlignEi,0x68
0x1cd7ec,_ZNSt6__ndk127__insertion_sort_incompleteIRZN11wendelstein10flushLayerERNS1_21MovieClipRendererDataEiE3$_0PNS2_11BucketRangeEEEbT0_S8_T_,0x394
0x1cdb80,_ZN8Debugger11setDebugHudEP9IDebugHud,0xc
0x1cdb8c,_ZN27GetTokenFriendResultMessage8setTokenEP6String,0x44
0x1cdbd0,_ZN22UnlockAccountOkMessage12setPassTokenEP6String,0x8
0x1cdbd8,_ZN15LogicDataTables18getBackButtonSoundEv,0xc
0x1cdbe4,_ZNKSt6__ndk110__function6__funcIZN8TestCase11touchSpriteEP6SpriteE3$_1NS_9allocatorIS5_EEFvvEE6targetERKSt9type_info,0x1c
0x1cdc00,_ZN20LogicCharacterServer19giveSpeedFasterBuffEiib,0x4
0x1cdc04,_ZN20PlayerJWTokenMessage8destructEv,0x2c
0x1cdc30,_ZNK32RankedMatchUpdateHeroDataMessage14getMessageTypeEv,0x8
0x1cdc38,_ZN6detail24createResourceDataLoaderERK18scResourceLoadInfo,0xf4
0x1cdd2c,_unorm2_getDecomposition_58,0xf4
0x1cde20,_ZN25FriendOnlineStatusMessage18getServiceNodeTypeEv,0x8
0x1cde28,_ZN17ParallelExecution13onFastforwardEv,0x58
0x1cde80,_ZNSt6__ndk110__function6__funcIZN19SupercellIdCallback13forgetAccountEP8_jobjectRK6StringS7_E3$_3NS_9allocatorIS8_EEFvvEEclEv,0x34
0x1cdeb4,_ZN8GameMain12touchPressedERK5Touch,0x8
0x1cdebc,_ZNK19LogicResourceBundle14getTotalAmountEv,0x88
0x1cdf44,_ZN7Offline22getSelectedSkinForHeroEPK18LogicCharacterData,0x8
0x1cdf4c,_ZN10ScoresPage6addBtnEP16DropGUIContainerRK6String,0x40
0x1cdf8c,_ZN15LeaderboardPage13destructItemsEv,0x114
0x1ce0a0,_ZN16LobbyInfoMessageC2Ev,0x40
0x1ce0e0,_ZNK22LogicRankedMatchPlayer5cloneEv,0xb0
0x1ce190,_ZN22LogicQuestsSeenCommand8destructEv,0x4
0x1ce194,_ZN15LaserBoxManager16isWhitelistedURLERK6StringPK14LogicArrayListIS0_ES6_,0x134
0x1ce2c8,_ZNKSt6__ndk110__function6__funcIZ43Java_com_supercell_titan_Kakao_inviteResultE3$_2NS_9allocatorIS2_EEFvvEE6targetERKSt9type_info,0x1c
0x1ce2e4,_ZN23LogicReflectableFactory22tryToCreateReflectableEi,0x5c
0x1ce340,_ZN7rg_etc120pack_etc1_block_initEv,0x54c
0x1ce88c,_ZNK18LogicChallengeData26getMilestoneRewardPopupTIDEv,0x10
0x1ce89c,_ZN16BattleLogManager22getTimesPlayedTogetherEPK9LogicLong,0xdc
0x1ce978,_ZNK10HomeScreen8gotoPageEib,0x2bc
0x1cec34,_ZNK29LogicReflectableReferenceBase11getInternalEv,0x48
0x1cec7c,_ZN10PathSpriteD0Ev,0x74
0x1cecf0,_ZN5Scene17createFromSCWFileEP7SCWFilePNS_14InstanceFilterEPK14LogicArrayListI6StringE,0x858
0x1cf548,_ZN12EventTracker25sendGainFreeDiamondsEventERK6StringS2_i,0xf4
0x1cf63c,_ZN8GameMain18reloadGameInternalEv,0x290
0x1cf8cc,_ZN6Shader10setTextureEjPKci,0x7c
0x1cf948,_ZN6icu_5817CharacterIterator14first32PostIncEv,0x3c
0x1cf984,_ZN15LogicStringUtil32intToStringWithThousandSeparatorEiRK6String,0x134
0x1cfab8,_ZNK14LogicAccessory27getClosestEnemyForAccessoryEP20LogicCharacterServerP14LogicArrayListIiE,0x8
0x1cfac0,_ZNK14BillingManager7isChinaEv,0x70
0x1cfb30,_ZL24hb_unicode_mirroring_nilP18hb_unicode_funcs_tjPv,0x8
0x1cfb38,_ZN15sc3dWorldObject17access2dContainerEv,0x80
0x1cfbb8,_ZN15ApiTokenMessage8destructEv,0x34
0x1cfbec,_ZN12GemOfferItem8loadClipERK6Stringi,0xac
0x1cfc98,_ZN8DebugHud10addMessageERK6Stringj,0xe0
0x1cfd78,_ZN14BattleEndPopup14getOutcomeContEP16BattleEndMessage,0x120
0x1cfe98,_ZN8GameMain13setSlowMotionEb,0x4
0x1cfe9c,_ZN14BrawlPassPopup22scrollToLatestUnlockedEv,0xb8
0x1cff54,_ZN22BindLineAccountMessage8getForceEv,0x8
0x1cff5c,_ZN16MovieClipTexture4playEv,0xc
0x1cff68,_ZNK22TeamPremadeChatMessage14getMessageTypeEv,0x8
0x1cff70,_ZNK17AvatarStreamEntry17getSenderAvatarIdEv,0x8
0x1cff78,_ZNSt6__ndk110__function6__funcIZN19SupercellIdCallback14connectedGamesEP8_jobjectP13_jobjectArrayE4$_16NS_9allocatorIS7_EEFvvEE18destroy_deallocateEv,0x4
0x1cff7c,_hb_face_get_glyph_count,0x38
0x1cffb4,_ZN17LogicGameModeUtil29panCameraToCenterWhenGameOverEi,0x18
0x1cffcc,_ZN11LogicPlayer14damageReceivedEi,0xc
0x1cffd8,_ZN9EventItem13createRewardsEv,0x480
0x1d0458,_ZN12TitanWebView4hideEv,0x40
0x1d0498,_ZN13SceneRenderer9setCameraERK6StringS2_NS_16CoordinateSystemE,0x154
0x1d05ec,_ZNK14LogicDailyData17getMiniOfferCountEv,0x8c
0x1d0678,_ZN5lzham11lzham_timer13ticks_to_secsEy,0x64
0x1d06dc,_ZN15sc3dWorldCamera12isAabbInViewERK7Vector3IfES3_,0xbc
0x1d0798,_ZN41CafeBazaarBillingProcessedByServerMessageC2Ei,0x74
0x1d080c,_ZN10ScrollArea12addContentAtEP13DisplayObjecti,0x28
0x1d0834,_ZNK9Messaging16hasConnectFailedEv,0x8
0x1d083c,_ZN15LogicJSONParser5parseERK6String,0x54
0x1d0890,_ZNK14TencentManager19wasLastLoginUnknownEv,0x8c
0x1d091c,_ZNK14VideoAdManager23isUnityEnabledForPlayerEPK13LogicHomeMode,0x8
0x1d0924,_ZN37LogicPurchaseBrawlPassProgressCommand10canExecuteEPK13LogicHomeModei,0xac
0x1d09d0,_LookToRead_Skip,0x14
0x1d09e4,_ZNK17LogicSkinConfData21getBossAutoAttackAnimEv,0x10
0x1d09f4,_ZN12LogicVector38multiplyEPKS_,0x24
0x1d0a18,_ZN11ReferralURL18createFriendInviteERK6String,0x160
0x1d0b78,_ZN14BattleEndPopup12getOutcomeBgEi,0x1c8
0x1d0d40,_ZN17LogicGameModeUtil15isProtectedKingEPK20LogicCharacterServer,0x68
0x1d0da8,_utext_previous32From_58,0x234
0x1d0fdc,_ZNSt6__ndk110__function6__funcIZN8TestCase20drawDebugPercentagesEvE4$_21NS_9allocatorIS3_EEFvvEED0Ev,0x4
0x1d0fe0,_ZN19StartLoadingMessage18getServiceNodeTypeEv,0x8
0x1d0fe8,_ZN12jpeg_decoder8find_eoiEv,0x1f0
0x1d11d8,_ZN8HomePage28getChampionshipChallengeTypeEv,0x28
0x1d1200,_ZN24UdpConnectionInfoMessage15removeSessionIdEv,0x14
0x1d1214,_ZN17CharacterMaterialD0Ev,0xa8
0x1d12bc,_ZN29LogicPurchaseBrawlPassCommand7executeEP13LogicHomeModeib,0x150
0x1d140c,_ZN17LogicGameCalendar34calculateDateVariablesFromDayIndexEi,0x19c
0x1d15a8,_ZN21CreateAllianceMessage18removeAllianceNameEv,0x10
0x1d15b8,_ZNK14LoginOkMessage7getTierEv,0x8
0x1d15c0,_ZN12KakaoManager12kakaoFriendsEiP9KakaoUser,0xfc
0x1d16bc,_ZThn144_N18CharacterAnimation12valueChangedEi,0x8
0x1d16c4,_ZNK13LogicCardData9getValue2Ev,0x8
0x1d16cc,_Z30crypto_sign_ed25519_tweet_openPhPyPKhyS2_,0xb0
0x212c28,_ZL15setup_masks_usePK18hb_ot_shape_plan_tP11hb_buffer_tP9hb_font_t,0x5c
0x212c84,_ZN5lzham37get_generate_huffman_codes_table_sizeEv,0x8
0x212c8c,_Z10applyLayerRN12_GLOBAL__N_15ImageERKS0_fN22LaserDataLoaderTexture15TextureModifier9OperationE,0x73c
0x2133c8,_ZNK19LogicProjectileData16getRedExportNameEv,0x10
0x2133d8,_ZN16OnlineFriendItem6updateEf,0x610
0x2139e8,_ZN15MovieClipHelper32scaleMultilineTextForLongestWordEP9TextFieldb,0xdc
0x213ac4,_ZNK3GUI12getRankPopUpEv,0x98
0x213b5c,_ZN6icu_5816ReorderingBuffer10previousCCEv,0x114
0x213c70,_ZNK8ImageSet14getUnusedCountEv,0xbc
0x213d2c,_ZN9OutStreamC2Ev,0x14
0x213d40,_ZN27HomeBattleReplayDataMessage18getServiceNodeTypeEv,0x8
0x213d48,_ZNK19LogicProjectileData24getDamageOnlyWithOneProjEv,0x8
0x213d50,_ZN9CSVColumn14setStringValueERK6Stringi,0x70
0x213dc0,_ZN21RankedCoinFlipOverlayD0Ev,0x24
0x213de4,_ZN10HomeScreen24brawlPassPremiumUnlockedEi,0x50
0x213e34,_ZN8SettingsC2Ev,0x4
0x213e38,_Z6getbithii,0x28
0x213e60,_ZNK23BattleReportStreamEntry16getBattleLogJSONEv,0x8
0x213e68,_ZN19EffectPreviewButtonC2EPK15LogicEffectData,0x34
0x213e9c,_ZN24LatencyTestStatusMessage18getServiceNodeTypeEv,0x8
0x213ea4,_ZNKSt6__ndk110__function6__funcIZN7GLImage6createEiiiPKh9ImageWrap11ImageFilterE3$_7NS_9allocatorIS7_EEFvvEE6targetERKSt9type_info,0x1c
0x213ec0,_ZN10HTTPClient8postDataERK6StringPKviP18HTTPClientListener,0x118
0x213fd8,_ZL22stringIteratorPreviousP13UCharIterator,0x28
0x214000,_ZThn368_N15SelectHeroPopup18onHeroItemSelectedEPK8HeroItem,0xc
0x21400c,_ZN34AskForPlayingTencentFriendsMessage10setOpenIdsEP14LogicArrayListI6StringE,0x8
0x214014,_ZN12AllianceInfo20allianceMemberJoinedEP19AllianceMemberEntry,0x13c
0x214150,_ZN13TextureSystemC2Ev,0x20
0x214170,_ZN24BadgePreviewReloadButton13buttonPressedEv,0x4
0x214174,_ZN7SCWFile7setNameERK6String,0x4
0x214178,_ZN8HomePage11refreshTeamEP9TeamEntry,0x48
0x2141c0,_ZNK19LogicProjectileData17passesEnvironmentEv,0x8
0x2141c8,_ZNK9xMatrix4418transformDirectionERK7Vector3IfE,0x40
0x214208,_ubidi_getVisualRun_58,0xf4
0x2142fc,_ZN17TeamStreamMessage8destructEv,0xac
0x2143a8,_ZN21LogicJSONOutReflector13reflectObjectEPKc,0x18
0x2143c0,_ZN21LogicJSONOutReflector6setIntEPKcii,0x9c
0x21445c,_ZN9PopupBaseD2Ev,0x140
0x21459c,_ZN12GUIContainerC2EPKcS1_,0xd4
0x214670,_ZNK11wendelstein15SpringComponent14getFeatureBitsEv,0x8
0x214678,_ZN24SetInvitesBlockedMessage6decodeEv,0x30
0x2146a8,_ZNSt6__ndk110__function6__funcIZN19SupercellIdCallback10setProfileEP8_jobjectRK6StringS7_iE4$_20NS_9allocatorIS8_EEFvvEED0Ev,0x38
0x2146e0,_ZN14scMemoryHandle5resetEv,0x98
0x214778,_ZNK15LogicJSONObject13getJSONObjectERK6String,0xd8
0x214850,_ZNSt6__ndk16__sortIRZN11wendelstein19SpriteSheetRenderer6updateERKNS_6vectorINS1_8ParticleENS_9allocatorIS4_EEEERKNS3_INS1_11SpriteSheetENS5_ISA_EEEEiE3$_0PiEEvT0_SI_T_,0x5f4
0x214e44,_ZN11ReferralURL19canShareThroughLineEv,0xb4
0x214ef8,_ZN21SkinPreviewSaveButton13buttonPressedEv,0x4
0x214efc,_ZN8HomePage13buttonClickedEP12CustomButton,0x1d44
0x216c40,_ZN17TencentTermsPopup22markPopupTermsAnsweredEv,0x68
0x216ca8,_ZNK28RankedMatchHeroPickedMessage14getMessageTypeEv,0x8
0x216cb0,_ZN16ServerConnection4initEv,0x224
0x216ed4,_ZN14UdpLaserSocket28resetConnectionValidityTimerEv,0x8
0x216edc,_ZNK43PurchaseSkinGroupOfferHighlightPopupHandler23isOpenedFromShopContextEv,0x8
0x216ee4,_uprv_copyArray32,0x7c
0x216f60,_ZN17SettingsSubScreen10poppedBackEv,0x4
0x216f64,_ZN15PlayAgainStatusC2EiP14LogicArrayListIP9LogicLongES4_ii,0x10
0x216f74,_ZN6icu_5813UnicodeStringC2Eiii,0x2fc
0x217270,_ZN6String11fromUTF16NEEPKvi,0x154
0x2173c4,_ZNKSt6__ndk110__function6__funcIZ68Java_com_supercell_titan_PurchaseManager_updateBillingProductDetailsP7_JNIEnvP7_jclassP8_jstringS7_iE3$_0NS_9allocatorIS8_EEFvvEE11target_typeEv,0xc
0x2173d0,_ZN9InboxItem19setBrawlStarsSenderEv,0x44
0x217414,_ZNSt6__ndk110__function6__funcIZN8TestCase14getStageHeightEvE3$_9NS_9allocatorIS3_EEFivEED0Ev,0x4
0x217418,_ZN13LogicSkinData21setPortraitCameraFileERK6String,0x8
0x217420,_hb_unicode_funcs_set_combining_class_func,0x74
0x217494,_ZN18LatencyTestSession17getUdpProxyServerEv,0x2c
0x2174c0,_ZN18LoginFailedMessage29getSecondsUntilMaintenanceEndEv,0x8
0x2174c8,_ZN34AskForPlayingTencentFriendsMessage6decodeEv,0x154
0x21761c,_ZN21CreateAllianceMessage15setAllianceTypeEi,0x8
0x217624,_ZL24hb_unicode_decompose_nilP18hb_unicode_funcs_tjPjS1_Pv,0x8
0x21762c,_ZN6xTimer13getNativeTimeEv,0x34
0x217660,_ZN23DynamicTextFieldWrapperD2Ev,0xc
0x21766c,_ZN4Rect8addPointERK7Vector2IfE,0x48
0x2176b4,_ZN17LogicGamePlayUtil23getEffectiveWeaponRangeEPK14LogicSkillDatai,0x154
0x217808,_u_strpbrk_58,0x30
0x217838,_ZN6icu_586UStackD0Ev,0x24
0x21785c,_ZN9BitStream26writePositiveIntMax8388607Ei,0x8
0x217864,_ZN18sc3dPanPinchCamera14setCameraAngleEff,0xc
0x217870,_ZN12InputTouches8getTouchEjRiS0_,0x24
0x217894,_ZN20LogicJSONInReflector13reflectStringERK6StringPKcS2_,0xc
0x2178a0,_ZN8TailItemD0Ev,0x78
0x217918,_ZNK13LogicSkinData18getCommunityCreditEv,0x10
0x217928,_ZThn24_N17TencentLoginState25closeChinaLoginExtraTermsEv,0x40
0x217968,_ZN7TopItem9canUpdateEf,0xac
0x217a14,_ZN10ScrollArea29removeContentDontUpdateBoundsEP13DisplayObject,0x8
0x217a1c,_ZN22LogicHelpOpenedCommand8destructEv,0x4
0x217a20,_ZNK17LogicShopItemData17getPopupItemAssetEv,0x10
0x217a30,_ZNK11SCIDManager15getPlayerRegionEv,0xc
0x217a3c,_ZNSt6__ndk127__insertion_sort_incompleteIRZN11SkinPreviewC1EvE3$_0PNS_4pairIPK18LogicCharacterDataNS_6vectorIPK13LogicSkinDataNS_9allocatorISB_EEEEEEEEbT0_SH_T_,0x260
0x217c9c,_ZN20LogicCharacterServer16triggerWhirlwindEiii,0x4
0x217ca0,_ZN7UIPopupD2Ev,0x70
0x217d10,_ZL18ucharstrenum_resetP12UEnumerationP10UErrorCode,0x8
0x217d18,_ZN18LogicGatchaCommand8destructEv,0x24
0x217d3c,_ZN21AllianceStreamMessageC2Ev,0x34
0x217d70,_ZN14BrawlTvManager22resetBrawlTvViewStatusEv,0x8
0x217d78,_ZN29LogicDecreaseHeroScoreCommand8destructEv,0xd4
0x217e4c,_Z10set_ifnameP7ifaddrsi,0x80
0x217ecc,_ZN15FacebookManagerD2Ev,0x1bc
0x218088,_ZN11Shape9Slice6renderER9Matrix2x3R14ColorTransformif,0x36c
0x2183f4,_ZN13EffectPreviewD0Ev,0x24
0x218418,_ZN9TextField19createFontFormatterEffifbbf,0x1bc
0x2185d4,_ZN20AdjustPackageMessage6decodeEv,0x54
0x218628,_ZN8Settings16setMovementScaleEf,0x78
0x2186a0,_ZN11DragHandler8subtractEff,0x24
0x2186c4,_ZN6icu_5823ICULanguageBreakFactory24loadDictionaryMatcherForE11UScriptCodei,0x2ac
0x218970,_ZNK30ReportPlayerMapResponseMessage13getResultCodeEv,0x8
0x218978,_ZN35AskForPlayingFacebookFriendsMessage6encodeEv,0x88
0x218a00,_ZNK15MapEditorScreen17getLogicToPixelsXEv,0x10
0x218a10,_ZN6icu_5810UnicodeSetC2ERKS0_a,0x220
0x218c30,_ZN7Popover20initializeMovieClipsEv,0x1b4
0x218de4,_ZN8Sprite3D13collisionTestEffffRK9xMatrix44S2_,0x30
0x218e14,_ZN32LogicDeviceLinkConfirmYesMessage6decodeEv,0xd8
0x218eec,_ZN10ProjectileC2EPK21LogicProjectileClientP12RenderSystem,0x484
0x219370,_ZN30ProLeagueSeasonEndNotification6encodeEP15ChecksumEncoder,0x84
0x2193f4,_ZN14SceneCharacter17changeAnimationToEiif,0x32c
0x219720,_ZN15LogicDataTables16getItemWithIndexEPK13LogicHomeModeiPK18LogicCharacterDatai,0x194
0x2198b4,_ZNK28UdpBigMessageFragmentMessage22getOriginalMessageTypeEv,0x8
0x2198bc,_ZNKSt6__ndk110__function6__funcIZN11scTaskQueue3runIZN8TestCase20drawDebugPercentagesEvE4$_21EENS_13invoke_resultIT_JEE4typeES7_EUlvE_NS_9allocatorISA_EEFvvEE11target_typeEv,0xc
0x2198c8,_ZN24FriendSuggestionsMessage6encodeEv,0x74
0x21993c,_ZN15TeamMemberEntryC2Ev,0x30
0x21996c,_ZNKSt6__ndk110__function6__funcIZN11scTaskQueue3runIZN8TestCase20drawDebugPercentagesEvE4$_20EENS_13invoke_resultIT_JEE4typeES7_EUlvE_NS_9allocatorISA_EEFvvEE7__cloneEPNS0_6__baseISD_EE,0x18
0x219984,_ZN18LogicPlayerMapUtil16fixPlayerMapDataEPK6Stringii,0x7dc
0x21a160,_ZNK15LogicEffectData17getRenderableTypeEi,0xc
0x21a16c,_ZN17LogicSkinConfData27setSecondarySkillRecoilAnimERK6String,0x14
0x21a180,_ZN12BattleScreenD0Ev,0x24
0x21a1a4,_ZNK6icu_5813UnicodeString13doLastIndexOfEtii,0x98
0x21a23c,_ZN10UdpMessageC2Ev,0xc
0x21a248,_ZN37KunlunBillingProcessedByServerMessage18getServiceNodeTypeEv,0x8
0x21a250,_hb_font_get_face,0x8
0x21a258,_ZN20AllianceCountryPopup13buttonClickedEP12CustomButton,0x74
0x21a2cc,_ZN21RankedCoinFlipOverlay7setInfoEPK16LogicRankedMatch,0x8e8
0x21abb4,_ZN10PlayerInfo7setStatEiiRK6String,0x120
0x21acd4,_ZNSt6__ndk110__function6__funcIZN8TestCase13getStageWidthEvE4$_10NS_9allocatorIS3_EEFivEEclEv,0x3c
0x21ad10,_pointerTOCEntryCount,0x18
0x21ad28,_ZN14EventListEntry15setGameModeIconEP8DataIconi,0xd0
0x21adf8,_ZN32LogicDeviceLinkConfirmYesMessage12setAccountIdEii,0x8
0x21ae00,_ZNKSt6__ndk110__function6__funcIZN19SupercellIdCallback10setProfileEP8_jobjectRK6StringS7_iE4$_20NS_9allocatorIS8_EEFvvEE7__cloneEv,0x5c
0x21ae5c,_ZN8Settings18setMovementOpacityEf,0x78
0x21aed4,_ZN18DoubleClickChecker10touchMovedERK5Touch,0x4
0x21aed8,_ZN20UnmuteChatStreamItemD2Ev,0x6c
0x21af44,_ZN37KunlunBillingProcessedByServerMessageC2Ei,0x74
0x21afb8,_ZN6scglTF9BufferPtrC2Ev,0xc
0x21afc4,_uchar_addPropertyStarts_58,0x224
0x21b1e8,_ZN5titan4java4lang7IntegerC2Ei,0x38
0x21b220,_ZN9QuestItem6updateEf,0x110
0x21b330,_ZN8TestCase9touchDownER5Touch,0x3cc
0x21b6fc,_ZN5Stage13bindBlendModeEi,0xf8
0x21b7f4,_ZN22ClientContentValidator26validateLowercaseFileNamesERK6String,0x1ec
0x21b9e0,_ZN13LogicSkinData12setSadEffectERK6String,0x8
0x21b9e8,_ZN11wendelstein22SpawnLocationComponent26spawnInitialLocationOffsetERNS_8ParticleERNS_7EmitterE,0x248
0x21bc30,_ZN11TeamManager25hasTeamMemberCountChangedEP9TeamEntryS1_i,0xb0
0x21bce0,_ZN10MapPreviewC2EPK22LogicLocationThemeDataifffP14LogicMapLoader,0x1e14
0x21daf4,_ZN26RequestJoinAllianceMessageC2Ei,0x30
0x21db24,_ZN21FriendLoggedInMessage8destructEv,0x4
0x21db28,_ZN5Debug10drawStringERK6Stringffifii,0x4
0x21db2c,_ZN16BattleEndMessage35getStarPointRewardForCompletedGoalsEi,0x84
0x21dbb0,_ZN25SupportCreatorItemHandler6updateEP9MovieClipS1_f,0x4c
0x21dbfc,_ZN11SCIDWebView12accountBoundERK6String,0xc0
0x21dcbc,_ZN6icu_5813UnicodeString7replaceEiii,0x8c
0x21dd48,_ZN15FacebookManagerC2Ev,0xf4
0x21de3c,_Z6myreadPvS_jPjS_,0x50
0x21de8c,_ZN21RankedTeamSelectPopupC2Ev,0x818
0x21e6a4,_ZN9Messaging11writeThreadEv,0x1dc
0x21e880,_lv1_root_detect_non_tamper_action__ZL4initv,0x30
0x21e8b0,_sub_21E8B0,0x24
0x21e8d4,_sub_21E8D4,0x320
0x21ebf4,_ZNK41CafeBazaarBillingProcessedByServerMessage13getStatusCodeEv,0x8
0x21ebfc,_ZN18UITabButtonHandlerD0Ev,0x4
0x21ec00,_ZNK27LogicDeviceLinkErrorMessage9allowBackEv,0x8
0x21ec08,_ZN13DisplayObject4setYEf,0x8
0x21ec10,_ZN13FriendsScreen9selectTabEi,0x58
0x21ec68,_ZN9BitStream9writeBitsEii,0x98
0x21ed00,_ZNK11LogicPlayer19getTicksInObjectiveEv,0x3c
0x21ed3c,_ZN5lzham12symbol_codec13stop_decodingEv,0x14
0x21ed50,_ZN9UdpSocket13sendMaxPacketEP9UdpPacket,0x164
0x21eeb4,_ZN11RenderQueue32flushWithoutRestoringRenderStateEP8MaterialS1_,0x178
0x21f02c,_ZN15ResourceManager15getAbsolutePathERK6String,0xd8
0x21f104,_ZN8HeroItem17saveStartPositionEi,0x58
0x21f15c,_ZN7SCWFile14createSkeletonEv,0x54
0x21f1b0,_Bt3Zip_MatchFinder_Skip,0x1c0
0x21f370,_ZN25TeamInviteResponseMessage6decodeEv,0x3c
0x21f3ac,_ZNK17LogicSkinConfData14getBoneEffect1Ev,0x8
0x21f3b4,_ZN10RewardItem13buttonPressedEv,0x4
0x21f3b8,_Z11sortIndicesPfPhiii,0xf0
0x21f4a8,_ZN26RankedMidSeasonRewardPopup17backButtonPressedEv,0x14
0x21f4bc,_ZN10NativeFont15NativeFormatterD0Ev,0x3c
0x21f4f8,_ZN14BattleEndPopup17getQuestPageCountEv,0x74
0x21f56c,_ZN8Databind16JSONOutReflector21reflectObjectOptionalERK6Stringb,0x74
0x21f5e0,_ZN10BattleMode16isInTrainingCaveEv,0x40
0x21f620,_ZNK10NativeFont12getMarginTopEv,0x8
0x21f628,_ZN11UpgradeItem7getDescEPK13LogicCardData,0x1108
0x220730,_ZN18FacebookConnection15requestUserInfoERK6String,0x8
0x220738,_ZN9EmoteIcon11setSelectedEb,0x28
0x220760,_ZN18LogicAnimationData17addChangeListenerEP20SCTuneChangeListener,0x1a4
0x220904,_ZN10SCTuneImpl6addIntEPK6CSVRowRK6StringPiPKcP20SCTuneChangeListenerib,0x7c
0x220980,_ZN6icu_5822RuleBasedBreakIterator9adoptTextEPNS_17CharacterIteratorE,0xbc
0x220a3c,_ZNK19LogicAreaEffectData17getBlueExportNameEv,0x10
0x220a4c,_ZN24StretchableContextBubbleD2Ev,0x24
0x220a70,_ZN20LogicJSONInReflector21reflectObjectOptionalEPKcb,0x84
0x220af4,_hb_buffer_get_language,0x8
0x220afc,_ZNK8HomePage10isTutorialEv,0x24
0x220b20,_ZN14LoginOkMessage18setPlayTimeSecondsEi,0x8
0x220b28,_ZN24LogicAvatarChangeFactoryC2Ev,0x4
0x220b2c,_ZN15LogicLocaleData26getUseWhiteSpaceColumnNameEv,0x10
0x220b3c,_ZNKSt6__ndk110__function6__funcIZN11AndroidMain15recreateSurfaceEvE3$_4NS_9allocatorIS3_EEFvvEE6targetERKSt9type_info,0x1c
0x220b58,_ZN27BattleEndRankedRankUpScreen9addEffectEv,0xb8
0x220c10,_ZN13TitanInStream9setOffsetEi,0xc
0x220c1c,_ZN20LogicJSONInReflector13getNextStringEv,0x5c
0x220c78,_ZN8Databind4Util9setStringEPvPK13DatabindFieldRKNSt6__ndk112basic_stringIcNS5_11char_traitsIcEENS5_9allocatorIcEEEE,0xd4
0x220d4c,_ZN20LogicCharacterServer15removeCooldownsEv,0x64
0x220db0,_ZN8HomePage9startGameEP9EventDataPK17LogicLocationDataiiPK18LogicCharacterDatabPK13LogicSkinDatab,0xf78
0x221d28,_ZN21ToggleDebugMenuButtonC2Ev,0x2c
0x221d54,_ZNK8Animator19getDefaultAnimationEv,0x8
0x221d5c,_ZNK17LogicSkinConfData21getSecondarySkillAnimEv,0x10
0x221d6c,_ZN5titan3com9supercell5titan7GameApp22cancelAllNotificationsEv,0x5c
0x221dc8,_ZN19SupercellIdCallback29purchasesReceivedNotificationEP8_jobjectP13_jobjectArray,0x210
0x221fd8,_ZN14TweenClipInOutD0Ev,0x6c
0x222044,_ZN13SceneRenderer29updateShadowMapTransformationEv,0xb94
0x222bd8,_ZN8Databind16JSONOutReflector8endArrayEv,0xf4
0x222ccc,_ZNK8DataIcon7getDataEv,0x8
0x222cd4,_ZN34LogicDeviceLinkCodeResponseMessage11setLinkCodeERK6String,0x8
0x222cdc,_ZN6icu_5818Normalizer2Factory11getInstanceE18UNormalizationModeR10UErrorCode,0xa0
0x222d7c,_ZN5lzham12lzcompressor12greedy_parseERNS0_18parse_thread_stateE,0x1c0
0x222f3c,_ZN4Mesh18deleteVertexArraysEiPj,0xc
0x222f48,_uprv_min_58,0xc
0x222f54,_ZN20CreateAccountMessage18getServiceNodeTypeEv,0x8
0x222f5c,_ZN37GoogleBillingProcessedByServerMessage9setProdIdERK6String,0x8
0x222f64,_ZN16AddFriendMessageC2Ev,0x34
0x222f98,_ZN14FriendsManager18findExistingFriendEPK9LogicLong,0x54
0x222fec,_ZN15LogicDataTables12getMenuMusicEv,0xc
0x222ff8,_ZN14BattleEndPopup41displayBattleEndHackChampionshipChallengeEibibib,0x78
0x223070,_ZN5Track15checkCheckpointEv,0x4
0x223074,_ZNK6icu_5815Normalizer2Impl26addCanonIterPropertyStartsEPK9USetAdderR10UErrorCode,0x58
0x2230cc,_ZNK6icu_589BytesTrie7currentEv,0x38
0x223104,_ZNK12BattleScreen28getClosestTargetForAutoshootEP23LogicCharacterClientOwnibbPK14LogicSkillDatabb,0x8d8
0x2239dc,_ZN16AllianceSettings27createInputActivationButtonEP4Rect,0x70
0x223a4c,_ZNK19LogicProjectileData10getBlueMulEv,0x10
0x223a5c,_ZNK8NewsPage15isFadeInEnabledEv,0x8
0x223a64,_ZN15sc3dWorldObject20updateWorldTransformEv,0x3b4
0x223e18,_ZN15SkinRewardPopup13onCloseButtonEv,0x44
0x223e5c,_ZN13DebugMenuBase10setVisibleEb,0x18
0x223e74,_ZN19StartLoadingMessage8destructEv,0x1bc
0x224030,_ZNK18OwnHomeDataMessage14getMessageTypeEv,0x8
0x224038,_ZNK21LogicBattleModeClient21getTeamObjectiveScoreEii,0x30
0x224068,_ZN12SupercellSWF25cacheCompressedShortArrayEiPsb,0x50
0x2240b8,_ZNSt6__ndk110__function6__funcIZN19EnvironmentRenderer6renderER9Matrix2x3R14ColorTransformifE3$_1NS_9allocatorIS7_EEFvvEEclEv,0x70
0x224128,_ZN8Settings19getMovementPositionEv,0xc
0x224134,_ZN10GameButton13buttonPressedEv,0x80
0x2241b4,_LookToRead_Read,0x88
0x22423c,_ZN6icu_5812PatternProps12isWhiteSpaceEi,0x4c
0x224288,_ZNK9TextField17getTextFieldWidthEv,0x10
0x224298,_ZNK24SetInvitesBlockedMessage14getMessageTypeEv,0x8
0x2242a0,_ZNK17LogicDebugCommand6encodeEP15ChecksumEncoder,0x74
0x224314,_ZNK19LogicAreaEffectData23getPushbackStrengthSelfEv,0x8
0x22431c,_uprv_writeDirectUInt16,0x8
0x224324,_ZN24DataTableResourcesLoaderC2Ev,0x1d4
0x2244f8,_ZN16BattleLogMessage18getServiceNodeTypeEv,0x8
0x224500,_Crc64GenerateTable,0xf0
0x2245f0,_ZN5titan3com9supercell5titan19NativeDialogManager10ShowDialogERK6StringS6_S6_S6_S6_,0x114
0x224704,_ZNSt6__ndk110__function6__funcIZN14MessageManager34sendLoginAttributionAnalyticsEventEvE3$_0NS_9allocatorIS3_EEFvvEE18destroy_deallocateEv,0x4
0x224708,_ZNK26AllianceStreamEntryMessage14getMessageTypeEv,0x8
0x224710,_ZN18TeamChatController26updateChatButtonVisibilityEv,0x80
0x224790,_ZN10TeamStreamD0Ev,0x24
0x2247b4,_ZNK10Projectile15getBonePositionERK6StringRfS3_S3_S3_,0x16c
0x224920,_ZN21LogicAreaEffectServer7destroyEv,0xc
0x22492c,_ZN18QuitMapEditorPopupD0Ev,0x3c
0x224968,_ZN15ResourceManager17removeUpdatedFileEPKc,0xbc
0x224a24,_ZN6icu_5810UnicodeSet3setEii,0x14c
0x224b70,_ZN5titan3com9supercell5titan16TitanInstantAppsC2EP8_jobject,0xbc
0x224c2c,_ZN15LogicDataTables17getTotalHeroCountEPK13LogicHomeModeib,0x1a4
0x224dd0,_ZNK27LogicClaimTailRewardCommand14getCommandTypeEv,0x8
0x224dd8,_ZN11DynamicMesh7getAABBEPPS_iRK9xMatrix44PfS5_,0x314
0x2250ec,_ZN12SupercellSWF14readShortArrayEiPs,0xcc
0x2251b8,_ZNK11TeamManager12teamIdToCodeERK9LogicLong,0x8
0x2251c0,_ZNK19DisconnectedMessage14getMessageTypeEv,0x8
0x2251c8,_ZNSt6__ndk110__function6__funcIZN11scTaskQueue3runIZN8TestCase28getAllSpritesVisibleMatchingI12CustomButtonZNS4_28getButtonsWithTextFieldValueE6StringbbS7_E4$_22EENS_6vectorIPT_NS_9allocatorISB_EEEET0_EUlvE_EENS_13invoke_resultISA_JEE4typeESA_EUlvE_NSC_ISK_EEFvvEEclEv,0xa8
0x225270,_ZN13YoozooManager7onLoginEi6StringS0_S0_,0x13c
0x2253ac,_ZN31CafeBazaarBillingRequestMessage15setPurchaseDataERK6String,0x8
0x2253b4,_ZNK13TimelineValue9startTimeEv,0x1c
0x2253d0,_ZNK12MovieClipRef13getExportNameEv,0x8
0x2253d8,_u_tolower_58,0x14
0x2253ec,_ZN21LogicTutorialStepData8destructEv,0x4
0x2253f0,_ZN4ItemC2EPK15LogicItemClientP12RenderSystem,0x11f4
0x2265e4,_ZN22scLZMADecompressFilter13setDownstreamEP10scFileImpl,0x24c
0x226830,_ZN24TextInputVirtualKeyboardD2Ev,0x4c
0x22687c,_ZN17ClientInfoMessageC2EP6String,0x38
0x2268b4,_ZN13LogicItemData12resetStaticsEPK8CSVTable,0x5c8
0x226e7c,_ZNKSt6__ndk110__function6__funcIZN11scTaskQueue3runIZN7GLImage6createEPKc9ImageWrap11ImageFilterE3$_1EENS_13invoke_resultIT_JEE4typeESB_EUlvE_NS_9allocatorISE_EEFvvEE7__cloneEv,0x38
0x226eb4,_Z16Base64encode_leni,0x2c
0x226ee0,_ZN14TencentManager19setLastLoginUnknownEv,0x68
0x226f48,_ZN15LogicDataTables19getDefaultNameColorEv,0x88
0x226fd0,_ZN12LocationItem22getPlayerMapStatusTextEPK14LogicPlayerMapPb,0x6bc
0x22768c,_ZN10StreamItemD0Ev,0x24
0x2276b0,_ZN16AllianceWarPopup17backButtonPressedEv,0xc
0x2276bc,_ZNKSt6__ndk110__function6__funcIZN11scTaskQueue3runIZN8TestCase10getDoTouchEP13DisplayObjectE3$_6EENS_13invoke_resultIT_JEE4typeES9_EUlvE_NS_9allocatorISC_EEFvvEE7__cloneEv,0x38
0x2276f4,_hb_set_clear,0x28
0x22771c,_ZNK12LoginMessage9isAndroidEv,0x8
0x227724,_ZL13apply_forwardPN2OT18hb_apply_context_tERK33hb_ot_layout_lookup_accelerator_tRK15hb_auto_array_tIN26hb_get_subtables_context_t15hb_applicable_tEE,0x234
0x227958,_ZN30RemoveAvatarStreamEntryMessage18getServiceNodeTypeEv,0x8
0x227960,_ZN32NativeFacebookConnectionCallback14sentAppRequestERK6StringS2_,0x1f4
0x227b54,_ZNK23BattleReportStreamEntry6encodeEP15ChecksumEncoder,0xdc
0x227c30,_ZNK14BattleEndPopup28allowClosingFromModalTappingEv,0x8
0x227c38,_ZN9NameInputD2Ev,0x18
0x227c50,_ZNK17AnimationInstance7getClipEv,0x8
0x227c58,_unorm2_normalize_58,0x18c
0x227de4,_ZN22LogicLocationThemeData8destructEv,0x40
0x227e24,_ZN20GameSelfhelpListener16selfhelpWillOpenEv,0x64
0x227e88,_ZNK6CSVRow15getIntegerValueERK6Stringi,0x10
0x227e98,_ZNKSt6__ndk110__function6__funcIZN8TestCase7touchUpEvE4$_18NS_9allocatorIS3_EEFvvEE7__cloneEv,0x60
0x227ef8,_ZN15DebugInputField9okPressedEv,0xa0
0x227f98,_ZN9TeamPopup14checkIsCreatorEv,0x74
0x22800c,_ubrk_setText_58,0xa0
0x2280ac,_ZN13LoadingScreenD0Ev,0x24
0x2280d0,_ZNK12LoginMessage20getPreferredLanguageEv,0x8
0x2280d8,_ZN25RankedMatchStartedMessage6decodeEv,0x64
0x22813c,_ZN6icu_5820umtx_initImplPreInitERNS_9UInitOnceE,0x8c
0x2281c8,_ZNSt6__ndk127__insertion_sort_incompleteIRZN11wendelstein17MovieClipRenderer6updateER5StagebRNS1_23MovieClipRendererBucketERKNS_6vectorINS1_8ParticleENS_9allocatorIS8_EEEEPP9MovieClipiifRK9xMatrix44PK7Vector3IfERSM_fE3$_0PiEEbT0_SS_T_,0x2cc
0x228494,_ZN17TencentLoginState12termsRefusedEv,0xa4
0x228538,_ZN14LoginOkMessage14getServerBuildEv,0x8
0x228540,_utrie2_get32FromLeadSurrogateCodeUnit_58,0x94
0x2285d4,_ZN17LogicClientAvatar21getOfflineAvatarIDLowEv,0x8
0x2285dc,_ZN12_GLOBAL__N_123getAllItemsWithFallbackEPK15UResourceBundleRN6icu_5817ResourceDataValueERNS3_12ResourceSinkER10UErrorCode,0x20c
0x2287e8,_ZN14LoginOkMessage13removeKakaoIdEv,0x10
0x2287f8,_ZN20AnalyticEventMessage16setAnalyticEventEP13AnalyticEvent,0x8
0x228800,_ZN16OnlineFriendItem18showSpectateStatusEb,0x24
0x228824,_ZN8Material17bindModelUniformsEPK13ModelUniforms,0x10
0x228834,_ZN9LogicMath16getBitsInIntegerEi,0x3c
0x228870,_ZN11UpgradeItem12getBasePowerEPK18LogicCharacterDataii,0x2c
0x22889c,_uenum_close_58,0x58
0x2288f4,_ZN30CreatePlayerMapResponseMessage6decodeEv,0x90
0x228984,_ZNK8GameMain27isNativeDialogOfTypeVisibleEi,0x10
0x228994,_ZN17LogicSkinConfData14setProfileFaceERK6String,0x14
0x2289a8,_ZN9DebugMenu26isButtonTypeEnabledForModeEiib,0x24
0x2289cc,_ZN9HeroPopup15handleDeletionsEv,0x60
0x228a2c,_ZN20NativeSCIDConnection20accountBindingFailedEv,0x8
0x228a34,_ZN15MovieClipHelper25getDisplayObjectRecursiveEP13DisplayObjectRK6String,0xbc
0x228af0,_ZN10DataGained20setParticleFlyInTimeEf,0x8
0x228af8,_ZN16ResourceListener5clearEv,0x60
0x228b58,_ZN22CreatePlayerMapMessage10setMapNameEP6String,0x44
0x228b9c,_ZN20LogicCharacterServer16triggerRaiseDeadEv,0x8
0x228ba4,_ZN8HomePage15refreshPlayerXpEv,0x164
0x228d08,_ZN16PlayerMapManager32handlePlayerMapPublishedResponseEP31PublishPlayerMapResponseMessage,0x18c
0x228e94,_Z19heroItemSort_latestP8HeroItemS0_,0x38
0x228ecc,_ZN28ExtendedSetEncryptionMessageC2Ev,0x30
0x228efc,_ZN16FramerateManagerD2Ev,0x4
0x228f00,_ZNK14LogicSoundData11getFileNameEi,0x18
0x228f18,_ZN23DynamicTextFieldWrapperC2EP9TextField,0x44
0x228f5c,_ZN9TextTween6updateEf,0x2b8
0x229214,_ZN25BattleReportStreamMessage16setStreamEntriesEP14LogicArrayListIP23BattleReportStreamEntryE,0x8
0x22921c,_ZN6icu_5818KeywordEnumerationD0Ev,0x48
0x229264,_hb_set_del,0x30
0x229294,_ZN18LogicMapEditorMode14initMapPreviewEv,0x1d4
0x229468,_ZN22scThreadSafeRingBuffer15getWritePointerEPm,0x1c0
0x229628,_ZN5titan7android3net3UriC2EP8_jobject,0xbc
0x2296e4,_ZNK19LogicProjectileData13getPoisonTypeEv,0x8
0x2296ec,_ZNK13QuestListItem14getEndProgressEv,0x30
0x22971c,_ZNK12scFilesystem11resolvePathERKNSt6__ndk112basic_stringIcNS0_11char_traitsIcEENS0_9allocatorIcEEEE,0x5c4
0x229ce0,_ZNK12BattleScreen15getUltiStickBgYEv,0x8
0x229ce8,_ZN18DecoratedTextField22setupPlayerNameTextYouEP9MovieClipRK6StringPK17PlayerDisplayDatabb,0xfc
0x229de4,_ZN10ByteStream15removeByteArrayEv,0x10
0x229df4,_ZN6Friend14setSupercellIdERK6String,0x8
0x229dfc,_ZN15ResourceManager15getResourceHashERK6StringPK15LogicJSONObject,0xe8
0x229ee4,_ZN5titan4java4lang5ClassC2EP8_jobject,0xbc
0x229fa0,_ZN5titan3com6google7android4play4core6review10ReviewInfoC2EP8_jobject,0xbc
0x22a05c,_inflateEnd_0,0x8c
0x22a0e8,_ZN12FriendsPopup17backButtonPressedEv,0xc
0x22a0f4,_u_terminateUChars_58,0x50
0x22a144,_Z11fadeToScalef,0x10
0x22a154,_ZNK9LogicData10getValueAtEi,0x3c
0x22a190,_ZNK6icu_5820UnicodeSetStringSpan11spanNotUTF8EPKhi,0x22c
0x22a3bc,_ZN26LogicGameModeVariationData8destructEv,0x28
0x22a3e4,_ZN15ResourceManager14removeListenerER16ResourceListener,0x104
0x22a4e8,_ZNK22LogicLocationThemeData20getIndestructibleSCWEi,0x18
0x22a500,_ZNK12RenderSystem19getLeftTilesVisibleEv,0x58
0x22a558,_ZN15LeaderboardPage13createEntriesEP18LeaderboardMessage,0x980
0x22aed8,_ZN25PurchaseConfirmationPopup6updateEf,0x178
0x22b050,_ZNK19TeamInvitationPopup12getPopupTypeEv,0x8
0x22b058,_ZThn96_N24AllianceJoinRequestPopup13buttonClickedEP12CustomButton,0x8
0x22b060,_ZNK18LogicCharacterData18getHomeScreenScaleEv,0x8
0x22b068,_ZN22scThreadSafeRingBuffer10signalExitEv,0x34
0x22b09c,_ZNKSt6__ndk110__function6__funcIZN11scTaskQueue3runIZN8TestCase17getStagePointSizeEvE4$_11EENS_13invoke_resultIT_JEE4typeES7_EUlvE_NS_9allocatorISA_EEFvvEE7__cloneEv,0x38
0x22b0d4,_ZN25TeamBotSlotDisableMessage14setChangedSlotEib,0x10
0x22b0e4,_ZN18LogicAnimationData11setFileNameERK6String,0x88
0x22b16c,_ZN26RankedMatchBanEndedMessage6decodeEv,0x144
0x22b2b0,_lzham_get_version,0x8
0x22b2b8,_ZN23PublishPlayerMapMessage6decodeEv,0x28
0x22b2e0,_ZN17LogicPetrolServer6igniteEP28LogicGameObjectManagerServeri,0x130
0x22b410,_ZN8Databind23NlohmannJsonInReflector17reflectNextStringERK6String,0x4
0x22b414,_ZN9LogicData8destructEv,0x54
0x22b468,_ZNK6Effect8getTileZEv,0x64
0x22b4cc,_ZN12TencentLoginD2Ev,0x58
0x22b524,_ZNK17MapPreviewMessage14getMessageTypeEv,0x8
0x22b52c,_ZN17DataLoaderTexture27getPreferredFileForPlatformEPKc,0x12c
0x22b658,_ZNKSt6__ndk110__function6__funcIZN11AndroidMain10_gameStartEvE4$_14NS_9allocatorIS3_EEFvvEE6targetERKSt9type_info,0x1c
0x22b674,_ZNK19LogicProjectileData26getAppliedEffectVisualTypeEv,0x8
0x22b67c,_Java_com_supercell_titan_GameApp_createGameMain,0xd6c
0x22c3e8,_ZN24LoginUsingSessionMessage18getServiceNodeTypeEv,0x8
0x22c3f0,_u_memcasecmp_58,0x40
0x22c430,_ZN14OfferTimerItemD2Ev,0x10
0x22c440,_ZN9TeamPopup4isMeEPK9LogicLong,0x30
0x22c470,_ZN13UIListHandlerD2Ev,0x100
0x22c570,_ZN6icu_5812PropNameData15getPropertyNameEii,0x138
0x22c6a8,_ZNK15LogicItemServer14shouldDestructEv,0x40
0x22c6e8,_ZN11LogicPlayer13removeXpBonusEi,0xf0
0x22c7d8,_ZN16DataGainListenerD0Ev,0x24
0x22c7fc,_ZNSt6__ndk110__function6__funcIZN11AndroidMain18onSurfaceDestroyedEvE3$_2NS_9allocatorIS3_EEFvvEE18destroy_deallocateEv,0x4
0x22c800,_ZN15HeroRewardPopup13onCloseButtonEv,0x44
0x22c844,_ZThn96_N25DeviceLinkEnterCodeScreen13buttonClickedEP12CustomButton,0x40
0x22c884,_ZN11SoundSystem9isPlayingEj,0x50
0x22c8d4,_ZN20LogicBattlePlayerMap10setMapNameEP6String,0x44
0x22c918,_ZN4Mesh11setMaterialEiP8Material,0x10
0x22c928,_ZN14SettingsScreen13buttonClickedEP12CustomButton,0x8f0
0x22d218,_ZN29TeamInvitationResponseMessageC2EiPK9LogicLongb,0x60
0x22d278,_ZN10PlayerIconC2EP9MovieClipP17PlayerDisplayData,0xdc
0x22d354,_ZN9NamePopup18checkMaxPixelWidthEv,0x60
0x22d3b4,_ZN13BattleLogItem6addBtnEP9MovieClipRK6StringS4_,0x64
0x22d418,_uloc_getISOCountries_58,0xc
0x22d424,_ZNK22LogicLocationThemeData15getBlocking2SCWEi,0x18
0x22d43c,_ZNK31TeamAllianceMemberInviteMessage14getMessageTypeEv,0x8
0x22d444,_ZNK14LogicPlayerMap10getMapNameEv,0x8
0x22d44c,_ZNK6icu_5817ResourceDataValue23getStringOrFirstOfArrayER10UErrorCode,0x244
0x22d690,_ZN23GetSeasonRewardsMessage6decodeEv,0x2c
0x22d6bc,_ZN11FlyParticle6updateEf,0x284
0x22d940,_ZN3GUI17showBadConnectionEv,0x1c
0x22d95c,_ZN20GameSelectableButtonD0Ev,0x64
0x22d9c0,_ZN6icu_5811Normalizer215getNFKCInstanceER10UErrorCode,0x20
0x22d9e0,_doInsertionSort,0x18c
0x22db6c,_ZN5titan3com9supercell5titan18GoogleAppLicensingC2EP8_jobject,0xbc
0x22dc28,_ZN20FriendSuggestionItem6updateEf,0x4
0x22dc2c,_ZNK14BattleLogEntry19getLocationGlobalIDEv,0x10
0x22dc3c,_ZNK14LogicSkillData20isPositionalTargetedEv,0x84
0x22dcc0,_ZN13QuestListItemC2EPK21LogicPlayerRewardDataS2_,0x24
0x22dce4,_ZN12OnlinePlayer13isReadyToPlayEv,0x30
0x22dd14,_ZNK8GameMain21isNativeDialogPendingEv,0x8
0x22dd1c,_ZN14BlingTextField19setParticlesEnabledEb,0x14
0x22dd30,_ZN17LogicSkinConfData14setSadLoopAnimERK6String,0x14
0x22dd44,_ZN10HomeScreen13chestsChangedEv,0x4
0x22dd48,_ZThn96_N15ProLeagueScreen13buttonClickedEP12CustomButton,0x8
0x22dd50,_ZNK13ShopBgElement11isScrollingEv,0x1c
0x22dd6c,_ZN13DisplayObject8getWidthEv,0x90
0x22ddfc,_ZN9OutStream7writeU8Eh,0x138
0x22df34,_ZL12createCircleRP28ShapeDrawBitmapCommandVertexRP22ShapeDrawBitmapCommandP7GLImagefff,0x25c
0x22e190,_ZN18LatencyTestSession18udpMessageReceivedEP14PiranhaMessage,0xe0
0x22e2b4,_ZN15LogicDataTables21getAllianceRoleByNameERK6StringP9LogicData,0x20
0x22e2d4,_ZN14BattleEndPopupD0Ev,0x24
0x22e2f8,_ZN27GoogleBillingRequestMessage6setTIDERK6String,0x8
0x22e300,_ZNK13QuestListItem17getGainedProgressEv,0x44
0x22e344,_ZN37LogicGemNameChangeStateChangedCommandC2Eii,0x40
0x22e384,_ZN25ClientCapabilitiesMessage8destructEv,0x24
0x22e3a8,_ZN11wendelstein18WendelsteinManager13clearEmittersEv,0x318
0x22e6c0,_ZN18HomePageTeamMember11onHeroReadyEb,0x8c
0x22e74c,_ZThn96_N9HeroPopup13buttonClickedEP12CustomButton,0x88
0x22e7d4,_ZN19SupercellIdCallback30createScidFriendsFromIdFriendsEP13_jobjectArray,0x19c
0x22e970,_ZNSt6__ndk110__function6__funcIZN11scTaskQueue3runIZN8TestCase17getVisibleButtonsEvE3$_3EENS_13invoke_resultIT_JEE4typeES7_EUlvE_NS_9allocatorISA_EEFvvEEclEv,0xa8
0x22ea18,_ZN5lzham12lzcompressor4node9add_stateEiiRKNS0_10lzdecisionERNS0_5stateEyj,0x298
0x22ecb0,_ZN29SetBlockFriendRequestsMessage6encodeEv,0x28
0x22ecd8,_ZN6icu_5814UnicodeFunctor16getStaticClassIDEv,0xc
0x22ece4,_ZNK12AllianceInfo9isLoadingEv,0x10
0x22ecf4,_ZN3GUI18scaleToScreenWidthEP9MovieClipbb,0xbc
0x22edb0,_ZN3GUI8showHintEP10GameButtonbRK6Stringb,0x3fc
0x22f1ac,_lzham_decompress_reinit,0x4
0x22f1b0,_ZN17SetCountryMessageC2Ev,0x34
0x22f1e4,_ZN23ProLeagueSeasonEndPopupC2EP30ProLeagueSeasonEndNotification,0x3c0
0x22f5a4,_ZN5titan3com9supercell2id8IdFriend7getNameEv,0x7c
0x22f620,_memory_access_detected,0x14
0x22f634,_ZNK18LogicCharacterData12getTileRangeEv,0x8
0x22f63c,_ZN15ProLeagueScreen6updateEf,0x2c
0x22f668,_Java_com_supercell_titan_GameApp_nOnSurfaceChanged,0x54
0x22f6bc,_ZN15ParticleEmitter12setBoneScaleEf,0x20
0x22f6dc,_ZN6Friend15setAllianceNameERK6String,0x8
0x22f6e4,_ZN15LaserBoxManager4initEv,0x10
0x22f6f4,_ZN6icu_5810UCharsTrie15findUniqueValueEPKtaRi,0x154
0x22f848,_ZL15stbi_gif_headerP4stbiP15stbi_gif_structPii,0x78c
0x22ffd4,_ZN17LogicGameModeUtil14isBattleRoyaleEi,0x18
0x22ffec,_ZN11wendelstein18SpawnConeComponent20spawnInitialVelocityERNS_8ParticleERNS_7EmitterERf,0x454
0x230440,_ZN31AskForBattleReplayStreamMessage6decodeEv,0x2c
0x23046c,_ZN11DragHandler9setBoundsEffff,0x24
0x230490,_ZN11Application25prepareAttributionMessageEv,0x278
0x230708,_ZN15LogicDataTables23getCollectBerserkEffectEv,0xc
0x230714,_ZN22KeepAliveServerMessage18getServiceNodeTypeEv,0x8
0x23071c,_ZN9CombatHUD11addUltiIconEv,0x90
0x2307ac,_ZN8CSVTable8addRowAtEP6CSVRowi,0x174
0x230920,_ZNK19LogicProjectileData26getMinimumDistanceForSreadEv,0x8
0x230928,_ZNK15LogicEffectData25getTextParentInstanceNameEi,0x10
0x230938,_ZN17LogicPetrolServerC2Eiiiiii,0x20
0x230958,_ZN9EventItem15setGameModeIconEP8DataIconi,0x88
0x2309e0,_ZN31LogicCancelPurchaseOfferCommand6decodeEP10ByteStream,0x4c
0x230a2c,_ZNK18AllianceWarMessage14getMessageTypeEv,0x8
0x230a34,_ZN31BattleLogReplayAvailableMessage6encodeEv,0x44
0x230a78,_ZN12LogicTileMap8fillGapsEPK13LogicTileDataiii,0x13d8
0x231e50,_ZNK19LogicAreaEffectData31getSameAreaEffectCanNotDamageMsEv,0x8
0x231e58,_ZN25EventSuggestionStreamItem21getGameModeBannerNameEi,0x94
0x231eec,_ZN27PurchaseSkinGroupOfferPopup15setSelectedSkinEPK13LogicSkinData,0x50
0x231f3c,_ZN18RevokeNotification6encodeEP15ChecksumEncoder,0x84
0x231fc0,_ZN10LoginState4exitEv,0x70
0x232030,_ZN12SkinListItem6updateEf,0x1dc
0x23220c,_ZNK17LogicResourceData9getRarityEv,0x10
0x23221c,_ZN5titan7android3app8Activity13startActivityERKNS0_7content6IntentE,0x124
0x232340,_ZN14LoginOkMessage18removeGamecenterIdEv,0x10
0x232350,_ZNK18LogicAccessoryData10getSubTypeEv,0x10
0x232360,_ZN33TencentCheckCanPayResponseMessage14addInstructionEP36LogicTencentAntiAddictionInstruction,0x158
0x2324b8,_ZN14TeamMemberItem18setVisibleOptionalEP9MovieClipb,0x10
0x2324c8,_ZNK9Character8getAngleEv,0x24
0x2324ec,_ZNK26RankedMatchBanEndedMessage14getMessageTypeEv,0x8
0x2324f4,_ZNK9MovieClip28findMovieClipsContainingNameERK6StringR14LogicArrayListINS_17MovieClipNameInfoEEb,0x1ac
0x2326a0,_ZN21GlobalChatLineMessage13setAvatarNameEP6String,0x8
0x2326a8,_ZN17LogicClientAvatar16setNameSetByUserEb,0xc
0x2326b4,_ZN11SkinPreview23getCurrentAnimationTextENS_5EntryE,0x154
0x232808,_ZN11LogicPlayer12playerHealedEib,0x4c
0x232854,_ZNSt6__ndk110__function6__funcIZN5titan7android5media11MediaPlayer18OnPreparedListener6invokeEP10_jmethodIDP13_jobjectArrayE3$_0NS_9allocatorISB_EEFvRN8safe_jni5ProxyES5_EED0Ev,0x4
0x232858,_ZN11FlyParticle15updateParentPosEv,0xec
0x232944,_ZN34LogicProLeagueSeasonChangedCommand8destructEv,0x24
0x232968,_ZN19DisconnectedMessage6encodeEv,0x28
0x232990,_ZNK10BattleMode15isInOfflineGameEv,0x44
0x2329d4,_ZN9EmoteIcon11selectIfCanEi,0x124
0x232af8,_ZN20LogicHeroSeenCommandC2Ev,0x34
0x232b2c,_ZN17MatchMakingPlayerC2Ev,0x4c
0x232b78,_ZN10IndexArray4readER12SCWFileInput,0x19c
0x232d14,_ZN18FacebookConnection13deleteRequestERK6String,0x14
0x232d28,_ZN17CreateGameMessage7setTypeEi,0x8
0x232d30,_ZN8GameMain12isBlurActiveEv,0x18
0x232d48,_compress,0xf8
0x232e40,_ZN6icu_5814RBBISetBuilder11addValToSetEPNS_8RBBINodeEj,0xa0
0x232ee0,_ZThn96_N18PlayerCountryPopup13buttonClickedEP12CustomButton,0x8
0x232ee8,_ZN26LogicMersenneTwisterRandom14copyValuesFromEPKS_,0x60
0x232f48,_ZN10LZMAReader4initERK14scMemoryHandlebb,0x2b8
0x233200,_ZN18ServerErrorMessageC2Ei,0x30
0x233230,_ZN9sc3dWorldD2Ev,0x1e4
0x233414,_ZNK15LaserBoxManager7Website10getHomeURLEv,0x6c
0x233480,_ZNK9TeamEntry16getBattlingOwnerEv,0x4c
0x2334cc,_ZN26UnlockAccountFailedMessageC2Ev,0x34
0x233500,_ZN21ChronosResourceHelperC2Ev,0xc
0x23350c,_ZN17AllianceFullEntry22setAllianceHeaderEntryEP19AllianceHeaderEntry,0x8
0x233514,_ZN8Skeleton15beginUpdateMeshEP4MeshP11DynamicMesh,0x138
0x23364c,_ZN11LogicPlayer18setCooldownOnDeathEi,0x134
0x233780,_ZNKSt6__ndk110__function6__funcIZN32NativeFacebookConnectionCallback8userInfoERK6StringE3$_3NS_9allocatorIS6_EEFvvEE11target_typeEv,0xc
0x23378c,_ZN12TencentLogin10setWaitingEb,0x20
0x2337ac,_adler32_combine,0xc4
0x233870,_ZN21LogicBattleModeClient11setGameModeEi,0x8
0x233878,_ZN23AddFriendByEmailMessage8setEmailEP6String,0x8
0x233880,_ZN6icu_5811ReplaceableD2Ev,0x4
0x233884,_ZN10LogicGoals25getPrimaryRewardCountUpToEiiii,0xd0
0x233954,_ZNK34PurchaseOfferHighlightPopupHandler35sendAnalyticEventForActionInContextERK6Stringi,0x1c
0x233970,_ZN18sc3dPanPinchCamera14enablePinchingEb,0x24
0x233994,_ZN20LogicCharacterServer25setRadioactiveGlowSecondsEi,0x34
0x2339c8,_ZNK25SetCountryResponseMessage14getMessageTypeEv,0x8
0x2339d0,_ZN29scMultithreadedLoadingManager26setResourceGraphicsContextEP13OpenGLContext,0x64
0x233a34,_ZNK30UpdatePlayerMapResponseMessage14getMessageTypeEv,0x8
0x233a3c,_ZN16ServerConnection18removeGuestAccountENS_10ServerTypeE,0x110
0x233b4c,_ZN10ScrollArea15collisionRenderER9Matrix2x3,0x118
0x233c64,_ZL20utf8IteratorSetStateP13UCharIteratorjP10UErrorCode,0xe0
0x233d44,_ures_openNoDefault_58,0x18
0x233d5c,_ZNK32LogicDeviceLinkConfirmYesMessage12getAccountIDEv,0x8
0x233d64,_ZN9TextField23setInteractiveRecursiveEb,0xc
0x233d70,_ZN9BitStream13writeIntMax15Ei,0x8
0x233d78,_ZNK28RankedMatchBanStartedMessage14getMessageTypeEv,0x8
0x233d80,_ZNK19LogicResourceBundle18getFirstNon0AmountEv,0x30
0x233db0,_ZNSt6__ndk110__function6__funcIZN19EnvironmentRenderer6renderER9Matrix2x3R14ColorTransformifE3$_2NS_9allocatorIS7_EEFvvEE18destroy_deallocateEv,0x4
0x233db4,_ZN10SetupQuest6updateEf,0x298
0x23404c,_ZN18WaitingPopupRanked19setSelectedLocationEPK17LogicLocationDatab,0x220
0x23426c,_ZN31AntiAddictionDataUpdatedMessage6decodeEv,0x3c
0x2342a8,_ZN15ApiTokenMessage18getServiceNodeTypeEv,0x8
0x2342b0,_ZN16GameStateManager11createStateE7StateId,0xf4
0x2343a4,_ZN13MapEditorModeD2Ev,0x1a8
0x23454c,_ZN15LogicClientHome13setPlayerDataEP14LogicDailyData,0x54
0x2345a0,_ZN33RankedMidSeasonRewardNotification8destructEv,0x4c
0x2345ec,_ZNK14BattleEndPopup20isExitAfterTeamStateEv,0x50
0x23463c,_ZN6icu_5816RBBITableBuilder9sortedAddEPPNS_7UVectorEi,0xe8
0x234724,_ZNK25BindTencentAccountMessage18getTencentPlatformEv,0x8
0x23472c,_ZN17LogicLocationData16createReferencesEv,0x70
0x23479c,_ZN20LeaveAllianceMessageC2Ev,0x30
0x2347cc,_ZN9LogicTime6updateEff,0x1c
0x2347e8,_ZNK30JoinRequestAllianceStreamEntry6encodeEP15ChecksumEncoder,0x68
0x234850,_ZNK12NSCIDManager16getVersionSuffixEv,0x5c
0x2348ac,_ZN8TestCase18swipeAllDirectionsEP13DisplayObject,0x84
0x234930,_ZN12DecalManager8addDecalEiiiiiRK6String,0x190
0x234ac0,_ZN9sc3dWorld18removeObjectWith2DEP15sc3dWorldObject,0x8c
0x234b4c,_hb_font_funcs_set_glyph_h_advance_func,0x8c
0x234bd8,_Z27beforeGameLogicJavaCallBackv,0x48
0x234c20,_ZL17decompose_unicodePK31hb_ot_shape_normalize_context_tjPjS2_,0x30
0x234c50,_ZN23OfflineFriendInviteItem13buttonClickedEP12CustomButton,0x7c
0x234ccc,_stbi_info_from_memory,0x40
0x234d0c,_ZNK14TitanInputFile6isOpenEv,0x4
0x234d10,_ZN20LogicJSONInReflector35reflectNextReflectableReferenceBaseER29LogicReflectableReferenceBasei,0x1b0
0x234ec0,_ZNK6icu_5815ThaiBreakEngine23divideUpDictionaryRangeEP5UTextiiRNS_6UStackE,0x710
0x2355d0,_ZNK17LogicSkinConfData19getChargeMoveEffectEv,0x8
0x2355d8,_ZN5tween4Sine7easeOutEffff,0x44
0x23561c,_addExtensionToList,0x194
0x2357b0,_ZNK12LogicTileMap52isPlayerLineOfSightClearIgnoreDestructibleWithWeaponEiiii,0x30
0x2357e0,_ZN15UILoadMovieClipC2ERK6String,0x4c
0x23582c,_ZNSt6__ndk110__function6__funcIZN7GLImage6createEiiiPKh9ImageWrap11ImageFilterE3$_7NS_9allocatorIS7_EEFvvEE18destroy_deallocateEv,0x4
0x235830,_ZN7SCWFile18updateMergedJointsEv,0x3d4
0x235c04,_ZNK14AssetReference11getFragmentEv,0x8
0x235c0c,_ZN18LatencyTestSession5startEv,0x13c
0x235d48,_ZN18HomePageTeamMember26shouldShowPlayerStatusTextEP15TeamMemberEntry,0x6c
0x235db4,_ZNK14LogicSoundData16isBackgroundFileEi,0x18
0x235dcc,_ZN21LogicJSONOutReflector15reflectNextBoolEb,0x68
0x235e34,_ZN38TencentBillingProcessedByServerMessageC2Ei,0x74
0x235ea8,_ZN13HTTPMessaging20postResponseReceivedEPKvi,0x58
0x235f00,_ZN24UdpConnectionInfoMessageC2Ei,0x40
0x235f40,_ZN11hb_buffer_t12output_glyphEj,0xc0
0x236000,_ZN11RevokePopup18customButtonTappedEP10GameButtoni,0x64
0x236064,_ZNK10PlayerInfo10canPromoteEv,0x110
0x236174,_ZN17LogicGameModeUtil11hasTwoTeamsEi,0x24
0x236198,_ZNSt6__ndk110__function6__funcIZN19SupercellIdCallback19setTutorialCompleteEP8_jobjectE4$_11NS_9allocatorIS5_EEFvvEED0Ev,0x4
0x23619c,_uloc_getKeywordValue_58,0x34c
0x2364e8,_ZN18scFSLayerDirectory10removeFileEPKc,0x80
0x236568,_ZN25RankedMatchStartedMessage6encodeEv,0x54
0x2365bc,_ZN27LogicSelectStarPowerCommandC2Ev,0x30
0x2365ec,_ZN17LogicSkinConfData18setSignatureEffectERK6String,0x14
0x236600,_ZN21LogicBattleModeServer17addModeSpawnPointEiii,0x4
0x236604,_ZN18LogicHelpshiftData16createReferencesEv,0x88
0x23668c,_ZNK20NativeSCIDConnection16getVersionStringEv,0x8
0x236694,_ZN17LogicSkinConfData12setLobbyFaceERK6String,0x14
0x2366a8,_ZNK17LogicShopItemData23getRankedGoalQuestAssetEv,0x10
0x2366b8,_ZN15VanityItemEntry7getBoolEi,0x54
0x23670c,_ZN5titan3com9supercell5titan15UnbotifyManager11setKeyValueERK6StringS6_,0xb0
0x2367bc,_ZNKSt6__ndk110__function6__funcIZN14LineConnection5loginEvE3$_3NS_9allocatorIS3_EEFvbPKcPKN8linecorp4nova11CredentialsEPKNS9_5ErrorEEE7__cloneEPNS0_6__baseISG_EE,0x18
0x2367d4,_ZNK19AllianceMemberEntry6encodeEP10ByteStream,0xb4
0x236888,_ZNKSt6__ndk110__function6__funcIZN8TestCase6dragToER5TouchfE4$_17NS_9allocatorIS5_EEFvvEE7__cloneEPNS0_6__baseIS8_EE,0x40
0x2368c8,_ZNK16LogicStringTable13getLangColumnERK6String,0x60
0x236928,_ZN30LineAccountAlreadyBoundMessage23removeLogicClientAvatarEv,0x10
0x236938,_ZN15sc3dWorldSprite21updateRenderToTextureEv,0xc
0x236944,_ZN24PlayerMapStatusInfoPopupC2EPK14LogicPlayerMap,0x228
0x236b6c,_ZN20UdpBigMessageHandler20setMaxFragmementSizeEi,0x8
0x236b74,_ZNKSt6__ndk110__function6__funcIZN11AndroidMain14destroySurfaceEvE3$_3NS_9allocatorIS3_EEFvvEE11target_typeEv,0xc
0x236b80,_ZNK3GUI20hasPendingDataGainedEv,0x10
0x236b90,_ZN15DeeplinkManager15appendParameterERK6StringS0_S0_,0x10c
0x236c9c,_ZL18setup_masks_hangulPK18hb_ot_shape_plan_tP11hb_buffer_tP9hb_font_t,0x3c
0x236cd8,_ZNK11InputSystem12getTouchByIdEi,0x17c
0x236e54,_ZNK18LogicCharacterData14getAttackSoundEPK13LogicSkinData,0x44
0x236e98,_ZN28LogicGameObjectManagerServer26removeGameObjectReferencesEPK21LogicGameObjectServeri,0x3fc
0x237294,_ZN9EventData6decodeEP10ByteStream,0x544
0x2377d8,_ZN23TitanLoginFailedMessageC2Ei,0x30
0x237808,_ZNK36AppleBillingProcessedByServerMessage9getProdIdEv,0x8
0x237810,_ZN8GameMain22writeCSVNodeToFilePathEPK7CSVNodeRK6String,0x158
0x237968,_ZN8InStream7readUTFEPci,0x218
0x237b80,_ZN13TextureSystem14setTextureSizeEiii,0x20
0x237ba0,_ZN14BrawlTvManager31requestNextUpFromCurrentChannelEv,0x5c
0x237bfc,_ZN16StartGameMessageC2Ev,0x34
0x237c30,_ZN17ChatOptionsSlider17createOptionItemsEv,0x1ad0
0x239700,_ZN14BattleEndPopup24getCoopSurvivalExecutionEv,0x8a8
0x239fa8,_ZNK6scglTF8MeshData11getMaterialEv,0x8
0x239fb0,_ZN15TeamSearchPopup18customButtonTappedEP10GameButtoni,0x2e8
0x23a298,_utrie2_set32_58,0x98
0x23a330,_ZN15LogicItemClient6decodeEP9BitStreamib,0x254
0x23a584,_ZN7Popover17rotateToAlignmentEv,0x40c
0x23a990,_ZN19SupercellIdCallback23respondToDonationResultEP8_jobjectRK6StringS4_,0x250
0x23abe0,_ZNK9LogicData6hasTIDEv,0x50
0x23ac30,_ZN26ChangePlayerMapNameMessageC2Ev,0x3c
0x23ac6c,_ZN38LogicAccountTransferCodeRequestMessage18getServiceNodeTypeEv,0x8
0x23ac74,_ZN9sc3dWorld18addResourcesToLoadEP16ResourceListener,0x8
0x23ac7c,_ZN2OTL11match_classEjRKNS_7IntTypeItLj2EEEPKv,0x11c
0x23ad98,_ZN20LogicRawOutReflector25reflectNextObjectOptionalEb,0x58
0x23adf0,_ZN6FadeInD2Ev,0x1c
0x23ae0c,_ZN12LogicVector38destructEv,0xc
0x23ae18,_ZN28LogicClaimDailyRewardCommandC2Eii,0x40
0x23ae58,_ZNK21LogicBattleModeServer15getGameListenerEv,0x8
0x23ae60,_ZN34LogicDeviceLinkCodeResponseMessageC2Ev,0x4c
0x23aeac,_ZNK29LogicReflectableReferenceBase7isValidEv,0x20
0x23aecc,_ZN13TextureSystem11loadTextureEiiiiPKv9ImageWrap11ImageFilterRi,0x114
0x23afe0,_ZL24getBiDiPairedBracketTypeRK11IntPropertyi9UProperty,0x24
0x23b004,_ZN15LogicDataTables27getTotalHeroCountForProfileEPK13LogicHomeModeP13PlayerProfile,0x180
0x23b184,_ZN12UIStagePivot6handleEP5UICtxi,0x144
0x23b2c8,_ZN11LogicPlayer6setMVPEv,0xc
0x23b2d4,_ZN18LogicCharacterData17createReferences2Ev,0x4
0x23b2d8,_ZN28LogicClaimDailyRewardCommand7executeEP13LogicHomeModeib,0x120
0x23b3f8,_ZN10LogicGoals17isEventSlotLockedEii,0xc4
0x23b4bc,_ZNSt6__ndk110__function6__funcIZN7SCWFile4loadER12SCWFileInputE3$_0NS_9allocatorIS5_EEFvvEEclEv,0x1c
0x23b4d8,_ZN13HeroInfoPopup17backButtonPressedEv,0xc
0x23b4e4,_ZN19EnvironmentRenderer14removeImpostorEP15sc3dWorldObject,0xc8
0x23b5ac,_ZN14SettingsScreen21updateFBConnectButtonEP10GameButtonbb,0x70
0x23b61c,_ZN15DoubleCoinsItemC2EP4Shopbb,0x44c
0x23ba68,_ZN7Offline24getOfflineHeroUnlockModeEv,0x8
0x23ba70,_ZN12LogicVector310normalizeZEi,0x54
0x23bac4,_ZNK6icu_5814RBBISetBuilder20getNumCharCategoriesEv,0xc
0x23bad0,_ZNKSt6__ndk110__function6__funcIZN19EnvironmentRenderer6renderER9Matrix2x3R14ColorTransformifE3$_8NS_9allocatorIS7_EEFvvEE7__cloneEv,0x38
0x23bb08,_ZN13LogicConfData17isSupportDisabledEv,0x64
0x23bb6c,_ZN21LogicBattleModeServer15tickBasketBrawlEv,0x4
0x23bb70,_ZNK31LogicPurchaseDoubleCoinsCommand6encodeEP15ChecksumEncoder,0x4
0x23bb74,_ZThn96_N15PendingTeamItem13buttonClickedEP12CustomButton,0x8
0x23bb7c,_ZN15DeeplinkManager16destructInstanceEv,0x2c
0x23bba8,_ZN30DeletePlayerMapResponseMessageC2Ev,0x3c
0x23bbe4,_ZN23OfflineFriendInviteItemD0Ev,0x24
0x23bc08,_ZNK18LogicCharacterData14getDeathEffectEv,0x8
0x23bc10,_ZN10ByteStream11readBooleanEv,0x4c
0x23bc5c,_ZN14VideoAdManager16getActiveVideoAdEv,0x8
0x23bc64,_Java_com_supercell_titan_SupercellId_friendsFailed,0x8
0x23bc6c,_ZN8CSVSaver10countLinesEPK7CSVNode,0xcc
0x23bd38,_ZNKSt6__ndk110__function6__funcIZN19SupercellIdCallback23respondToDonationResultEP8_jobjectRK6StringS7_E4$_24NS_9allocatorIS8_EEFvvEE6targetERKSt9type_info,0x1c
0x23bd54,_ZNK20LogicBattlePlayerMap10getMapNameEv,0x8
0x23bd5c,_ZN12BattleScreen23cameraModeButtonPressedEv,0x40
0x23bd9c,_ZNKSt6__ndk110__function6__funcIZN6scglTF12_GLOBAL__N_111convertGLTFEP7SCWFileRKN2fx4gltf8DocumentERK6StringE3$_0NS_9allocatorISE_EEFvvEE6targetERKSt9type_info,0x1c
0x23bdb8,_ZN5lzham13CLZDecompBase19init_position_slotsEj,0x24
0x23bddc,_ZN12RenderSystem14touchCancelledEi,0x54
0x23be30,_ZN23CreateGameFailedMessage6decodeEv,0x2c
0x23be5c,_ZN5tween6Bounce6easeInEffff,0x3c
0x23be98,_ZN10UrlBuilder15getUrlAttributeERK6StringS2_,0xd0
0x23bf68,_ZN21GlobalChatLineMessage14removeAvatarIdEv,0x10
0x23bf78,_ZNK12ScMatrixBank17getColorTransformEi,0x18
0x23bf90,_ZN6icu_5813BreakIterator18createLineInstanceERKNS_6LocaleER10UErrorCode,0x20
0x23bfb0,_ZN21HighRateUdpSendBuffer6isFullEv,0x14
0x23bfc4,_ZN15AllianceManager13setIdSeenTimeEP10IdSeenLast,0x34
0x23bff8,_ZN16OnlineFriendItem18refreshSourceIconsEP9MovieClipP12OnlinePlayer,0x198
0x23c190,_ZN11scTaskQueue8getTasksEv,0x60
0x23c1f0,_ZN8MainPage6updateEf,0x44
0x23c234,_ZNK17LogicResourceData12getTextGreenEv,0x10
0x23c244,_ZN10RewardItemC2EP26ChampionshipChallengePopupP11RewardEntry,0x298
0x23c4dc,_nti_iterator_is_glyph_rtl,0x1c
0x23c4f8,_ZNK15LaserBoxManager21isCommunityTabEnabledEv,0x40
0x23c538,_ZN14LogicDailyData25setSkinSectionOffersStateEi,0xac
0x23c5e4,_ZN13HeroDataEntry8destructEv,0x40
0x23c624,_ZN26SetSupportedCreatorMessage6encodeEv,0x28
0x23c64c,_ZN24MatchMakingStatusMessage8destructEv,0x2c
0x23c678,_ZN22TeamClearInviteMessage8destructEv,0x30
0x23c6a8,_ZThn120_N8GameMain16onVideoAdStartedEv,0x4
0x23c6ac,_ZNK9LogicLong6isZeroEv,0x20
0x23c6cc,_ZN33TencentCheckCanPayResponseMessage18getServiceNodeTypeEv,0x8
0x23c6d4,_ZN10LogicGoals14getPlayerLevelEi,0xac
0x23c780,_ZN7SetText9isInstantEv,0x8
0x23c788,_ZN25LogicPurchaseOfferCommand7executeEP13LogicHomeModeib,0x22c
0x23c9b4,_ZN15PlayerScoreItem8destructEv,0x44
0x23c9f8,_ZNK6CSVRow22getClampedBooleanValueERK6Stringi,0x84
0x23ca7c,_ZN9BitStream12writeBooleanEb,0xc
0x23ca88,_ZN21RankedTeamSelectPopup15sortAndSetItemsEb,0x364
0x23cdec,_ZNSt6__ndk110__function6__funcIZN19SupercellIdCallback28donationReceivedNotificationEP8_jobjectS4_E4$_25NS_9allocatorIS5_EEFvvEEclEv,0xd4
0x23cec0,_ZNK17HighRateUdpSocket12getSessionIdEv,0x8
0x23cec8,_ZN9sc3dWorld10initLayersEv,0x3b8
0x23d280,_ZNK12TitanWebView9isVisibleEv,0xc
0x23d28c,_ZNSt6__ndk110__function6__funcIZN14LineConnection6logoutEvE3$_4NS_9allocatorIS3_EEFvbPKN8linecorp4nova5ErrorEEED0Ev,0x4
0x23d290,_ZZL14as_unique_voidIN11wendelstein12old_versions15EmitterParamsV0EENSt6__ndk110unique_ptrIvPFvPvEEEPT_ENUlS5_E_8__invokeES5_,0x38
0x23d2c8,_ZN25RankedMatchStartedMessage18getServiceNodeTypeEv,0x8
0x23d2d0,_ZN12SupercellSWF14cacheByteArrayEiPhb,0x78
0x23d348,_ZN10HomeScreen11getHomeModeEv,0x20
0x23d368,_ZN24HighRateUdpPacketHandlerC2EP17HighRateUdpSocketRK6StringS4_,0xd8
0x23d440,_ZNK18HighRateUdpMessage12isMoreRecentEi,0x48
0x23d488,_ZN14BrawlTvManager7zapOnceEv,0xc
0x23d494,_ZN7Shape3d17updateDrawCommandEPf,0x5c
0x23d4f0,_ZN9StatTableD0Ev,0xa0
0x23d590,_ZN12GameTestLoop11GetScenarioEv,0x8
0x23d598,_ZN25SupportCreatorItemHandler8onCreateEP16DropGUIContainerP9MovieClip,0x17c
0x23d714,_ZN22SCIDBindAccountMessage12setBindTokenEP6String,0x5c
0x23d770,_ZN14FriendsManagerC2Ev,0x9c
0x23d80c,_ZN21LogicGameObjectClient11setPositionEiii,0xc
0x23d818,_ZNK15ParticleEmitter10isFinishedEv,0x10
0x23d828,_ZNK12BattleScreen19shouldShowUltiStickEv,0x90
0x23d8b8,_ZN21LogicProjectileServer10setPrevPosEii,0x10
0x23d8c8,_ZN8xPlane3fC2EfRK7Vector3IfE,0x1c
0x23d8e4,_ZNKSt6__ndk110__function6__funcIZN8TestCase14getStageHeightEvE3$_9NS_9allocatorIS3_EEFivEE7__cloneEv,0x24
0x23d908,_ZN27LogicCooldownExpiredCommand6decodeEP10ByteStream,0x48
0x23d950,_ZN16DeviceLinkWindow30createScreenToOpenFromSettingsEv,0x8
0x23d958,_ZNK28UnbindFacebookAccountMessage14getMessageTypeEv,0x8
0x23d960,_ZN10ScrollArea13enablePanningEb,0xc
0x23d96c,_ZNK13DisplayObject12getBlendModeEv,0xc
0x23d978,_ZN10SCTuneImpl22removeAutoRefreshValueEP8ValueRef,0x130
0x23daa8,_ZNSt6__ndk110__function6__funcIZN19SupercellIdCallback27completeClaimShopItemResultEP8_jobjectRK6StringS7_E4$_23NS_9allocatorIS8_EEFvvEE7destroyEv,0x28
0x23dad0,_ZNK18LogicAccessoryData14getShieldTicksEv,0x10
0x23dae0,_ZN8Databind24NlohmannJsonOutReflector6addIntEi,0xb4
0x23db94,_ZN11Shape9SliceC2Eib,0x34
0x23dbc8,_ZL18decode_jpeg_headerP4jpegiRb,0xd24
0x23e8ec,_ZN10HomeScreen19rankUpRewardClaimedEiP13LogicGemOfferi,0x494
0x23ed80,_ZN14OfferTimerItemC2EP16LogicOfferBundle,0x10
0x23ed90,_ZNK6icu_5821RuleCharacterIterator5atEndEv,0x3c
0x23edcc,_ZN5titan3com9supercell5titan14HelpshiftTitan16setContactUsModeEi,0x74
0x23ee40,_ZN8TestCase12setWaitTimerEi,0x18
0x23ee58,_ZN10NativeFont15NativeFormatter22getLineCharacterOffsetEi,0x80
0x23eed8,_ZN14LogicDailyData19getPastSeasonToShowEPK13LogicHomeMode,0x12c
0x23f004,_ZNKSt6__ndk110__function6__funcIZ39Java_com_supercell_titan_Kakao_loggedInE3$_0NS_9allocatorIS2_EEFvvEE6targetERKSt9type_info,0x1c
0x23f020,_ZN20LogicCharacterServer14throwCarryableEiib,0x4
0x23f024,_ZN15DataLoaderFlash6reloadEl,0x4
0x23f028,_ZNK6Shader15setUniformFloatEif,0x14
0x23f03c,_ZNK17LogicClientAvatar14isItemSelectedEPK13LogicCardData,0x9c
0x23f0d8,_ZN15AllianceManager15setFriendAsSeenEPK9LogicLong,0x8
0x23f0e0,_hb_buffer_get_glyph_infos,0x14
0x23f0f4,_ZN6icu_5810UCharsTrie4nextEPKti,0x1e4
0x23f2d8,_ZThn96_N11EmotesPopup13buttonClickedEP12CustomButton,0x70
0x23f348,_ZNKSt6__ndk110__function6__funcIZZN11AndroidMain18onSurfaceDestroyedEvENK3$_2clEvEUlvE_NS_9allocatorIS4_EEFvvEE7__cloneEPNS0_6__baseIS7_EE,0x18
0x23f360,_ZN19LogicMappedCSVTable8setTableEPK8CSVTable,0x8
0x23f368,_ZN8Databind15JSONInReflector9getStringERK6StringS3_,0x64
0x23f3cc,_ZNK11LogicPlayer19getShotsOnGoalSavedEv,0x3c
0x23f408,_uprv_convertToPosix_58,0x104
0x23f50c,_ZN4Rect8addPointEff,0x44
0x23f550,_ZN7FadeOut6updateEf,0x7c
0x23f5cc,_ucdn_paired_bracket_type,0x64
0x23f630,_ZN8Databind24NlohmannJsonOutReflector12reflectFloatEfRK6Stringf,0xc8
0x23f6f8,_ZNKSt6__ndk110__function6__funcIZN8TestCase11touchSpriteEP6SpriteE3$_2NS_9allocatorIS5_EEFvvEE7__cloneEv,0x60
0x23f758,_ZN15LogicJSONObject8destructEv,0x80
0x23f7d8,_ZNK17LogicClientAvatar9getHomeIdEv,0x8
0x23f7e0,_ZN9Messaging19setServerHelloTokenEPcm,0xd8
0x23f8b8,_ZN20LogicCharacterServer18triggerGiantGrowthEi,0x8
0x23f8c0,_ZL11kernComparePKvS0_,0x24
0x23f8e4,_Z3R16ti,0x20
0x23f904,_ZN22EsportTournamentsPopup24systemTeamInviteAcceptedEv,0xc
0x23f910,_ZNK18LogicAccessoryData13getAreaEffectEv,0x10
0x23f920,_ZN6icu_5823StringCharacterIteratorD2Ev,0x34
0x23f954,_hb_buffer_set_message_func,0x54
0x23f9a8,_ZNK11DragHandler7getMinYEv,0x60
0x23fa08,_ZN13StringBuilder6appendERK6Stringii,0x244
0x23fc4c,_ZN8Sprite3D11renderSceneER11RenderQueuePK13SceneUniformsRK14ColorTransform,0x10c
0x23fd58,_ZN14BrawlPassPopup19getFirstCollectableEb,0x74
0x23fdcc,_ZN21LogicProjectileServer13runEarlyTicksEv,0x64
0x23fe30,_ZN8Selfhelp5closeEv,0x94
0x23fec4,_ZNK17LogicLocationData27getBannerOverrideExportNameEv,0x10
0x23fed4,_ZN7GLImageC2Ev,0x44
0x23ff18,_ZN20UdpBigMessageHandlerD2Ev,0x10c
0x240024,_ZN12LogicTileMap24fixNeighbourGapsInternalEiib,0xd14
0x240d38,_ZN14StreamItemList13buttonClickedEP12CustomButton,0x44
0x240d7c,_ZN9sc3dWorld22renderGeometryPseudo3DEiPK7Vector3IfEPK7Vector2IfERS2_fP7GLImageRK14ColorTransformi,0x368
0x2410e4,_uenum_nextDefault_58,0xcc
0x2411b0,_ZN14ChatStreamBaseC2Ev,0x10
0x2411c0,_ZNK17LogicDebugCommand14getDebugActionEv,0x8
0x2411c8,_ZN16DeviceLinkWindow13buttonClickedEP12CustomButton,0x78
0x241240,_ZN20LogicCharacterServer28setCharacterBuffingVariablesEiiii,0x1c
0x24125c,_ZNK32GoogleServiceAccountBoundMessage14getMessageTypeEv,0x8
0x241264,_ZN12RankingEntryC2Ev,0x1c
0x241280,_ZN20LogicCharacterServer15setCarryableAimEii,0x14
0x241294,_ZN15LogicJSONNumber11setIntValueEi,0x10
0x2412a4,_ZN11SoundSystem18isPlayingUserMusicEv,0x8
0x2412ac,_ZN11WaitForData6updateEf,0x3c
0x2412e8,_ZN8TestCase6scriptEv,0xc
0x2412f4,_hb_font_get_user_data,0x20
0x241314,_ZNK9PopupBase16isFadeOutEnabledEv,0x8
0x24131c,_Java_com_supercell_titan_UnityAdsTitan_nativeAdsError,0x1c
0x241338,_ZNSt6__ndk110__function6__funcIZN10SWFTexture4loadEP12SupercellSWFbibbbbRK6StringE3$_1NS_9allocatorIS8_EEFvvEED0Ev,0x4
0x24133c,_ZplbRK6String,0x88
0x2413c4,_ZN11Application26isSystemVersionSmallerThanEPKc,0x134
0x2414f8,_Z28decompressBlockTHUMB59TAlphajjPhS_iiii,0x24
0x24151c,_ZN18HomePageTeamMember11refreshItemEPK13LogicCardDatai,0x1bc
0x2416d8,_ZN12TitanWebView20setEdgeSpringEnabledEb,0x4
0x2416dc,_ZNK27SCIDLogoutAllDevicesMessage19getSupercellIdTokenEv,0x10
0x2416ec,_ZN12MovieClipRefC2EPK12SupercellSWFPKc,0x68
0x241754,_uloc_acceptLanguage_58,0x354
0x241aa8,_ZN13BattleLogItem13buttonClickedEP12CustomButton,0xf8
0x241ba0,_ZN24TicketRewardNotification6encodeEP15ChecksumEncoder,0x48
0x241be8,_ZN20FriendSuggestionItemC2EP13FriendsScreenP15SuggestionEntry,0x2d8
0x241ec0,_ZNK18LogicGemBundleData25getShopInfoItemExportNameEv,0x8
0x241ec8,_ZNK6icu_5813UnicodeString6toUTF8ERNS_8ByteSinkE,0x1cc
0x242094,_ZN30SCIDAccountAlreadyBoundMessage9setOpenIdEP6String,0x8
0x24209c,_ZN6icu_5822UCharCharacterIterator10setIndex32Ei,0xb0
0x24214c,_ZN26AllianceStreamEntryMessage6decodeEv,0x40
0x24218c,_ZNK20LogicCharacterServer12getBuffValueEi,0x8
0x242194,_ZN14TouchContainer12childRemovedEPK6SpritePK13DisplayObject,0x148
0x2422dc,_ZN21LogicGameObjectClient6decodeEP9BitStreamib,0x17c
0x242458,_ZN12LoginMessage11setAppStoreEi,0x8
0x242460,_ZN14UdpLaserSocket26setDisconnectedTimeSettingEf,0x8
0x242468,_ZN13HomePageGuide7refreshEP8HomePage,0x324
0x24278c,_hb_font_get_variation_glyph,0x24
0x2427b0,_ZN17EventDetailsPopupD0Ev,0x24
0x2427d4,_ZN30StartLatencyTestRequestMessageC2EP24LatencyTestConfiguration,0x58
0x24282c,_ZN6icu_586Locale6getPRCEv,0x24
0x242850,_ZN13SettingsPopup9popScreenEv,0xd0
0x242920,_ZN17LogicGameModeUtil21spectateAfterGameOverEi,0xc
0x24292c,_ZL19uloc_kw_nextKeywordP12UEnumerationPiP10UErrorCode,0x68
0x242994,_ZN18scWorkerPoolWorkerD2Ev,0x14
0x2429a8,_ZN33TencentAccountAlreadyBoundMessage15removeTencentIdEv,0x10
0x2429b8,_ZNKSt6__ndk110__function6__funcIZN19SupercellIdCallback13forgetAccountEP8_jobjectRK6StringS7_E3$_3NS_9allocatorIS8_EEFvvEE7__cloneEv,0x54
0x242a0c,_ZN23OfflineFriendInviteItem6updateEf,0x20
0x242a2c,_ZN21LogicProjectileServer25applyDamageSpecialEffectsEP20LogicCharacterServeriib,0x150
0x242b7c,_ZNK30LineAccountAlreadyBoundMessage14getMessageTypeEv,0x8
0x242b84,_u_memrchr32_58,0x10c
0x242c90,_ZN12TitanWebView6goBackEv,0xc
0x242c9c,_ZN15LogicDataTables23getSnakeOilPoisonEffectEi,0x30
0x242ccc,_ZNK12LogicVector26equalsEPKv,0x30
0x242cfc,_ZN23AddFriendByEmailMessage6decodeEv,0x34
0x242d30,_ZNK22LogicDataTableResource11getFileNameEv,0x8
0x242d38,_ZN11hb_buffer_t7move_toEj,0x13c
0x242e74,_ZN29FacebookAccountUnboundMessageC2Ev,0x30
0x242ea4,_ZN14DataLoaderSC3DD0Ev,0x24
0x242ec8,_ZNK6scPath8filenameEv,0x1cc
0x243094,_ZNSt6__ndk110__function6__funcIZN32NativeFacebookConnectionCallback18receivedAppRequestERK6StringE3$_4NS_9allocatorIS6_EEFvvEE18destroy_deallocateEv,0x3c
0x2430d0,_ZNSt6__ndk110__function6__funcIZN5titan3com6google7android4play4core5tasks18OnCompleteListener6invokeEP10_jmethodIDP13_jobjectArrayE3$_0NS_9allocatorISE_EEFvRN8safe_jni5ProxyENS8_4TaskEEE7destroyEv,0x4
0x2430d4,_ZNSt6__ndk110__function6__funcIZN11scTaskQueue3runIZN8TestCase20drawDebugPercentagesEvE4$_21EENS_13invoke_resultIT_JEE4typeES7_EUlvE_NS_9allocatorISA_EEFvvEEclEv,0x40
0x243114,_ZNK35AskForPlayingFacebookFriendsMessage14getMessageTypeEv,0x8
0x24311c,_ures_copyResb_58,0x1d8
0x2432f4,_ZNK12LoginMessage26getPreferredDeviceLanguageEv,0x8
0x2432fc,_ZN16BattleEndMessage19setGenericDummyDataEPS_,0x38
0x243334,_ZN22BindLineAccountMessageC2Ev,0x38
0x24336c,_ZN9QuestItem16setupQuestRewardEP9MovieClipPK9QuestData,0xac
0x243418,_ZN26ResourceRewardNotification8destructEv,0x28
0x243440,_ZN26AllianceStreamEntryMessage18getServiceNodeTypeEv,0x8
0x243448,_hb_shape_full,0x78
0x2434c0,_ZN13YoozooManager15clearSignInDataEv,0x8
0x2434c8,_ZN15ResourceManager15saveFingerprintEPK15LogicJSONObject,0x294
0x24375c,_ZN15LogicJSONHelper22debugCheckDuplicateKeyEPK15LogicJSONObjectRK6String,0x4
0x243760,_ZN11RenderQueue22setTransparentMaterialEP8MaterialNS_12OverrideModeE,0xc
0x24376c,_ZN19AllianceMemberEntryC2Ev,0x14
0x243780,_compare_bp,0x10
0x243790,_ZNK21LogicPlayerRewardData6encodeEP15ChecksumEncoder,0x7c
0x24380c,_ZN20scCryptoStreamFilterC2ERK5scKey,0x4c
0x243858,_ZNK5Scene15getMeshAnimatedEi,0x14
0x24386c,_ZNK12BattleScreen17getLogicToPixelsYEv,0x10
0x24387c,_ZN13LoadingScreen19createLoadingSplashEv,0x42c
0x243ca8,_ZN8HomePage22setSubMenuButtonTickerEP10GameButtonibPiPbb,0x140
0x243de8,_ZNK11BasePageGUI10isDraggingEv,0x10
0x243df8,_Java_com_supercell_titan_GameApp_nOnWindowFocusChanged,0x60
0x243e58,_ZN30ReportPlayerMapResponseMessage6encodeEv,0x44
0x243e9c,_ZN37SendAllianceInvitationToFriendMessage13setFacebookIdEP6String,0x8
0x243ea4,_ZN24IapDisclaimerItemHandler8onCreateEP16DropGUIContainerP9MovieClip,0xbc
0x243f60,_ZN13DisplayObject23setInteractiveRecursiveEb,0x4
0x243f64,_Java_com_supercell_titan_Kakao_loginFailed,0x1dc
0x244140,_ZN22LogicDayChangedCommandC2EP13LogicConfData,0x34
0x244174,_ZNK31AskForPlayingLineFriendsMessage14getMessageTypeEv,0x8
0x24417c,_ZN9MovieClip15setChildVisibleERK6Stringb,0xa8
0x244224,_ZN21JoinRequestStreamItem13buttonClickedEP12CustomButton,0x1a4
0x2443c8,_ZN20QuickChatStreamEntryC2Ev,0x34
0x2443fc,_ZN22LogicUnlockSkinCommand24getPriceBasedOnShopOfferEPK13LogicHomeModePK13LogicSkinData,0x5c
0x244458,_ZNSt6__ndk110__function6__funcIZN11scTaskQueue3runIZN7GLImage14updateSubImageEPKciiiiiiE4$_10EENS_13invoke_resultIT_JEE4typeES9_EUlvE_NS_9allocatorISC_EEFvvEE7destroyEv,0x4
0x24445c,_ZN6icu_586Locale15setKeywordValueEPKcS2_R10UErrorCode,0x6c
0x2444c8,_ZNK4Rect18getDistanceToPointERK7Vector2IfE,0x30
0x2444f8,_ZN32YoozooOrderDeliveryFailedMessage6decodeEv,0x68
0x244560,_ZN38TencentBillingProcessedByServerMessage8destructEv,0x48
0x2445a8,_ZN12InputTouches5clearEv,0xc
0x2445b4,_ZNK7Billing23isWaitingForTransactionEv,0x4
0x2445b8,_ZNK11LogicPlayer7getNameEv,0x8
0x2445c0,_ZN23SignoffPlayerMapMessage18getServiceNodeTypeEv,0x8
0x2445c8,_ucdn_get_general_category,0x68
0x244630,_ZL19setup_masks_myanmarPK18hb_ot_shape_plan_tP11hb_buffer_tP9hb_font_t,0x38
0x244668,_ZN17AnimationInstanceD2Ev,0x7c
0x2446e4,_ZN8HomeMode13updateLoadingEf,0x184
0x244868,_ZNSt6__ndk110__function6__funcIZN7GLImage6createEPKc9ImageWrap11ImageFilterE3$_0NS_9allocatorIS7_EEFvvEE7destroyEv,0x4
0x24486c,_ZN15PepperEncrypter17initializeMembersEv,0x18
0x244884,_ZNKSt6__ndk110__function6__funcIZN19SupercellIdCallback7friendsEP8_jobjectP13_jobjectArrayE4$_13NS_9allocatorIS7_EEFvvEE6targetERKSt9type_info,0x1c
0x2448a0,_ZN5titan7android2os5BuildC2EP8_jobject,0xbc
0x24495c,_ZN23PushNotificationService11getInstanceEv,0x6c
0x2449c8,_ZN10SCTuneImplC2Ev,0x9c
0x244a64,_ZNKSt6__ndk110__function6__funcIZN11scTaskQueue3runIZN8TestCase11touchSpriteEP6SpriteE3$_1EENS_13invoke_resultIT_JEE4typeES9_EUlvE_NS_9allocatorISC_EEFvvEE11target_typeEv,0xc
0x244a70,_ZN6Sprite19setVisibleRecursiveEb,0x60
0x244ad0,_ZN9NamePopupC2Ev,0x2c8
0x244d98,_ZN17LogicSkinConfData21setHeroScreenLoopAnimERK6String,0x14
0x244dac,_ZN12RefreshTitle6updateEf,0x64
0x244e10,_ZN6icu_5811ICU_Utility12appendNumberERNS_13UnicodeStringEiii,0x134
0x244f44,_ZNSt6__ndk110__function6__funcIZN29scMultithreadedLoadingManager6submitEP14scResourceDataRK18scResourceLoadInfoE3$_0NS_9allocatorIS8_EEFvvEE18destroy_deallocateEv,0x30
0x244f74,_Z6myopenPKcPjPPvS2_,0x84
0x244ff8,_utf8_appendCharSafeBody_58,0x18c
0x245184,_ZNKSt6__ndk110__function6__funcIZN19SupercellIdCallback11loadAccountEP8_jobjectRK6StringS7_S7_S7_bE3$_2NS_9allocatorIS8_EEFvvEE7__cloneEPNS0_6__baseISB_EE,0x60
0x2451e4,_ZN6scFile5closeEv,0x20
0x245204,_uhash_compareChars_58,0x54
0x245258,_ZN15DownloadManager21downloadDeferredFilesEv,0x104
0x24535c,_ZN24DataLoaderLayeredTexture16parseTextureDataERK6String,0x168
0x2454c4,_ZN17LogicGameCalendar10isLeapYearEi,0xc
0x2454d0,_ZN6icu_5813UnicodeString8fromUTF8ENS_11StringPieceE,0x28
0x2454f8,_ZThn8_N10SCTuneImpl9onConnectEP10Connection,0x1c
0x245514,_ZN13BattleLogItem11refreshTimeEb,0x554
0x245a68,_ZN13SceneRenderer17changeAnimationToEiif,0x5c
0x245ac4,_ZN23BindKakaoAccountMessage6decodeEv,0x5c
0x245b20,_ZN18sc3dPanPinchCamera13touchReleasedERK5Touch,0x6c
0x245b8c,_ZN14BillingManager24generateProductExtraDataEv,0x54
0x245be0,_ZNSt6__ndk110__function6__funcIZN11scTaskQueue3runIZ62Java_com_supercell_titan_TitanWebView_shouldOverrideUrlLoadingE3$_0EENS_13invoke_resultIT_JEE4typeES6_EUlvE_NS_9allocatorIS9_EEFvvEE18destroy_deallocateEv,0x4
0x245be4,_ZN16ByteStreamHelper19encodeLogicLongListEP15ChecksumEncoderPK14LogicArrayListIP9LogicLongE,0xc0
0x245ca4,_ZN8CSVSaverC2Ev,0x48
0x245cec,_ZN18LogicPlayerMapUtil25getPlayerDraftMapNumLimitEPK13LogicConfData,0x10
0x245cfc,_ZN9RankPopup9getFadeInEP10PlayerInfo,0x68
0x245d64,_ZN11LogicPlayer11goalsScoredEi,0xc
0x245d70,_x86_Convert,0x2f0
0x246060,_ZN17LogicHeroUpgradesC2Ev,0xc
0x24606c,_ZN14BlingTextField13initParticlesEv,0x224
0x246290,_ZN10HomeScreen17notEnoughDiamondsEv,0x84
0x246314,_ZN5Stage17constructInstanceEb,0x48
0x24635c,_res_countArrayItems_58,0x6c
0x2463c8,_ZN19DeviceLinkCodeInput9okPressedEv,0x34
0x2463fc,_ZN6icu_586Locale12initBaseNameER10UErrorCode,0xbc
0x2464b8,_ZN8HomePage12refreshScoreEb,0x14
0x2464cc,_ZN15BrawlPassButton13getRewardCodeEPK14LogicMilestoneb,0x50
0x24651c,_ZNK3GUI13hasDataGainedEP10DataGained,0x34
0x246550,_u_UCharsToChars_58,0x58
0x2465a8,_ZN20LogicRawOutReflector15reflectNextBoolEb,0x34
0x2465dc,_ZThn96_N13SettingsPopup13buttonClickedEP12CustomButton,0x50
0x24662c,_ZN15DownloadManager29invalidateOldChronosResourcesEiRKNSt6__ndk16vectorI6StringNS0_9allocatorIS2_EEEE,0x64
0x246690,_ZN34FacebookAccountAlreadyBoundMessage23removeLogicClientAvatarEv,0x10
0x2466a0,_ZN11TeamManager23promptForNewTeamMembersEf,0x2a0
0x246940,_ZN5Modal16updateCoordinateEv,0xa8
0x2469e8,_ZN22ShapeDrawBitmapCommand5setXYEiff,0x14
0x2469fc,_ZN35RespondToAllianceJoinRequestMessage13removeMessageEv,0x10
0x246a0c,_ZN11Application21verifyDeviceIntegrityEv,0x9c
0x246aa8,_ZN12NSCIDManager10openWindowERK6String,0x4c
0x246af4,_ZN11SkinPreview10setVisibleEb,0x48
0x246b3c,_ZN15EffectManager2D13removeEffectsEv,0x60
0x246b9c,_ZNSt6__ndk110__function6__funcIZN11AndroidMain9_gameStopEvE4$_17NS_9allocatorIS3_EEFvvEE18destroy_deallocateEv,0x4
0x246ba0,_ZN24AcceptTokenFriendMessage8destructEv,0x3c
0x246bdc,_ZN6icu_58L23enumPropertyStartsRangeEPKviij,0x20
0x246bfc,_ZNK16SpecialOfferItem13getOfferPanelEv,0x34
0x246c30,_ZN15LogicDataTables16isEmoteAvailableEPK14LogicEmoteDataP12ReleaseEntry,0x5c
0x246c8c,_ZN9InitState10setUpFontsER6String,0x114
0x246da0,_ZNK18AllianceWarFaction6encodeEP10ByteStream,0x44
0x246de4,_ZN4RectC2Effff,0xc
0x246df0,_ZN9ShopPopup12touchPressedERK5Touch,0x38
0x246e28,_ZN14MessageManager34sendLoginAttributionAnalyticsEventEv,0x258
0x247080,_stbi_is_hdr_from_memory,0xe8
0x247168,_ZN9EventData6encodeEP15ChecksumEncoder,0x334
0x24749c,_ZN43PurchaseSkinGroupOfferHighlightPopupHandler13setupOldPriceEP9MovieClip,0x2c
0x2474c8,_ZN21LogicBattleModeClient15setPlayerAvatarEPK17LogicClientAvatar,0x8
0x2474d0,_ZNK14TencentManager8getTokenEv,0x20
0x2474f0,_ZN19BrawlPassSeasonDataC2EP10ByteStream,0x124
0x247614,_ZN13YoozooManagerD0Ev,0x24
0x247638,_ZN27HomeBattleReplayDataMessage27setCompressedReplayDataJSONEPci,0x40
0x247678,_ZNK22LogicLocationThemeData16getTileSetPrefixEv,0x10
0x247688,_ZN14TouchContainer14touchCancelledEv,0xcc
0x247754,_ZL20preprocess_text_thaiPK18hb_ot_shape_plan_tP11hb_buffer_tP9hb_font_t,0x5b8
0x247d0c,_ZNK10ScrollArea10getXOffsetEv,0x1c
0x247d28,_ZN12LogicTileMap16initMapEditorMapEii,0xb8
0x247de0,_ZNK14PiranhaMessage17getEncodingLengthEv,0x30
0x247e74,_hb_ot_layout_collect_lookups,0xe0
0x247f54,_ZNK15LogicLocaleData31getLaserboxEsportsHubStagingUrlEv,0x48
0x247f9c,_ZN3GUI19scaleXToScreenWidthEP9MovieClipRK6Stringb,0xa8
0x248044,_ZNK17LogicLocalization11getCSVTableEi,0xc
0x248050,_ZN11FlyParticle9setParentEPK14GameObjectBase,0x8
0x248058,_ZN7Profile12ScopedTiming4rootEv,0x8c
0x2480e4,_ZN23RankedRewardsTrackPopup13buttonClickedEP12CustomButton,0x1f0
0x2482d4,_ZN29LogicGiveDeliveryItemsCommand14setForcedDropsEP11ForcedDrops,0x58
0x24832c,_ZN16LogicReflectable4saveEv,0x48
0x248374,_ZN12GemOfferItemD2Ev,0x19c
0x248510,_ZN26OfferPurchaseQuestionPopup20purchaseButtonTappedEv,0x21c
0x24872c,_ZN24LogicVideoStartedCommand8destructEv,0x28
0x248754,_ZN21LogicGameObjectServerC2EPK9LogicData,0x58
0x2487ac,_ZN20LogicCharacterServer13pauseMovementEv,0x40
0x2487ec,_CrcGenerateTable,0x108
0x2488f4,_ZNK20LogicCharacterServer15isGiantGrowthedEv,0x8
0x2488fc,_ZNK18LogicCharacterData14getBoneEffect2EPK13LogicSkinData,0x44
0x248940,_ZN8LogicMD59transformEPKci,0xa50
0x249390,_ZNK12BattleScreen16getSideMaskWidthEv,0x2c
0x2493bc,_ZN11BadgeSprite12setAnimationEi,0x14
0x2493d0,_ZNSt6__ndk110__function6__funcIZN11AndroidMain21inputSelectionChangedEiiE4$_11NS_9allocatorIS3_EEFvvEEclEv,0x1c
0x2493ec,_ZN17HighscoreHeroList7refreshEv,0xb8
0x2494a4,_uprv_compareInvAscii_58,0x100
0x2495a4,_ZN18WaitingPopupRanked19cancelButtonPressedEv,0x6c
0x249610,_ZN23LogicCharacterClientOwn26updateWithClientPredictionEiiP21LogicBattleModeClientf,0x604
0x249c14,_ZN20LogicCharacterServer10pathfindToEiiP12LogicVector2P15LogicPathFinderbbbb,0x1458
0x24b06c,_ZN14VideoAdManagerD2Ev,0x38
0x24b0a4,_uniset_getUnicode32Instance_58,0x8c
0x24b130,_ZN7Offline15setSelectedHeroEPK18LogicCharacterDataPK13LogicSkinData,0x4
0x24b134,_ZN21LogicPlayerRewardData6decodeEP10ByteStream,0x88
0x24b1bc,_ZN15DoubleDropPopup15findDoubledItemEP10GatchaDrop,0x58
0x24b214,_ZNK19StartMissionMessage14getMessageTypeEv,0x8
0x24b21c,_ZN11wendelstein21DecelerationComponent11applyForcesEPNS_8ParticleES2_P7Vector3IfES5_ff,0x180
0x24b39c,_ZN34PurchaseOfferHighlightPopupHandler8setTitleEP9TextField,0x16c
0x24b508,_ures_getUTF8StringByIndex_58,0x84
0x24b58c,_ZN14LogicPlayerMap12loadTemplateEP12LogicTileMap,0x208
0x24b794,_ZN15OfferBundleItem10sortOffersEP14LogicArrayListIP13LogicGemOfferEPFbS2_S2_E,0x1ac
0x24b940,_ZN20MovieClipSoundPlayerD2Ev,0x28
0x24b968,_Bt2_MatchFinder_Skip,0x1ac
0x24bb14,_ZN12EventCoinBar7refreshEP9EventData,0x1ac
0x24bcc0,_ZN8Databind15JSONInReflector15getNextIntArrayEP14LogicArrayListIiE,0x2ec
0x24bfac,_ZNK9LogicData10getIconSWFEv,0x8
0x24bfb4,_ZN11Application15getAppSignatureEv,0x224
0x24c1d8,_ZNKSt6__ndk110__function6__funcIZN7SCWFile4loadER12SCWFileInputE3$_0NS_9allocatorIS5_EEFvvEE11target_typeEv,0xc
0x24c1e4,_ZN17DebugCountryPopupD2Ev,0xc0
0x24c2a4,_utrie2_internalU8NextIndex_58,0xec
0x24c390,_ZN11BounceTweenD2Ev,0x14
0x24c3a4,_ZN15MovieClipHelper19resetTextFieldColorEP9TextField,0x14
0x24c3b8,_ZN30LineAccountAlreadyBoundMessage9setLineIdEP6String,0x8
0x24c3c0,_Z15printUnusedTidsv,0x2ac
0x24c66c,_ZN29LookForGameRoomRequestMessage6encodeEv,0x38
0x24c6a4,_ZN15ChatStreamEntry8destructEv,0x3c
0x24c6e0,_ZN23StarPointMigrationPopupD2Ev,0x4
0x24c6e4,_ZN5Items13canUnlockItemEPK13LogicCardData,0x68
0x24c74c,_ZN12RenderSystem25initLocationThemeElementsEPK17LogicLocationData,0x29b4
0x24f100,_ZN14LogicConditionC2Ev,0x10
0x24f110,_ZN12RenderTarget10readPixelsEPv,0x88
0x24f198,_ZN6icu_5816ReorderingBuffer6insertEih,0xec
0x24f284,_ZN17OnlineTeamupPopup13buttonClickedEP12CustomButton,0x31c
0x24f5a0,_ZN27BillingRequestFailedMessage6decodeEv,0x74
0x24f614,_ZN29TeamInvitationResponseMessageC2Ev,0x3c
0x24f650,_ZN8LogicMD510clearArrayEPci,0x30
0x24f680,_ZNSt6__ndk110__function6__funcIZN11scTaskQueue3runIZN11AndroidMain14destroySurfaceEvE3$_3EENS_13invoke_resultIT_JEE4typeES7_EUlvE_NS_9allocatorISA_EEFvvEEclEv,0x40
0x24f6c0,_ZNKSt6__ndk110__function6__funcIZN11AndroidMain16onSurfaceCreatedEP13ANativeWindowE3$_0NS_9allocatorIS5_EEFvvEE7__cloneEPNS0_6__baseIS8_EE,0x18
0x24f6d8,_ZN10SCTuneImplD2Ev,0x304
0x24f9dc,_ZN6icu_5813UnicodeString11padTrailingEit,0x120
0x24fafc,_ZN22AddFriendFailedMessageC2Ev,0x34
0x24fb30,_ZN14LogicDailyData22getBrawlPassSeasonDataEi,0x38
0x24fb68,_ZN24LogicExpressionEvaluator7compileERK6StringPK31IExpressionEvaluatorEnvironmentbb,0x400
0x24ff68,_ZNK37LogicDeviceLinkNewDeviceLinkedMessage13getDeviceNameEv,0x8
0x24ff70,_ZNK17LogicSkinConfData10getEnvAnimEv,0x10
0x24ff80,_ZN9LogicLong12getHigherIntEx,0x8
0x24ff88,_ZN4asio6detail17executor_function4implINS0_7binder1INS0_16range_connect_opINS_2ip3tcpENS_15any_io_executorENS5_22basic_resolver_resultsIS6_EENS0_25default_connect_conditionEZZN9Messaging7connectERK6StringSE_ENK3$_2clERKNSt6__ndk110error_codeES9_EUlSJ_RKT_E_EESH_EENSG_9allocatorIvEEE3ptr5resetEv,0x104
0x25008c,_ZN21LogicJSONOutReflector7addLongEx,0x5c
0x2500e8,_ZN15LogicClientHome20getFriendlyStarPowerEiPK18LogicCharacterData,0x8c
0x250174,_ZN22AccountSwitchedMessageC2Ei,0x38
0x2501ac,_ZN15AllianceManager9getIdSeenEP14LogicArrayListIP10IdSeenLastEPK9LogicLong,0x70
0x25021c,_ZNK14LogicPlayerMap9getHeightEv,0x24
0x250240,_ZN9RankPopup15scrollToPointerEv,0x7c
0x2502bc,_ZN19SupercellIdCallback18openSelfHelpPortalEP8_jobject,0x1d8
0x250494,_ZN9StatTableD2Ev,0x98
0x25052c,_UDataMemory_init_58,0x18
0x250544,_ZN14LogicDailyData15hasRelatedQuestEPK9EventData,0xe0
0x250624,_ZNK18LogicCharacterData15getFootstepClipEv,0x10
0x250634,_Z11lzham_tracePKcz,0x9c
0x2506d0,_ZN14TweenClipInOut6updateEf,0x18c
0x25085c,_ZN19BrawlTVWaitingPopup19cancelButtonPressedEv,0x3c
0x250898,_ZN24HighRateUdpPacketHandler23setHeartbeatTimeSettingEf,0x8
0x2508a0,_ZN14TitanInputFileC2EPKcS1_,0x10
0x2508b0,_ZN14BillingManager20retryPendingPurchaseEv,0x20
0x2508d0,_ZN15ParticleEmitterC2EPN11wendelstein27IWendelsteinParticleEmitterEiib,0x6c
0x25093c,_ZN5titan3com9supercell2id8IdFriend14getAvatarImageEv,0x7c
0x2509b8,_ZNK14LogicSoundData12getMinVolumeEi,0x18
0x2509d0,_ZNK7PageGUI11getPrevPageEv,0x24
0x2509f4,_ZN18LogicCharacterDataC2EP6CSVRowP14LogicDataTable,0xbc
0x250ab0,_ZN15FacebookManager4initERK6StringS2_,0x17c
0x250c2c,_ZN11ContextMenu45refreshSpectateStatusBasedOnFriendOnlineStateEv,0xcc
0x250cf8,_hb_set_add,0x30
0x250d28,_ZThn96_N29DeviceLinkSuccesfullOldScreen13buttonClickedEP12CustomButton,0x34
0x250d5c,_ZN11RadioButton19setRadioButtonStateEi,0x8c
0x250de8,_u_strchr32_58,0xe4
0x250ecc,_ZN6icu_5822RuleBasedBreakIterator12setBreakTypeEi,0x38
0x250f04,_ZN16DataGainListener18setProgressBarFillEP9MovieClipf,0x58
0x250f5c,_ZNSt6__ndk110__function6__funcIZ54Java_com_supercell_titan_GoogleServiceClient_onSignOutP7_JNIEnvP7_jclassE3$_1NS_9allocatorIS6_EEFvvEE18destroy_deallocateEv,0x4
0x250f60,_ZNKSt6__ndk110__function6__funcIZN11scTaskQueue3runIZN8TestCase20drawDebugPercentagesEvE4$_19EENS_13invoke_resultIT_JEE4typeES7_EUlvE_NS_9allocatorISA_EEFvvEE11target_typeEv,0xc
0x250f6c,_ZN27StarPowerRewardNotification6decodeEP10ByteStream,0x4c
0x250fb8,_hb_face_get_index,0x8
0x250fc0,_ZN22MessageDataStreamEntry8destructEv,0x24
0x250fe4,_ZN13UnbotifyTitan11setKeyValueEPKcS1_,0x58
0x25103c,_ZN15LogicItemServer19setTicksToNextStateEi,0x1c
0x251058,_ZN10NativeFont7setNameERK6String,0x8
0x251060,_ZN9BitStream22writePositiveIntMax127Ei,0x8
0x251068,_ZNKSt6__ndk110__function6__funcIZN19SupercellIdCallback11bindAccountEP8_jobjectRK6StringS7_S7_S7_bE3$_1NS_9allocatorIS8_EEFvvEE11target_typeEv,0xc
0x251074,_ZN21LogicBattleModeServer12getRandomIntEii,0x2c
0x2510a0,_ZNSt6__ndk110__function6__funcIZN11AndroidMain23startedFromNotificationERK6StringE3$_8NS_9allocatorIS6_EEFvvEE7destroyEv,0x8
0x2510a8,_uscript_hasScript_58,0xec
0x251194,_ZN23HomeBattleReplayMessageC2Ei,0x38
0x2511cc,_ZN16LogicSkillServer15getSkillCastPosEiiiiPK12LogicTileMapPK14LogicSkillDatabbP12LogicVector2ibiP11LogicPlayer,0xd00
0x251ecc,_ZN4WaitD2Ev,0x14
0x251ee0,_ZN14BrawlTvManager9switchOffEv,0xc
0x251eec,_ZNK11wendelstein19AbstractEmitterData13createEmitterEv,0x8
0x251ef4,_ZN12LocationItem15selectEventMod2Ev,0x18c
0x252080,_ZNSt6__ndk110__function6__funcIZN8TestCase20drawDebugPercentagesEvE4$_20NS_9allocatorIS3_EEFvvEE18destroy_deallocateEv,0x4
0x252084,_ZNKSt6__ndk110__function6__funcIZN11scTaskQueue3runIZN7GLImage6createEPKhi9ImageWrap11ImageFilterE3$_5EENS_13invoke_resultIT_JEE4typeESB_EUlvE_NS_9allocatorISE_EEFvvEE6targetERKSt9type_info,0x1c
0x2520a0,_ZN29UdpLatencyTestResponseMessage6decodeEv,0x50
0x2520f0,_ZN17MovieClipOriginal5cloneEPK12SupercellSWFPK4Rect,0x4
0x2520f4,_Z13isAlmostEqualffff,0x3c
0x252130,_ZN18TimedIntValueEntry8destructEv,0x8
0x252138,_ZNSt6__ndk110__function6__funcIZN19EnvironmentRenderer6renderER9Matrix2x3R14ColorTransformifE4$_11NS_9allocatorIS7_EEFvvEED0Ev,0x4
0x25213c,_ZNK18LogicAccessoryData16getLoopingEffectEv,0x10
0x25214c,_ZNKSt6__ndk110__function6__funcIZN11scTaskQueue3runIZN7GLImage6createEPKhi9ImageWrap11ImageFilterE3$_3EENS_13invoke_resultIT_JEE4typeESB_EUlvE_NS_9allocatorISE_EEFvvEE6targetERKSt9type_info,0x1c
0x252168,_udata_printError_58,0xa0
0x252208,_ZNK9CombatHUD12getChatAreaYEv,0x14
0x25221c,_ZN18QuitMapEditorPopup13buttonClickedEP12CustomButton,0x48
0x252264,_ZN18CharacterAnimationD0Ev,0x54
0x2522b8,_ZN4Shop14otherPopupOpenEv,0x38
0x2522f0,_ZN11UpgradeItem18displayInfoPopoverEP13DisplayObjectbib,0x194
0x252484,_ZN18SeasonRewardsPopup6updateEf,0x68
0x2524ec,_ZNK17LogicSkinConfData23getKillCelebrationSoundEv,0x8
0x2524f4,_ZNKSt6__ndk110__function6__funcIZN19SupercellIdCallback13friendsFailedEP8_jobjectE4$_15NS_9allocatorIS5_EEFvvEE6targetERKSt9type_info,0x1c
0x252510,_ZN15LogicDataTables28getAllDefaultRankedLocationsEP14LogicArrayListIPK17LogicLocationDataE,0x1c8
0x2526d8,_ZN6icu_5810CharString6appendEcR10UErrorCode,0x60
0x252738,_Z21transformPositionNEONiPKcPciiiiPK9xMatrix44iiR7Vector3IfES7_,0x188
0x2528c0,_ZN20GoogleServiceManagerD2Ev,0xec
0x2529ac,_ZN11StringTable20getLongestWordLengthERK6String,0x88
0x252a34,_ZN20CreatePlayerMapPopup14setupModeBgImgEPK26LogicGameModeVariationData,0x184
0x252bb8,_ZN24DataTableResourcesLoader23updateRuntimeCsvReloadsEv,0x4
0x252bbc,_ZN24DataTableResourcesLoader19clearClonedCSVNodesEv,0xa0
0x252c5c,_ZNK15ChecksumEncoder18isCheckSumOnlyModeEv,0x8
0x252c64,_ZL22set_myanmar_propertiesR15hb_glyph_info_t,0x1e4
0x252e48,_ZN13LogicItemData14isItemBaseTypeERK6String,0x48
0x252e90,_ZL26getMaxTotalFramesRecursiveP13DisplayObject,0x9c
0x252f2c,_ZN20LogicCharacterServer19setGrappleTargetPosEii,0x4
0x252f30,_ZN13AlliancePopup7setDataEP14PiranhaMessage,0x78
0x252fa8,_ZN8TestCase19getContainerButtonsEP12GUIContainer,0x13c
0x2530e4,_ZN22TeamMemberStatusButtonD0Ev,0x30
0x253114,_ZN13LogicHomeMode15loadingFinishedEv,0x8
0x25311c,_ZN14AllianceCreate7setDataEP14PiranhaMessage,0x4c
0x253168,_ZN25TeamSetMemberReadyMessageC2Ev,0x38
0x2531a0,_ZN14ScreenRecorder11isRecordingEv,0x8
0x2531a8,_ZNK14LogicSkillData14getSpawnedItemEv,0x8
0x2531b0,_ZN7SCWFile7getMeshEP8Geometry,0x34
0x2531e4,_ZNK16LogicOfferBundle20getHeroCountInRarityEii,0x80
0x253264,_ZN8HomePage22isFriendlyGameRoomOpenEv,0x10
0x253274,_ZN15FacebookManager21addFakeOfflineFriendsEv,0x4
0x253278,_ZN9HeroPopup8itemSeenEPK13LogicCardData,0x54
0x2532cc,_ZN11ContextMenu12instantCloseEv,0x64
0x253330,_ZN31KakaoAccountAlreadyBoundMessage12setPassTokenEP6String,0x8
0x253338,_ZNK12SupercellSWF15getTextureCountEv,0x8
0x253340,_ZN17DebugCountryPopup13buttonClickedEP12CustomButton,0xa0
0x2533e0,_ZN8HomePage8getEventEi,0x30
0x253410,_ZNK5Stage9isInStageEPK6Sprite,0x28
0x253438,_ZNKSt6__ndk110__function6__funcIZN19EnvironmentRenderer6renderER9Matrix2x3R14ColorTransformifE3$_1NS_9allocatorIS7_EEFvvEE6targetERKSt9type_info,0x1c
0x253454,_ZN12LogicVector28multiplyEPKS_,0x14
0x253468,_ZNK20LogicCharacterServer12getMoveAngleEv,0x8
0x253470,_ZN21LogicProjectileServerC2EPK19LogicProjectileData,0x130
0x2535a0,_ZNK12BattleScreen29isGameOverAndNeedCameraScrollEv,0x3c0
0x253960,_ZN8GoalList26getProgressBarAnimDurationEii,0x28
0x253988,_ZN10TestRunner17constructInstanceEP8TestCase,0xd0
0x253a58,_ZN17AllianceFullEntry6decodeEP10ByteStream,0x208
0x253c60,_ZThn96_N10InboxPopup13buttonClickedEP12CustomButton,0x70
0x253cd0,_ZN12scZstdReader8readBoolEv,0x28
0x253cf8,_ZN9RankPopup7refreshEb,0x2d4
0x253fcc,_ZNK10ScrollArea14isInScrollModeEv,0x8
0x253fd4,_ZN6icu_587UVector12sortedInsertEPvPFa8UElementS2_ER10UErrorCode,0x4
0x253fd8,_ZN13scResourceMap6deinitEv,0x34
0x25400c,_ZNK21LogicTutorialStepData13getAnimationYEv,0x10
0x25401c,_Z23herodataSort_rarityDescPK18LogicCharacterDataS1_,0x94
0x2540b0,_ZN18ServerHelloMessage6decodeEv,0x44
0x2540f4,_ZN25SupportCreatorItemHandlerC2Ev,0x58
0x25414c,_ZN20LogicRawOutReflector16reflectLongArrayER18LogicLongArrayListPKc,0x74
0x2541c0,_ZNK22scThreadSafeRingBuffer4readEPvm,0x224
0x2543e4,_ZN25LogicAvatarChangeListener8destructEv,0x4
0x2543e8,_ZN27AskForAddableFriendsMessage19removeGamecenterIdsEv,0x10
0x2543f8,_ZN15MovieClipHelper26setTextAndScaleIfNecessaryEP9TextFieldRK6Stringbb,0x268
0x254660,_ZN6icu_5817CharacterIteratoraSERKS0_,0xc
0x25466c,_ZN14LoginOkMessage18getUnbotifyEnabledEv,0x8
0x254674,_ZN14BrawlPassPopup14getNextBigItemEv,0x1a4
0x254818,_ZN8HomePage22setUpRankedModeElementEP9MovieClipb,0x84
0x25489c,_ZNK6icu_586Locale7getLCIDEv,0x8
0x2548a4,_ZNSt6__ndk110__function6__funcIZN19SupercellIdCallback16windowDidDismissEP8_jobjectE3$_0NS_9allocatorIS5_EEFvvEE18destroy_deallocateEv,0x4
0x2548a8,_ZNK20SetEncryptionMessage11getNonceLenEv,0x8
0x2548b0,_u_enumCharNames_58,0x194
0x254a44,_ZN9OutStream11writeToFileEPKc,0x6c
0x254ab0,_ZN15ResourceManager16isResourceLoadedERK6String,0x14
0x254ac4,_ZNK6icu_5813UnicodeString11countChar32Eii,0x68
0x254b2c,_ZN13UIListHandler14refreshEntriesEP5UICtxi,0x90
0x254bbc,_ZNKSt6__ndk110__function6__funcIZN11Character3D6updateEfE3$_0NS_9allocatorIS3_EEFvvEE7__cloneEPNS0_6__baseIS6_EE,0x18
0x254bd4,_ZN5Stage15getCustomShaderEi,0x40
0x254c14,_ZN6icu_5810UnicodeSet9matchRestERKNS_11ReplaceableEiiRKNS_13UnicodeStringE,0x180
0x254d94,_ZN12LogicVector39normalizeEi,0xd0
0x254e64,_ZN8Debugger7warningEPKc,0x118
0x254f7c,_ZN12MovieClipRefC2EPK9MovieClip,0x80
0x254ffc,_ZNK23ChronosEventSeenMessage14getMessageTypeEv,0x8
0x255004,_ZN37GoogleBillingProcessedByServerMessage8destructEv,0x48
0x25504c,_ZN34FacebookAccountAlreadyBoundMessage12setAccountIdEP9LogicLong,0x8
0x255054,_ZN29AvatarNameChangeFailedMessage9setReasonEi,0x8
0x25505c,_ZNK10GameObject8getTileZEv,0x8
0x255064,_ZN26ChampionshipChallengePopup20displayBuyLivesPopupEv,0x8c
0x2550f0,_ZN28UdpLatencyTestRequestMessageC2Ev,0x3c
0x25512c,_uiter_previous32_58,0x7c
0x2551a8,_ZN9UdpSocketD2Ev,0xc4
0x25526c,_ZN12NSCIDManager18isTutorialCompleteEv,0x5c
0x2552c8,_ZN15MapEditorScreen9initItemsEv,0xf8
0x2553c0,_ZNK10AreaEffect18getLogicAreaEffectEv,0x4
0x2553c4,_ZNK5Scene15getMeshGeometryEi,0x14
0x2553d8,_ZN10PlayerInfo15createHeroItemsEv,0x2d8
0x2556b0,_ZN16ServerConnection18setForceOpenIdBindEb,0xc
0x2556bc,_ZNK18LogicClientGlobals19getWallAnimateCycleEb,0x18
0x2556d4,_ZN12scFilesystem7refreshEv,0x7c
0x255750,_ZN19GameSliderComponentC2EP9MovieClipS1_S1_b,0x2dc
0x255a2c,_ZN21LogicBattleModeServer11tickPetrolsEv,0x1b8
0x255be4,_Java_com_supercell_titan_NativeFacebookManager_facebookUserInfo,0x34
0x255c18,_ZN29RankedMatchPickStartedMessage12removePlayerEv,0x10
0x255c28,_ZN9xMatrix443setERK7Vector3IfEfS3_fS3_fS3_f,0x54
0x255c7c,_ZN19LogicResourceBundle8destructEv,0x8
0x255c84,_ZN8ItemIcon12getStarPowerEv,0xc
0x255c90,_ZN6icu_5817CharacterIteratorD0Ev,0x4
0x255c94,_ZN24SetInvitesBlockedMessageC2Eb,0x38
0x255ccc,_ZN24RankedLeaderboardsScreen20refreshRankedModeTabEP9MovieClipbRK6String,0x6c
0x255d38,_ZN22LaserDataLoaderTexture15TextureModifier20getTextFromOperationENS0_9OperationE,0x10
0x255d48,_ZN10NativeFont22setFallbackSystemFontsEPK6Stringib,0x1c8
0x255f10,_ZN19SuggestBrawlerPopupD0Ev,0x24
0x255f34,_lzham_z_inflate,0x4
0x255f38,_ZN20LogicCharacterServer13addCcImmunityEi,0x4
0x255f3c,_ubidi_isJoinControl_58,0x90
0x255fcc,_ZN14LogicDataTable16createReferencesEv,0x54
0x256020,_ZN20UnlockAccountMessage8destructEv,0x94
0x2560b4,_ZN15LogicJSONHelper11getIntArrayEPK15LogicJSONObjectRK6StringP14LogicArrayListIiE,0x390
0x256444,_ZNK18LogicCharacterData16hasMuchHitpointsEv,0x8
0x25644c,_ZN43PurchaseSkinGroupOfferHighlightPopupHandler16getRemainingTimeEv,0x50
0x25649c,_ZN15LogicStringUtil13byteArrayCopyEPciPKcii,0x10
0x2564ac,_ZN14ColorTransform11setAddColorEfff,0x88
0x256534,_ZN7rg_etc115pack_etc1_blockEPvPKjRNS_16etc1_pack_paramsE,0x1408
0x25793c,_utrace_exit_58,0x108
0x257a44,_ZN6SCTune17constructInstanceEb,0xdc
0x257b20,_ZN27BrawlTvChannelNextUpMessage6decodeEv,0xb8
0x257bd8,_ZN14BrawlPassPopup19updateSeasonEndTimeEv,0x2a4
0x257e7c,_ZN15AllianceManager8isIdSeenEP14LogicArrayListIP10IdSeenLastEPK9LogicLong,0xac
0x257f28,_ZN9MovieClip21gotoAndPlayFrameIndexEii,0x78
0x257fa0,_ZN12LogicVector26rotateEi,0x54
0x257ff4,_ZNK6scFile17validateSignatureEb,0x130
0x258124,_ZN18LogicCarryableData12resetStaticsEPK8CSVTable,0x4b8
0x2585dc,_ZN17LogicClientAvatarC2Ev,0x1c0
0x25879c,_u_toupper_58,0x14
0x2587b0,_ZN19SuggestBrawlerPopup10addSubpageEP13DisplayObject,0x4
0x2587b4,_ZN15LogicDataTables19getObtainableEmotesER14LogicArrayListIPK14LogicEmoteDataEPK13LogicHomeModePK18LogicCharacterData,0x3f8
0x258bac,_ZNK10DataGained8getValueEv,0x8
0x258bb4,_ZN10ByteStream19getVLongSizeInBytesEx,0x154
0x258d08,_ZN21LogicBattleModeServer17tickBallModeResetEi,0x4
0x258d0c,_ZNSt6__ndk110__function6__funcIZN19EnvironmentRenderer6renderER9Matrix2x3R14ColorTransformifE3$_7NS_9allocatorIS7_EEFvvEE7destroyEv,0x4
0x258d10,_ZN7GLImage12getCachePathEPKc,0x280
0x258f90,_ZN27ClaimRankRewardPopupHandler10setupPriceEP9MovieClip,0x60
0x258ff0,_ZN9EmoteIcon8setInUseEb,0x18
0x259008,_ZN10HTTPClientD2Ev,0x144
0x25914c,_ZN11CountryItemD0Ev,0x34
0x259180,_ZN22PurchaseBrawlPassPopup14setupBuyButtonERK6Stringii,0x88
0x259208,_ZNK9CombatHUD18getAccessoryStickYEv,0x14
0x25921c,_ZN20UdpBigMessageHandler22createMessageFragmentsEP14PiranhaMessage,0x250
0x25946c,_ZN11GameWebView13goToUrlOnSiteEiRK6String,0xfc
0x259568,_ZN24TextInputVirtualKeyboard7setTypeE12KeyboardType,0x8
0x259570,_ZN10LoginState6updateEff,0x90
0x259600,_ZNK6icu_5821DictionaryBreakEngine7handlesEii,0x48
0x259648,_u_memset_58,0x70
0x2596b8,_ZltRK7Vector2IfES2_,0x3c
0x2596f4,_ZN4Shop14isSeasonalSkinEPK13LogicSkinDatai,0x4c
0x259740,_ZN8LogicMD56decodeEPiPKcii,0x158
0x259898,_ZN5titan3com9supercell5titan18PushMessageServiceC2EP8_jobject,0xbc
0x259954,_hb_set_del_range,0x48
0x25999c,_ZNK22LogicRankedMatchPlayer6encodeEP10ByteStream,0xf4
0x259a90,_ZNK26LogicVanityItemSeenCommand14getCommandTypeEv,0x8
0x259a98,_ZNKSt6__ndk110__function6__funcIZZN11AndroidMain16onSurfaceChangedEiiENK3$_1clEvEUlvE_NS_9allocatorIS4_EEFvvEE7__cloneEv,0x38
0x259ad0,_ZNKSt6__ndk110__function6__funcIZN19SupercellIdCallback14connectedGamesEP8_jobjectP13_jobjectArrayE4$_16NS_9allocatorIS7_EEFvvEE7__cloneEPNS0_6__baseISA_EE,0x20
0x259af0,_ZNKSt6__ndk110__function6__funcIZN8GameMain14loadAssetAsyncERK6StringbE3$_0NS_9allocatorIS6_EEFvvEE7__cloneEv,0x4c
0x259b3c,_ZThn96_N16RankedPlayerItem13buttonClickedEP12CustomButton,0x8
0x259b44,_ZN8Debugger17getMiniStacktraceEv,0x40
0x259b84,_ZN14StreamItemList16setLastSeenEntryEPK11StreamEntry,0x10
0x259b94,_ZNK19AllianceMemberEntry17getLastOnlineTimeEv,0x8
0x259b9c,_ZNK12BattleScreen18isEditingAccessoryEv,0x8
0x259ba4,_ZN14LogicMapLoader16populateMetaDataERK6String,0x2c8
0x259e6c,_ZN8HomeMode16loadNextResourceEv,0x60
0x259ecc,_ZN10InboxPopup11refreshTabsEv,0x2c
0x259ef8,_ZN7GLImage14generateMipmapEv,0x78
0x259f70,_ZN13HomePageGuide24getHighlightedHeroInListEv,0x2c
0x259f9c,_ZN7Offline18handleDebugCommandEP17LogicDebugCommand,0x8
0x259fa4,_ZN16DeviceLinkWindowD2Ev,0xdc
0x25a080,_ZL20getMaxValueFromShiftRK11IntProperty9UProperty,0x8
0x25a088,_ZN17TeamInviteMessage6encodeEv,0x44
0x25a0cc,_ZN6CSVRow14addStringValueERK6Stringi,0x58
0x25a124,_ZN18AllianceMemberItem11updateEntryEP19AllianceMemberEntry,0x50
0x25a174,_ZN8Databind15JSONInReflector9pushStackEv,0x33c
0x25a4b0,_ZN17LogicSkinConfData12setIntroFaceERK6String,0x14
0x25a4c4,_ZN13EffectManager24endPlaybackAndStopSoundsEi,0x7c
0x25a540,_ZNKSt6__ndk110__function6__funcIZN19SupercellIdCallback13forgetAccountEP8_jobjectRK6StringS7_E3$_3NS_9allocatorIS8_EEFvvEE11target_typeEv,0xc
0x25a54c,_ZN28PlayerMapGreenlightedMessage8destructEv,0x24
0x25a570,_ZN8TestCase11updateInputEv,0x4
0x25a574,_ZNK29LogicGiveDeliveryItemsCommand6encodeEP15ChecksumEncoder,0x118
0x25a68c,_ZN22DeletePlayerMapMessage6encodeEv,0x28
0x25a6b4,_ZN16SelectableButtonC2Ev,0x34
0x25a6e8,_ZZN11SkinPreviewC1EvENK3$_0clERKNSt6__ndk14pairIPK18LogicCharacterDataNS1_6vectorIPK13LogicSkinDataNS1_9allocatorIS9_EEEEEESF_,0x2e8
0x25a9d0,_ZN13scResourceMap4initEv,0x4
0x25a9d4,_ZNSt6__ndk110__function6__funcIZN8TestCase11touchSpriteEP6SpriteE3$_1NS_9allocatorIS5_EEFvvEE7destroyEv,0x4
0x25a9d8,_ZNK23SignoffPlayerMapMessage20getMapOwnerAccountIdEv,0x8
0x25a9e0,_ZN18FacebookConnection16appRequestDialogERK6StringS2_S2_S2_,0x14
0x25a9f4,_ZN23LineAccountBoundMessage13setResultCodeEi,0x8
0x25a9fc,_ZN12scZstdReader12readIntArrayEiPi,0xf4
0x25aaf0,_ZN27PlayerMapInfoUpdatedMessage6decodeEv,0x6c
0x25ab5c,_ZN16AddFriendMessage16getReasonDetailsEv,0x8
0x25ab64,_ZN15LogicPathFinder19isClearPathInternalEiiiiibbb,0x158
0x25acbc,_ZN17LogicClientAvatar21commodityValueChangedEiPK9LogicDataiii,0x18
0x25acd4,_ZN5Stage16createParentListEPK13DisplayObjectPiPK6Sprite,0x180
0x25ae54,_ZN6scPathdVERKS_,0x74
0x25aec8,_ZN8Databind24NlohmannJsonOutReflector16reflectLongArrayER14LogicArrayListIxERK6String,0x104
0x25afcc,_ZN34LogicDeviceLinkCodeResponseMessage6decodeEv,0x94
0x25b060,_lv1_root_detect_tamper_action__ZL15parse_proc_mapsPKcS0_PFviE,0x4c
0x25b288,_ZN7Profile12ScopedTiming3popEv,0x2c
0x25b2b4,_ZN17LogicGameCalendar14calculateMonthEib,0x1ec
0x25b4a0,_ZN14AllianceSearch12refreshTitleEP18DecoratedTextField,0x30
0x25b4d0,_ZNSt6__ndk110__function6__funcIZN7GLImage14updateSubImageEPKhiiiE3$_9NS_9allocatorIS5_EEFvvEED0Ev,0x4
0x25b4d4,_ZN30UpdatePlayerMapResponseMessage12setErrorCodeEi,0x8
0x25b4dc,_ZN19BattleEndTeamMemberD0Ev,0x40
0x25b51c,_hb_ot_layout_language_find_feature,0x2a8
0x25b7c4,_ZN8Sprite3D6resumeEv,0xc
0x25b7d0,_ZN10EmotePanelC2EPK18LogicCharacterDataP9MovieClip,0x2e8
0x25bab8,_ZN24DebugHudMessageCollector18forceStartPrintingEv,0x90
0x25bb48,_ZN11FontManager13setSystemFontERK6StringS2_jjjjj,0x4c4
0x25c00c,_ZN18sc3dAttachedSprite14touchCancelledEi,0x44
0x25c050,_ZN36AppleBillingProcessedByServerMessage6decodeEv,0x98
0x25c0e8,_ZN9LogicMath6mulDivEiii,0xb0
0x25c198,_ZN17LogicBattleEmotes6decodeEP10ByteStream,0x70
0x25c208,_ZNK7PageGUI12getPageCountEv,0xc
0x25c214,_ZNK12LogicVector316getLengthSquaredEv,0x8c
0x25c2a0,_ZN11wendelstein20MovieClipEmitterDataD2Ev,0x110
0x25c3b0,_ZN7BillingD2Ev,0x98
0x25c448,_ZN18sc3dAttachedSprite16setClampToScreenEbPK4Rect,0x4c
0x25c494,_ZN16BattleEndMessage8destructEv,0x2dc
0x25c770,_ures_getName_58,0x10
0x25c780,_ZNK23NameChangeQuestionPopup15showResourceHUDEv,0x8
0x25c788,_ZN6icu_5810UnicodeSet20applyPropertyPatternERKNS_13UnicodeStringERNS_13ParsePositionER10UErrorCode,0x454
0x25cbdc,_ZNK14LogicMapLoader15getTileMetadataEii,0x4c
0x25cc28,_ZNK14AssetReference12getMovieClipEv,0x24
0x25cc4c,_ZN15LogicDataTables18getCharacterByNameERK6StringPK9LogicData,0x20
0x25cc6c,_ZN15StageBucketRectC2Ev,0xc
0x25cc78,_ZN18sc3dPanPinchCamera17resetPanningSpeedEv,0x1c
0x25cc94,_ZNK12GUIContainer15setChildVisibleERK6Stringb,0x48
0x25ccdc,_ZL12repTextCloseP5UText,0x3c
0x25cd18,_ZN14BattleEndPopup5stackEP14LogicArrayListIP13DisplayObjectEf,0xd4
0x25cdec,_ZNK5Stage18getGradientTextureEv,0x8
0x25cdf4,_ZN28RankedMatchHeroPickedMessageC2Ev,0x34
0x25ce28,_ZNK14BrawlPassPopup12getPopupTypeEv,0x8
0x25ce30,_ZN15LogicStringUtil9substringERK6Stringii,0x4
0x25ce34,_ZNK29FacebookAccountUnboundMessage14getMessageTypeEv,0x8
0x25ce3c,_ZNK18LogicGemBundleData12getGiftUsersEv,0x8
0x25ce44,_ZN17LogicGameModeUtil16healthBarsFillUpEi,0x10
0x25ce54,_ZN22LogicHelpOpenedCommand6decodeEP10ByteStream,0x4
0x25ce58,_ZN23MatchmakeRequestMessage8destructEv,0x30
0x25ce88,_ZN6icu_5810UnicodeSet12applyPatternERNS_21RuleCharacterIteratorEPKNS_11SymbolTableERNS_13UnicodeStringEjMS0_FRS0_iER10UErrorCode,0x9f0
0x25d878,_ZNK31PublishPlayerMapResponseMessage14getMessageTypeEv,0x8
0x25d880,_ZN16PlayerMapManagerD2Ev,0x118
0x25d998,_ZN18sc3dPanPinchCamera20setPinchingThresholdEf,0xc
0x25d9a4,_ZN11TeamManager16onTeamInvitationEP21TeamInvitationMessage,0x320
0x25dcc4,_ZNK5lzham12lzcompressor5state8get_costERNS_7CLZBaseERKNS_18search_acceleratorERKNS0_10lzdecisionE,0x3dc
0x25e0a0,_ZNK17LogicSkinConfData16getReloadingAnimEv,0x10
0x25e0b0,_ZNK18QuitMapEditorPopup25showTopHUDRightUnderModalEv,0x8
0x25e0b8,_ZN30SubmitPlayerMapResponseMessage12setErrorCodeEi,0x8
0x25e0c0,_Z11validateTidRK6StringS1_,0x1e8
0x25e2a8,_ZN15scFSFingerprint4loadERK6scFile,0x960
0x25ec08,_ZN12LocationItem15setGameModeIconEP8DataIconib,0xf8
0x25ed00,_ZN4Shop16scrollToGemPacksEv,0x10
0x25ed10,_ZN20LogicCharacterServer16setStartRotationEi,0x8
0x25ed18,_ZN11StringTable9getStringERK6String,0xa8
0x25edc0,_ZN19SupercellIdCallback22getPendingRegistrationEP8_jobject,0x1a8
0x25ef68,_ZN24EsportTournamentsWebView9isVisibleEv,0x18
0x25ef80,_ZN27LogicSelectCharacterCommand7executeEP13LogicHomeModeib,0xc8
0x25f048,_ZN15AllianceManager9getPlayerEP14LogicArrayListIP12OnlinePlayerEPK9LogicLong,0x68
0x25f0b0,_ZN11EmotesPopupC2EPK18LogicCharacterData,0x12c
0x25f1dc,_ZN16StartGameMessage6decodeEv,0x2c
0x25f208,_ZN21SetDeviceTokenMessage14getDeviceTokenEv,0x8
0x25f210,_ZN13ShaderUtility14loadShaderFileEPKc,0xcc
0x25f2dc,_ZN21LogicBattleModeServer14executeOneTickEP14LogicArrayListIP9BitStreamES2_,0x3f8
0x25f6d4,_ZNK9LogicData8getValueERK6Stringi,0xbc
0x25f790,_ZNK22LogicLocationThemeData26getChinaMapPreviewOverrideERK6String,0xf0
0x25f880,_ZN11LogicPlayer14boltsCollectedEi,0xc
0x25f88c,_ZN5titan3com9supercell5titan19GoogleServiceClient11isAvailableEv,0x7c
0x25f908,_ZN8Settings15getShootOpacityEv,0x98
0x25f9a0,_ZN13LogicGemOffer6isSameERKS_S1_,0x4c
0x25f9ec,_ZN5titan7android5media11MediaPlayerC2Ev,0x38
0x25fa24,_ZN12CustomButton23updateContinuousPressesEf,0xbc
0x25fae0,_ZNK11LogicAvatar14isAccountBoundEv,0x10
0x25faf0,_ZNK21LogicGameObjectClient14getDeathEffectEv,0x8
0x25faf8,_ZN21LogicAllianceRoleData8destructEv,0x2c
0x25fb24,_ZN8CSVTable15setBooleanValueEbRK6Stringi,0xf4
0x25fc18,_ZN23TeamInviteStatusMessage8destructEv,0x44
0x25fc5c,_ZN8Databind16JSONOutReflector16reflectNextFloatEf,0x64
0x25fcc0,_ZN14AllianceCreate12refreshTitleEP18DecoratedTextField,0x30
0x25fcf0,_ZN12BattleScreen11getInstanceEv,0xc
0x25fcfc,_ZNK13SettingsPopup12getPopupTypeEv,0x8
0x25fd04,_ZNK15MapEditorScreen9isBigTileEPK13LogicTileData,0x6c
0x25fd70,_ZN18scFSLayerDirectory7refreshEv,0x4
0x25fd74,_ZN22AskForBattleEndMessageC2Ei,0x3c
0x25fdb0,_ZN20LogicCharacterServer13activateSkillERK6Stringii,0x48
0x25fdf8,_ZNKSt6__ndk110__function6__funcIZN11AndroidMain15_gameBackgroundEvE4$_16NS_9allocatorIS3_EEFvvEE7__cloneEPNS0_6__baseIS6_EE,0x18
0x25fe10,_ZN17HighRateUdpPacket6encodeEP10ByteStreami,0x8
0x25fe18,_ZNKSt6__ndk110__function6__funcIZN11scTaskQueue3runIZN8TestCase10touchStageER5TouchE3$_5EENS_13invoke_resultIT_JEE4typeES9_EUlvE_NS_9allocatorISC_EEFvvEE7__cloneEPNS0_6__baseISF_EE,0x18
0x25fe30,_Bt4_MatchFinder_Skip,0x1f8
0x260028,_ZN9xMatrix44mLEf,0x24
0x26004c,_ZNK20PlayerMapDeletePopup28allowClosingFromModalTappingEv,0x8
0x260054,_ZN20LogicCharacterServer23setDefaultStartRotationEv,0x24
0x260078,_ZNSt6__ndk110__function6__funcIZN19SupercellIdCallback18openSelfHelpPortalEP8_jobjectE4$_12NS_9allocatorIS5_EEFvvEE7destroyEv,0x4
0x26007c,_ZN22LaserDataLoaderTexture4loadEPKcRKNSt6__ndk15arrayIiLm4EEE,0x2dc
0x260358,_ZNK18LogicClientGlobals15getIntValueSafeERK6Stringi,0x2c
0x260384,_ZN21UnbotifyReportMessage16removeReportDataEv,0x14
0x260398,_ZNKSt6__ndk110__function6__funcIZN11scTaskQueue3runIZN8TestCase17getStagePointSizeEvE4$_11EENS_13invoke_resultIT_JEE4typeES7_EUlvE_NS_9allocatorISA_EEFvvEE7__cloneEPNS0_6__baseISD_EE,0x18
0x2603b0,_ZN15sc3dWorldCameraC2Eff,0xdc
0x26048c,_ZN17LogicGameModeUtil32displayScoreAsNumberForBothTeamsEi,0x28
0x2604b4,_ZNK11InputSystem7isValidERK5Touch,0x20
0x2604d4,_ZN17AllianceTeamEntryC2Ev,0x20
0x2604f4,_ZN16DropGUIContainer13setScaledTextEPKcRK6Stringb,0x94
0x260588,_ZN8NewsPage27openCustomizableLandingPageEv,0x1e0
0x260768,_MatchFinder_Construct,0x104
0x26086c,_ZN12SupercellSWF9readShortEv,0xb0
0x26091c,_ZN10HomeScreen16setTopHudToPopupEb,0x68
0x260984,_ZN14SceneCharacter11updateScaleEv,0xa8
0x260a2c,_ZNKSt6__ndk110__function6__funcIZN8TestCase9touchDownEP13DisplayObjectE4$_14NS_9allocatorIS5_EEFvvEE6targetERKSt9type_info,0x1c
0x260a48,_ZNK11LineManager18hasLineLoginFailedEv,0x58
0x260aa0,_ZN20UnmuteChatStreamItemC2EP20QuickChatStreamEntry,0x230
0x260cd0,_ZN22ChronosResourceManager16getLocalizedTextEP16ChronosTextEntryRK6String,0x5c
0x260d2c,_uhash_removeAll_58,0xc8
0x260df4,_ZN15LogicClientHome21setHomeChangeListenerEP23LogicHomeChangeListener,0x58
0x260e4c,_ZN15LogicDataTables17getSkinConfByNameERK6StringPK9LogicData,0x20
0x260e6c,_ZNK9MovieClip18getFrameChildCountEi,0x34
0x260ea0,_ZN9LogicTime12increaseTickEv,0x10
0x260eb0,_ZN5Stage12unbindRenderEv,0x58
0x260f08,_ZNK13QuestListItem17getTargetProgressEv,0x4c
0x260f54,_ZNK24TitanDisconnectedMessage14getMessageTypeEv,0x8
0x260f5c,_ZNK25RankedMatchBanHeroMessage14getMessageTypeEv,0x8
0x260f64,_utrace_functionName_58,0x6c
0x260fd0,_ZNSt6__ndk110__function6__funcIZN11scTaskQueue3runIZN6scglTF12_GLOBAL__N_111convertGLTFEP7SCWFileRKN2fx4gltf8DocumentERK6StringE3$_0EENS_13invoke_resultIT_JEE4typeESI_EUlvE_NS_9allocatorISL_EEFvvEE7destroyEv,0x4
0x260fd4,_ZN32GoHomeFromOfflinePractiseMessageC2Ev,0x34
0x261008,_ZN8GameMain10mouseWheelEi,0x4
0x26100c,_ZN9BitStream21readPositiveIntMax255Ev,0x1dc
0x2611e8,_ZNK14PiranhaMessage23isServerToClientMessageEv,0x48
0x261230,_ZN11wendelstein27WendelsteinMovieClipEmitterC2EPKNS_7Emitter13EmitterParamsEPKNS_17MovieClipRenderer6ParamsERK14LogicArrayListI12MovieClipRefEi,0x174
0x2613a4,_ZN10ByteStream14ensureCapacityEi,0x80
0x261424,_ZN20LogicCharacterServer24bossTownCrusherUseSkillsEv,0x4
0x261428,_ZNKSt6__ndk110__function6__funcIZ42Java_com_supercell_titan_Kakao_loginFailedE3$_3NS_9allocatorIS2_EEFvvEE7__cloneEPNS0_6__baseIS5_EE,0x1c
0x261444,_ZNSt6__ndk110__function6__funcIZN32NativeFacebookConnectionCallback20loginFailedWithErrorERK6StringS5_E3$_0NS_9allocatorIS6_EEFvvEE18destroy_deallocateEv,0x28
0x26146c,_hb_buffer_set_replacement_codepoint,0x14
0x261480,_ZN25HeroLvlUpMaterialPackItem13markInspectedEv,0x38
0x2614b8,_ZN9EntryInfo11onHeroHappyEv,0x28
0x2614e0,_ZN14BattleLogPopup17backButtonPressedEv,0xc
0x2614ec,_ZN22BuyChallengeLivesPopupD2Ev,0x50
0x26153c,_ZN20GetPlayerMapsMessage8destructEv,0x4
0x261540,_ZNK18LogicAccessoryData17getSetAttackAngleEv,0x10
0x261550,_hb_face_set_index,0x14
0x261564,_ZN23PublishPlayerMapMessage18getServiceNodeTypeEv,0x8
0x26156c,_ZN7rg_etc110etc1_block13unpack_color4ERjS1_S1_tb,0x30
0x26159c,_ZN20HashTagCodeGenerator8destructEv,0x40
0x2615dc,_ZN35AllianceInvitationAvatarStreamEntryC2Ev,0x34
0x261610,_uenum_unextDefault_58,0x128
0x261738,_ZNK17LogicClientAvatar12getLoseCountEv,0x8
0x261740,_ZN36AskForPlayingSupercellFriendsMessage8destructEv,0x98
0x2617d8,_ZN27KunlunBillingRequestMessage18getServiceNodeTypeEv,0x8
0x2617e0,_ZN20LogicRawOutReflector12reflectFloatEfPKcf,0x6c
0x26184c,_ZN21DeviceLinkErrorScreen6updateEf,0x4
0x261850,_ZN17PlayerMapsMessage8destructEv,0x2c
0x26187c,_ZNK13LogicConfData11getIntValueEii,0x40
0x2618bc,_ZN5titan7android7content7ContextC2EP8_jobject,0xbc
0x261978,_ZN15sc3dWorldObject14touchCancelledEi,0x4
0x26197c,_build_tree,0x90c
0x262288,_ZN6icu_58L10expandNameEPNS_10UCharNamesEPKht15UCharNameChoicePct,0x200
0x262488,_ZN14DataLoaderJSOND2Ev,0x98
0x262520,_ZN6icu_5823UnicodeStringAppendable15appendCodePointEi,0xa0
0x2625c0,_Java_com_supercell_titan_SupercellId_respondToDonationResult,0x70
0x262630,_ZN10InputField11refreshTextEv,0x10
0x262640,_ZNK15GameSCIDManager22isSocialFeatureEnabledEv,0x88
0x2626c8,_ZNK17LogicClientAvatar17getChangeListenerEv,0x8
0x2626d0,_ZN13SceneRenderer9addEffectEPK15LogicEffectDatafff,0x84
0x262754,_ZNK29AuthenticationResponseMessage14getMessageTypeEv,0x8
0x26275c,_lzham_z_inflateReset,0x4
0x262760,_ZNK12scZlibFilter4tellEv,0x8
0x262768,_ZN17LocalNotification23addNotificationAbsoluteERK6StringS2_yS2_,0x254
0x2629bc,_ZN24ResourceReferenceManager16destructInstanceEv,0x38
0x2629f4,_ZN25TeamInviteResponseMessage18getServiceNodeTypeEv,0x8
0x2629fc,_ZN8Renderer15unprojectScreenERK7Vector3IfERK9xMatrix44S6_,0xf8
0x262af4,_ZN4Shop27isSeasonalSkinSectionBundleEPK16LogicOfferBundlei,0x68
0x262b5c,_ZN17LogicGameModeUtil19hasMoreThanTwoTeamsEi,0x24
0x262b80,_ZN6FilterD0Ev,0x4
0x262b84,_ZNK22LogicColorGradientData8getColorEi,0x10
0x262b94,_ZN6icu_5818Normalizer2Factory14getNFKC_CFImplER10UErrorCode,0x1c
0x262bb0,_ZN8Databind16JSONOutReflector17reflectNextStringERK6String,0x8c
0x262c3c,_u_forDigit_58,0x3c
0x262c78,_ZN19EnvironmentRenderer10renderTileERNS_4TileEf,0x1b0
0x262e28,_ref_library,0xd0
0x262ef8,_ZN18AllianceWarMessage11removeNodesEv,0x10
0x262f08,_ZNK14BrawlPassPopup10getScrollXEv,0xc
0x262f14,_ZN5titan3com9supercell5titan15PurchaseManager13updateDetailsEv,0x5c
0x262f70,_ZNK11SCIDManager14getNumAccountsEv,0x10
0x262f80,_ZN11StringTable29loadLocalizationFileResourcesEP17LogicLocalizationi,0xb8
0x263038,_ZNSt6__ndk110__function6__funcIZN19SupercellIdCallback11bindAccountEP8_jobjectRK6StringS7_S7_S7_bE3$_1NS_9allocatorIS8_EEFvvEE7destroyEv,0x38
0x263070,_ZNK17LogicGameCalendar6getDayEv,0x8
0x263078,_ZN16SpecialOfferItem14setupBestValueEP9MovieClipiiRK6Stringi,0x2d0
0x263348,_ZN14LobbyInfoEntry6encodeEP15ChecksumEncoder,0x80
0x2633c8,_ZN6icu_5814CjkBreakEngineD2Ev,0x7c
0x263444,_ZN12SupercellSWF7readIntEv,0xb0
0x2634f4,_ZN5titan3com9supercell5titan12TitanWebView23addSwipeRightRecognizerEv,0x7c
0x263570,_ZNK10StringView6equalsEPKc,0x5c
0x2635cc,_ZN10GameButton14touchCancelledEi,0x4
0x2635d0,_ZN43PurchaseSkinGroupOfferHighlightPopupHandler11getItemDescEv,0x94
0x263664,_ZN8TestCase9moveTouchER5TouchS0_S0_f,0x6a8
0x263d0c,_ZN20EndClientTurnMessage8destructEv,0xcc
0x263dd8,_ZN15ChecksumEncoder10writeInt24Ei,0x50
0x263e28,_ZNK34LogicPurchaseChallengeLivesCommand14getCommandTypeEv,0x8
0x263e30,_ZN5titan3com9supercell5titan12TitanWebViewC2Ev,0x38
0x263e68,_ZN34PurchaseOfferHighlightPopupHandler21formatSkinFeatureTextEPK13LogicSkinData,0x360
0x2641c8,_ZN6icu_5813UnicodeString5setToEaPKti,0x15c
0x264324,_ZN14GameInputField20setScaleTextIfNeededEb,0x24
0x264348,_ZL20utf8IteratorGetIndexP13UCharIterator19UCharIteratorOrigin,0x3cc
0x264714,_ZNSt6__ndk110__function6__funcIZN8TestCase17getStagePointSizeEvE4$_11NS_9allocatorIS3_EEFfvEE7destroyEv,0x4
0x264718,_ZN14BlingTextFieldD2Ev,0xe0
0x2647f8,_ZNSt6__ndk17__sort5IRZN20PlayerThumbnailPopup12refreshItemsEvE3$_0PPK24LogicPlayerThumbnailDataEEjT0_S8_S8_S8_S8_T_,0x130
0x264928,_ZN6icu_58L12isAcceptableEPvPKcS2_PK9UDataInfo,0x64
0x26498c,_ZThn96_N8GameMain14touchCancelledEi,0x4
0x264990,_ZNKSt6__ndk110__function6__funcIZN11scTaskQueue3runIZN8TestCase11touchSpriteEP6SpriteE3$_1EENS_13invoke_resultIT_JEE4typeES9_EUlvE_NS_9allocatorISC_EEFvvEE7__cloneEv,0x38
0x2649c8,_ZN12LogicCommand8destructEv,0x14
0x2649dc,_ZN13LogicSkinData16setSignatureFaceERK6String,0x8
0x2649e4,_ZN34PurchaseOfferHighlightPopupHandler18setUpHighlightItemEiP9MovieClip,0x774
0x265158,_ZN30ReportPlayerMapResponseMessage13setResultCodeEi,0x8
0x265160,_ZN18LogicMapEditorMode16addHighlightTileEP9LogicTile,0x16c
0x2652cc,_ZN11StringTable9getLocaleEv,0xc
0x2652d8,_ZN24FriendSuggestionsMessage18getServiceNodeTypeEv,0x8
0x2652e0,_ZN17LogicRankedSeason10setNameTIDEP6String,0x44
0x265324,_hb_buffer_set_user_data,0x38
0x26535c,_ZN9CombatHUD27setDefaultAccessoryPositionEv,0xdc
0x265438,_ZN9EntryInfo13touchReleasedERK5Touch,0xa0
0x2654d8,_ZN12LogicTileMap18recalculateBouncesEP21LogicBattleModeServer,0xdc
0x2655b4,_ubrk_first_58,0xc
0x2655c0,_ZN21DeviceLinkErrorScreen10poppedBackEv,0x64
0x265624,_ZNK9LogicTile27isDestroyableWithWeaponTypeEb,0x74
0x265698,_ZN17TeamPostAdMessage18getServiceNodeTypeEv,0x8
0x2656a0,_ZN28DeviceLinkConfirmationScreenD2Ev,0xa0
0x265740,_ZN26LogicVanityItemSeenCommand10canExecuteEPK13LogicHomeModePK9LogicData,0x64
0x2657a4,_ZNK12scKeyManager6getKeyERKNSt6__ndk15arrayIhLm32EEE,0xa0
0x265844,_ZN16KeepAliveMessage6decodeEv,0x4
0x265848,_ubidi_getProcessedLength_58,0x30
0x265878,_ZN8Databind14IDatabindTable15deleteChildNodeEPNS_16DatabindTreeNodeE,0xbc
0x265934,_ZNK3GUI14getSocialPopupEv,0x98
0x2659cc,_u_strCompare_58,0x2c
0x2659f8,_ZN4Game10gameOnStopEv,0x74
0x265a6c,_ZNK12RenderSystem9getShakeYEv,0x8
0x265a74,_ZN20LogicHeroSeenCommand6decodeEP10ByteStream,0x44
0x265ab8,_deflateInit2_,0x2f4
0x265dac,_ZN37SendAllianceInvitationToFriendMessageC2Ei,0x34
0x265de0,_ZN9ExecutionD2Ev,0x4
0x265de4,_ZNK15LogicJSONString18getStringReferenceEv,0x8
0x265dec,_ZNKSt6__ndk110__function6__funcIZN19SupercellIdCallback24clearPendingRegistrationEP8_jobjectE3$_5NS_9allocatorIS5_EEFvvEE6targetERKSt9type_info,0x1c
0x265e08,_ZN15MovieClipHelper20autoAdjustChildTextsEP6Spritebbb,0x15c
0x265f64,_ZN16ImpostorMaterial9setShaderEP6Shader,0xd8
0x26603c,_ZN20LogicCharacterServer14tickStarPowersEv,0x4
0x266040,_ZN18LoginFailedMessageC2Ev,0xb0
0x2660f0,_ZN5titan3com9supercell5titan15UnbotifyManager6enableEbib,0x94
0x266184,_ZNK8CSVTable13getParentNodeEv,0x8
0x26618c,_ZN14BattleEndPopup28getSoundExDontUseMaxRepeatMSEPK14LogicSoundData,0x38
0x2661c4,_ZN33GetCurrentBattleReplayDataMessage18getServiceNodeTypeEv,0x8
0x2661cc,_ZN8Sprite3D19createDynamicMeshesEP8Skeleton,0x104
0x2662d0,_uprv_compareASCIIPropertyNames_58,0x118
0x2663e8,_ZN20StopHomeLogicMessage6encodeEv,0x4
0x2663ec,_ZN15LogicDataTables41getFirstEmoteForCharacterByBattleCategoryEiPK18LogicCharacterData,0xb4
0x2664a0,_ZN18FacebookConnection6logoutEv,0x4
0x2664a4,_ZN6icu_586Locale19getAvailableLocalesERi,0x68
0x26650c,_ZN12CounterTween8setStateEi,0x68
0x266574,_ZN10BattleMode18onSCIDWindowClosedEv,0x24
0x266598,_ZN13LayerSprite3DD2Ev,0x104
0x26669c,_ZN21LogicJSONOutReflector8endArrayEv,0xf4
0x266790,_ZN30FriendOnlineStatusEntryMessageC2EP9LogicLongP23FriendOnlineStatusEntry,0x44
0x2667d4,_ZN39LogicClearESportsHubNotificationCommand8destructEv,0x4
0x2667d8,_ZN21HighRateUdpSendBuffer21clearNotAckedMessagesEv,0x74
0x26684c,_ZN6icu_587UVector10addElementEiR10UErrorCode,0xc0
0x26690c,_u_setDataDirectory_58,0x90
0x26699c,_ZN13LogicLinkData16createReferencesEv,0x188
0x266b24,_hb_set_get_population,0x4c
0x266b70,_ZNSt6__ndk110__function6__funcIZN11AndroidMain15recreateSurfaceEvE3$_4NS_9allocatorIS3_EEFvvEE18destroy_deallocateEv,0x4
0x266b74,_ZN14MessageManager17sortLatencyReportEv,0x13c
0x266cb0,_ZNK9MovieClip14getNameOfChildEPK13DisplayObject,0x5c
0x266d0c,_ZNK14LogicJSONArray3getEi,0xc
0x266d18,_ZN8HomeMode10addCommandEP12LogicCommand,0x144
0x266e5c,_unorm2_hasBoundaryAfter_58,0xc
0x266e68,_ZL39getCameraCoordinateSystemTransformationN13SceneRenderer16CoordinateSystemE,0x11c
0x266f84,_ZN5Stage6renderEfb,0x2c0
0x267244,_ZN8Databind16JSONOutReflector9pushStackEv,0x33c
0x267580,_ZN24EsportTournamentsWebView17createStringParamERK6StringS2_,0xe4
0x267664,_ZN9Matrix2x37inverseEv,0x6c
0x2676d0,_ZN10ScrollArea20setPinchingThresholdEf,0x8
0x2676d8,_ZN11QuestsPopupD0Ev,0x98
0x267770,_ZN16PlayerMapManager20getReportResponseTIDEib,0x6c
0x2677dc,_ZN25HeroLvlUpMaterialPackItem13getFilterTypeEv,0x8
0x2677e4,_ZNK20LogicCharacterClient8isObjectEv,0x48
0x26782c,_ZN11InputSystem10touchMovedEP5Touchfff,0x108
0x267934,_ZN28BindGamecenterAccountMessage18getServiceNodeTypeEv,0x8
0x26793c,_ZNK19LogicProjectileData26getParentProjectileForSkinEv,0x8
0x267944,_ZNK10GameObject8getLogicEv,0x8
0x26794c,_ZNSt6__ndk110__function6__funcIZN7GLImage6createEPKhi9ImageWrap11ImageFilterE3$_2NS_9allocatorIS7_EEFvvEED0Ev,0x4
0x267950,_ZN13LogicJSONNullC2Ev,0x2c
0x26797c,_ZN19LogicProjectileData39getBoolValueForSkinFromParentProjectileEi,0x18
0x267994,_ZN12jpeg_decoder15read_dht_markerEv,0x62c
0x267fc0,_ZThn16_NK16YoozooLoginState6getTIDERK6String,0x18
0x267fd8,_ZN11QuestsPopup19displayQuestWithGmvEib,0x194
0x26816c,_ZN13PlayerProfile8destructEv,0x108
0x268274,_ZN11UIComponent4initEP5UICtx,0x7c
0x2682f0,_ZN12SoundManager9fadeMusicEfff,0x10
0x268300,_ZNKSt6__ndk110__function6__funcIZN11AndroidMain16onSurfaceCreatedEP13ANativeWindowE3$_0NS_9allocatorIS5_EEFvvEE6targetERKSt9type_info,0x1c
0x26831c,_ZNK17TeamCreateMessage14getMessageTypeEv,0x8
0x268324,_ZN16ClanMessagePopupD0Ev,0xe4
0x268408,_ZN9LogicTile15setOriginalDataEPK13LogicTileData,0x78
0x268480,_ZNK22SearchAlliancesMessage14getMessageTypeEv,0x8
0x268488,_ZN23AttributionEventMessageC2Ev,0x13c
0x2685c4,_ZNSt6__ndk110unique_ptrIN12_GLOBAL__N_123LaserEmitterDataFactoryENS_14default_deleteIS2_EEED2Ev,0x20
0x2685e4,_ZN9HTTPQueue16resetFailedItemsEv,0xc
0x2685f0,_ZNSt6__ndk110__function6__funcIZN8TestCase6dragToER5TouchfE4$_17NS_9allocatorIS5_EEFvvEED0Ev,0x4
0x2685f4,_stbi_load_from_memory,0x5c
0x268650,_ZNKSt6__ndk110__function6__funcIZN8TestCase17releaseStageTouchEvE3$_4NS_9allocatorIS3_EEFvvEE7__cloneEv,0x38
0x268688,_ZN5titan3com9supercell5titan13UnityAdsTitanC2EP8_jobject,0xbc
0x268744,_ZNKSt6__ndk110__function6__funcIZN11AndroidMain23startedFromNotificationERK6StringE3$_9NS_9allocatorIS6_EEFbvEE7__cloneEv,0x38
0x26877c,_ZN13EffectManagerD2Ev,0x194
0x268910,_ZNK29GetAllianceInviteTokenMessage14getMessageTypeEv,0x8
0x268918,_ZN14BattleEndPopup10getChildTFERK6String,0xe0
0x2689f8,_ZNKSt6__ndk110__function6__funcIZN29scMultithreadedLoadingManager6submitEP14scResourceDataRK18scResourceLoadInfoE3$_1NS_9allocatorIS8_EEFvvEE7__cloneEPNS0_6__baseISB_EE,0x18
0x268a10,_ZN15PlayAgainStatus10destroyIdsEP14LogicArrayListIP9LogicLongE,0xe0
0x268af0,_ZN14PiranhaMessageC2Eii,0x60
0x268b50,_ZN18LogicGatchaCommandC2Ev,0x30
0x268b80,_ZN32RankedMatchUpdateHeroDataMessage18getServiceNodeTypeEv,0x8
0x268b88,_ZN15sc3dWorldObject12touchPressedERK5Touch,0x8
0x268b90,_ZN6icu_58L22scriptExtensionsFilterEiPv,0x8
0x268b98,_Z17isSphereInFrustumRK7Vector3IfEfPK8xPlane3fj,0x68
0x268c00,_ZN24UnbindLineAccountMessage18getServiceNodeTypeEv,0x8
0x268c08,_ZN10DataGained19setParticleEndScaleEf,0x8
0x268c10,_ZN12EventTracker15createEventTextERK6StringS2_S2_,0x48
0x268c58,_ZNK18LogicAccessoryData18getSpeedBoostTicksEv,0x10
0x268c68,_unorm2_getInstance_58,0x4
0x268c6c,_ZN16ProgressBarTweenD2Ev,0x8c
0x268cf8,_ZNK22MapEditorModifierPopup28allowClosingFromModalTappingEv,0x8
0x268d00,_ZNK14TitanInputFile7getSizeEv,0x14
0x268d14,_ZN5Stage20resetRenderVariablesEv,0x98
0x268dac,_ZNK22LogicLocationThemeData31getFragileAngleStep_CN_OverrideEi,0x18
0x268dc4,_utrie2_isFrozen_58,0x10
0x268dd4,_ZNSt6__ndk110__function6__funcIZN19EnvironmentRenderer6renderER9Matrix2x3R14ColorTransformifE3$_5NS_9allocatorIS7_EEFvvEE7destroyEv,0x4
0x268dd8,_ZNSt6__ndk110__function6__funcIZN11wendelstein25makeEmitterParamsMigratorERKNS_6vectorINS_10shared_ptrINS2_17IEmitterComponentEEENS_9allocatorIS6_EEEEE3$_1NS7_ISC_EEFvRNS2_12old_versions15EmitterParamsV0ERNS2_7Emitter13EmitterParamsEEE7destroyEv,0xa0
0x268e78,_ZN31CafeBazaarBillingRequestMessage6encodeEv,0x68
0x268ee0,_ZThn96_N9CombatHUD13buttonClickedEP12CustomButton,0x8
0x268ee8,_ZN8CSVTable14setStringValueERK6StringS2_i,0xf4
0x268fdc,_ZN15GameSCIDManager26getExistingAvatarImageByIdERK6String,0x84
0x269060,_ZNK15SpriteToTexture8getWidthEv,0xc
0x26906c,_ZN15LogicDailyOfferC2Ev,0x10
0x26907c,_ZNK24LogicParticleEmitterData19getParticleResourceEi,0x10
0x26908c,_ZN15sc3dWorldObject22setWorldTransformDirtyEv,0x3c
0x2690c8,_ZNK12BattleScreen22getIntroCameraTimeLeftEv,0x50
0x269118,_ZNK14LogicPlayerMap8getLikesEv,0x8
0x269120,_ZN13LogicCardDataC2EP6CSVRowP14LogicDataTable,0x40
0x269160,_ZN23MatchmakeRequestMessage18getServiceNodeTypeEv,0x8
0x269168,_locale_set_default_58,0x4c
0x2691b4,_ZN11Application16isFeatureEnabledERK6String,0x4
0x2691b8,_ZN31AskForBattleReplayStreamMessage18getServiceNodeTypeEv,0x8
0x2691c0,_ZN5tween5Quart6easeInEffff,0x14
0x2691d4,_ZN6icu_5824UnicodeSet_initInclusionEiR10UErrorCode,0x210
0x2693e4,_ZN16ByteStreamHelper13decodeIntListEP10ByteStreamP14LogicArrayListIiE,0x268
0x26964c,_ZN19TeamInvitationPopupD2Ev,0x64
0x2696b0,_ZN27LogicClaimTailRewardCommand22getPointDiffToLastGoalEPK13LogicHomeModeiii,0x84
0x269734,_ZN20LogicCharacterServer12setInvisibleEi,0x24
0x269758,_ZN9HeroPopupD0Ev,0x24
0x26977c,_ZN17ReplayStreamEntry11setReplayIdEP9LogicLong,0x8
0x269784,_ZNK28LogicChangeAvatarNameCommand14getCommandTypeEv,0x8
0x26978c,_ZNK27ReportAllianceStreamMessage19getReportedAvatarIdEv,0x8
0x269794,_ZN9xMatrix4427createPerspectiveProjectionEffffff,0x7c
0x269810,_ZN25TeamInviteResponseMessage8destructEv,0x28
0x269838,_ZN21LogicBattleModeServer8destructEv,0x418
0x269c50,_ZNKSt6__ndk110__function6__funcIZN11AndroidMain16onSurfaceChangedEiiE3$_1NS_9allocatorIS3_EEFvvEE7__cloneEv,0x38
0x269c88,_ZN12UIOpenDialogC2ERK6StringP21UITextFieldTextSetterP9UIHandler,0x64
0x269cec,_ZN15StarPointsPopup12refreshItemsEP22StarPointsNotification,0x2e4
0x269fd0,_ZN24EsportTournamentsWebView11isOffScreenEv,0x50
0x26a020,_ZN5lzham12lzcompressor18parse_job_callbackEyPv,0x78
0x26a098,_ZN18DonateNotification22removeAskingAvatarNameEv,0x10
0x26a0a8,_ZN15LogicStringUtil12textContainsEPKcS1_ii,0x8c
0x26a134,_ZNK13DisplayObject18getSize_deprecatedERfS0_PK6Sprite,0xa4
0x26a1d8,_ZN12LogicTileMap4tickEP21LogicBattleModeServer,0x138
0x26a310,_ZNSt6__ndk110__function6__funcIZN8TestCase6dragToER5TouchfE4$_16NS_9allocatorIS5_EEFvvEED0Ev,0x4
0x26a314,_ZL24hb_ft_get_font_h_extentsP9hb_font_tPvP17hb_font_extents_tS1_,0x54
0x26a368,_ZN14BattleEndPopup16getQuestPageSizeEv,0x4c
0x26a3b4,_ZN11FriendEntry9setLineIdEP6String,0x8
0x26a3bc,_ZN15TeamKickMessageC2Eii,0x44
0x26a400,_ZNK12SCWFileInput7getPathEv,0x4
0x26a404,_ZN29GamecenterAccountBoundMessage6encodeEv,0x28
0x26a42c,_ZN11SoundSystemD2Ev,0x220
0x26a64c,_ZN23FriendAvatarBaseMessage11getAvatarIdEv,0x34
0x26a680,_ZN32AskForPlayingKakaoFriendsMessage6encodeEv,0x88
0x26a708,_ZL33hb_font_get_font_h_extents_parentP9hb_font_tPvP17hb_font_extents_tS1_,0x8c
0x26a794,_ZN29AllianceMailAvatarStreamEntry13setAllianceIdEP9LogicLong,0x8
0x26a79c,_ZN23FriendOnlineStatusEntry6decodeEP10ByteStream,0xbc
0x26a858,_ZN14LogicDataTable10removeItemEPK9LogicData,0x104
0x26a95c,_ZNK10GameObject17shouldPlayEffectsEv,0x34
0x26a990,_ZN25TeamTogglePractiseMessage8destructEv,0x4
0x26a994,_deflateReset,0xa4
0x26aa38,_ZN15ResourceManager12parseVersionERK6String,0x12c
0x26ab64,_ZNK12_GLOBAL__N_112LoginMessage14getMessageTypeEv,0x8
0x26ab6c,_ZN4asio6detail7read_opINS_19basic_stream_socketINS_2ip3tcpENS_15any_io_executorEEENS_17mutable_buffers_1EPKNS_14mutable_bufferENS0_14transfer_all_tEZZN9Messaging15startSocketReadERKNSt6__ndk110shared_ptrIvEEENK3$_3clERKNSD_10error_codeEmEUlSL_mE_EclESL_mi,0x728
0x26b294,_ZNSt6__ndk110__function6__funcIZN11AndroidMain10_gameStartEvE4$_14NS_9allocatorIS3_EEFvvEED0Ev,0x4
0x26b298,_ZN26AllianceKickOutStreamEntry13setAllianceIdEP9LogicLong,0x8
0x26b2a0,_ZN26LookingForATeamMemberPopupC2Ev,0x1a0
0x26b440,_ZN6icu_587UVectorD0Ev,0x8c
0x26b4cc,_ZNK21LogicTutorialStepData17getStartConditionEv,0x10
0x26b4dc,_ZN10SCTuneImpl17startUpdateThreadEv,0x4
0x26b4e0,_Z20logObjectsUnderTouchR5Touch,0x14
0x26b4f4,_ZN5Track22deviceInformationEventEv,0x4
0x26b4f8,_ZNK13LogicCardData17getPowerNumberTIDEv,0x10
0x26b508,_ZN14BattleLogPopupC2Ev,0x418
0x26b920,_ZN27BrawlTvChannelNextUpMessageC2EiiP9LogicLong,0x90
0x26b9b0,_ZN26BindFacebookAccountMessage6decodeEv,0x5c
0x26ba0c,_ZN20CreatePlayerMapPopup11setupMapImgEPK22LogicLocationThemeData,0x164
0x26bb70,_ZN14FriendsManager16removeSuggestionEP9LogicLong,0x118
0x26bc88,_ZN5titan4java4lang6StringC2EP8_jobject,0xbc
0x26bd44,_ZN18OwnHomeDataMessage18setLogicClientHomeEP15LogicClientHome,0x8
0x26bd4c,_ZNK12RenderSystem17getShadowRendererEv,0x8
0x26bd54,_ZN9TextField30setAllowStringParametersGlobalEb,0x10
0x26bd64,_ZNK12CustomButton26isContinuousPressesEnabledEv,0x8
0x26bd6c,_ZNK11Character3D17blendTowardsAngleEfff,0xac
0x26be18,_ZN23GetPlayerProfileMessage6encodeEv,0x5c
0x26be74,_ZN30SkinPreviewToggleOutlineButton13buttonPressedEv,0x14
0x26be88,_ZN10HomeScreen16isPlayerAgeGatedEv,0x90
0x26bf18,_Z19heroItemSort_rarityP8HeroItemS0_,0x94
0x26bfac,_ZN8Selfhelp4showERK6String,0x13c
0x26c0e8,_ZNK15LaserBoxManager19isUpdatingManifestsEv,0x8
0x26c0f0,_ZNK15SkinRewardPopup12getPopupTypeEv,0x8
0x26c0f8,_ZNK8NewsPage16getNewsTabByTypeENS_7TabTypeE,0x40
0x26c138,_ZN30UpdatePlayerMapResponseMessage8destructEv,0x24
0x26c15c,_ZN18PurchaseOfferPopup13addItemToSlotEiii,0x2b0
0x26c40c,_ZN15HomeStatusEntry12removeHomeIdEv,0x10
0x26c41c,_ZN8LogicMD51HEiii,0xc
0x26c428,_ZN19LogicRawInReflector16reflectLongArrayER18LogicLongArrayListPKc,0x1b0
0x26c5d8,_ZNK13WVSCIDManager16getVersionStringEv,0x10
0x26c5e8,_ZN17SettingsSubScreenC2ERK6String,0x58
0x26c640,_ZNK13LogicTileData13getBaseCrack1Ev,0x10
0x26c650,_ZN18ResourceDataLoader4loadEPKcRKNSt6__ndk15arrayIiLm4EEE,0xc0
0x26c710,_ZNK21AllianceStreamMessage14getMessageTypeEv,0x8
0x26c718,_ZN10PlayerInfo14setWrappedStatEiiRK6String,0xdc
0x26c7f4,_ZN12LogicPinData12resetStaticsEPK8CSVTable,0x120
0x26c914,_ZN17OnlineFriendsList23toggleFriendContextMenuEP16OnlineFriendItemP11ContextMenu,0x70
0x26c984,_ZN21BoxRewardNotification6decodeEP10ByteStream,0x60
0x26c9e4,_ZN26ChangePlayerMapNameMessage8destructEv,0x3c
0x26ca20,_ZN12scWorkerPoolC2EiRKNSt6__ndk112basic_stringIcNS0_11char_traitsIcEENS0_9allocatorIcEEEE,0x290
0x26ccb0,_ZN5titan3com9supercell5titan22VirtualKeyboardHandler12showKeyboardEbRK6String,0x98
0x26cd48,_ZNK14LogicMilestone11getProgressEv,0x10
0x26cd58,_ZL19_hb_ft_font_destroyP12hb_ft_font_t,0x30
0x26cd88,_ZNK28LogicGameObjectManagerClient19findGameObjectIndexEi,0x60
0x26cde8,_ZN10SCTuneImpl16updateThreadFuncEPv,0x7c
0x26ce64,_ZThn112_N8GameMain17appRateWillReviewEv,0x68
0x26cecc,_ZL8_set_addP4USeti,0x4
0x26ced0,_ZN30JoinRequestAllianceStreamEntryC2Ev,0x3c
0x26cf0c,_ZN15LogicDataTables15getLocaleByNameERK6StringPK9LogicData,0x20
0x26cf2c,_ZN11wendelstein18WendelsteinManager11flushBucketERNS_23MovieClipRendererBucketEP12VertexBuffer,0xd4
0x26d000,_ZN5Stage24calculateMatrixHierarchyEPK13DisplayObject,0x1ec
0x26d1ec,_ZN25BattleReportStreamMessageC2Ev,0x34
0x26d220,_ZN18DataPatchGenerator13generatePatchERK6String,0x16c
0x26d38c,_ZN8Animator13playAnimationEif,0x64
0x26d3f0,_ZN35AllianceInvitationSendFailedMessageC2Ei,0x30
0x26d420,_ZN22SCIDBindAccountMessage6decodeEv,0x3c
0x26d45c,_ZN6Effect6renderERN11wendelstein21MovieClipRendererDataEf,0x78
0x26d4d4,_ZN27DonationReceivedStreamEntryC2Ev,0x30
0x26d504,_ZN9InitState4exitEv,0x34
0x26d538,_ZN15MovieClipHelper9handleRTLEP9TextField,0x58
0x26d590,_ZNK33LogicDeviceLinkCodeRequestMessage14getMessageTypeEv,0x8
0x26d598,_ZN37AskForPlayingGamecenterFriendsMessage6decodeEv,0x1f8
0x26d790,_ZN11QuestsPopup16findQuestWithGmvEib,0x17c
0x26d90c,_ZN18ProLeagueInfoPopup8addItemsEii,0x4b4
0x26ddc0,_ZN5titan3com9supercell5titan21NativeFacebookManager19jniAppRequestDialogERK6StringS6_S6_S6_,0xf0
0x26deb0,_ZN15MovieClipHelper25setTextFieldBottomAlignedEP9TextField,0x98
0x26df48,_ZN13LoadingScreen32tryBackupLoadClientGlobalsStringERK6String,0xe8
0x26e030,_ZN28BindGamecenterAccountMessage6setUrlEP6String,0x8
0x26e038,_ZN5titan3com9supercell5titan6kunlun13GameAppKunlunC2EP8_jobject,0xbc
0x26e0f4,_ZN12AllianceInfo19updateNotificationsEb,0xd4
0x26e1c8,_ZN21RankedTeamSelectPopup10getChildTFERK6String,0x88
0x26e250,_ZN12OnlinePlayer25setDataFromAllianceMemberEP19AllianceMemberEntry,0xc0
0x26e310,_ZN12GameTestLoop17GetFileDescriptorEv,0x8
0x26e318,_ZN14TencentManager7loginQQEb,0x48
0x26e360,_ZN14LogicDailyData20getRelatedQuestCountEPK18LogicCharacterData,0xe0
0x26e440,_ZN30LogicSetPlayerNameColorCommandC2Ev,0x30
0x26e470,_ZN14HelpshiftTitan14showFAQSectionERK6String,0xac
0x26e51c,_ZN27ChatToAllianceStreamMessage8destructEv,0x3c
0x26e558,_ubrk_next_58,0xc
0x26e564,_ZN31BindGoogleServiceAccountMessage6encodeEv,0x44
0x26e5a8,_ZN10StreamItem4initERK6String,0xa0
0x26e648,_ZNK19LogicProjectileData18executeChainAlwaysEv,0x10
0x26e658,_ZN12jpeg_decoder11decode_scanEPFvPS_iiiE,0x1d0
0x26e828,_ZNK11SoundSystem14getMusicVolumeEv,0x2c
0x26e854,_ZNK12MovieClipRef12getMovieClipEv,0x8
0x26e85c,_ZN10SCTuneImpl16addEditableValueEPK6CSVRowiRK6StringPviPKc,0x560
0x26edbc,_ZN16ServerConnection12resetAccountENS_10ServerTypeE,0x14c
0x26ef08,_ZN8Material14getColorizeTexEv,0x38
0x26ef40,_ZN10UdpMessage8destructEv,0x50
0x26ef90,_ZNKSt6__ndk110__function6__funcIZN19SupercellIdCallback14connectedGamesEP8_jobjectP13_jobjectArrayE4$_16NS_9allocatorIS7_EEFvvEE11target_typeEv,0xc
0x26ef9c,_ZN22ShapeDrawBitmapCommand10setTextureEP7GLImage,0x8
0x26efa4,_ZN12BlurRendererC2Ebb,0x64c
0x26f5f0,_ZNSt6__ndk16__sortIRZN23CombiningCustomRenderer6renderER11RenderQueuePKNS2_5ChunkEiP8MaterialNS2_12OverrideModeENS2_14DepthWriteModeEE3$_0PN11wendelstein21MovieClipRendererData11BucketRangeEEEvT0_SH_T_,0x788
0x26fd78,_ZN14TencentManager15shareClubInviteEPK9LogicLongRK6String,0xb4
0x26fe2c,_ZNK12SCWFileInput12getSkipBytesEv,0x8
0x26fe34,_ZN6scPath6existsEPKc,0x104
0x26ff38,_ZN9Character18showFloatingNumberEi,0x278
0x2701b0,_Z19herodataSort_rarityPK18LogicCharacterDataS1_,0x90
0x270240,_ZNK24UdpConnectionInfoMessage13getServerPortEv,0x8
0x270248,_ZNK20LogicCharacterServer16getMovementSpeedEii,0x14
0x27025c,_ZNK17LogicSkinConfData16getHappyLoopAnimEv,0x10
0x27026c,_udata_openSwapper_58,0x1c4
0x270430,_ZNK15DownloadManager36isHighResDeferredFileDownloadEnabledEv,0x34
0x270464,_ZN16QuestListHandlerC2EP14BattleEndPopup,0x6b0
0x270b14,_ZN20BattleEndPreviewMenu6updateEf,0x4
0x270b18,_ZN20LogicCharacterServer24removeSelfAsChargeTargetEv,0x84
0x270b9c,_ZNSt6__ndk110__function6__funcIZN8TestCase9touchDownER5TouchE4$_15NS_9allocatorIS5_EEFvvEEclEv,0x1c
0x270bb8,_ZN16ScreenProperties9getHeightEv,0xc
0x270bc4,_ZN10BattleMode14touchCancelledEi,0x18
0x270bdc,_ZN21BasicReflectableIdMap14removeChildMapEP16ReflectableIdMap,0x100
0x270cdc,_ZN9InputToolD2Ev,0x10
0x270cec,_ZNK20LogicCharacterServer9getRadiusEv,0x14
0x270d00,_ZNSt6__ndk110__function6__funcIZ68Java_com_supercell_titan_PurchaseManager_updateBillingProductDetailsP7_JNIEnvP7_jclassP8_jstringS7_iE3$_1NS_9allocatorIS8_EEFvvEEclEv,0x1c
0x270d1c,_ZN21LogicBattleModeServer13getAreaEffectEi,0x2c
0x270d48,_ZN21LogicProjectileServer16setPreyOnTheWeakEii,0xc
0x270d54,_ZN9TextInputC2Ev,0xa0
0x270df4,_ZN9TextField18setTextFieldHeightEf,0x10
0x270e04,_ZNK19LogicProjectileData19getRandomStartFrameEv,0x10
0x270e14,_ZN12LogicTileMap17removeDynamicTileEP9LogicTile,0x130
0x270f44,_ZNK18LogicChallengeData19getRewardUnlockItemEv,0x10
0x270f54,_ZN22SkinRewardNotification8destructEv,0x28
0x270f7c,_ZNK8HomeMode13getHomeScreenEv,0x8
0x270f84,_ZN8Material12getNormalTexEv,0x38
0x270fbc,_ZNK6scFile7getNameEv,0x10
0x270fcc,_ZN15MapEditorScreen17backButtonPressedEv,0x54
0x271020,_ZNK26LogicLocalNotificationData24getIsRegularEventRefreshEv,0x10
0x271030,_ZNK12scZstdFilter4sizeEv,0x138
0x271168,_ZN15DownloadedImageD0Ev,0x24
0x27118c,_ZNK21LogicTutorialStepData18shouldUseAutoShootEv,0x10
0x27119c,_ZN17LogicGameModeUtil22getModeGameObjectCountEi,0x20
0x2711bc,_ZN20CreateAccountMessage14removeDeviceIdEv,0x10
0x2711cc,_ZN24ResourceReferenceManagerD2Ev,0x134
0x271300,_ZL13isBidiControlRK14BinaryPropertyi9UProperty,0x24
0x271324,_ZNSt6__ndk110__function6__funcIZ45Java_com_supercell_titan_Kakao_receivedFriendE3$_1NS_9allocatorIS2_EEFvvEE18destroy_deallocateEv,0x3c
0x271360,_ZNKSt6__ndk110__function6__funcIZN11scTaskQueue3runIZN11AndroidMain9_gameStopEvE4$_17EENS_13invoke_resultIT_JEE4typeES7_EUlvE_NS_9allocatorISA_EEFvvEE7__cloneEPNS0_6__baseISD_EE,0x18
0x271378,_ZN34LogicPurchaseChallengeLivesCommandC2Ev,0x2c
0x2713a4,_ZNK8Viewport9unprojectERK7Vector3IfERK9xMatrix44S6_,0x130
0x2714d4,_ZN11SCIDManager11loginFailedERK6String,0x150
0x271624,_ZNSt6__ndk110__function6__funcIZN7GLImage6createEPKcS4_9ImageWrap11ImageFilterE3$_6NS_9allocatorIS7_EEFvvEE18destroy_deallocateEv,0x4
0x271628,_ZN6icu_5810UnicodeSet11exclusiveOrEPKiia,0x178
0x2717a0,_ZN18LogicCharacterData16createReferencesEv,0xa8c
0x27222c,_ZNK21LogicBattleModeClient18canProceedToBattleEv,0x8
0x272234,_ZNKSt6__ndk110__function6__funcIZN11scTaskQueue3runIZN7SCWFile4loadER12SCWFileInputE3$_0EENS_13invoke_resultIT_JEE4typeES9_EUlvE_NS_9allocatorISC_EEFvvEE6targetERKSt9type_info,0x1c
0x272250,_ZN25TencentCheckCanPayMessage6decodeEv,0x2c
0x27227c,_ZN13HeroListEntryD2Ev,0x48
0x2722c4,_ZN18DataPatchGenerator21generateSkinPatchJSONERK6String,0x990
0x272c54,_ZN9BitStream28writePositiveIntMax134217727Ei,0x8
0x272c5c,_ZN12LogicTileMapC2Ev,0xc8
0x272d24,_ZNK18LogicCharacterData17getBlueExportNameEv,0xc
0x272d30,_ZN13scResourceMap15getInstanceLockEv,0xb0
0x272de0,_ZNKSt6__ndk110__function6__funcIZ50Java_com_supercell_titan_GameApp_handleDeeplinkURLE3$_0NS_9allocatorIS2_EEFbvEE7__cloneEPNS0_6__baseIS5_EE,0x10
0x272df0,_ZNK20CreatePlayerMapPopup11isValidNameERK6String,0xa8
0x272e98,_ZN14FriendsManager20shouldShowClanInviteEPK9LogicLong,0x80
0x272f18,_ZNSt6__ndk110__function6__funcIZN32NativeFacebookConnectionCallback6loggedERK6StringS5_E3$_1NS_9allocatorIS6_EEFvvEE18destroy_deallocateEv,0x4c
0x272f64,_ZN19SelectLocationPopupD2Ev,0x1a0
0x273104,_ZN34SetSupportedCreatorResponseMessageC2EiRK6String,0x6c
0x273170,_ZN14AllianceStream15sendChatMessageEv,0x19c
0x27330c,_lv1_detect_frida_library__ZL15sigsegv_handleriP7siginfoPv,0xe0
0x2733ec,_ZN20CreatePlayerMapPopup16chosenGmvChangedEv,0x3c
0x273428,_ZNK13LogicCardData9getTargetEv,0x8
0x273430,_ZN17LogicSkinConfData15setSadEnterAnimERK6String,0x14
0x273444,_ZN24LogicParticleEmitterDataC2EP6CSVRowP14LogicDataTable,0x30
0x273474,_ZN21LogicProjectileServer16getInitialZSpeedEPK19LogicProjectileDataiii,0x68
0x2734dc,_ZN21LogicSkinCampaignData12resetStaticsEPK8CSVTable,0x128
0x273604,_ZN14TencentManager15tencentLoggedInERK6StringS2_i,0x188
0x27378c,_ZNK20LogicCharacterServer14getVisionRangeEv,0x84
0x273810,_ZNK20LogicCharacterClient14getDeathEffectEv,0x14
0x273824,_ZN29HomeBattleReplayFailedMessage9setReasonEi,0x8
0x27382c,_ZNKSt6__ndk110__function6__funcIZN8TestCase9moveTouchER5TouchS3_S3_fE3$_8NS_9allocatorIS5_EEFvvEE7__cloneEv,0x60
0x27388c,_ZN15MapEditorScreen16handleTouchMovedERK5Touch,0x5fc
0x273e88,_ZNK37GoogleBillingProcessedByServerMessage14getMessageTypeEv,0x8
0x273e90,_ZN8TailItem17setTailItemOpenedEv,0x10
0x273ea0,_ZN9WaitUntilD0Ev,0x8c
0x273f2c,_ZNK18QuitMapEditorPopup28allowClosingFromModalTappingEv,0x8
0x273f34,_ZN8Databind24NlohmannJsonOutReflector8addArrayEi,0x5c
0x273f90,_ZN10HeroSprite13saveAnimationEii,0x3a8
0x274338,_ZN9InitState13updateLoadingEf,0xa58
0x274d90,_ZN8RankItemD2Ev,0x60
0x274df0,_ZN10UdpMessage20removePiranhaMessageEv,0x10
0x274e00,_ZNSt6__ndk110__function6__funcIZN11scTaskQueue3runIZN7GLImage6createEPKhi9ImageWrap11ImageFilterE3$_3EENS_13invoke_resultIT_JEE4typeESB_EUlvE_NS_9allocatorISE_EEFvvEEclEv,0x40
0x274e40,_hb_font_funcs_set_glyph_func,0x138
0x274f78,_ZN4Shop24createPurchaseOfferPopupEP16LogicOfferBundlei,0x180
0x2750f8,_ZN5Items13closePopoversEv,0x44
0x27513c,_ZN18OwnHomeDataMessage18getServiceNodeTypeEv,0x8
0x275144,_ZN36GamecenterAccountAlreadyBoundMessage12setPassTokenEP6String,0x8
0x27514c,_ZN8ShopItem10setBlockedEP9MovieClipb,0x10
0x27515c,_hb_unicode_funcs_set_general_category_func,0x74
0x2751d0,_Z24decompressBlockTHUMB58HcjjPhiiiii,0x2c8
0x275498,_ZN8Databind24NlohmannJsonOutReflector9pushStackEv,0x35c
0x2757f4,_ZN15sc3dWorldSprite27setRTTMeshMaterialBlendModeEi,0xc
0x275800,_ZN21LogicBattleModeServer32tickSpawnEventModifierExplosionsEi,0x4
0x275804,_ZN29AllianceMailAvatarStreamEntry6decodeEP10ByteStream,0xa4
0x2758a8,_ZN10DataGained6updateEf,0x388
0x275c30,_ZN11FriendEntry15setAgeInSecondsEi,0x8
0x275c38,_ucase_getTypeOrIgnorable_58,0x90
0x275cc8,_ZN15AllianceManager20createSortedTeamListEP14LogicArrayListIP17AllianceTeamEntryE,0x270
0x275f38,_ZN10SCIDWindowD2Ev,0x110
0x276048,_ZN37JoinAllianceResponseAvatarStreamEntry11setAcceptedEb,0xc
0x276054,_ZN9TeamPopup13onConfReceiveEv,0x8
0x27605c,_ZN34PurchaseOfferHighlightPopupHandler16getRemainingTimeEv,0x50
0x2760ac,_ZN15LogicDataTables12getLoseMusicEv,0xc
0x2760b8,_ZNK7SCWFile11getFileNameEv,0xc
0x2760c4,_utrie2_enumForLeadSurrogate_58,0x2c
0x2760f0,_ZN18ClientInputMessage18getServiceNodeTypeEv,0x8
0x2760f8,_ZN18PreRenderedTextureD2Ev,0x78
0x276170,_ZNK18LogicHealthBarData24getYourTeamExportNameBotEv,0x10
0x276180,_ZN22ShapeDrawBitmapCommand4loadEP12SupercellSWFiP28ShapeDrawBitmapCommandVertex,0x1f8
0x276378,_ZNK13LogicBossData7getBossEv,0x24
0x27639c,_ZNK37JoinAllianceResponseAvatarStreamEntry10getMessageEv,0x8
0x2763a4,_ZN12GUIContainerC2EP9MovieClipRK6String,0xa4
0x276448,_ZN12jpeg_decoder16expanded_convertEv,0x138
0x276580,_ZNK14LogicJSONArray13getJSONNumberEi,0x74
0x2765f4,_ZN23LogicReflectableFactory21destroyChildFactoriesEv,0x78
0x27666c,_ZN24PlayerMapStatusInfoPopupD2Ev,0x18
0x276684,_ZN46TencentAntiAddictionInstructionExecutedMessage18getServiceNodeTypeEv,0x8
0x27668c,_ZN8Databind23NlohmannJsonInReflector15reflectIntArrayER14LogicArrayListIiERK6String,0x364
0x2769f0,_ZN13FriendsScreen16refreshSuggestedEv,0x208
0x276bf8,_ZNK14LogicEmoteData7getSkinEv,0x8
0x276c00,_ZN18DeliveryCardsPopup24fadeFromGachaMusicVolumeEv,0x18
0x276c18,_ZN13HeroInfoPopup13heroLeveledUpEPK18LogicCharacterData,0x24
0x276c3c,_ZN3GUI13removeElementEP13DisplayObject,0x30
0x276c6c,_ZN6icu_5810UnicodeSet12_appendToPatERNS_13UnicodeStringERKS1_a,0xa8
0x276d14,_ZN25EventSuggestionStreamItem13buttonClickedEP12CustomButton,0xa0
0x276db4,_ZN15SelectHeroPopupD0Ev,0x24
0x276dd8,_ZNK21LogicAreaEffectClient7getTypeEv,0x8
0x276de0,_ZN21BattleLogEntryWrapperD2Ev,0xb8
0x276e98,_ZN22ShapeDrawBitmapCommand7setDataEP28ShapeDrawBitmapCommandVertexi,0x4c
0x276ee4,_LookInStream_LookRead,0x6c
0x276f50,_ZThn96_N25ChinaLoginExtraTermsPopup13buttonClickedEP12CustomButton,0xc
0x276f5c,_ZN34PurchaseOfferHighlightPopupHandlerD0Ev,0x24
0x276f80,_ZNK17AllianceFullEntry22getAllianceDescriptionEv,0x8
0x276f88,_ZNSt6__ndk127__insertion_sort_incompleteIRZN23CombiningCustomRenderer6renderER11RenderQueuePKNS2_5ChunkEiP8MaterialNS2_12OverrideModeENS2_14DepthWriteModeEE3$_0PN11wendelstein21MovieClipRendererData11BucketRangeEEEbT0_SH_T_,0x394
0x27731c,_ZN12RenderTarget17blitToFramebufferEv,0xc
0x277328,_ZN9MovieClip11gotoAndPlayERK6StringS2_,0x24
0x27734c,_ZNK22LogicLocationThemeData23getMapPreviewBGColorRedEv,0x10
0x27735c,_ZN20GoogleServiceManager4initERK6String,0xd0
0x27742c,_ZN12LogicDefines12getStoreNameEv,0x34
0x277460,_ZN22CharacterEditorManager16destructInstanceEv,0x2c
0x27748c,_ZN12LocationInfoD2Ev,0x44
0x2774d0,_ZNK27ReportAllianceStreamMessage5getIdEv,0x8
0x2774d8,_lv1_detect_frida_server__ZL14parse_proc_tcpPKcS0_PFviE,0xe8c
0x278364,_ZNK14TencentManager9getOpenIdEv,0x20
0x278384,_ZN18PurchaseOfferPopup12canEmoteDropEPK18LogicCharacterDatai,0x30
0x2783b4,_ZN5lzham12lzcompressor5state5resetEv,0xac
0x278460,_ZN20LeaveAllianceMessage6encodeEv,0x4
0x278464,_ZNK6Friend5cloneEv,0x1b8
0x27861c,_ZN11InputSystem11addListenerEP14IInputListener,0x120
0x27873c,_ZN9EntryInfo14displayPopoverEP13DisplayObjectiRK6Stringiifb,0xa0
0x2787dc,_ZN13AnalyticEvent6encodeEP10ByteStream,0x74
0x278850,_ZN11UITabButton13isSelectedTabEv,0x1c
0x27886c,_ZN6icu_5823UCharsDictionaryMatcherD2Ev,0x1c
0x278888,_ZNK32YoozooOrderDeliveryFailedMessage10getOrderIdEv,0x8
0x278890,_ZN9CombatHUD17showBadConnectionEv,0x24
0x2788b4,_ZN9xMatrix44mLEPKf,0xac
0x278960,_ZN6Screen20getNativeScaleFactorEv,0x3c
0x27899c,_ZN4Path13excludeBackupERK6String,0x4
0x2789a0,_ZN5Stage7addQuadEv,0x17c
0x278b1c,_ZNK28AllianceMemberRemovedMessage14getMessageTypeEv,0x8
0x278b24,_ZN15scFSFingerprint5resetEv,0x54
0x278b78,_ZN20LogicItemSeenCommand6decodeEP10ByteStream,0x30
0x278ba8,_ZN17LogicBattleEmotes20getEmoteByBattleSlotEi,0x14
0x278bbc,_ZN21GetTokenFriendMessageC2Ev,0x30
0x278bec,_ZN11wendelstein7Emitter12applyGravityE7Vector3IfE,0x28
0x278c14,_ZNK21SignoffPlayerMapPopup12getPopupTypeEv,0x8
0x278c1c,_ZNK6icu_5810UnicodeSet14getStringCountEv,0xc
0x278c28,_ZNK13LogicCardData15dontUpgradeStatEi,0x20
0x278c48,_ZN14LogicEmoteData16createReferencesEv,0x1a8
0x278df0,_ZN9UdpSocket26setDisconnectedTimeSettingEf,0x8
0x278df8,_ZNKSt6__ndk110__function6__funcIZN11scTaskQueue3runIZN7GLImage6createEPKhi9ImageWrap11ImageFilterE3$_4EENS_13invoke_resultIT_JEE4typeESB_EUlvE_NS_9allocatorISE_EEFvvEE7__cloneEPNS0_6__baseISH_EE,0x18
0x278e10,_ZNKSt6__ndk110__function6__funcIZN12scFilesystem12layerRemovedERKNS_10shared_ptrI17scAbstractFSLayerEEE3$_3NS_9allocatorIS8_EEFvPNS2_9IListenerEEE6targetERKSt9type_info,0x1c
0x278e2c,_ZNK12LogicTileMap12isBorderTileEi,0x40
0x278e6c,_ZL14enumEitherTriePK6UTrie2iiPFjPKvjEPFaS3_iijES3_,0x4a4
0x279310,_ZN17HighRateUdpSocket24getVerifiedMaxPacketSizeEv,0x20
0x279330,_ZN11wendelstein19SpriteSheetRenderer16vertexAttributesEv,0x10
0x279340,_ZNK12RenderSystem17getUpTilesVisibleEv,0x88
0x2793c8,_ZN19DeviceLinkCodeInput8sendCodeEv,0x10
0x2793d8,_ZN25GoHomeFromSpectateMessage8destructEv,0x4
0x2793dc,_ZN10GameButton8setStateEi,0x4
0x2793e0,_ZN11DragHandler12setAlignmentEi,0x8
0x2793e8,_ZN9HTTPQueueD2Ev,0x1a0
0x279588,_ZN20PlayerNameColorPopupD0Ev,0xb0
0x279638,_ZN13LogicHomeMode22setGameListenerEnabledEb,0x18
0x279650,_ZN29LogicDecreaseHeroScoreCommand6decodeEP10ByteStream,0x1b4
0x279804,_ZN15PromoEventPopupD0Ev,0x90
0x279894,_ZN15sc3dWorldCameraD2Ev,0x50
0x2798e4,_ZN5lzham24lzham_lib_z_deflateBoundEP14lzham_z_streamm,0x18
0x2798fc,_ZN29GamecenterAccountBoundMessage6decodeEv,0x2c
0x279928,_ZN15LaserBoxManager19storeEsportsRegionsERK6String,0x7c
0x2799a4,_ZN27AskForAddableFriendsMessage16setGamecenterIdsEP14LogicArrayListIP6StringE,0x8
0x2799ac,_ZNK10BattleMode26getOfflineBattleRoyaleRankEv,0x144
0x279af0,_ZNK17LogicShopItemData21getBrawlPassAssetPaidEv,0x10
0x279b00,_ZN15LogicDataTables25getAllSkinsForSkinSectionEPK28LogicSeasonalSkinSectionDataP14LogicArrayListIPK13LogicSkinDataE,0x1c4
0x279cc4,_ZNK16LogicOfferBundle24isSoloWildcardPowerOfferEv,0x2c
0x279cf0,_ZN9CombatHUD18setShootStickStateEb,0x64
0x279d54,_ZN26ChampionshipChallengePopup14hasBoughtLivesEv,0x2c
0x279d80,_ZNK18scFSLayerDirectory10fileExistsEPKc,0xc8
0x279e48,_ZN18AllianceMemberItem10updateRoleEi,0x5c
0x279ea4,_ZNSt6__ndk110__function6__funcIZN14SceneCharacter6updateEfE3$_0NS_9allocatorIS3_EEFvvEEclEv,0x8c
0x279f30,_ZN22BattleEndSubScreenBaseD2Ev,0xe0
0x27a010,_ZN16YoozooLoginStateC2Ev,0xa4
0x27a0b4,_ZN20LogicJSONInReflectorC2EPK13LogicJSONNode,0xa0
0x27a154,_ZN20LogicJSONInReflector9exitArrayEv,0xf4
0x27a248,_hb_font_get_glyph_name,0x24
0x27a26c,_ZN37KunlunBillingProcessedByServerMessage6decodeEv,0xb0
0x27a31c,_ZN15DeeplinkManager15createURLStringERK6String,0xcc
0x27a3e8,_ZN23CombiningCustomRenderer17renderBucketRangeERKN11wendelstein21MovieClipRendererData11BucketRangeE,0xf8
0x27a4e0,_ZN25UdpCheckConnectionMessage6encodeEv,0x4
0x27a4e4,_ZN5Track32removeDeviceIdentificationParamsEv,0x4
0x27a4e8,_ZN12TencentLogin6logOutEi,0x1c
0x27a504,_ZNK24LogicParticleEmitterData11getEndScaleEv,0x10
0x27a514,_ZNK10StringView6equalsERKS_,0x40
0x27a554,_ZN11SCIDManager17setCurrentAccountEPK11SCIDAccount,0x108
0x27a65c,_ZN18CryptoErrorMessage6decodeEv,0x2c
0x27a688,_ZNK12_GLOBAL__N_115scFileImpl_Pack4seekEm,0x38
0x27a6c0,_ZN11ButtonEntryD0Ev,0xc0
0x27a780,_ZN32AskForPlayingKakaoFriendsMessage11setKakaoIdsEP14LogicArrayListIP6StringE,0x8
0x27a788,_ZN13ListContainer12clearEntriesEv,0x228
0x27a9b0,_ZNK19StartLoadingMessage14getMessageTypeEv,0x8
0x27a9b8,_ZNK12BattleScreen15getMoveStickBgXEv,0x8
0x27a9c0,_ZN15TeamJoinRequest8destructEv,0x6c
0x27aa2c,_Z61Java_com_supercell_titan_PurchaseManager_billingProductFailedP7_JNIEnvP7_jclassP8_jstringS4_i,0x90
0x27aabc,_ZN21SetDeviceTokenMessage14setDeviceTokenEPci,0x88
0x27ab44,_ZN11DragHandler13touchReleasedERK5Touch,0x6c
0x27abb0,_ZN30PurchaseBrawlPassProgressPopup14setupBuyButtonERK6Stringii,0x88
0x27ac38,_ZN24PlayerMapStatusInfoPopup18customButtonTappedEP10GameButtoni,0xc
0x27ac44,_ZN15OfferBundleItem13markInspectedEv,0x34
0x27ac78,_ZNK30JoinRequestAllianceStreamEntry16getResponderNameEv,0x8
0x27ac80,_ZNK5Scene12getMeshCountEv,0x1c
0x27ac9c,_ZN25DeviceLinkEnterCodeScreen7keyDownEi,0x8
0x27aca4,_ZN10BattleMode4exitEv,0x4
0x27aca8,_ZN34ChangePlayerMapNameResponseMessage8destructEv,0x40
0x27ace8,_ZN9UdpPacket8destructEv,0x80
0x27ad68,_ZN11RenderQueue13resetBindingsEv,0x3c
0x27ada4,_ZNK5Scene17getMeshVisibilityEi,0x14
0x27adb8,_ZN34PurchaseOfferHighlightPopupHandlerD2Ev,0x1c8
0x27af80,_ZN5titan7android7content7Context14getPackageNameEv,0x7c
0x27affc,_ZNK14BattleEndPopup12hasMapVotingEv,0x90
0x27b08c,_ZN34AllianceOnlineStatusUpdatedMessage18getServiceNodeTypeEv,0x8
0x27b094,_ZN11BadgeSpriteD0Ev,0xa4
0x27b138,_ZL33hb_font_get_font_v_extents_parentP9hb_font_tPvP17hb_font_extents_tS1_,0x8c
0x27b1c4,_ZN21LogicBattleModeServer19calculateIsGameOverEv,0x30c
0x27b4d0,_ZNK6Shader17setUniformVector3EPKcfff,0x58
0x27b528,_ZN5Debug7drawBoxERK7Vector3IfES3_jf,0x4
