address,name,size
0x90ab34,_ZN12LoginMessage14setClientBuildEi,0x8
0x90ab3c,_ZN5Scene30preCacheMovieClipTextureFramesEv,0x3c
0x90ab78,_ZN19EnvironmentRenderer17getImpostorShaderEPK13LogicSkinDataP15sc3dWorldObjectbRbS5_,0xdc
0x90ac54,_ZN16LogicReflectable6decodeEP10ByteStreamPK16ReflectableIdMap,0x134
0x90ad88,_ZN14BattleEndPopup16fadeOutPlayAgainEf,0xe8
0x90ae70,_ZN15KakaoConnectionC2Ev,0x54
0x90aec4,_ZNKSt6__ndk110__function6__funcIZ50Java_com_supercell_titan_GameApp_handleDeeplinkURLE3$_1NS_9allocatorIS2_EEFvvEE11target_typeEv,0xc
0x90aed0,_ZNK6String12updateLengthEv,0x74
0x90af44,_ZN12RenderSystem22removeGameObjectSpriteEP16GameObjectSprite,0x10
0x90af54,_ZN11VanityItems18createBattleEmotesEPK18LogicCharacterData,0xdc
0x90b030,_ZNSt6__ndk110__function6__funcIZ42Java_com_supercell_titan_Kakao_loginFailedE3$_3NS_9allocatorIS2_EEFvvEE18destroy_deallocateEv,0x28
0x90b058,_ZN8HomeMode11pingUpdatedEf,0xa4
0x90b0fc,_ZNK9xMatrix449transformERK7Vector4IfE,0x38
0x90b134,_ZN20GoogleServiceManager9authorizeEb,0x3c
0x90b170,_ZN9InitState14initDataTablesEv,0xc
0x90b17c,_ZNKSt6__ndk110__function6__funcIZN19SupercellIdCallback13friendsFailedEP8_jobjectE4$_15NS_9allocatorIS5_EEFvvEE7__cloneEv,0x38
0x90b1b4,_ZN6icu_5811Normalizer2D0Ev,0x4
0x90b1b8,_ZNK13GoHomeMessage20isVoteUpForPlayerMapEv,0x8
0x90b1c0,_ucase_toFullUpper_58,0x8
0x90b1c8,_ZN20UIMultiViewContainerD2Ev,0xec
0x90b2b4,_ZN17LogicFileTemplate8destructEv,0x4
0x90b2b8,_ZN20TeamJoinRequestPopup18customButtonTappedEP10GameButtoni,0x11c
0x90b3d4,_ZN15MapEditorScreen14setCurrentTileEPK13LogicTileData,0x2c
0x90b400,_ZN12_GLOBAL__N_111randombytesEPhy,0x208
0x90b608,_ZN10HomeScreen15updateSentryUrlEPK13LogicConfData,0x100
0x90b708,_ZNSt6__ndk110__function6__funcIZ68Java_com_supercell_titan_PurchaseManager_updateBillingProductDetailsP7_JNIEnvP7_jclassP8_jstringS7_iE3$_0NS_9allocatorIS8_EEFvvEE18destroy_deallocateEv,0x4
0x90b70c,_ZN19DebugPerformanceHud17constructInstanceEv,0x38
0x90b744,_ZN10HomeScreen30onRankedMatchTerminatedMessageEP28RankedMatchTerminatedMessage,0x1f8
0x90b93c,_ZN5titan3com9supercell5titan11SupercellId7preloadEv,0x7c
0x90b9b8,_ZN5tween6Bounce7easeOutEffff,0xd8
0x90ba90,_ZN6Effect11endPlaybackEv,0x84
0x90bb14,_ZN22LogicQuestsSeenCommandC2Ev,0x2c
0x90bb40,_ZNKSt6__ndk110__function6__funcIZN14LineConnection9autologinEvE3$_1NS_9allocatorIS3_EEFvbPKN8linecorp4nova11CredentialsEPKNS7_5ErrorEEE7__cloneEPNS0_6__baseISE_EE,0x18
0x90bb58,_ZN6icu_5810UnicodeSet9removeAllERKS0_,0x5c
0x90bbb4,_ZN20HashTagCodeGenerator21convertSingleIdToCodeERK9LogicLong,0xa0
0x90bc54,_ZN20LogicCharacterServer38triggerCharacterTransformingProjectileEPK19LogicProjectileDataPK18LogicCharacterDataiiiiiiii,0xe0
0x90bd34,_ZN9TextInput11hideAndroidEv,0x3c
0x90bd70,_ZN23FriendAvatarBaseMessage11setAvatarIdEii,0x8
0x90bd78,_ZN15TeamKickMessage6decodeEv,0x3c
0x90bdb4,_ZN17MovieClipModifierC2Ev,0x30
0x90bde4,_ZN9ColorItemD2Ev,0x14
0x90bdf8,_ZN6icu_5821LoadedNormalizer2Impl12isAcceptableEPvPKcS3_PK9UDataInfo,0x68
0x90be60,_ZN30AskForFriendSuggestionsMessageC2Ev,0x30
0x90be90,_ZN9LogicTile8destructEv,0x30
0x90bec0,_ZN26LookingForATeamMemberPopup8onStatusEP24MatchMakingStatusMessage,0x28
0x90bee8,_ZN35GetAllianceInviteTokenResultMessageC2Ei,0x34
0x90bf1c,_ZN16ByteStreamHelper17readDataReferenceEP10ByteStreami,0x70
0x90bf8c,_ZN15TeamChatMessage6encodeEv,0x28
0x90bfb4,_stbi_load_from_file,0xd4
0x90c088,_ZN15LogicDataTables23getTutorialLocationDataEv,0xc
0x90c094,_ZN6icu_5823StringCharacterIteratorC2ERKS0_,0x70
0x90c104,_ZN6icu_5823StringCharacterIterator16getStaticClassIDEv,0xc
0x90c110,_ZN5titan3com9supercell2id15IdConnectedGame13getSystemNameEv,0x7c
0x90c18c,_ZN9LogicLong6decodeEP10ByteStream,0x48
0x90c1d4,_ZN12GameSettings17constructInstanceEv,0x30
0x90c204,_ZN5titan7android7content6Intent8hasExtraERK6String,0xb4
0x90c2b8,_ZN16AllianceSettings13buttonClickedEP12CustomButton,0x5e0
0x90c898,_ZN25TeamSetMemberReadyMessage6decodeEv,0x40
0x90c8d8,_ZNK9LogicLong6encodeEP15ChecksumEncoder,0x44
0x90c91c,_ZN22LogicUnlockSkinCommand19getUnlockCostInGemsEPK13LogicHomeModePK13LogicSkinData,0xac
0x90c9c8,_ZN39LogicClearESportsHubNotificationCommandC2Ev,0x2c
0x90c9f4,_ZN11LogicPlayer11baseDamagedEi,0xc
0x90ca00,_ZN10ByteStream27readFilteredStringReferenceEi,0x64
0x90ca64,_ZN27BrawlTvChannelNextUpMessageC2Ev,0x58
0x90cabc,_ZN8Databind15JSONInReflector8destructEv,0x40
0x90cafc,_ZN28TeamRequestJoinCancelMessageC2Ev,0x30
0x90cb2c,_ZN27RankedSeasonEndNotification6decodeEP10ByteStream,0x94
0x90cbc0,_ZN19LogicRankedRankData8destructEv,0x24
0x90cbe4,_ZN10DataGained21setParticleFlyOutTimeEf,0x8
0x90cbec,_ZN5Debug4initEPKc,0x4
0x90cbf0,_ZN4Font4loadEPKc,0x4
0x90cbf4,_ZN16DropGUIContainer16addConfirmButtonERK6String,0xac
0x90cca0,_ZN14LoginOkMessage25setYoozooPayNotifyUrlTypeEP6String,0x8
0x90cca8,_ZN4asio6detail7read_opINS_19basic_stream_socketINS_2ip3tcpENS_15any_io_executorEEENS_17mutable_buffers_1EPKNS_14mutable_bufferENS0_14transfer_all_tEZN9Messaging15startSocketReadERKNSt6__ndk110shared_ptrIvEEE3$_3EclERKNSD_10error_codeEmi,0x4d8
0x90d180,_ZNK15LogicJSONString7getTypeEv,0x8
0x90d188,_ZN24ResourceReferenceManager11incRefCountERK6String,0xac
0x90d234,_ZN20LogicCharacterServer18giveSlipperyDebuffEii,0x4
0x90d238,_ZN22AccountSwitchedMessage8destructEv,0x5c
0x90d294,_ZN34AskForJoinableAlliancesListMessage6encodeEv,0x4
0x90d298,_hb_buffer_add,0x94
0x90d32c,_ZN6icu_5810UnicodeSet21applyIntPropertyValueE9UPropertyiR10UErrorCode,0xd8
0x90d404,_ZN31SinglePlayerMatchRequestMessage8destructEv,0x28
0x90d42c,_ZN29DeviceLinkSuccesfullNewScreen8doReloadEv,0x1c
0x90d448,_ZN4Shop30updateEnabledCategoryShortcutsEv,0x1b0
0x90d5f8,_ZN10UrlBuilder9urlDecodeERK6String,0x134
0x90d72c,_ZN28RankedMatchTerminatedMessage6decodeEv,0x1a0
0x90d8cc,_ZN18StreamEntryFactory23createStreamEntryByTypeEi,0xd4
0x90d9a0,_ZN12ResourceList16setResourceCountEPK17LogicResourceDatai,0x44
0x90d9e4,_ZN9AntiCheat18setAntiCheatStatusEi,0x14
0x90d9f8,_ZN22LogicLocationThemeData16createReferencesEv,0x350
0x90dd48,_ZN33AllianceStreamEntryRemovedMessageC2Ei,0x30
0x90dd78,_ZN15LogicItemServer9addTargetEi,0x174
0x90deec,_ZL18initial_reorderingPK18hb_ot_shape_plan_tP9hb_font_tP11hb_buffer_t.15115,0x50c
0x90e3f8,_ZN23BindKakaoAccountMessageC2Ev,0x38
0x90e430,_ZN14BattleEndPopup16showWaitingPopupEv,0x88
0x90e4b8,_ZN14LogicDailyData38getFirstPastSeasonWithUnclaimedRewardsEPK13LogicHomeMode,0x118
0x90e5d0,_ZN10DataGainedD2Ev,0x22c
0x90e7fc,_ZNK18LogicCharacterData13getDeathSoundEPK13LogicSkinData,0x44
0x90e840,_ZN5lzham11lzham_msizeEPv,0x28
0x90e868,_ZN20LogicCharacterServer12stopMovementEv,0x2c
0x90e894,_ZN14SettingsScreen11setApiTokenERK6Stringi,0xe4
0x90e978,_ZN5titan3com9supercell5titan11SupercellId21requestConnectedGamesEv,0x7c
0x90e9f4,_ZN5titan4java4util7HashMapC2Ev,0x38
0x90ea2c,_ZN15DownloadManagerD2Ev,0x1ec
0x90ec18,_ZNK21LogicBattleModeClient20getInitialRandomSeedEv,0x8
0x90ec20,_ZN11Application32isAmazonDeviceMessagingSupportedEv,0x4
0x90ec24,_ZN20GoogleServiceManager25googleServiceSignInFailedEv,0x1c
0x90ec40,_ZN24AllianceJoinRequestPopup6updateEf,0x58
0x90ec98,_ZN20LogicCharacterServer16AIthrowLaserBallEPS_b,0x744
0x90f3dc,_ZN9sc3dWorld19configureWorldLayerEibffN11RenderQueue7SortingENS0_14DepthWriteModeEPK17StencilParameters,0x1ac
0x90f588,_ZN28UdpLatencyTestRequestMessage8destructEv,0x38
0x90f5c0,_ZN19SelectLocationPopup17requestPlayerMapsEb,0x24
0x90f5e4,_ZN6icu_588RBBINode9findNodesEPNS_7UVectorENS0_8NodeTypeER10UErrorCode,0x80
0x90f664,_ZN11DragHandler11setPositionEfff,0x2c
0x90f690,_ZN17LogicGamePlayUtil26getPlayerCountWithGameModeEi,0x3c
0x90f6cc,_ZL12path_move_toPvff,0xb0
0x90f77c,_ZN13GoHomeMessage20getClearActiveBattleEv,0x8
0x90f784,_ZN20AllianceTeamsMessage8destructEv,0x9c
0x90f820,_ZN15LogicJSONNumber8destructEv,0x2c
0x90f84c,_ZNKSt6__ndk110__function6__funcIZN11Application25prepareAttributionMessageEvE3$_3NS_9allocatorIS3_EEFbvEE11target_typeEv,0xc
0x90f858,_ZN30AvatarNameCheckResponseMessage10setInvalidEb,0xc
0x90f864,_ZThn8_NK9Character8getAngleEv,0x24
0x90f888,_ZN32RankedMatchPickHeroFailedMessage6encodeEv,0x50
0x90f8d8,_ZN27LogicChangeResourcesCommand7executeEP13LogicHomeModeib,0x78
0x90f950,_ZNKSt6__ndk110__function6__funcIZN19EnvironmentRenderer6renderER9Matrix2x3R14ColorTransformifE3$_9NS_9allocatorIS7_EEFvvEE6targetERKSt9type_info,0x1c
0x90f96c,_ZN15SelectHeroPopup13destructItemsEv,0xb8
0x90fa24,_ZN11LogicPlayerC2Ev,0xc4
0x90fae8,_ZN16HelpshiftManager14getHelpshiftIdERK6String,0x8
0x90faf0,_ZNK18LogicHealthBarData21getEnemyExportNameBotEv,0x10
0x90fb00,_ZN29LogicChangeControlModeCommand10canExecuteEPK13LogicHomeModei,0x50
0x90fb50,_ZN14ScreenRecorder14startRecordingEv,0x4
0x90fb54,_Java_com_supercell_titan_SupercellId_isTutorialComplete,0x1c
0x90fb70,_ZN15LogicJSONParser11parseObjectERK6StringPi,0x330
0x90fea0,_ZN15DeeplinkManager17constructInstanceEv,0x30
0x90fed0,_ZN6icu_5819LanguageBreakEngineD2Ev,0x4
0x90fed4,_ZN13LogicGemOffer13containsEmoteEPK14LogicEmoteData,0x11c
0x90fff0,_ZNK28BindGamecenterAccountMessage14getMessageTypeEv,0x8
0x90fff8,_ZN15LogicStringUtil11intToStringEib,0xb0
0x9100a8,_ZNK11DragHandler24isHorizontalDragDisabledEb,0x34
0x9100dc,_ZN9EntryInfo12getSkinCountEPK13LogicHomeModePK18LogicCharacterData,0xd8
0x9101b4,_ZNSt6__ndk110__function6__funcIZZN11AndroidMain16onSurfaceChangedEiiENK3$_1clEvEUlvE_NS_9allocatorIS4_EEFvvEEclEv,0x8
0x9101bc,_ZNSt6__ndk110__function6__funcIZN3UIu15displayTestListEvE3$_0NS_9allocatorIS3_EEFRK6StringP5UICtxEED0Ev,0x4
0x9101c0,_ZN9MovieClip7stopAllEv,0x8c
0x91024c,_ZN9LogicUuidC2Exx,0x14
0x910260,_ZN24HighRateUdpPacketHandler21encryptAndSendMessageEP14PiranhaMessagef,0x1a0
0x910400,_ZNK37YoozooBillingProcessedByServerMessage14getMessageTypeEv,0x8
0x910408,_ZN7rg_etc114etc1_optimizer4initERKNS0_6paramsERNS0_7resultsE,0x340
0x910748,_ZN5lzham25adaptive_arith_data_modelC2Ebj,0xc
0x910754,_ZN9HeroPopup19closeCustomPopoversEv,0x10
0x910764,_ZN15LogicPathFinder3addEi,0x68
0x9107cc,_ZN17TeamCreateMessage6decodeEv,0x90
0x91085c,_ZNK6icu_5822BytesDictionaryMatcher7getTypeEv,0x8
0x910864,_ZNK17LogicClientAvatar8getScoreEv,0x118
0x91097c,_ZNK18HighRateUdpMessage12getMessageIdEv,0x8
0x910984,_ZN37KunlunBillingProcessedByServerMessage13setStatusCodeEi,0x8
0x91098c,_ZN13QuestionPopUp7setTextEPKcRK6Stringbbb,0xfc
0x910a88,_ZN23LogicMessagingConstants8destructEv,0x4
0x910a8c,_ZN31SinglePlayerMatchRequestMessage18getServiceNodeTypeEv,0x8
0x910a94,_ZN9RankPopup17backButtonPressedEv,0xc
0x910aa0,_ZN17HighRateUdpPacket24encodeOldestMessageFirstEP10ByteStreamii,0x354
0x910df4,_ZNK22LogicLocationThemeData15getFragileCountEv,0x10
0x910e04,_ZNSt6__ndk17__sort3IRZN11SkinPreviewC1EvE3$_0PNS_4pairIPK18LogicCharacterDataNS_6vectorIPK13LogicSkinDataNS_9allocatorISB_EEEEEEEEjT0_SH_SH_T_,0x1d4
0x910fd8,_ZN18LatencyTestSessionD2Ev,0xa8
0x911080,_ZN20LogicBattlePlayerMap20setCompressedMapDataEP21LogicCompressedString,0x64
0x9110e4,_ZN10scPackFile9getHeaderERK6scFileP16scPackFileHeader,0xa8
0x91118c,_ZN14LogicMapLoader8destructEv,0x9c
0x911228,_ZNK15AllianceManager12isInAllianceEv,0x38
0x911260,_ZN8HomeMode19closeCustomPopoversEbP13DisplayObject,0x14
0x911274,_ZN8HomePage18isTopItemAnimatingEv,0x74
0x9112e8,_ZNK14LogicSkillData12getMaxSpawnsEv,0x10
0x9112f8,_Java_com_supercell_titan_SupercellId_openSelfHelpPortal,0x8
0x911300,_ZNK9sc3dWorld9getCameraEv,0x8
0x911308,_ZN18PreRenderedTexture6renderER11RenderQueuePP13DisplayObjecti,0x84
0x91138c,_Z30hb_ot_layout_substitute_lookupPN2OT18hb_apply_context_tERKNS_11SubstLookupERK33hb_ot_layout_lookup_accelerator_t,0x4
0x911390,_ZN8GameMain28reloadGameAfterContentUpdateEv,0x10
0x9113a0,_ZN19LogicRawInReflector16reflectStringPtrEP6StringPKc,0x18
0x9113b8,_ZN29ChangeAllianceSettingsMessage6encodeEv,0x68
0x911420,_utrace_cleanup_58,0x38
0x911458,_ZN5titan3com9supercell5titan7GameApp23areNotificationsEnabledEv,0x5c
0x9114b4,_ZN44DebugPlayerMapReviewResultOverrideSetMessageC2Ei,0x38
0x9114ec,_ZN14TencentManager30clearAntiAddictionInstructionsEv,0x9c
0x911588,_ZN11CustomEvent6encodeEP10ByteStream,0x68
0x9115f0,_ZN22KeepAliveServerMessageC2Ev,0x34
0x911624,_ZN10SCTuneImpl7connectEv,0x60
0x911684,_ZN12ResourceList14readFromAvatarEPK17LogicClientAvatarPK17LogicResourceData,0x184
0x911808,_ZN15HomeStatusEntryC2Ev,0x10
0x911818,_ZN6icu_5815RBBIRuleScanner10stripRulesERKNS_13UnicodeStringE,0x180
0x911998,_ZN7GLImage16setTexParametersE9ImageWrap11ImageFilteri,0xe0
0x911a78,_ZNK11SCIDManager12isWindowOpenEv,0x10
0x911a88,_ZN8Databind15JSONInReflector10reflectIntEiRK6Stringi,0x3c
0x911ac4,_ZN20LogicJSONInReflector11enterObjectEPKc,0x84
0x911b48,_ZN15SpriteToTexture19stopRenderToTextureEv,0x4c
0x911b94,_ZN26ChampionshipChallengePopup9setupLogoEP9MovieClipii,0x2c4
0x911e58,_ZN24UdpConnectionInfoMessage12setSessionIdEPci,0x90
0x911ee8,_ZN12RenderSystem20updateLaserBallScoreEii,0x45c
0x912344,_Z13transformAabbR7Vector3IfES1_RK9xMatrix44,0x380
0x9126c4,_ZN12LocationItem17createQuestButtonEv,0x214
0x9128d8,_ZNK13BandMailPopup12getPopupTypeEv,0x8
0x9128e0,_ZN9TextField26setOriginalStringParameterEv,0xc
0x9128ec,_ZNK10BitmapFont20fitLineFloatAccuracyEPKcfiPfS1_f,0x31c
0x912c08,_ZN24RankedLeaderboardsScreen17refreshSeasonTabsEv,0x170
0x912d78,_ZN16DropGUIContainer13addGameButtonEP9MovieClipRK6String,0xb4
0x912e2c,_ZN12LogicVector310normalizeYEi,0x54
0x912e80,_ZN18AllianceMemberItem9refreshUIEv,0x208
0x913088,_ZNK37YoozooBillingProcessedByServerMessage13getStatusCodeEv,0x8
0x913090,_fill_window,0x304
0x913394,_ZNSt6__ndk110__function6__funcIZN29scMultithreadedLoadingManager6submitEP14scResourceDataRK18scResourceLoadInfoE3$_0NS_9allocatorIS8_EEFvvEED0Ev,0x3c
0x9133d0,_ZN12OnlinePlayer22setDataFromFriendEntryEP11FriendEntry,0xbc
0x91348c,_ZN11DebugLevels13buttonClickedEP12CustomButton,0x4
0x913490,_ZNK17CsvPatchRowAction15getActionStringEv,0x3c
0x9134cc,_ZN15sc3dWorldObject7setRollEf,0x5c
0x913528,_uprv_dl_close_58,0x1c
0x913544,_ZN25AcceptFriendFailedMessage6decodeEv,0x2c
0x913570,_ZN23LogicGameObjectListener8destructEv,0x4
0x913574,_ZN19GameSliderComponent26setCurrentValueToTextFieldEv,0x144
0x9136b8,_ZNK16GameStateManager19getStartTimeSecondsEv,0x8
0x9136c0,_ZN5Stage28calculateDisplayObjectBoundsEP13DisplayObjectPK6SpriteP4Rectb,0x48c
0x913b4c,_ZN14LogicDailyData14removeIntValueEi,0x108
0x913c54,_ZN3GUI13addDataGainedEP13DisplayObjectN10DataGained4TypeEifffbS1_PK9LogicData,0x1cc
0x913e20,_ZN13HeroInfoPopup6updateEf,0x118
0x913f38,_ZL20hb_ft_get_glyph_nameP9hb_font_tPvjPcjS1_,0x54
0x913f8c,_ZN17LogicGameModeUtil24isLeaveBattleSupportedInEi,0x40
0x913fcc,_ZN6icu_5817CharacterIteratorC2Ei,0x2c
0x913ff8,_ZN18RevokeNotification8destructEv,0x44
0x91403c,_ZL18data_destroy_indicPv,0x4
0x914040,_ZNK12LogicRewards12containsHeroEPK18LogicCharacterData,0x50
0x914090,_ZN7SBMBoneD2Ev,0x64
0x9140f4,_hb_set_allocation_successful,0xc
0x914100,_ZN18TextFieldWithLinks34addLinksByReplacingAllPlaceholdersEiRK6StringS2_,0x5c
0x91415c,_ZThn96_N8NewsPage13buttonClickedEP12CustomButton,0x94
0x9141f0,_ZN6xTimer21getPassedTimeMsDoubleEyy,0x24
0x914214,_ZN24LogicExpressionEvaluator13newDefaultEnvEv,0x38
0x91424c,_ZN18OwnHomeDataMessage8destructEv,0xc8
0x914314,_ZN26AllianceKickOutStreamEntry15setSenderHomeIdEP9LogicLong,0x8
0x91431c,_ZN30LogicSetPlayerNameColorCommandC2EPK18LogicNameColorData,0x34
0x914350,_ZN22SearchAlliancesMessage24getFindOnlyJoinableClansEv,0x8
0x914358,_ZN11Character3D20setThickOutlineWidthEv,0xc
0x914364,_ZNSt6__ndk110__function6__funcIZN11scTaskQueue3runIZN8TestCase14getStageHeightEvE3$_9EENS_13invoke_resultIT_JEE4typeES7_EUlvE_NS_9allocatorISA_EEFvvEED0Ev,0x4
0x914368,_uloc_openKeywordList_58,0xe0
0x914448,_ZN23HomeLogicStoppedMessage11setChecksumEi,0x8
0x914450,_ZNK37LogicSetESportsHubNotificationCommand6encodeEP15ChecksumEncoder,0x3c
0x91448c,_ZNK9UdpPacket6encodeEP10ByteStreami,0x280
0x91470c,_ZN17LogicDebugCommand15setIntParameterEi,0x8
0x914714,_ZNK9UdpPacket11getMessagesEv,0x8
0x91471c,_ZN22scThreadSafeRingBufferD2Ev,0x44
0x914760,_ZNK34PurchaseOfferHighlightPopupHandler17hasNonModelOffersEv,0x4c
0x9147ac,_ZN8HeroItem10setupItemsEv,0x5c8
0x914d74,_ZN14VideoAdManager11initVideoAdEPK13LogicHomeMode,0x4
0x914d78,_ZN16DropGUIContainerC2ERK6StringS2_b,0x4c
0x914dc4,_ZN22TeamMemberStatusButton12touchPressedERK5Touch,0x40
0x914e04,_ZL16shallowTextCloneP5UTextPKS_P10UErrorCode,0x238
0x91503c,_ZN2OTL14match_coverageEjRKNS_7IntTypeItLj2EEEPKv,0x168
0x9151a4,_ZN16ChatOptionsPopup13onSliderCloseEb,0x3c
0x9151e0,_ZN14LoginOkMessage16removeServerTimeEv,0x10
0x9151f0,_ZN27ReportAllianceStreamMessage8destructEv,0x44
0x915234,_ZNKSt6__ndk110__function6__funcIZN29scMultithreadedLoadingManager18initResourceThreadEvE3$_2NS_9allocatorIS3_EEFvvEE7__cloneEPNS0_6__baseIS6_EE,0x20
0x915254,_ZN10HomeScreen16onShopDataChangeEv,0x68
0x9152bc,_Java_com_supercell_titan_GameApp_setDeviceVerificationResult,0x58
0x915314,_ZN19AllianceDataMessageC2Ev,0x38
0x91534c,_ZN10SCIDWindow13buttonClickedEP12CustomButton,0xdc
0x915428,_Z23latencyDataSortByRegionP11LatencyDataS0_,0x10
0x915438,_ZNK11FriendEntry20getProfilePictureUrlEv,0x8
0x915440,_ZN26AllianceKickOutStreamEntry20setAllianceBadgeDataEPK22LogicAllianceBadgeData,0x8
0x915448,_ZN10LogicGoals17getSkinRewardNameEiiiPK13LogicHomeMode,0x110
0x915558,_ZNK17LogicClientAvatar16getDisplayedItemEiPK18LogicCharacterData,0x3c
0x915594,_ZN8HomeModeC2Ev,0x54
0x9155e8,_ZN11SCIDWebView14callbackStringERK6StringS2_,0xb4
0x91569c,_ZN11OnlinePopupC2Eiii,0x744
0x915de0,_ZN17LogicGameModeUtil35hasTimerAndCanEndBeforeTimerRunsOutEi,0x24
0x915e04,_ZN12MapEditorHUD13buttonClickedEP12CustomButton,0x43c
0x916240,_ZN3GUI26loadIconBasedOnPlaceholderEP9MovieClipRK6StringS4_i,0x150
0x916390,_ZN11SCIDManager17openPublicProfileERK6String,0x90
0x916420,_ZN28LogicGameObjectManagerServer8getItemsEv,0x8
0x916428,_ZNK9xMatrix449transformERK7Vector3IfE,0x50
0x916478,_ZN14SettingsScreen7openFaqEb,0x158
0x9165d0,_ZN27PersonalBreakStartedMessageC2Ei,0x30
0x916600,_ZN16scHapticFeedback20newFeedbackGeneratorE20scHapticFeedbackType,0x34
0x916634,_ZN18LogicHealthBarData16createReferencesEv,0x40
0x916674,_ZN15LogicJSONHelper12setLogicLongEP15LogicJSONObjectRK6StringPK9LogicLong,0xec
0x916760,_ZN10StreamItem13updateVisibleEf,0x4
0x916764,_ZNK12LogicGlobals22getResourceDiamondCostEi,0x184
0x9168e8,_ZN18LogicAnimationDataC2EP6CSVRowP14LogicDataTable,0x88
0x916970,_ZNK19LogicAreaEffectData18getChainAreaEffectEv,0x8
0x916978,_ZN19DebugPerformanceHud6renderEii,0x4
0x91697c,_ZNK9ClanPopup10isInfoOpenEv,0x20
0x91699c,_ZN25BattleReportStreamMessageC2Ei,0x30
0x9169cc,_ZN33AllianceStreamEntryRemovedMessage18getServiceNodeTypeEv,0x8
0x9169d4,_ZNK12TitanWebView9canGoBackEv,0xc
0x9169e0,_ZN17OnlineTeamupPopupD2Ev,0x64
0x916a44,_ZNK18LogicCharacterData16getDryFireEffectEv,0x8
0x916a4c,_ZNK6icu_586BMPSet12spanBackUTF8EPKhi17USetSpanCondition,0x224
0x916c70,_ZN13LogicSkinData28setSecondarySkillRecoilAnim2ERK6String,0x8
0x916c78,_ZN19DeviceLinkCodeInputC2EP9TextFieldP25DeviceLinkEnterCodeScreen,0x44
0x916cbc,_ZN14MessageManagerD0Ev,0x24
0x916ce0,_ZN21JoinRequestStreamItemC2EP11StreamEntry,0x2c8
0x916fa8,_ZN35GetAllianceInviteTokenResultMessage8setTokenEP6String,0x44
0x916fec,_ZN21LogicJSONOutReflector16reflectExitArrayEv,0x4
0x916ff0,_ZN20CreateAccountMessage8setEmailEP6String,0x8
0x916ff8,_ZN31TeamChangeMemberSettingsMessage18getServiceNodeTypeEv,0x8
0x917000,_ZN12LogicVersion8getBuildEi,0x8
0x917008,_ZN12jpeg_decoder12grey_convertEv,0x50
0x917058,_ZNK21LogicBattleModeServer22getTeamBotDamageToBaseEi,0x20
0x917078,_ZN4asio6detail17executor_function4implINS0_7binder2INS0_7read_opINS_19basic_stream_socketINS_2ip3tcpENS_15any_io_executorEEENS_17mutable_buffers_1EPKNS_14mutable_bufferENS0_14transfer_all_tEZN9Messaging15startSocketReadERKNSt6__ndk110shared_ptrIvEEE3$_3EENSG_10error_codeEmEENSG_9allocatorIvEEE3ptr5resetEv,0xf4
0x91716c,_ZN27AskForAddableFriendsMessage17removeFacebookIdsEv,0x10
0x91717c,_ZN28UdpLatencyTestRequestMessage6decodeEv,0x5c
0x9171d8,_ZN16RotateHeroButton6updateEf,0x29c
0x917474,_ZN5Track5eventERK6StringS2_S2_S2_S2_S2_S2_S2_S2_,0x4
0x917478,_ZN23TeamSetPlayerMapMessage6encodeEv,0x38
0x9174b0,_ZN14ChallengeEntry6encodeEP10ByteStream,0x58
0x917508,_ZN27BrawlTvChannelNextUpMessageC2EiiRK6String,0x84
0x91758c,_ZL30hb_font_get_glyph_h_origin_nilP9hb_font_tPvjPiS2_S1_,0x10
0x91759c,_ZN8Databind16DatabindTreeNodeD0Ev,0x64
0x917600,_ZN11RadioButton13buttonPressedEv,0x6c
0x91766c,_ZN15LogicJSONParser10parseErrorEPiRK6String,0x54
0x9176c0,_ZN17ParallelExecutionD0Ev,0xb8
0x917778,_ZN20LogicRawOutReflector31reflectReflectableReferenceBaseER29LogicReflectableReferenceBasePKci,0x90
0x917808,_ZN6String12getFormattedEPKcz,0x74
0x91787c,_ZN23FriendAvatarBaseMessage6decodeEv,0x3c
0x9178b8,_ZN20LogicCharacterServer11getSlamZAtTEf,0x8
0x9178c0,_ZN9EntryInfo7setStatEP16DropGUIContainerRK6StringS4_,0x50
0x917910,_ZN15LogicJSONNumber13setFloatValueEf,0x10
0x917920,_ZNK6CSVRow12getRowOffsetEv,0x8
0x917928,_ZN14BrawlPassPopup8scrollToEff,0x7c
0x9179a4,_ZN9EntryInfoD2Ev,0x5bc
0x917f60,_ZNK6icu_5815Normalizer2Impl30copyLowPrefixFromNulTerminatedEPKtiPNS_16ReorderingBufferER10UErrorCode,0x58
0x917fb8,_ZN20LogicCharacterServer14AICanRaiseDeadEv,0x8
0x917fc0,_ZN34PurchaseOfferHighlightPopupHandler20getIndexOfModelOfferEi,0x60
0x918020,_ZN11FriendEntry8destructEv,0x194
0x9181b4,_ZN8Material7getFileEv,0x8
0x9181bc,_ZN17LogicGamePlayUtil30lineSegmentIntersectsRectangleEiiiiiiiiP12LogicVector2,0x290
0x91844c,_ZN7UIPopupD0Ev,0x78
0x9184c4,_ZN30AvatarNameCheckResponseMessage15setFilteredNameEP6String,0x8
0x9184cc,_ZN8DebugHudC2EP4Font,0x3d4
0x9188a0,_ZN8GlobalID13getInstanceIDEi,0x28
0x9188c8,_ZNKSt6__ndk110__function6__funcIZN7GLImage6createEPKhi9ImageWrap11ImageFilterE3$_4NS_9allocatorIS7_EEFvvEE6targetERKSt9type_info,0x1c
0x9188e4,_ZN15ChecksumEncoder13writeLongLongEx,0x5c
0x918940,_ZN13QuestionPopUpC2EiP14PiranhaMessagePK6String,0xd64
0x9196a4,_ZN9EntryInfo17getVisiblePopoverEv,0x8
0x9196ac,_DynBuf_SeekToBeg,0x8
0x9196b4,_ZN20GameSelfhelpListener17getSelfhelpParamsEP15LogicJSONObject,0x4f8
0x919bac,_ZN9MovieClip17playOnceRecursiveEv,0xb8
0x919c64,_ZThn96_N25DeviceLinkMigrationScreen13buttonClickedEP12CustomButton,0x8
0x919c6c,_ZN5titan3com9supercell5titan21NativeFacebookManager31jniRequestNewPublishPermissionsEv,0x5c
0x919cc8,_ZN25progressive_block_decoder22decode_block_dc_refineEP12jpeg_decoderiii,0x9c
0x919d64,_inflate_0,0x18f4
0x91b658,_ZN28VanityItemRewardNotification6decodeEP10ByteStream,0x38
0x91b690,_ZNK37LogicPurchaseBrawlPassProgressCommand14getCommandTypeEv,0x8
0x91b698,_ZN30DeletePlayerMapResponseMessage12setErrorCodeEi,0x8
0x91b6a0,_ZNK22ClientContentValidator22checkTextureFileExistsERK6String,0x138
0x91b7d8,_ZN15ResourceManager7getFontEPKc,0x78
0x91b850,_ZThn96_N11DebugLevels13buttonClickedEP12CustomButton,0x4
0x91b854,_ZN15DownloadedImage6updateEf,0x124
0x91b978,_ZNK15LogicJSONObject14getJSONBooleanERK6String,0xd8
0x91ba50,_ZNKSt6__ndk110__function6__funcIZN8TestCase20drawDebugPercentagesEvE4$_21NS_9allocatorIS3_EEFvvEE7__cloneEPNS0_6__baseIS6_EE,0x10
0x91ba60,_ZN6icu_589BytesTrie8nextImplEPKhi,0xbc
0x91bb1c,_ZNK20LogicCharacterServer14getActiveSkillEi,0x8c
0x91bba8,_ZN18HomePageTeamMemberD0Ev,0x24
0x91bbcc,_ZNKSt6__ndk110__function6__funcIZN19EnvironmentRenderer6renderER9Matrix2x3R14ColorTransformifE3$_6NS_9allocatorIS7_EEFvvEE6targetERKSt9type_info,0x1c
0x91bbe8,_ZN15LogicDataTables13getBossEffectEv,0xc
0x91bbf4,_enumTypeRange,0xc
0x91bc00,_ZN28LogicChangeAvatarNameCommand6decodeEP10ByteStream,0x9c
0x91bc9c,_ZN27GoogleBillingRequestMessage15setCurrencyCodeERK6String,0x8
0x91bca4,_ZN12RenderSystem25setMapEditorDraggableTileEPK13LogicTileDataiii,0x120
0x91bdc4,_ZNK13HeroModelItem16getAnalyticsNameEv,0x80
0x91be44,_ZThn8_N10LoginState13buttonClickedEP12CustomButton,0x94
0x91bed8,_ZNK15KakaoConnection10isLoggedInEv,0x18
0x91bef0,_ZN11DragHandler14touchCancelledEi,0xd4
0x91bfc4,_ZNK29AvatarNameChangeFailedMessage14getMessageTypeEv,0x8
0x91bfcc,_ZNK16LogicSkillServer15getRechargeTimeEPK20LogicCharacterServer,0x90
0x91c05c,_ZNSt6__ndk110__function6__funcIZN19SupercellIdCallback11bindAccountEP8_jobjectRK6StringS7_S7_S7_bE3$_1NS_9allocatorIS8_EEFvvEE18destroy_deallocateEv,0x40
0x91c09c,_inflateResetKeep,0xa4
0x91c140,_ZN25RecentButtonTargetHandler13buttonClickedEP12CustomButton,0xd8
0x91c218,_ZN16DropGUIContainer16addConfirmButtonEPKc,0x9c
0x91c2b4,_ZN27ClaimRankRewardPopupHandler20purchaseButtonTappedEv,0x50
0x91c304,_ZN16TrophyRoadButton9getButtonEv,0x8
0x91c30c,_ZN5Track14setGlobalParamERK6StringS2_,0x4
0x91c310,_UDatamemory_assign_58,0x24
0x91c334,_ZN13YoozooManager21onFcmStatisticsResultEiii,0xc
0x91c340,_ZN26RankedTeamSelectionManager8isBannedEPK18LogicCharacterData,0x2c
0x91c36c,_ZNSt6__ndk110__function6__funcIZN27BattleEndRankedRankUpScreen14addExecutionToEP18SequencedExecutionE3$_2NS_9allocatorIS5_EEFbvEEclEv,0x14
0x91c380,_ZN11FriendEntry15setAllianceNameEP6String,0x8
0x91c388,_ZN27YoozooOrderAvailableMessage6decodeEv,0xf0
0x91c478,_ZN13LogicJSONNode12asJSONStringEb,0x8c
0x91c504,_ZN22TeamRequestJoinMessageC2EP9LogicLongS1_,0x44
0x91c548,_ZN24UdpConnectionInfoMessage6decodeEv,0x8c
0x91c5d4,_Z16android_log_infoPKc,0x1c
0x91c5f0,_ZN20LogicCharacterServer12getPosAtTickEiR12LogicVector2S1_,0x318
0x91c908,_ZN2OTL28propagate_attachment_offsetsEP19hb_glyph_position_tj14hb_direction_t,0x1ec
0x91caf4,_u_memcpy_58,0x34
0x91cb28,_ZNK27GoogleBillingRequestMessage15getPurchaseDataEv,0x8
0x91cb30,_ZN14BattleLogPopup13buttonClickedEP12CustomButton,0x22c
0x91cd5c,_ZN19SupercellIdCallback15getPendingLoginEP8_jobject,0x1b0
0x91cf0c,_ZN20EventSuggestionPopupD0Ev,0xb0
0x91cfbc,_ZN9CombatHUD15KilledPlayerHUDC2Ev,0x10
0x91cfcc,_ZNK18LogicHealthBarData22getPlayerExportNameTopEv,0x10
0x91cfdc,_ZNK13LogicCardData10isDisabledEv,0x10
0x91cfec,_ZN14BattleEndPopup42addDefaultExitButtonToExecutionIfNecessaryEP17ParallelExecution,0x74
0x91d060,_ZN6CSVRow19setDefaultRowValuesEv,0x54
0x91d0b4,_ZN12BattleScreen11ultiSwappedEv,0xc
0x91d0c0,_ZN7Popover7fadeOutEv,0xc
0x91d0cc,_ZNK31CafeBazaarBillingRequestMessage9getProdIdEv,0x8
0x91d0d4,_ZNK6icu_5813UnicodeString11moveIndex32Eii,0x124
0x91d1f8,_ZN5titan3com9supercell5titan12TitanWebView4evalERK6String,0xac
0x91d2a4,_ZN27BillingRequestFailedMessage18getServiceNodeTypeEv,0x8
0x91d2ac,_ZNK20LogicCharacterServer23isTargetVisibleToAttackEPS_b,0x284
0x91d530,_ZN16DeviceLinkWindowD0Ev,0xe4
0x91d614,_ZNK29LogicReflectableReferenceBase10getClassIdEv,0x30
0x91d644,_ZN25LogicCooldownAddedCommand16addCooldownEntryEP13CooldownEntry,0x158
0x91d79c,_ZNK10BattleMode18playerIsVictoriousEv,0xec
0x91d888,_ZN17UIMovieClipGetterD2Ev,0x68
0x91d8f0,_ZN5lzham12lzcompressor5state4initERNS_7CLZBaseEjj,0x148
0x91da38,_ZN14UdpLaserSocket5closeEv,0x48
0x91da80,_ZNK24LogicExpressionEvaluator12callInternalEiPK17LogicIntArrayListii,0x9c
0x91db1c,_ZNK22KeepAliveServerMessage14getMessageTypeEv,0x8
0x91db24,_ZNK18LogicCharacterData16canWalkOverWaterEv,0x10
0x91db34,_ZNKSt6__ndk110__function6__funcIZN14LineConnection6logoutEvE3$_4NS_9allocatorIS3_EEFvbPKN8linecorp4nova5ErrorEEE7__cloneEv,0x24
0x91db58,_ZNK13LogicTileData10getShadowXEv,0x24
0x91db7c,_ZN6icu_589BytesTrie6appendERNS_8ByteSinkEi,0x58
0x91dbd4,_ZNK25LogicPurchaseOfferCommand6encodeEP15ChecksumEncoder,0x40
0x91dc14,_ZN11AndroidMain9_gameStopEv,0x24c
0x91de60,_ZNK11FriendEntry6equalsEPv,0x34
0x91de94,_ZN13HeroInfoPopup12getSkillTextEPK13LogicCardData,0x3e4
0x91e278,_ZNK22LogicLocationThemeData12getForestSCWEv,0x10
0x91e288,_ZN27GetTokenFriendResultMessageC2Ev,0x38
0x91e2c0,_ZN19AvatarStreamManager16destructInstanceEv,0xcc
0x91e38c,_ZNK17LogicSkinConfData21getHeroScreenIdleFaceEv,0x10
0x91e39c,_ZNSt6__ndk120__shared_ptr_pointerIPvZNK14scMemoryHandle10createViewES1_mPFvRKS2_EE3$_0NS_9allocatorIvEEE16__on_zero_sharedEv,0x14
0x91e3b0,_ZNK21AllianceMemberMessage14getMessageTypeEv,0x8
0x91e3b8,_ZL22stringIteratorSetStateP13UCharIteratorjP10UErrorCode,0x50
0x91e408,_ZN12AllianceInfo21updateTabNotificationEP9MovieClipPiib,0xb8
0x91e4c0,_Ppmd7_Construct,0x1c0
0x91e680,_ZN35RespondToAllianceJoinRequestMessage18getServiceNodeTypeEv,0x8
0x91e688,_ZN11Application20getAdvertiserIDAsyncEv,0x140
0x91e7c8,_ubrk_close_58,0x14
0x91e7dc,_ZN10InboxPopupD0Ev,0x24
0x91e800,_ZN12LocationItemD0Ev,0x24
0x91e824,_ZN19StartMissionMessageC2Ev,0x30
0x91e854,_ZN20PlayerThumbnailPopupD0Ev,0xb0
0x91e904,_ZN12DebugObjects7getNameEPv,0x194
0x91ea98,_ZN8Databind14IDatabindTable13duplicateNodeEPNS_16DatabindTreeNodeEPKc,0x160
0x91ebf8,_ZN5titan3com9supercell5titan15UnbotifyManager12startContextERK6String,0x8c
0x91ec84,_ZNKSt6__ndk110__function6__funcIZN14LineConnection6logoutEvE3$_4NS_9allocatorIS3_EEFvbPKN8linecorp4nova5ErrorEEE7__cloneEPNS0_6__baseISB_EE,0x10
0x91ec94,_ZNSt6__ndk110__function6__funcIZN29scMultithreadedLoadingManager18initResourceThreadEvE3$_2NS_9allocatorIS3_EEFvvEE7destroyEv,0x4
0x91ec98,_ZN22ClientContentValidator20validateLocationDataEPK17LogicLocationData,0xdbc
0x91fa54,_ZN8ItemIcon15checkUnlockAnimEv,0x3c
0x91fa90,_hb_buffer_reverse_range,0x120
0x91fbb0,_ZN11ReferralURL20getSharedReferralURLEv,0x40
0x91fbf0,_ZN37KunlunBillingProcessedByServerMessage8destructEv,0x48
0x91fc38,_ZN27BrawlTvChannelNextUpMessage18getServiceNodeTypeEv,0x8
0x91fc40,_ZNK14PiranhaMessage18getMessageTypeNameEv,0x10
0x91fc50,_ZNK13DisplayObject9isGrayOutEv,0xc
0x91fc5c,_ZN14BattleEndPopup33getVisualRankedRankProgressChangeEPK26LogicRankedMatchRoundStatePiS3_S3_S3_,0xb8
0x91fd14,_ZN14TitanOutStream7writeU8Es,0x58
0x91fd6c,_ZN14VideoAdManager9playVideoEP15VideoAdListenerRK6StringS4_,0x4
0x91fd70,_ZN10LZMAReaderD0Ev,0x24
0x91fd94,_ZN15LogicClientHome19createOfflineEventsEv,0x18cc
0x921660,_ZL11record_stchPK18hb_ot_shape_plan_tP9hb_font_tP11hb_buffer_t,0x64
0x9216c4,_ZN21LogicBattleModeServer18objectiveDestroyedEi,0x298
0x92195c,_ucase_toupper_58,0x104
0x921a60,_ZN13LogicSkinData28setBossAutoAttackRecoilAnim2ERK6String,0x8
0x921a68,_ZN14BlingTextField11setGradientEPK22LogicColorGradientData,0x10
0x921a78,_ZNKSt6__ndk110__function6__funcIZN19EnvironmentRenderer6renderER9Matrix2x3R14ColorTransformifE3$_1NS_9allocatorIS7_EEFvvEE7__cloneEPNS0_6__baseISA_EE,0x18
0x921a90,_ZN7CSVNode7addNodeEPS_,0x148
0x921bd8,_ZN9CombatHUD6updateEf,0x6668
0x928240,_ZNK11wendelstein18CurlNoiseComponent14getFeatureBitsEv,0x8
0x928248,_ZN24ClientCryptoErrorMessage6encodeEv,0x28
0x928270,_ZN28LogicGameObjectFactoryClient25createGameObjectByClassIDEPK9LogicDatai,0xa4
0x928314,_ZN10Connection5closeEv,0x58
0x92836c,_unorm2_swap_58,0x268
0x9285d4,_ZN13ImpostorAtlas4packEi,0x104
0x9286d8,_ZN18BrawlTvChannelInfo6decodeEP10ByteStream,0x6c
0x928744,_ZN12SupercellSWF18putToMovieClipPoolEPKcP9MovieClip,0x58
0x92879c,_ZN19JoinAllianceMessage6decodeEv,0x2c
0x9287c8,_ZN15VertexAttribute14copyAttributesEPS_PKS_j,0xc
0x9287d4,_ZNK15ProLeagueScreen11getListTypeEv,0x8
0x9287dc,_ZN14TencentManager11getInstanceEv,0xc
0x9287e8,_ZN18LogicMapEditorModeC2Ev,0x94
0x92887c,_ZL8snprintfPcU17pass_object_size1mPKcz.13472,0x70
0x9288ec,_ZN28LogicClearShopTickersCommand13getOfferStateEPK13LogicHomeModeiii,0x13c
0x928a28,_ZNSt6__ndk110__function6__funcIZN11scTaskQueue3runIZN24DataLoaderLayeredTexture4loadEPKcRKNS_5arrayIiLm4EEEE3$_1EENS_13invoke_resultIT_JEE4typeESD_EUlvE_NS_9allocatorISG_EEFvvEE18destroy_deallocateEv,0x4
0x928a2c,_ZN18LogicGatchaCommand6decodeEP10ByteStream,0x38
0x928a64,_ZNK19LogicProjectileData11getScaleEndEv,0x14
0x928a78,_ZN9InputTool6updateEf,0x4
0x928a7c,_ZN12NSCIDManagerC2EP11SCIDManager,0x74
0x928af0,_ZN22EsportTournamentsPopup14getLandingPageEv,0x28
0x928b18,_ZN23AllianceResponseMessage6encodeEv,0x38
0x928b50,_ZNSt6__ndk110__function6__funcIZN11AndroidMain17backButtonPressedEvE3$_6NS_9allocatorIS3_EEFvvEE7destroyEv,0x4
0x928b54,_ZNSt6__ndk110__function6__funcIZN11AndroidMain23startedFromNotificationERK6StringE3$_8NS_9allocatorIS6_EEFvvEED2Ev,0x10
0x928b64,_ZN5titan3com9supercell5titan15PurchaseManager20arePaymentsAvailableEv,0x5c
0x928bc0,_ZN6icu_5813UnicodeStringC2EOS0_,0x1c
0x928bdc,_ZNK22LogicLocationThemeData21getBlocking1AngleStepEi,0x18
0x928bf4,_ZN16BufferedReadFile9readShortEv,0x28
0x928c1c,_ZThn8_NK16YoozooLoginState16getAnalyticsNameEv,0x80
0x928c9c,_ZN8Databind15JSONInReflector15reflectNextBoolEb,0x5c
0x928cf8,_ZNK37AskForPlayingGamecenterFriendsMessage14getMessageTypeEv,0x8
0x928d00,_ZN37GoogleBillingProcessedByServerMessage13setStatusCodeEi,0x8
0x928d08,_ZN13TextureSystem10getTextureERK6String,0x60
0x928d68,_ZNK12TencentLogin19getLoggedInPlatformEv,0xc
0x928d74,_ZNSt6__ndk16__sortIRZN11wendelstein17MovieClipRenderer6updateER5StagebRNS1_23MovieClipRendererBucketERKNS_6vectorINS1_8ParticleENS_9allocatorIS8_EEEEPP9MovieClipiifRK9xMatrix44PK7Vector3IfERSM_fE3$_0PiEEvT0_SS_T_,0x5f4
0x929368,_ZN16UdpReceiveBufferD2Ev,0xa0
0x929408,_ZN6icu_5810UnicodeSet4_addERKNS_13UnicodeStringE,0x160
0x929568,_ZN17CustomWorldObjectD0Ev,0x40
0x9295a8,_ZN14BattleEndPopup6is1Vs5Ev,0x14
0x9295bc,_ZN16BattleEndMessage6encodeEv,0x3b0
0x92996c,_ZN28scHapticFeedbackImpl_AndroidC2E20scHapticFeedbackType,0x18
0x929984,_ZL31hb_font_get_variation_glyph_nilP9hb_font_tPvjjPjS1_,0xc
0x929990,_ZN14FriendsManager16destructInstanceEv,0x38
0x9299c8,_ZNK11SCIDManager22getGameAccountNicknameEv,0xc
0x9299d4,_ZNK6String11lastIndexOfEii,0x22c
0x929c00,_ZN14LoginOkMessage20setServerEnvironmentEP6String,0x8
0x929c08,_ZN13YoozooManager4initEv,0x7c
0x929c84,_ZN12SupercellSWF13cacheIntArrayEiPib,0x78
0x929cfc,_ZN34JoinAllianceUsingInvitationMessage18getServiceNodeTypeEv,0x8
0x929d04,_ZN25SetCountryResponseMessageC2EiPK15LogicRegionData,0x48
0x929d4c,_ZNK15ChatStreamEntry6encodeEP15ChecksumEncoder,0x34
0x929d80,_ZNK21UnbotifyReportMessage14getMessageTypeEv,0x8
0x929d88,_ZL11preloadSkinP16ResourceListenerPK13LogicSkinDatab,0x500
0x92a288,_ZN8DebugHud10initShaderERK6String,0x13c
0x92a3c4,_ZN19NameChangeSubScreen10setUseBackEb,0xc
0x92a3d0,_ZNK14SceneCharacter7getFaceEi,0x38
0x92a408,_ZN18LogicGatchaCommand10canExecuteEPK13LogicHomeModei,0x158
0x92a560,_ZN5titan3com9supercell5titan14HelpshiftTitan19setCustomIssueFieldERK6StringS6_S6_,0xcc
0x92a62c,_ZN27GoogleBillingRequestMessage8setPriceERK6String,0x8
0x92a634,_ZN22UdpSingleMessagePacket9setSenderEPKv,0x8
0x92a63c,_ZN31AskForPlayingLineFriendsMessage6encodeEv,0x88
0x92a6c4,_ZN20AdjustPackageMessage8destructEv,0x30
0x92a6f4,_ZNK12GameSettings12isSfxEnabledEv,0x10
0x92a704,_hb_buffer_set_cluster_level,0x14
0x92a718,_ZN6scglTF8loadSkinERNS_20PrimitiveLoadContextE,0x29c
0x92a9b4,_ZN29RankedMatchPickStartedMessage6decodeEv,0x84
0x92aa38,_ZThn96_N19SuggestBrawlerPopup13buttonClickedEP12CustomButton,0x8
0x92aa40,_ZN12WaitingPopup8onStatusEP24MatchMakingStatusMessage,0x1b8
0x92abf8,_ZN4Gate6updateEf,0x8
0x92ac00,_ZN14TitanOutStream8writeUTFEP6String,0xb4
0x92acb4,_ZN12FileTemplateD0Ev,0x4
0x92acb8,_Hc4_MatchFinder_GetMatches,0x2f4
0x92afac,_ZN13WVSCIDManager11closeWindowEb,0x88
0x92b034,_ZN31LogicPurchaseDoubleCoinsCommand7executeEP13LogicHomeModeib,0x1a0
0x92b1d4,_ZN12NSCIDManager19accountAlreadyBoundEv,0x8
0x92b1dc,_ZN14ShadowRenderer10addSegmentEffff,0x2bc
0x92b498,_ZN35GetAllianceInviteTokenResultMessage13setResultCodeEi,0x8
0x92b4a0,_ZN11GameWebView12updateBoundsEv,0x44
0x92b4e4,_ZN20SeasonRewardsMessage14clearEventListEv,0xcc
0x92b5b0,_ZN4GateD0Ev,0x34
0x92b5e4,_hb_font_get_glyph_h_advance,0x18
0x92b5fc,_ZN8HomePage34setUpDefaultButtonClipNotificationEP9MovieClipiib,0x10c
0x92b708,_ZN21LogicRankRewardConfigC2Ev,0x10
0x92b718,_ZN20LogicCharacterServer19addExtraHealthRegenEiiiPK9LogicData,0x4
0x92b71c,_ZN22EsportTournamentsPopup6updateEf,0x4c
0x92b768,_ZL16setCommonICUDataP11UDataMemoryaP10UErrorCode,0x298
0x92ba00,_ZNK11SCIDWebView9canGoBackEv,0x18
0x92ba18,_uhash_hashUnicodeString_58,0x54
0x92ba6c,_ZNKSt6__ndk110__function6__funcIZN11scTaskQueue3runIZN7GLImage6createEiiiPKh9ImageWrap11ImageFilterE3$_7EENS_13invoke_resultIT_JEE4typeESB_EUlvE_NS_9allocatorISE_EEFvvEE7__cloneEv,0x38
0x92baa4,_ZN15DraggableButtonC2Ev,0x5c
0x92bb00,_ZN6Friend18setLoadedFromKakaoEb,0xc
0x92bb0c,_ZNKSt6__ndk110__function6__funcIZN19SupercellIdCallback11bindAccountEP8_jobjectRK6StringS7_S7_S7_bE3$_1NS_9allocatorIS8_EEFvvEE6targetERKSt9type_info,0x1c
0x92bb28,_ZN21LogicAreaEffectServer26removeGameObjectReferencesEPK21LogicGameObjectServeri,0x28
0x92bb50,_Z39Java_com_supercell_titan_GameApp_updateP7_JNIEnvP7_jclass,0x8
0x92bb58,_ZNSt6__ndk110__function6__funcIZN19EnvironmentRenderer6renderER9Matrix2x3R14ColorTransformifE3$_4NS_9allocatorIS7_EEFvvEEclEv,0x60
0x92bbb8,_ZN26CreateAccountFailedMessage6encodeEv,0x28
0x92bbe0,_ZN6Sprite11removeChildEP13DisplayObject,0x28
0x92bc08,_ZN22SubmitPlayerMapMessage6decodeEv,0x28
0x92bc30,_ZN26LogicVanityItemSeenCommand6decodeEP10ByteStream,0x30
0x92bc60,_ZN12TitanWebView18setShowProgressBarEb,0x4
0x92bc64,_ZNKSt6__ndk110__function6__funcIZN11scTaskQueue3runIZN8TestCase23withFirstSpriteMatchingENS_8functionIFbP6SpriteEEENS5_IFvS7_EEEE4$_13EENS_13invoke_resultIT_JEE4typeESE_EUlvE_NS_9allocatorISH_EEFvvEE7__cloneEPNS0_6__baseISK_EE,0x18
0x92bc7c,_ZN5titan3com9supercell5titan7GameApp16isSignatureValidEv,0x5c
0x92bcd8,_Z49_hb_ot_shape_fallback_position_recategorize_marksPK18hb_ot_shape_plan_tP9hb_font_tP11hb_buffer_t,0xfc
0x92bdd4,_ZN15AllianceManagerC2Ev,0x74
0x92be48,_ZNK10NativeFont12getDescenderEv,0x8
0x92be50,_ZN26ChampionshipChallengePopup17backButtonPressedEv,0xc
0x92be5c,_ZNKSt6__ndk110__function6__funcIZN8TestCase6dragToER5TouchfE4$_16NS_9allocatorIS5_EEFvvEE6targetERKSt9type_info,0x1c
0x92be78,_ZN10BadgePopupD2Ev,0xb4
0x92bf2c,_ZN9Messaging10disconnectEv,0xb8
0x92bfe4,_ZN17TopResourceButton11setValueTxtEi,0x7c
0x92c060,_ZN8SnowfallC2EPK14LogicThemeDatab,0x104
0x92c164,_ZNSt6__ndk110__function6__funcIZN11scTaskQueue3runIZN8TestCase17getStagePointSizeEvE4$_11EENS_13invoke_resultIT_JEE4typeES7_EUlvE_NS_9allocatorISA_EEFvvEE7destroyEv,0x4
0x92c168,_ZN33DebugNewbieCoopOverrideSetMessage6decodeEv,0x2c
0x92c194,_ZN5lzham12symbol_codec11remove_bitsEj,0x100
0x92c294,_ZNK11RevokePopup12getPopupTypeEv,0x8
0x92c29c,_ZNSt6__ndk110__function6__funcIZN8TestCase11touchSpriteEP6SpriteE3$_1NS_9allocatorIS5_EEFvvEE18destroy_deallocateEv,0x4
0x92c2a0,_ZN5titan3com9supercell5titan21NativeFacebookManager13jniFeedDialogERK6StringS6_S6_S6_S6_,0x10c
0x92c3ac,_ZN12GenericPopup13buttonClickedEP12CustomButton,0xc4
0x92c470,_ZN10NativeFont15NativeFormatter13getLineAscentEv,0x8
0x92c478,_ZL16getFoldingOffsetj,0x10
0x92c488,_hb_unicode_funcs_set_decompose_func,0x74
0x92c4fc,_ZN16GameStateManager23setServerIsShuttingDownEv,0xc
0x92c508,_ZNK13LogicCardData14hideDamageStatEv,0x10
0x92c518,_ZN20LogicCharacterServer16holdSkillStartedEv,0x28
0x92c540,_ZN19BrawlTVWaitingPopupC2Eb,0x374
0x92c8b4,_ZN24LogicExpressionEvaluator5clearEv,0x8
0x92c8bc,_ZN17TopResourceButtonD2Ev,0x64
0x92c920,_ZN10BadgePopupC2Ev,0x280
0x92cba0,_ZNSt6__ndk110__function6__funcIZN11AndroidMain23startedFromNotificationERK6StringE3$_9NS_9allocatorIS6_EEFbvEE18destroy_deallocateEv,0x4
0x92cba4,_ZN21CreateAllianceMessage16setRequiredScoreEi,0x8
0x92cbac,_ZN13LogicSkinData17setHeroScreenAnimERK6String,0x8
0x92cbb4,_ZN20AnalyticEventMessage18getServiceNodeTypeEv,0x8
0x92cbbc,_ZN6icu_5822UCharCharacterIterator8previousEv,0x28
0x92cbe4,_ZNK14LogicMusicData7getLoopEi,0x18
0x92cbfc,_ZN12SupercellSWF10cacheShortEsb,0x70
0x92cc6c,_ZN26ChampionshipChallengePopup14loadRewardAnimEP9MovieClipPK18LogicChallengeDataP21ChronosResourceHelper,0x1a0
0x92ce0c,_ZNK17AllianceFullEntry5cloneEv,0x104
0x92cf10,_ZN14BattleTutorial12TutorialStep15forceStopPlayerEP23LogicCharacterClientOwn,0x88
0x92cf98,_ZNK21LogicBattleModeServer20getInitialRandomSeedEv,0x8
0x92cfa0,_ZN22SearchAlliancesMessage8setScoreEi,0x8
0x92cfa8,_ZN6icu_5820RBBISymbolTableEntryD2Ev,0x60
0x92d008,_ZN33LogicViewInboxNotificationCommand7executeEP13LogicHomeModeib,0xa40
0x92da48,_ZNK9UdpPacket6encodeEP10ByteStream,0x8
0x92da50,_ZN14LoginOkMessage16removeFacebookIdEv,0x10
0x92da60,_ZNK21LogicTutorialStepData13getAnimationXEv,0x10
0x92da70,_ZN12GUIContainerD2Ev,0xf0
0x92db60,_ZN10TeamStream13setAreaHeightEf,0x4c
0x92dbac,_ZNK9TeamPopup18isFriendlySurvivalEv,0x38
0x92dbe4,_ZN8TestCase15addChildButtonsEP6SpriteRNSt6__ndk16vectorIP12CustomButtonNS2_9allocatorIS5_EEEE,0x2a0
0x92de84,_lv1_frida_killer__ZL14parse_proc_tcpPKcS0_PFviE,0xd84
0x92ec08,_ZN17LogicClientAvatar30setCumulativePurchasedDiamondsEi,0x8
0x92ec10,_ZNKSt6__ndk110__function6__funcIZN21RankedTeamSelectPopup6updateEfE3$_0NS_9allocatorIS3_EEFP9ExecutionvEE7__cloneEv,0x38
0x92ec48,_ZN11SoundSystem17constructInstanceEii,0x48
0x92ec90,_ZNK14LogicDailyData29hasUnlockedSkinPurchaseOptionEPK13LogicSkinData,0x38
0x92ecc8,_ZN15LogicDataTables25getDefaultPlayerThumbnailEv,0x18
0x92ece0,_ZN4Shop24useBigOfferForSkinBundleEPK16LogicOfferBundle,0x8c
0x92ed6c,_ZN26SkinPreviewAnimationButton13buttonPressedEv,0x4
0x92ed70,_ZN16BattleEndMessage32createDummyTeamDeathmatchMessageEiP21LogicBattleModeServeriii,0x640
0x92f3b0,_ZN5titan3com6google7android4play4core5tasks4Task21addOnCompleteListenerERKNS5_18OnCompleteListenerE,0x13c
0x92f4ec,_ZN24UdpConnectionInfoMessage11removeNonceEv,0x28
0x92f514,_ZNK17LogicGameCalendar7getHourEv,0x8
0x92f51c,_ZNK11SCIDAccount4saveEb,0x214
0x92f730,_ZN8Material16setCustomBooleanERK6Stringb,0x4
0x92f734,_ZN6CSVRow11addIntValueEii,0x58
0x92f78c,_ZN30SCIDAccountAlreadyBoundMessage8destructEv,0xc4
0x92f850,_ZN7GLImage10genTextureEv,0x48
0x92f898,_ZN8Renderer15renderImmediateEN8DrawMode4EnumEPKvPKtjPK15VertexAttributej,0x170
0x92fa08,_ZNK9TextField8getAlignEv,0x8
0x92fa10,_ZN13FriendsScreen9createTabEi,0x1e4
0x92fbf4,_ZNK19SelectLocationPopup15showResourceHUDEv,0x10
0x92fc04,_ZN6Effect12setBoneScaleEf,0x68
0x92fc6c,_ZN11hb_buffer_t10copy_glyphEv,0xac
0x92fd18,_ZN29LogicReflectableContainerBaseC2EiPKc,0x114
0x92fe2c,_ZN13YoozooManager27handleAntiAddictionThrowOutEv,0x28
0x92fe54,_ZNK23LogicRankedLocationData10isDisabledEv,0x10
0x92fe64,_ZN21LogicProjectileServer16getCirclingPosAtEiR12LogicVector2,0x8
0x92fe6c,_ZN25TeamBotSlotDisableMessageC2Ev,0x38
0x92fea4,_ZN11Character3D24shouldForceEnableStencilEP8Sprite3DP7SCWFile,0x298
0x93013c,_ZNK18LogicCharacterData8isBarrelEv,0x20
0x93015c,_ZN12LogicVector210normalizeXEi,0x44
0x9301a0,_Java_com_supercell_titan_VirtualKeyboardHandler_keyboardSizeChanged,0x78
0x930218,_ZN15StarPointsPopupC2EP22StarPointsNotification,0x2f8
0x930510,_egc_iter_next,0xa0
0x9305b0,_ZN12RenderSystem11respawnTileEii,0x54
0x930604,_ZN10LogicGoals23resolveHeroPowerUnlocksEv,0x188
0x93078c,_ZN8TestCase13ButtonExposer13getButtonNameEP12CustomButton,0xc
0x930798,_ZNKSt6__ndk110__function6__funcIZ43Java_com_supercell_titan_Kakao_inviteResultE3$_2NS_9allocatorIS2_EEFvvEE7__cloneEv,0x48
0x9307e0,_ZN15StageBucketRectD2Ev,0xc
0x9307ec,_ZN23FriendListUpdateMessageC2Ev,0x3c
0x930828,_ZN10ScrollArea10addContentEP13DisplayObject,0x28
0x930850,_ZN20UnmuteChatStreamItem13buttonClickedEP12CustomButton,0x78
0x9308c8,_ZN11LogicPlayer11setSpawnPosEii,0x10
0x9308d8,_ZN9sc3dWorld10setVisibleEb,0x10
0x9308e8,_ZN18QuitMapEditorPopupC2Eb,0x238
0x930b20,_ZN31ChallengeSkinRewardNotification6encodeEP15ChecksumEncoder,0x48
0x930b68,_ZN23BattleReportStreamEntry16setBattleLogJSONEP6String,0x8
0x930b70,_ZN19GameSliderComponent15setCurrentValueEi,0x8
0x930b78,_ZN19SuggestBrawlerPopup17backButtonPressedEv,0xc
0x930b84,_ZN20SupercellIdOfferItemC2ERK6StringS2_,0xa4
0x930c28,_ZN6Shader10setTextureEjii,0x70
0x930c98,_hb_font_set_funcs,0x98
0x930d30,_ZNK6String8containsEPKc,0x50
0x930d80,_lv1_frida_killer__ZL8snprintfPcU17pass_object_size1mPKcz,0x108
0x930e88,_ZNK8HomeMode8isPausedEv,0x28
0x930eb0,_ZNKSt6__ndk110__function6__funcIZN19EnvironmentRenderer6renderER9Matrix2x3R14ColorTransformifE3$_8NS_9allocatorIS7_EEFvvEE11target_typeEv,0xc
0x930ebc,_ZL17setup_masks_indicPK18hb_ot_shape_plan_tP11hb_buffer_tP9hb_font_t,0x38
0x930ef4,_ZNK11InputSystem8getTouchEi,0x160
0x931054,_ZN36GamecenterAccountAlreadyBoundMessage15removeAccountIdEv,0x10
0x931064,_ZN17AnimationInstance7setClipEP9MovieClip,0x8c
0x9310f0,_ZL13ustrenum_nextP12UEnumerationPiP10UErrorCode,0x10
0x931100,_ZN9MovieClip8pauseAllEv,0x8c
0x93118c,_ZNSt6__ndk110__function6__funcIZN19EnvironmentRenderer6renderER9Matrix2x3R14ColorTransformifE3$_6NS_9allocatorIS7_EEFvvEE18destroy_deallocateEv,0x4
0x931190,_ZN4Shop15createListOfferEP16LogicOfferBundleRK6StringS4_S4_ii,0xdc
0x93126c,_ZNK6CSVRow11getRowCountEv,0xc
0x931278,_ZN13YoozooManager21setDefaultEventParamsERN6yoozoo4java4util7HashMapE,0x968
0x931be0,_ZN12KakaoManager6logoutEv,0x5c
0x931c3c,_ZN15MapEditorScreen26handleSaveMapResultMessageEP14PiranhaMessage,0xb4
0x931cf0,_ZNK18LogicAccessoryData8getRangeEv,0x10
0x931d00,_ZN23SetTeamChatMutedMessage18getServiceNodeTypeEv,0x8
0x931d08,_ZN19PlayerStatusMessageC2Ev,0x34
0x931d3c,_ZNK10NativeFont10getLeadingEv,0x8
0x931d44,_ZNK23SetTeamChatMutedMessage14getMessageTypeEv,0x8
0x931d4c,_ZN21LogicBattleModeServer13getCurrentMVPEv,0x8c
0x931dd8,_ZNKSt6__ndk110__function6__funcIZN11AndroidMain16onSurfaceChangedEiiE3$_1NS_9allocatorIS3_EEFvvEE11target_typeEv,0xc
0x931de4,_ZN14BrawlPassPopup11getConfDataEv,0x1c
0x931e00,_ZN10HomeScreen13questsChangedEv,0x60
0x931e60,_ZN29AuthenticationResponseMessage6decodeEv,0x30
0x931e90,_u_hasBinaryProperty_58,0x2c
0x931ebc,_ZN21SectionShortcutButton13buttonPressedEv,0x20
0x931edc,_ZN19StartLoadingMessage12setPlayerMapEP20LogicBattlePlayerMap,0x48
0x931f24,_ZN16SelectableButton11setSelectedEb,0x24
0x931f48,_ZN12AllianceInfo20addItemsToScrollAreaEv,0x2d4
0x93221c,_ZN9Messaging15encryptAndWriteEP14PiranhaMessage,0x384
0x9325a0,_ZN12Reachability6createEv,0x24
0x9325c4,_ZN15UIListContainerC2EP9TextFieldiii,0x3d8
0x93299c,_ZNK14TencentManager19isPlatformInstalledEi,0x18
0x9329b4,_Z20decompressBlockETC2cjjPhiiiii,0xc8
0x932a7c,_ZNK22LogicLocationThemeData21getBlocking4AngleStepEi,0x18
0x932a94,_ZN15ParticleEmitter11endPlaybackEv,0x14
0x932aa8,_ZN28BindGamecenterAccountMessage14removeBundleIDEv,0x10
0x932ab8,_ZNK31CafeBazaarBillingRequestMessage8getPriceEv,0x8
0x932ac0,_ZN29LogicGiveDeliveryItemsCommand8destructEv,0x124
0x932be4,_ZNK18LogicGemBundleData5isREDEv,0x8
0x932bec,_ZN13TextureSprite17setCustomAddColorEi,0x10
0x932bfc,_ZN16HelpshiftManagerC2Ev,0x30
0x932c2c,_ZNK6icu_5810UnicodeSet17matchesIndexValueEh,0xec
0x932d18,_ZN18LoginFailedMessage7setTierEi,0x8
0x932d20,_ZN8HomeModeD2Ev,0x118
0x932e38,_ZN31BillingCancelledByClientMessage8destructEv,0x98
0x932ed0,_ZN15MapEditorScreen4saveEv,0x1e0
0x9330b0,_ZN9LogicMath3maxExx,0xc
0x9330bc,_ZN14TouchContainerD2Ev,0x78
0x933134,_ZNK6icu_5815Normalizer2Impl9decomposeERKNS_13UnicodeStringERS1_R10UErrorCode,0x148
0x93327c,_ZN23GetSeasonRewardsMessage8destructEv,0x24
0x9332a0,_ZN12LocationItem12getEventSlotEv,0x18
0x9332b8,_ZNK13EnterAgePopup28allowClosingFromModalTappingEv,0x8
0x9332c0,_ZNK19LogicAreaEffectData8getScaleEv,0x10
0x9332d0,_ZN7Streams19writeStringToStreamEPKcjR9OutStream,0x278
0x933548,_ZN31ChangeAllianceMemberRoleMessageC2Ei,0x34
0x93357c,_ZNK6String8offsetAtEi,0xb8
0x933634,_ZN22TeamSetLocationMessage8destructEv,0x48
0x93367c,_ZN12WaitingPopup6updateEf,0x788
0x933e04,_ZN8CSVTable15setIntegerValueEiRK6Stringi,0xf4
0x933ef8,_ZN12scZstdReader7readIntEv,0xfc
0x933ff4,_ZN15sc3dWorldObject10touchMovedERK5Touch,0x8
0x933ffc,_Z34transformPositionNormalTangentNEONiPKcPciiiiiiiiPK9xMatrix44S4_iiR7Vector3IfES7_,0x2e8
0x9342e4,_ZN27ClaimRankRewardPopupHandlerD0Ev,0x40
0x934324,_ZN6icu_5819RBBIStateDescriptorD2Ev,0x64
0x934388,_ZN17TencentLoginState25closeChinaLoginExtraTermsEv,0x40
0x9343c8,_ZN14BrawlPassPopup19rankUpRewardClaimedEiP13LogicGemOfferi,0x84
0x93444c,_ZNK14LogicAccessory19canPlaceSpringBoardEP20LogicCharacterServer,0x8
0x934454,_ZN17HighRateUdpSocket19sendHandshakePacketEP17HighRateUdpPacket,0x15c
0x9345b0,_ZNK28LogicGameObjectManagerServer29isPositionVisibleToPlayerTeamEPK12LogicTileMapiiP14LogicArrayListIP22LogicTeamMemberElementEiib,0x140
0x9346f0,_ZN30StarPointMigrationNotification8destructEv,0x24
0x934714,_ZN12LogicVector23addEii,0x14
0x934728,_ZN17PlayerDisplayData6encodeEP10ByteStream,0x80
0x9347a8,_ZN28LogicClearShopTickersCommand7executeEP13LogicHomeModeib,0x1a4
0x93494c,_ZNK23AddFriendByEmailMessage14getMessageTypeEv,0x8
0x934954,_ZN20scCryptoStreamFilter5flushEv,0x54
0x9349a8,_sub_9349A8,0xe8
0x934a90,_sub_934A90,0xcc
0x934bfc,_sub_934BFC,0x8e8
0x9354e4,_sub_9354E4,0x3c
0x935610,_sub_935610,0x24
0x935714,_sub_935714,0x44
0x935794,_sub_935794,0x40
0x9358bc,_sub_9358BC,0xc
0x935920,_sub_935920,0x38
0x935a74,_sub_935A74,0x10
0x935b54,_sub_935B54,0x4
0x935b90,_sub_935B90,0x34
0x935c00,_sub_935C00,0x24
0x935dd4,_sub_935DD4,0x2c
0x935f60,_sub_935F60,0x2c
0x936060,_sub_936060,0x3c
0x9362f4,_sub_9362F4,0x6c
0x9363b0,_sub_9363B0,0x50
0x9364d8,_sub_9364D8,0x30
0x93661c,_sub_93661C,0x3c
0x936658,_sub_936658,0x3e0c
0x93a4dc,_sub_93A4DC,0x14
0x93a538,_sub_93A538,0x20
0x93a594,_sub_93A594,0x8
0x93a688,_sub_93A688,0x18
0x93a70c,_ZN5titan7android7content3res19AssetFileDescriptorC2EP8_jobject,0xbc
0x93a7c8,_ZN24LogicAttackSpecialParamsC2Ev,0x20
0x93a7e8,_ZN15FacebookManager14facebookLogoutEv,0x8
0x93a7f0,_ZN20LogicCharacterServer11setUpgradesEP17LogicHeroUpgrades,0x3b0
0x93aba0,_ZN8Settings20getAccessoryPositionEv,0xc
0x93abac,_zcalloc_0,0x8
0x93abb4,_ZNK15TeamSearchPopup12getPopupTypeEv,0x8
0x93abbc,_ZN14LogicDailyData19setClanCreatedTodayEv,0x150
0x93ad0c,_ZNK11TeamManager27getPendingRequestPlayerNameEv,0x8
0x93ad14,_ZN10HomeScreen19displayInboxMessageEv,0x55c
0x93b270,_ZN12FilterEffect6updateEi,0x274
0x93b4e4,_ZN11scTaskQueueC2Ev,0x68
0x93b54c,_ZN21LogicAreaEffectClient6decodeEP9BitStreamib,0xa4
0x93b5f0,_ZN12SoundManager9playMusicEPK14LogicMusicData,0x410
0x93ba00,_ZN13LogicConfData23findAvailableEventByGmvEiP15LogicClientHome,0x304
0x93bd04,_ZN6icu_5815RBBIRuleScanner5parseEv,0x438
0x93c13c,_ZN16ByteStreamHelper8compressEP10ByteStreamS1_,0x1b0
0x93c2ec,_ZN12KakaoManager18friendListReceivedEP14LogicArrayListIP11FriendEntryE,0x334
0x93c620,_compress2,0xf8
0x93c718,_ZN9InboxItem10setCaptionERK6Stringii,0x1c4
0x93c8dc,_ZNK15LogicEffectData13getFollowBoneEv,0x8
0x93c8e4,_ZN22EsportTournamentsPopup13buttonClickedEP12CustomButton,0x4c
0x93c930,_ZN11FontManager16destructInstanceEv,0x38
0x93c968,_ZN13ListContainer28refreshEntriesUnderSeparatorEP9MovieClip14LogicArrayListIP13DisplayObjectEffi,0x15c
0x93cac4,_ZN21LogicProjectileServer18executeChainBulletEiiP20LogicCharacterServer,0x4
0x93cac8,_ZN26LogicMersenneTwisterRandom6decodeEP10ByteStream,0x60
0x93cb28,_ZNK11LogicPlayer17getDamageReceivedEv,0x3c
0x93cb64,_uloc_getLCID_58,0x16c
0x93ccd0,_ZNK20AnalyticEventMessage16getAnalyticEventEv,0x8
0x93ccd8,_ZN4Shop13setOfferStateEiiii,0x70
0x93cd48,_ZN9EmoteIcon12getEmoteClipEv,0x8
0x93cd50,_ZN12SoundManager26playSoundWithPitchModifierEPK14LogicSoundDataf,0x18
0x93cd68,_ZN3GUI18closeTutorialPopupEPK17LogicTutorialData,0x4
0x93cd6c,_ZN5titan3com9supercell5titan14HelpshiftTitan24setPushNotificationTokenERK6String,0x8c
0x93cdf8,_ZNK30UpdatePlayerMapResponseMessage12getErrorCodeEv,0x8
0x93ce00,_ZN15EffectManager2DC2Ev,0x9c
0x93ce9c,_crc32,0x8
0x93cea4,_ZNK20BattleLogPlayerEntry6encodeEP10ByteStream,0xc0
0x93cf64,_ZN4Shop7getHomeEv,0x18
0x93cf7c,_ZN5titan4java4lang6ObjectC2EP8_jobject,0xbc
0x93d038,_ZN23SCIDAccountBoundMessage19setSupercellIdTokenEP6String,0x5c
0x93d094,_ZN11SCIDWebViewD2Ev,0xd8
0x93d16c,_ZNK27FacebookAccountBoundMessage14getMessageTypeEv,0x8
0x93d174,_ZN25BindTencentAccountMessage6encodeEv,0x44
0x93d1b8,_ZN18AntiAddictionCheckC2ERK6Stringi,0x50
0x93d208,_ZN28LogicSendAllianceMailCommand8setTitleEP6String,0x8
0x93d210,_ZN11SCIDManager10removeItemERK6String,0x34
0x93d244,_ZNK9LogicData12isReferencedEv,0x8
0x93d24c,_ZN7PageGUI7addPageEP8PageItemi,0x17c
0x93d3c8,_ZN19ResetAccountMessage6decodeEv,0x2c
0x93d3f4,_ZNSt6__ndk110__function6__funcIZN11scTaskQueue3runIZN11AndroidMain15_gameBackgroundEvE4$_16EENS_13invoke_resultIT_JEE4typeES7_EUlvE_NS_9allocatorISA_EEFvvEEclEv,0x40
0x93d434,_ZN5titan7android7content2pm11SigningInfo18hasMultipleSignersEv,0x7c
0x93d4b0,_ZN12TencentLogin10loginGuestEb,0x4
0x93d4b4,_ZNK16LogicOfferBundle17isHeroBundleOfferEv,0xf4
0x93d5a8,_ZNK12LogicTileMap20getVisibilityRadiusYEiiiib,0x98
0x93d640,_ZN21UILocalizedTextSetterC2ERK6String,0x50
0x93d690,_ZN15AllianceManager23destructAllianceMembersEv,0x90
0x93d720,_ZN15BrawlPassButton6updateEf,0x60
0x93d780,_egc_iter_close,0x2c
0x93d7ac,_ZN18BrawlTvChannelInfoC2EP10ByteStream,0x78
0x93d824,_hb_font_funcs_set_glyph_extents_func,0x8c
0x93d8b0,_ZN29GamecenterAccountBoundMessage8destructEv,0x28
0x93d8d8,_ZN23LogicRankedLocationData8destructEv,0x24
0x93d8fc,_ZN20LogicCharacterServer19addConsumableShieldEi,0x3c
0x93d938,_ZN21LogicSkinCampaignData8destructEv,0x4
0x93d93c,_ZN11BasePageGUI7endDragEv,0x124
0x93da60,_ZN9Messaging10readHeaderEPKvRiS2_S2_,0x40
0x93daa0,_ZN8MainPage12refreshStateEv,0x378
0x93de18,_ustrcase_internalToUpper_58,0x388
0x93e1a0,_ZN6icu_5815Normalizer2ImplD2Ev,0x5c
0x93e1fc,_ZN14LoginOkMessage24removeAccountCreatedDateEv,0x10
0x93e20c,_ZN27HomeBattleReplayDataMessage6encodeEv,0x3c
0x93e248,_ZNK22ShapeDrawBitmapCommand20get9SliceCoordinateXEfPK4RectS2_f,0x64
0x93e2ac,_ZN28DeviceLinkCodeReceivedScreen6updateEf,0xd0
0x93e37c,_ZN29HomeBattleReplayViewedMessage16getReplayShardIdEv,0x8
0x93e384,_ZThn96_N20DeviceLinkInfoScreen13buttonClickedEP12CustomButton,0x34
0x93e3b8,_ZNK14LogicDailyData18shopHasOfferTickerEPK13LogicHomeMode,0xc0
0x93e478,_ZN8HomePageD2Ev,0x6dc
0x93eb54,_ZN20CreatePlayerMapPopup16chosenEnvChangedEv,0x78
0x93ebcc,_ZNK10GameObject11getGlobalIDEv,0xc
0x93ebd8,_ZN24TextInputVirtualKeyboard16setMaxTextLengthEi,0x10
0x93ebe8,_ZN7Shape3d11setViewportEffff,0x1c
0x93ec04,_ZN27TeamJoinOrCreateRoomMessage8destructEv,0x40
0x93ec44,_ZNSt6__ndk110__function6__funcIZN11scTaskQueue3runIZN10SWFTexture4loadEP12SupercellSWFbibbbbRK6StringE3$_1EENS_13invoke_resultIT_JEE4typeESC_EUlvE_NS_9allocatorISF_EEFvvEE7destroyEv,0x4
0x93ec48,_ZNK6icu_586Locale17getDynamicClassIDEv,0xc
0x93ec54,_ZNK31CafeBazaarBillingRequestMessage6getTIDEv,0x8
0x93ec5c,_ZN15AllianceManager16getTeamForPlayerEP12OnlinePlayer,0x14
0x93ec70,_ZNKSt6__ndk110__function6__funcIZN19EnvironmentRenderer6renderER9Matrix2x3R14ColorTransformifE4$_11NS_9allocatorIS7_EEFvvEE7__cloneEv,0x38
0x93eca8,_ZN16PlayAgainMessageC2Eb,0x38
0x93ece0,_ZThn96_N10PlayerInfo13buttonClickedEP12CustomButton,0x8
0x93ece8,_ZNK12LogicVector215getAngleBetweenEii,0x50
0x93ed38,_ZNK9xMatrix44cvPKfEv,0x4
0x93ed3c,_ZN19DebugPerformanceHud10setEnabledEb,0x18
0x93ed54,_ZN13LogicGemOffer6encodeEP15ChecksumEncoder,0x64
0x93edb8,_ZN24DataTableResourcesLoader17constructInstanceEv,0x30
0x93ede8,_ZNKSt6__ndk110__function6__funcIZN11AndroidMain14destroySurfaceEvE3$_3NS_9allocatorIS3_EEFvvEE6targetERKSt9type_info,0x1c
0x93ee04,_ZN5titan4java8security13MessageDigest6digestERKNSt6__ndk16vectorISt4byteNS3_9allocatorIS5_EEEE,0xf4
0x93eef8,_ZN20LogicRawOutReflectorC2EP15ChecksumEncoder,0x10
0x93ef08,_ZN18LatencyTestSession21openUdpTestConnectionEi,0x12c
0x93f034,_ZThn336_N19SuggestBrawlerPopupD1Ev,0x8
0x93f03c,_ZNK8HomeMode18hasLogicClientHomeEv,0x24
0x93f060,_ZN6icu_5811StringPieceC2ERKS0_i,0x2c
0x93f08c,_ZN14LoginOkMessage12setTencentIdEP6String,0x8
0x93f094,_ZNK19LogicAreaEffectData16getOwnExportNameEv,0x10
0x93f0a4,_ZN5Scene24applyMeshTransformationsEP8Skeleton,0x88
0x93f12c,_ZN16OutOfSyncMessageC2Ei,0x34
0x93f160,_ZN14MessageManager26setSortLatencyReportOptionEb,0xc
0x93f16c,_ZN11TeamManager10createTeamEiiiPK9LogicLong,0x24c
0x93f3b8,_ZN19EnvironmentRenderer12addCharacterEPK18LogicCharacterDataPK13LogicSkinDataP18LogicAnimationDataPK13LogicFaceData,0x208
0x93f5c0,_ZN21SpeechBubbleCharacterD2Ev,0xa8
0x93f668,_ZN15ResourceManager23getMissingDeferredFilesEv,0x654
0x93fcbc,_ZN6icu_5815RBBIRuleScannerD0Ev,0x24
0x93fce0,_ZNK22LogicLocationThemeData28getMapPreviewGoal2ExportNameEv,0x10
0x93fcf0,_ZNK21SpectateFailedMessage14getMessageTypeEv,0x8
0x93fcf8,_ZN8Settings14setUltiOpacityEf,0x78
0x93fd70,_ZNSt6__ndk110__function6__funcIZN11AndroidMain18onSurfaceDestroyedEvE3$_2NS_9allocatorIS3_EEFvvEED0Ev,0x4
0x93fd74,_ZN14LogicEmoteData8destructEv,0x2c
0x93fda0,_utrace_entry_58,0x20
0x93fdc0,_ZN11ForcedDrops8destructEv,0x8
0x93fdc8,_uhash_rehash,0x29c
0x940064,_ZN8HomePage17getTeamDifficultyEv,0x5c
0x9400c0,_ZN27ReportAllianceStreamMessageC2Ev,0x34
0x9400f4,_ZNK15sc3dWorldCamera12tileToScreenEfffRfS0_,0xc8
0x9401bc,_ZN14LogicReflector18reflectReflectableEP16LogicReflectablePKci,0x138
0x9402f4,_ZNSt6__ndk110__function6__funcIZ54Java_com_supercell_titan_GoogleServiceClient_onSignOutP7_JNIEnvP7_jclassE3$_1NS_9allocatorIS6_EEFvvEE7destroyEv,0x4
0x9402f8,_ZN18AttackRadiusSpriteD2Ev,0x9c
0x940394,_ZN5lzham37raw_quasi_adaptive_huffman_data_modelD2Ev,0xa4
0x940438,_ZN19StartMissionMessage6decodeEv,0x4
0x94043c,_ZN11TeamManager13onTeamMessageEP11TeamMessage,0x694
0x940ad0,_ZNK13EffectManager22getLastCreatedEffectIdEv,0x8
0x940ad8,_ZNKSt6__ndk110__function6__funcIZN11AndroidMain15_gameBackgroundEvE4$_16NS_9allocatorIS3_EEFvvEE7__cloneEv,0x38
0x940b10,_ZNK19LogicAreaEffectData11getFileNameEv,0x10
0x940b20,_ZN15AllianceManager6updateEf,0x4
0x940b24,_Ppmd7_Update1,0xd8
0x940bfc,_ZN13StencilSprite7cleanupEv,0x74
0x940c70,_ZN30LogicDeviceLinkResponseMessage12setErrorCodeEi,0x8
0x940c78,_ZN11VanityItems11setBoolPropEPK9LogicDataib,0x50
0x940cc8,_ZNK8Geometry10isBoneUsedEi,0x88
0x940d50,_ZN12TitanWebView4evalERK6String,0x40
0x940d90,_ZNK29LogicBrawlPassUnlockedCommand14getCommandTypeEv,0x8
0x940d98,_ZN9LogicMath3minEii,0xc
0x940da4,_ZN13TextureSpriteC2Ev,0x40
0x940de4,_ZN14StreamItemList19closeStreamPopoversEv,0x10
0x940df4,_ZNKSt6__ndk110__function6__funcIZN12scFilesystem10layerAddedERKNS_10shared_ptrI17scAbstractFSLayerEEE3$_2NS_9allocatorIS8_EEFvPNS2_9IListenerEEE7__cloneEPNS0_6__baseISD_EE,0x38
0x940e2c,_ZN9ClanPopup13touchReleasedERK5Touch,0x18
0x940e44,_ZN8TailItemC2EP9MovieClipP14BrawlPassPopupi,0x84
0x940ec8,_ZNK18LogicCharacterData30getTwoWeaponAttackEffectOffsetEv,0x10
0x940ed8,_ZN8GameMain11showIAPInfoEv,0x164
0x94103c,_ZN20PlayerNameColorPopup17backButtonPressedEv,0xc
0x941048,_ZNSt6__ndk110__function6__funcIZN19SupercellIdCallback14friendsChangedEP8_jobjectP13_jobjectArrayE4$_14NS_9allocatorIS7_EEFvvEED0Ev,0x4
0x94104c,_ZN5titan3com9supercell5titan14HelpshiftTitan10enableChatEv,0x5c
0x9410a8,_ZN15LogicDataTables19getAreaEffectByNameERK6StringPK9LogicData,0x20
0x9410c8,_ZN37YoozooBillingProcessedByServerMessageC2Ei,0x88
0x941150,_ZNK18WaitingPopupRanked10isFinishedEv,0x6c
0x9411bc,_ZN6icu_5820UnicodeSetStringSpanC2ERKS0_RKNS_7UVectorE,0xfc
0x9412b8,_ZN4Path9cachePathEv,0x10
0x9412c8,_ZNK12GUIContainer9getButtonEi,0xc
0x9412d4,_ZNK12LogicTileMap30isPlayerLineOfSightAlmostClearEiiiii,0x19c
0x941470,_ZN18ClientInputManagerD2Ev,0xc0
0x941530,_ZN12LocationItem20autoSelectEventMode1Ev,0x4
0x941534,_ZN20LogicCharacterServer18getMaxChargedShotsEv,0x28
0x94155c,_ZN32RankedMatchPickHeroFailedMessage18getServiceNodeTypeEv,0x8
0x941564,_ZThn96_N10SkinsPopup13buttonClickedEP12CustomButton,0x70
0x9415d4,_ZNSt6__ndk110__function6__funcIZN11scTaskQueue3runIZN8TestCase11pressButtonEP12CustomButtonE3$_0EENS_13invoke_resultIT_JEE4typeES9_EUlvE_NS_9allocatorISC_EEFvvEED0Ev,0x4
0x9415d8,_ZNK17LogicRewardConfig8toStringEv,0x110
0x941760,_ZN30LogicDeleteNotificationCommand6decodeEP10ByteStream,0x4c
0x9417ac,_ZNK12NSCIDManager15getGATrackingIdEv,0x5c
0x941808,_ZNKSt6__ndk110__function6__funcIZN7GLImage14updateSubImageEPKhiiiE3$_9NS_9allocatorIS5_EEFvvEE6targetERKSt9type_info,0x1c
0x941824,_u_getCombiningClass_58,0xe0
0x941904,_ZNSt6__ndk110__function6__funcIZN8TestCase28getAllSpritesVisibleMatchingI12CustomButtonZNS2_28getButtonsWithTextFieldValueE6StringbbS5_E4$_22EENS_6vectorIPT_NS_9allocatorIS9_EEEET0_EUlvE_NSA_ISE_EEFP6SpritevEE7destroyEv,0x4
0x941908,_ZN10BattleMode16hibernateStartedEv,0x4
0x94190c,_ZN17LogicClientAvatar10unlockHeroEPK13LogicCardData,0x118
0x941a24,_ZN5lzham37raw_quasi_adaptive_huffman_data_modelaSERKS0_,0x24
0x941a48,_uprv_stableBinarySearch_58,0x100
0x941b48,_ZNK9TeamPopup18isFriendlyBossRaceEv,0x38
0x941b80,_Java_com_supercell_titan_GameApp_nOnTouchEvent,0x6c
0x941bec,_ZN15AllianceManager18getTeamForPlayerIdEPK9LogicLongbb,0x10c
0x941cf8,_ZNKSt6__ndk110__function6__funcIZN19EnvironmentRenderer6renderER9Matrix2x3R14ColorTransformifE3$_9NS_9allocatorIS7_EEFvvEE11target_typeEv,0xc
0x941d04,_ARMT_Convert,0x14c
0x941e50,_ZN17ResourceReference7releaseEv,0x48
0x941e98,_ZN5titan3com9supercell5titan14HelpshiftTitan13clearMetadataEv,0x5c
0x941ef4,_ZN24DataTableResourcesLoader14initDataTablesEv,0x38
0x941f2c,_ZN15LogicJSONObject3putERK6StringP13LogicJSONNode,0x23c
0x942168,_ZN19EnvironmentRenderer14addNodeEffectsEP15sc3dWorldObject,0x314
0x94247c,_ZN20CreateAccountMessage6decodeEv,0x88
0x942504,_ZNK14BillingManager13isInitializedEv,0x10
0x942514,_ZN10HomeScreen21resourceRewardClaimedEPK17LogicResourceDatai,0x110
0x942624,_ZN36AppleBillingProcessedByServerMessageC2Ei,0x74
0x942698,_ZN17ChatOptionsSlider13addGameButtonEP9MovieClipPKc,0x114
0x9427ac,_ZNK20LogicCharacterClient18getSkillRechargeMsEP21LogicBattleModeClient,0x114
0x9428c0,_ZL17charIterTextCloneP5UTextPKS_aP10UErrorCode,0x1e8
0x942aa8,_ZN27LogicChangeResourcesCommandC2EPK17LogicResourceDatai,0x4c
0x942af4,_ZNK6StringltERKS_,0x3c
0x942b30,_ZNK8CSVTable14isEmptyValueAtEii,0x1c
0x942b4c,_ZN21LogicBattleModeClientC2Ev,0x190
0x942cdc,_ZThn96_N20PlayerNameColorPopup13buttonClickedEP12CustomButton,0x8
0x942ce4,_Z37decompressBlockDifferentialWithAlphaCjjPhS_iiiii,0x1038
0x943d1c,_ZNK18DeliveryCardsPopup10getDropCtgEP10GatchaDrop,0x5c
0x943d78,_Z9unprojectfffPKfS0_PKiPfS3_S3_,0x114
0x943e8c,_hb_font_set_parent,0x40
0x943ecc,_ZN9LogicLongC2Ex,0x1c
0x943ee8,_ZN17PlayHeroAnimationD2Ev,0x14
0x943efc,_ZN21SpeechBubbleCharacter6updateEf,0x70
0x943f6c,_ZNK19LogicAreaEffectData21getSkinnedCustomValueEv,0x10
0x943f7c,_ZNK18LogicClientGlobals14getStringArrayERK6String,0x18
0x943f94,_ZN15GameSCIDManager17isConfigFeatureOnEPK10SCIDConfigRK6StringS5_,0xac
0x944040,_ZN21DeviceLinkErrorScreenD0Ev,0x40
0x944080,_ZN14EnterNamePopup18checkMaxPixelWidthEv,0x4c
0x9440cc,_ZNSt6__ndk110__function6__funcIZN11scTaskQueue3runIZN7GLImage14updateSubImageEPKhiiiE3$_9EENS_13invoke_resultIT_JEE4typeES9_EUlvE_NS_9allocatorISC_EEFvvEE7destroyEv,0x4
0x9440d0,_ZN19SuggestBrawlerPopupC2EP9LogicLong,0x204
0x9442d4,_ZN12WaitingPopup19cancelButtonPressedEv,0x6c
0x944340,_ZN29TeamRequestJoinApproveMessage8destructEv,0x34
0x944374,_ZN20DeviceLinkInfoScreen13buttonClickedEP12CustomButton,0x34
0x9443a8,_ZN14TitanOutStream7writeI8Ec,0x10
0x9443b8,_ZN15LogicPathFinder11isClearPathEiiiiibbbb,0x138
0x9444f0,_ZN22DeletePlayerMapMessage6decodeEv,0x28
0x944518,_ZL15decompose_indicPK31hb_ot_shape_normalize_context_tjPjS2_,0x298
0x9447b0,_ZNK10BitmapFont7fitLineEPKciiPiS1_f,0x78
0x944828,_ZNK15MapEditorScreen15getMapEditorHUDEv,0x8
0x944830,_ZN13AnalyticEventC2ERK6String,0x70
0x9448a0,_ZN6FadeInD0Ev,0x3c
0x9448dc,_ZNK18LogicClientGlobals11getIntValueERK6String,0x18
0x9448f4,_ZN13DisplayObject19setVisibleRecursiveEb,0xc
0x944900,_ZN13LogicSkinData17getSkinFeatureTIDEi,0xa4
0x9449a4,_ZN33LogicDeviceLinkCodeRequestMessage8destructEv,0x4
0x9449a8,_ZN8TestCase12getBuildInfoEv,0x10
0x9449b8,_ZN11Application17getUserAgentAsyncEv,0x174
0x944b2c,_ZNK22LogicLocationThemeData12getBannerSWFEv,0x10
0x944b3c,_hb_buffer_serialize_format_to_string,0x40
0x944b7c,_ZNK23HomeLogicStoppedMessage11getChecksumEv,0x8
0x944b84,_ZNKSt6__ndk110__function6__funcIZN8TestCase7touchUpEvE4$_18NS_9allocatorIS3_EEFvvEE7__cloneEPNS0_6__baseIS6_EE,0x40
0x944bc4,_ZNK24LogicExpressionEvaluator10isCompiledEv,0x10
0x944bd4,_ZN9EntryInfo17displayTrophyInfoEPK18LogicCharacterDataP13DisplayObject,0x1d4
0x944da8,_hb_ot_layout_script_find_language,0x280
0x945028,_ZL15unistrTextCloneP5UTextPKS_aP10UErrorCode,0x80
0x9450a8,_ZN8GameMain15deleteUnusedSfxEv,0x4
0x9450ac,_ZN14ShadowRenderer21beginVisibilityUpdateEv,0x38
0x9450e4,_ZNSt6__ndk110__function6__funcIZN32NativeFacebookConnectionCallback8userInfoERK6StringE3$_3NS_9allocatorIS6_EEFvvEED0Ev,0x4c
0x945130,_ZN14BillingManager26handlePurchaseConfirmationEb,0x50
0x945180,_ZN6icu_5813UnicodeStringC2ERKS0_,0x20
0x9451a0,_ZNK15LogicClientHome17isEventSlotLockedEi,0xe8
0x945288,_ZN30SCIDAccountAlreadyBoundMessage6encodeEv,0x88
0x945310,_ZN38BrawlPassAutoCollectSeasonNotification6encodeEP15ChecksumEncoder,0x40
0x945350,_ZN11VanityItems24getBattleCategoryForSlotEi,0x24
0x945374,_ZNKSt6__ndk110__function6__funcIZZN11AndroidMain16onSurfaceChangedEiiENK3$_1clEvEUlvE_NS_9allocatorIS4_EEFvvEE6targetERKSt9type_info,0x1c
0x945390,_ZN15LogicDataTables16getOverTimeMusicEv,0xc
0x94539c,_ZN26ChampionshipChallengePopup15setWinsForEventEP9TextFieldi,0x1fc
0x945598,_ZN9BitStream34writePositiveVIntMax65535OftenZeroEi,0x58
0x9455f0,_ZNSt6__ndk110__function6__funcIZN11scTaskQueue3runIZN24DataLoaderLayeredTexture4loadEPKcRKNS_5arrayIiLm4EEEE3$_1EENS_13invoke_resultIT_JEE4typeESD_EUlvE_NS_9allocatorISG_EEFvvEE7destroyEv,0x4
0x9455f4,_ZN20LogicRawOutReflector13reflectRandomER11LogicRandomPKc,0x34
0x945628,_ZNKSt6__ndk110__function6__funcIZN12RenderSystem24startEffectManagerUpdateEfE3$_0NS_9allocatorIS3_EEFvvEE7__cloneEPNS0_6__baseIS6_EE,0x18
0x945640,_ZN6icu_5810Appendable12appendStringEPKti,0x8c
0x9456cc,_ZNK17LogicClientAvatar7getNameEv,0x8
0x9456d4,_ZNK14BillingManager20arePaymentsAvailableEv,0x10
0x9456e4,_ZN11SoundSystem9stopMusicEjb,0x94
0x945778,_ZN9TeamPopup22displayModifierPopoverEP12CustomButtoniib,0x110
0x945888,_ZN13AnalyticEvent6decodeEP10ByteStream,0xf4
0x94597c,_ZNK28LogicGameObjectManagerServer18getTypeIndexByDataEPK21LogicGameObjectServer,0x104
0x945a80,_ZNK8GameMain18getAccountIdStringEv,0x8
0x945a88,_ZNK6icu_589UVector326equalsERKS0_,0x50
0x945ad8,_ZN21RankedCoinFlipOverlay12getChildClipERK6String,0x88
0x945b60,_ZN30StartLatencyTestRequestMessageC2Ev,0x48
0x945ba8,_ZNK8Material20needsTriangleSortingEv,0x3c
0x945be4,_ZN15LogicItemServer7destroyEv,0x10
0x945bf4,_ZNK27AskForAddableFriendsMessage14getMessageTypeEv,0x8
0x945bfc,_hb_buffer_add_utf16,0x330
0x945f2c,_ZNK12SoundManager21isPlayingSoundOfTypesENSt6__ndk16vectorIPK14LogicSoundDataNS0_9allocatorIS4_EEEE,0x114
0x946040,_hb_font_get_glyph_contour_point_for_origin,0xac
0x9460ec,_ZN17LogicClientAvatar7setItemEPK13LogicCardData,0xdc
0x9461c8,_ZN16SpecialOfferItem6updateEf,0xd4
0x94629c,_ZN15ResourceManager25releaseAllLoadedResourcesEv,0x58
0x9462f4,_ures_getBinary_58,0x5c
0x946350,_ZNK18LogicAccessoryData20shouldTargetIndirectEv,0x10
0x946360,_ZNK16LocationCategory7hasRowsEv,0x2c
0x94638c,_ZN18ProLeagueInfoPopup13buttonClickedEP12CustomButton,0x70
0x9463fc,_ZN20PlayerMapRenamePopup40handleChangePlayerMapNameResponseMessageEP34ChangePlayerMapNameResponseMessage,0xe8
0x9464e4,_ZNK41CafeBazaarBillingProcessedByServerMessage14getMessageTypeEv,0x8
0x9464ec,_ZN11UIMultiViewD0Ev,0x70
0x94655c,_ZN9EntryInfo22displaySkinInfoForDataEP12CustomButtonPK13LogicSkinDataPK21LogicSkinCampaignData,0xc0
0x94661c,_ZNSt6__ndk110__function6__funcIZN8TestCase9touchDownEP13DisplayObjectE4$_14NS_9allocatorIS5_EEFvvEED0Ev,0x4
0x946620,_ZN20hb_user_data_array_t3setEP18hb_user_data_key_tPvPFvS2_Ei,0x21c
0x94683c,_ZN15LogicItemServer11createTrainEv,0x8
0x946844,_ktxUnpackETC,0x600
0x946e44,_ZNK13DisplayObject7getSizeERfS0_PK6Sprite,0xa4
0x946ee8,_ZNK15DownloadManager19getOnDemandFilePathEv,0x8
0x946ef0,_ZN17UnlockAccountMenu21contactSupportPressedEv,0x30
0x946f20,_ZNK11hb_ot_map_t8positionEPK18hb_ot_shape_plan_tP9hb_font_tP11hb_buffer_t,0x40
0x946f60,_ZN13DebugMenuBase8getInputEP10GameButtonRK6StringS4_,0x8
0x946f68,_ZN19AllianceHeaderEntry15setAllianceTypeEi,0x8
0x946f70,_ZN6Screen18setSafeMarginRightEj,0xc
0x946f7c,_ZN11scTaskQueue15createRunThreadEPKc,0x1dc
0x947158,_ZN11SoundSystem9playMusicEjbbbb,0x15c
0x9472b4,_ZN17LogicSkinConfData19setPrimarySkillAnimERK6String,0x14
0x9472c8,_ZN17HighRateUdpSocket5closeEv,0x5c
0x947324,_ZN11QuestsPopup6updateEf,0x6a0
0x9479c4,_ZN20LogicJSONInReflector11getNextBoolEv,0x5c
0x947a20,_ZNK21LogicBattleModeServer16getLocationThemeEv,0x18
0x947a38,_ZNKSt6__ndk110__function6__funcIZN29scMultithreadedLoadingManager18initResourceThreadEvE3$_2NS_9allocatorIS3_EEFvvEE11target_typeEv,0xc
0x947a44,_ZNK18LogicCharacterData11getGreenMulEv,0x10
0x947a54,_ZNK6icu_5813UnicodeString14extractBetweenEiiRS0_,0x100
0x947b54,_ZL16unistrTextAccessP5UTextla,0x64
0x947bb8,_ZNK15KakaoConnection6logoutEv,0x14
0x947bcc,_ZN24BindYoozooAccountMessage8destructEv,0x68
0x947c34,_ZN10HomeScreen17preDiamondsBoughtEii,0xac
0x947ce0,_ZNKSt6__ndk110__function6__funcIZN11scTaskQueue3runIZN11AndroidMain11releaseGameEvE3$_5EENS_13invoke_resultIT_JEE4typeES7_EUlvE_NS_9allocatorISA_EEFvvEE7__cloneEPNS0_6__baseISD_EE,0x18
0x947cf8,_ZNK14LogicAccessory14getClosestBushEiiP12LogicTileMap,0x8
0x947d00,_ZN17ShopSkinTeaseItem13getFilterTypeEv,0x8
0x947d08,_ZN20CreatePlayerMapPopupD2Ev,0x118
0x947e20,_ZN14BrawlPassPopup7setDataEP14PiranhaMessage,0x8
0x947e28,_ZNK19AllianceHeaderEntry15getAllianceTypeEv,0x8
0x947e30,_Z22util_number_is_power_2j,0x1c
0x947e4c,_ZN27LogicAddNotificationCommandC2EP16BaseNotification,0x34
0x947e80,_ZNK17HighRateUdpSocket21isPassAllMessagesModeEv,0x8
0x947e88,_ZN11Application17getPlatformDetailE14PlatformDetail,0x4
0x947e8c,_ZN21LogicTutorialStepData12resetStaticsEPK8CSVTable,0xa80
0x94890c,_ZN8TestCase13getStageWidthEv,0x3c8
0x948cd4,_ZN14BattleEndPopup13getRankUpContEv,0x70
0x948d44,_ZN27HomeBattleReplayDataMessage8destructEv,0x24
0x948d68,_ZN35RespondToAllianceJoinRequestMessage6encodeEv,0x38
0x948da0,_ZN14TencentManager4initERK6String,0x74
0x948e14,_ZN5titan7android7content3res13ConfigurationC2EP8_jobject,0xbc
0x948ed0,_ZN31LogicTransactionsRevokedCommand7executeEP13LogicHomeModeib,0xac
0x948f7c,_ZNK6icu_5810UnicodeSet8hashCodeEv,0x34
0x948fb0,_ZN9sc3dWorld22renderGeometryPseudo3DERKNSt6__ndk16vectorI7Vector3IfENS0_9allocatorIS3_EEEERKNS1_I7Vector2IfENS4_ISA_EEEERKS3_fP7GLImageRK14ColorTransformi,0x34
0x948fe4,_ZN13SettingsPopup16setCurrentScreenEv,0x5c
0x949040,_ZN9CombatHUD24isInsideVirtualStickAreaEff,0x30
0x949070,_ZN8Sprite3D13setFrameRangeEff,0xc
0x94907c,_ZN17TeamPostAdMessage8destructEv,0x24
0x9490a0,_ZN13TitanInStream8destructEv,0x50
0x9490f0,_ZN5titan3com9supercell5titan22VirtualKeyboardHandler7setTextERKNSt6__ndk16vectorISt4byteNS4_9allocatorIS6_EEEE,0xe0
0x9491d0,_ZN9CombatHUD23setPlayerNameToPortraitEP11LogicPlayerP9MovieClipRK6String,0xf8
0x9492c8,_ZN3GUI14setupGemButtonEP10GameButtonib,0x144
0x94940c,_ZNK6icu_5815Normalizer2Impl16getDecompositionEiPtRi,0x1ec
0x9495f8,_deflatePrime,0x110
0x949708,_ZNK14LogicJSONArray12getJSONArrayEi,0x74
0x94977c,_ZNK15LogicLocaleData11getFileNameEv,0x8
0x949784,_ZN9EntryInfo7setStatERK6StringS2_S2_,0xec
0x949870,_ZN14LogicDailyDataC2Ev,0x90
0x949900,_ZN6icu_5811ICU_Utility12appendToRuleERNS_13UnicodeStringERKS1_aaS2_,0xd4
0x9499d4,_ZN17LogicSkinConfData21setHeroScreenLoopFaceERK6String,0x14
0x9499e8,_ZNSt6__ndk16__sortIRZN24LocalNotificationManager20refreshNotificationsEvE3$_0PNS1_10sNotifDataEEEvT0_S6_T_,0x988
0x94a370,_ZN24PlayerMapStatusInfoPopup10getInfoTIDEi,0xa8
0x94a418,_ZN31BattleLogReplayAvailableMessage6decodeEv,0x48
0x94a460,_ZN24EsportTournamentsWebViewD0Ev,0x24
0x94a484,_ZN13MapEditorMode4exitEv,0x4
0x94a488,_ZN23SCIDAccountBoundMessage18getServiceNodeTypeEv,0x8
0x94a490,_ZL14compose_hebrewPK31hb_ot_shape_normalize_context_tjjPj,0x1b0
0x94a640,_ZN10GameButton13setClickSoundEPK14LogicSoundData,0x8
0x94a648,_ZN12scFilesystem10layerAddedERKNSt6__ndk110shared_ptrI17scAbstractFSLayerEE,0x110
0x94a758,_ZNSt6__ndk110__function6__funcIZN11scTaskQueue3runIZN8TestCase11pressButtonEP12CustomButtonE3$_0EENS_13invoke_resultIT_JEE4typeES9_EUlvE_NS_9allocatorISC_EEFvvEE18destroy_deallocateEv,0x4
0x94a75c,_ZN17CharacterMaterial18initShaderVersionsEv,0x18c
0x94a8e8,_ZN11SoundSystem14setSoundVolumeEf,0xc
0x94a8f4,_ZNK13LogicConfData29getTimeUntilNextUnlockedEventEP15LogicClientHome,0x98
0x94a98c,_ZN17MapPreviewMessage15getLocationDataEv,0x8
0x94a994,_ZN8LogicMD56updateEPKci,0x140
0x94aad4,_lv1_detect_frida_server__ZL15parse_proc_unixPKcS0_PFviE,0x30c
0x94ade0,_ZN6icu_58L31uprv_loaded_normalizer2_cleanupEv,0x8c
0x94ae6c,_ZN14LoginOkMessage15setAccountTokenEP21LogicCompressedString,0x40
0x94aeac,_ZN4Mesh21vertexArraysSupportedEv,0xc
0x94aeb8,_ZNKSt6__ndk110__function6__funcIZN11scTaskQueue3runIZN7GLImage14updateSubImageEPKciiiiiiE4$_10EENS_13invoke_resultIT_JEE4typeES9_EUlvE_NS_9allocatorISC_EEFvvEE7__cloneEPNS0_6__baseISF_EE,0x18
0x94aed0,_ZN6icu_5813BreakIteratorC2Ev,0x1c
0x94aeec,_ZNK37LogicPurchaseHeroLvlUpMaterialCommand14getCommandTypeEv,0x8
0x94aef4,_ZNK5Scene9getMeshIdEi,0x24
0x94af18,_ZN8Databind8Databind11getInstanceEv,0x94
0x94afac,_ZN11DebugLevels6updateEf,0x4
0x94afb0,_ZN21LogicBattleModeServer19areTeamsSupportedInEi,0x4
0x94afb4,_ZN10SCTuneImpl9addStringEPK6CSVRowiRK6StringPS3_PKcP20SCTuneChangeListenerib,0x68
0x94b01c,_ZN4asio6detail17executor_function8completeINS0_7binder2INS0_8write_opINS_19basic_stream_socketINS_2ip3tcpENS_15any_io_executorEEENS_17mutable_buffers_1EPKNS_14mutable_bufferENS0_14transfer_all_tEZN9Messaging15encryptAndWriteEP14PiranhaMessageE3$_5EENSt6__ndk110error_codeEmEENSK_9allocatorIvEEEEvPNS1_9impl_baseEb,0x104
0x94b120,_ZN5Track10endSessionEv,0x4
0x94b124,_ZN9LogicTime5resetEv,0x8
0x94b12c,_ZN24RankedLeaderboardsScreen15refreshLocalTabEP9MovieClipbRK6String,0x64
0x94b190,_hb_buffer_get_cluster_level,0x8
0x94b198,_ZNK17LogicLocalization9hasStringERK6Stringi,0x30
0x94b1c8,_ZN6Friend15setGameCenterIdERK6String,0x8
0x94b1d0,_ZNK26RankedTeamSelectionManager15getOwnTeamIndexEv,0x48
0x94b218,_hb_face_get_upem,0x34
0x94b24c,_ZN8Skeleton10initializeEPK7SCWFilePK6Stringi,0x4ac
0x94b6f8,_ZN9BitStream15readIntMax32767Ev,0x3b0
0x94baa8,_ZN14TeamInvitation8destructEv,0x58
0x94bb00,_ZNK9MovieClip7getHashEv,0x8
0x94bb08,_ZN20LogicCharacterServer33triggerCharacterBuffingProjectileEPK19LogicProjectileDataiiiiii,0xc4
0x94bbcc,_ZThn96_N16DebugInputWindow13buttonClickedEP12CustomButton,0x70
0x94bc3c,_ZN24AllianceEventStreamEntry6decodeEP10ByteStream,0x90
0x94bccc,_ZNK31CafeBazaarBillingRequestMessage15getPurchaseDataEv,0x8
0x94bcd4,_ZN8GameMain17onVideoAdFinishedEv,0x20
0x94bcf4,_ZNK9LogicTile12blocksVisionEv,0x8
0x94bcfc,_ZN15PlayAgainStatus6encodeEP10ByteStreamP14LogicArrayListIP9LogicLongE,0x6c
0x94bd68,_ZNK18LogicAccessoryData14getActiveTicksEv,0x10
0x94bd78,_ZN11Shape9SliceC2Ev,0x30
0x94bda8,_ZN8Settings19setMovementPositionEff,0x80
0x94be28,_ZNK8Animator14getAnimationAtEi,0x1c
0x94be44,_ZNK18LogicAccessoryData13getSpeedBoostEv,0x10
0x94be54,_ZN6icu_5811SymbolTableD2Ev,0x4
0x94be58,_ZNK19LogicProjectileData12isShotByHeroEv,0x8
0x94be60,_ZN17TeamInviteMessage6decodeEv,0x48
0x94bea8,_ZN22ReportPlayerMapMessage8destructEv,0x30
0x94bed8,_ZNKSt6__ndk110__function6__funcIZN27BattleEndRankedRankUpScreen14addExecutionToEP18SequencedExecutionE3$_0NS_9allocatorIS5_EEFbvEE11target_typeEv,0xc
0x94bee4,_ZN16PlayerMapManager21getReportResponseTextEiRK6String,0xf0
0x94bfd4,_ZN7rg_etc110etc1_block24get_diff_subblock_colorsEPNS_13color_quad_u8Ettj,0x228
0x94c1fc,_ZN18DailyEventsMessage6decodeEv,0x254
0x94c450,_ZNKSt6__ndk110__function6__funcIZN19SupercellIdCallback27completeClaimShopItemResultEP8_jobjectRK6StringS7_E4$_23NS_9allocatorIS8_EEFvvEE6targetERKSt9type_info,0x1c
0x94c46c,_ZN18sc3dPanPinchCamera14touchCancelledEi,0xa0
0x94c50c,_ZN13LayerSprite3DD0Ev,0x24
0x94c530,_ZN20EventSuggestionPopupC2EP20QuickChatStreamEntry,0x114
0x94c644,_ZN14BlingTextField6createEP9MovieClipRK6StringNS_10BlingStyleEPK22LogicColorGradientDatabbb,0xbc
0x94c700,_ZNKSt6__ndk110__function6__funcIZN19SupercellIdCallback24setPendingLoginWithEmailEP8_jobjectRK6StringbE3$_7NS_9allocatorIS8_EEFvvEE6targetERKSt9type_info,0x1c
0x94c71c,_ZN9SnowflakeD2Ev,0x14
0x94c730,_ZN25RuntimeGeneratedExecutionD0Ev,0xa8
0x94c7d8,_ZN5Stage17textureDestructedEPK7GLImage,0x18
0x94c7f0,_ZNK11FriendEntry12getTencentIdEv,0x8
0x94c7f8,_ZN11wendelstein7Emitter5spawnERNS_17IParticleRendererE,0x118
0x94c910,_ZNK24AcceptTokenFriendMessage14getMessageTypeEv,0x8
0x94c918,_ZNSt6__ndk110__function6__funcIZN8TestCase11touchSpriteEP6SpriteE3$_1NS_9allocatorIS5_EEFvvEEclEv,0x18
0x94c930,_ZN22GameCenterUserListenerD0Ev,0x4
0x94c934,_ZN17LogicPoisonServer8destructEv,0x10
0x94c944,_ZN17LatencyTestsPopup7fadeOutEv,0x4
0x94c948,_ZN17UnlockAccountMenu13buttonClickedEP12CustomButton,0xc0
0x94ca08,_ZNK6icu_5810UnicodeSet11containsAllERKS0_,0xd0
0x94cad8,_ZN4Rect11mergeBoundsEPKS_,0x54
0x94cb2c,_ZN19AllianceDataMessage6encodeEv,0x38
0x94cb64,_ZN12jpeg_decoder11H2V1ConvertEv,0x338
0x94ce9c,_ZN8HeroList13buttonClickedEP12CustomButton,0x4
0x94cea0,_ZN15ResourceManager19getLowResSCFileNameERK6String,0x54
0x94cef4,_ZNSt6__ndk110__function6__funcIZN8TestCase9moveTouchER5TouchS3_S3_fE3$_7NS_9allocatorIS5_EEFvvEE7destroyEv,0x4
0x94cef8,_ZN26RankedTeamSelectionManager15isPickedOwnTeamEPK18LogicCharacterData,0xf4
0x94cfec,_ZN27LogicClaimTailRewardCommand10canExecuteEPK13LogicHomeModeii,0xac
0x94d098,_ZN6icu_5820UnicodeSetStringSpanD2Ev,0x64
0x94d0fc,_ZN14QualifiedPopupC2EP27ChallengeRewardNotification,0x564
0x94d660,_ZNK10BitmapFont6isBoldEv,0x8
0x94d668,_ZNK21LogicProjectileServer7getTypeEv,0x8
0x94d670,_ZNSt6__ndk110__function6__funcIZN32NativeFacebookConnectionCallback18receivedAppRequestERK6StringE3$_4NS_9allocatorIS6_EEFvvEED0Ev,0x44
0x94d6b4,_ZN12jpeg_decoder13load_next_rowEv,0x308
0x94d9bc,_ZN15LogicRegionDataC2EP6CSVRowP14LogicDataTable,0x50
0x94da0c,_ZN30LogicDeviceLinkResponseMessage8destructEv,0x5c
0x94da68,_ZN21LogicBattleModeServer7preTickEv,0xc
0x94da74,_ZNK20scCryptoStreamFilter7xorDataEPvPKvmRK5scKey,0x54
0x94dac8,_sub_94DAC8,0x58c8
0x953390,_ZN43PurchaseSkinGroupOfferHighlightPopupHandler6isFreeEv,0x2c
0x9533bc,_ZN11LineManager9authorizeEv,0xcc
0x953488,_ZN10HomeScreen18onNotEnoughWorkersEPK12LogicCommand,0x4
0x95348c,_ZN11ContextMenu17toggleTeamPopoverEPK9LogicLongS2_P13DisplayObjectbb,0x1c0
0x95364c,_ZN8Databind15JSONInReflector11getNextLongEv,0x5c
0x9536a8,_Java_com_supercell_titan_NativeHTTPClientManager_postFinished,0xe4
0x95378c,_hb_ot_layout_table_get_feature_tags,0x1a8
0x953934,_ZN25SetAllianceCountryMessageC2EPK15LogicRegionData,0x38
0x95396c,_ZNSt6__ndk110__function6__funcIZN11scTaskQueue3runIZN8TestCase6dragToER5TouchfE4$_16EENS_13invoke_resultIT_JEE4typeES9_EUlvE_NS_9allocatorISC_EEFvvEE7destroyEv,0x4
0x953970,_ZN19EnvironmentRenderer17removeWorldObjectEP15sc3dWorldObjectb,0x3d0
0x953d40,_ZNK14LogicMusicData30getNonBackgroundVariationCountEv,0x88
0x953dc8,_ZN26BindFacebookAccountMessage6encodeEv,0x44
0x953e0c,_ZN21LogicProjectileServer20setLinkedProjectilesEP14LogicArrayListIPS_E,0x188
0x953f94,_ZN13AlliancePopup9getFadeInEP14AllianceScreenb,0x144
0x9540d8,_ZN17AnimationInstance8setScaleEf,0x14
0x9540ec,_ZN13SettingsPopup10pushScreenEi,0x158
0x954244,_ZN12scZstdFilter5flushEv,0xd0
0x954314,_ZNK17LogicSkinConfData12getIntroFaceEv,0x10
0x954324,_ZNK6Shader14setUniformInt1EPKci,0x3c
0x954360,_Java_com_supercell_titan_TitanWebView_onPageFinished,0x9c
0x9543fc,_ZN31PvpMatchmakeNotificationMessage8destructEv,0x24
0x954420,_ZNK12NSCIDManager16getAccountApiUrlEv,0x5c
0x95447c,_ZN14SettingsScreen7getHomeEv,0x18
0x954494,_Z53Java_com_supercell_titan_GoogleServiceClient_onSignInP7_JNIEnvP7_jclass,0x190
0x954624,_ZN9RankPopup13destructRanksEv,0x170
0x954794,_ZN9xMatrix4417transformVector2fEPKfPf,0x2c
0x9547c0,_ZN26ChampionshipChallengePopup12createEventsEv,0x550
0x954d10,_ZN15MapEditorScreen16initRenderSystemEv,0xd4
0x954de4,_ZNK14AllianceStream13isInitializedEv,0x10
0x954df4,_ZN26LogicKeyPoolChangedCommandC2Ev,0x30
0x954e24,_ZN8HomePage16displayEventListEv,0xb8
0x954edc,_ZNK4Shop12hasFreeItemsEi,0x80
0x954f5c,_ZNSt6__ndk110__function6__funcIZN19EnvironmentRenderer6renderER9Matrix2x3R14ColorTransformifE3$_1NS_9allocatorIS7_EEFvvEE18destroy_deallocateEv,0x4
0x954f60,_ZN12RenderSystem12getWaterTileEPK13LogicTileDataiiR6StringRib,0x55c
0x9554bc,_Z11extractLinkRK6StringS1_,0xbc
0x955578,_ZN15GameSCIDManager11loginFailedERK6String,0xdc
0x955654,_ZN11Application20getTotalSystemMemoryEv,0x5c
0x9556b0,_ZN21AllianceMemberMessage6decodeEv,0x68
0x955718,_ZN11CustomEvent8destructEv,0x9c
0x9557b4,_ZN6icu_5823StringCharacterIterator7setTextERKNS_13UnicodeStringE,0x68
0x95581c,_ZN17GameCenterManager38sendBindAccountMessageToPendingAccountEb,0x10
0x95582c,_ZN13EffectManager16removeAllEffectsEv,0x114
0x955940,_ZN20LogicCharacterServer19overrideProjectilesEPK19LogicProjectileDataS2_i,0x38
0x955978,_ZN21LogicBattleModeServer10tickUpdateEi,0x44
0x9559bc,_ZN6Effect16removeReferencesEPK14GameObjectBasei,0xbc
0x955a78,_ZN16PlayerMapManager17constructInstanceEv,0x58
0x955ad0,_ZN20LogicJSONInReflector14reflectNextIntEi,0x5c
0x955b2c,_ZN11GameWebView6goBackEv,0x5c
0x955b88,_ZNK9InitState8isLoadedEv,0x40
0x955bc8,_ZNK25ChinaLoginExtraTermsPopup6getTIDERK6String,0x10
0x955bd8,_ZN18AttributionMessage6encodeEv,0x1c4
0x955d9c,_ZN25DeviceLinkEnterCodeScreen10poppedBackEv,0x34
0x955dd0,_ZN10Connection6wakeupEv,0x3c
0x955e0c,_ZN5titan7android7content6Intent9getActionEv,0x7c
0x955e88,_ZN8HomePage15addPlayerButtonEP9MovieClipRK6String,0x134
0x955fbc,_ZN18SequencedExecutionD0Ev,0xc0
0x95607c,_ZN22AccountSwitchedMessage22setSwitchedToAccountIdEP9LogicLong,0x8
0x956084,_ZN16LogicOfferBundle8destructEv,0xec
0x956170,_ZN21ChronosResourceFolder15updateResourcesERNSt6__ndk13setI6StringNS0_4lessIS2_EENS0_9allocatorIS2_EEEER14LogicArrayListIPK16ChronosFileEntryE,0x19c
0x95630c,_ZNK18LogicCharacterData15hasSelfDestructEv,0x20
0x95632c,_ZN6icu_5821RuleCharacterIterator9jumpaheadEi,0xa0
0x9563cc,_ZN29HomeBattleReplayViewedMessage6encodeEv,0x38
0x956404,_ucdn_get_combining_class,0x6c
0x956470,_ZNK19LogicAreaEffectData16getRedExportNameEv,0x10
0x956480,_ZN24LogicVideoStartedCommandC2Ei,0x34
0x9564b4,_ZN17ParallelExecutionD2Ev,0xb0
0x956564,_ZN9CombatHUD21getClipFromContainersERK6String,0x60
0x9565c4,_ZN19LogicRawInReflector15reflectNextLongEx,0x10
0x9565d4,_ZN16LogicSkillClientC2EPK14LogicSkillData,0x44
0x956618,_ZL16utf8IteratorNextP13UCharIterator,0x1ac
0x9567c4,_ZN27BrawlerSuggestionStreamItem18refreshVisualStateEv,0x44
0x956808,_ZN19BrawlTVWaitingPopup13buttonClickedEP12CustomButton,0x54
0x95685c,_ZN26LogicDeviceLinkDoneMessage18getServiceNodeTypeEv,0x8
0x956864,_ZN29DeviceLinkSuccesfullOldScreen6updateEf,0x4
0x956868,_ZN6icu_5810UnicodeSet10complementERKNS_13UnicodeStringE,0x168
0x9569d0,_ZNK29LookForGameRoomRequestMessage14getMessageTypeEv,0x8
0x9569d8,_ZN6icu_586Locale5getUKEv,0x24
0x9569fc,_Z28decompressBlockETC21BitAlphajjPhS_iiii,0x24
0x956a20,_ZNSt6__ndk110__function6__funcIZN8TestCase6dragToER5TouchfE4$_16NS_9allocatorIS5_EEFvvEE18destroy_deallocateEv,0x4
0x956a24,_ZNK21LogicGameObjectServer4getYEv,0x8
0x956a2c,_ZN10SCTuneImpl10hasMessageEv,0x10
0x956a3c,_utrace_setLevel_58,0x24
0x956a60,_ZN11RenderQueue28setTransparentDepthWriteModeENS_14DepthWriteModeE,0x8
0x956a68,_ulocimp_toLegacyKey_58,0x48
0x956ab0,_ZNKSt6__ndk110__function6__funcIZN8TestCase10getDoTouchEP13DisplayObjectE3$_6NS_9allocatorIS5_EEFNS_6vectorIfNS6_IfEEEEvEE7__cloneEPNS0_6__baseISB_EE,0x18
0x956ac8,_ZN14TouchContainer26displayObjectCapturedTouchEPK6Sprite,0x19c
0x956c64,_ZN10HomeScreen17backButtonPressedEv,0x8
0x956c6c,_ZN8HomePage7getConfEv,0x1c
0x956c88,_ZN9Character11updateAngleEf,0x150
0x956dd8,_ZNK9EntryInfo18shouldShowResourceEi,0xc
0x956de4,_ZN7Utility4atolEPKc,0x88
0x956e6c,_ZNK12GUIContainer12getMovieClipEv,0x8
0x956e74,_ZN15TeamLeftMessage8destructEv,0x24
0x956e98,_uhash_iget_58,0x11c
0x956fb4,_ZN5Stage12initViewportEv,0x24
0x956fd8,_ZN18ServerHelloMessage19setServerHelloTokenEPKci,0x88
0x957060,_ZN17LogicGameModeUtil15showTextOnScoreEi,0x28
0x957088,_ZNK13LogicItemData16getLoopingEffectEv,0x8
0x957090,_ZN37SendAllianceInvitationToFriendMessage14removeAvatarIdEv,0x10
0x9570a0,_ZN16NameChangeScreen17handleNameCheckOkEv,0x58
0x9570f8,_ZN11wendelstein19SpriteSheetRendererC2Ev,0x1f4
0x9572ec,_ZNKSt6__ndk110__function6__funcIZN11AndroidMain22inputKeyboardDismissedEvE4$_13NS_9allocatorIS3_EEFvvEE7__cloneEv,0x24
0x957310,_ZN11VanityItems23getEquippedEmoteForSlotEPK18LogicCharacterDatai,0x148
0x957458,_ZN9BitStream22writePositiveIntMax255Ei,0x8
0x957460,_ZNSt6__ndk110__function6__funcIZN19SupercellIdCallback12setShopItemsEP8_jobjectP13_jobjectArrayS6_S6_E4$_21NS_9allocatorIS7_EEFvvEEclEv,0x14c
0x9575ac,_uprv_getMaxValues_58,0x24
0x9575d0,_ZN19StartLoadingMessage6decodeEv,0x510
0x957ae0,_ZNK11LogicQuests11hasQuestForEbi,0x74
0x957b54,_ZNK20LogicCharacterClient12getUltiSkillEv,0x18
0x957b6c,_ZN20SeasonRewardsMessageC2Ei,0x40
0x957bac,_ZN17MovementIndicatorC2Ev,0x3c
0x957be8,_ZN12GameSettings9enableSfxEb,0x78
0x957c60,_ZN24BindYoozooAccountMessage14removeAuthCodeEv,0x10
0x957c70,_ZN24EsportTournamentsWebView15createBoolParamERK6Stringb,0xdc
0x957d4c,_lv1_root_detect_non_tamper_action__ZL15parse_proc_mapsPKcS0_PFviE,0x244
0x957f90,_ZNK29TeamInvitationResponseMessage14getMessageTypeEv,0x8
0x957f98,_ZNSt6__ndk110__function6__funcIZN8TestCase23withFirstSpriteMatchingENS_8functionIFbP6SpriteEEENS3_IFvS5_EEEE4$_13NS_9allocatorISA_EEFS5_vEED2Ev,0x88
0x958020,_ZN27JoinableAllianceListMessage20setJoinableAlliancesEP14LogicArrayListIP19AllianceHeaderEntryE,0x8
0x958028,_ZN9xMatrix4432getRayThroughPixelPerspectiveInvEffffRKS_S1_R7Vector3IfES4_,0x108
0x958130,_ZN29SendAllianceInvitationMessage6decodeEv,0x2c
0x95815c,_ZL13utrie_compactP8UNewTrieaP10UErrorCode,0xae0
0x958c3c,_ZNK20LogicCharacterClient30getCurrentActiveOrCastingSkillEv,0x8c
0x958cc8,_ZN9CombatHUD10attackUsedEv,0x104
0x958dcc,_ZThn96_N17AnimationInstanceD0Ev,0x84
0x958e50,_ZN9GameUtils11addFillLineER19DynamicVertexBufferI14VertexPosUvColERK7Vector3IfES7_S7_fffffffff,0x364
0x9591b4,_ZN14LogicDailyData9isNewItemEPK13LogicCardData,0x34
0x9591e8,_ZN6icu_5811LocaleBased12setLocaleIDsERKNS_6LocaleES3_,0x34
0x95921c,_ZN22scThreadSafeRingBuffer5writeEPKvm,0x218
0x959434,_ZNK20LogicCharacterServer27isImmuneAndBulletsGoThroughEv,0x54
0x959488,_Z5frandv,0x38
0x9594c0,_ZN30SupercellIdNotificationMessage8destructEv,0x40
0x959500,_ZNSt6__ndk110__function6__funcIZN14LineConnection9autologinEvE3$_2NS_9allocatorIS3_EEFvbPKN8linecorp4nova11CredentialsEPKNS7_5ErrorEEEclEObOSA_OSD_,0xb0
0x9595b0,_ZNK20LogicCharacterServer11canTakeHitsEv,0x68
0x959618,_ZN29UdpLatencyTestResponseMessageC2Ei,0x34
0x95964c,_ZNK18LogicHealthBarData11getFileNameEv,0x10
0x95965c,_hb_font_funcs_reference,0x1c
0x959678,_ZN28PlayerMapGreenlightedMessageC2Ev,0x3c
0x9596b4,_ZN29AuthenticationResponseMessage6encodeEv,0x28
0x9596dc,_ZN5Stage10bindShaderEP6Shader,0x3c
0x959718,_ZL23collect_features_arabicP21hb_ot_shape_planner_t,0x260
0x959978,_ZNK13LogicTileData13getCustomMeshEv,0x10
0x959988,_ZN9UdpSocket11sendMessageEP14PiranhaMessagef,0x8
0x959990,_ZNK22PlayAgainStatusMessage14getMessageTypeEv,0x8
0x959998,_ZNK4Rect9getHeightEv,0x10
0x9599a8,_ZN8TestCase27pressButtonByTextFieldValueE6StringbbS0_bb,0x2a4
0x959c4c,_ZN13LogicSkinData12setLobbyAnimERK6String,0x8
0x959c54,_ZN19DebugPerformanceHud8setValueENS_27DebugPerformanceCounterTypeEi,0x30
0x959c84,_ZNK22LogicLocationThemeData26getRespawningWallAngleStepEi,0x18
0x959c9c,_ZNK17LogicSkinConfData19getGadgetRecoilAnimEv,0x10
0x959cac,_ZN11Application11getKunlunPIEv,0x4c
0x959cf8,_ZN15LogicDataTables26getTotalHeroCountForAvatarEPK13LogicHomeModeib,0x284
0x959f7c,_ZNKSt6__ndk110__function6__funcIZN11AndroidMain16inputTextChangedERK6StringE4$_10NS_9allocatorIS6_EEFvvEE7__cloneEPNS0_6__baseIS9_EE,0x1c
0x959f98,_ZN13ProfileButton14refreshProfileEv,0xfc
0x95a094,_ZN9sc3dWorld23addObjectAttachedToBoneEP15sc3dWorldObject,0x108
0x95a19c,_ZNK9LogicData15getIntegerValueERK6String,0x40
0x95a1dc,_ZNK9Animation14getRunningTimeEv,0x38
0x95a214,_ZNSt6__ndk110__function6__funcIZN11scTaskQueue3runIZN8TestCase11touchSpriteEP6SpriteE3$_2EENS_13invoke_resultIT_JEE4typeES9_EUlvE_NS_9allocatorISC_EEFvvEE18destroy_deallocateEv,0x4
0x95a218,_ZNSt6__ndk110__function6__funcIZN14LineConnection5loginEvE3$_3NS_9allocatorIS3_EEFvbPKcPKN8linecorp4nova11CredentialsEPKNS9_5ErrorEEEclEObOS7_OSC_OSF_,0x78
0x95a290,_ZN14FriendsManager19onFriendSuggestionsEP24FriendSuggestionsMessage,0x3c
0x95a2cc,_ZNK14LogicPlayerMap8getStateEv,0x8
0x95a2d4,_ZN25KickAllianceMemberMessage8destructEv,0x58
0x95a32c,_ZNK27KunlunBillingRequestMessage6getTIDEv,0x8
0x95a334,_ZN10GameCenter25reportAchievementProgressERK6Stringd,0x4
0x95a338,_ZN10SCIDConfigD2Ev,0x4c
0x95a384,_ZN8Material14getSpecularTexEv,0x38
0x95a3bc,_ZNKSt6__ndk110__function6__funcIZN11scTaskQueue3runIZN8TestCase20drawDebugPercentagesEvE4$_21EENS_13invoke_resultIT_JEE4typeES7_EUlvE_NS_9allocatorISA_EEFvvEE6targetERKSt9type_info,0x1c
0x95a3d8,_ZN23TeamGameStartingMessage18getServiceNodeTypeEv,0x8
0x95a3e0,_ZN21LogicJSONOutReflector17reflectNextStringERK6String,0x8c
0x95a46c,_ZNK17LogicSkinConfData16getLobbyLoopAnimEv,0x10
0x95a47c,_ZN30LogicSetPlayerNameColorCommand6decodeEP10ByteStream,0x30
0x95a4ac,_ZN28TeamRequestJoinCancelMessage8destructEv,0x4
0x95a4b0,_ZN5Items20hasJustReachedUnlockEPK13LogicCardData,0x68
0x95a518,_ZN15LogicDataTables12getHeroCountEPK17LogicClientAvatar,0xb8
0x95a5d0,_ZThn328_NK10HomeScreen16getAnalyticsNameEv,0xc
0x95a5dc,_ZN34SetSupportedCreatorResponseMessage8destructEv,0x34
0x95a610,_ZN10PathSprite9initShapeEfRKNSt6__ndk16vectorI7Vector3IfENS0_9allocatorIS3_EEEE,0x6c0
0x95acd0,_ZNK6icu_5818UStringEnumeration5countER10UErrorCode,0x8
0x95adb0,_ZN14BillingManager28billingProductsRequestFailedERK6Stringi,0xd8
0x95ade0,_ZN38LogicAccountTransferCodeRequestMessageC2Ev,0x30
0x95ae20,_ZN12FilterEffectD2Ev,0x40
0x95ae70,_ZN8HomePage41refreshSelectedEventChampionshipChallengeEv,0x1cc
0x95b03c,_ZN13FontFormatterD2Ev,0x40
0x95b07c,_ZN23LogicSelectEmoteCommand6decodeEP10ByteStream,0x44
0x95b0c0,_ZN9InboxItem15setSystemSenderEv,0x44
0x95b104,_ZN30ReportPlayerMapResponseMessage8destructEv,0x50
0x95b154,_ZNSt6__ndk110__function6__funcIZN7SCWFile4loadER12SCWFileInputE3$_0NS_9allocatorIS5_EEFvvEE7destroyEv,0x4
0x95b158,_utext_clone_58,0x70
0x95b1c8,_ZN12MovieClipRef13setExportNameEPKc,0x8
0x95b1d0,_ZNK18LogicAnimationData8getSpeedEv,0x8
0x95b1d8,_ZL33_hb_face_for_data_reference_tableP9hb_face_tjPv,0x198
0x95b370,_ZNSt6__ndk110__function6__funcIZN11scTaskQueue3runIZN6Shader4loadEPKcS6_S6_E3$_1EENS_13invoke_resultIT_JEE4typeES9_EUlvE_NS_9allocatorISC_EEFvvEE18destroy_deallocateEv,0x4
0x95b374,_ZNK22LogicColorGradientData8getSpeedEv,0x34
0x95b3a8,_ZN6icu_5817UDataPathIteratorC2EPKcS2_S2_S2_aP10UErrorCode,0x16c
0x95b514,_ZN15SelectHeroPopup6updateEf,0x58
0x95b56c,_ZNK13LogicCardData12getSortOrderEv,0x10
0x95b57c,_ZNK26LogicLocalNotificationData26getMaxRandomTimeOffsetMinsEv,0x10
0x95b58c,_ZN11DragHandler15updateScrollingEf,0x74
0x95b600,_ZN2OTL16intersects_classEP8hb_set_tRKNS_7IntTypeItLj2EEEPKv,0x168
0x95b768,_ZN18LogicPlayerMapUtil16isValidPlayerMapEPK21LogicCompressedStringPK22LogicLocationThemeDataib,0x60
0x95b7c8,_ZN18WaitingPopupRankedD2Ev,0x160
0x95b928,_ZN9BitStream26writePositiveIntMax2097151Ei,0x8
0x95b930,_ZN7Popover23getCurrentContentHeightEv,0x34
0x95b964,_ZN12BattleScreen18addResourcesToLoadEP16ResourceListener,0x4
0x95b968,_ZN9ClanPopup20getNotificationCountEv,0x8
0x95b970,_hb_blob_create_sub_blob,0xc8
0x95ba38,_ZN11AndroidMain6updateEv,0x1e8
0x95bc20,_ZN13HomePageGuide8getStateEv,0xc
0x95bc2c,_ZNK19LogicProjectileData18getChainsToEnemiesEv,0x8
0x95bc34,_ZNK15LogicLocaleData23getLaserboxCommunityUrlEv,0x48
0x95bc7c,_ZN9RankPopup13getTrackPointEi,0x210
0x95be8c,_ZN21LogicTutorialStepData16createReferencesEv,0x40
0x95becc,_ZN6icu_587UMemorynwEm,0x4
0x95bed0,_ZN16BattleEndMessage24createDummyRankedMessageEbiiii,0x4b0
0x95c380,_ZNK12CustomButton14getNumberValueEv,0x2c
0x95c3ac,_ZN34LogicBrawlPassSeasonChangedCommandC2Eii,0x40
0x95c3ec,_ZN6icu_586Locale15getCanadaFrenchEv,0x24
0x95c410,_ZNK19MaintenanceModeInfo17isVideoTabAllowedEv,0x14
0x95c424,_ZN15GravityParticleC2ERK6StringS2_,0x78
0x95c49c,_ZL1MPxPKxS1_,0x4c
0x95d3fc,_ZN13TimelineValue11keyTypeNameENS_7KeyTypeE,0x24
0x95d420,_hb_face_set_glyph_count,0x14
0x95d434,_ZNKSt6__ndk110__function6__funcIZN8TestCase11touchSpriteEP6SpriteE3$_1NS_9allocatorIS5_EEFvvEE7__cloneEPNS0_6__baseIS8_EE,0x40
0x95d474,_ZN9EntryInfo13playHighlightEv,0x394
0x95d808,_ZN15LogicDataTables16getStunnedEffectEv,0xc
0x95d814,_ZN8GoalListD2Ev,0x4
0x95d818,_ZN31UISetLocationBasedOnPlaceHolderD2Ev,0x40
0x95d858,_ZNK20LogicCharacterServer15isChargeUpReadyEv,0x8
0x95d860,_ZNK18LogicClientGlobals28getSwitchConfirmationXPLevelEv,0x8
0x95d868,_ZN8HomePage13createButtonsEv,0x98
0x95d900,_ZNK18WaitingPopupRanked8useModalEv,0x8
0x95d908,_ZN8GameMain4initEP10GameConfig,0x754
0x95e05c,_ZN14TencentManager18tencentShareFailedEi,0x274
0x95e2d0,_ZN20LogicRawOutReflector11reflectLongExPKcx,0x60
0x95e330,_ZNSt6__ndk110__function6__funcIZN11AndroidMain16onSurfaceChangedEiiE3$_1NS_9allocatorIS3_EEFvvEE18destroy_deallocateEv,0x4
0x95e334,_ZN9xMatrix449createTRSERK7Vector3IfERKS_S3_,0x78
0x95e3ac,_ZN20GameSelectableButtonD2Ev,0x5c
0x95e408,_ZN35RespondToAllianceJoinRequestMessageC2Ei,0x38
0x95e440,_ZNK6icu_5811LocaleBased11getLocaleIDE18ULocDataLocaleTypeR10UErrorCode,0x40
0x95e480,_ZN27TeamToggleMemberSideMessage6encodeEv,0x70
0x95e4f0,_ZN15ChecksumEncoder10writeShortEi,0x18
0x95e508,_ZN6Friend20setAllianceBadgeDataEi,0x8
0x95e510,_Z23decompressBlockTHUMB58HjjPhiiii,0x8
0x95e518,_ZNSt6__ndk16__sortIRZN20PlayerThumbnailPopup12refreshItemsEvE3$_0PPK24LogicPlayerThumbnailDataEEvT0_S8_T_,0x4d8
0x95e9f0,_ZN16UIEmptyMovieClip12getMovieClipEP5UICtx,0x14
0x95ea04,_ZN12scZstdReader4readEPvm,0xf4
0x95eaf8,_ZN11VanityItems30getOwnedEmoteForBattleCategoryEPK18LogicCharacterDatai,0x1c8
0x95ecc0,_ZN19JoinAllianceMessageC2Ev,0x34
0x95ecf4,_Z10mergeAabbsR7Vector3IfES1_RKS0_S3_,0x84
0x95ed78,_ZN15LogicStringUtil8getBytesEPK6String,0x18
0x95ed90,_ZN15MapEditorScreen10removeTileEii,0xf0
0x95ee80,_ZNK18LogicCarryableData11getMinScaleEv,0x10
0x95ee90,_ZNK19DeviceLinkSubScreen11getTitleTIDEv,0x8
0x95ee98,_ZN8Databind16JSONOutReflector9addObjectEv,0x90
0x95ef28,_ZN25AccountIdentifiersMessageC2Ei,0x30
0x95ef58,_ZNKSt6__ndk110__function6__funcIZN21RankedTeamSelectPopup6updateEfE3$_1NS_9allocatorIS3_EEFP9ExecutionvEE11target_typeEv,0xc
0x95ef64,_ZN19LogicRawInReflector16reflectNextFloatEf,0x24
0x95ef88,_ZN11LineManager9addFriendE8LineUser,0x98
0x95f020,_ZN4Shop6updateEfb,0x39c
0x95f3bc,_ZN19EnvironmentRenderer11addSprite3DEP8Sprite3Dfffibb,0x3d0
0x95f78c,_ZN28LogicGameObjectManagerServer8destructEv,0x16c
0x95f8f8,_ZNK8CSVTable15getBooleanValueERK6Stringi,0x9c
0x95f994,_ZNK12TencentLogin15getLaunchOpenIdEv,0x10
0x95f9a4,_ZN12scZstdFilterD2Ev,0xf4
0x95fa98,_ZN15DraggableButtonD0Ev,0x60
0x95faf8,_ZNKSt6__ndk110__function6__funcIZN8TestCase10getDoTouchEP13DisplayObjectE3$_6NS_9allocatorIS5_EEFNS_6vectorIfNS6_IfEEEEvEE6targetERKSt9type_info,0x1c
0x95fb14,_ubidi_openSized_58,0x1f4
0x95fd08,_ZNK9MovieClip18getMovieClipByNameEPKc,0xb0
0x95fdb8,_ZN17BrawlBoxInfoPopupC2Ei,0x12a4
0x96105c,_ZN6icu_5816RBBITableBuilder16flagTaggedStatesEv,0x140
0x96119c,_ZL32_hb_glyph_info_set_unicode_propsP15hb_glyph_info_tP11hb_buffer_t.15126,0x284
0x961420,_ZN14BrawlPassPopup13getItemByGoalEPK14LogicMilestone,0x7c
0x96149c,_ZNK14LogicEmoteData13getBundleCodeEv,0x10
0x9614ac,_ZN6icu_58L29enumNorm16PropertyStartsRangeEPKviij,0x1a8
0x961654,_stbi_zlib_decode_noheader_malloc,0x90
0x9616e4,_ZN5Stage13globalToLocalEPK13DisplayObjectffPfS3_,0x80
0x961764,_ZN34PurchaseOfferHighlightPopupHandler8isGlowBgEv,0x8
0x96176c,_ZN16BattleLogManager11requestDataEv,0x54
0x9617c0,_ZNK18LogicClientGlobals27getGoogleServiceReauthorizeEv,0x8
0x9617c8,_ZN17CreateGameMessage10setLevelIdEi,0x8
0x9617d0,_ZN19SupercellIdCallback16getIngameFriendsEP8_jobject,0x424
0x961bf4,_ZN20SelectableButtonList14buttonSelectedEP16SelectableButton,0xd0
0x961cc4,_ZN30LogicDeleteNotificationCommand7executeEP13LogicHomeModeib,0x134
0x961df8,_ZN15OutlineRenderer15setLocationDataEPK17LogicLocationData,0x8
0x961e00,_ZNKSt6__ndk110__function6__funcIZN19EnvironmentRenderer6renderER9Matrix2x3R14ColorTransformifE3$_8NS_9allocatorIS7_EEFvvEE7__cloneEPNS0_6__baseISA_EE,0x18
0x961e18,_ZNK6CSVRow19getBiggestArraySizeEv,0x64
0x961e7c,_ZNK26EnterSupportedCreatorPopup11isValidNameERK6String,0xa8
0x961f24,_utext_replace_58,0x38
0x961f5c,_ZN10HomeScreen27showPendingDataGainedBattleEv,0x4
0x961f60,_ZN10HomeScreen18refreshJoinRequestEv,0x10
0x961f70,_ZN15MapEditorScreen4exitEv,0x54
0x961fc4,_ZNSt6__ndk110__function6__funcIZN32NativeFacebookConnectionCallback6loggedERK6StringS5_E3$_1NS_9allocatorIS6_EEFvvEED0Ev,0x54
0x962018,_ZNK26LogicDeviceLinkDoneMessage12getPassTokenEv,0x8
0x962020,_ZN8Renderer13projectScreenERK7Vector3IfERK9xMatrix44,0xa8
0x9620c8,_ZN15EffectManager2D9addEffectEPK15LogicEffectDataP13DisplayObject,0x80
0x962148,_ZN24LoginUsingSessionMessage13setSessionKeyEP6String,0x8
0x962150,_u_charsToUChars_58,0x9c
0x9621ec,_ZNK6icu_5810UnicodeSet7isEmptyEv,0x28
0x962214,_ZN25TeamTogglePractiseMessage6decodeEv,0x4
0x962218,_ZN25SendGlobalChatLineMessageC2Ev,0x34
0x96224c,_ZN28LogicGameObjectManagerClient11setListenerEP30LogicGameObjectManagerListener,0x50
0x96229c,_stbi_info,0x134
0x9623d0,_ZN16AllianceWarPopup14afterMapChangeEv,0x38
0x962408,_ZN15MapEditorScreen12zoomIntoTileEii,0x4c
0x962454,_ZN14BattleEndPopup28getWinnerTeamResultExecutionEv,0x168
0x9625bc,_ZN22ClientContentValidator15validationErrorERK6StringPK9LogicDatai,0x208
0x9627c4,_ZN28BindGamecenterAccountMessage18removeGamecenterIdEv,0x10
0x9627d4,_ZN26OfferPurchaseQuestionPopup6updateEf,0xa8
0x96287c,_utrie_open_58,0x148
0x9629c4,_ZNK15LogicLocaleData30getStringWithNonEmptyOverridesEii,0x60
0x962a24,_ZN32NativeFacebookConnectionCallback6loggedERK6StringS2_,0x3b0
0x962dd4,_ZN13HTTPMessaging4sendEP14PiranhaMessage,0xac
0x962e80,_ZN18UITabButtonHandlerD2Ev,0x10
0x962e90,_ZN15TeamChatMessageC2Ev,0x34
0x962ec4,_ZN10GameButton23setDisabledWithHUDPrintEbRK6Stringb,0x48
0x962f0c,_LzmaDec_AllocateProbs,0x11c
0x963028,_ZN8Databind23NlohmannJsonInReflector9exitArrayEv,0xcc
0x9630f4,_ZNKSt6__ndk110__function6__funcIZN19SupercellIdCallback14friendsChangedEP8_jobjectP13_jobjectArrayE4$_14NS_9allocatorIS7_EEFvvEE11target_typeEv,0xc
0x963100,_ZNK18TeamChatController17getStreamItemListEv,0x20
0x963120,_ZN9CombatHUD13getScorerTextEP21LogicBattleModeClientPK26LogicGameModeVariationDatabRj,0x2ac
0x9633cc,_ZN13LogicSkinData21setSecondarySkillAnimERK6String,0x8
0x9633d4,_ZNK17LogicClientAvatar12getItemCountEiPK18LogicCharacterData,0x178
0x96354c,_ZN13PlayerProfile7addStatEii,0x158
0x9636a4,_ZN5titan3com9supercell5titan16TitanInstantApps10saveCookieERK6String,0x8c
0x963730,_ZN15AllianceManager9setIdSeenEP14LogicArrayListIP10IdSeenLastEPK9LogicLong,0x1c4
0x9638f4,_ZN7CSVNode8setTableEP8CSVTable,0x90
0x963984,_ZN28UnbindFacebookAccountMessage8destructEv,0x4
0x963988,_ZN9TeamEntry9hasMemberEPK9LogicLong,0x74
0x9639fc,_ZN8ImageSet3getERK6StringPfPP7GLImage,0xec
0x963ae8,_ZN13OldBoxHandlerD2Ev,0x68
0x963b50,_ZN10HomeScreen17eventStateChangedEii,0x8
0x963b58,_ZN31CafeBazaarBillingRequestMessageC2Ev,0xdc
0x963c34,_ZNK6icu_5813UnicodeString9getCharAtEi,0x48
0x963c7c,_hb_font_glyph_from_string,0x4
0x963c80,_ZN17ChatOptionsSlider23refreshScrollAreaBoundsEv,0x6c
0x963cec,_ZN9Animation18initBonePrioritiesEi,0x70
0x963d5c,_ZN21MagicSelectableButtonC2EP20SelectableButtonList,0xe8
0x963e44,_ZNK14LogicDailyData19getSoloSkinOfferForEPK13LogicSkinData,0x88
0x963ecc,_ZNSt6__ndk110__function6__funcIZN19EnvironmentRenderer6renderER9Matrix2x3R14ColorTransformifE3$_3NS_9allocatorIS7_EEFvvEE7destroyEv,0x4
0x963ed0,_ZNKSt6__ndk110__function6__funcIZN11AndroidMain14inputOkPressedEvE4$_12NS_9allocatorIS3_EEFvvEE11target_typeEv,0xc
0x963edc,_ZN15sc3dWorldObject12setMovieClipEP9MovieClip,0x144
0x964020,_ZN14RankedGoalItemC2EPK17LogicRewardConfigPK21LogicPlayerRewardDataP9MovieClipi,0x44c
0x96446c,_ZN14LineConnection5loginEv,0x84
0x9644f0,_ZThn368_N30LookForATeamMemberConfirmPopup18setSelectedDuoItemEP12LocationItem,0x4
0x9644f4,_ZNK28LogicGameObjectManagerServer17getGameObjectByIDEi,0xb4
0x9645a8,_ZN9EntryInfo12getChildClipERK6String,0x90
0x964638,_ZN12BattleScreen22silenceAllSoundEffectsEv,0x24
0x96465c,_ZN19NotificationMessage18removeNotificationEv,0x10
0x96466c,_ZN19GameSliderComponent14touchCancelledEi,0x1c
0x964688,_Z26calculateMinBoundingCirclePK7Vector2IfEjRS0_Rf,0x1b8
0x964840,_ZNK15scFSFingerprint7hasFileEPKc,0xd4
0x964914,_ZL22stringIteratorGetIndexP13UCharIterator19UCharIteratorOrigin,0x54
0x964968,_ZN27AskForAddableFriendsMessage6encodeEv,0xe4
0x964a4c,_ZN9LogicTime6decodeEP10ByteStream,0x30
0x964a7c,_ZN16LobbyInfoMessage23getPlayersInCoopBattlesEi,0x44
0x964ac0,_ZN15LogicJSONObjectC2Ei,0x68
0x964b28,_ZN8Sprite3D16getMeshMaterialsEi,0x8
0x964b30,_ZN39LogicAccountTransferCodeResponseMessageC2Ev,0x4c
0x964b7c,_ZN29LogicClaimRankUpRewardCommand19getCollectableCountEPK13LogicHomeModeiii,0xe8
0x964c64,_ZN33TencentAccountAlreadyBoundMessage6decodeEv,0x98
0x964cfc,_ZN6icu_5816RBBITableBuilder9setEqualsEPNS_7UVectorES2_,0xc
0x964d08,_ZN13QuestionPopUp19createSpeedUpDialogEP10GameObject,0x4
0x964d0c,_ZN11TeamManager9leaveTeamEv,0x38
0x964d44,_ZN14CommandStorageD0Ev,0x4
0x964d48,_ZN14LogicEmoteData12resetStaticsEPK8CSVTable,0x33c
0x965084,_ZN17IEffectRenderableC2Ev,0x10
0x965094,_ZN12GemOfferItem24setupHeroChallengeRewardEb,0x1b8
0x96524c,_ZN13FriendsScreen13buttonClickedEP12CustomButton,0x52c
0x965778,_ZN13LogicDataSlotC2Ev,0xc
0x965784,_ZN6icu_5813BreakIterator22createSentenceInstanceERKNS_6LocaleER10UErrorCode,0x50
0x9657d4,_ZN15TeamLeftMessage6decodeEv,0x2c
0x965800,_ZN15OfferBundleItem13getFilterTypeEv,0x54
0x965854,_ZN9InfoPopupD0Ev,0x54
0x9658a8,_ZNKSt6__ndk110__function6__funcIZN19SupercellIdCallback19setTutorialCompleteEP8_jobjectE4$_11NS_9allocatorIS5_EEFvvEE11target_typeEv,0xc
0x9658b4,_ZN12SupercellSWF13readByteArrayEiPh,0xcc
0x965980,_ZN13GatchaBoxItemC2Eibb,0x2c4
0x965c44,_ZN29GetAllianceInviteTokenMessageC2Ev,0x30
0x965c74,_ZNK9sc3dWorld15getTileToScreenEfffRfS0_,0x8
0x965c7c,_ZN24LogicExpressionEvaluator9parseTermEv,0x1060
0x966cdc,_ZNK24PlayerMapStatusInfoPopup12getPopupTypeEv,0x8
0x966ce4,_ZN18ProLeagueInfoPopup10createInfoERK6String,0x6c
0x966d50,_ZN13FriendsScreen13updateFriendsEf,0x23c
0x966f8c,_nti_create_formatter,0x1f8
0x967184,_ZN11FriendEntry15setFriendReasonEi,0x8
0x96718c,_ZNSt6__ndk110__function6__funcIZN10SWFTexture4loadEP12SupercellSWFbibbbbRK6StringE3$_0NS_9allocatorIS8_EEFvvEED0Ev,0x4
0x967190,_ZNK13LogicBossData14getPlayerCountEv,0x10
0x9671a0,_ZNK13LogicCardData18getPowerNumber3TIDEv,0x10
0x9671b0,_ZNK6icu_5814UnicodeFunctor9toMatcherEv,0x8
0x9671b8,_ZN34AskForJoinableAlliancesListMessage6decodeEv,0x4
0x9671bc,_ZN20LogicJSONInReflector13reflectObjectEPKc,0x84
0x967240,_ZN29LogicReflectableReferenceBase25resolvePointerClearIfNullEPK16ReflectableIdMap,0x64
0x9672a4,_ZN15SuggestionEntry8destructEv,0x4c
0x9672f0,_ZNK18LogicCharacterData26getDamagePercentFromAliensEv,0x2c
0x96731c,_ZN5ShapeD2Ev,0x9c
0x9673b8,_ZN17PlayerDisplayData18setPlayerThumbnailEPK24LogicPlayerThumbnailData,0x28
0x9673e0,_uiter_setString_58,0x9c
0x96747c,_ZN11Application11getOpenUDIDEv,0x4
0x967480,_ZNK7SCWFile13getMaterialAtEi,0xc
0x96748c,_ZN12scFilesystem8addLayerERKNSt6__ndk110shared_ptrI17scAbstractFSLayerEE,0x2ac
0x967738,_ZN28TencentBillingRequestMessage6encodeEv,0x50
0x967788,_tr_flush_bits,0x90
0x967818,_ZN7WarNodeC2EP16AllianceWarPopupP15AllianceWarNode,0x6d4
0x967eec,_ZN16DeviceLinkWindow19getCurrentSubScreenEv,0x1c
0x967f08,_ZN27LogicCooldownExpiredCommandC2EiPK9LogicData,0x44
0x967f4c,_ZN19DeviceLinkCodeInputD2Ev,0x14
0x967f60,_ZN13TitanInStream6readU8Ev,0x30
0x967f90,_DynBuf_Construct,0xc
0x967f9c,_ZN10LZMAReaderC2ERK14scMemoryHandlebb,0xa4
0x968040,_ZNK14StreamItemList16getAnalyticsNameEv,0x8
0x96804c,_ZN17LogicGameModeUtil23displayOneBlueHealthbarEi,0xc
0x968058,_ZN11Character3D16animStateChangedEiiii,0x244
0x96829c,_ZNK21GlobalChatLineMessage14getMessageTypeEv,0x8
0x9682a4,_ZNK15LaserBoxManager22getDefaultPageFileNameEi,0x10
0x9682b4,_ZN18sc3dPanPinchCamera8addShakeEff,0x44
0x9682f8,_ZN27LogicCooldownExpiredCommand7executeEP13LogicHomeModeib,0x64
0x96835c,_ZNK9InitState33shouldRetryLoginDuringMaintenanceEv,0x24
0x968380,_ZN17LogicRankedSeason6decodeEP10ByteStream,0x358
0x9686d8,_Z39crypto_secretbox_xsalsa20poly1305_tweetPhPKhyS1_S1_,0x94
0x96876c,_sub_96876C,0x65dc
0x96ed48,_ZN6icu_5822UCharCharacterIterator4nextEv,0x30
0x96ed78,_ZN18LoginFailedMessage20removeContentURLListEv,0x10
0x96ed88,_ZN15MovieClipHelper21centerAmountTextFieldEP9TextFieldPKc,0x58
0x96ede0,_ZN15StarPointsPopup14countryChangedEv,0xc
0x96edec,_ZN19DebugPerformanceHud9setBoundsENS_27DebugPerformanceCounterTypeEiib,0x1c
0x96ee08,_ZNK11SCIDManager17getGameAccountPIDEv,0x5c
0x96ee64,_ZNK15DoubleDropPopup12getPopupTypeEv,0x8
0x96ee6c,_ZN11Application19changeKunlunAccountEv,0x78
0x96eee4,_ZNSt6__ndk110__function6__funcIZN11scTaskQueue3runIZN10SWFTexture4loadEP12SupercellSWFbibbbbRK6StringE3$_1EENS_13invoke_resultIT_JEE4typeESC_EUlvE_NS_9allocatorISF_EEFvvEE18destroy_deallocateEv,0x4
0x96eee8,_ZN14BattleEndPopup6goHomeEPKb,0x114
0x96effc,_ZN10TestRunner26handlePotentialGameLoopUrlE6String,0x2e8
0x96f2e4,_ZNK12BattleScreen23getTrajectoryIndicator3ERP6Sprite,0xc
0x96f2f0,_ZN12TencentLogin19isPlatformInstalledEi,0x1c
0x96f30c,_utrie_setRange32_58,0x5f8
0x96f904,_ZN30LogicDeviceLinkResponseMessage6decodeEv,0xfc
0x96fa00,_ZN5titan3com9supercell5titan19ApplicationUtilBase15setKeepScreenOnEb,0x7c
0x96fa7c,_ZN25RankedMatchBanHeroMessageC2Ev,0x38
0x96fab4,_ZNK20LogicCharacterServer14shouldDestructEv,0x38
0x96faec,_ZN25ClientCapabilitiesMessage7setPingEi,0x8
0x96faf4,_ZN11SCIDWebView4goToERK6StringS2_,0x50
0x96fb44,_ZN28AllianceMemberRemovedMessage18getServiceNodeTypeEv,0x8
0x96fb4c,_ZN15LaserBoxManager17getEsportsRegionsEv,0x9c
0x96fbe8,_stbi_ldr_to_hdr_scale,0xc
0x96fbf4,_ZN15LogicRegionData8destructEv,0x38
0x96fc2c,_ZN20AdjustPackageMessage18getServiceNodeTypeEv,0x8
0x96fc34,_ZN15LogicDataTables8getTableEi,0x10
0x96fc44,_ZN29AvailableServerCommandMessageC2Ev,0x34
0x96fc78,_ZN27StarPowerRewardNotification8destructEv,0x24
0x96fc9c,_ZNSt6__ndk110__function6__funcIZN12scFilesystem10layerAddedERKNS_10shared_ptrI17scAbstractFSLayerEEE3$_2NS_9allocatorIS8_EEFvPNS2_9IListenerEEE18destroy_deallocateEv,0x58
0x96fcf4,_ZN39GoogleServiceAccountAlreadyBoundMessage23removeLogicClientAvatarEv,0x10
0x96fd04,_ZNK19LogicProjectileData28damageChangesWhileTravellingEv,0x34
0x96fd38,_Z29getClosestPointSegmentSegmentRK9Segment3fS1_RfS2_,0x198
0x96fed0,_ZN13IntValueEntryC2EP10ByteStream,0x4c
0x96ff1c,_ZN11LogicRandomC2Ei,0x8
0x96ff24,_ZN19CachedFontFormatter16getGlyphFontSizeEv,0x18
0x96ff3c,_ZN8Settings16destructInstanceEv,0x2c
0x96ff68,_ZN11SCIDWebView13handleAPICallERK6String,0x1350
0x9712b8,_ZN21LogicPlayerRewardDataC2Ev,0x18
0x9712d0,_ZN11ContextMenuD2Ev,0x19c
0x97146c,_ZN6icu_5822RuleBasedBreakIterator4initEv,0x58
0x9714c4,_ZN19JoinAllianceMessageC2Ei,0x30
0x9714f4,_ZN9InboxItem23setButtonStateForRewardEv,0x88
0x97157c,_ZN6ShaderC2Ev,0x14
0x971590,_ZNK21LogicTutorialStepData19getAnimationClipSWFEv,0x10
0x9715a0,_ZNK14LogicMusicData17getVariationCountEv,0x10
0x9715b0,_ZN14BattleEndPopup14isCoopSurvivalEv,0x14
0x9715c4,_ZNK9MovieClip13getFrameIndexERK6String,0x88
0x97164c,_ZN19SelectLocationPopup18customButtonTappedEP10GameButtoni,0xc
0x971658,_ZN12SkinListItem7isOwnedEv,0x6c
0x9716c4,_ZNK38TencentBillingProcessedByServerMessage15getOriginalJSONEv,0x8
0x9716cc,_ZN25SetCountryResponseMessage6decodeEv,0x3c
0x971708,_ZN20LogicJSONInReflector8getFloatEPKcf,0x8c
0x971794,_ZN19GameSliderComponent10touchMovedERK5Touch,0x30
0x9717c4,_ZNK15LogicLocaleData14getLaserboxUrlEv,0x48
0x97180c,_ZThn16_NK14AllianceStream16getAnalyticsNameEv,0xc
0x971818,_ZN31LogicDeviceLinkEnterCodeMessage8destructEv,0x2c
0x971844,_ZN10ByteStream18getVIntSizeInBytesEi,0x8c
0x9718d0,_udata_getInfo_58,0x88
0x971958,_ZNK9UdpSocket21isPassAllMessagesModeEv,0x8
0x971960,_ZNKSt6__ndk110__function6__funcIZN19SupercellIdCallback20connectedGamesFailedEP8_jobjectE4$_17NS_9allocatorIS5_EEFvvEE7__cloneEPNS0_6__baseIS8_EE,0x18
0x971978,_ZN20LogicJSONInReflector8popStackEv,0xe0
0x971a58,_ZNK17CreateGameMessage27getInvitedAvatarIdHigherIntEv,0x8
0x971a60,_ZNSt6__ndk115__inplace_mergeIRZN14LogicArrayListIiE9sortArrayIZN18LogicMapEditorMode23setEventModifierEnabledEibE3$_0EEvRKT_EUlRKiSA_E_PiEEvT0_SE_SE_S6_NS_15iterator_traitsISE_E15difference_typeESH_PNSG_10value_typeEl,0x4a0
0x971f00,_udata_closeSwapper_58,0x4
0x971f04,_ZN19SupercellIdCallback56createScidShopClaimsInProgressFromIdShopClaimsInProgressEP13_jobjectArray,0x19c
0x9720a0,_u_isprint_58,0x88
0x972128,_XzFlags_GetCheckSize,0x3c
0x972164,_ZNK15SpriteToTexture9getHeightEv,0xc
0x972170,_Z13unstuff58bitsjjRjS_,0x30
0x9721a0,_ZN6SpriteC2Ev,0x4c
0x9721ec,_ZN11Character3DD2Ev,0x17c
0x972368,_ZNK24LogicPlayerThumbnailData12getSortOrderEv,0x10
0x972378,_ZNK18sc3dPanPinchCamera10getIDIndexEi,0x60
0x9723d8,_ZN5lzham12lzcompressor13code_decisionENS0_10lzdecisionERjS2_,0xb0
0x972488,_ZN12SupercellSWF12readIntArrayEi,0x54
0x9724dc,_ZN21LogicPlayerRewardDataC2EP17LogicRewardConfigib,0x1c
0x9724f8,_ZNK17LogicLocationData20getBannerOverrideSWFEv,0x10
0x972508,_ZN6icu_5813UnicodeStringC2EPKt,0x24
0x97252c,_ZN5ItemsC2EP13ItemsListeneriPK18LogicCharacterDataP9MovieClipPK13LogicCardDatai,0x4cc
0x9729f8,_ZN15LogicDataTables12getCardPowerEiPK13LogicCardDatai,0xa0
0x972a98,_ZN15HeroRewardPopupC2EP22HeroRewardNotification,0x238
0x972cd0,_ZN12KakaoManager12logoutResultEb,0xbc
0x972d8c,_ZN21AddableFriendsMessageC2Ei,0x30
0x972dbc,_ZN12BattleScreen23sendOfflineVisionUpdateEiP9BitStream,0x128
0x972ee4,_ZNK20LogicBattlePlayerMap6encodeEP15ChecksumEncoder,0x11c
0x973000,_ZN15TeamLeftMessageC2Ev,0x34
0x973034,_ZN9HeroEntryC2EPK18LogicCharacterDataPK13LogicSkinDataiiii,0x10
0x973044,_Java_com_supercell_titan_SupercellId_isIngameFriendsEnabled,0x8
0x97304c,_ZN15ChecksumEncoderC2Ev,0x1c
0x973068,_ZN14ChatStreamItem19setTextAndScaleSizeERK6String,0x2f4
0x97335c,_Java_com_supercell_titan_Kakao_inviteResult,0x21c
0x973578,_ZN13GoogleService16showAchievementsEv,0x14
0x97358c,_u_getPropertyName_58,0x4
0x973590,_ZN18LogicGatchaCommand14getRewardCountEPK13LogicHomeModei,0xb4
0x973644,_u_ispunct_58,0x84
0x9736c8,_ZN2OTL16intersects_glyphEP8hb_set_tRKNS_7IntTypeItLj2EEEPKv,0x34
0x9736fc,_ZNK12BattleScreen26shouldUseAutoShootTutorialEv,0x10
0x97370c,_ZNK30SubmitPlayerMapResponseMessage12getErrorCodeEv,0x8
0x973714,_ZN14ChatStreamBase19openChatContextMenuEP10StreamItem,0x94
0x9737a8,_ZN22AskForBattleEndMessage7addHeroEPK18LogicCharacterDataPK13LogicSkinDataibRK6String,0x178
0x973920,_ZN23LogicRankedLocationData16createReferencesEv,0xc8
0x9739e8,_ZN9DebugInfoD2Ev,0x20
0x973a08,_ZNK20LogicCharacterServer14hasActiveSkillEi,0x80
0x973a88,_ZNSt6__ndk110__function6__funcIZN11AndroidMain15recreateSurfaceEvE3$_4NS_9allocatorIS3_EEFvvEED0Ev,0x4
0x973a8c,_ZN9TextFieldD0Ev,0x24
0x973ab0,_hb_ot_shaper_face_data_create,0x4
0x973ab4,_ZNKSt6__ndk110__function6__funcIZN11scTaskQueue3runIZN8TestCase9touchDownEP13DisplayObjectE4$_14EENS_13invoke_resultIT_JEE4typeES9_EUlvE_NS_9allocatorISC_EEFvvEE7__cloneEPNS0_6__baseISF_EE,0x18
0x973acc,_ZN12RenderSystemC2Eb,0x124
0x973bf0,_ZNSt6__ndk110__function6__funcIZN11scTaskQueue3runIZN7GLImage6createEPKcS6_9ImageWrap11ImageFilterE3$_6EENS_13invoke_resultIT_JEE4typeESB_EUlvE_NS_9allocatorISE_EEFvvEE7destroyEv,0x4
0x973bf4,_ZN11Application29askUserConsentForAdvertiserIDEb,0x4
0x973bf8,_ZN14DataLoaderFont4loadEPKcS1_RKNSt6__ndk15arrayIiLm4EEE,0x26c
0x973e64,_ZNK18LogicCharacterData10getShadowXEv,0x8
0x973e6c,_ZN5titan3com9supercell5titan19ApplicationUtilBase13openMarketURLEv,0x5c
0x973ec8,_ZN10LZMAReader13readByteArrayEi,0x50
0x973f18,_ZNK3GUI19getChatOptionsPopupEv,0x98
0x973fb0,_ZN9InitState29setPendingFloatingTextOnEntryERK6String,0x14
0x973fc4,_Z5werp1ffffff,0xb8
0x97407c,_ZN5titan3com9supercell5titan5Kakao5loginEv,0x5c
0x9740d8,_ZNK12LogicBitList6encodeEP15ChecksumEncoder,0x60
0x974138,_ZN24LogicAvatarChangeFactory18encodeAvatarChangeEP17LogicAvatarChangeP15ChecksumEncoder,0x48
0x974180,_ZN5ShapeC2Ev,0x34
0x9741b4,_ZNK6icu_587UVector6equalsERKS0_,0xdc
0x974290,_ZNK19LogicAreaEffectData20getNeutralExportNameEv,0x10
0x9742a0,_ZN25BindTencentAccountMessage12setTencentIdEP6String,0x8
0x9742a8,_ZN29HomeBattleReplayFailedMessage6decodeEv,0x2c
0x9742d4,_ZNKSt6__ndk110__function6__funcIZN32NativeFacebookConnectionCallback18receivedAppRequestERK6StringE3$_4NS_9allocatorIS6_EEFvvEE7__cloneEPNS0_6__baseIS9_EE,0x58
0x97432c,_ZL24collect_features_tibetanP21hb_ot_shape_planner_t,0x80
0x9743ac,_ZNK6String19byteOffsetSubstringEii,0x144
0x9744f0,_ZN3SBM19calculateSkinMatrixER7SBMBoneP9xMatrix44,0xf4
0x9745e4,_ZN17HighRateUdpPacket26setHandshakeTestPacketSizeEi,0x8
0x9745ec,_ZN10LoginState9destroyUIEv,0x70
0x97465c,_ZN9HeroPopup12getEntryInfoEv,0x18
0x974674,_ZNK22scLZMADecompressFilter4readEPvm,0x98
0x97470c,_ZN6icu_587UVector17removeAllElementsEv,0x64
0x974770,_ZN25AccountIdentifiersMessage7setADIDEP6String,0x8
0x974778,_uloc_forLanguageTag_58,0x1b08
0x976280,_ZN21LogicAreaEffectServer8destructEv,0x80
0x976300,_udata_getHeaderSize_58,0x20
0x976320,_ZN8Databind15JSONInReflector15reflectIntArrayER14LogicArrayListIiERK6String,0x314
0x976634,_ZN24LogicExpressionEvaluator9parseExprEv,0x4
0x976638,_ZN9sc3dWorld16removeFromParentEv,0x58
0x976690,_ZN9LogicTile4tickEP28LogicGameObjectManagerServer,0x1a0
0x976830,_ZNK27GoogleBillingRequestMessage6getTIDEv,0x8
0x976838,_ZN18DeliveryCardsPopup14getScaleBounceEP9MovieClipfff,0xb4
0x9768ec,_ZN26RequestJoinAllianceMessage18getServiceNodeTypeEv,0x8
0x9768f4,_ZNK12LogicVector216getLengthSquaredEv,0x54
0x976948,_ZN9EmoteIcon8getEmoteEv,0x8
0x976950,_ZN9MovieClip25gotoAbsoluteTimeRecursiveEf,0xec
0x976a3c,_ZN10Connection4waitEi,0x17c
0x976bb8,_ZN19TeamSetEventMessage6decodeEv,0x3c
0x976bf4,_ZNK18sc3dPanPinchCamera21getAverageTouchScreenEv,0xa8
0x976c9c,_ZL34hb_font_get_glyph_from_name_parentP9hb_font_tPvPKciPjS1_,0x5c
0x976cf8,_ZNK31KakaoAccountAlreadyBoundMessage14getMessageTypeEv,0x8
0x976d00,_ZN5lzham12lzcompressor19get_min_block_ratioEv,0xb4
0x976db4,_ZN24SkinCampaignGroupHandler13buttonClickedEP12CustomButton,0x114
0x976ec8,_ZN13ShaderUtility30getBackwardsCompatibleHeaderVsEbb,0xc4
0x976f8c,_ZNK17LogicCampaignData8getTowerEv,0x24
0x976fb0,_ZN17ParallelExecution6updateEf,0x124
0x9770d4,_ZN14SceneCharacter12finishUpdateEv,0xa0
0x977174,_ZNK17LogicSkinConfData13getDeathSoundEv,0x8
0x97717c,_ZN16SetRegionMessageC2Ev,0x38
0x9771b4,_ZN24EsportTournamentsWebView11resumeMusicEv,0x18
0x9771cc,_ZN14AllianceCreate6updateEf,0x18
0x9771e4,_ZN15LogicStringUtil16rawNextCharAsciiERK6StringPi,0x6c
0x977250,_ZNKSt6__ndk110__function6__funcIZN11scTaskQueue3runIZN6Shader4loadEPKcS6_PS6_iE3$_0EENS_13invoke_resultIT_JEE4typeESA_EUlvE_NS_9allocatorISD_EEFvvEE7__cloneEPNS0_6__baseISG_EE,0x18
0x977268,_uprv_uint16Comparator_58,0x10
0x977278,_ZN12GemOfferItem13updateSpritesEv,0x70
0x9772e8,_ZN20LogicCharacterServer17AIthrowBasketballEii,0x94
0x97737c,_ZN19hb_ot_map_builder_t7compileER11hb_ot_map_t,0x8cc
0x977c48,_ZN8Databind24NlohmannJsonOutReflector10beginArrayERK6Stringi,0x174
0x977dbc,_ZN19SupercellIdCallback12isWindowOpenEP8_jobject,0x80
0x977e3c,_ZN7Offline20setSelectedStarPowerEPK18LogicCharacterDataPK13LogicCardData,0x4
0x977e40,_ZN9EventData11addModifierEi,0x134
0x977f74,_ZN10Multitouch8getTouchEjRiS0_Rf,0x8
0x977f7c,_ZN23ChronosEventSeenMessage18getServiceNodeTypeEv,0x8
0x977f84,_ZNKSt6__ndk110__function6__funcIZN14MessageManager34sendLoginAttributionAnalyticsEventEvE3$_0NS_9allocatorIS3_EEFvvEE6targetERKSt9type_info,0x1c
0x977fa0,_ZNK6CSVRow14getColumnCountEv,0x8
0x977fa8,_ZN16KeepAliveMessage18getServiceNodeTypeEv,0x8
0x977fb0,_ZN6icu_5813UnicodeString5setToEPtii,0x164
0x978114,_ZN18SeasonRewardsPopup19formatIntegerStringEi,0x30
0x978144,_ZN29LogicPlayerDataChangedCommandC2Ei,0x34
0x978178,_ZN12VertexBuffer10destroyIboEv,0x40
0x9781b8,_ZN20LogicHeroSeenCommandC2EPK18LogicCharacterDatai,0x44
0x9781fc,_ZN24EsportTournamentsWebView29decrementStopMusicRequirementEv,0x34
0x978230,_ZN19SelectLocationPopup18getTopMarginHeightEv,0x24
0x978254,_ZN11BounceTweenD0Ev,0x34
0x978288,_ZN14TitanInputFileC2ERK6StringPKc,0x20
0x9782a8,_ZNSt6__ndk110__function6__funcIZ39Java_com_supercell_titan_Kakao_loggedInE3$_0NS_9allocatorIS2_EEFvvEE18destroy_deallocateEv,0x44
0x9782ec,_ZL14_set_addStringP4USetPKti,0x6c
0x978358,_ZN17LogicGameModeUtil24playersCollectPowerCubesEi,0x24
0x97837c,_ZN8TestCase31findButtonsByNameInGUIContainerEP12GUIContainer6String,0x290
0x97860c,_ZNK18LogicCharacterData27getSuperRareSetUpgradeBonusEv,0x10
0x97861c,_ZN9Messaging12getStateNameENS_5StateE,0xc
0x978628,_ZThn96_N24EsportTournamentsWebView10swipeRightEv,0x20
0x978648,_ZN6icu_5816RBBITableBuilder16addRuleRootNodesEPNS_7UVectorEPNS_8RBBINodeE,0x78
0x9786c0,_ZNK33TencentCheckCanPayResponseMessage14getMessageTypeEv,0x8
0x9786c8,_ZNKSt6__ndk110__function6__funcIZN11scTaskQueue3runIZN8TestCase9moveTouchER5TouchS5_S5_fE3$_8EENS_13invoke_resultIT_JEE4typeES9_EUlvE_NS_9allocatorISC_EEFvvEE7__cloneEPNS0_6__baseISF_EE,0x18
0x9786e0,_ZN11LineManager18friendListReceivedEP14LogicArrayListIP11FriendEntryE,0x31c
0x9789fc,_ZN13LogicSkinData14setHappyEffectERK6String,0x8
0x978a04,_ZN5Stage24updateStageSizeVariablesEv,0x3c
0x978a40,_ZN5Stage26bindGlVertexArrayIfEnabledEj,0x4
0x978a44,_ZN29ChangeAllianceSettingsMessageC2Ev,0x40
0x978a84,_ZN22ConfirmChangeClanPopup13buttonClickedEP12CustomButton,0xcc
0x978b50,_ZNK18LogicGatchaCommand6encodeEP15ChecksumEncoder,0x34
0x978b84,_ZN20AllianceTeamsMessage7addTeamEP17AllianceTeamEntry,0x13c
0x978cc0,_ZNK6icu_5811Replaceable11hasMetaDataEv,0x8
0x978cc8,_Z14getOrderByTypeP10GatchaDropS0_,0xd4
0x978d9c,_ZN21LogicRankRewardConfig8destructEv,0x8
0x978da4,_ZN9xMatrix4418transformVector3fZEPKfRK7Vector3IfE,0x2c
0x978dd0,_ZN12jpeg_decoder5allocEi,0x80
0x978e50,_ZN9MessagingD2Ev,0x374
0x9791c4,_ZN26CreateAccountFailedMessage12getErrorCodeEv,0x8
0x9791cc,_ZN13TimelineValue7Builder3Key6customEfNS0_12ControlPointEPFffPvES3_,0x20
0x9791ec,_ZNK7CSVNode9getNodeAtEi,0xc
0x9791f8,_ZN24LogicVideoStartedCommand6decodeEP10ByteStream,0x38
0x979230,_ZN5lzham12lzcompressor5state6encodeERNS_12symbol_codecERNS_7CLZBaseERKNS_18search_acceleratorERKNS0_10lzdecisionE,0x684
0x9798b4,_ZN13ShaderUtility10loadShaderEjPKc,0x11c
0x9799d0,_ZN12GUIContainer16setAnalyticsNameERK6String,0x8
0x9799d8,_FileInStream_Read,0x6c
0x979a44,_ZN7Offline18getNextPreviewAnimEv,0x80
0x979ac4,_ZNSt6__ndk110__function6__funcIZN32NativeFacebookConnectionCallback7friendsERK6StringE3$_2NS_9allocatorIS6_EEFvvEE7destroyEv,0x4
0x979ac8,_ZNK22ShutdownStartedMessage14getMessageTypeEv,0x8
0x979ad0,_ZN15LogicStringUtil18createStringObjectEPKcii,0xc
0x979adc,_ZN24LatencyTestConfiguration12getSessionIdEv,0x8
0x979ae4,_ZNKSt6__ndk110__function6__funcIZN8TestCase17getVisibleButtonsEvE3$_3NS_9allocatorIS3_EEFP6SpritevEE11target_typeEv,0xc
0x979af0,_ZN14BrawlTvManager12markTuneInOkEv,0x8
0x979af8,_ZN19LogicRawInReflector25reflectNextObjectOptionalEb,0x48
0x979b40,_ZN9CombatHUD19clearSelectedButtonEv,0x8
0x979b48,_ZNK14LoginOkMessage24getAccountTokenReferenceEv,0x60
0x979ba8,_ZN24LogicSetPlayerAgeCommand8destructEv,0x24
0x979bcc,_ZNK11FontManager13getFontByNameEPKc,0x74
0x979c40,_ZNK9CSVColumn5cloneEv,0x498
0x97a0d8,_ZN11Application11getBundleIDEv,0x4
0x97a0dc,_ZN22SCIDBindAccountMessageC2Ev,0x34
0x97a110,_ZN8Animator12addAnimationEP9Animation,0x150
0x97a260,_ZN35BuyBundleBillingPackResponseMessage18getServiceNodeTypeEv,0x8
0x97a268,_ZN12RefreshTitleD2Ev,0x14
0x97a27c,_ZNSt6__ndk110__function6__funcIZN11scTaskQueue3runIZN7GLImage6createEPKhi9ImageWrap11ImageFilterE3$_2EENS_13invoke_resultIT_JEE4typeESB_EUlvE_NS_9allocatorISE_EEFvvEEclEv,0x40
0x97a2bc,_ZN11SoundSystem9playSoundEjfb,0x124
0x97a3e0,_ZN8HomePage14refreshOwnItemEi,0x38
0x97a418,_ZN23ChangeAvatarNameMessage16removeAvatarNameEv,0x10
0x97a428,_ZN25UdpCheckConnectionMessage6decodeEv,0x4
0x97a42c,_ZN8GameMain9handleURLEPKcS1_,0x8
0x97a434,_ZNK10StringView10startsWithEPKc,0x58
0x97a48c,_ZN22QuickChatMessageOptionD0Ev,0x38
0x97a4c4,_ZN12SoundManager9stopSoundEi,0x130
0x97a5f4,_ZN10BattleMode13touchReleasedERK5Touch,0x18
0x97a60c,_ZN24AvatarStreamEntryMessageC2Ei,0x30
0x97a63c,_ZNK18LogicCharacterData18getHeroScreenScaleEv,0x8
0x97a644,_ultag_isUnicodeLocaleType_58,0xb8
0x97a6fc,_ZN9BitStream20writePositiveIntMax3Ei,0x8
0x97a704,_ZN14BattleEndPopup32displayBattleEndHackFriendlyTvstEii,0x5c
0x97a760,_ZNK6CSVRow17getIntegerValueAtEii,0x10
0x97a770,_uprv_copyEbcdic_58,0x100
0x97a870,_ZN22ChronosResourceManager23getResourceFolderByTypeEi,0x4c
0x97a8bc,_ZN20EncryptionKeyManager4loadEv,0x340
0x97abfc,_ZN15LaserBoxManager15createBoolParamERK6Stringb,0xdc
0x97acd8,_ZN27LogicPlayerRankedSeasonData6decodeEP10ByteStream,0x27c
0x97af54,_ZN26KakaoAccountUnboundMessage8destructEv,0x4
0x97af58,_ZN11SCIDManager13claimShopItemERK6String,0xc4
0x97b01c,_ZNK16PlayerMapManager15clonePlayerMapsEv,0x1f0
0x97b20c,_ZN8NewsPage20getCustomOpenPageTabEi,0x18
0x97b224,_ZNK39GoogleServiceAccountAlreadyBoundMessage14getMessageTypeEv,0x8
0x97b22c,_ZN29AvailableServerCommandMessage19removeServerCommandEv,0x10
0x97b23c,_ZN18LogicChallengeData16createReferencesEv,0x378
0x97b5b4,_ZN26LogicMersenneTwisterRandom7nextIntEv,0xf4
0x97b6a8,_ZN37LogicGemNameChangeStateChangedCommand7executeEP13LogicHomeModeib,0x74
0x97b71c,_ZN5titan3com9supercell5titan15ApplicationUtil15getAdvertiserIDEv,0x70
0x97b78c,_ZN5titan7android7content7Context9getAssetsEv,0x7c
0x97b808,_upropsvec_addPropertyStarts_58,0x2c
0x97b834,_ZN19StopSpectateMessage6encodeEv,0x4
0x97b838,_ZN11FontManager10removeFontEP4Font,0x18c
0x97b9c4,_ZN23LogicCharacterClientOwn21setPositionFromServerEii,0xc
0x97b9d0,_ZN15LogicDataTables12getBoltsDataEv,0xc
0x97b9dc,_ZNK24LogicVideoStartedCommand6encodeEP15ChecksumEncoder,0x34
0x97ba10,_ZNK17MyAllianceMessage14getMessageTypeEv,0x8
0x97ba18,_ZN18RevokeNotification6decodeEP10ByteStream,0x90
0x97baa8,_ZN13UICurrentRoot12getMovieClipEP5UICtx,0x8
0x97bab0,_ZNSt6__ndk110__function6__funcIZN11AndroidMain22inputKeyboardDismissedEvE4$_13NS_9allocatorIS3_EEFvvEE7destroyEv,0x4
0x97bab4,_ZN12_GLOBAL__N_15array11typeReflectI12MovieClipRefEEvRN8Databind9ReflectorERT_P16ResourceListener,0x140
0x97bbf4,_ZN8RankItem32resolveCtxBasedOnQuantityAndTypeEii,0xa4
0x97bc98,_ZN17LogicSkinConfData28setBossAutoAttackRecoilAnim2ERK6String,0x14
0x97bcac,_ZN10LoginState5enterEv,0x57c
0x97c228,_ZN9InboxItemD2Ev,0x6c
0x97c294,_ZN15GameSCIDManager14clearKeyValuesEv,0xc
0x97c2a0,_ZN16OutOfSyncMessage17getClientChecksumEv,0x8
0x97c2a8,_ZN21LogicJSONOutReflector10beginArrayEPKci,0x90
0x97c338,_ZNK7CSVNode8getTableEv,0x8
0x97c340,_ZNK18ServerHelloMessage14getMessageTypeEv,0x8
0x97c348,_egc_iter_load_state,0x9c
0x97c3e4,_ZN31ChangeAllianceSettingsOkMessageC2Ev,0x34
0x97c418,_ZN11SCIDManager19accountAlreadyBoundEv,0x10
0x97c428,_Z13getKeyCodeStrc,0x30
0x97c458,_ZNK9LogicTile29isPassableFromWaterPathFinderEiii,0x40
0x97c498,_ZN19DataGainedExecutionD0Ev,0x48
0x97c4e0,_ZN11StringTable14getLongestWordERK6String,0x258
0x97c738,_ZN20GetPlayerMapsMessage6decodeEv,0x4
0x97c73c,_ZN18DecoratedTextField12setPlainTextERK6String,0x50
0x97c78c,_ZN25DeviceLinkMigrationScreen6updateEf,0x14c
0x97c8d8,_ucase_addStringCaseClosure_58,0x170
0x97ca48,_Z18StringToWideStringRKNSt6__ndk112basic_stringIcNS_11char_traitsIcEENS_9allocatorIcEEEES7_,0x8e0
0x97d328,_ZNK20LogicCharacterServer13getPathLengthEv,0x94
0x97d3bc,_ZN8GameMainD2Ev,0x2a0
0x97d65c,_j_ZN8Databind4Util17ArrayAccessorBaseI7Vector2IfENSt6__ndk16vectorIS3_NS4_9allocatorIS3_EEEEE6setPtrEmPKv,0x4
0x97d660,_e843419@0003_0000002a_59ad64,0x8
0x97d668,_e843419@0003_0000002a_57ad60,0x8
0x97d670,_e843419@0003_0000002a_70fd64,0x8
0x97d678,_e843419@0003_0000002a_3b3d60,0x8
0x97e65c,_ZN8Databind4Util17ArrayAccessorBaseI7Vector2IfENSt6__ndk16vectorIS3_NS4_9allocatorIS3_EEEEE6setPtrEmPKv,0xc
0x97e668,_ZN19UIDynamicTextSetterD0Ev,0x4
0x97e66c,_ZN8safe_jni15static_functionIN5titan3com9supercell5titan19ApplicationUtilBaseEvEclIJbEEEvDpT_,0x15c
0x97e7c8,_ZNSt6__ndk120__shared_ptr_emplaceIN4asio19basic_stream_socketINS1_2ip3tcpENS1_15any_io_executorEEENS_9allocatorIS6_EEED0Ev,0x54
0x97e81c,_ZN4asio9execution6detail17any_executor_base8query_fnINS_10io_context19basic_executor_typeINSt6__ndk19allocatorIvEELj0EEENS0_11prefer_onlyINS1_8blocking10possibly_tILi0EEEEEEEvPvPKvSH_,0x38
0x97e854,_ZNK24AllianceJoinRequestPopup12getPopupTypeEv,0x8
0x97e85c,_ZN26RankedMatchBanEndedMessageD0Ev,0xd4
0x97e930,_ZNSt6__ndk16__treeINS_12__value_typeINS_12basic_stringIcNS_11char_traitsIcEENS_9allocatorIcEEEEN8nlohmann10basic_jsonINS_3mapENS_6vectorES7_blmdS5_NS8_14adl_serializerEEEEENS_19__map_value_compareIS7_SE_NS_4lessIvEELb1EEENS5_ISE_EEE12__find_equalIS7_EERPNS_16__tree_node_baseIPvEERPNS_15__tree_end_nodeISP_EERKT_,0x120
0x97ea50,_ZN11wendelstein12old_versions22MovieClipEmitterDataV0D2Ev,0x108
0x97eb58,_ZN14LogicSkillDataD0Ev,0x40
0x97eb98,_ZNK20LogicCharacterClient20isUsingUltiCurrentlyEv,0x8
0x97eba0,_ZN17LogicGameListener19onNameChangeReceiveEv,0x4
0x97eba4,_ZNSt6__ndk16__treeINS_12__value_typeINS_12basic_stringIcNS_11char_traitsIcEENS_9allocatorIcEEEEN8nlohmann10basic_jsonINS_3mapENS_6vectorES7_blmdS5_NS8_14adl_serializerEEEEENS_19__map_value_compareIS7_SE_NS_4lessIvEELb1EEENS5_ISE_EEE4findIA27_cEENS_15__tree_iteratorISE_PNS_11__tree_nodeISE_PvEElEERKT_,0x12c
0x97ecd0,_ZN8Databind4Util13ArrayAccessorI6StringNSt6__ndk16vectorIS2_NS3_9allocatorIS2_EEEEE4copyERS7_,0xac
0x97ed7c,_ZNSt6__ndk16vectorI7Vector2IfENS_9allocatorIS2_EEE21__push_back_slow_pathIRKS2_EEvOT_,0xe8
0x97ee64,_ZNK11wendelstein13DragComponent11getCategoryEv,0x8
0x97ee6c,_ZN8Databind4Util13ArrayAccessorI6StringNSt6__ndk16vectorIS2_NS3_9allocatorIS2_EEEEE8capacityEm,0x8
0x97ee74,_ZN5titan3com6google7android4play4core5tasks18OnCompleteListenerD0Ev,0x38
0x97eeac,_ZN8safe_jni7ConvertIvvE12CallFunctionEP10_jmethodIDP8_jobjectz,0xa0
0x97ef4c,_ZN17TeamPostAdMessageD0Ev,0xc0
0x97f00c,_ZNSt6__ndk16vectorIN11RenderQueue5ChunkENS_9allocatorIS2_EEE8__appendEm,0x1b4
0x97f1c0,_ZNSt6__ndk120__shared_ptr_pointerIPN8Databind23DefaultObjectTypeTraitsIN11wendelstein22SpawnLocationComponentEEENS_14default_deleteIS5_EENS_9allocatorIS5_EEE21__on_zero_shared_weakEv,0x4
0x97f1c4,_ZN11wendelstein23ComponentListSerializerD0Ev,0x4
0x97f1c8,_ZN17LogicGameListener20doubleCoinsIncreasedEv,0x4
0x97f1cc,_ZN8safe_jni8functionIN5titan3com9supercell5titan12TitanWebViewEvEclIJ6StringEEEvP8_jobjectDpT_,0x184
0x97f350,_ZN8Databind4Util13ArrayAccessorIf14LogicArrayListIfEE3setEmPKf,0x18
0x97f368,_ZN8Databind16DatabindTreeNode4saveEv,0x8
0x97f370,_ZN17LogicGameListener20debugCommandExecutedEP17LogicDebugCommand,0x4
0x97f374,_ZNSt6__ndk16vectorINS_12basic_stringIcNS_11char_traitsIcEENS_9allocatorIcEEEENS4_IS6_EEE8__appendEm,0x1c4
0x97f538,_ZNK25LogicAvatarChangeListener19getCurrentTimestampEv,0x8
0x97f540,_ZNK18NotEnoughGemsPopup12getPopupTypeEv,0x8
0x97f548,_ZN22ResourceDataLoaderImplI19ResourceDataTextureED0Ev,0x94
0x97f5dc,_ZN8Databind4Util13ArrayAccessorIfNSt6__ndk16vectorIfNS2_9allocatorIfEEEEE4swapEmm,0x24
0x97f600,_ZTv0_n24_NSt6__ndk118basic_stringstreamIcNS_11char_traitsIcEENS_9allocatorIcEEED0Ev,0x88
0x97f688,_ZN4asio9execution6detail17any_executor_base9prefer_fnINS0_12any_executorIJNS0_12context_as_tIRNS_17execution_contextEEENS1_8blocking7never_tILi0EEENS0_11prefer_onlyINS9_10possibly_tILi0EEEEENSC_INS1_16outstanding_work9tracked_tILi0EEEEENSC_INSG_11untracked_tILi0EEEEENSC_INS1_12relationship6fork_tILi0EEEEENSC_INSN_14continuation_tILi0EEEEEEEENS_10io_context19basic_executor_typeINSt6__ndk19allocatorIvEELj0EEESB_EET_PKvS13_,0x38
0x97f6c0,_ZN36AppleBillingProcessedByServerMessageD2Ev,0xd8
0x97f798,_ZNK4asio5error6detail13misc_category4nameEv,0xc
0x97f7a4,_ZNSt6__ndk110__function6__funcIZN11scTaskQueue3runIZN10SWFTexture21loadDownscaledTextureIiEEvP12SupercellSWFiiiibbEUlvE_EENS_13invoke_resultIT_JEE4typeESA_EUlvE_NS_9allocatorISD_EEFvvEED0Ev,0x4
0x97f7a8,_ZNK4asio5error6detail14netdb_category7messageEi,0x15c
0x97f904,_ZNK2OT14ContextFormat111would_applyEPNS_24hb_would_apply_context_tE,0x250
0x97fb54,_ZN4asio6detail16resolver_serviceINS_2ip3tcpEED0Ev,0x64
0x97fbb8,_ZN21LaserSCWObjectFactory14createMaterialEP7SCWFile,0x2c
0x97fbe4,_ZNK21TypedResourceDataBaseILi1EE7getTypeEv,0x8
0x97fbec,_ZN20LogicAchievementDataD0Ev,0x40
0x97fc2c,_ZN30LogicDeleteNotificationCommandD0Ev,0x4
0x97fc30,_ZN8Databind4Util13ArrayAccessorI12LogicVector214LogicArrayListIS2_EE5clearEv,0xc
0x97fc3c,_ZNKSt6__ndk111basic_regexIcNS_12regex_traitsIcEEE29__match_at_start_posix_nosubsINS_9allocatorINS_9sub_matchIPKcEEEEEEbS8_S8_RNS_13match_resultsIS8_T_EENS_15regex_constants15match_flag_typeEb,0x760
0x98039c,_ZN20ShopBgElementHandler11deletesClipEv,0x8
0x9803a4,_ZN13LogicJSONNodeD0Ev,0x4
0x9803a8,_ZN8Databind4Util13ArrayAccessorI7Vector2IfE14LogicArrayListIS3_EE3getEm,0x14
0x9803bc,_ZN8Material21setLightmapDiffuseTexEP7GLImage,0x8
0x9803c4,_ZN26ISCIDManagerImplementation13claimShopItemERK6String,0x4
0x9803c8,_ZN8Databind23DefaultObjectTypeTraitsIN11wendelstein18CurlNoiseComponentEED0Ev,0x4
0x9803cc,_ZNK10StreamItem23shouldUpdateReceiveTimeEv,0x8
0x9803d4,_ZNSt6__ndk110__function6__funcIZN11wendelstein16ComponentFactory14addConstructorINS2_15SpringComponentEEEvvEUlvE_NS_9allocatorIS6_EEFNS_10shared_ptrINS2_17IEmitterComponentEEEvEE18destroy_deallocateEv,0x4
0x9803d8,_ZN4asio6detail13epoll_reactor8start_opEiiRPNS1_16descriptor_stateEPNS0_10reactor_opEbb,0x360
0x980738,_ZNSt6__ndk120__shared_ptr_emplaceIN8nlohmann6detail20input_buffer_adapterENS_9allocatorIS3_EEE16__on_zero_sharedEv,0xc
0x980744,_ZNK2OT18SingleSubstFormat214collect_glyphsEPNS_27hb_collect_glyphs_context_tE,0x258
0x98099c,_ZN25LineAccountUnboundMessageD0Ev,0xc0
0x980a5c,_ZN8safe_jni4ctorIN5titan3com9supercell2id14IdIngameFriendEEclIJ6StringS8_S8_S8_S8_bEEEP8_jobjectDpT_,0x2a0
0x980cfc,_ZN8Databind4Util13ArrayAccessorI6StringNSt6__ndk16vectorIS2_NS3_9allocatorIS2_EEEEE4sizeEv,0x14
0x980d10,_ZN8safe_jni15static_functionIN5titan3com9supercell5titan19ApplicationUtilBaseEbEclIJ6StringEEEbDpT_,0x1a8
0x980eb8,_ZNKSt6__ndk110__function6__funcIZN11wendelstein16ComponentFactory14addConstructorINS2_24TangentVelocityComponentEEEvvEUlvE_NS_9allocatorIS6_EEFNS_10shared_ptrINS2_17IEmitterComponentEEEvEE11target_typeEv,0xc
0x980ec4,_ZN11TeamMessageD0Ev,0xc0
0x980f84,_ZN18BezierInterpolatorI7Vector3IfEE5setX1Ef,0x8
0x980f8c,_ZN20LogicEmoteBundleDataD0Ev,0x40
0x980fcc,_ZN8safe_jni7ConvertIN5titan7android3net3UriEvE3SigEv,0xd8
0x9810a4,_ZNSt6__ndk16vectorIN2fx4gltf5SceneENS_9allocatorIS3_EEE7reserveEm,0x154
0x9811f8,_ZN36LogicTencentAntiAddictionInstructionD2Ev,0x48
0x981240,_ZN31LogicSetSupportedCreatorCommandD0Ev,0x4
0x981244,_ZNSt6__ndk112__deque_baseINS_10shared_ptrI14scAbstractTaskEENS_9allocatorIS3_EEE5clearEv,0x138
0x98137c,_ZN25PurchaseOfferPopupHandler14setupExtraDescEP9TextField,0x4
0x981380,_ZN20StartSpectateMessageD0Ev,0xc0
0x981440,_ZN31TeamChangeMemberSettingsMessageD0Ev,0xc0
0x981500,_ZTv0_n24_NSt6__ndk114basic_ifstreamIcNS_11char_traitsIcEEED1Ev,0x48
0x981548,_ZN8safe_jni15static_functionIN5titan3com9supercell5titan7tencent11MSDKManagerEvEclIJi6StringS9_S9_S9_S9_NSt6__ndk16vectorISt4byteNSA_9allocatorISC_EEEEiS9_S9_S9_EEEvDpT_,0x2c4
0x98180c,_ZNSt6__ndk120__shared_ptr_emplaceIN8nlohmann6detail20input_buffer_adapterENS_9allocatorIS3_EEED2Ev,0x4
0x981810,_ZN8safe_jni8functionIN5titan7android4view7DisplayEiEclIJEEEiP8_jobjectDpT_,0x118
0x981928,_ZNSt6__ndk120__shared_ptr_emplaceIN11wendelstein18CurlNoiseComponentENS_9allocatorIS2_EEE21__on_zero_shared_weakEv,0x4
0x98192c,_ZNSt6__ndk16__treeINS_12__value_typeI6StringN8KeyCache12StringObjectEEENS_19__map_value_compareIS2_S5_NS_4lessIS2_EELb1EEENS_9allocatorIS5_EEE7destroyEPNS_11__tree_nodeIS5_PvEE,0x54
0x981980,_ZN34SetSupportedCreatorResponseMessageD2Ev,0xd0
0x981a50,_ZN12LoginMessage17initializeMembersEv,0xe8
0x981b38,_ZNSt6__ndk110__function6__funcIZN10SWFTexture21loadDownscaledTextureIiEEvP12SupercellSWFiiiibbEUlvE_NS_9allocatorIS6_EEFvvEE18destroy_deallocateEv,0x4
0x981b3c,_ZN8Databind4Util13ArrayAccessorIi14LogicArrayListIiEE4sizeEv,0xc
0x981b48,_ZN15scFileImpl_MmapC2EPKcim,0x2ac
0x981df4,_ZN8safe_jni11PrepareArgsIJ6StringS1_S1_S1_bEE3valERKS1_S4_S4_S4_RKb,0x15c
0x981f50,_ZN21ScidLifecycleListener6onStopEv,0x8
0x981f58,_ZN37LogicDeviceLinkNewDeviceLinkedMessageD0Ev,0xd0
0x982028,_ZNSt6__ndk115__inplace_mergeIRZN14LogicArrayListIP11LatencyDataE9sortArrayIPFiS3_S3_EEEvRKT_EUlRKS3_SC_E_PS3_EEvT0_SG_SG_S8_NS_15iterator_traitsISG_E15difference_typeESJ_PNSI_10value_typeEl,0x304
0x98232c,_ZNSt6__ndk16vectorI7Vector3IfENS_9allocatorIS2_EEE7reserveEm,0xc8
0x9823f4,_ZN13scFSLayerBase7refreshEv,0x4
0x9823f8,_ZN24AllianceEventStreamEntryD0Ev,0x4
0x9823fc,_ZN11wendelstein22SpawnLocationComponent23setDatabindObjectFieldsEP14DatabindObjectm,0x2e4
0x9826e0,_ZNK14MapPreviewMenu11getMenuTypeEv,0x8
0x9826e8,_ZN8Databind4Util13ArrayAccessorI7Vector3IfENSt6__ndk16vectorIS3_NS4_9allocatorIS3_EEEEE6resizeEm,0x40
0x982728,_ZN8ShopItem20afterSizeCalculationEv,0x4
0x98272c,_ZN8safe_jni15static_functionIN5titan3com9supercell5titan7tencent11MSDKManagerE6StringEclIJEEES7_DpT_,0x148
0x982874,_ZN8safe_jni7ConvertINSt6__ndk16vectorIN5titan7android7content2pm9SignatureENS1_9allocatorIS7_EEEEvE3SigEv,0xb8
0x98292c,_ZNSt6__ndk120__shared_ptr_pointerIP14LogicArrayListI7Vector3IfEENS_14default_deleteIS4_EENS_9allocatorIS4_EEED0Ev,0x24
0x982950,_ZNSt6__ndk120__shared_ptr_pointerIPN8Databind23DefaultObjectTypeTraitsIN11wendelstein19SpawnBurstComponentEEENS_14default_deleteIS5_EENS_9allocatorIS5_EEED0Ev,0x24
0x982974,_ZNSt6__ndk113__assoc_stateINS_4pairIb6StringEEED0Ev,0x54
0x9829c8,_ZN21EnterMapEditorMessage6encodeEv,0x4
0x9829cc,_ZN8safe_jni15static_functionIN5titan3com9supercell5titan7tencent11MSDKManagerEbEclIJiEEEbDpT_,0x168
0x982b34,_ZN14HelpshiftTitan27HelpshiftConnectionFallback19setWithTagsMatchingEPK6Stringi,0x4
0x982b38,_ZN9InputTool5enterEv,0x4
0x982b3c,_ZN11wendelstein27IWendelsteinParticleEmitter14setEffectScaleEf,0x4
0x982b40,_ZN8Databind4Util13ArrayAccessorIfNSt6__ndk16vectorIfNS2_9allocatorIfEEEEE3setEmPKf,0x30
0x982b70,_ZN25ClientCapabilitiesMessageD0Ev,0xc0
0x982c30,_ZN8Databind4Util13ArrayAccessorIfNSt6__ndk16vectorIfNS2_9allocatorIfEEEEE15addDefaultValueEv,0x74
0x982ca4,_ZNK2OT30ReverseChainSingleSubstFormat17closureEPNS_20hb_closure_context_tE,0x37c
0x983020,_ZN8Databind4Util13ArrayAccessorIb14LogicArrayListIbEE15addDefaultValueEv,0x74
0x983094,_ZN13TeamChatInputD2Ev,0x10
0x9830a4,_ZNSt6__ndk120__shared_ptr_emplaceIN11wendelstein21SimpleGroundComponentENS_9allocatorIS2_EEE16__on_zero_sharedEv,0xc
0x9830b0,_ZNSt6__ndk110__function6__funcIZN11wendelstein16ComponentFactory14addConstructorINS2_18SpawnRateComponentEEEvvEUlvE_NS_9allocatorIS6_EEFNS_10shared_ptrINS2_17IEmitterComponentEEEvEEclEv,0xe0
0x983190,_ZN28LogicSeasonalSkinSectionDataD0Ev,0x3c
0x9831cc,_ZN2fx4gltf6detail17ReadOptionalFieldINSt6__ndk16vectorINS0_7SamplerENS3_9allocatorIS5_EEEEEEvNS3_17basic_string_viewIcNS3_11char_traitsIcEEEERKN8nlohmann10basic_jsonINS3_3mapES4_NS3_12basic_stringIcSB_NS6_IcEEEEblmdS6_NSD_14adl_serializerEEERT_,0x158
0x983324,_ZNK2OT9ChainRule7closureEPNS_20hb_closure_context_tERNS_32ChainContextClosureLookupContextE,0x1e4
0x983508,_ZNK9InfoPopup16getAnalyticsNameEv,0x8
0x983510,_ZNK11LogicMapIntIPK13LogicSkinDataE7getKeysEv,0x1ec
0x9836fc,_ZN8Databind23DefaultObjectTypeTraitsIN11wendelstein18SpawnRateComponentEED0Ev,0x4
0x983700,_ZNSt6__ndk120__match_char_collateIcNS_12regex_traitsIcEEED2Ev,0x54
0x983754,_ZNKSt6__ndk114default_deleteI15ResourceDataCSVEclEPS1_,0x74
0x9837c8,_ZN8safe_jni11PrepareArgsIJNSt6__ndk16vectorISt4byteNS1_9allocatorIS3_EEEEi6StringS7_S7_EE3valERKS6_RKiRKS7_SE_SE_,0x1a4
0x98396c,_ZN8Databind16DatabindTreeNode10clearDirtyEv,0x8
0x983974,_ZN14scPackagedTaskINSt6__ndk18functionIFvvEEEE3runEv,0xa8
0x983a1c,_ZN30AdUpdateConversionValueMessageD0Ev,0xc0
0x983adc,_ZN8Databind6detail23DatabindAccessorWrapperIfE10getterTypeEv,0x10
0x983aec,_ZN25TeamBotSlotDisableMessageD0Ev,0xc0
0x983bac,_ZN8Databind6detail22AccessorNonRefGetConstI7Vector3IfE18BezierInterpolatorIS3_EE3getEPv,0x40
0x983bec,_ZN8Databind4Util13ArrayAccessorI7Vector2IfE14LogicArrayListIS3_EED0Ev,0x4
0x983bf0,_ZNSt6__ndk110unique_ptrI12scFilesystemNS_14default_deleteIS1_EEED2Ev,0x3c
0x983c2c,_ZN4asio6detail12posix_thread9func_baseD2Ev,0x4
0x983c30,_ZN8Databind4Util13ArrayAccessorIbNSt6__ndk16vectorIbNS2_9allocatorIbEEEEE3addEPKb,0xa4
0x983cd4,_ZNSt6__ndk16vectorI11scRingQueueI7Vector3IfEENS_9allocatorIS4_EEE8__appendEm,0x1e8
0x983ebc,_ZN8Databind8Databind7addEnumERKNSt6__ndk112basic_stringIcNS1_11char_traitsIcEENS1_9allocatorIcEEEEPNS_13IDatabindEnumE,0x12c
0x983fe8,_ZN11wendelstein15SpringComponent20getDatabindObjectDefEv,0x310
0x9842f8,_ZNSt6__ndk110shared_ptrI14scPackagedTaskIvEE11make_sharedIJZN11scTaskQueue3runIZN10SWFTexture11loadTextureIiEEvP12SupercellSWFiiiibbEUlvE_EENS_13invoke_resultIT_JEE4typeESD_EUlvE_EEES3_DpOT_,0x108
0x984400,_ZN34AllianceOnlineStatusUpdatedMessageD0Ev,0xe0
0x9844e0,_ZNSt6__ndk120__shared_ptr_pointerIPvN4asio6detail10socket_ops12noop_deleterENS_9allocatorIvEEE16__on_zero_sharedEv,0x4
0x9844e4,_ZN2fx4gltf9from_jsonERKN8nlohmann10basic_jsonINSt6__ndk13mapENS3_6vectorENS3_12basic_stringIcNS3_11char_traitsIcEENS3_9allocatorIcEEEEblmdS9_NS1_14adl_serializerEEERNS0_8Accessor6Sparse6ValuesE,0x1c4
0x9846a8,_ZN23LogicHomeChangeListener20brawlPassWarningSeenEi,0x4
0x9846ac,_ZN8nlohmann6detail19json_sax_dom_parserINS_10basic_jsonINSt6__ndk13mapENS3_6vectorENS3_12basic_stringIcNS3_11char_traitsIcEENS3_9allocatorIcEEEEblmdS9_NS_14adl_serializerEEEE12handle_valueIRbEEPSD_OT_,0x110
0x9847bc,_ZTv0_n24_NSt6__ndk114basic_ifstreamIcNS_11char_traitsIcEEED0Ev,0x54
0x984810,_ZN11wendelstein15GroundComponent9objectDefEv,0x4
0x984814,_ZN11wendelstein18CurlNoiseComponent23setDatabindObjectFieldsEP14DatabindObjectm,0x2b0
0x984ac4,_ZN12DCT_Upsample3R_SILi8ELi8EE4calcERNS_8Matrix44ES3_PKs,0x554
0x985018,_ZN25LogicAvatarChangeListener21debugToggleNewbieCoopEv,0x4
0x98501c,_ZN18scFileInputAdapterD0Ev,0x30
0x98504c,_ZN25LogicAvatarChangeListener24debugPurchaseStartedPackEv,0x4
0x985050,_ZN4Game5keyUpEi,0x4
0x985054,_ZNSt6__ndk16vectorIN24DataLoaderLayeredTexture15TextureModifierENS_9allocatorIS2_EEE21__push_back_slow_pathIS2_EEvOT_,0x170
0x9851c4,_ZNSt6__ndk16vectorIN2fx4gltf8AccessorENS_9allocatorIS3_EEE6insertENS_11__wrap_iterIPKS3_EEOS3_,0x268
0x98542c,_ZNK13HeroInfoPopup12getPopupTypeEv,0x8
0x985434,_ZN12DCT_Upsample3R_SILi5ELi4EE4calcERNS_8Matrix44ES3_PKs,0x228
0x98565c,_ZNK21TypedResourceDataBaseILi2EE7getTypeEv,0x8
0x985664,_ZN4asio6detail11noncopyableD2Ev,0x4
0x985668,_ZNK11RewardPopup28allowClosingFromModalTappingEv,0x8
0x985670,_ZN13LogicTileDataD0Ev,0x40
0x9856b0,_ZNSt6__ndk110__bracket_expressionIcNS_12regex_traitsIcEEE13__add_digraphEcc,0x140
0x9857f0,_ZNKSt6__ndk120__shared_ptr_pointerIPvN4asio6detail10socket_ops12noop_deleterENS_9allocatorIvEEE13__get_deleterERKSt9type_info,0x1c
0x98580c,_ZN4asio9execution6detail17any_executor_base10require_fnINS0_12any_executorIJNS0_12context_as_tIRNS_17execution_contextEEENS1_8blocking7never_tILi0EEENS0_11prefer_onlyINS9_10possibly_tILi0EEEEENSC_INS1_16outstanding_work9tracked_tILi0EEEEENSC_INSG_11untracked_tILi0EEEEENSC_INS1_12relationship6fork_tILi0EEEEENSC_INSN_14continuation_tILi0EEEEEEEENS_10io_context19basic_executor_typeINSt6__ndk19allocatorIvEELj4EEES8_EET_PKvS13_,0x24
0x985830,_ZN25RankedMatchStartedMessageD0Ev,0xc0
0x9858f0,_ZNSt6__ndk127__insertion_sort_incompleteIRPFbP8HeroItemS2_EPS2_EEbT0_S7_T_,0x330
0x985c20,_ZN8Databind4Util13ArrayAccessorI12LogicVector214LogicArrayListIS2_EE4sizeEv,0xc
0x985c2c,_ZNSt6__ndk111__alternateIcED0Ev,0x60
0x985c8c,_ZN17LogicGameListener25playEventCollectAnimationEii,0x4
0x985c90,_ZNK11DragHandler10isPinchingEv,0x8
0x985c98,_ZN6SCTune13refreshValuesEv,0x4
0x985c9c,_ZN8safe_jni13FuncSignatureIJ6StringS1_NSt6__ndk16vectorISt4byteNS2_9allocatorIS4_EEEES1_EE8toStringEv,0xac
0x985d48,_ZN19LogicRawInReflectorD0Ev,0x74
0x985dbc,_ZN8Databind15JSONInReflectorD2Ev,0x4c
0x985e08,_ZN26CreateAccountFailedMessageD0Ev,0xc0
0x985ec8,_ZNSt6__ndk112__hash_tableINS_17__hash_value_typeINS_11__thread_idEiEENS_22__unordered_map_hasherIS2_S3_NS_4hashIS2_EELb1EEENS_21__unordered_map_equalIS2_S3_NS_8equal_toIS2_EELb1EEENS_9allocatorIS3_EEE6rehashEm,0xe4
0x985fac,_ZNK8Databind15JSONInReflector10isInObjectEv,0x10
0x985fbc,_ZNSt6__ndk110__function6__funcIZN11wendelstein16ComponentFactory14addConstructorINS2_15SpringComponentEEEvvEUlvE_NS_9allocatorIS6_EEFNS_10shared_ptrINS2_17IEmitterComponentEEEvEED0Ev,0x4
0x985fc0,_ZN30LogicSetPlayerNameColorCommandD0Ev,0x4
0x985fc4,_ZNKSt6__ndk111__alternateIcE12__exec_splitEbRNS_7__stateIcEE,0x24
0x985fe8,_ZNSt6__ndk114__split_bufferIPNS_7__stateIcEENS_9allocatorIS3_EEE10push_frontEOS3_,0x138
0x986120,_ZNSt6__ndk112__deque_baseINS_7__stateIcEENS_9allocatorIS2_EEE5clearEv,0x150
0x986270,_ZN19DeviceLinkSubScreen5closeEv,0x4
0x986274,_ZNKSt6__ndk110__function6__funcIZN11wendelstein16ComponentFactory14addConstructorINS2_15VortexComponentEEEvvEUlvE_NS_9allocatorIS6_EEFNS_10shared_ptrINS2_17IEmitterComponentEEEvEE11target_typeEv,0xc
0x986280,_ZN2OT9SanitizerINS_16OpenTypeFontFileEE8sanitizeEP9hb_blob_t,0x39c
0x98661c,_ZN13TeamChatInputD0Ev,0x30
0x98664c,_ZN8Databind24NlohmannJsonOutReflectorD2Ev,0x4c
0x986698,_ZN5titan3com9supercell5titan11SupercellIdD0Ev,0x38
0x9866d0,_ZN10ByteStreamD2Ev,0xb4
0x986784,_ZN8safe_jni15static_functionIN5titan3com9supercell5titan14HelpshiftTitanEbEclIJEEEbDpT_,0x13c
0x9868c0,_ZNSt6__ndk16vectorI11SCIDAccountNS_9allocatorIS1_EEE21__push_back_slow_pathIRKS1_EEvOT_,0x170
0x986a30,_ZN28PlayerMapGreenlightedMessageD2Ev,0xc4
0x986af4,_ZN22CreatePlayerMapMessageD0Ev,0xc0
0x986bb4,_ZNSt6__ndk111basic_regexIcNS_12regex_traitsIcEEE25__parse_equivalence_classIPKcEET_S7_S7_PNS_20__bracket_expressionIcS2_EE,0x208
0x986dbc,_ZN8safe_jni11PrepareArgsIJ6StringS1_S1_S1_NSt6__ndk16vectorISt4byteNS2_9allocatorIS4_EEEEiS1_S1_S1_EE3valERKS1_SA_SA_SA_RKS7_RKiSA_SA_SA_,0x1b0
0x986f6c,_ZN25PepperPerMessageEncrypterD2Ev,0x24
0x986f90,_ZNK8Databind16JSONOutReflector9isInArrayEv,0x10
0x986fa0,_ZN13DebugMenuBase8CategoryD2Ev,0x44
0x986fe4,_ZN5titan7android3net3UriD0Ev,0x38
0x98701c,_ZNSt6__ndk120__shared_ptr_emplaceI18scFileInputAdapterNS_9allocatorIS1_EEE21__on_zero_shared_weakEv,0x4
0x987020,_ZNSt6__ndk115__word_boundaryIcNS_12regex_traitsIcEEED2Ev,0x54
0x987074,_ZN17LogicRankedSeasonD2Ev,0x4c
0x9870c0,_ZN22TeamCreatedStreamEntryD0Ev,0x4
0x9870c4,_ZNK11AboutScreen12getPopupTypeEv,0x8
0x9870cc,_ZN8safe_jni7ConvertIlvE12CallFunctionEP10_jmethodIDP8_jobjectz,0xa8
0x987174,_ZNK25LogicCooldownAddedCommand14getCommandTypeEv,0x8
0x98717c,_ZN25PurchaseOfferPopupHandler15showResourceHUDEv,0x8
0x987184,_ZN20EventSuggestionPopup17canSwitchAltModesEv,0x8
0x98718c,_ZN5lzham18lzham_decompressor10decompressILb1EEE25lzham_decompress_status_tv,0x5304
0x98c490,_ZNK10ScoresPage14getLocalScrollEv,0x8
0x98c498,_ZNK23scFileImpl_MemoryHandle4sizeEv,0x8
0x98c4a0,_ZN22ResourceDataLoaderImplI17ResourceDataMusicE12loadFinishedENSt6__ndk110unique_ptrIS0_NS2_14default_deleteIS0_EEEE,0xa0
0x98c540,_ZN8Databind16DatabindTreeNode14getAsTableNodeEv,0x8
0x98c548,_ZNSt6__ndk120__shared_ptr_pointerIPN8Databind23DefaultObjectTypeTraitsIN11wendelstein19SpawnBurstComponentEEENS_14default_deleteIS5_EENS_9allocatorIS5_EEE16__on_zero_sharedEv,0x18
0x98c560,_ZNK8Databind24NlohmannJsonOutReflector9isInArrayEv,0x10
0x98c570,_ZNK31LogicRankedSeasonChangedCommand14getCommandTypeEv,0x8
0x98c578,_ZNSt6__ndk112__hash_tableINS_17__hash_value_typeINS_12basic_stringIcNS_11char_traitsIcEENS_9allocatorIcEEEEmEENS_22__unordered_map_hasherIS7_S8_NS_4hashIS7_EELb1EEENS_21__unordered_map_equalIS7_S8_NS_8equal_toIS7_EELb1EEENS5_IS8_EEE8__rehashEm,0x304
0x98c87c,_ZN10GameScreen9debugDrawEv,0x4
0x98c880,_ZN13ItemsListener12itemEquippedEPK13LogicCardData,0x4
0x98c884,_ZN17scFileImpl_AAssetC2EPKci,0x270
0x98caf4,_ZN17LogicGameListener12heroUnlockedEPK18LogicCharacterData,0x4
0x98caf8,_ZN18BezierInterpolatorIfE5setToEf,0x84
0x98cb7c,_ZN16IWebViewListener18webviewDidFailLoadEv,0x4
0x98cb80,_ZThn8_NK8UIButton16getAnalyticsNameEv,0xc
0x98cb8c,_ZNSt6__ndk120__shared_ptr_emplaceIN8Databind16CustomSerializerENS_9allocatorIS2_EEED0Ev,0x6c
0x98cbf8,_ZN23LogicHomeChangeListener11deliverHeroEPK18LogicCharacterData,0x4
0x98cbfc,_ZN8Databind4Util13ArrayAccessorINSt6__ndk112basic_stringIcNS2_11char_traitsIcEENS2_9allocatorIcEEEE14LogicArrayListIS8_EED0Ev,0x4
0x98cc00,_ZN17LogicCampaignDataD2Ev,0x54
0x98cc54,_ZN27TeamJoinOrCreateRoomMessageD0Ev,0xd0
0x98cd24,_ZNK13DisplayObject12isScrollAreaEv,0x8
0x98cd2c,_ZNSt6__ndk113basic_filebufIcNS_11char_traitsIcEEE8overflowEi,0x238
0x98cf64,_ZNK10GameConfig18getStickMarginLeftEv,0x1c
0x98cf80,_ZNSt6__ndk113__assoc_stateINS_6vectorIfNS_9allocatorIfEEEEE16__on_zero_sharedEv,0x40
0x98cfc0,_ZN27UILambdaStringValueProviderD2Ev,0x40
0x98d000,_ZNSt6__ndk111basic_regexIcNS_12regex_traitsIcEEE30__parse_character_class_escapeIPKcEET_S7_S7_,0x1c4
0x98d1c4,_ZN4asio6detail13posix_tss_ptrINS0_10call_stackINS0_23strand_executor_service11strand_implEhE7contextEED2Ev,0x8
0x98d1cc,_ZN2OT27hb_collect_glyphs_context_t7recurseEj,0xf0
0x98d2bc,_ZNK6icu_5820DecomposeNormalizer216hasBoundaryAfterEi,0xc
0x98d2c8,_ZNK13EnterAgePopup15isFadeInEnabledEv,0x8
0x98d2d0,_ZN21NewsPopupNotification19getNotificationTypeEv,0x8
0x98d2d8,_ZNK11wendelstein20SpawnPlanarComponent11getCategoryEv,0x8
0x98d2e0,_ZN14HelpshiftTitan27HelpshiftConnectionFallback5startERK6StringS3_S3_,0x4
0x98d2e4,_ZN34LogicDeviceLinkCodeResponseMessageD2Ev,0xd0
0x98d3b4,_ZN5titan3com9supercell5titan5KakaoD0Ev,0x38
0x98d3ec,_ZNSt6__ndk120__shared_ptr_pointerIPNS_6vectorIbNS_9allocatorIbEEEENS_14default_deleteIS4_EENS2_IS4_EEE16__on_zero_sharedEv,0x3c
0x98d428,_ZN43LogicBrawlPassAutoCollectWarningSeenCommandD0Ev,0x4
0x98d42c,_ZN8safe_jni15static_functionIN5titan3com9supercell5titan7GameAppES5_EclIJEEES5_DpT_,0x148
0x98d574,_ZN8Databind4Util17ArrayAccessorBaseI12LogicVector214LogicArrayListIS2_EE6setPtrEmPKv,0xc
0x98d580,_ZNSt6__ndk120__shared_ptr_pointerIPNS_6vectorIN4asio2ip20basic_resolver_entryINS3_3tcpEEENS_9allocatorIS6_EEEENS_14default_deleteIS9_EENS7_IS9_EEE16__on_zero_sharedEv,0x98
0x98d618,_ZNSt6__ndk113__assoc_stateINS_6vectorIfNS_9allocatorIfEEEEED0Ev,0x54
0x98d66c,_ZNK18ProLeagueInfoPopup15showResourceHUDEv,0x8
0x98d674,_ZN8safe_jni15static_functionIN5titan3com9supercell5titan6kunlun13GameAppKunlunE6StringEclIJEEES7_DpT_,0x148
0x98d7bc,_ZNK6icu_5815NoopNormalizer224normalizeSecondAndAppendERNS_13UnicodeStringERKS1_R10UErrorCode,0x68
0x98d824,_ZN11scTaskQueue6submitIZNS_3runIZN10SWFTexture11loadTextureIhEEvP12SupercellSWFiiiibbEUlvE_EENSt6__ndk113invoke_resultIT_JEE4typeES9_EUlvE_EENS7_6futureISB_EES9_,0xf0
0x98d914,_ZN2fx4gltf4MeshaSEOS1_,0x154
0x98da68,_ZN4SHA1D2Ev,0x4
0x98da6c,_ZN8Databind4Util13ArrayAccessorI7Vector3IfE14LogicArrayListIS3_EE5clearEv,0xc
0x98da78,_ZNK11OnlinePopup7getSideEv,0x8
0x98da80,_ZNSt6__ndk110__function6__funcIZN11scTaskQueue3runIZN10SWFTexture21loadDownscaledTextureIsEEvP12SupercellSWFiiiibbEUlvE_EENS_13invoke_resultIT_JEE4typeESA_EUlvE_NS_9allocatorISD_EEFvvEED0Ev,0x4
0x98da84,_ZN2OT8Coverage9serializeEPNS_22hb_serialize_context_tERNS_8SupplierINS_7GlyphIDEEEj,0x180
0x98dc04,_ZN28TencentBillingRequestMessageD0Ev,0xe8
0x98dcec,_ZN8Databind4Util13ArrayAccessorI6String14LogicArrayListIS2_EE3setEmPKS2_,0x18
0x98dd04,_ZNSt6__ndk115basic_streambufIcNS_11char_traitsIcEEED0Ev,0x34
0x98dd38,_ZN8Databind16DatabindEnumBaseD0Ev,0x4
0x98dd3c,_ZN16PlayAgainMessageD0Ev,0xc0
0x98ddfc,_ZN29LogicGiveDeliveryItemsCommandD0Ev,0x38
0x98de34,_ZN37LogicSetESportsHubNotificationCommandD0Ev,0x4
0x98de38,_ZN12scFileFilterD2Ev,0x28
0x98de60,_ZN22UpdatePlayerMapMessageD0Ev,0xc4
0x98df24,_ZN11CloseButtonD0Ev,0x4
0x98df28,_ZN19AllianceRankingDataD2Ev,0x4
0x98df2c,_ZN17IFacebookListener34facebookPublishPermissionsReceivedEv,0x4
0x98df30,_ZN8safe_jni15static_functionIN5titan3com9supercell5titan19ApplicationUtilBaseE6StringEclIJiEEES6_DpT_,0x16c
0x98e09c,_ZN13LogicHintDataD0Ev,0x40
0x98e0dc,_ZNK4Game21getAnytuneIniFilenameEv,0x8
0x98e0e4,_ZNSt6__ndk120__shared_ptr_emplaceI18scFSLayerDirectoryNS_9allocatorIS1_EEE21__on_zero_shared_weakEv,0x4
0x98e0e8,_ZNK12GenericPopup15showResourceHUDEv,0x8
0x98e0f0,_ZNSt6__ndk120__shared_ptr_emplaceIN11wendelstein15GroundComponentENS_9allocatorIS2_EEED2Ev,0x4
0x98e0f4,_ZThn8_N10ProjectileD0Ev,0x78
0x98e16c,_ZN9GameState8sleepEndEf,0x4
0x98e170,_ZN8Databind4Util13ArrayAccessorI7Vector2IfENSt6__ndk16vectorIS3_NS4_9allocatorIS3_EEEEE4copyERS8_,0x84
0x98e1f4,_ZN8safe_jni7ConvertINSt6__ndk16vectorIN5titan7android4view7Display4ModeENS1_9allocatorIS7_EEEEvE8toCppValEP13_jobjectArray,0x174
0x98e368,_ZNSt6__ndk111basic_regexIcNS_12regex_traitsIcEEE22__parse_ERE_expressionIPKcEET_S7_S7_,0x224
0x98e58c,_ZNKSt6__ndk120__shared_ptr_pointerIPN8Databind23DefaultObjectTypeTraitsIN11wendelstein12old_versions22MovieClipEmitterDataV0EEENS_14default_deleteIS6_EENS_9allocatorIS6_EEE13__get_deleterERKSt9type_info,0x1c
0x98e5a8,_ZNSt6__ndk118__insertion_sort_3IRPFbP8HeroItemS2_EPS2_EEvT0_S7_T_,0x15c
0x98e704,_ZN8safe_jni8functionIN5titan3com9supercell2id13IdShopProductEiEclIJEEEiP8_jobjectDpT_,0x118
0x98e81c,_ZN8Databind6detail17AccessorNonRefSetI7Vector3IfE18BezierInterpolatorIS3_EED0Ev,0x4
0x98e820,_ZNKSt6__ndk120__shared_ptr_pointerIPN8Databind14ObjectInstanceENS_14default_deleteIS2_EENS_9allocatorIS2_EEE13__get_deleterERKSt9type_info,0x1c
0x98e83c,_ZN4asio9execution6detail17any_executor_base9prefer_fnINS0_12any_executorIJNS0_12context_as_tIRNS_17execution_contextEEENS1_8blocking7never_tILi0EEENS0_11prefer_onlyINS9_10possibly_tILi0EEEEENSC_INS1_16outstanding_work9tracked_tILi0EEEEENSC_INSG_11untracked_tILi0EEEEENSC_INSN_14continuation_tILi0EEEEEEEENS_10io_context19basic_executor_typeINSt6__ndk19allocatorIvEELj4EEES8_EET_PKvS13_,0x24
0x98e860,_ZNSt6__ndk120__shared_ptr_pointerIPN8Databind23DefaultObjectTypeTraitsIN11wendelstein20MovieClipEmitterDataEEENS_14default_deleteIS5_EENS_9allocatorIS5_EEE21__on_zero_shared_weakEv,0x4
0x98e864,_ZN26hb_get_subtables_context_t8apply_toIN2OT14PairPosFormat1EEEbPKvPNS1_18hb_apply_context_tE,0x4
0x98e868,_ZN18ServerErrorMessageD0Ev,0xc0
0x98e928,_ZN11wendelstein21DecelerationComponentD0Ev,0x4
0x98e92c,_ZNK26ChampionshipChallengePopup15showResourceHUDEv,0x8
0x98e934,_ZN10GameConfigD0Ev,0x4
0x98e938,_ZN8nlohmann6detail28json_sax_dom_callback_parserINS_10basic_jsonINSt6__ndk13mapENS3_6vectorENS3_12basic_stringIcNS3_11char_traitsIcEENS3_9allocatorIcEEEEblmdS9_NS_14adl_serializerEEEE12handle_valueIDnEENS3_4pairIbPSD_EEOT_b,0x1f8
0x98eb30,_ZNSt6__ndk16__treeINS_12__value_typeIN11TestDefines10DefineKeysENS2_10DefinitionEEENS_19__map_value_compareIS3_S5_NS_4lessIS3_EELb1EEENS_9allocatorIS5_EEE12__find_equalIS3_EERPNS_16__tree_node_baseIPvEENS_21__tree_const_iteratorIS5_PNS_11__tree_nodeIS5_SF_EElEERPNS_15__tree_end_nodeISH_EESI_RKT_,0x1c8
0x98ecf8,_ZN21scMainThreadTaskQueue11runBlockingEv,0x4
0x98ecfc,_ZNK23scFileImpl_FakeMmapBase14isMemoryMappedEv,0x8
0x98ed04,_ZNKSt6__ndk121__empty_non_own_stateIcE6__execERNS_7__stateIcEE,0x14
0x98ed18,_ZN21LogicGameObjectServerD0Ev,0x4
0x98ed1c,_ZNSt6__ndk110__function6__funcIZN11scTaskQueue3runIZN10SWFTexture21loadDownscaledTextureIiEEvP12SupercellSWFiiiibbEUlvE_EENS_13invoke_resultIT_JEE4typeESA_EUlvE_NS_9allocatorISD_EEFvvEE18destroy_deallocateEv,0x4
0x98ed20,_ZNSt6__ndk16vectorIN2fx4gltf4SkinENS_9allocatorIS3_EEE6insertENS_11__wrap_iterIPKS3_EEOS3_,0x458
0x98f178,_ZN13LoadingScreen8setAlphaEf,0x18
0x98f190,_ZNK2OT11ValueFormat22sanitize_value_devicesEPNS_21hb_sanitize_context_tEPKvPKNS_7IntTypeItLj2EEE,0x410
0x98f5a0,_ZN4asio6detail9scheduler24post_deferred_completionEPNS0_19scheduler_operationE,0x15c
0x98f6fc,_ZN25RequestMatchCancelMessageD0Ev,0xc0
0x98f7bc,_ZNSt6__ndk114__split_bufferIN2fx4gltf9PrimitiveERNS_9allocatorIS3_EEE9push_backEOS3_,0x38c
0x98fb48,_ZN37SendAllianceInvitationToFriendMessageD0Ev,0xc0
0x98fc08,_ZNK11wendelstein22SpawnLocationComponent11getCategoryEv,0x8
0x98fc10,_ZNSt6__ndk120__shared_ptr_pointerIPN8Databind16ObjectTypeTraitsENS_14default_deleteIS2_EENS_9allocatorIS2_EEE16__on_zero_sharedEv,0x68
0x98fc78,_ZN22PlayAgainStatusMessageD0Ev,0xc0
0x98fd38,_ZN4asio6detail27conditionally_enabled_mutexC2Eb,0xc4
0x98fdfc,_ZNK30PurchaseBrawlPassProgressPopup15showResourceHUDEv,0x8
0x98fe04,_ZN11LatencyDataC2EPKS_,0x10c
0x98ff10,_ZNK8Databind16DatabindEnumBase18hasValueIgnoreCaseERKNSt6__ndk112basic_stringIcNS1_11char_traitsIcEENS1_9allocatorIcEEEE,0x14c
0x99005c,_ZNSt6__ndk112__hash_tableINS_17__hash_value_typeIiiEENS_22__unordered_map_hasherIiS2_NS_4hashIiEELb1EEENS_21__unordered_map_equalIiS2_NS_8equal_toIiEELb1EEENS_9allocatorIS2_EEE6rehashEm,0xe4
0x990140,_ZN14AllianceScreen12touchPressedERK5Touch,0x8
0x990148,_ZN13AnalyticEventD2Ev,0x38
0x990180,_ZNSt6__ndk17__sort4IRPFbPKN13DebugMenuBase8CategoryES4_EPPS2_EEjT0_SA_SA_SA_T_,0x184
0x990304,_ZN8Databind4Util13ArrayAccessorI7Vector2IfE14LogicArrayListIS3_EE15addDefaultValueEv,0x78
0x99037c,_ZN8nlohmann6detail5lexerINS_10basic_jsonINSt6__ndk13mapENS3_6vectorENS3_12basic_stringIcNS3_11char_traitsIcEENS3_9allocatorIcEEEEblmdS9_NS_14adl_serializerEEEE11scan_numberEv,0xb94
0x990f10,_ZN22ResourceDataLoaderImplI17ResourceDataFlashED0Ev,0x94
0x990fa4,_ZN8Databind4Util17ArrayAccessorBaseINSt6__ndk112basic_stringIcNS2_11char_traitsIcEENS2_9allocatorIcEEEE14LogicArrayListIS8_EE6setPtrEmPKv,0xc
0x990fb0,_ZN30LogicGameObjectManagerListener18destroyTileInstantEii,0x4
0x990fb4,_ZN2fx4gltf6BufferaSEOS1_,0x148
0x9910fc,_ZNK2OT9SinglePos8dispatchI26hb_get_subtables_context_tEENT_8return_tEPS3_,0x230
0x99132c,_ZN8safe_jni8functionIN5titan7android5media11MediaPlayerEvEclIJNS2_7content7ContextENS2_3net3UriEEEEvP8_jobjectDpT_,0x170
0x9914c0,_ZNSt6__ndk16__treeINS_12__value_typeINS_12basic_stringIcNS_11char_traitsIcEENS_9allocatorIcEEEES7_EENS_19__map_value_compareIS7_S8_NS_4lessIS7_EELb1EEENS5_IS8_EEE7destroyEPNS_11__tree_nodeIS8_PvEE,0x60
0x991520,_ZN11wendelstein27IWendelsteinParticleEmitter8setAngleEi,0x4
0x991524,_ZNK21LogicGameObjectServer9getRadiusEv,0x8
0x99152c,_ZN8Databind23DefaultObjectTypeTraitsIN11wendelstein18CurlNoiseComponentEE6assignEPvPKv,0x44
0x991570,_ZN8Databind4Util13ArrayAccessorIbNSt6__ndk16vectorIbNS2_9allocatorIbEEEEE15addDefaultValueEv,0x74
0x9915e4,_ZNK13HeroInfoPopup17showOnlinePlayersEv,0x8
0x9915ec,_ZNK2OT19ChainContextFormat114collect_glyphsEPNS_27hb_collect_glyphs_context_tE,0x158
0x991744,_ZN12scFilesystem11fileChangedEP13scFSLayerBasePKc,0x4
0x991748,_ZN30LogicDeviceLinkResponseMessageD0Ev,0xe4
0x99182c,_ZNKSt6__ndk110__function6__funcIZN10SWFTexture11loadTextureIsEEvP12SupercellSWFiiiibbEUlvE_NS_9allocatorIS6_EEFvvEE6targetERKSt9type_info,0x1c
0x991848,_ZNKSt6__ndk110__function6__funcIZN11wendelstein16ComponentFactory14addConstructorINS2_13DragComponentEEEvvEUlvE_NS_9allocatorIS6_EEFNS_10shared_ptrINS2_17IEmitterComponentEEEvEE6targetERKSt9type_info,0x1c
0x991864,_ZNK18BezierInterpolatorIfE5getToEv,0x8
0x99186c,_ZNSt6__ndk120__shared_ptr_pointerIP14LogicArrayListIbENS_14default_deleteIS2_EENS_9allocatorIS2_EEE16__on_zero_sharedEv,0x3c
0x9918a8,_ZN15DownloadManager13DownloadQueue7addFileERK6StringS3_PNS_8Manifest5EntryES3_,0x3c0
0x991c68,_ZNK12scZlibFilter13getFilterNameEv,0xc
0x991c74,_ZN4asio6detail13epoll_reactor19register_descriptorEiRPNS1_16descriptor_stateE,0x178
0x991dec,_ZN6icu_5815MaybeStackArrayIcLi40EEaSERKS1_,0x4
0x991df0,_ZNSt6__ndk16__treeINS_12__value_typeINS_12basic_stringIcNS_11char_traitsIcEENS_9allocatorIcEEEEiEENS_19__map_value_compareIS7_S8_N8Databind16DatabindEnumBase7CaseCmpELb1EEENS5_IS8_EEE7destroyEPNS_11__tree_nodeIS8_PvEE,0x50
0x991e40,_ZN8safe_jni15static_functionIN5titan3com9supercell5titan7GameAppEbEclIJEEEbDpT_,0x13c
0x991f7c,_ZN8Material13setOpacityTexEP7GLImage,0x8
0x991f84,_ZNSt6__ndk119__throw_regex_errorILNS_15regex_constants10error_typeE15EEEvv,0xc
0x991f90,_ZN17LogicGameListener23supportedCreatorChangedEv,0x4
0x991f94,_ZThn368_N20EventSuggestionPopup23onLocationSelectionDoneEv,0x10
0x991fa4,_lv1_memory_guard__ZNSt6__ndk16__treeINS_12__value_typeINS_12basic_stringIcNS_11char_traitsIcEENS_9allocatorIcEEEENS_6vectorI12AddressRangeNS5_IS9_EEEEEENS_19__map_value_compareIS7_SC_NS_4lessIS7_EELb1EEENS5_ISC_EEE7destroyEPNS_11__tree_nodeISC_PvEE,0x140
0x9920e4,_ZN5titan3com9supercell2id21IdShopClaimInProgressD0Ev,0x38
0x99211c,_ZN23GameConfigIpadLandscapeD0Ev,0x24
0x992140,_ZN20OnlineChatControllerD0Ev,0x4
0x992144,_ZN23LogicHomeChangeListener18coinBoosterDroppedEi,0x4
0x992148,_ZN4asio6detail11posix_eventC2Ev,0xdc
0x992224,_ZN23TeamMemberStatusMessageD0Ev,0xc0
0x9922e4,_ZN8safe_jni15static_functionIN5titan3com9supercell5titan7GameAppEvEclIJiEEEvDpT_,0x164
0x992448,_ZN11wendelstein7Emitter13EmitterParams20getDatabindObjectDefEv,0x2f0
0x992738,_ZThn192_NK15ProLeagueScreen16shouldAdjustSizeEv,0x10
0x992748,_ZN13LogicItemDataD0Ev,0x60
0x9927a8,_ZN23AllianceStreamContainerD0Ev,0x24
0x9927cc,_ZN16UIEmptyMovieClipD0Ev,0x4
0x9927d0,_ZN4asio6detail10socket_ops18non_blocking_recv1EiPvmibRNSt6__ndk110error_codeERm,0x264
0x992a34,_ZN8safe_jni13FuncSignatureIJlbb6StringS1_S1_S1_S1_bbbS1_EE8toStringEv,0x170
0x992ba4,_ZN22AskForBattleEndMessageD2Ev,0xe0
0x992c84,_ZN4asio9execution6detail17any_executor_base10require_fnINS0_12any_executorIJNS0_12context_as_tIRNS_17execution_contextEEENS1_8blocking7never_tILi0EEENS0_11prefer_onlyINS9_10possibly_tILi0EEEEENSC_INS1_16outstanding_work9tracked_tILi0EEEEENSC_INSG_11untracked_tILi0EEEEENSC_INS1_12relationship6fork_tILi0EEEEENSC_INSN_14continuation_tILi0EEEEEEEENS_10io_context19basic_executor_typeINSt6__ndk19allocatorIvEELj0EEESB_EET_PKvS13_,0x38
0x992cbc,_ZNSt6__ndk16vectorIN21scMainThreadTaskQueue13PredicateTaskENS_9allocatorIS2_EEE21__push_back_slow_pathIRKS2_EEvOT_,0x258
0x992f14,_ZN23SkinPreviewCameraButtonD0Ev,0x24
0x992f38,_ZN8Databind4Util13ArrayAccessorIb14LogicArrayListIbEE6resizeEm,0xf4
0x99302c,_ZNK13LogicItemData6isItemEv,0x8
0x993034,_ZNSt6__ndk19transformIN8nlohmann6detail9iter_implIKNS1_10basic_jsonINS_3mapENS_6vectorENS_12basic_stringIcNS_11char_traitsIcEENS_9allocatorIcEEEEblmdSA_NS1_14adl_serializerEEEEENS_15insert_iteratorINS6_IjNSA_IjEEEEEEZNS2_20from_json_array_implISE_SJ_EEDTcmcmcldtfp0_7reserveclsr3stdE7declvalINT0_9size_typeEEEEcldtfp_3getINSM_10value_typeEEEcvv_EERKT_RSM_NS2_12priority_tagILj1EEEEUlRSF_E_EESM_SQ_SQ_SM_T1_,0x194
0x9931c8,_ZN24LatencyTestResultMessageD0Ev,0xc0
0x993288,_ZNK2OT17PosLookupSubTable8dispatchINS_21hb_sanitize_context_tEEENT_8return_tEPS3_j,0x1a8
0x993430,_Z8readTileIsEvP12SupercellSWFiiibiPT_,0x2c0
0x9936f0,_ZN14LogicArrayListI12MovieClipRefE14ensureCapacityEi,0x118
0x993808,_ZN2OT11SubstLookup21dispatch_recurse_funcINS_20hb_closure_context_tEEENT_8return_tEPS3_j,0x11c
0x993924,_ZN8nlohmann6detail20from_json_array_implINS_10basic_jsonINSt6__ndk13mapENS3_6vectorENS3_12basic_stringIcNS3_11char_traitsIcEENS3_9allocatorIcEEEEblmdS9_NS_14adl_serializerEEENS5_IfNS9_IfEEEEEEDTcmcmcldtfp0_7reserveclsr3stdE7declvalINT0_9size_typeEEEEcldtfp_3getINSG_10value_typeEEEcvv_EERKT_RSG_NS0_12priority_tagILj1EEE,0x17c
0x993aa0,_ZNK14scFileImplBase8getFlagsEv,0x8
0x993aa8,_ZN11wendelstein7Emitter19findComponentByTypeINS_20SpawnPlanarComponentEEENSt6__ndk110shared_ptrIT_EEv,0x210
0x993cb8,_ZNSt6__ndk110__function6__funcIZN11scTaskQueue3runIZN10SWFTexture21loadDownscaledTextureIiEEvP12SupercellSWFiiiibbEUlvE_EENS_13invoke_resultIT_JEE4typeESA_EUlvE_NS_9allocatorISD_EEFvvEEclEv,0x40
0x993cf8,_ZN27ChallengeRewardNotification19getNotificationTypeEv,0x18
0x993d10,_ZNSt6__ndk120__shared_ptr_emplaceIN4asio2ip14basic_resolverINS2_3tcpENS1_15any_io_executorEEENS_9allocatorIS6_EEE16__on_zero_sharedEv,0xa8
0x993db8,_ZN14IInputListener14touchCancelledEi,0x4
0x993dbc,_ZN4asio6detail12posix_thread4funcINS0_9scheduler15thread_functionEED0Ev,0x4
0x993dc0,_ZN17LogicSkinConfDataD0Ev,0x40
0x993e00,_ZNSt6__ndk120__shared_ptr_emplaceIN11wendelstein23ComponentListSerializerENS_9allocatorIS2_EEE16__on_zero_sharedEv,0xc
0x993e0c,_ZNSt6__ndk113match_resultsINS_11__wrap_iterIPKcEENS_9allocatorINS_9sub_matchIS4_EEEEE8__assignIS3_NS5_INS6_IS3_EEEEEEvS4_S4_RKNS0_IT_T0_EEb,0x1cc
0x993fd8,_ZNSt6__ndk16vectorI16GameCenterPlayerNS_9allocatorIS1_EEE21__push_back_slow_pathIRKS1_EEvOT_,0x164
0x99413c,_ZN17LogicGameListener18onProSeasonReceiveEv,0x4
0x994140,_ZN8safe_jni8functionIN5titan7android5media11MediaPlayerEvEclIJNS2_7content7ContextENS2_3net3UriEEEEvP8_jobjectDpT_,0x170
0x9942b0,_ZNK16scFileImpl_Posix6isOpenEv,0x10
0x9942c0,_ZNSt6__ndk113__assoc_stateI6StringE16__on_zero_sharedEv,0x38
0x9942f8,_ZN12RankingEntryD2Ev,0x4
0x9942fc,_ZN12GenericPopup18customButtonTappedEP10GameButtoni,0x4
0x994300,_ZNSt6__ndk117__assoc_sub_stateD2Ev,0x4c
0x99434c,_ZN33SCIDLogoutAllDevicesResultMessageD0Ev,0xc0
0x99440c,_ZNKSt6__ndk110__function6__funcIZN8Databind18DatabindObjectNodeC1EPNS2_14IDatabindTableENS_10shared_ptrINS2_14ObjectInstanceEEEEUlbE_NS_9allocatorIS9_EEFvbEE11target_typeEv,0xc
0x994418,_ZN23LogicHomeChangeListener20setFriendlyStarPowerEPK13LogicCardData,0x4
0x99441c,_ZN2fx4gltf9from_jsonERKN8nlohmann10basic_jsonINSt6__ndk13mapENS3_6vectorENS3_12basic_stringIcNS3_11char_traitsIcEENS3_9allocatorIcEEEEblmdS9_NS1_14adl_serializerEEERNS0_8Accessor6SparseE,0x128
0x994544,_ZN27HeroPowerRewardNotification19getNotificationTypeEv,0x8
0x99454c,_ZN34ChangePlayerMapNameResponseMessageD0Ev,0xc4
0x994610,_ZN22ResourceDataLoaderImplI17ResourceDataMusicE10loadFailedEv,0xa4
0x9946b4,_ZNSt6__ndk120__shared_ptr_emplaceIN11wendelstein19SpawnBurstComponentENS_9allocatorIS2_EEE16__on_zero_sharedEv,0xc
0x9946c0,_ZN15LogicRegionDataD0Ev,0x60
0x994720,_ZN27LogicSelectGroupSkinCommandD0Ev,0x4
0x994724,_ZN5lzham6vectorINS_12lzcompressor17lzpriced_decisionEE12object_moverEPvS4_j,0x34
0x994758,_ZNSt6__ndk16__treeINS_12__value_typeIPKcN8Databind12CustomEditorEEENS_19__map_value_compareIS3_S6_NS_4lessIS3_EELb1EEENS_9allocatorIS6_EEE7destroyEPNS_11__tree_nodeIS6_PvEE,0x78
0x9947d0,_ZNK2OT17MarkLigPosFormat15applyEPNS_18hb_apply_context_tE,0x524
0x994cf4,_ZNK31PreviewBrawlerOrSkinRewardPopup12getPopupTypeEv,0x8
0x994cfc,_ZN10GameConfigC2Ev,0xd0
0x994dcc,_ZNSt6__ndk119__throw_regex_errorILNS_15regex_constants10error_typeE2EEEvv,0xc
0x994dd8,_ZN11wendelstein21DecelerationComponent5cloneEv,0x8c
0x994e64,_ZN8safe_jni15static_functionIN5titan3com9supercell5titan7tencent11MSDKManagerEvEclIJbEEEvDpT_,0x15c
0x994fc0,_ZN21GemRewardNotification9getAmountEv,0x8
0x994fc8,_ZN6SCTune6updateEv,0x4
0x994fcc,_ZN17LogicGameListener22inboxNotificationAddedEP16BaseNotification,0x4
0x994fd0,_ZN18GoToBattleEndState6updateEf,0x2c
0x994ffc,_ZN4asio9execution6detail17any_executor_base9prefer_fnINS0_12any_executorIJNS0_12context_as_tIRNS_17execution_contextEEENS1_8blocking7never_tILi0EEENS0_11prefer_onlyINS9_10possibly_tILi0EEEEENSC_INS1_16outstanding_work9tracked_tILi0EEEEENSC_INSG_11untracked_tILi0EEEEENSC_INS1_12relationship6fork_tILi0EEEEENSC_INSN_14continuation_tILi0EEEEEEEENS_10io_context19basic_executor_typeINSt6__ndk19allocatorIvEELj4EEESJ_EET_PKvS13_,0xa0
0x99509c,_ZN8safe_jni15static_functionIN5titan3com9supercell5titan5KakaoEvEclIJbEEEvDpT_,0x15c
0x9951f8,_ZThn368_N19SelectLocationPopup17supportsTallItemsEv,0x8
0x995200,_ZN2fx4gltf6detail17ReadRequiredFieldINS0_8Accessor6Sparse6ValuesEEEvNSt6__ndk117basic_string_viewIcNS6_11char_traitsIcEEEERKN8nlohmann10basic_jsonINS6_3mapENS6_6vectorENS6_12basic_stringIcS9_NS6_9allocatorIcEEEEblmdSG_NSB_14adl_serializerEEERT_,0xf4
0x9952f4,_ZN11hb_buffer_t7messageEP9hb_font_tPKcz,0x7c
0x995370,_ZNSt6__ndk16__treeINS_12__value_typeIiP21ChronosResourceFolderEENS_19__map_value_compareIiS4_NS_4lessIiEELb1EEENS_9allocatorIS4_EEE7destroyEPNS_11__tree_nodeIS4_PvEE,0x40
0x9953b0,_ZNKSt6__ndk110__function6__funcIZN10SWFTexture21loadDownscaledTextureIsEEvP12SupercellSWFiiiibbEUlvE_NS_9allocatorIS6_EEFvvEE7__cloneEPNS0_6__baseIS9_EE,0x30
0x9953e0,_ZN38TencentAntiAddictionInstructionMessageD2Ev,0xd0
0x9954b0,_ZN28RankedMatchHeroPickedMessageD0Ev,0xc0
0x995570,_ZNSt6__ndk16vectorIN2fx4gltf4MeshENS_9allocatorIS3_EEE26__swap_out_circular_bufferERNS_14__split_bufferIS3_RS5_EEPS3_,0x180
0x9956f0,_ZNSt6__ndk16vectorIN8nlohmann10basic_jsonINS_3mapES0_NS_12basic_stringIcNS_11char_traitsIcEENS_9allocatorIcEEEEblmdS7_NS1_14adl_serializerEEENS7_ISB_EEE24__emplace_back_slow_pathIJNS1_6detail7value_tEEEEvDpOT_,0x1a8
0x995898,_ZNK23scFileImpl_MemoryHandle4seekEm,0x10
0x9958a8,_ZNK8Databind16DatabindTreeNode8isObjectEv,0x8
0x9958b0,_ZNSt6__ndk16vectorIN2fx4gltf7TextureENS_9allocatorIS3_EEE6insertENS_11__wrap_iterIPKS3_EEOS3_,0x35c
0x995c0c,_ZNSt6__ndk110__function6__funcIZN8Databind8Migrator16addMigrationStepIN11wendelstein12old_versions15EmitterParamsV0ENS5_7Emitter13EmitterParamsEEEviNS_8functionIFvRT_RT0_EEEEUlPvSH_E_NS_9allocatorISI_EEFvSH_SH_EE18destroy_deallocateEv,0x4c
0x995c58,_ZN30StartLatencyTestRequestMessageD0Ev,0xc0
0x995d18,_ZN8nlohmann6detail5lexerINS_10basic_jsonINSt6__ndk13mapENS3_6vectorENS3_12basic_stringIcNS3_11char_traitsIcEENS3_9allocatorIcEEEEblmdS9_NS_14adl_serializerEEEE11scan_stringEv,0xb74
0x99688c,_ZNSt6__ndk16vectorIN16ServerConnection7AccountENS_9allocatorIS2_EEE8__appendEm,0x1d0
0x996a5c,_ZN20EventSuggestionPopup23onLocationSelectionDoneEv,0xc
0x996a68,_ZN11wendelstein18CurlNoiseComponent20getDatabindObjectDefEv,0x310
0x996d78,_ZNK15ChatStreamEntry18getStreamEntryTypeEv,0x8
0x996d80,_ZNKSt6__ndk120__shared_ptr_pointerIPNS_6vectorI12LogicVector2NS_9allocatorIS2_EEEENS_14default_deleteIS5_EENS3_IS5_EEE13__get_deleterERKSt9type_info,0x1c
0x996d9c,_ZNSt6__ndk110shared_ptrI14scPackagedTaskIvEE11make_sharedIJZN11scTaskQueue3runIZN10SWFTexture11loadTextureIhEEvP12SupercellSWFiiiibbEUlvE_EENS_13invoke_resultIT_JEE4typeESD_EUlvE_EEES3_DpOT_,0x108
0x996ea4,_ZN28RankedMatchBanStartedMessageD0Ev,0xc0
0x996f64,_ZNSt6__ndk120__shared_ptr_pointerIPN8Databind23DefaultObjectTypeTraitsIN11wendelstein21DecelerationComponentEEENS_14default_deleteIS5_EENS_9allocatorIS5_EEE21__on_zero_shared_weakEv,0x4
0x996f68,_ZN17LogicGameListener15showFloaterTextERK6String,0x4
0x996f6c,_ZNSt6__ndk113unordered_mapIi11log_contextNS_4hashIiEENS_8equal_toIiEENS_9allocatorINS_4pairIKiS1_EEEEED2Ev,0x64
0x996fd0,_ZNK26AllianceKickOutStreamEntry18getStreamEntryTypeEv,0x8
0x996fd8,_ZNK11wendelstein27WendelsteinMovieClipEmitter6isIdleEv,0x48
0x997020,_ZNSt6__ndk16__treeINS_12__value_typeINS_12basic_stringIcNS_11char_traitsIcEENS_9allocatorIcEEEEiEENS_19__map_value_compareIS7_S8_N8nlohmann16fifo_map_compareIS7_EELb0EEENS5_IS8_EEE12__find_equalIS7_EERPNS_16__tree_node_baseIPvEENS_21__tree_const_iteratorIS8_PNS_11__tree_nodeIS8_SI_EElEERPNS_15__tree_end_nodeISK_EESL_RKT_,0x240
0x997260,_ZN17LogicGameListener13heroLeveledUpEPK18LogicCharacterData,0x4
0x997264,_ZN8ShopItem22resetBillingCheckTimerEv,0x4
0x997268,_ZN17LogicGameListener12skinUnlockedEPK13LogicSkinData,0x4
0x99726c,_ZN8safe_jni15static_functionIN5titan3com9supercell5titan15UnbotifyManagerEvEclIJ6StringEEEvDpT_,0x1a0
0x99740c,_ZNK11wendelstein17IParticleRenderer20getParticleDecayTimeEv,0x8
0x997414,_ZN2fx4gltf9from_jsonERKN8nlohmann10basic_jsonINSt6__ndk13mapENS3_6vectorENS3_12basic_stringIcNS3_11char_traitsIcEENS3_9allocatorIcEEEEblmdS9_NS1_14adl_serializerEEERNS0_5ImageE,0x154
0x997568,_ZN8Databind4Util17ArrayAccessorBaseIb14LogicArrayListIbEE6setPtrEmPKv,0xc
0x997574,_ZN8Databind4Util17ArrayAccessorBaseIi14LogicArrayListIiEE6addPtrEPKv,0xc
0x997580,_ZNK2OT6Anchor10get_anchorEP9hb_font_tjPiS3_,0x15c
0x9976dc,_ZNSt6__ndk118__insertion_sort_3IRPFbPK15LogicLocaleDataS3_EPS3_EEvT0_S8_T_,0x15c
0x997838,_ZNK14QualifiedPopup28allowClosingFromModalTappingEv,0x8
0x997840,_ZN14HelpshiftTitan23HelpshiftConnectionImpl24setPushNotificationTokenEPKvi,0x30
0x997870,_ZNSt6__ndk16__treeINS_12__value_typeI6StringP19GameSCIDAvatarImageEENS_19__map_value_compareIS2_S5_NS_4lessIS2_EELb1EEENS_9allocatorIS5_EEE25__emplace_unique_key_argsIS2_JRKNS_21piecewise_construct_tENS_5tupleIJRKS2_EEENSH_IJEEEEEENS_4pairINS_15__tree_iteratorIS5_PNS_11__tree_nodeIS5_PvEElEEbEERKT_DpOT0_,0x110
0x997980,_ZNK2OT18MarkMarkPosFormat18sanitizeEPNS_21hb_sanitize_context_tE,0x100
0x997a80,_ZNKSt6__ndk110__function6__funcIZN11wendelstein16ComponentFactory14addConstructorINS2_18CurlNoiseComponentEEEvvEUlvE_NS_9allocatorIS6_EEFNS_10shared_ptrINS2_17IEmitterComponentEEEvEE7__cloneEPNS0_6__baseISC_EE,0x10
0x997a90,_ZNSt6__ndk120__shared_ptr_pointerIP14LogicArrayListINS_12basic_stringIcNS_11char_traitsIcEENS_9allocatorIcEEEEENS_14default_deleteIS8_EENS5_IS8_EEE16__on_zero_sharedEv,0x84
0x997b14,_ZN8Databind6detail22AccessorNonRefGetConstI7Vector3IfE18BezierInterpolatorIS3_EED0Ev,0x4
0x997b18,_ZNKSt6__ndk111__match_anyIcE6__execERNS_7__stateIcEE,0x40
0x997b58,_ZN23BadgePreviewScaleButtonD0Ev,0x24
0x997b7c,_ZNK16ChatOptionsPopup12getPopupTypeEv,0x8
0x997b84,_ZN5tween4CircD0Ev,0x4
0x997b88,_ZN34LogicPurchaseChallengeLivesCommandD0Ev,0x4
0x997b8c,_ZN17IFacebookListener16facebookUserInfoERK12FacebookUser,0x4
0x997b90,_ZNK8Databind4Util13ArrayAccessorIb14LogicArrayListIbEE8getArrayEv,0x8
0x997b98,_ZN14LogicMusicDataD0Ev,0x40
0x997bd8,_ZN24LatencyTestStatusMessageD2Ev,0xe0
0x997cb8,_ZN8Databind23DefaultObjectTypeTraitsIN11wendelstein7Emitter13EmitterParamsEE6assignEPvPKv,0x4c
0x997d04,_ZN25LogicAvatarChangeListener19rankUpRewardClaimedEiii,0x4
0x997d08,_ZNSt6__ndk123__match_any_but_newlineIcED0Ev,0x40
0x997d48,_ZN23LogicHomeChangeListener26brawlPassProgressPurchasedEii,0x4
0x997d4c,_ZNSt6__ndk16__sortIRPFbPK18LogicCharacterDataS3_EPS3_EEvT0_S8_T_,0x624
0x998370,_ZN17LogicGameListener26skinPurchaseOptionUnlockedEPK13LogicSkinData,0x4
0x998374,_ZNSt6__ndk16__treeINS_12__value_typeIiP18LatencyTestSessionEENS_19__map_value_compareIiS4_NS_4lessIiEELb1EEENS_9allocatorIS4_EEE7destroyEPNS_11__tree_nodeIS4_PvEE,0x40
0x9983b4,_ZN8safe_jni8functionIN5titan3com9supercell5titan12TitanWebViewEvEclIJfEEEvP8_jobjectDpT_,0x144
0x9984f8,_ZN11wendelstein22SpawnLocationComponent5cloneEv,0x94
0x99858c,_ZNK2OT18SingleSubstFormat17closureEPNS_20hb_closure_context_tE,0x1f8
0x998784,_ZNSt6__ndk113__stable_sortIRZN14LogicArrayListIP11LatencyDataE9sortArrayIPFiS3_S3_EEEvRKT_EUlRKS3_SC_E_PS3_EEvT0_SG_S8_NS_15iterator_traitsISG_E15difference_typeEPNSI_10value_typeEl,0x350
0x998ad4,_ZN8nlohmann6detail28json_sax_dom_callback_parserINS_10basic_jsonINSt6__ndk13mapENS3_6vectorENS3_12basic_stringIcNS3_11char_traitsIcEENS3_9allocatorIcEEEEblmdS9_NS_14adl_serializerEEEE12handle_valueINS0_7value_tEEENS3_4pairIbPSD_EEOT_b,0x26c
0x998d40,_ZNKSt6__ndk110__function6__funcIZN10SWFTexture11loadTextureIiEEvP12SupercellSWFiiiibbEUlvE_NS_9allocatorIS6_EEFvvEE7__cloneEv,0x50
0x998d90,_ZNSt6__ndk16vectorI10GLImageRefNS_9allocatorIS1_EEE8__appendEm,0x160
0x998ef0,_ZNKSt6__ndk110__function6__funcIZN11wendelstein16ComponentFactory14addConstructorINS2_21DecelerationComponentEEEvvEUlvE_NS_9allocatorIS6_EEFNS_10shared_ptrINS2_17IEmitterComponentEEEvEE7__cloneEPNS0_6__baseISC_EE,0x10
0x998f00,_ZNSt6__ndk110__function6__funcIZN11wendelstein16ComponentFactory14addConstructorINS2_18SpawnConeComponentEEEvvEUlvE_NS_9allocatorIS6_EEFNS_10shared_ptrINS2_17IEmitterComponentEEEvEE18destroy_deallocateEv,0x4
0x998f04,_ZN11wendelstein22SpawnVelocityComponentD0Ev,0x4
0x998f08,_ZN23GetSeasonRewardsMessageD0Ev,0xc0
0x998fc8,_ZN11wendelstein19AbstractEmitterData23setDatabindObjectFieldsEP14DatabindObjectm,0x16c
0x999134,_ZN25PurchaseOfferPopupHandler6isFreeEv,0x8
0x99913c,_ZN5titan3com9supercell2id15IdConfigurationD0Ev,0x38
0x999174,_ZN17LogicGameListener15onOffersReceiveEv,0x4
0x999178,_ZN10SWFTexture21loadDownscaledTextureIiEEvP12SupercellSWFiiiibb,0x338
0x9994b0,_ZN11wendelstein24TangentVelocityComponent23setDatabindObjectFieldsEP14DatabindObjectm,0x2b0
0x999760,_ZN8safe_jni11PrepareArgsIJ6StringS1_S1_S1_S1_S1_S1_S1_S1_llbbS1_S1_S1_S1_S1_bbbS1_EE3valERKS1_S4_S4_S4_S4_S4_S4_S4_S4_RKlS6_RKbS8_S4_S4_S4_S4_S4_S8_S8_S8_S4_,0x1f8
0x999958,_ZN8Databind4Util17ArrayAccessorBaseI7Vector3IfE14LogicArrayListIS3_EE6getPtrEm,0xc
0x999964,_ZN8Databind4Util17ArrayAccessorBaseI7Vector3IfENSt6__ndk16vectorIS3_NS4_9allocatorIS3_EEEEE6setPtrEmPKv,0xc
0x999970,_ZN4Game16configureSurfaceER13SurfaceConfig,0x4
0x999974,_ZN5titan3com9supercell2id15IdConnectedGameD0Ev,0x38
0x9999ac,_ZNSt6__ndk120__shared_ptr_emplaceIN11wendelstein22SpawnLocationComponentENS_9allocatorIS2_EEED0Ev,0x24
0x9999d0,_ZNSt6__ndk112__hash_tableINS_17__hash_value_typeIiiEENS_22__unordered_map_hasherIiS2_NS_4hashIiEELb1EEENS_21__unordered_map_equalIiS2_NS_8equal_toIiEELb1EEENS_9allocatorIS2_EEE8__rehashEm,0x1f0
0x999bc0,_ZNK22LogicGemOfferContainer12containsSkinEPK13LogicSkinData,0x8
0x999bc8,_ZThn192_NK24RankedLeaderboardsScreen14getLocalScrollEv,0x8
0x999bd0,_ZN8safe_jni7ConvertIN5titan7android7content3res12AssetManagerEvE12CallFunctionEP10_jmethodIDP8_jobjectz,0xb4
0x999c84,_ZN13LogicConfData18getDefaultIntValueEi,0x118
0x999d9c,_ZN20FileDownloadListener21onFileDownloadStartedEv,0x4
0x999da0,_ZNSt6__ndk110__function6__funcIZN11scTaskQueue3runIZN10SWFTexture11loadTextureIhEEvP12SupercellSWFiiiibbEUlvE_EENS_13invoke_resultIT_JEE4typeESA_EUlvE_NS_9allocatorISD_EEFvvEE18destroy_deallocateEv,0x4
0x999da4,_ZN8nlohmann10basic_jsonINSt6__ndk13mapENS1_6vectorENS1_12basic_stringIcNS1_11char_traitsIcEENS1_9allocatorIcEEEEblmdS7_NS_14adl_serializerEEC2ESt16initializer_listINS_6detail8json_refISB_EEEbNSD_7value_tE,0x128
0x999ecc,_ZNK2OT9SinglePos8dispatchINS_21hb_sanitize_context_tEEENT_8return_tEPS3_,0x1e4
0x99a0b0,_ZN8nlohmann6detail20from_json_array_implINS_10basic_jsonINSt6__ndk13mapENS3_6vectorENS3_12basic_stringIcNS3_11char_traitsIcEENS3_9allocatorIcEEEEblmdS9_NS_14adl_serializerEEENS5_IN2fx4gltf4NodeENS9_ISG_EEEEEEDTcmcmcldtfp0_7reserveclsr3stdE7declvalINT0_9size_typeEEEEcldtfp_3getINSJ_10value_typeEEEcvv_EERKT_RSJ_NS0_12priority_tagILj1EEE,0x100
0x99a1b0,_ZNK17MovieClipModifier19isMovieClipModifierEv,0x8
0x99a1b8,_ZN22DeletePlayerMapMessageD2Ev,0xc4
0x99a27c,_ZN8Databind4Util13ArrayAccessorI12LogicVector3NSt6__ndk16vectorIS2_NS3_9allocatorIS2_EEEEE8setArrayEPv,0x8
0x99a284,_ZN8safe_jni8functionIN5titan7android5media11MediaPlayerEiEclIJEEEiP8_jobjectDpT_,0x118
0x99a39c,_ZN16scFileImpl_PosixD0Ev,0xe8
0x99a484,_ZNSt6__ndk16vectorIN8Databind8Migrator4StepENS_9allocatorIS3_EEE26__swap_out_circular_bufferERNS_14__split_bufferIS3_RS5_EE,0x180
0x99a604,_ZN22ResourceDataLoaderImplI18ResourceDataStringED0Ev,0x84
0x99a688,_ZN2fx4gltf9from_jsonERKN8nlohmann10basic_jsonINSt6__ndk13mapENS3_6vectorENS3_12basic_stringIcNS3_11char_traitsIcEENS3_9allocatorIcEEEEblmdS9_NS1_14adl_serializerEEERNS0_9Animation7SamplerE,0x284
0x99a90c,_ZN27LogicClaimTailRewardCommandD0Ev,0x4
0x99a910,_ZNK18DeliveryCardsPopup10showTopHUDEv,0x8
0x99a918,_ZN20PlayerJWTokenMessageD0Ev,0xd0
0x99a9e8,_ZN26hb_get_subtables_context_t8apply_toIN2OT18MarkBasePosFormat1EEEbPKvPNS1_18hb_apply_context_tE,0x4
0x99a9ec,_ZN16LogicXpLevelDataD0Ev,0x40
0x99aa2c,_ZNSt6__ndk120__shared_ptr_emplaceI18scFileInputAdapterNS_9allocatorIS1_EEED2Ev,0x40
0x99aa6c,_ZN9TextInput12visualOffsetEii,0x8
0x99aa74,_ZN29LookForGameRoomRequestMessageD0Ev,0xc0
0x99ab34,_ZNK14scFileImplBase11getFilenameEv,0x1c
0x99ab50,_ZNSt6__ndk120__shared_ptr_pointerIP14LogicArrayListI12LogicVector2ENS_14default_deleteIS3_EENS_9allocatorIS3_EEE21__on_zero_shared_weakEv,0x4
0x99ab54,_ZNK18BezierInterpolatorIfE7getFromEv,0x8
0x99ab5c,_ZNK16ChatOptionsPopup15showResourceHUDEv,0x8
0x99ab64,_ZN17LogicGameListener22playerThumbnailChangedEv,0x4
0x99ab68,_ZN21SetDeviceTokenMessage18getServiceNodeTypeEv,0x8
0x99ab70,_ZN8Databind4Util13ArrayAccessorI7Vector2IfE14LogicArrayListIS3_EE5clearEv,0xc
0x99ab7c,_ZN23HomeBattleReplayMessageD0Ev,0xc0
0x99ac3c,_ZNSt6__ndk16__treeINS_12__value_typeI6StringS2_EENS_19__map_value_compareIS2_S3_NS_4lessIS2_EELb1EEENS_9allocatorIS3_EEE7destroyEPNS_11__tree_nodeIS3_PvEE,0x54
0x99ac90,_ZN18ControllerInstanceD0Ev,0x78
0x99ad08,_ZN23AskPlayerJWTokenMessageD0Ev,0xc0
0x99adc8,_ZN22ResourceDataLoaderImplI17ResourceDataSoundED0Ev,0x8c
0x99ae54,_ZNSt6__ndk120__shared_ptr_pointerIPN8Databind23DefaultObjectTypeTraitsIN11wendelstein12old_versions22MovieClipEmitterDataV0EEENS_14default_deleteIS6_EENS_9allocatorIS6_EEE16__on_zero_sharedEv,0x18
0x99ae6c,_ZNKSt6__ndk110__function6__funcIZN11scTaskQueue3runIZN10SWFTexture11loadTextureIhEEvP12SupercellSWFiiiibbEUlvE_EENS_13invoke_resultIT_JEE4typeESA_EUlvE_NS_9allocatorISD_EEFvvEE7__cloneEPNS0_6__baseISG_EE,0x18
0x99ae84,_ZN12jpeg_decoder10get_bits_2Ei,0x27c
0x99b100,_ZN8Databind23DefaultObjectTypeTraitsIN11wendelstein22SpawnLocationComponentEE7destroyEPv,0x18
0x99b118,_ZNK2OT13MultipleSubst8dispatchINS_21hb_sanitize_context_tEEENT_8return_tEPS3_,0x1a8
0x99b2c0,_ZNK6icu_5819Normalizer2WithImpl10quickCheckERKNS_13UnicodeStringER10UErrorCode,0x98
0x99b358,_ZNK23GameConfigIpadLandscape23getCameraZoomMultiplierEv,0x10
0x99b368,_ZNK2OT11SingleSubst8dispatchINS_24hb_would_apply_context_tEEENT_8return_tEPS3_,0x2c0
0x99b628,_ZNSt6__ndk110__function6__funcIZN11wendelstein16ComponentFactory14addConstructorINS2_18CurlNoiseComponentEEEvvEUlvE_NS_9allocatorIS6_EEFNS_10shared_ptrINS2_17IEmitterComponentEEEvEEclEv,0xc8
0x99b6f0,_ZN2fx4gltf6CameraaSEOS1_,0x128
0x99b818,_ZNK4asio10io_context19basic_executor_typeINSt6__ndk19allocatorIvEELj4EE7executeINS_6detail17executor_functionEEEvOT_,0x110
0x99b928,_ZN25LogicAvatarChangeListener17freeDiamondsAddedEii,0x4
0x99b92c,_ZN4asio6detail10socket_ops25set_internal_non_blockingEiRhbRNSt6__ndk110error_codeE,0x1a8
0x99bad4,_ZN8Databind16DatabindTreeNode4loadEv,0x4
0x99bad8,_ZN17LogicGameListener11onHeroHappyEv,0x4
0x99badc,_ZThn8_N10SCTuneImpl7onStartEP10Connection,0x4
0x99bae0,_ZNSt6__ndk112__hash_tableINS_17__hash_value_typeINS_12basic_stringIcNS_11char_traitsIcEENS_9allocatorIcEEEEmEENS_22__unordered_map_hasherIS7_S8_NS_4hashIS7_EELb1EEENS_21__unordered_map_equalIS7_S8_NS_8equal_toIS7_EELb1EEENS5_IS8_EEE25__emplace_unique_key_argsIS7_JNS_4pairIKS7_mEEEEENSK_INS_15__hash_iteratorIPNS_11__hash_nodeIS8_PvEEEEbEERKT_DpOT0_,0x360
0x99be40,_ZN8Databind17DatabindTableBaseIN11wendelstein19AbstractEmitterDataEE4saveEv,0x8
0x99be48,_ZN18LogicHelpshiftDataD0Ev,0x60
0x99bea8,_ZN8safe_jni8functionIN5titan3com9supercell5titan17GL2JNISurfaceViewEvEclIJNS1_7android4view9ViewGroup12LayoutParamsEEEEvP8_jobjectDpT_,0x140
0x99bfe8,_ZN8safe_jni11PrepareArgsIJ6StringS1_S1_EE3valERKS1_S4_S4_,0x104
0x99c0ec,_ZN12scFilesystemD2Ev,0x148
0x99c234,_ZN13ItemsListener10itemTappedEPK13LogicCardData,0x4
0x99c238,_ZNK2OT7RuleSet7closureEPNS_20hb_closure_context_tERNS_27ContextClosureLookupContextE,0x18c
0x99c3c4,_ZN11wendelstein15SpringComponent4nameEv,0x2c
0x99c3f0,_ZNSt6__ndk113basic_filebufIcNS_11char_traitsIcEEE4syncEv,0x1f0
0x99c5e0,_ZN17MyAllianceMessageD0Ev,0xc0
0x99c6a0,_ZNK2OT21AlternateSubstFormat17closureEPNS_20hb_closure_context_tE,0x268
