address,name,size
0x42c37c,_ZN15LogicJSONParser18parseEscapedStringERK6StringiPi,0x2d0
0x42c64c,_ZN6icu_587UVector12setElementAtEii,0x68
0x42c6b4,_ZNK18AddableFriendEntry20getAvatarIdHigherIntEv,0x8
0x42c6bc,_ZN9HeroPopup20getNotificationCountEv,0x44
0x42c700,_hb_buffer_reference,0x1c
0x42c71c,_ZN15ResourceManager11getJSONSizeERK6String,0x24
0x42c740,_ZNK13BattleLogItem37getMapContextMenuSourceGlobalPositionEPf,0xc8
0x42c808,_ZN25LogicPurchaseOfferCommand10canExecuteEPK13LogicHomeModeiPK18LogicCharacterData,0x1cc
0x42c9d4,_ZN8Settings19clearSettingsByTypeEN16ServerConnection10ServerTypeE,0x16c
0x42cb40,_ZN9BitStream14writeIntMax127Ei,0x8
0x42cb48,_ZN6Shader4loadEPKcS1_PS1_i,0x36c
0x42ceb4,_ZN10scPackFile19calculatehashSHA256EPKvm,0x58
0x42cf0c,_ZN14LogicMapLoader3setEiii,0x6c
0x42cf78,_utrie2_setRange32_58,0x748
0x42d6c0,_ZN30AdUpdateConversionValueMessageC2Ei,0x30
0x42d6f0,_ZN20StartSpectateMessage6encodeEv,0x38
0x42d728,_ZN14MessageManager18addUnbotifyMessageEP14PiranhaMessage,0x140
0x42d868,_ZNK14BillingManager12getErrorCodeEv,0x8
0x42d870,_ZN18ProLeagueInfoPopup6updateEf,0x78
0x42d8e8,_ZN25LineAccountUnboundMessage6decodeEv,0x4
0x42d8ec,_ZN9NamePopup6updateEf,0x84
0x42d970,_ZN10GameScreen12touchPressedERK5Touch,0x8
0x42d978,_ZN8Databind4Util10copyObjectEPvS1_PK14DatabindObject,0x170
0x42dae8,_ZN14BattleLogEntry16setPlayerMapInfoEP9LogicLongiRK6StringS1_,0x6c
0x42db54,_ZN20QuickChatEmojiOptionD0Ev,0x34
0x42db88,_ZN13LogicHomeModeC2Ev,0x9c
0x42dc24,_ZN15GameSCIDManager11loadAccountERK6StringS2_b,0x1e0
0x42de04,_uhash_find_58,0x13c
0x42df40,_ZN9EventData12setPlayerMapEP20LogicBattlePlayerMap,0x40
0x42df80,_ZN17LogicSkinConfData10setSadFaceERK6String,0x14
0x42df94,_ZN13LogicConfData13decodeIntListEP10ByteStreamP14LogicArrayListIiE,0x190
0x42e124,_ZNK16PlayerMapManager18hasPlayerMapWithIdERK9LogicLong,0x88
0x42e1ac,_ZL21uloc_kw_closeKeywordsP12UEnumeration,0x34
0x42e1e0,_ZN13YoozooManager7levelUpEv,0xd4
0x42e2b4,_u_isdefined_58,0x78
0x42e32c,_ZN14StreamItemList7showNewEv,0x20
0x42e34c,_ZN17LogicGameModeUtil9isDuoModeEi,0xc
0x42e358,_ZN26KakaoAccountUnboundMessageC2Ev,0x30
0x42e388,_ZN11OnlinePopup15isInviteBlockOnEv,0x34
0x42e3bc,_ZN6icu_5814RBBISetBuilder13serializeTrieEPh,0x20
0x42e3dc,_ZN14LogicPlayerMap11setDislikesEi,0x8
0x42e3e4,_ZN21SpectateFailedMessage18getServiceNodeTypeEv,0x8
0x42e3ec,_LookInStream_SeekTo,0x2c
0x42e418,_Java_com_supercell_titan_NativeFacebookManager_facebookReceivedAppRequest,0x34
0x42e44c,_ZNK12scFilesystem16getLayerFromPathEPKc,0x114
0x42e560,_ZN17AnimationInstance10setLoopingEb,0xc
0x42e56c,_ZNK29LogicChangeControlModeCommand14getCommandTypeEv,0x8
0x42e574,_ZN25BrawlPassAutoCollectPopup18customButtonTappedEP10GameButtoni,0x64
0x42e5d8,_ZN34AskForJoinableAlliancesListMessage8destructEv,0x4
0x42e5dc,_ZNK21LogicGameObjectServer8getTileXEv,0x20
0x42e5fc,_ZNK26LogicGameModeVariationData28getScoreOpponentTextMatchEndEv,0x10
0x42e60c,_ZN11TestDefines11setFlagBoolENS_10DefineKeysEb,0x1c4
0x42e7d0,_ZN5lzham12lzcompressor20update_block_historyEjjjbb,0x70
0x42e840,_ZN16PlayerMapManager32handlePlayerMapSubmittedResponseEP30SubmitPlayerMapResponseMessage,0x2c8
0x42eb08,_ZNSt6__ndk110__function6__funcIZN7GLImage6createEPKc9ImageWrap11ImageFilterE3$_1NS_9allocatorIS7_EEFvvEED0Ev,0x4
0x42eb0c,_ZN6AssertL14defaultHandlerEPKcS1_S1_i,0x8
0x42eb14,_ZN16OutOfSyncMessage17setServerChecksumEi,0x8
0x42eb1c,_ZN8Databind15JSONInReflector8getFloatERK6Stringf,0x64
0x42eb80,_ZN16OnlineFriendItemD0Ev,0x24
0x42eba4,_ZN26EnterSupportedCreatorPopup11isValidNameERK6StringRK4Font,0x88
0x42ec2c,_ZN17scCryptoBoxFilter5flushEv,0x74
0x42eca0,_sub_42ECA0,0x1a0
0x42ee40,_sub_42EE40,0xe8
0x42ef38,_sub_42EF38,0x1c
0x42ef64,_sub_42EF64,0x34
0x42efd4,_sub_42EFD4,0x24
0x42eff8,_sub_42EFF8,0x8e8
0x42f8e0,_sub_42F8E0,0x3c
0x42fa0c,_sub_42FA0C,0x24
0x42fb10,_sub_42FB10,0x44
0x42fb90,_sub_42FB90,0x40
0x42fcb8,_sub_42FCB8,0xc
0x42fd1c,_sub_42FD1C,0x38
0x42fe70,_sub_42FE70,0x10
0x42ff50,_sub_42FF50,0x4
0x42ff8c,_sub_42FF8C,0x34
0x42fffc,_sub_42FFFC,0x24
0x4301d0,_sub_4301D0,0x2c
0x43035c,_sub_43035C,0x2c
0x43045c,_sub_43045C,0x3c
0x4306f0,_sub_4306F0,0x6c
0x4307ac,_sub_4307AC,0x50
0x4308d4,_sub_4308D4,0x30
0x430a18,_sub_430A18,0x3c
0x430a54,_sub_430A54,0x4b48
0x4355c4,_ZNK20LogicCharacterServer28isImmuneToPushbackFromChargeEv,0x30
0x4355f4,_ZN8CSVPatch28parseCsvActionTargetRowIndexERK6StringP8CSVTable,0xa0
0x435694,_ZN8Material17bindSceneUniformsEPK13SceneUniformsPK9xMatrix44,0x10
0x4356a4,_ZN14LogicDailyData6decodeEP10ByteStream,0x15dc
0x436c80,_ZN23TeamSetPlayerMapMessage6decodeEv,0x40
0x436cc0,_ZNKSt6__ndk110__function6__funcIZN8TestCase9touchDownER5TouchE4$_15NS_9allocatorIS5_EEFvvEE7__cloneEPNS0_6__baseIS8_EE,0x40
0x436d00,_ZN20LogicCharacterServer23getNextSlipperyPositionER12LogicVector2,0x4
0x436d04,_uprv_mapFile_58,0xb4
0x436db8,_ZN17LogicRewardConfig9setRewardEP13LogicGemOffer,0x40
0x436df8,_ZN14LogicJSONArrayC2Ei,0x4c
0x436e44,_ZL10sortBadgesPK9BadgeItemS1_,0x84
0x436ec8,_ZNK21LogicTutorialStepData19getSpeechBubbleTIDsEP14LogicArrayListI6StringE,0x164
0x43702c,_ZThn96_N26EnterSupportedCreatorPopup13buttonClickedEP12CustomButton,0x8
0x437034,_ZNK17LogicSkinConfData16getHappyLoopFaceEv,0x10
0x437044,_ZN20LogicJSONInReflector15getNextIntArrayEP17LogicIntArrayList,0x30c
0x437350,_ZNK19LogicAreaEffectData9getDamageEv,0x8
0x437358,_ZNK37JoinAllianceResponseAvatarStreamEntry15getAllianceNameEv,0x8
0x437360,_ZNSt6__ndk110__function6__funcIZN19SupercellIdCallback13friendsFailedEP8_jobjectE4$_15NS_9allocatorIS5_EEFvvEE7destroyEv,0x4
0x437364,_ZN11ContextMenu21refreshSpectateStatusEi,0x3c
0x4373a0,_ZN26RankedTeamSelectionManager13getNextPlayerEv,0x18
0x4373b8,_ZNK19EnvironmentRenderer27updateMovieClipRendererDataEPN11wendelstein21MovieClipRendererDataE,0x148
0x437500,_ZN6CSVRow13copyRowValuesERKS_,0x10c
0x43760c,_ZN16ByteStreamHelper10decompressEP10ByteStreamS1_,0x118
0x437724,_ZNK22LogicLocationThemeData17getBlocking4CountEv,0x10
0x437734,_ZN10ZlibHelper21compressInMySQLFormatEPKciPPh,0x150
0x437884,_ZN24TitanDisconnectedMessage18getServiceNodeTypeEv,0x8
0x43788c,_ZN5StageD2Ev,0x624
0x437eb0,_ZN24DataLoaderLayeredTexture15TextureModifier20getOperationFromTextEPKc,0x8c
0x437f3c,_ZNK10NativeFont7getSizeEv,0xc
0x437f48,_ZN6icu_5815Normalizer2Impl4initEPKiPK6UTrie2PKtPKh,0xf4
0x43803c,_ZNK14MessageManager16getLatencyReportEv,0x2fc
0x438338,_ZN6icu_5810UnicodeSet13complementAllERKS0_,0xb8
0x4383f0,_ZN17OnlineFriendsList12refreshItemsEv,0x3f0
0x4387e0,_ZN15ResourceManager13doesFileExistERK6Stringb,0xbc
0x43889c,_ZNSt6__ndk110__function6__funcIZN14LineConnection6logoutEvE3$_4NS_9allocatorIS3_EEFvbPKN8linecorp4nova5ErrorEEE7destroyEv,0x4
0x4388a0,_ZN9sc3dWorld14updateMatricesEv,0x188
0x438a28,_ZN10HeroSprite9HeroEntry12valueChangedEi,0x4
0x438a2c,_ZN9MovieClip13setNumberTextEPKcib,0xd8
0x438b04,_ZNK16ServerConnection20isGuestAccountLoadedEv,0x14c
0x438c50,_ZNK13LogicItemData11getLifetimeEv,0x8
0x438c58,_ZNK20LogicCharacterClient23hasSlipperyDebuffClientEv,0x8
0x438c60,_ZN10BattleMode4drawEv,0x4
0x438c64,_ZN22SearchAlliancesMessageC2Ev,0x48
0x438cac,_ZN9TextInput8activateEb,0x78
0x438d24,_ZNK13EffectManager13getEffectByIdEi,0x6c
0x438d90,_ZN17FriendRequestItem6addBtnERK6StringS2_,0x68
0x438df8,_ZN6icu_586UStackC2ER10UErrorCode,0x30
0x438e28,_ZN9ShopPopup13buttonClickedEP12CustomButton,0x4c
0x438e74,_ZN13DebugMenuBase11onTextInputEiRK6String,0x4
0x438e78,_ZN17LogicSkinConfData12setLobbyAnimERK6String,0x14
0x438e8c,_ZNK13LogicTileData18canShowBulletHolesEv,0x8
0x438e94,_Java_com_supercell_titan_SupercellId_getConfig,0x8
0x438e9c,_ZN30CreatePlayerMapResponseMessage18getServiceNodeTypeEv,0x8
0x438ea4,_ZN17HeroSwipeSelector16cancelAllTouchesEv,0x28
0x438ecc,_ZN9BitStream12writeIntMax1Ei,0x8
0x438ed4,_ZNK21LogicBattleModeClient29isStartLoadingMessageReceivedEv,0x8
0x438edc,_ZN15ChecksumEncoder9writeInt8Ei,0x48
0x438f24,_ZNK6icu_5818UStringEnumeration17getDynamicClassIDEv,0xc
0x438f30,_ZN17LogicGameModeUtil17modeHasCarryablesEi,0x28
0x438f58,_ZNSt6__ndk17__sort4IRZN11wendelstein10flushLayerERNS1_21MovieClipRendererDataEiE3$_0PNS2_11BucketRangeEEEjT0_S8_S8_S8_T_,0x178
0x4390d0,_ZNK12CsvPatchData14createSaveJSONEv,0x4d4
0x4395a4,_ZNK10GameObject7getTeamEv,0xc
0x4395b0,_ZNK11LogicPlayer14getShotsOnGoalEv,0x3c
0x4395ec,_ZNK6scglTF8MeshData11getTangentsEv,0x8
0x4395f4,_ZN5Stage16destructInstanceEv,0x38
0x43962c,_ZN9HTTPQueue13getFailedItemEi,0x14
0x439640,_LookToRead_Look_Exact,0x9c
0x4396dc,_ZNK18LogicCarryableData11getMaxScaleEv,0x10
0x4396ec,_ZNK6String10startsWithEPKc,0x64
0x439750,_ZN19AllianceListMessageC2Ev,0x34
0x439784,_ZN14SceneCharacter10updateFaceEf,0x14
0x439798,_ZN10HomeScreen23challengeLivesPurchasedEv,0x144
0x4398dc,_ZNKSt6__ndk110__function6__funcIZN11AndroidMain16inputTextChangedERK6StringE4$_10NS_9allocatorIS6_EEFvvEE7__cloneEv,0x40
0x43991c,_ZNSt6__ndk16__sortIRZN19EnvironmentRenderer33sortMovieClipRendererBucketRangesEPN11wendelstein21MovieClipRendererDataEE4$_12PNS3_11BucketRangeEEEvT0_S9_T_,0x788
0x43a0a4,_ZN22UnlockAccountOkMessageC2Ei,0x30
0x43a0d4,_ZN15ResourceManager27updateFileAlreadyDownloadedERK6StringS2_,0x23c
0x43a310,_ZThn96_N21MapEditorModifierItem13buttonClickedEP12CustomButton,0x8
0x43a318,_ZNSt6__ndk127__insertion_sort_incompleteIRZN13TimelineValue11fromBuilderERKNS1_7BuilderEE3$_0PNS2_3KeyEEEbT0_S9_T_,0x540
0x43a858,_ZL13isPOSIX_blankRK14BinaryPropertyi9UProperty,0x8
0x43a860,_ZN10HomeScreen16brawlTVCancelledEv,0x1c
0x43a87c,_ZN15LogicStringUtil12convertToIntERK6Stringii,0x1c4
0x43aa40,_ZNK8Camera3D13getProjectionEf,0x10
0x43aa50,_ZN7Billing16restorePurchasesEv,0x4
0x43aa54,_ZN10EmotePanel13closePopoversEv,0x4
0x43aa58,_ZN11StringTable9getStringEi,0x24
0x43aa7c,_hb_font_is_immutable,0x8
0x43aa84,_ZN22SearchAlliancesMessage11setMinLevelEi,0x8
0x43aa8c,_ZN17LogicPoisonServerC2EiibP20LogicCharacterServerii,0x38
0x43aac4,_uprv_free_58,0x38
0x43aafc,_u_strcat_58,0x24
0x43ab20,_ZNSt6__ndk110__function6__funcIZN11AndroidMain23startedFromNotificationERK6StringE3$_9NS_9allocatorIS6_EEFbvEEclEv,0x24
0x43ab44,_ZN26AllianceStreamEntryMessage17removeStreamEntryEv,0x10
0x43ab54,_ZNK26LogicGameModeVariationData33getSquareBannerOverrideExportNameEv,0x10
0x43ab64,_ZN9xMatrix4413createScalingERK7Vector3IfE,0x34
0x43ab98,_ZN20NativeSCIDConnection11closeWindowEv,0x8
0x43aba0,_ZN9OutStream10writeFloatEf,0x8
0x43aba8,_ZNK9sc3dWorld15getScreenToTileEfff,0x44
0x43abec,_ZN8Selfhelp17backButtonPressedEv,0xbc
0x43aca8,_ZN21GetLeaderboardMessageC2EbiPK9LogicDatai,0x60
0x43ad08,_ZN18FacebookConnection10feedDialogERK6StringS2_S2_S2_S2_,0x18
0x43ad20,_ZN15LogicDataTables13getDataByNameERK6StringiPK9LogicData,0x2c
0x43ad4c,_ZN10LZMAReader17isLZHAMCompressedEPKhi,0x50
0x43ad9c,_ZNKSt6__ndk110__function6__funcIZN8TestCase17getVisibleButtonsEvE3$_3NS_9allocatorIS3_EEFP6SpritevEE6targetERKSt9type_info,0x1c
0x43adb8,_ZN6icu_5815RBBIRuleBuilderD0Ev,0x24
0x43addc,_Z29hb_ot_layout_substitute_startP9hb_font_tP11hb_buffer_t,0x2e0
0x43b0bc,_ZN17LogicGameListener8destructEv,0x4
0x43b0c0,_Range_Decode,0x80
0x43b140,_ZNSt6__ndk110__function6__funcIZ43Java_com_supercell_titan_Kakao_inviteResultE3$_2NS_9allocatorIS2_EEFvvEE18destroy_deallocateEv,0x28
0x43b168,_ZN22MapEditorModifierPopupD2Ev,0xd4
0x43b23c,_ZN19SelectLocationPopup12refreshItemsEb,0x34c
0x43b588,_ZN10HomeScreen22isFriendlyGameRoomOpenEv,0x10
0x43b598,_ZN5Debug10drawSphereERK7Vector3IfEfjf,0x4
0x43b59c,_ZN27ChallengeRewardNotification6encodeEP15ChecksumEncoder,0x68
0x43b604,_ZN5titan26registerJavaNativeFunctionEv,0x10c
0x43b710,_ZN14VideoAdManager16destructInstanceEv,0x44
0x43b754,_ZL18hb_shape_plan_planP15hb_shape_plan_tPK12hb_feature_tjPKPKc,0x18c
0x43b8e0,_ZNK19LogicProjectileData26getDamageChangeEndPromilleEv,0x8
0x43b8e8,_ZN29LogicPlayerDataChangedCommand7executeEP13LogicHomeModeib,0x64
0x43b94c,_ZNKSt6__ndk110__function6__funcIZN11scTaskQueue3runIZN7GLImage6createEPKcS6_9ImageWrap11ImageFilterE3$_6EENS_13invoke_resultIT_JEE4typeESB_EUlvE_NS_9allocatorISE_EEFvvEE7__cloneEv,0x38
0x43b984,_ZNK18LogicAnimationData18getFaceFreezeFrameEv,0x8
0x43b98c,_ZN8CSVTable17setIntegerValueAtEiii,0x10
0x43b99c,_ZN18LoginFailedMessage27getShowContactSupportForBanEv,0x8
0x43b9a4,_ZN11TeamMessageC2Ev,0x34
0x43b9d8,_Sha256_Init,0x1c
0x43b9f4,_ZN12LoginMessage15getTencentTokenEv,0x8
0x43b9fc,_ZNK19LogicAreaEffectData19getPushbackStrengthEv,0x8
0x43ba04,_ZNSt6__ndk110__function6__funcIZN11AndroidMain9_gameStopEvE4$_17NS_9allocatorIS3_EEFvvEEclEv,0x90
0x43ba94,_ZNSt6__ndk110__function6__funcIZN32NativeFacebookConnectionCallback18receivedAppRequestERK6StringE3$_4NS_9allocatorIS6_EEFvvEEclEv,0x2c
0x43bac0,_ZN9TextField8setAlignEi,0x8
0x43bac8,_ZNK6icu_5815Normalizer2Impl18decomposeAndAppendEPKtS2_aRNS_13UnicodeStringERNS_16ReorderingBufferER10UErrorCode,0x1f8
0x43bcc0,_ZNK14LogicSoundData7getLoopEv,0x10
0x43bcd0,_ZN14AllianceStream13buttonClickedEP12CustomButton,0x228
0x43bef8,_ZN15LaserBoxManager7Website22finishUpdatingManifestEb,0x88
0x43bf80,_ZN31BindGoogleServiceAccountMessage8destructEv,0x68
0x43bfe8,_ZN19NameChangeSubScreenD2Ev,0x70
0x43c058,_ZN17BrawlBoxInfoPopupD2Ev,0x68
0x43c0c0,_ZN12NSCIDManager4initEv,0xc
0x43c0cc,_ZN21LogicBattleModeServer19getBotLevelForRoundEi,0x20
0x43c0ec,_ZNSt6__ndk110__function6__funcIZN14LineConnection5loginEvE3$_3NS_9allocatorIS3_EEFvbPKcPKN8linecorp4nova11CredentialsEPKNS9_5ErrorEEE18destroy_deallocateEv,0x4
0x43c0f0,_ZN22ShapeDrawBitmapCommand23collisionRenderAccurateER5StageRK9Matrix2x3,0xd8
0x43c1c8,_ZNK20LogicCharacterServer13getPowerLevelEv,0x8
0x43c1d0,_ZN13SimpleWebview6createEv,0x2c
0x43c1fc,_ZN11TeamManager18getTeamupStateWithEPK9LogicLongbb,0x154
0x43c350,_ZN14ShadowRenderer17setPlayerLocationEff,0x130
0x43c480,_ZNK27LogicCooldownExpiredCommand6encodeEP15ChecksumEncoder,0x48
0x43c4c8,_ZL17stbi_out_gif_codeP15stbi_gif_structt,0x10c
0x43c5d4,_ZN16BattleEndMessage18createDummyRewardsEi,0x168
0x43c73c,_ZN20scCryptoStreamFilter5writeEPKvm,0x54
0x43c790,_ZN15sc3dWorldCamera14touchCancelledEi,0x4
0x43c794,_ZNK20PlayerMapDeletePopup12getPopupTypeEv,0x8
0x43c79c,_ZN5titan3com9supercell5titan19ApplicationUtilBase7openURLERK6String,0x8c
0x43c828,_ZN24DataLoaderLayeredTexture15TextureModifier22getAvailableOperationsEv,0x5c
0x43c884,_ZN20LogicCharacterServer22setPartialStunPromilleEi,0x4
0x43c888,_ZN15LogicBuffServer12canBuffStackEi,0xc
0x43c894,_ZNK12LogicTileMap46isPlayerLineOfSightClearFromIndestructibleWallEiiii,0x30
0x43c8c4,_ZNK8CSVSaver19getFinalColumnValueERK6String,0x9c
0x43c960,_ZN41CafeBazaarBillingProcessedByServerMessage18getServiceNodeTypeEv,0x8
0x43c968,_ZNK17LogicShopItemData24getOfferAssetRankProfileEv,0x10
0x43c978,_ZN11SoundSystem29initializePlatformAudioSystemEv,0x28
0x43c9a0,_ZN5titan3com6google7android4play4core5tasks4Task9getResultEv,0x7c
0x43ca1c,_ZN27BillingRequestFailedMessage8destructEv,0x38
0x43ca54,_ZNSt6__ndk110__function6__funcIZN11Character3D6updateEfE3$_0NS_9allocatorIS3_EEFvvEED0Ev,0x4
0x43ca58,_ZNK24LogicParticleEmitterData24getParticleResourceCountEv,0x10
0x43ca68,_ZN8Databind16JSONOutReflector7addLongEx,0x5c
0x43cac4,_ZNSt6__ndk17__sort4IRZN17TencentLoginState5enterEvE3$_0P14TextLinkButtonEEjT0_S6_S6_S6_T_,0x138
0x43cbfc,_ZN36SkinPurchaseOptionRewardNotification6encodeEP15ChecksumEncoder,0x54
0x43cc50,_ZN8HomePage12getOwnMemberEv,0xac
0x43ccfc,_ZN14LoginOkMessage14setServerBuildEi,0x8
0x43cd04,_ZNSt6__ndk110__function6__funcIZN11AndroidMain18onSurfaceDestroyedEvE3$_2NS_9allocatorIS3_EEFvvEE7destroyEv,0x4
0x43cd08,_ZNK30JoinRequestAllianceStreamEntry10getMessageEv,0x8
0x43cd10,_ZN15LogicDataTables15isHeroAvailableEPK18LogicCharacterDataP12ReleaseEntry,0x4c
0x43cd5c,_ZN5titan3com9supercell5titan7tencent11MSDKManager12getChannelIdEv,0x70
0x43cdcc,_ZN15ResourceManager12removeFolderERK6String,0x8c
0x43ce58,_ZL12hdr_gettokenP4stbiPc,0xb0
0x43cf08,_ZN23FriendListUpdateMessage6encodeEv,0x38
0x43cf40,_ZN11DragHandler17resetPanningSpeedEv,0x1c
0x43cf5c,_ZN5titan7android7content3res19AssetFileDescriptor9getLengthEv,0x7c
0x43cfd8,_ZN14FriendsManager12updateFriendEbP11FriendEntry,0x234
0x43d20c,_ZN29PurchaseGatchaBoxPopupHandler10createItemEi,0x40
0x43d24c,_ZN5titan3com9supercell5titan12TitanWebView4hideEv,0x7c
0x43d2c8,_ZN14TencentManager17constructInstanceEv,0x30
0x43d2f8,_ZN17TopResourceButton18updateSpacingWidthEfb,0x4
0x43d2fc,_ZNK10SCIDConfig9getStringERK6StringS2_,0x3c
0x43d338,_ZN8Databind23AbstractDatabindReflect12reflectFieldEPvPK13DatabindFieldRNS_9ReflectorEP16ResourceListener,0x13c
0x43d474,_ZL15path_close_pathPv,0x8
0x43d47c,_lv1_frida_killer__ZL15parse_proc_mapsPKcS0_PFviE,0x664
0x43dae0,_Z15p_attachConsolev,0x4
0x43dae4,_ZNK35AllianceInvitationAvatarStreamEntry15getAllianceNameEv,0x8
0x43daec,_ZN35GetAllianceInviteTokenResultMessage6encodeEv,0x38
0x43db24,_ZN21GetTokenFriendMessage8destructEv,0x4
0x43db28,_ZN15LogicDataTables13getLinkByNameERK6StringPK9LogicData,0x20
0x43db48,_ZN6FilterC2Ev,0x10
0x43db58,_ZN13FriendsScreen15destroyAllItemsEv,0x28c
0x43dde4,_ZN7UIPopup17backButtonPressedEv,0x28
0x43de0c,_ZN12scFilesystem15addAllPackfilesERKNSt6__ndk110shared_ptrI11scIKeyStoreEE,0xa5c
0x43e868,_ZN37SendAllianceInvitationToFriendMessage16removeFacebookIdEv,0x10
0x43e878,_ZN6icu_586Locale8getKoreaEv,0x24
0x43e89c,_ZNK14BillingManager25haveBillingProductsFailedEv,0x8
0x43e8a4,_uprv_getMaxCharNameLength_58,0x5c
0x43e900,_ZNK14LogicPlayerMap8getMapIdEv,0x4
0x43e904,_ZN16BandNotification6decodeEP10ByteStream,0x44
0x43e948,_ZNK18LogicAnimationData11getFileNameEv,0x8
0x43e950,_ZN16ScreenProperties8getWidthEv,0xc
0x43e95c,_ZN11UpgradeItem20getPowerFromUpgradesEPK18LogicCharacterDataiii,0x64
0x43e9c0,_ZN26RequestJoinAllianceMessage8destructEv,0x58
0x43ea18,_ZNK16ServerConnection17getEnviromentNameEv,0x2c
0x43ea44,_ZNKSt6__ndk110__function6__funcIZN14LineConnection14requestFriendsEvE3$_5NS_9allocatorIS3_EEFvbPKN8linecorp4nova5graph5model21ProfilePagingResponseEPKNS7_5ErrorEEE6targetERKSt9type_info,0x1c
0x43ea60,_ZN16AddFriendMessage9setReasonEi,0x8
0x43ea68,_ZN11SkinPreview6toggleERK6String,0xdec
0x43f854,_ZN11LogicPlayer8gameLostEv,0xc
0x43f860,_ZNK10ScoresPage11getListTypeEv,0x8
0x43f868,_ZN15LogicDataTables15getEffectByNameERK6StringPK9LogicData,0x20
0x43f888,_ZNK14SceneCharacter9getEffectEi,0x38
0x43f8c0,_ZN16NameChangeScreenC2EN19NameChangeSubScreen6ScreenERK6String,0x3ec
0x43fcac,_ZN8Material19getBakedLightmapTexEv,0x38
0x43fce4,_ZN20scResourceLoadResultC2Ev,0x8
0x43fcec,_ZNSt6__ndk110__function6__funcIZN11scTaskQueue3runIZN7GLImage16createWithFormatEiiiiPKv9ImageWrap11ImageFilterRbE3$_8EENS_13invoke_resultIT_JEE4typeESC_EUlvE_NS_9allocatorISF_EEFvvEE7destroyEv,0x4
0x43fcf0,_ZN12RenderTarget5beginEv,0x10
0x43fd00,_ZN14MessageManager18updateLatencyTestsEf,0x224
0x43ff24,_ubidi_invertMap_58,0xb0
0x43ffd4,_ZN18PlaySoundExecutionD2Ev,0x18
0x43ffec,_ZNK15DownloadManager18getTextureFileNameERK6String,0x310
0x4402fc,_ZN14LogicResources4loadEPK14LogicArrayListIP22LogicDataTableResourceEiPK7CSVNodePK15LogicJSONObjectb,0x134
0x440430,_ZNK14LogicDataTable12getItemCountEv,0x8
0x440438,_ZNSt6__ndk110__function6__funcIZN19SupercellIdCallback13friendsFailedEP8_jobjectE4$_15NS_9allocatorIS5_EEFvvEEclEv,0x28
0x440460,_ZNSt6__ndk110__function6__funcIZN32NativeFacebookConnectionCallback20loginFailedWithErrorERK6StringS5_E3$_0NS_9allocatorIS6_EEFvvEEclEv,0x24
0x440484,_ZN15AllianceManager22clearFriendsSeenOnlineEv,0xc0
0x440544,_ZN12LogicCommand16setTickWhenGivenEi,0x8
0x44054c,_ZNK25AcceptFriendFailedMessage14getMessageTypeEv,0x8
0x440554,_ZN16BattleEndMessage28createDummyDeathmatchMessageEiP21LogicBattleModeServeriii,0x4bc
0x440a10,_ZN6UINodeD0Ev,0x40
0x440a50,_ZNSt6__ndk110__function6__funcIZN11Application20getAdvertiserIDAsyncEvE3$_2NS_9allocatorIS3_EEFNS_4pairIb6StringEEvEE7destroyEv,0x4
0x440a54,_ZN15ChecksumEncoder14enableCheckSumEb,0x38
0x440a8c,_ZN21RankedTeamSelectPopup6updateEf,0x12e4
0x441d70,_ZN8Databind8Databind11addListenerEPNS_17IDatabindListenerE,0xf4
0x441e64,_ZNK20LogicCharacterServer13hasCcImmunityEv,0x8
0x441e6c,_ZN15LogicJSONParser14skipWhitespaceERK6StringPi,0x60
0x441ecc,_ZNK9CombatHUD30shouldHaveSpectateFollowButtonEv,0xb4
0x441f80,_ZN32BrawlPassAutoCollectRewardsPopup7setDataEP14LogicArrayListIP12DeliveryUnitE,0x490
0x442410,_ZNK9UdpSocket12getSessionIdEv,0x8
0x442418,_ZNK9EventData20getGameModeVariationEv,0x18
0x442430,_ZN8Settings10storeFloatERK6Stringf,0x78
0x4424a8,_ZN10HomeScreen21updatePendingDeeplinkEv,0xe58
0x443300,_ZN8GameMain17createGenTexShapeENS_6GenTexEb,0x10c
0x44340c,_ZN13LogicJSONNode12asJSONNumberEb,0x8c
0x443498,_ZNK12LoginMessage19getSupercellIdTokenEv,0x10
0x4434a8,_ZN22UpdatePlayerMapMessage18getServiceNodeTypeEv,0x8
0x4434b0,_ZN11Character3D8loadAnimEP18LogicAnimationDatai,0xf8
0x4435a8,_ZNSt6__ndk110__function6__funcIZN11scTaskQueue3runIZN7SCWFile4loadER12SCWFileInputE3$_0EENS_13invoke_resultIT_JEE4typeES9_EUlvE_NS_9allocatorISC_EEFvvEE7destroyEv,0x4
0x4435ac,_ZN15EmojiStreamItemD2Ev,0x50
0x4435fc,_ZN21LogicBattleModeClient25setClientPredictionMoveToEiib,0x1c
0x443618,_ures_hasNext_58,0x18
0x443630,_nti_font_copy,0x10
0x443640,_Z15decompressColoriiiPA3_hS0_,0x98
0x4436d8,_ubrk_openRules_58,0x118
0x4437f0,_ZN14LogicDailyData14setStarterPackEP10TimedOffer,0x40
0x443830,_ZN15ResourceManager13loadImmediateER16ResourceListener,0x21c
0x443a4c,_ZNK21LogicPlayerRewardData15hasMetConditionEv,0x44
0x443a90,_ZNK12BattleScreen13isEditingChatEv,0x8
0x443a98,_ZN17LogicSkinConfData21setSecondarySkillAnimERK6String,0x14
0x443aac,_ZN13AntiAddiction11handleErrorEi,0x8
0x443ab4,_ZN10UrlBuilder8hexToIntEh,0x54
0x443b08,_ZN37YoozooBillingProcessedByServerMessageC2Ev,0x8c
0x443b94,_ZNK15LogicJSONObject22writeToFormattedStringEP13StringBuilderRK6String,0x158
0x443cec,_ZN16AllianceWarPopup6updateEf,0x7c
0x443d68,_ZL17ures_toUTF8StringPKtiPcPiaP10UErrorCode,0xf4
0x443e5c,_ZN36AppleBillingProcessedByServerMessage8destructEv,0x48
0x443ea4,_ZN18CryptoErrorMessage8destructEv,0x24
0x443ec8,_u_strFromUTF8_58,0x10
0x443ed8,_ZN19BattleLogPlayerItemC2EP13BattleLogItemP9MovieClipP14BattleLogEntryP20BattleLogPlayerEntry,0x46c
0x444344,_ZN22AllianceChatControllerD2Ev,0x78
0x4443bc,_ZN20LogicCharacterServer9tickHealsEv,0x124
0x4444e0,_ZN17TextFieldOriginalD2Ev,0x48
0x444528,_ZN16MovieClipTexture6updateEf,0x2bc
0x4447e4,_ZThn104_N8GameMain15dialogDidCancelEi,0x8
0x4447ec,_MatchFinder_Free,0x50
0x44483c,_ZNK7CSVNode6equalsEPKS_,0xc8
0x444904,_ZN37LogicSetESportsHubNotificationCommand7executeEP13LogicHomeModeib,0x5c
0x444960,_ZNK26AllianceKickOutStreamEntry10getMessageEv,0x8
0x444968,_ZN8RankItem12heroSelectedEPK18LogicCharacterData,0xf4
0x444a5c,_ZNK13LogicTileData14getSpeedChangeEv,0x10
0x444a6c,_ZNK12SoundManager18getMusicPassedTimeEv,0x3c
0x444aa8,_ZN4Path6existsERK6String,0xd8
0x444b80,_ZNK6scglTF8MeshData10getWeightsEv,0x8
0x444b88,_ZN24LatencyTestConfigurationC2Ev,0x30
0x444bb8,_ZN21AllianceMemberMessageC2EP9LogicLongP19AllianceMemberEntry,0x44
0x444bfc,_ZN10SCIDWindow12freeResourceERK6String,0x8
0x444c04,_ZN27ClaimRankRewardPopupHandler8setTitleEP9TextField,0x38
0x444c3c,_ZNK13LogicHomeMode18getCurrentDayIndexEi,0x70
0x444cac,_ZNKSt6__ndk110__function6__funcIZN19SupercellIdCallback16windowDidDismissEP8_jobjectE3$_0NS_9allocatorIS5_EEFvvEE7__cloneEPNS0_6__baseIS8_EE,0x18
0x444cc4,_ZN15PromoEventPopupC2EP22PromoPopupNotification,0x30c
0x444fd0,_ZN7CSVNode8destructEv,0x158
0x445128,_ZN17TencentTermsPopup13buttonClickedEP12CustomButton,0x120
0x445248,_ZN9Animation7fadeOutEf,0x5c
0x4452a4,_ZN16StartGameMessage6encodeEv,0x28
0x4452cc,_ZN12LogicTileMap16fixNeighbourGapsEib,0x13c
0x445408,_ZN15MovieClipHelper25replaceChildWithMovieClipEP9MovieClipRK6StringS4_S4_,0xdc
0x4454e4,_ZNK17LogicSkinConfData14getStillEffectEv,0x8
0x4454ec,_ZN9Animation11setEndFrameEf,0x1c
0x445508,_ZN19EnvironmentRenderer23updateMovieClipTexturesEf,0x98
0x4455a0,_ZNSt6__ndk110__function6__funcIZN19SupercellIdCallback23respondToDonationResultEP8_jobjectRK6StringS7_E4$_24NS_9allocatorIS8_EEFvvEED2Ev,0x30
0x4455d0,_ZNK12BattleScreen25shouldShowAccessoryButtonEv,0x78
0x445648,_lv1_detect_frida_library__ZL22thread_control_handleriP7siginfoPv,0x68
0x4456b0,_ZNSt6__ndk110__function6__funcIZN8TestCase7touchUpEvE4$_18NS_9allocatorIS3_EEFvvEEclEv,0x1c
0x4456cc,_ZNK22LogicColorGradientData13getColorCountEv,0xc
0x4456d8,_ZN29JoinAllianceUsingTokenMessage6decodeEv,0x44
0x44571c,_ZNK17LogicClientAvatar29shouldGoToFirstTutorialBattleEv,0x10
0x44572c,_ZN27ViewReplayByStringIdMessage6encodeEv,0x28
0x445754,_ZN17AvatarStreamEntry13setSenderNameEP6String,0x8
0x44575c,_ZN19TeamSetEventMessage6encodeEv,0x38
0x445794,_ZN3UIu15displayTestListEv,0x5b4
0x445d48,_ZNK14LogicThemeData11getFileNameEv,0x10
0x445d58,_ZN6Effect13disableSoundsEv,0x84
0x445ddc,_ZN13AlliancePopupC2Ev,0x1e8
0x445fc4,_ZN9DebugMenu11onTextInputEP10GameButtonRK6String,0x174
0x446138,_ZN6icu_5823FullCaseFoldingIteratorC2Ev,0x24
0x44615c,_ZN10InboxPopup13buttonClickedEP12CustomButton,0x70
0x4461cc,_ZNK10InputField12getTextFieldEv,0x8
0x4461d4,_ZNK10SCIDConfig7getBoolERK6String,0x68
0x44623c,_ZN15ResourceManager18putMovieClipToPoolERK6StringP9MovieClip,0x6c
0x4462a8,_ZNK21LogicTutorialStepData20getCompleteLocationYEv,0x10
0x4462b8,_ZN14HelpshiftTitan11setMetadataERK6StringS2_,0xb4
0x44636c,_ZN17UnlockAccountMenu7keyDownEi,0x8
0x446374,_ZNK14PiranhaMessage17getProxySessionIdEv,0x8
0x44637c,_ZN8ViewportD2Ev,0x4
0x446380,_ZN30CreatePlayerMapResponseMessageC2Ev,0x38
0x4463b8,_ZN11wendelstein19AbstractEmitterData7reflectERN8Databind9ReflectorEP16ResourceListener,0x64
0x44641c,_ZNK18LogicGemBundleData23getAmountCanBePurchasedEv,0x8
0x446424,_Java_com_supercell_titan_GameApp_setTencentLogin,0xe0
0x446504,_ZNK18LogicCharacterData9getWaitMSEv,0x8
0x44650c,_ZNSt6__ndk110__function6__funcIZN11scTaskQueue3runIZN8TestCase9moveTouchER5TouchS5_S5_fE3$_8EENS_13invoke_resultIT_JEE4typeES9_EUlvE_NS_9allocatorISC_EEFvvEE7destroyEv,0x4
0x446510,_ZN5titan3com9supercell5titan21NativeFacebookManagerC2EP8_jobject,0xbc
0x4465cc,_ZN19ResetAccountMessage6encodeEv,0x28
0x4465f4,_Z36_hb_fallback_shaper_font_data_createP9hb_font_t,0x8
0x4465fc,_ZN5titan7android4view7Display4Mode14getRefreshRateEv,0x7c
0x446678,_ZN28UdpBigMessageFragmentMessage6encodeEv,0x6c
0x4466e4,_ZN4Mesh7setAABBERK7Vector3IfES3_,0x58
0x44673c,_ZN11SoundSystemC2Ei,0x29c
0x4469d8,_ZNK35AllianceInvitationAvatarStreamEntry13getAllianceIdEv,0x8
0x4469e0,_ZNSt6__ndk110__function6__funcIZN19EnvironmentRenderer6renderER9Matrix2x3R14ColorTransformifE4$_11NS_9allocatorIS7_EEFvvEE18destroy_deallocateEv,0x4
0x4469e4,_ZNK21LogicTutorialStepData17getSpawnLocationYEv,0x10
0x4469f4,_ZN8HomePage36refreshTeamMemberSpeechBubbleButtonsEv,0x7c
0x446a70,_ZN18TextFieldWithLinks34addLinkByReplacingFirstPlaceholderEiRK6StringS2_,0x254
0x446cc4,_ZN7Popover12touchPressedERK5Touch,0x18
0x446cdc,_ZNK10GameButton23getStateStartFrameLabelEi,0x30
0x446d0c,_ZN22ClientContentValidator21flushValidationErrorsEv,0x788
0x447494,_ZN8ImpostorD2Ev,0xa4
0x447538,_ubidi_getParagraph_58,0x98
0x4475d0,_ZNK15AllianceManager17getMyAllianceNameEv,0x1c
0x4475ec,_ZN15LogicDataTables16getFirstWinsDataEv,0xc
0x4475f8,_ZN13StringBuilder6appendEx,0x13c
0x447734,_ZN25LogicCooldownAddedCommand8destructEv,0x84
0x4477b8,_ZNK20LogicCharacterServer28calculateDamageBuffsAndNerfsEi,0x8
0x4477c0,_ZNK9HeroPopup15getHeroItemModeEv,0x8
0x4477c8,_ZNK19PlayerStatusMessage14getMessageTypeEv,0x8
0x4477d0,_ZNK14LogicDailyData17shopHasTimedOfferEPK13LogicHomeMode,0x4c
0x44781c,_ZN11LineManager17constructInstanceE6StringS0_,0x58
0x447874,_ZN18sc3dPanPinchCamera10touchMovedERK5Touch,0xfc
0x447970,_ZN14BlingTextFieldD0Ev,0x24
0x447994,_ZN6icu_5810UnicodeSet6removeEii,0xa8
0x447a3c,_ZL23collect_features_hangulP21hb_ot_shape_planner_t,0x60
0x447a9c,_ZN10StreamItem13buttonClickedEP12CustomButton,0x5c
0x447af8,_ZN25LogicDiamondsAddedCommand6decodeEP10ByteStream,0x98
0x447b90,_ZThn8_NK25SupportCreatorItemHandler16getAnalyticsNameEv,0x80
0x447c10,_ZN28NameChangeConfirmationScreenD2Ev,0x88
0x447c98,_ZN15ProLeagueScreenD2Ev,0x7c
0x447d14,_ZN9NameInputC2EP9TextFieldP11NameHandleri,0x44
0x447d58,_ZN16ChronosFileEntry8destructEv,0x30
0x447d88,_ZN11Application15getAdvertiserIDEv,0x40
0x447dc8,_ZN5titan3com9supercell5titan21NativeFacebookManager17jniLinkStatisticsERK6String,0x8c
0x447e54,_ZN16LogicMessageData16createReferencesEv,0x40
0x447e94,_ZN14EventListEntry8isLockedEi,0x2c
0x447ec0,_ZN9Messaging7addPortERK6String,0xb4
0x447f74,_ZN10DoubleItem13getDoubleAnimEv,0x14
0x447f88,_ZNKSt6__ndk110__function6__funcIZN5titan7android5media11MediaPlayer18OnPreparedListener6invokeEP10_jmethodIDP13_jobjectArrayE3$_0NS_9allocatorISB_EEFvRN8safe_jni5ProxyES5_EE7__cloneEv,0x24
0x447fac,_ZN30LogicDeleteNotificationCommand8destructEv,0x24
0x447fd0,_ZN7SCWFile16setObjectFactoryEP16SCWObjectFactory,0xc
0x447fdc,_ZN21SpectateFailedMessage8destructEv,0x24
0x448000,_ZNK25LogicPurchaseOfferCommand14getCommandTypeEv,0x8
0x448008,_ZN14UdpLaserSocketC2Ev,0x58
0x448060,_ZN26UnlockAccountFailedMessageC2Ei,0x30
0x448090,_ZN46TencentAntiAddictionInstructionExecutedMessage15removeRuleNamesEv,0x84
0x448114,_ZNK15LogicJSONObject6equalsEPK13LogicJSONNode,0xd4
0x4481e8,_ZNK12DeliveryUnit6encodeEP15ChecksumEncoder,0x80
0x448268,_ZN39LogicClearESportsHubNotificationCommand6decodeEP10ByteStream,0x4
0x44826c,_ZN13HomePageGuide13getTargetHeroEv,0xc
0x448278,_ZThn120_N8GameMain17onVideoAdFinishedEv,0x20
0x448298,_ZNSt6__ndk110__function6__funcIZN14LineConnection6logoutEvE3$_4NS_9allocatorIS3_EEFvbPKN8linecorp4nova5ErrorEEE18destroy_deallocateEv,0x4
0x44829c,_ZN20LogicRawOutReflector17reflectNextObjectEv,0x28
0x4482c4,_ZNK9LogicData17getIntegerValueAtEii,0xb8
0x44837c,_ZNK29scMultithreadedLoadingManager18getResourceContextEv,0xc4
0x448440,_ZN35GetAllianceInviteTokenResultMessage18getServiceNodeTypeEv,0x8
0x448448,_ZNK12NSCIDManager15getSocialApiUrlEv,0x5c
0x4484a4,_ZN13HeroModelItem14setCurrentSkinEPK13LogicSkinDataP9MovieClipf,0x410
0x4488b4,_ZN13MapEditorMode18addResourcesToLoadEP16ResourceListener,0x21c
0x448ad0,_ZL12noopGetStatePK13UCharIterator,0x8
0x448ad8,_ZN11SoundSystem14setMusicVolumeEf,0xc
0x448ae4,_ZNK9CSVColumn7getTypeEv,0x8
0x448aec,_ZN14BattleTutorialD2Ev,0x9c
0x448b88,_ZNK15LogicEffectData19getChinaReplacementEv,0x8
0x448b90,_ZN16AllianceWarPopup18customButtonTappedEP10GameButtoni,0x4
0x448b94,_ZN15LogicJSONNumberC2Ei,0x40
0x448bd4,_ZNKSt6__ndk110__function6__funcIZN11AndroidMain9_gameStopEvE4$_17NS_9allocatorIS3_EEFvvEE7__cloneEv,0x38
0x448c0c,_ZNKSt6__ndk110__function6__funcIZN11scTaskQueue3runIZN8TestCase11pressButtonEP12CustomButtonE3$_0EENS_13invoke_resultIT_JEE4typeES9_EUlvE_NS_9allocatorISC_EEFvvEE11target_typeEv,0xc
0x448c18,_ZN17LogicDebugCommandC2Ei,0x5c
0x448c74,_ZN17UnlockAccountMenuD2Ev,0x74
0x448ce8,_ZN11VanityItems3hasEPK9LogicData,0x3c
0x448d24,_ZNK37KunlunBillingProcessedByServerMessage9getProdIdEv,0x8
0x448d2c,_ZN15StarPointsPopupD0Ev,0xbc
0x448de8,_ZL4cmplPKvS0_,0x44
0x448e2c,_ZNK8Viewport7projectERK7Vector3IfERK9xMatrix44S6_,0x110
0x448f3c,_ZN11DragHandlerC2Effff,0x160
0x44909c,_ZN6icu_5822UCharCharacterIteratorC2EPKtii,0x6c
0x449108,_ZN13YoozooManager10createRoleEv,0xd4
0x4491dc,_ZN15PepperEncrypter7encryptEPKcPci,0x88
0x449264,_ZN13LogicTimeUtil19getSecondsSince1970Ev,0x14
0x449278,_ZN20LogicCharacterServer18handleDelayedDeathEv,0x144
0x4493bc,_ZN8Databind16JSONOutReflector12reflectArrayEiRK6String,0x74
0x449430,_ZN8GameMain22createShapeFromTextureEP7GLImage,0x128
0x449558,_ZN16ImpostorMaterial4bindERK14ColorTransform,0x12c
0x449684,_ZN15ResourceManager7getJSONERK6String,0x4c
0x4496d0,_ZN15BrawlPassButton7refreshEb,0x9e4
0x44a0b4,_ZN5titan3com9supercell2id21IdPendingRegistrationC2EP8_jobject,0xbc
0x44a170,_ZN6icu_5823StringCharacterIteratorC2Ev,0x48
0x44a1b8,_ZNK33GetCurrentBattleReplayDataMessage14getMessageTypeEv,0x8
0x44a1c0,_ZN12FriendsPopup25getGreenNotificationCountEv,0x1c
0x44a1dc,_ZNK18LogicCharacterData31meleeAutoattackDoesSplashDamageEv,0x10
0x44a1ec,_ZN26CreateAccountFailedMessage18getServiceNodeTypeEv,0x8
0x44a1f4,_ZN17HeroSwipeSelector13buttonClickedEP12CustomButton,0x50
0x44a244,_ZN17ReportUserMessageC2Ei,0x34
0x44a278,_ZN6Sprite13touchReleasedERK5Touch,0x20
0x44a298,_ZNK27DonationReceivedStreamEntry6encodeEP15ChecksumEncoder,0x34
0x44a2cc,_ZN12ShopItemAnim12getAnimStateEv,0x3c
0x44a308,_uprv_pow_58,0x4
0x44a30c,_ZN9TextFieldC2Ev,0xd8
0x44a3e4,_ZN22ChronosResourceManager20getRelativeCachePathEiRK6String,0xc0
0x44a4a4,_ZThn8_NK24IapDisclaimerItemHandler16getAnalyticsNameEv,0x80
0x44a524,_ZN21LogicBattleModeClient29getTimeSinceLastprocessedTickEv,0x3c
0x44a560,_ZN20LogicCharacterServer11applyPoisonEiiibPS_ib,0x4
0x44a564,_ZN27AskForAllianceStreamMessage8destructEv,0x4
0x44a568,_ZN13AnalyticEvent9setStringERK6StringS2_,0x6c
0x44a5d4,_ZN14LobbyInfoEntryC2EP10ByteStream,0x8c
0x44a660,_ZNSt6__ndk110__function6__funcIZN11scTaskQueue3runIZN8TestCase11touchSpriteEP6SpriteE3$_2EENS_13invoke_resultIT_JEE4typeES9_EUlvE_NS_9allocatorISC_EEFvvEE7destroyEv,0x4
0x44a664,_ZNSt6__ndk110__function6__funcIZ39Java_com_supercell_titan_Kakao_loggedInE3$_0NS_9allocatorIS2_EEFvvEED2Ev,0x44
0x44a6a8,_ZN17HighRateUdpPacket9setSenderEPKv,0x8
0x44a6b0,_ZL12getDataBlockP9UNewTrie2ia,0x270
0x44a920,_tr_init,0x48
0x44a968,_ZN29LookForGameRoomRequestMessage18getServiceNodeTypeEv,0x8
0x44a970,_ZNKSt6__ndk110__function6__funcIZ50Java_com_supercell_titan_GameApp_handleDeeplinkURLE3$_0NS_9allocatorIS2_EEFbvEE6targetERKSt9type_info,0x1c
0x44a98c,_ZNK27SCIDLogoutAllDevicesMessage14getMessageTypeEv,0x8
0x44a994,_ZN9sc3dWorld9setCameraEP15sc3dWorldCamera,0x18
0x44a9ac,_ZN9InitState5enterEv,0xec
0x44aa98,_ZN12GenericPopup17moveCenteredToTopEP13DisplayObject,0x88
0x44ab20,_ZN27PlayerMapInfoUpdatedMessageC2Ev,0x44
0x44ab64,_ZNK16OutOfSyncMessage14getMessageTypeEv,0x8
0x44ab6c,_ZN23LogicCharacterClientOwn10pathfindToEiiP12LogicVector2P15LogicPathFinderb,0x1190
0x44bcfc,_ZN31PreviewBrawlerOrSkinRewardPopupD2Ev,0x58
0x44bd54,_ZN19NotificationManager18setDeviceTokenSentEb,0xc
0x44bd60,_ZN10HomeScreen20doubleCoinsIncreasedEv,0x24
0x44bd84,_ZN19LogicRawInReflector20reflectStringBuilderER13StringBuilderPKc,0x60
0x44bde4,_ZN21RankedCoinFlipOverlay10getChildTFERK6String,0x88
0x44be6c,_ZNK13TitanInStream14getDataPointerEv,0x8
0x44be74,_ZN9AntiCheat10isTamperedEv,0x6c
0x44bee0,_ZN13LogicSkinData15setPushBackAnimERK6String,0x8
0x44bee8,_ZNK6icu_5821RuleCharacterIterator6getPosERNS0_3PosE,0x20
0x44bf08,_ZN3GUI16setValueWithIconEP9MovieClipP9TextFieldRK6String,0x80
0x44bf88,_ZN15LogicDataTables12getWindSoundEv,0xc
0x44bf94,_ZNK4Rect8getWidthEv,0x10
0x44bfa4,_ZN19DataGainedExecutionD2Ev,0x28
0x44bfcc,_ZN11SCIDWebView12jsonToStringEP15LogicJSONObject,0x80
0x44c04c,_ZN11SCIDWebView13callbackErrorERK6StringS2_,0x7c
0x44c0c8,_ZN12scZlibFilterD0Ev,0x24
0x44c0ec,_ZNK21LogicProjectileServer20shouldCheckCollisionEv,0x48
0x44c134,_ZN8Renderer11setViewportEiiii,0x24
0x44c158,_ZN23FriendListUpdateMessageC2Ei,0x38
0x44c190,_ZN15UILoadMovieClipD2Ev,0x44
0x44c1d4,_ZNK18LogicChallengeData11getStageTIDEv,0x10
0x44c1e4,_ZN10ScoresPageD0Ev,0x98
0x44c27c,_ZL8growAabbR7Vector3IfES1_PK9sc3dWorld,0x108
0x44c384,_ZNK9MovieClip13getMSPerFrameEv,0x8
0x44c38c,_ZNK10HomeScreen28checkAndPromptForDemoAccountEv,0x6c
0x44c3f8,_ZN17TencentLoginStateD0Ev,0x24
0x44c41c,_ZN7UIPopup6updateEf,0x1c
0x44c438,_ZN13EffectManagerC2EP12RenderSystem,0x1c
0x44c454,_ZN16BattleEndMessage22createDummyCoopPlayersEi,0x1d4
0x44c628,_ZNK5lzham12lzcompressor5state19get_rep_match_costsEjPyjiij,0x1f8
0x44c820,_ZN15LogicClientHome15loadingFinishedEv,0x4
0x44c824,_ZN24LatencyTestResultMessage6decodeEv,0x9c
0x44c8c0,_ZN11DragHandler8getSpeedEv,0x38
0x44c8f8,_dexTampered,0x14
0x44c90c,_ZN11ContextMenu22suggestBrawlerToTargetEv,0x70
0x44c97c,_lv1_detect_frida_server__ZL19create_guard_threadv,0xb8
0x44ca34,_ZN11LineManager16destructInstanceEv,0x34
0x44ca68,_ZN19SelectLocationPopup30updateEnabledCategoryShortcutsEv,0x170
0x44cbd8,_ZN19DebugPerformanceHudD2Ev,0x33c
0x44cf14,_ZNK8Animator12getAnimationEi,0x38
0x44cf4c,_ZN18SequencedExecution6updateEf,0x15c
0x44d0a8,_ZN5titan3com9supercell2id14IdIngameFriendC2ERK6StringS6_S6_S6_S6_b,0xdc
0x44d184,_ZN18MiniOfferTimerItemD2Ev,0x10
0x44d194,_ZN25LogicDiamondsAddedCommand7executeEP13LogicHomeModeib,0xe0
0x44d274,_ZN10TestRunner11getScenarioEv,0xc
0x44d280,_ZN13HeroInfoPopupC2EiPK18LogicCharacterData,0x478
0x44d6f8,_ZN37LogicPurchaseHeroLvlUpMaterialCommand6decodeEP10ByteStream,0x38
0x44d730,_ZNK11ContextMenu6isOpenEv,0x38
0x44d768,_u_strToJavaModifiedUTF8_58,0x424
0x44db8c,_ZN21CreateAllianceMessage20setAllianceBadgeDataEPK22LogicAllianceBadgeData,0x8
0x44db94,_ZN6icu_587UVector11setComparerEPFa8UElementS1_E,0x10
0x44dba4,_ZNK22LogicLocationThemeData11getMapWidthEv,0x10
0x44dbb4,_ZN6Effect8setAngleEi,0x68
0x44dc1c,_ZN8ValueRefC2ERK6StringiiPvPKcS2_,0x188
0x44dda4,_ZN11hb_buffer_t13remove_outputEv,0x20
0x44ddc4,_ZN10InputField17setCursorPositionEi,0x10
0x44ddd4,_ZNK14LogicDailyData21areTicketPacksVisibleEPK13LogicHomeMode,0x8
0x44dddc,_ZN14BillingManager33billingKunlunPurchaseWindowClosedERK6StringS2_i,0x138
0x44df14,_Z11freeifaddrsP7ifaddrs,0x68
0x44df7c,_ZN27LogicPlayerRankedSeasonData16updateRewardDataERK17LogicRewardConfigi,0x1b4
0x44e130,_ZN11AndroidMain7onPauseEv,0x30
0x44e160,_ZN15DeeplinkManager14handleDeeplinkERK6Stringb,0xdc0
0x44ef20,_ZN6String6formatEPKcz,0x74
0x44ef94,_ZN16TrophyRoadButtonC2EP10GameButton,0x30
0x44efc4,_ZN15LogicDataTables25getPictoEmoteForCharacterEPK18LogicCharacterData,0xd8
0x44f09c,_uprv_getCharNameCharacters_58,0x10c
0x44f1a8,_ZN15FacebookManager14refreshFriendsEv,0x78
0x44f220,_ZN5tween6Linear6easeInEffff,0x10
0x44f230,_ZNK20LogicCharacterServer18getRapidFireSpreadEv,0x8
0x44f238,_ZN20DeviceLinkInfoScreen6updateEf,0x4
0x44f23c,_ZN19EnvironmentRenderer24setMapEditorTilePositionEiffff,0x198
0x44f3d4,_ZN21JoinRequestStreamItem13updateVisibleEf,0x4
0x44f3d8,_ZNK4Node22getLocalTransformationEfff,0x2c0
0x44f698,_ZN12SkinListItemD2Ev,0xa4
0x44f73c,_ZNSt6__ndk110__function6__funcIZN21RankedTeamSelectPopup6updateEfE3$_0NS_9allocatorIS3_EEFP9ExecutionvEE7destroyEv,0x4
0x44f740,_Java_com_supercell_titan_GameApp_setTencentDiffLogin,0x38
0x44f778,_ZN27TeamToggleMemberSideMessage6decodeEv,0x1a8
0x44f920,_ZNK7PageGUI14getCurrentPageEv,0x14
0x44f934,_ZN16AllianceWarPopup7initMapEv,0x9c
0x44f9d0,_ZN8HomePage10getOwnTeamEv,0x3c
0x44fa0c,_ZN21SkinPreviewSaveButtonC2ENS_4TypeE,0x34
0x44fa40,_utrie2_getVersion_58,0x94
0x44fad4,_ZN7Popover15addGUIContainerEP16DropGUIContainer,0x1b8
0x44fc8c,_ZN32RankedMatchPickHeroFailedMessageC2Ev,0x44
0x44fcd0,_ZN21LogicBattleModeServer18requestCancelMatchEv,0x70
0x44fd40,_ZNKSt6__ndk110__function6__funcIZN8TestCase9touchDownER5TouchE4$_15NS_9allocatorIS5_EEFvvEE7__cloneEv,0x60
0x44fda0,_ZN12SupercellSWF24cacheCompressedByteArrayEiPhb,0x50
0x44fdf0,_ZN7Offline23setOfflineLocationIndexEi,0x68
0x44fe58,_ZN26AllianceStreamEntryMessage8destructEv,0x50
0x44fea8,_ZN11wendelstein7Emitter4tickERNS_17IParticleRendererE,0x39c
0x450244,_ZNKSt6__ndk110__function6__funcIZN11AndroidMain10_gameStartEvE4$_14NS_9allocatorIS3_EEFvvEE11target_typeEv,0xc
0x450250,_ZN29scMultithreadedLoadingManagerD2Ev,0xac
0x4502fc,_ZN27KunlunBillingRequestMessageC2Ei,0xa0
0x45039c,_ZN22ShutdownStartedMessageC2Ev,0x34
0x4503d0,_ZN12BattleScreen22updateTrajectorySpriteEP23LogicCharacterClientOwnPK14LogicSkillDatabb,0xa18
0x450de8,_ZN24SkinCampaignGroupHandlerD2Ev,0xdc
0x450ec4,_ZN9sc3dWorld4drawERK9xMatrix44iRK14ColorTransformPNSt6__ndk16vectorIP15sc3dWorldObjectNS6_9allocatorIS9_EEEE,0x424
0x4512e8,_ZN35BuyBundleBillingPackResponseMessageC2Ev,0x38
0x451320,_ZN12CsvPatchData30addColumnsFromNameArrayToTableEPK14LogicJSONArrayiP8CSVTable,0x70
0x451390,_ZN17LogicPoisonServer12getTickCountEi,0x14
0x4513a4,_ZN15LogicDataTables16getAllAnimationsEP14LogicArrayListIPK18LogicAnimationDataE,0x1a0
0x451544,_ures_openAvailableLocales_58,0x144
0x451688,_ZZN7GLImage6createEPKhi9ImageWrap11ImageFilterENK3$_4clEv,0x2ac
0x451934,_ZN18LogicPlayerMapUtil27isPlayerEligibleToCreateMapEPK13LogicConfDataPK14LogicDailyData,0x40
0x451974,_ZN24SetInvitesBlockedMessageC2Ev,0x34
0x4519a8,_ZN30ProLeagueSeasonEndNotification8destructEv,0x28
0x4519d0,_ZN9CombatHUD11handleKillsEf,0x4b0
0x451e80,_ZNK37LogicGemNameChangeStateChangedCommand14getCommandTypeEv,0x8
0x451e88,_ZN12AllianceInfo7setStatERK6StringS2_S2_,0x68
0x451ef0,_Java_com_supercell_titan_NativeFacebookManager_facebookLogged,0x60
0x451f50,_hb_ft_font_get_load_flags,0x28
0x451f78,_ZNKSt6__ndk110__function6__funcIZN14SceneCharacter6updateEfE3$_0NS_9allocatorIS3_EEFvvEE7__cloneEPNS0_6__baseIS6_EE,0x18
0x451f90,_ZN8CSVTable16addColumnAndTypeERK6Stringi,0x74
0x452004,_ZN16SetRegionMessage8destructEv,0x28
0x45202c,_ZN12GenericPopup12setTitle2TidERK6String,0x6c
0x452098,_ZN27ChatToAllianceStreamMessage6encodeEv,0x28
0x4520c0,_ZN37LogicPurchaseHeroLvlUpMaterialCommand17getMaterialAmountEP15LogicClientHomei,0x28
0x4520e8,_ZN25AcceptFriendFailedMessage12setErrorCodeEi,0x8
0x4520f0,_ZNK9InitState15getLoadingTitleEv,0x44
0x452134,_ZN16AllianceWarPopupD2Ev,0x124
0x452258,_ZN8Settings12setUltiScaleEf,0x78
0x4522d0,_ZN24LogicParticleEmitterData16createReferencesEv,0x5c
0x45232c,_ZN30LineAccountAlreadyBoundMessage6encodeEv,0x7c
0x4523a8,_ZN16BattleEndMessage12getOwnPlayerEv,0x38
0x4523e0,_ZN7Offline17applyOfflineStateEv,0x4
0x4523e4,_ZN5titan3com9supercell5titan11SupercellIdC2EP8_jobject,0xbc
0x4524a0,_ZNSt6__ndk127__insertion_sort_incompleteIRZN24LocalNotificationManager20refreshNotificationsEvE3$_0PNS1_10sNotifDataEEEbT0_S6_T_,0x344
0x4527e4,_ZN26KakaoAccountUnboundMessage6encodeEv,0x4
0x4527e8,_ZN8Debugger27enableContentValidationModeEb,0x10
0x4527f8,_ZN15VanityItemEntry7hasPropEi,0x44
0x45283c,_ZN10StreamItem16createStreamItemEP11StreamEntryb,0x184
0x4529c0,_ZN21RankedTeamSelectPopup12getChildClipERK6String,0x88
0x452a48,_ZN6Assert10getHandlerEv,0x5c
0x452aa4,_ZNK14LogicDataTable11getItemByIdEi,0xf0
0x452b94,_ZN18DeliveryCardsPopup26getRemainingDropCountInCtgEi,0x264
0x452df8,_ZN12GemOfferItem10setupEmoteEPK14LogicEmoteDataP9MovieClipS4_S4_,0x344
0x45313c,_ZN16TrophyRoadButton13getTrophyIconEv,0x8
0x453144,_ZN15LogicDataTables20getUltiChangedEffectEv,0xc
0x453150,_ZN12scFilesystem12layerRemovedERKNSt6__ndk110shared_ptrI17scAbstractFSLayerEE,0x110
0x453260,_ZN11TeamManager12getOwnMemberEv,0x58
0x4532b8,_ZN23DynamicTextFieldWrapper8setColorEi,0xc
0x4532c4,_ZN13LoadingScreenC2Ev,0x64
0x453328,_ZN13PlayAnimation13setStartFrameERK6String,0x28
0x453350,_ZN30JoinRequestAllianceStreamEntry6decodeEP10ByteStream,0x90
0x4533e0,_ZNK10Connection16getInterfaceNameEv,0x13c
0x45351c,_ZN14ShadowRenderer15endPointCompareEPKNS_8EndPointES2_,0x34
0x453550,_ZN20LogicCharacterServer18interruptAllSkillsEb,0xb0
0x453600,_ZNK6icu_5815Normalizer2Impl14decomposeShortEPKtS2_RNS_16ReorderingBufferER10UErrorCode,0x14c
0x45374c,_ZN8Selfhelp8onResizeEv,0x6c
0x4537b8,_ZN5lzham18lzham_decompressor4initEv,0x90
0x453848,_ZN13TextureSystem9AtlasItem10getTextureEi,0x20
0x453868,_ZN16OutOfSyncMessage6encodeEv,0x44
0x4538ac,_ZN11RenderQueue16setOpaqueSortingENS_7SortingE,0x8
0x4538b4,_ZN31AskForBattleReplayStreamMessage9setHomeIdEP9LogicLong,0x8
0x4538bc,_ZNK18LogicNameColorData8getColorEv,0xb0
0x45396c,_ZN8Databind12DatabindTree13recursiveSaveEPNS_16DatabindTreeNodeE,0x1fc
0x453b68,_ZNK21LogicTutorialStepData33getSpeechBubbleCharacterMovieClipEv,0x10
0x453b78,_ZNK26RankedMidSeasonRewardPopup12getPopupTypeEv,0x8
0x453b80,_ZN17ShopSkinTeaseItem21beforeSizeCalculationEv,0x48
0x453bc8,_ZNK19LogicProjectileData11isBoomerangEv,0x8
0x453bd0,_ZN20OnlineFriendsManagerD0Ev,0x4
0x453bd4,_ZN12RenderSystem13touchReleasedERK5Touch,0x68
0x453c3c,_Z9xCRC32StrPKcRj,0x48
0x453c84,_ZN19SupercellIdCallback16toIdIngameFriendERK6StringS2_S2_S2_S2_b,0xac
0x453d30,_ZNK22LogicAllianceBadgeData20isValidAllianceBadgeEPK17LogicClientAvatar,0x8
0x453d38,_Z17distancePtPolygonRK7Vector2IfEPS1_jRS0_,0x158
0x453e90,_ZN21MapEditorModifierItemD2Ev,0xa8
0x453f38,_ZN13StringBuilder15appendCodePointEi,0x164
0x45409c,_ZNK22CreateAccountOkMessage21getAccountIdHigherIntEv,0x8
0x4540a4,_ZN15LaserBoxManager23hasContentForEsportsTabEv,0x9c
0x454140,_ZN27PersonalBreakStartedMessage20setSecondsUntilBreakEi,0x8
0x454148,_ZN31BillingCancelledByClientMessageC2Ei,0x30
0x454178,_ZN8Databind8Migrator25reflectAndMigrateToLatestERNS_9ReflectorEiPv,0x188
0x454300,_ZN4Node11setKeyFrameEiRK8KeyFrame,0x20
0x454320,_ZNK18LogicCharacterData20getUltiChargeUltiMulEv,0xc
0x45432c,_ZN15AllianceManager18getFeaturingWeightEP12OnlinePlayer,0x1e4
0x454510,_ZN14BrawlPassPopup6updateEf,0x574
0x454a84,_ZN14TitanInputFile7isAssetEPKc,0xfc
0x454b80,_ZNK6icu_5815Normalizer2Impl16getCanonStartSetEi,0x1c
0x454b9c,_ZN14BattleEndPopup23refreshQuestPageCounterEv,0x4f4
0x455090,_ZN16TeamErrorMessage18getServiceNodeTypeEv,0x8
0x455098,_ZThn96_N14BattleTutorial13buttonClickedEP12CustomButton,0x4
0x45509c,_ZN15ResourceManager31loadFilesNeededForTidValidationERK6StringS2_,0x238
0x4552d4,_ZN27LogicChangeResourcesCommand6decodeEP10ByteStream,0x50
0x455324,_ZN9xMatrix443setEffffffffffffffff,0x44
0x455368,_ZN14BrawlPassPopup19getFirstCollectableEP14LogicArrayListIP8RankItemE,0x64
0x4553cc,_ZNK11LogicPlayer19getDamageDoneToPetsEv,0x3c
0x455408,_ZNK18LogicClientGlobals26getNextRatingDialogXpLevelEi,0x38
0x455440,_u_isgraphPOSIX_58,0x88
0x4554c8,_ZNK12scFilesystem8openFileEPKci,0x28
0x4554f0,_ZNKSt6__ndk110__function6__funcIZN29scMultithreadedLoadingManager6submitEP14scResourceDataRK18scResourceLoadInfoE3$_0NS_9allocatorIS8_EEFvvEE6targetERKSt9type_info,0x1c
0x45550c,_ZN25BindTencentAccountMessage6decodeEv,0xa4
0x4555b0,_ZNK14MessageManager20canStartLatencyTestsEv,0x60
0x455610,_utrie2_cloneAsThawed_58,0x1f4
0x455804,_ZN5lzham18search_accelerator15add_bytes_beginEjPKh,0x94
0x455898,_ZNK11wendelstein21DecelerationComponent14getFeatureBitsEv,0x8
0x4558a0,_ZNK28LogicLongToCodeConverterUtil7convertERK6String,0xb4
0x455954,_ZNK6icu_5811LocaleBased9getLocaleE18ULocDataLocaleTypeR10UErrorCode,0x64
0x4559b8,_u_strchr_58,0x8c
0x455a44,_ZN22HeroRewardNotification8destructEv,0x24
0x455a68,_ZN17LogicClientAvatar16getDefaultAvatarEP25LogicAvatarChangeListenerbb,0x330
0x455d98,_ZN29SendAllianceInvitationMessage8destructEv,0x30
0x455dc8,_hb_font_get_glyph_v_advance,0x18
0x455de0,_ZN11StringTable34shouldUseChinaVersionOverrideForCNEv,0x5c
0x455e3c,_Z10getifaddrsPP7ifaddrs,0x310
0x45614c,_ZN4asio6detail8write_opINS_19basic_stream_socketINS_2ip3tcpENS_15any_io_executorEEENS_17mutable_buffers_1EPKNS_14mutable_bufferENS0_14transfer_all_tEZN9Messaging15encryptAndWriteEP14PiranhaMessageE3$_5EclERKNSt6__ndk110error_codeEmi,0x25c
0x4563a8,_ZN19TeamSpectateMessage6decodeEv,0x48
0x4563f0,_ZN12jpeg_decoder14coeff_buf_getpEP13coeff_buf_tagii,0x4c
0x45643c,_ZN24AllianceJoinRequestPopup13touchReleasedERK5Touch,0x38
0x456474,_ZN24LoginUsingSessionMessage20setClientGameVersionEi,0x8
0x45647c,_ZN13FriendsScreen12friendTappedEP10FriendItem,0xb8
0x456578,_ZL14utf8TextAccessP5UTextla,0x778
0x456cf0,_ZN8TestCase10isBadTouchER5Touch,0x30
0x456d20,_ZN17EventDetailsPopupC2EPK17LogicLocationDataPK9EventDataPK14LogicPlayerMapPK20LogicBattlePlayerMap,0x128
0x456e48,_ZN27YoozooOrderAvailableMessageC2Ei,0x30
0x456e78,_ZN12SkinListItem10setVisibleEP13DisplayObjectb,0x10
0x456e88,_ZNK24LogicParticleEmitterData22getParticleMinIntervalEv,0x10
0x456e98,_ZN10TestRunnerD2Ev,0xb0
0x456f48,_ZN5titan4java2io14FileDescriptorC2EP8_jobject,0xbc
0x457004,_ZNSt6__ndk110__function6__funcIZN29scMultithreadedLoadingManager18initResourceThreadEvE3$_2NS_9allocatorIS3_EEFvvEED0Ev,0x4
0x457008,_ZNK17OnlineFriendsList9isPanningEv,0x10
0x457018,_ZN11FriendEntry8setScoreEi,0x8
0x457020,_ZNSt6__ndk110__function6__funcIZN19SupercellIdCallback18openSelfHelpPortalEP8_jobjectE4$_12NS_9allocatorIS5_EEFvvEED0Ev,0x4
0x457024,_hb_shape_plan_set_user_data,0x38
0x45705c,_ZN12WaitingPopupD2Ev,0xa4
0x457100,_ZN5lzham11lzham_timer5startEy,0x18
0x457118,_ZL26changesWhenNFKC_CasefoldedRK14BinaryPropertyi9UProperty,0x1c4
0x4572dc,_ZN13YoozooManager25refreshPlayerAvatarParamsEPK17LogicClientAvatar,0x64
0x457340,_ZNKSt6__ndk110__function6__funcIZN10SWFTexture4loadEP12SupercellSWFbibbbbRK6StringE3$_1NS_9allocatorIS8_EEFvvEE11target_typeEv,0xc
0x45734c,_ZN14LogicThemeDataC2EP6CSVRowP14LogicDataTable,0x30
0x45737c,_ZThn96_N28DeviceLinkCodeReceivedScreen13buttonClickedEP12CustomButton,0x8
0x457384,_ZN24LoginUsingSessionMessage9setSourceEP6String,0x8
0x45738c,_ZL13isPOSIX_alnumRK14BinaryPropertyi9UProperty,0x8
0x457394,_ZNK10LZMAReader19getUncompressedSizeEv,0x10
0x4573a4,_ZN21ChronosResourceFolder17downloadResourcesEP14LogicArrayListIPK16ChronosFileEntryERKNSt6__ndk13setI6StringNS6_4lessIS8_EENS6_9allocatorIS8_EEEE,0x3e8
0x45778c,_ZN22AddFriendFailedMessage6encodeEv,0x28
0x4577b4,_ZN9BadgeItemC2EPK22LogicAllianceBadgeData,0x7c
0x457830,_ZN19BrawlPassSeasonData23getUnclaimedRewardCountEPK13LogicHomeMode,0x108
0x457938,_ZN16DataLoaderShader6reloadEv,0x108
0x457a40,_ZN31TeamChangeMemberSettingsMessageC2EPK13LogicCardDataPK13LogicSkinData,0x44
0x457a84,_ZN13SimpleWebview6updateEf,0x54
0x457ad8,_ZN29TeamStreamEntryRemovedMessageC2Ev,0x34
0x457b0c,_ZN31TeamChangeMemberSettingsMessageC2Ev,0x34
0x457b40,_ZN12LoginMessage20setPreferredLanguageEPK15LogicLocaleData,0x8
0x457b48,_ZN15ResourceManager14resourceToLoadEv,0x1c
0x457b64,_ZN14AllianceSearchD0Ev,0x24
0x457b88,_ZN22TeamPremadeChatMessage11setTargetIdEP9LogicLong,0x30
0x457bb8,_ZNK19LogicMappedCSVTable6getRowERK6String,0xd4
0x457c8c,_ZNK31CafeBazaarBillingRequestMessage15getCurrencyCodeEv,0x8
0x457c94,_ZN12LogicPinData8destructEv,0x4
0x457c98,_ZN7MainHUD15showTextPopoverERK6StringP13DisplayObjectiiifbb,0xc0
0x457d58,_ZN15LogicClientHome18consumeVideoAdViewEv,0xc
0x457d64,_ZL38hb_font_get_variation_glyph_trampolineP9hb_font_tPvjjPjS1_,0xc
0x457d70,_ZNK36AppleBillingProcessedByServerMessage14getMessageTypeEv,0x8
0x457d78,_ZN20LogicCharacterServer11stopGrappleEv,0x4
0x457d7c,_ZN13LogicSkinData11setIdleAnimERK6String,0x8
0x457d84,_ZNK12LoginMessage16getClientVersionEv,0x8
0x457d8c,_ZN7WarNodeD0Ev,0x58
0x457de4,_ZN8HeroList12getScrollPosEv,0x24
0x457e08,_ZN11TeamManagerD2Ev,0x3e8
0x4581f0,_ZN6icu_589BytesTrie4nextEPKci,0x1e4
0x4583d4,_ZNK26LogicGameModeVariationData20getBannerOverrideSWFEv,0x10
0x4583e4,_ZN12GenericPopup15createContainerERK6Stringi,0x78
0x45845c,_ZN14BattleEndPopup10setVisibleEP18SequencedExecutionP13DisplayObjectbb,0x8c
0x4584e8,_ZN11SkinPreview16clearSkinPreviewEv,0x80
0x458568,_ZN20LogicCharacterServer8addPointEii,0x23c
0x4587a4,_ZN14LogicMapLoader12getTileIndexEiiP11LogicRandom,0x1ec
0x458990,_ZNKSt6__ndk110__function6__funcIZN8TestCase6dragToER5TouchfE4$_17NS_9allocatorIS5_EEFvvEE7__cloneEv,0x60
0x4589f0,_ZNSt6__ndk110__function6__funcIZN19SupercellIdCallback13forgetAccountEP8_jobjectRK6StringS7_E3$_3NS_9allocatorIS8_EEFvvEE18destroy_deallocateEv,0x30
0x458a20,_ZNK8ImageSet15getLoadingCountEv,0x10
0x458a30,_Java_com_supercell_titan_GameApp_nOnDisplayChanged,0x1a8
0x458bd8,_ZN10ScrollAreaD2Ev,0x88
0x458c60,_ZN13LogicConfData11copyIntListEP14LogicArrayListIiES2_,0x170
0x458dd0,_ZN5titan3com9supercell2id13IdShopProduct11getQuantityEv,0x7c
0x458e4c,_ZN30LogicDeviceLinkResponseMessage11setExpLevelEi,0x8
0x458e54,_ZN17LogicClientAvatar15setItemSelectedEPK13LogicCardData,0x168
0x458fbc,_Ppmd7_UpdateBin,0x60
0x45901c,_ZN16PlayerMapManagerC2Ev,0x48
0x459064,_ZN27LogicDeviceLinkErrorMessage12setAllowBackEb,0xc
0x459070,_ZN3GUI14fadeOutPopoverEv,0x54
0x4590c4,_ZN14TencentManager10loginGuestEv,0x40
0x459104,_ZN11DebugLevelsD2Ev,0x58
0x45915c,_ZN31BillingCancelledByClientMessage18getServiceNodeTypeEv,0x8
0x459164,_ZNK26RankedMidSeasonRewardPopup28allowClosingFromModalTappingEv,0x8
0x45916c,_ZN26UnlockAccountFailedMessage12setErrorCodeEi,0x8
0x459174,_ZN36AppleBillingProcessedByServerMessage9setProdIdERK6String,0x8
0x45917c,_ZNK19LogicProjectileData22getGravityForRenderingEv,0x64
0x4591e0,_ZNK18LogicCharacterData9getRedAddEv,0x10
0x4591f0,_ZN6icu_5822UCharCharacterIteratorC2EPKtiiii,0x84
0x459274,_ZN12DeliveryUnit8destructEv,0xd0
0x459344,_ZN5titan7android7content6Intent11addCategoryERK6String,0xb4
0x4593f8,_ZThn96_N9ShopPopup13buttonClickedEP12CustomButton,0x50
0x459448,_ZNSt6__ndk110__function6__funcIZN11scTaskQueue3runIZN8TestCase10getDoTouchEP13DisplayObjectE3$_6EENS_13invoke_resultIT_JEE4typeES9_EUlvE_NS_9allocatorISC_EEFvvEE7destroyEv,0x4
0x45944c,_ZN14BattleLogEntry8destructEv,0x158
0x4595a4,_nti_font_get_style,0x50
0x4595f4,_ZNSt6__ndk110__function6__funcIZN19SupercellIdCallback13forgetAccountEP8_jobjectRK6StringS7_E3$_3NS_9allocatorIS8_EEFvvEED0Ev,0x38
0x45962c,_ZN14ScreenRecorder16destructInstanceEv,0x2c
0x459658,_ZNK29ChangeAllianceSettingsMessage14getMessageTypeEv,0x8
0x459660,_ZNK14LogicEmoteData17getBattleCategoryEv,0x10
0x459670,_ZL13_getVariantExPKccPcia,0x16c
0x4597dc,_ZN36AskForPlayingSupercellFriendsMessage15setSupercellIdsEP14LogicArrayListIP6StringE,0x8
0x4597e4,_uhash_iput_58,0x10
0x4597f4,_ZN10DataGained13setSpawnDelayEf,0x28
0x45981c,_ZN4Rect12movePositionEff,0x20
0x45983c,_ZN5titan3com9supercell5titan19GoogleServiceClientC2EP8_jobject,0xbc
0x4598f8,_uscript_getName_58,0x10
0x459908,_hb_font_get_glyph_v_kerning,0x1c
0x459924,_ZN9TextInput23disableReturnKeyIfEmptyEb,0x4
0x459928,_ZN21LogicBattleModeServer25handleOfflineInputMessageEP18ClientInputMessagei,0x28c
0x459bb4,_ZN9HTTPQueueC2EiP17HTTPQueueListener,0x10c
0x459cc0,_ZN9TextField12setBendAngleEf,0x1c
0x459cdc,_ZNSt6__ndk110__function6__funcIZN8TestCase17getVisibleButtonsEvE3$_3NS_9allocatorIS3_EEFP6SpritevEE7destroyEv,0x4
0x459ce0,_ZNK19LogicProjectileData17getUniquePropertyEv,0x8
0x459ce8,_lv1_frida_killer__ZL27create_library_guard_threadv,0x58
0x459d40,_sub_459D40,0x38
0x459d7c,_sub_459D7C,0x4c
0x459dc8,_ZN26RankedTeamSelectionManager20isPrePickedOwnPlayerEPK18LogicCharacterData,0x60
0x459e28,_ZNK21LogicBattleModeClient10getTileMapEv,0x8
0x459e30,_ZN19BrawlTVWaitingPopup6updateEf,0x120
0x459f50,_ZNK14LogicSkillData20getAreaEffectObject2Ev,0x8
0x459f58,_ZN13StencilSprite6renderER9Matrix2x3R14ColorTransformif,0x9c
0x459ff4,_ZN17LogicSkinConfData19setHeroScreenEffectERK6String,0x14
0x45a008,_ZN20LogicJSONInReflector17reflectNextStringERK6String,0x64
0x45a06c,_ZNK14LogicSoundData30getNonBackgroundVariationCountEv,0x88
0x45a0f4,_ZNK14LogicDailyData20getTotalNewItemCountEv,0x8
0x45a0fc,_ZNK13MapEditorMode18getMapEditorScreenEv,0x8
0x45a104,_ZN14SettingsScreen18setApiTokenVisibleEb,0xf0
0x45a1f4,_ZN15StarPointsPopup18customButtonTappedEP10GameButtoni,0x158
0x45a34c,_ZN15LogicClientHome20addFriendlyStarPowerEPK13LogicCardData,0x13c
0x45a488,_ZN14BrawlTvManager24getBrawlTvTypeFromStringE6String,0x88
0x45a510,_ZThn96_N10ItemsPopup13buttonClickedEP12CustomButton,0x70
0x45a580,_ZNK22CreatePlayerMapMessage10getMapNameEv,0x8
0x45a588,_ZNK12SupercellSWF20getOriginalMovieClipEsPKc,0xc8
0x45a650,_ZN29UdpLatencyTestResponseMessage12removeFillerEv,0x14
0x45a664,_ZN8CSVTable19validateColumnTypesEv,0x70
0x45a6d4,_ZplRK6Stringx,0xe8
0x45a7bc,_ZN25AcceptFriendFailedMessage8destructEv,0x24
0x45a7e0,_ZN10HomeScreen9closeTeamEv,0x10
0x45a7f0,_ZN6icu_589UVector3214setMaxCapacityEi,0x78
0x45a868,_ZNK17LogicDebugCommand16getJSONForReplayEv,0x94
0x45a8fc,_ZNK3GUI12getShopPopupEv,0x98
0x45a994,_u_getPropertyEnum_58,0xc
0x45a9a0,_ZNK17LogicSkinConfData14getHappyEffectEv,0x10
0x45a9b0,_ZN13UnbotifyTitan13onCustomEventEi,0x4
0x45a9b4,_ZN10Connection13writeBlockingEPvi,0x84
0x45aa38,_ZN15LogicJSONNumberC2Ev,0x38
0x45aa70,_ZN4RectD2Ev,0x8
0x45aa78,_u_isdigit_58,0x7c
0x45aaf4,_ZN15LaserBoxManager14setMaintenanceEb,0xc
0x45ab00,_ZN14BattleEndPopup17onPlayAgainStatusEP15PlayAgainStatus,0xd0
0x45abd0,_ZN16HelpshiftManager7showFAQEi,0x48
0x45ac18,_ZN12RenderSystem18addCharacterToNodeERKNSt6__ndk16vectorIP8Sprite3DNS0_9allocatorIS3_EEEEPKcSA_SA_SA_i,0x2f8
0x45af10,_ZN17GameObjectManager11replaceTileEPK13LogicTileDataii,0x6c
0x45af7c,_ZN15SFXSequenceInfo6updateEf,0x1c
0x45af98,_ZN10HeroSprite9HeroEntry15updateAnimationEf,0x430
0x45b3c8,_ZNK14LogicAccessory18getActivationAngleEP20LogicCharacterServer,0x24
0x45b3ec,_ZN36LogicTeamChatMuteStateChangedCommandC2Ev,0x30
0x45b41c,_ZNKSt6__ndk110__function6__funcIZN8TestCase7touchUpEvE4$_18NS_9allocatorIS3_EEFvvEE6targetERKSt9type_info,0x1c
0x45b438,_ZN13LogicHintData16createReferencesEv,0x54
0x45b48c,_ZN13LogicTimeUtil19getMinutesSince1970Ev,0x24
0x45b4b0,_ZN8ValueRef8setValueERK6String,0xac
0x45b55c,_ZN15OfferBundleItem22getFilterTypeForBundleEP16LogicOfferBundle,0x50
0x45b5ac,_ZN10InboxPopup9hasTickerEP16BaseNotification,0x10
0x45b5bc,_ZN17LogicGameModeUtil17isTypeOfBossFightEi,0x18
0x45b5d4,_ZN3SBM7animateEP7SBMMeshS1_fRK6StringPP9xMatrix44,0x398
0x45b96c,_ZNK21LogicTutorialStepData11getUseUltiXEv,0x10
0x45b97c,_ZN13AllianceIntro13buttonClickedEP12CustomButton,0x290
0x45bc0c,_ZN16TrophyRoadButton6updateEf,0x7c
0x45bc88,_ZN6icu_5813UnicodeFilterD0Ev,0x4
0x45bc8c,_ZN17LogicLocalization13setPatchTableEPK8CSVTable,0xd4
0x45bd60,_ZN28UdpBigMessageFragmentMessage22setOriginalMessageTypeEi,0x8
0x45bd68,_ZN20LogicCharacterServer15suppressHealingEii,0x4
0x45bd6c,_ZN14StreamItemList12isMyAvatarIdEPK9LogicLong,0x4c
0x45bdb8,_ZN10LogicOfferC2EPK24LogicBillingPackagesData,0xc
0x45bdc4,_ZN6scglTF9BufferPtrC2ERKN2fx4gltf8DocumentERKNS2_10BufferViewE,0x34
0x45bdf8,_ZN5Track12startSessionEv,0x4
0x45bdfc,_ZN12jpeg_decoder15decode_next_rowEv,0x40c
0x45c208,_ZN8Geometry4readER12SCWFileInputi,0x910
0x45cb18,_ZNSt6__ndk110__function6__funcIZN8TestCase17getVisibleButtonsEvE3$_3NS_9allocatorIS3_EEFP6SpritevEED0Ev,0x4
0x45cb1c,_ZN8RankItem8touchOutEi,0x14
0x45cb30,_ZN11DragHandler4initEffffff,0x1c
0x45cb4c,_ZN20UnmuteChatStreamItem12refreshEntryEP11StreamEntry,0x34
0x45cb80,_ZN5lzham12symbol_codec16decode_peek_bitsEj,0x100
0x45cc80,_ZN21CreateAllianceMessage20getAllianceBadgeDataEv,0x8
0x45cc88,_ZNSt6__ndk110__function6__funcIZ43Java_com_supercell_titan_Kakao_inviteResultE3$_2NS_9allocatorIS2_EEFvvEEclEv,0x34
0x45ccbc,_ZN8NewsPage12swapNewsPageEv,0x4
0x45ccc0,_ZL23uloc_deleteKeyDataEntryPv,0x2c
0x45ccec,_ZN22UpdatePlayerMapMessage6decodeEv,0x3c
0x45cd28,_ZNK16LogicOfferBundle18getItemCountInTypeEi,0x94
0x45cdbc,_ZNK8MainPage15isTutorialStateEv,0x18
0x45cdd4,_ZN14BrawlPassPopup24brawlPassPremiumUnlockedEv,0x208
0x45cfdc,_ZN27YoozooBillingRequestMessageC2Ev,0x44
0x45d020,_ZN20AdjustPackageMessage14setPackageDataEPKci,0x88
0x45d0a8,_ZN6String8allocateEi,0x7c
0x45d124,_ZN11hb_ot_map_t11add_lookupsEP9hb_face_tjjjb,0x1f0
0x45d314,_Z13appRateDialogP16IAppRateListenerRK6StringS3_S3_S3_S3_S3_,0x100
0x45d414,_ZN11PowerUpInfoC2Ev,0xc4
0x45d4d8,_ZN29FacebookAccountUnboundMessage18getServiceNodeTypeEv,0x8
0x45d4e0,_ZNK11FriendEntry15getFriendReasonEv,0x8
0x45d4e8,_ZN3GUI9showPopupEP9PopupBasebbb,0x4b0
0x45d998,_ZN24ResourceReferenceManagerC2Ev,0x24
0x45d9bc,_ZN17LogicGameModeUtil31displayOneHealthbarForBothTeamsEi,0x2c
0x45d9e8,_ZN20UnlockAccountMessage13setUnlockCodeEP6String,0x8
0x45d9f0,_ZNK6icu_5823StringCharacterIterator17getDynamicClassIDEv,0xc
0x45d9fc,_ZN10ScrollArea11setClippingEv,0x80
0x45da7c,_ZN14LoginOkMessage25setStartupCooldownSecondsEi,0x8
0x45da84,_ZN16LogicStringTable11getInstanceEv,0xc
0x45da90,_Z11destroyGamev,0x48
0x45dad8,_ZN6icu_5821umtx_initImplPostInitERNS_9UInitOnceE,0x44
0x45db1c,_ZN6icu_5820DecomposeNormalizer2D0Ev,0x24
0x45db40,_ZN14BattleEndPopup18addElementAppearExEP18SequencedExecutionP9MovieClipb,0x194
0x45dcd4,_Java_com_supercell_titan_GameApp_nRunFromUiThread,0x70
0x45dd44,_ZN5Debug8drawLineERK7Vector2IfES3_jf,0x4
0x45dd48,_ZNK19EnvironmentRenderer27createMovieClipRendererDataEv,0xdc
0x45de24,_ZN31LogicPurchaseDoubleCoinsCommand10canExecuteEPK13LogicHomeMode,0x6c
0x45de90,_ZN14BattleEndPopup22getWinnerTeamExecutionEv,0xdc4
0x45ec68,_nti_formatter_next_run,0x120
0x45ed88,_ZNK10HomeScreen9addEffectEPK15LogicEffectDataff,0x54
0x45eddc,_ZNK6icu_5820UnicodeSetStringSpan11spanNotBackEPKti,0x218
0x45eff4,_ZN8HomePage26addSpeechBubblePanelButtonEP9MovieClip,0x154
0x45f148,_ZNKSt6__ndk110__function6__funcIZN11AndroidMain18onSurfaceDestroyedEvE3$_2NS_9allocatorIS3_EEFvvEE11target_typeEv,0xc
0x45f154,_ZN13LoadingScreen4exitEv,0x54
0x45f1a8,_ZNK6icu_5815RBBISymbolTable6lookupERKNS_13UnicodeStringE,0x54
0x45f1fc,_ZN9PopupBase4initEv,0x3ec
0x45f5e8,_ZN15LogicDataTables11getDataByIdEi,0x58
0x45f640,_ZN16ChatOptionsPopup13touchReleasedERK5Touch,0x18
0x45f658,_ZL24locale_available_cleanupv,0x78
0x45f6d0,_ZNK6icu_5810UnicodeSet11getRangeEndEi,0x18
0x45f6e8,_ZN17LogicSkinConfData16setLobbyLoopFaceERK6String,0x14
0x45f6fc,_ZNSt6__ndk110__function6__funcIZN6scglTF12_GLOBAL__N_111convertGLTFEP7SCWFileRKN2fx4gltf8DocumentERK6StringE3$_0NS_9allocatorISE_EEFvvEEclEv,0x50
0x45f74c,_ZN9UdpSocket6updateEffP25IUdpSocketMessageListener,0x2d8
0x45fa24,_ZNK10HomeScreen15canBuySomethingEv,0x8
0x45fa2c,_ZNKSt6__ndk110__function6__funcIZN11AndroidMain21inputSelectionChangedEiiE4$_11NS_9allocatorIS3_EEFvvEE11target_typeEv,0xc
0x45fa38,_ZNK22LogicLocationThemeData24getDestructableAngleStepEi,0x18
0x45fa50,_ZNKSt6__ndk110__function6__funcIZN8TestCase6dragToER5TouchfE4$_17NS_9allocatorIS5_EEFvvEE11target_typeEv,0xc
0x45fa5c,_ZNK20CreatePlayerMapPopup37getChosenEnvironmentLocationThemeDataEv,0x4c
0x45faa8,_ZN9CombatHUD11setUltiModeEbP23LogicCharacterClientOwn,0x10
0x45fab8,_ZNK21LogicTutorialStepData17getStartLocationYEv,0x10
0x45fac8,_ZN8ItemIcon18displayInfoPopoverEbib,0x20
0x45fae8,_ZThn336_N20UnmuteChatStreamItem13buttonClickedEP12CustomButton,0x78
0x45fb60,_ZN21LogicBattleModeClient9addPlayerEP11LogicPlayer,0x18
0x45fb78,_MatchFinder_ReadIfRequired,0xe8
0x45fc60,_ZN8Databind15JSONInReflector21reflectObjectOptionalERK6Stringb,0x64
0x45fcc4,_ZN44DebugPlayerMapReviewResultOverrideSetMessage8destructEv,0x24
0x45fce8,_ZNSt6__ndk110__function6__funcIZ50Java_com_supercell_titan_GameApp_handleDeeplinkURLE3$_1NS_9allocatorIS2_EEFvvEED2Ev,0x10
0x45fcf8,_Z6myseekPvjS_,0x28
0x45fd20,_ZN8Databind16DatabindTreeNodeD2Ev,0x68
0x45fd88,_ZNKSt6__ndk110__function6__funcIZN11scTaskQueue3runIZN6scglTF12_GLOBAL__N_111convertGLTFEP7SCWFileRKN2fx4gltf8DocumentERK6StringE3$_0EENS_13invoke_resultIT_JEE4typeESI_EUlvE_NS_9allocatorISL_EEFvvEE7__cloneEPNS0_6__baseISO_EE,0x18
0x45fda0,_hb_shape_plan_reference,0x1c
0x45fdbc,_ZN10ScrollArea12setAlignmentEi,0x8
0x45fdc4,_ZN6icu_5813UnicodeString7unBogusEv,0x14
0x45fdd8,_ZN12BattleScreen15updatePullRopesEv,0x514
0x4602ec,_ZNK15LogicClientHome41getTrophiesToUnlockTrophyLimitedEventSlotEi,0x34
0x460320,_ZNK12scFilesystem21fileExistsInPackfilesEPKcb,0x180
0x4604a0,_ZNK19SelectLocationPopup25getMatchingShortcutButtonEP12CustomButton,0x3c
0x4604dc,_ZN10Connection5startEv,0x30
0x46050c,_ZNK18LogicCharacterData19getShadowExportNameEv,0xc
0x460518,_ZN10AreaEffect6updateEf,0xb74
0x46108c,_ZNK25ClientCapabilitiesMessage7getPingEv,0x8
0x461094,_ZNK17OnlineFriendsList12getItemCountEv,0x20
0x4610b4,_ZN22SkinRewardNotification6decodeEP10ByteStream,0x38
0x4610ec,_ZNK18LogicAccessoryData15getCustomObjectEv,0x10
0x4610fc,_ZNK24LogicSetPlayerAgeCommand14getCommandTypeEv,0x8
0x461104,_ZN32RankedMatchUpdateHeroDataMessage6encodeEv,0x44
0x461148,_ZN15LogicDataTables26getLocalNotificationByNameERK6StringPK9LogicData,0x20
0x461168,_ZN18ClientHelloMessage6encodeEv,0x80
0x4611e8,_ZN21GetTokenFriendMessageC2Ei,0x2c
0x461214,_ZN10LogicGoals28getHighestCompletedGoalIndexEiii,0xc0
0x4612d4,_ZL11noopHasNextP13UCharIterator,0x8
0x4612dc,_ZN12SCWFileInput4openEPci,0xc0
0x46139c,_ZNK25SetAllianceCountryMessage14getMessageTypeEv,0x8
0x4613a4,_ZNK16GameObjectSprite8getTileXEv,0x8
0x4613ac,_ZNK5Stage15validateBucketsEPK7GLImage,0x4
0x4613b0,_frida_detected,0x14
0x4613c4,_ZNK17scLocalKeyManager6getKeyEv,0x278
0x46163c,_ZN12WaitingPopup13buttonClickedEP12CustomButton,0x74
0x4616b0,_ZNK18TeamChatController17isFreeTextEnabledEv,0x5c
0x46170c,_ZNSt6__ndk110__function6__funcIZN19SupercellIdCallback14friendsChangedEP8_jobjectP13_jobjectArrayE4$_14NS_9allocatorIS7_EEFvvEE7destroyEv,0x4
0x461710,_ZN11QuestsPopup13getPlayerDataEv,0x1c
0x46172c,_ZN28SkinPreviewTimeControlButton13buttonPressedEv,0x4
0x461730,_ZN36SkinPurchaseOptionRewardNotification6decodeEP10ByteStream,0x58
0x461788,_ZN20BattleEndPreviewMenuD0Ev,0x3c
0x4617c4,_ZNK6icu_5813UnicodeString5cloneEv,0x4c
0x461810,_ZN15TeamJoinMessage18getServiceNodeTypeEv,0x8
0x461818,_ZN29AuthenticationResponseMessage16getAuthenticatedEv,0x8
0x461820,_ZNK12SupercellSWF19isHalfScalePossibleEv,0x8
0x461828,_ZNK12SupercellSWF15getModifiedPathERK6StringS2_,0x94
0x4618bc,_ZN14SceneCharacterD2Ev,0x1ec
0x461aa8,_File_Close,0x30
0x461ad8,_ZN13PlayAnimationD2Ev,0x3c
0x461b14,_ZN14AllianceSearch10setContentEP14LogicArrayListIP19AllianceHeaderEntryE,0x254
0x461d68,_ZN11BasePageGUI14setCurrentPageEi,0x48
0x461db0,_ZN19SupercellIdCallback18isTutorialCompleteEP8_jobject,0x78
0x461e28,_ZNK19LogicProjectileData38shouldIgnoreDamageChangeForSuperChargeEv,0x8
0x461e30,_ZN22AskForBattleEndMessage11clearHeroesEv,0x68
0x461e98,_ZN28LogicSeasonalSkinSectionData12resetStaticsEPK8CSVTable,0x3bc
0x462254,_ZN11Application21appTrackingCanRequestEv,0x8
0x46225c,_ZN12_GLOBAL__N_15array11typeReflectI10GLImageRefEEvRN8Databind9ReflectorERT_P16ResourceListener,0xc0
0x46231c,_ZL18ucharstrenum_countP12UEnumerationP10UErrorCode,0x8
0x462324,_ZN7UIPopup16onHudCloseButtonEv,0xc
0x462330,_ZN28NameChangeConfirmationScreenC2ERK6String,0x318
0x462648,_ZN15sc3dWorldCamera17extractParametersER7Vector3IfES2_S2_S2_RfS3_,0x114
0x46275c,_ZN6icu_5810UnicodeSet15allocateStringsER10UErrorCode,0xac
0x462808,_ZN13UICurrentRootD0Ev,0x4
0x46280c,_ZN14BillingManager17constructInstanceEv,0x30
0x46283c,_ZN12GenericPopupD0Ev,0x24
0x462860,_ZN23AllianceEventStreamItem11getClipNameEbb,0x38
0x462898,_ZN25AcceptFriendFailedMessageC2Ei,0x30
0x4628c8,_ZN15ResourceManager17getAllDataLoadersEv,0x1b0
0x462a78,_ZN22BindLineAccountMessage6decodeEv,0x5c
0x462ad4,_ZN14BillingManager30cancelBundlePricePointPurchaseEi,0x128
0x462bfc,_ZN6icu_5810CharString20appendInvariantCharsERKNS_13UnicodeStringER10UErrorCode,0x104
0x462d00,_ZN28NameChangeConfirmationScreen13buttonClickedEP12CustomButton,0xe0
0x462de0,_ZN15LogicPathFinderC2EP12LogicTileMap,0xb4
0x462e94,_ZN8InStream10computeCRCEji,0x44
0x462ed8,_ZN16ServerConnection9reconnectEv,0xc
0x462ee4,_ZN22MessageDataStreamEntry6decodeEP10ByteStream,0x30
0x462f14,_ZN17HeroSwipeSelector13touchReleasedERK5Touch,0x38
0x462f4c,_ZNK21LogicProjectileServer16getModifiedScaleEi,0x8c
0x462fd8,_ZN14TencentManager17shareFriendInviteERK6StringS2_,0x180
0x463158,_ZL21ures_loc_resetLocalesP12UEnumerationP10UErrorCode,0x14
0x46316c,_ZNSt6__ndk110__function6__funcIZN5titan3com6google7android4play4core5tasks18OnCompleteListener6invokeEP10_jmethodIDP13_jobjectArrayE3$_0NS_9allocatorISE_EEFvRN8safe_jni5ProxyENS8_4TaskEEEclESJ_OSK_,0x154
0x4632c0,_ZNK26LogicLocalNotificationData14getDontCompareEv,0x10
0x4632d0,_ZN18LogicPlayerMapUtil23getModifiersFromMapDataEPK6String,0x3b8
0x463688,_ZN21LogicJSONOutReflector8destructEv,0x40
0x4636c8,_ZN28TencentBillingRequestMessage8destructEv,0x54
0x46371c,_ZN13TextureSprite13setCustomSizeEff,0x10
0x46372c,_ZN11Character3D27activateTransformAnimationsEv,0x80
0x4637ac,_ZNK27ReportAllianceStreamMessage14getMessageTypeEv,0x8
0x4637b4,_ZNSt6__ndk110__function6__funcIZN11AndroidMain14destroySurfaceEvE3$_3NS_9allocatorIS3_EEFvvEE7destroyEv,0x4
0x4637b8,_ZNK14LogicSkillData16getAttackPatternEv,0x10
0x4637c8,_hb_blob_get_data,0x14
0x4637dc,_Java_com_supercell_titan_GameApp_nOnDisplayAdded,0x4
0x4637e0,_ZN20LogicCharacterServer14triggerGrappleEiii,0x4
0x4637e4,_ZNKSt6__ndk110__function6__funcIZN11scTaskQueue3runIZN7GLImage6createEPKhi9ImageWrap11ImageFilterE3$_5EENS_13invoke_resultIT_JEE4typeESB_EUlvE_NS_9allocatorISE_EEFvvEE7__cloneEv,0x38
0x46381c,_ZNK22TeamCreatedStreamEntry6encodeEP15ChecksumEncoder,0x70
0x46388c,_ZN13ShapeOriginal4loadEP12SupercellSWFi,0x2d4
0x463b60,_ZNK17ClientInfoMessage14getMessageTypeEv,0x8
0x463b68,_ZN15DownloadedImage8setStateENS_6eStateE,0x8
0x463b70,_ZN5titan3com9supercell2id14IdPendingLoginC2ERK6StringS6_b,0x80
0x463bf0,_ZN11SCIDManager13initInstallIdEv,0x1e8
0x463dd8,_ZN8Selfhelp17getMarginsAndSizeERiS0_S0_S0_,0x64
0x463e3c,_ZN9NamePopup13touchReleasedERK5Touch,0x3c
0x463e78,_ZN31ChangeAllianceSettingsOkMessage23removeAllianceFullEntryEv,0x10
0x463e88,_ZN11wendelstein19AbstractEmitterData19getFactoryObjectDefEv,0x14
0x463e9c,_ZN10InputField21addForbiddenCharacterERK6String,0x48
0x463ee4,_ZN10LoginState13getSystemFontERK6String,0x58
0x463f3c,_ZN23SendAllianceMailMessageC2Ei,0x34
0x463f70,_ZNK11hb_ot_map_t15collect_lookupsEjP8hb_set_t,0x7c
0x463fec,_ZNK11FontManager13getSystemFontEPKcb,0x148
0x464134,_udata_getInfoSize_58,0x20
0x464154,_ZNK20LogicCharacterServer12getUltiSkillEv,0x18
0x46416c,_ZNK14LogicSkillData32getExecuteFirstAttackImmediatelyEv,0x10
0x46417c,_ZNK19LogicSkinRarityData8getPriceEv,0x10
0x46418c,_ZN34PurchaseOfferHighlightPopupHandler10createItemEi,0x18c
0x464318,_ZN11RadioButton12createButtonEP9MovieClipP15IButtonListener,0xf8
0x464410,_ZN6SCTune16destructInstanceEv,0x34
0x464444,_ZN15LogicDataTables13initDataTableEPK7CSVNodei,0x190
0x4645d4,_ZN10StreamItem15isEventPositiveEi,0x50
0x464624,_ZN22MatchmakeFailedMessageC2Ei,0x38
0x46465c,_ZN18LoginFailedMessage18getServiceNodeTypeEv,0x8
0x464664,_ZN6icu_5813UnicodeString9setToUTF8ENS_11StringPieceE,0x1ec
0x464850,_Buf_Create,0x4c
0x46489c,_ZZN10NativeFont8loadFileEPKcfbbbEN3$_08__invokeEPvS3_,0x18
0x4648b4,_ZN19DebugCommandMessage6encodeEv,0x38
0x4648ec,_ZNK9TeamEntry16hasRoomForInviteEv,0x20
0x46490c,_ZN5Track5eventERK6StringS2_S2_S2_S2_S2_S2_S2_S2_S2_S2_S2_S2_S2_S2_S2_S2_S2_S2_S2_S2_S2_S2_,0x4
0x464910,_ZNKSt6__ndk110__function6__funcIZN11scTaskQueue3runIZN7GLImage14updateSubImageEPKciiiiiiE4$_10EENS_13invoke_resultIT_JEE4typeES9_EUlvE_NS_9allocatorISC_EEFvvEE6targetERKSt9type_info,0x1c
0x46492c,_Bt3_MatchFinder_Skip,0x1d4
0x464b00,_ZN27BadgePreviewAnimationButtonC2Ei,0x34
0x464b34,_ZN12LoginMessage12setOSVersionEP6String,0x8
0x464b3c,_ZN6icu_5813BreakIterator19createTitleInstanceERKNS_6LocaleER10UErrorCode,0x50
0x464b8c,_ZN8InStream8parseUTFEPci,0x54
0x464be0,_ZNSt6__ndk110__function6__funcIZN11AndroidMain15recreateSurfaceEvE3$_4NS_9allocatorIS3_EEFvvEEclEv,0xd8
0x464cb8,_ZN11SCIDWebView20accountBindingFailedEv,0x8c
0x464d44,_ZN12TestReporterD2Ev,0xf4
0x464e38,_ZN7rg_etc110etc1_block13unpack_color5ERjS1_S1_tb,0x48
0x464e80,_ZNK30CreatePlayerMapResponseMessage14getMessageTypeEv,0x8
0x464e88,_ZNK5Stage13isRectVisibleEffff,0x3c
0x464ec4,_ZN10TeamStream6openedEv,0x30
0x464ef4,_ZN3GUID2Ev,0x3ec
0x4652e0,_ZN21LogicJSONOutReflector22reflectNextReflectableEP16LogicReflectablei,0x130
0x465410,_ZN9EntryInfo32getSkinDisplayTypeBasedOnChronosEPK13LogicSkinData,0x84
0x465494,_ZN14ShadowRenderer11addTriangleEffPNS_7SegmentEf,0x2a0
0x465734,_Z23heroItemSort_rarityDescP8HeroItemS0_,0x98
0x4657cc,_ZNK20PlayerMapDeletePopup25showTopHUDRightUnderModalEv,0x8
0x4657d4,_ZN9xMatrix4417createTranslationEfff,0x24
0x4657f8,_ZNK13LogicTileData14getDynamicCodeEv,0x10
0x465808,_ZN17MapEditorTileItemC2EPK13LogicTileData,0x1a0
0x4659a8,_ZN9RankPopupD2Ev,0xe0
0x465a88,_hb_set_get_user_data,0x20
0x465aa8,_ZN18DeliveryCardsPopup26prepareVanityItemExecutionEv,0x234
0x465cdc,_ZN29GamecenterAccountBoundMessage18getServiceNodeTypeEv,0x8
0x465ce4,_ZN28RankedMatchTerminatedMessageC2Ev,0x3c
0x465d20,_ZN11RewardPopup13onCloseButtonEv,0x44
0x465d64,_ZN20LogicCharacterServer12triggerShakeEv,0xc
0x465d70,_ZN16LobbyInfoMessage21getPlayersInMatchmakeEv,0xa0
0x465e10,_ZN13LoadingScreen21updateLoadingProgressEf,0x348
0x466158,_ZN8Databind23NlohmannJsonInReflector8destructEv,0x40
0x466198,_ZNK3GUI33getTotalPendingDataGainedByTargetEN10DataGained6TargetE,0xc4
0x46625c,_ZN7Profile12ScopedTiming4pushEPKcNSt6__ndk112basic_stringIcNS3_11char_traitsIcEENS3_9allocatorIcEEEE,0x200
0x46645c,_ZN18HighRateUdpMessage17setPiranhaMessageEP14PiranhaMessage,0x58
0x4664b4,_ZN17LogicLocalization17getLocalizedValueEP6CSVRowi,0x198
0x46664c,_ZN9Messaging11writeHeaderEP14PiranhaMessagePvi,0xac
0x4666f8,_ZN9LogicMath11getRotatedYEiii,0xf8
0x4667f0,_ZN16MapPreviewButtonC2EPK17LogicLocationData,0x34
0x466824,_ZN12VertexBuffer9createVboEPKvj,0xa4
0x4668c8,_ZN9TeamPopup28enableLocaleBasedClipVariantEP9MovieClipb,0x114
0x4669dc,_ZN28UdpBigMessageFragmentMessage16setFragmentBytesEPci,0xc
0x4669e8,_ZN5Trace11constructorC2Ev,0x4
0x4669ec,_ZN10PlayerInfo12touchPressedERK5Touch,0x34
0x466a20,_ZNK17LogicShopItemData22getOfferAssetRankLargeEv,0x10
0x466a30,_ZN8Debugger19isUrlValidationModeEv,0xc
0x466a3c,_ZN24AcceptTokenFriendMessageC2Ev,0x34
0x466a70,_ZThn96_N17FriendRequestItem13buttonClickedEP12CustomButton,0x8
0x466a78,_ZL15parse_proc_mapsPKcS0_PFviE,0xe8
0x466b60,_ZNK15AllianceManager17getMyAllianceRoleEv,0x18
0x466b78,_ZNK23SCIDAccountBoundMessage14getMessageTypeEv,0x8
0x466b80,_ZN16ClanMessagePopup7keyDownEi,0x8
0x466b88,_ZN22ClientContentValidator16validateCSVTableEPK8CSVTableRK6String,0x644
0x4671cc,_ZNKSt6__ndk110__function6__funcIZN11scTaskQueue3runIZN11AndroidMain9_gameStopEvE4$_17EENS_13invoke_resultIT_JEE4typeES7_EUlvE_NS_9allocatorISA_EEFvvEE11target_typeEv,0xc
0x4671d8,_u_isspace_58,0xc0
0x467298,_ZN4Font16setColorModifierEihhh,0x34
0x4672cc,_ZN10SCTuneImpl6updateEv,0x21c
0x4674e8,_ZN15sc3dWorldObject15setAttachToBoneEib,0x9c
0x467584,_ZN15sc3dWorldObject6setYawEf,0x5c
0x4675e0,_ZN5titan3com9supercell5titan11SupercellId17openPublicProfileERK6String,0xac
0x46768c,_ZN10NativeFont11setFullNameERK6String,0x8
0x467694,_ZThn336_N17TencentTermsPopup13onTextLinkHitEi,0x24
0x4676b8,_ZN20EncryptionKeyManagerD2Ev,0x88
0x467740,_ZN9QuestData6encodeEP15ChecksumEncoder,0x168
0x4678a8,_ZN8Material21getLightmapAmbientTexEv,0x38
0x4678e0,_ZNK9UdpPacket16getAckMessageIdsEv,0x8
0x4678e8,_ZN20PlayerThumbnailPopup6updateEf,0x10
0x4678f8,_ZN8Sprite3D14createFromFileERK6StringPN5Scene14InstanceFilterEPK14LogicArrayListIS0_Eb,0xc0
0x4679b8,_ZN8TestCase14setWaitTimeoutEi,0x8
0x4679c0,_ZN20DeviceLinkInfoScreenC2Ei,0x280
0x467c40,_ZN15ShareImagePopup6updateEf,0x34
0x467c74,_ZNK6icu_5816ReorderingBuffer6equalsEPKtS2_,0x48
0x467cbc,_ZN14GameInputFieldC2EP9TextFieldP16DropGUIContainer,0x74
0x467d30,_ZN9AntiCheat8isRootedEv,0x68
0x467d98,_ZN13LogicSkinData25setPrimarySkillRecoilAnimERK6String,0x8
0x467da0,_ZN22LogicMilestoneProgressC2Eiii,0xc
0x467dac,_hb_buffer_set_flags,0x14
0x467dc0,_ZN20LogicRawOutReflector29reflectNextReflectablePointerEPK16LogicReflectablei,0x54
0x467e14,_ZNK12LoginMessage18getTencentPlatformEv,0x8
0x467e1c,_ZN19NameChangeSubScreenC2Ev,0x74
0x467e90,_nti_free_font,0xe8
0x467f78,_ZN12LoginMessage6decodeEv,0x64
0x467fdc,_sub_467FDC,0x1070
0x46904c,_ZN3GUI24removeDataGainedByTargetEN10DataGained6TargetE,0x12c
0x469178,_ZN12LocationItem20getGameModeVariationEv,0x14
0x46918c,_ZNK17AvatarStreamEntry11isDismissedEv,0x8
0x469194,_ZN15LogicDataTables11getGoldDataEv,0xc
0x4691a0,_ZNK6Sprite14getNumChildrenEv,0x8
0x4691a8,_ZNK35GetAllianceInviteTokenResultMessage14getMessageTypeEv,0x8
0x4691b0,_ZN17CreateGameMessage18setInvitedAvatarIdEii,0x8
0x4691b8,_ZN6icu_5813UnicodeString6addRefEv,0x1c
0x4691d4,_ZN16LogicStringTable8destructEv,0x34
0x469208,_ZN11wendelstein25makeEmitterParamsMigratorERKNSt6__ndk16vectorINS0_10shared_ptrINS_17IEmitterComponentEEENS0_9allocatorIS4_EEEE,0x1e0
0x4693e8,_ZNK8HomePage16getNewEventCountEv,0x40
0x469428,_ZNKSt6__ndk110__function6__funcIZN8TestCase20drawDebugPercentagesEvE4$_19NS_9allocatorIS3_EEFvvEE7__cloneEPNS0_6__baseIS6_EE,0x10
0x469438,_ZNK11wendelstein7Emitter18getEmitterProgressEv,0xb0
0x4694e8,_Java_com_supercell_titan_UnbotifyManager_sendReports,0x9c
0x469584,_ZN11RadioButtonD2Ev,0x1c
0x4695a0,_ZN17TeamInviteMessage8destructEv,0x28
0x4695c8,_ZN10ItemsPopup13buttonClickedEP12CustomButton,0x70
0x469638,_ZNK13HeroInfoPopup18getBulletsInAttackEPK14LogicSkillData,0x148
0x469780,_ZN9MovieClip16setFrameSkippingEb,0xc
0x46978c,_ZN5Debug19drawIphoneXTemplateEN17ScreenOrientation4EnumE,0x4
0x469790,_ZNK14TitanOutStream7getSizeEv,0x8
0x469798,_ZN4Shop23resetBillingCheckTimersEv,0x54
0x4697ec,_ZN5titan3com9supercell5titan19ApplicationUtilBase10canOpenURLERK6String,0x9c
0x469888,_ZNK14LogicSkillData20getSummonedCharacterEv,0x8
0x469890,_ZN9LogicData26getAndAssertIntColumnIndexEPK8CSVTableRK6String,0x48
0x4698d8,_ZNK13LogicConfData16getIntValueEntryEi,0x38
0x469910,_ubidi_writeReverse_58,0x100
0x469a10,_ZN16ByteStreamHelper13writeGlobalIDEP9BitStreami,0x6c
0x469a7c,_ZNK3GUI14getOnlinePopupEv,0x98
0x469b14,_ZN15LogicItemServer8setStateEi,0x1c
0x469b30,_ZN17LogicShopItemData8destructEv,0x4
0x469b34,_ZNSt6__ndk110__function6__funcIZN19SupercellIdCallback15avatarImageDataEP8_jobjectP11_jbyteArrayiiiRK6StringE4$_18NS_9allocatorISA_EEFvvEEclEv,0x98
0x469bcc,_ZNK18sc3dPanPinchCamera10getMaxZoomEv,0x8
0x469bd4,_hb_blob_create,0x104
0x469cd8,_ZN14ScreenRecorder13stopRecordingEv,0x4
0x469cdc,_ZN9BitStream23writePositiveIntMax2047Ei,0x8
0x469ce4,_ZN14LogicDailyData18setMiniOffersStateEi,0x50
0x469d34,_Z37_hb_fallback_shaper_face_data_destroyP30hb_fallback_shaper_face_data_t,0x4
0x469d38,_ZN15ParticleEmitter6updateEi,0x4c
0x469d84,_ZN22EsportTournamentsPopup17backButtonPressedEv,0x48
0x469dcc,_ZN10SCTuneImpl8addFloatEPK6CSVRowiRK6StringPfPKcP20SCTuneChangeListenerib,0x68
0x469e34,_ZN17TopResourceButtonC2EP9MovieClipP10GameButtoniPK17LogicResourceData,0x150
0x469f84,_ZNK22TeamSetLocationMessage14getMessageTypeEv,0x8
0x469f8c,_ZNK14LogicSkillData11isMultiShotEv,0x10
0x469f9c,_ZN25AskForAvatarStreamMessageC2Ei,0x2c
0x469fc8,_ZN9LogicTile25markBlockableForLargeSizeEiiibb,0x2b0
0x46a278,_LzmaDec_Init,0x24
0x46a29c,_ZN16ByteStreamHelper13readLogicLongEP10ByteStream,0x70
0x46a30c,_Z24decompressBlockPlanar57cjjPhiiiii,0x2e4
0x46a5f0,_ZN8HomePage16refreshEventListEv,0x30
0x46a620,_ZN27PlayerMapInfoUpdatedMessage8destructEv,0x2c
0x46a64c,_ZN12PepperCrypto14generateRandomEPvi,0x6c
0x4718e8,_ZNK19LogicProjectileData21getTravelTypeVariableEv,0x8
0x4718f0,_ZL9decomposePK31hb_ot_shape_normalize_context_tbj,0x1d0
0x471ac0,_ZNK19SelectLocationPopup22hasPlayerMapsInContextEv,0x28
0x471ae8,_ZN24AllianceJoinRequestPopupD2Ev,0xb8
0x471ba0,_ZNK28LogicGameObjectManagerServer14getGameObjectsEv,0x4
0x471ba4,_ZNK19LogicAreaEffectData15getCustomValue2Ev,0x8
0x471bac,_ZNKSt6__ndk110__function6__funcIZN11scTaskQueue3runIZN8TestCase17getStagePointSizeEvE4$_11EENS_13invoke_resultIT_JEE4typeES7_EUlvE_NS_9allocatorISA_EEFvvEE11target_typeEv,0xc
0x471bb8,_ZN10BattleModeD2Ev,0x208
0x471dc0,_ZNSt6__ndk127__insertion_sort_incompleteIRZN13ImpostorAtlas11addImpostorEP8ImpostorbbE3$_0PNS1_5EntryEEEbT0_S8_T_,0x44c
0x47220c,_ZN17SetCountryMessage6decodeEv,0x2c
0x472238,_ZN23TeamMemberStatusMessageC2Ei,0x38
0x472270,_ZL21uloc_kw_resetKeywordsP12UEnumerationP10UErrorCode,0x10
0x472280,_ZN16TeamLeaveMessage6decodeEv,0x4
0x472284,_ZNK14LogicMilestone18getHeroPowerUnlockEv,0x10
0x472294,_ZN13SettingsPopup9getScreenEv,0x24
0x4722b8,_ZN7rg_etc110etc1_block13unpack_color5Etbj,0x58
0x472310,_ZN6icu_5822RuleBasedBreakIterator14handlePreviousEPKNS_14RBBIStateTableE,0x620
0x472930,_ZN37GoogleBillingProcessedByServerMessageC2Ev,0x78
0x4729a8,_ZNK6scPath12without_rootEv,0x220
0x472bc8,_ZNK18LogicAccessoryData18getActivationDelayEv,0x10
0x472bd8,_ZN11Shape9SliceD2Ev,0x30
0x472c08,_ZN6icu_5815RangeDescriptorC2ER10UErrorCode,0x78
0x472c80,_ZN16ScreenProperties7getXDpiEv,0xc
0x472c8c,_ZL38_hb_ot_layout_collect_lookups_featuresP9hb_face_tjjjPKjP8hb_set_t,0x2b4
0x472f40,_ZN15LogicItemClient8destructEv,0x5c
0x472f9c,_ZNK13UdpSendBuffer19getNotAckedMessagesEv,0x8
0x472fa4,_ZN31AntiAddictionDataUpdatedMessage18getServiceNodeTypeEv,0x8
0x472fac,_ZN13WVSCIDManager10initWindowEv,0x3c
0x472fe8,_ZN14TencentManager20resumedFromHibernateEv,0x40
0x473028,_ZN9GameUtils7addQuadER19DynamicVertexBufferI11VertexPosUvERK7Vector3IfEfffffffff,0x1c0
0x4731e8,_ZN13LogicSkinData14setLobbyEffectERK6String,0x8
0x4731f0,_ZN6icu_589BytesTrie4nextEi,0x10c
0x4732fc,_ZN24SkinCampaignGroupHandler6updateEP9MovieClipS1_f,0x1d4
0x4734d0,_ZN25RequestMatchCancelMessage6encodeEv,0x4
0x4734d4,_hb_buffer_reset,0x4
0x4734d8,_ZN18PlayerCountryPopup13buttonClickedEP12CustomButton,0x220
0x4736f8,_ZN17CharacterMaterialD2Ev,0xa0
0x473798,_ZN33TencentCheckCanPayResponseMessage6decodeEv,0x224
0x4739bc,_ZN11hb_buffer_t5resetEv,0x88
0x473a44,_ubidi_getLogicalIndex_58,0x32c
0x473d70,_ZN15ResourceManager28enableCSVSignatureValidationEb,0x10
0x473d80,_ZN25TeamToggleSettingsMessage6decodeEv,0x30
0x473db0,_ZNK6Shader7isReadyEv,0x10
0x473dc0,_ZN13LogicSkinData19setPrimarySkillAnimERK6String,0x8
0x473dc8,_ZN12SupercellSWF21isCacheIndividualFileERK6String,0xac
0x473e74,_ZN38TencentBillingProcessedByServerMessage6decodeEv,0xb0
0x473f24,_ZNK6icu_5811Normalizer219getRawDecompositionEiRNS_13UnicodeStringE,0x8
0x473f2c,_ZN9HeroEntry6decodeEP10ByteStream,0x74
0x473fa0,_ZN11wendelstein20SpawnPlanarComponent20spawnInitialVelocityERNS_8ParticleERNS_7EmitterERf,0x450
0x4743f0,_ZN20CreateAccountMessage15setGameCenterIdEP6String,0x8
0x4743f8,_ZThn8_N6icu_5813UnicodeFilterD1Ev,0x8
0x474400,_Z21_hb_ot_layout_destroyP14hb_ot_layout_t,0x48
0x474448,_ZNK20StartSpectateMessage14getMessageTypeEv,0x8
0x474450,_ZNKSt6__ndk110__function6__funcIZN19SupercellIdCallback17clearPendingLoginEP8_jobjectE3$_4NS_9allocatorIS5_EEFvvEE7__cloneEPNS0_6__baseIS8_EE,0x18
0x474468,_ZN7SBMBoneC2Ev,0x10
0x474478,_ZN16RankedRewardItemC2EPK13LogicGemOfferP9MovieClipii,0x164
0x4745dc,_ZN6icu_5822UCharCharacterIteratorC2EPKti,0x5c
0x474638,_ZNK6icu_5815Normalizer2Impl21hasCompBoundaryBeforeEit,0x1c4
0x4747fc,_ZN38TencentAntiAddictionInstructionMessageC2Ev,0x50
0x47484c,_UpdateModel,0x4ec
0x474d38,_ZN12WaitingPopup19refreshCancelButtonEv,0x44
0x474d7c,_ZNK12KakaoManager18isLoggingInToKakaoEv,0x20
0x474d9c,_ZN17FriendListMessage11setListTypeEi,0x8
0x474da4,_ZNK16LogicSkillServer12getMaxChargeEPK20LogicCharacterServer,0x40
0x474de4,_ZN9TextField13getTextHeightEv,0xc4
0x474ea8,_ZN19LogicLevelUpCommand7executeEP13LogicHomeModeib,0x138
0x474fe0,_ZN14BrawlTvManager22doStartBrawlTvSpectateEP9LogicLong,0xbc
0x47509c,_ZN19GameSliderComponent16setMaxValueLabelERK6String,0x8
0x4750a4,_ZN33LogicViewInboxNotificationCommandC2Eii,0x40
0x4750e4,_ZN5lzham19lzham_lib_z_adler32EmPKhm,0x28
0x47510c,_ZN16OutOfSyncMessageC2Ev,0x38
0x475144,_ZN15UILoadMovieClipD0Ev,0x44
0x475188,_ZNK14LogicThemeData21getParticleExportNameEv,0x10
0x475198,_ZN10ScrollArea19setPanningThresholdEf,0x8
0x4751a0,_ZN12_GLOBAL__N_128parseStringFieldFromJwtTokenERK6StringS2_,0x1d0
0x475370,_ZN4asio6detail16resolve_query_opINS_2ip3tcpEZN9Messaging7connectERK6StringS7_E3$_2NS_15any_io_executorEE11do_completeEPvPNS0_19scheduler_operationERKNSt6__ndk110error_codeEm,0x808
0x475b78,_ZN6icu_5810UnicodeSet3addEii,0xa0
0x475c18,_ZN5titan7android4view7Display4Mode16getPhysicalWidthEv,0x7c
0x475c94,_ZN9CombatHUD28enableLocaleBasedClipVariantEP9MovieClipb,0x110
0x475da4,_ZNK12SupercellSWF27debugPrintUnusedExportNamesEv,0x4
0x475da8,_ZN26RankedTeamSelectionManager15isPreBanOwnTeamEv,0x8
0x475db0,_ZN15ProLeagueScreen7refreshEv,0x4
0x475db4,_ZNK17LogicLocationData20getGameModeVariationEv,0x8
0x475dbc,_ZNK20PlayerProfileMessage14getMessageTypeEv,0x8
0x475dc4,_ZNK15LogicJSONString6equalsEPK13LogicJSONNode,0x8c
0x475e50,_ZN26BindFacebookAccountMessage8destructEv,0x68
0x475eb8,_ZN8Settings13setOwnClubTabEi,0x9c
0x475f54,_ZN21RankedTeamSelectPopupD0Ev,0x24
0x475f78,_ZNK8Animator9isPlayingEv,0x98
0x476010,_ZN8Databind24NlohmannJsonOutReflector8popStackEv,0xb8
0x4760c8,_ZN12SCWFileInputD2Ev,0x4c
0x476114,_ZN9InboxItem6addBtnERK6StringS2_,0x68
0x47617c,_ZNK9TextField18getTextForDebuggerEv,0x170
0x4762ec,_ZNSt6__ndk110__function6__funcIZN19SupercellIdCallback27completeClaimShopItemResultEP8_jobjectRK6StringS7_E4$_23NS_9allocatorIS8_EEFvvEED2Ev,0x30
0x47631c,_ZNKSt6__ndk110__function6__funcIZN32NativeFacebookConnectionCallback20loginFailedWithErrorERK6StringS5_E3$_0NS_9allocatorIS6_EEFvvEE11target_typeEv,0xc
0x476328,_ZN10SCTuneImplD0Ev,0x24
0x47634c,_ZN6icu_5822UCharCharacterIterator13next32PostIncEv,0x74
0x4763c0,_ZN28DeviceLinkCodeReceivedScreenD0Ev,0x8c
0x47644c,_ZN13ShapeOriginalC2Ev,0x34
0x476480,_ZN23IAPDeliveryNotification8destructEv,0x24
0x4764a4,_ZN28AllianceMemberRemovedMessageC2EP9LogicLongS1_,0x44
0x4764e8,_hb_buffer_get_replacement_codepoint,0x8
0x4764f0,_LookInStream_Read,0x6c
0x47655c,_ZN14AllianceSearch17sendSearchMessageEv,0x138
0x476694,_ZN22LogicDayChangedCommand6decodeEP10ByteStream,0x64
0x4766f8,_ZN14HelpshiftTitan23initHelpshiftOrFallbackERKNS_14FallbackConfigE,0x160
0x476858,_ZN29LogicReflectableReferenceBase5setIdEi,0xc
0x476864,_ZN5titan7android4view7Display4ModeC2EP8_jobject,0xbc
0x476920,_ZN15TeamChatMessage10setMessageEP6String,0x8
0x476928,_ZN9MathUtils19bounceInterpolationEffffff,0xb4
0x4769dc,_ZN4Mesh17createDynamicMeshEP8SkeletonP8Geometry,0x45c
0x476e38,_ZN22CreatePlayerMapMessageC2Ev,0x40
0x476e78,_ZN16DeviceLinkWindow6updateEf,0x5c
0x476ed4,_Z20_hb_ot_layout_createP9hb_face_t,0x850
0x477724,_ZNK12LocationItem14usesInfoButtonEv,0x6c
0x477790,_ZNKSt6__ndk110__function6__funcIZN11scTaskQueue3runIZN11AndroidMain14destroySurfaceEvE3$_3EENS_13invoke_resultIT_JEE4typeES7_EUlvE_NS_9allocatorISA_EEFvvEE7__cloneEv,0x38
0x4777c8,_ZL28RBBISymbolTableEntry_deleterPv,0x70
0x477838,_ZN20TeamJoinRequestPopupC2EP9LogicLongP15TeamJoinRequest,0x354
0x477b8c,_ZN19TeamSpectateMessageC2Ev,0x38
0x477bc4,_ZN16ClanMessagePopupC2Ev,0x3ac
0x477f70,_ZN12TencentLogin12shareMessageERK6StringS2_S2_S2_S2_PKhiS2_,0xe0
0x478050,_ZNKSt6__ndk110__function6__funcIZN11scTaskQueue3runIZN8TestCase14getStageHeightEvE3$_9EENS_13invoke_resultIT_JEE4typeES7_EUlvE_NS_9allocatorISA_EEFvvEE11target_typeEv,0xc
0x47805c,_ZN18TeamChatController6updateEf,0x40
0x47809c,_ZN13AntiAddiction13handleLoginOkEv,0xc
0x4780a8,_ZN26EnterSupportedCreatorPopup15handleOkPressedEv,0xc8
0x478170,_Java_com_supercell_titan_Kakao_receivedFriend,0x2e8
0x478458,_ZN21GemRewardNotification6encodeEP15ChecksumEncoder,0x48
0x4784a0,_ZN37AskForPlayingGamecenterFriendsMessageC2Ev,0x34
0x4784d4,_ZN16DebugInputWindow13buttonClickedEP12CustomButton,0x70
0x478544,_ZNSt6__ndk110__function6__funcIZN11scTaskQueue3runIZN8TestCase9touchDownER5TouchE4$_15EENS_13invoke_resultIT_JEE4typeES9_EUlvE_NS_9allocatorISC_EEFvvEE7destroyEv,0x4
0x478548,_ZN24AvatarStreamEntryFactoryC2Ev,0x4
0x47854c,_ZNK17LogicResourceData18getPremiumCurrencyEv,0x10
0x47855c,_ZNKSt6__ndk110__function6__funcIZN11scTaskQueue3runIZN11AndroidMain14destroySurfaceEvE3$_3EENS_13invoke_resultIT_JEE4typeES7_EUlvE_NS_9allocatorISA_EEFvvEE7__cloneEPNS0_6__baseISD_EE,0x18
0x478574,_blake2b_init_param,0x174
0x4786e8,_ZN15EffectManager2DD0Ev,0xa4
0x47878c,_ZNKSt6__ndk110__function6__funcIZN11scTaskQueue3runIZ62Java_com_supercell_titan_TitanWebView_shouldOverrideUrlLoadingE3$_0EENS_13invoke_resultIT_JEE4typeES6_EUlvE_NS_9allocatorIS9_EEFvvEE6targetERKSt9type_info,0x1c
0x4787a8,_ZNKSt6__ndk110__function6__funcIZN19EnvironmentRenderer6renderER9Matrix2x3R14ColorTransformifE3$_1NS_9allocatorIS7_EEFvvEE11target_typeEv,0xc
0x4787b4,_ZN21LogicCompressedString8destructEv,0x34
0x4787e8,_ZN11wendelstein19AbstractEmitterData6createEv,0x14
0x4787fc,_ZNSt6__ndk110__function6__funcIZN27BattleEndRankedRankUpScreen14addExecutionToEP18SequencedExecutionE3$_2NS_9allocatorIS5_EEFbvEE18destroy_deallocateEv,0x4
0x478800,_ZN23SendAllianceMailMessage6encodeEv,0x38
0x478838,_ZNK17ReplayStreamEntry16getReplayShardIdEv,0x8
0x478840,_ZN8Databind23NlohmannJsonInReflector10reflectIntEiRK6Stringi,0xc
0x47884c,_ZN12BattleScreen9shakeTileEiiiibbbb,0x2b0
0x478afc,_ZN11BadgeSprite9doesExistERK6String,0x7c
0x478b78,_ZNK10MapPreview14isSameTileTypeEPK13LogicTileDataiiiiPK14LogicMapLoaderb,0x50
0x478bc8,_ZN43PurchaseSkinGroupOfferHighlightPopupHandler8setTitleEP9TextField,0x40
0x478c08,_ZN23LogicCharacterClientOwn44clientPredictionPauseMovementForSkillCastingEbiiP21LogicBattleModeClient,0x74
0x478c7c,_Z4epucPKcS0_,0x8
0x478c84,_ZN3GUI18moveToScreenBottomEP13DisplayObject,0x90
0x478d14,_hb_font_create_sub_font,0xe0
0x478df4,_ZNK9TextField17getCharacterScaleERK5Stage,0x54
0x478e48,_ZN12LocationItem11setupMapImgEPK17LogicLocationDataPK22LogicLocationThemeData,0x1a8
0x478ff0,_ZN27ChallengeRewardNotification6decodeEP10ByteStream,0x74
0x479064,_tr_tally,0xa8
0x47910c,_ZN31PurchaseOfferBundlePopupHandlerC2EP16LogicOfferBundlei,0x98
0x4791a4,_ZL16position_clusterPK18hb_ot_shape_plan_tP9hb_font_tP11hb_buffer_tjj,0x620
0x4797c4,_Z3md5RKNSt6__ndk112basic_stringIcNS_11char_traitsIcEENS_9allocatorIcEEEE,0x3c
0x479800,_ZN10GameScreen15showFloaterTextERK6String,0x54
0x479854,_ZNK13LogicJSONNode10isJSONNullEv,0x24
0x479878,_ZN9EntryInfo13refreshSkinUIEv,0x1a4
0x479a1c,_ZNK10UdpMessage12getMessageIdEv,0x8
0x479a24,_ZN9MovieClip12setFrameTimeEf,0x8
0x479a2c,_ZNK5Scene9getCameraEi,0x14
0x479a40,_ZN20BattleEndPreviewMenu13buttonClickedEP12CustomButton,0x170
0x479bb0,_ZN6icu_5817UDataPathIterator4nextEP10UErrorCode,0x274
0x479e24,_ZNKSt6__ndk110__function6__funcIZN19EnvironmentRenderer6renderER9Matrix2x3R14ColorTransformifE3$_3NS_9allocatorIS7_EEFvvEE7__cloneEPNS0_6__baseISA_EE,0x20
0x479e44,_ZN23SignoffPlayerMapMessage20setMapOwnerAccountIdERK9LogicLong,0xc
0x479e50,_ZNK8GameMain19getTargetResolutionERiS0_,0x14
0x479e64,_ZN17BrawlBoxInfoPopup29hasRemainingStarPowersInGachaEv,0x114
0x479f78,_ZNK15TeamLeftMessage14getMessageTypeEv,0x8
0x479f80,_ZN20LogicCharacterServer27setToxicFumesDamageIncreaseEi,0x34
0x479fb4,_ZN35AllianceInvitationAvatarStreamEntry15setSenderHomeIdEP9LogicLong,0x8
0x479fbc,_ZN4asio6detail17executor_function8completeINS0_7binder2INS0_7read_opINS_19basic_stream_socketINS_2ip3tcpENS_15any_io_executorEEENS_17mutable_buffers_1EPKNS_14mutable_bufferENS0_14transfer_all_tEZN9Messaging15startSocketReadERKNSt6__ndk110shared_ptrIvEEE3$_3EENSG_10error_codeEmEENSG_9allocatorIvEEEEvPNS1_9impl_baseEb,0x144
0x47a100,_ZN24LaserParticleEmitterData10getFactoryEv,0x3c
0x47a13c,_ZNK12LogicVector35cloneEv,0x34
0x47a170,_ZNK16ServerConnection24isSCIDGuestAccountLoadedEv,0xe8
0x47a258,_ZNK22LogicIAPChangedCommand14getCommandTypeEv,0x8
0x47a260,_ZN11Application22getIdentifierForVendorEv,0x8
0x47a268,_ZN11SCIDAccountD2Ev,0xdc
0x47a344,_ZNK12LogicVector39getLengthEv,0x8c
0x47a3d0,_ZN23CreateGameFailedMessage6encodeEv,0x28
0x47a3f8,_ZN16AddFriendMessage16setReasonDetailsEi,0x8
0x47a400,_ZN31AskForPlayingLineFriendsMessage10setLineIdsEP14LogicArrayListIP6StringE,0x8
0x47a408,_ZN16NameChangeScreen16getSubScreenTypeEv,0x8
0x47a410,_ZN17SWFMovieClipCacheC2EP12SupercellSWF,0x38
0x47a448,_ZL8car25519Px,0x2c
0x47a474,_sub_47A474,0x70
0x47a4e4,_sub_47A4E4,0x388
0x47a86c,_ZNK19LogicProjectileData24getMaxRangeReachedEffectEv,0x8
0x47a874,_ZN11VanityItemsC2EP10ByteStream,0x19c
0x47aa10,_ZNK3GUI14getPopoverByIdEi,0x20
0x47aa30,_hb_buffer_get_direction,0x8
0x47aa38,_ZN26ChampionshipChallengePopup12touchPressedERK5Touch,0x30
0x47aa68,_ZNK5Scene15getMeshMaterialEii,0x18
0x47aa80,_ZN7Popover12setAlignmentEi,0x8
0x47aa88,_ZN15AllianceManager18removeFriendStatusEPK9LogicLong,0x26c
0x47acf4,_ZN20LogicCharacterServer9tickTrainEv,0x4
0x47acf8,_ZN8LogicMD52GGEiiiiiii,0xe8
0x47ade0,_ZN9Character31playHasLaserBallAutoShootEffectEv,0x3c
0x47ae1c,_Z16populate_ifaddrsP7ifaddrsP9ifaddrmsgPvm,0x1d4
0x47aff0,_ZN24TitanDisconnectedMessageC2Ev,0x34
0x47b024,_ZN37LogicSetESportsHubNotificationCommandC2Ev,0x30
0x47b054,_ZNK6icu_586Locale11getBaseNameEv,0x8
0x47b05c,_ZN22LogicRankedMatchPlayer12setAccountIdERK9LogicLong,0xc
0x47b068,_ZN15LogicPathFinder5aStarEiiibb,0x254
0x47b2bc,_ZN18LogicServerCommand5setIdEi,0x8
0x47b2c4,_ZN20DeviceLinkInfoScreenD2Ev,0x20
0x47b2e4,_ZNK18AllianceMemberItem8getScoreEv,0xc
0x47b2f0,_ZNSt6__ndk110__function6__funcIZN11scTaskQueue3runIZN8TestCase11touchSpriteEP6SpriteE3$_1EENS_13invoke_resultIT_JEE4typeES9_EUlvE_NS_9allocatorISC_EEFvvEED0Ev,0x4
0x47b2f4,_ZN20LeaveAllianceMessage6decodeEv,0x4
0x47b2f8,_ZNK27LogicSelectStarPowerCommand14getCommandTypeEv,0x8
0x47b300,_ZNK32LogicDeviceLinkConfirmYesMessage16getNewDeviceNameEv,0x8
0x47b308,_ZN22AddFriendFailedMessageC2Ei,0x30
0x47b338,_ZN26LogicDeviceLinkDoneMessage6decodeEv,0x88
0x47b3c0,_ZN20UnmuteChatStreamItemD0Ev,0x74
0x47b434,_ZN11wendelstein18WendelsteinManager14createInstanceEPKc,0x744
0x47bb78,_Java_com_supercell_titan_SupercellId_connectedGamesFailed,0x8
0x47bb80,_ures_openDirect_58,0x18
0x47bb98,_ZN34ChangePlayerMapNameResponseMessageC2Ev,0x40
0x47bbd8,_ZN15LogicDataTables16getBigHealEffectEv,0xc
0x47bbe4,_ZN19LogicAreaEffectData38getIntValueForSkinFromParentAreaEffectEi,0x18
0x47bbfc,_ZNKSt6__ndk110__function6__funcIZN19SupercellIdCallback12setShopItemsEP8_jobjectP13_jobjectArrayS6_S6_E4$_21NS_9allocatorIS7_EEFvvEE11target_typeEv,0xc
0x47bc08,_ZNK12_GLOBAL__N_115scFileImpl_Pack4readEPvm,0x124
0x47bd2c,_ZN5Trace5startEPKc,0x4
0x47bd30,_ZN22PromoPopupNotification6decodeEP10ByteStream,0xf8
0x47be28,_ZN23FriendAvatarBaseMessage8destructEv,0x24
0x47be4c,_ZN12SkinListItemC2EP10SkinsPopupPK13LogicSkinData,0x230
0x47c07c,_Z13make_prefixesP7ifaddrsii,0x134
0x47c1b0,_ZN29HomeBattleReplayViewedMessage8destructEv,0x34
0x47c1e4,_ZN25AskForAvatarStreamMessage18getServiceNodeTypeEv,0x8
0x47c1ec,_ZN6icu_5810UnicodeSet6retainEii,0x104
0x47c2f0,_ZNK10StringView15indexOfInternalEPKciii,0x1d8
0x47c4c8,_ZN16LogicRankedMatch6decodeEP10ByteStream,0x208
0x47c6d0,_ZN9UdpSocket5closeEv,0x64
0x47c734,_ZN31PurchaseOfferBundlePopupHandler8isGlowBgEv,0x8
0x47c73c,_ZNK20LogicCharacterClient19hasDamageBuffClientEv,0x8
0x47c744,_ZN9InitState18startContentUpdateEP6StringRKNSt6__ndk16vectorIS0_NS2_9allocatorIS0_EEEE,0x18c
0x47c8d0,_ZN31LogicDeviceLinkEnterCodeMessage6encodeEv,0x28
0x47c8f8,_ZNK9TextField12isBaseDirRTLEv,0x18
0x47c910,_ZN27ChatToAllianceStreamMessage10setMessageEP6String,0x8
0x47c918,_ZN11wendelstein13DragComponent11applyForcesEPNS_8ParticleES2_P7Vector3IfES5_ff,0x134
0x47ca4c,_ZN17HighRateUdpPacket6encodeEP10ByteStream,0xc
0x47ca58,_Java_com_supercell_titan_GameApp_nOnActivityResult,0x98
0x47caf0,_Z15col32ToFloatRGBjRfS_S_,0x40
0x47cb30,_ZN27BattleEndRankedRoundsScreen14addExecutionToEP18SequencedExecution,0x640
0x47d170,_ZN13PlayAnimation11setEndFrameEi,0x8
0x47d178,_ZNK17LogicShopItemData13getShopItemBgEv,0x10
0x47d188,_ZNSt6__ndk110__function6__funcIZN27BattleEndRankedRankUpScreen14addExecutionToEP18SequencedExecutionE3$_1NS_9allocatorIS5_EEFbvEE7destroyEv,0x4
0x47d18c,_ZN12GameSettings24setGoogleFirstLoginTriedEv,0x7c
0x47d208,_ZN22LaserDataLoaderTexture15TextureModifier17getOperationRangeENS0_9OperationE,0x284
0x47d48c,_ZN6icu_589UVector32C2ER10UErrorCode,0x5c
0x47d4e8,_ZN6icu_5816ReorderingBuffer4initEiR10UErrorCode,0xd0
0x47d5b8,_ZNK14LogicMusicData21getFadeOutTimeSecondsEi,0x18
0x47d5d0,_ZN12GemOfferItem21prepareLargeHeroImageEPK18LogicCharacterDataPK13LogicSkinData,0x69c
0x47dc6c,_ZN26OfferPurchaseQuestionPopupD2Ev,0x2c
0x47dc98,_ZN9xMatrix4430getRayThroughPixelOrthographicEffffRKS_S1_R7Vector3IfES4_,0xa8
0x47dd40,_ubidi_getLogicalMap_58,0x4bc
0x47e1fc,_ZN26LogicDeviceLinkDoneMessage6encodeEv,0x38
0x47e234,_ZN5Shape11createShapeEPKS_,0x58
0x47e28c,_ZNK24LogicParticleEmitterData22getParticleRandomAngleEv,0x10
0x47e29c,_ZNKSt6__ndk110__function6__funcIZN19EnvironmentRenderer6renderER9Matrix2x3R14ColorTransformifE3$_0NS_9allocatorIS7_EEFvvEE7__cloneEv,0x38
0x47e2d4,_ZN14BattleEndPopup26displayBattleEndHackRankedEbiii,0x78
0x47e34c,_ZN27KunlunBillingRequestMessage9setProdIDERK6String,0x8
0x47e354,_ZN15sc3dWorldCamera12touchPressedERK5Touch,0x8
0x47e35c,_ZNK18AllianceMemberItem11getAvatarIdEv,0xc
0x47e368,_ZNKSt6__ndk110__function6__funcIZN11scTaskQueue3runIZN8TestCase13getStageWidthEvE4$_10EENS_13invoke_resultIT_JEE4typeES7_EUlvE_NS_9allocatorISA_EEFvvEE6targetERKSt9type_info,0x1c
0x47e384,_ZN19AllianceListMessage8destructEv,0xc0
0x47e444,_ZN16GameObjectSprite18setOutlineSettingsEffffffff,0xf0
0x47e534,_ZN21SpeechBubbleCharacter13touchReleasedERK5Touch,0x140
0x47e674,_ZN20UnlockAccountMessage16removeUnlockCodeEv,0x10
0x47e684,_ZN20PlayerMapRenamePopup19updateConfirmButtonEv,0xd8
0x47e75c,_ZNK12LocationInfo20getGameModeVariationEv,0x8c
0x47e7e8,_ZN5lzham12symbol_codec17decode_need_bytesEv,0x50
0x47e838,_ZN13UdpSendBuffer11ackMessagesEPKcif,0x308
0x47eb40,_ZN5Stage13localToGlobalEPK13DisplayObjectffPfS3_b,0xa0
0x47ebe0,_ZN22ReportPlayerMapMessage6decodeEv,0x48
0x47ec28,_ZN14TitanInputFile4readEv,0x18
0x47ec40,_ZNK17LogicLocalization16getLocalizedNameEi,0x28
0x47ec68,_ZN36AskForPlayingSupercellFriendsMessage6encodeEv,0x88
0x47ecf0,_ZN13WVSCIDManager6updateEv,0x4
0x47ecf4,_ZN27LogicUnlockFreeSkinsCommand13needsToDonateEPK13LogicHomeModePK13LogicSkinData,0xc0
0x47edb4,_ZN4Shop27getSeasonalSkinSectionTitleEi,0x2c
0x47ede0,_ZN11SoundSystem16setChannelVolumeEjf,0x44
0x47ee24,_ZN9MovieClip8setFrameEi,0x190
0x47efb4,_ZNK17LogicSkinConfData10getSadFaceEv,0x10
0x47efc4,_ZN20CreatePlayerMapPopup23setEnvironmentSelectionEi,0x94
0x47f058,_ZN21LogicProjectileServer17getNextSteeredPosER12LogicVector2,0x8
0x47f060,_ZN11SCIDWebView4hideEv,0x10
0x47f070,_ZNSt6__ndk110__function6__funcIZN32NativeFacebookConnectionCallback14sentAppRequestERK6StringS5_E3$_5NS_9allocatorIS6_EEFvvEEclEv,0x28
0x47f098,_ZN5Items15createContainerEP9MovieClipRK6Stringb,0xc4
0x47f15c,_ZN23RankedRewardsTrackPopupD2Ev,0x208
0x47f364,_ZNK21LogicBattleModeClient7getTickEv,0x8
0x47f36c,_ZN15EffectManager2D13removeEffectsEPK15LogicEffectData,0x90
0x47f3fc,_ZN15AllianceManager26compileListOfOnlinePlayersEP14LogicArrayListIP12OnlinePlayerE,0x5ec
0x47f9e8,_ZNK25AvatarOnlineStatusUpdated11getAvatarIdEv,0x8
0x47f9f0,_ZN15LogicDataTables25getAllHeroEmotesForPlayerEP14LogicArrayListIPK14LogicEmoteDataEPK18LogicCharacterDataP11VanityItems,0x1e4
0x47fbd4,_ZN16LogicSkillServer9interruptEP20LogicCharacterServerbi,0x10c
0x47fce0,_ZNK12RenderSystem9getShakeXEv,0x8
0x47fce8,_ZN6icu_5816RBBITableBuilder11exportTableEPv,0x18c
0x47fe74,_ZN10DoubleItem6updateEf,0x78
0x47feec,_ZN8TestCase17releaseStageTouchEv,0x2dc
0x4801c8,_ZN9PopupBase14addCloseButtonEv,0x80
0x480248,_ZN23SetHeroDefaultAnimation6updateEf,0x28
0x480270,_ZNK18LogicMapEditorMode15getPlayerAvatarEv,0x8
0x480278,_ZN19DebugPerformanceHud16isCounterEnabledENS_27DebugPerformanceCounterTypeE,0x10
0x480288,_unorm2_getNFDInstance_58,0xbc
0x480344,_ZN6icu_5812PropNameData20getPropertyValueEnumEiPKc,0xc8
0x48040c,_ZN11RenderQueue3endEv,0x24
0x480430,_ZN16PlayerMapManager31handlePlayerMapReportedResponseEP30ReportPlayerMapResponseMessage,0x1f0
0x480620,_ZNK12LogicPinData10getPinTypeEv,0x10
0x480630,_ZNKSt6__ndk110__function6__funcIZ54Java_com_supercell_titan_GoogleServiceClient_onSignOutP7_JNIEnvP7_jclassE3$_1NS_9allocatorIS6_EEFvvEE11target_typeEv,0xc
0x48063c,_ZN4asio6detail23reactive_socket_recv_opINS_17mutable_buffers_1ENS0_7read_opINS_19basic_stream_socketINS_2ip3tcpENS_15any_io_executorEEES2_PKNS_14mutable_bufferENS0_14transfer_all_tEZN9Messaging15startSocketReadERKNSt6__ndk110shared_ptrIvEEE3$_3EES7_E3ptr5resetEv,0x104
0x480740,_ZN3GUI11popupClosedEP9PopupBase,0x17c
0x4808bc,_ZN15MapEditorScreen21setBigTileSurroundingEP9LogicTileii,0x2ec
0x480ba8,_ZN10SkinsPopup18customButtonTappedEP10GameButtoni,0x2c
0x480bd4,_ZN10BattleMode13updateLoadingEf,0x51c
0x4810f0,_ZN5tween4Circ6easeInEffff,0x1c
0x48110c,_ZN16GameStateManager14removeHomeDataEv,0x10
0x48111c,_u_terminateChars_58,0x54
0x481170,_ZN22SearchAlliancesMessage6decodeEv,0x90
0x481200,_ZN27GoogleBillingRequestMessage15setPurchaseDataERK6String,0x8
0x481208,_ZNK17LogicCampaignData14getRandomEnemyEP11LogicRandom,0x34
0x48123c,_ZNK25TeamToggleSettingsMessage14getMessageTypeEv,0x8
0x481244,_ZN26TencentAccountBoundMessage8destructEv,0x28
0x48126c,_ZN6icu_5812PatternProps8isSyntaxEi,0x90
0x4812fc,_ZN15ProLeagueScreen13changeMainTabEi,0x88
0x481384,_ZN20NativeSCIDConnection14showErrorPopupERK6String,0x8
0x48138c,_ZN6icu_5812PropNameData20getPropertyValueNameEiii,0x1c8
0x481554,_ZN11wendelstein21MovieClipRendererDataD2Ev,0xfc
0x481650,_uprv_toupper_58,0x18
0x481668,_ZN8HomePage11isAnimatingEv,0x74
0x4816dc,_ZN14LogicJSONArray3addEP13LogicJSONNode,0x13c
0x481818,_ZN18LoginFailedMessage12setUpdateURLEP6String,0x8
0x481820,_ZN29LogicClaimRankUpRewardCommand15getPendingIndexEPK13LogicHomeModeiii,0x3c
0x48185c,_ZNK22LogicLocationThemeData9isEnabledEv,0x28
0x481884,_ZN14LoginOkMessage24setChronosContentURLListEP14LogicArrayListIP6StringE,0x8
0x48188c,_ZN35RespondToAllianceJoinRequestMessage8destructEv,0x54
0x4818e0,_ZN24HighRateUdpReceiveBuffer11checkBufferER14LogicArrayListIP18HighRateUdpMessageE,0x338
0x481c18,_ZN18FacebookConnection11setListenerEP17IFacebookListener,0xc
0x481c24,_ZN19EnvironmentRenderer33sortMovieClipRendererBucketRangesEPN11wendelstein21MovieClipRendererDataE,0x118
0x481d3c,_Ppmd7z_RangeEnc_Init,0x1c
0x481d58,_ZN6scFileC2EP10scFileImpl,0x8
0x481d60,_ZL4initv.16237,0xb0
0x481e10,_ZN15sc3dWorldCamera12tileToScreenERK9xMatrix44S2_fffffRfS3_,0xcc
0x481edc,_ZN20QuickChatStreamEntry11setTargetIdEP9LogicLong,0x30
0x481f0c,_ZNSt6__ndk110__function6__funcIZN19SupercellIdCallback19claimShopItemResultEP8_jobjectRK6StringS7_S7_E4$_22NS_9allocatorIS8_EEFvvEE7destroyEv,0x30
0x481f3c,_ZNK20LogicCharacterServer14isShieldActiveEv,0x7c
0x481fb8,_ZN6scFileC2EPKci,0xc
0x481fc4,_ZN8Sprite3D6renderER9Matrix2x3R14ColorTransformif,0x564
0x482528,_ZN20LogicJSONInReflector10enterArrayEPKc,0x90
0x4825b8,_ZN15LogicDataTables28getAllEmotesByBattleCategoryEP14LogicArrayListIPK14LogicEmoteDataEPK18LogicCharacterDatai,0x1d4
0x48278c,_ZNK6icu_587UVector10elementAtiEi,0x28
0x4827b4,_ZNKSt6__ndk110__function6__funcIZN11scTaskQueue3runIZN7GLImage6createEPKhi9ImageWrap11ImageFilterE3$_2EENS_13invoke_resultIT_JEE4typeESB_EUlvE_NS_9allocatorISE_EEFvvEE7__cloneEv,0x38
0x4827ec,_ZN12ResourceList8destructEv,0x94
0x482880,_ZN11GameWebView25clearStopMusicRequirementEv,0x2c
0x4828ac,_invalidSignature,0xb80
0x48349c,_sub_48349C,0x38
0x4834d4,_sub_4834D4,0x1f0
0x48373c,_sub_48373C,0x18
0x48382c,_sub_48382C,0x30
0x48385c,_sub_48385C,0x12c
0x4839ec,_sub_4839EC,0x18
0x483a50,_ZNK20LogicCharacterServer15getDamageEffectEv,0x14
0x483a64,_ZN15FacebookManager9enterGameEv,0x64
0x483ac8,_ZN13LoadingScreen24getClientGlobalsTextSafeERK6String,0xa4
0x483b6c,_ZNK22MapEditorModifierPopup12getPopupTypeEv,0x8
0x483b74,_ZN27LogicClaimTailRewardCommand8destructEv,0x24
0x483b98,_ZNSt6__ndk110__function6__funcIZN19SupercellIdCallback6logOutEP8_jobjectE3$_6NS_9allocatorIS5_EEFvvEE18destroy_deallocateEv,0x4
0x483b9c,_ZN7SBMMeshD2Ev,0x4
0x483ba0,_ZNK22LogicLocationThemeData23getMaskedEnvironmentSCWEi,0x10
0x483bb0,_ZNK20LogicCharacterClient14hasActiveSkillEi,0x80
0x483c30,_ZN23LogicSelectEmoteCommand8destructEv,0x2c
0x483c5c,_ZNK8CSVTable10getValueAtEii,0x20
0x483c7c,_ZN24PlayerMapStatusInfoPopup14getInfoBaseTIDEi,0x24
0x483ca0,_ZN17AvatarStreamEntryC2Ev,0x24
0x483cc4,_ZNK28PlayerMapGreenlightedMessage8getMapIdEv,0x8
0x483ccc,_ZNSt6__ndk110__function6__funcIZN11scTaskQueue3runIZN11AndroidMain15_gameBackgroundEvE4$_16EENS_13invoke_resultIT_JEE4typeES7_EUlvE_NS_9allocatorISA_EEFvvEED0Ev,0x4
0x483cd0,_ZN12LoginMessage6encodeEv,0xfc4
0x484c94,_ZN10scPackFile11isValidPackERK6scFile,0x60
0x484cf4,_ZN34LogicProLeagueSeasonChangedCommandC2Eii,0x40
0x484d34,_ZN10GameButton16resetScaleValuesEv,0x120
0x484e54,_ZN15LogicDataTables9getHeroesER14LogicArrayListIPK18LogicCharacterDataEPK17LogicClientAvatari,0x200
0x485054,_ZN6Sprite6renderER9Matrix2x3R14ColorTransformif,0x214
0x485268,_Z8getCol32ffff,0x3c
0x4852a4,_ZN10BattleMode17setGameOverResultEi,0xc
0x4852b0,_ZNK10SCIDConfig6getIntERK6Stringi,0x38
0x4852e8,_ZNK19LogicLevelUpCommand6encodeEP15ChecksumEncoder,0x2c
0x485314,_ZNK15LogicClientHome6encodeEP15ChecksumEncoder,0x19c
0x4854b0,_ZNK14LogicJSONArray13getJSONStringEi,0x74
0x485524,_ZN11RadioButton6updateEf,0x8c
0x4855b0,_ZN8Settings19setSelectedLanguageERK6String,0xc
0x4855bc,_ZN22ClientContentValidator24validateSkinCampaignDataEPK21LogicSkinCampaignData,0x4
0x4855c0,_ZN24UdpConnectionInfoMessage13setServerHostEP6String,0x8
0x4855c8,_ZN21LogicJSONOutReflector25reflectNextObjectOptionalEb,0x4c
0x485614,_ZNSt6__ndk110__function6__funcIZN8TestCase9touchDownER5TouchE4$_15NS_9allocatorIS5_EEFvvEE18destroy_deallocateEv,0x4
0x485618,_hb_font_set_ppem,0x14
0x48562c,_ZN17LogicDebugCommandC2Ev,0x54
0x485680,_ZN15DeeplinkManagerD2Ev,0x4
0x485684,_Java_com_supercell_titan_SupercellId_getCurrentAccount,0x8
0x48568c,_ZN15MapEditorScreen12clearBigTileEii,0x454
0x485ae0,_ZN5titan7android5media11MediaPlayer12prepareAsyncEv,0x7c
0x485b5c,_ZNSt6__ndk110__function6__funcIZN19EnvironmentRenderer6renderER9Matrix2x3R14ColorTransformifE3$_5NS_9allocatorIS7_EEFvvEEclEv,0x60
0x485bbc,_ZN12LocationItem19createContextButtonEv,0x150
0x485d0c,_ZNK6scglTF8MeshData10getNormalsEv,0x8
0x485d14,_ZNKSt6__ndk110__function6__funcIZN19SupercellIdCallback7friendsEP8_jobjectP13_jobjectArrayE4$_13NS_9allocatorIS7_EEFvvEE11target_typeEv,0xc
0x485d20,_ZN11HighlighterC2Ev,0x10
0x485d30,_ZN12BattleScreen13stopWithStickEP23LogicCharacterClientOwnb,0x204
0x485f34,_ZN15DownloadedImage12setupGLImageERK6String,0x118
0x48604c,_ZN24RankedLeaderboardsScreen16refreshSeasonTabEP9MovieClipbRK6String,0x6c
0x4860b8,_ZNK6String11toLowerCaseEv,0x10
0x4860c8,_ZN7Streams20readStringFromStreamEPcjR8InStream,0xcc
0x486194,_ZNK15LaserBoxManager7Website23getExternalManifestPathEv,0x1bc
0x486350,_ZNKSt6__ndk110__function6__funcIZN27BattleEndRankedRankUpScreen14addExecutionToEP18SequencedExecutionE3$_0NS_9allocatorIS5_EEFbvEE7__cloneEv,0x38
0x486388,_ZNK30LogicDeleteNotificationCommand14getCommandTypeEv,0x8
0x486390,_ZN23GetSeasonRewardsMessage6encodeEv,0x28
0x4863b8,_ZNK23FriendListUpdateMessage14getMessageTypeEv,0x8
0x4863c0,_ZN43PurchaseSkinGroupOfferHighlightPopupHandler9hasOffersEv,0x10
0x4863d0,_ZN13GoogleService10isSignedInEv,0x14
0x4863e4,_ZNK31CafeBazaarBillingRequestMessage14getMessageTypeEv,0x8
0x4863ec,_ZNK15LaserBoxManager25getGreenNotificationCountEv,0x4
0x4863f0,_ZN14LogicSoundData8destructEv,0x4
0x4863f4,_ZNK26RankedTeamSelectionManager16isOwnBanOrPreBanEv,0x5c
0x486450,_ZNK11wendelstein19SpawnBurstComponent21getMaxEmitterLifetimeERKNS_7EmitterE,0x9c
0x4864ec,_ZN4Shop18markAllAsInspectedEv,0x54
0x486540,_ZN8TestCase23withFirstSpriteMatchingENSt6__ndk18functionIFbP6SpriteEEENS1_IFvS3_EEE,0x874
0x486db4,_ZN20LogicJSONInReflector13fixReferencesEPK16ReflectableIdMap,0x244
0x486ff8,_ZN12TestReporter19getTestStatusStringEv,0x54
0x48704c,_ZN15LogicLocaleData12resetStaticsEPK8CSVTable,0x910
0x48795c,_ZN20SupercellIdOfferItemD0Ev,0x24
0x487980,_ZNSt6__ndk110__function6__funcIZN11scTaskQueue3runIZN8TestCase14getStageHeightEvE3$_9EENS_13invoke_resultIT_JEE4typeES7_EUlvE_NS_9allocatorISA_EEFvvEE18destroy_deallocateEv,0x4
0x487984,_ZN18FacebookConnectionC2EPKc,0x3c
0x4879c0,_ZN12AllianceInfo6updateEf,0x3a4
0x487d64,_ZNK14LogicThemeData13getExportNameEv,0x10
0x487d74,_ZN22ReportPlayerMapMessage18getServiceNodeTypeEv,0x8
0x487d7c,_ZN20LogicRawOutReflector10reflectIntEiPKci,0x60
0x487ddc,_ZN5lzham22lzham_lib_z_inflateEndEP14lzham_z_stream,0x68
0x487e44,_ZN28UdpLatencyTestRequestMessage6encodeEv,0x48
0x487e8c,_ZNSt6__ndk110__function6__funcIZN19SupercellIdCallback20connectedGamesFailedEP8_jobjectE4$_17NS_9allocatorIS5_EEFvvEED0Ev,0x4
0x487e90,_ZN32LogicDeviceLinkConfirmYesMessageC2Ev,0x9c
0x487f2c,_ZL10idct_blockPhiPsS_,0x418
0x488344,_ZN9MovieClip6reloadEPS_,0x4
0x488348,_ZN16TeamLeaveMessage6encodeEv,0x4
0x48834c,_ZNK14SceneCharacter8getTileXEv,0x1c
0x488368,_ZNK13DisplayObject9getBoundsEPK6SpriteP4Rectb,0x74
0x4883dc,_ZN9Messaging13setEncryptersEP15StreamEncrypterS1_P22ISetEncryptionListener,0x64
0x488440,_ZNK14LogicSkillData19getAreaEffectObjectEv,0x8
0x488448,_ucase_getSingleton_58,0xc
0x488454,_ZNK6scglTF8MeshData9getJointsEv,0x8
0x48845c,_ZNK6icu_5817StringEnumeration5cloneEv,0x8
0x488464,_ZN25DeviceLinkEnterCodeScreenC2E6String,0x424
0x488888,_ZN14LoginOkMessage17setContentURLListEP14LogicArrayListIP6StringE,0x8
0x488890,_ZN23AskPlayerJWTokenMessage6encodeEv,0x4
0x488894,_ZThn96_N9InboxItem13buttonClickedEP12CustomButton,0x8
0x48889c,_ZN11LogicPlayer12setEmptyNameEv,0x68
0x488904,_ZN12MovieClipRefC2EPK12SupercellSWFRK6String,0x3c
0x488940,_ZN25BattleReportStreamMessage6encodeEv,0xc8
0x488a08,_ZN13ProfileButtonD2Ev,0x3c
0x488a44,_ZNKSt6__ndk110__function6__funcIZN8TestCase17getVisibleButtonsEvE3$_3NS_9allocatorIS3_EEFP6SpritevEE7__cloneEPNS0_6__baseIS8_EE,0x10
0x488a54,_ZNSt6__ndk110__function6__funcIZZN11AndroidMain16onSurfaceChangedEiiENK3$_1clEvEUlvE_NS_9allocatorIS4_EEFvvEED0Ev,0x4
0x488a58,_ZN8InStreamC2EiPKh,0x294
0x488cec,_ZN5titan3com9supercell5titan14HelpshiftTitan24requestNotificationCountEv,0x5c
0x488d48,_hb_face_create,0xd8
0x488e20,_ZplRK6Stringi,0xec
0x488f0c,_ZL23replaceableIteratorNextP13UCharIterator,0x48
0x488f54,_ZN12DebugObjects12registerTypeEPvPKc,0x50
0x488fa4,_ZN5Stage13initShaderMapEv,0x1a4
0x489148,_ZL18InterpolateColoursPKiS0_S0_S0_iiiPi,0x15c
0x4892a4,_ZN21ChronosResourceHelper7loadSWFEiPK16ChronosFileEntry,0x3c
0x4892e0,_ZN13EffectManager32shouldUseChinaReplacementEffectsEv,0x4
0x4892e4,_ZNSt6__ndk110__function6__funcIZN21RankedTeamSelectPopup6updateEfE3$_0NS_9allocatorIS3_EEFP9ExecutionvEE18destroy_deallocateEv,0x4
0x4892e8,_ZN9DebugMenu13buttonClickedEP12CustomButton,0xe9c
0x48a184,_ZNSt6__ndk110__function6__funcIZN14LineConnection14requestFriendsEvE3$_5NS_9allocatorIS3_EEFvbPKN8linecorp4nova5graph5model21ProfilePagingResponseEPKNS7_5ErrorEEE18destroy_deallocateEv,0x4
0x48a188,_ZN31SkinPurchaseOptionDonationPopup17backButtonPressedEv,0x14
0x48a19c,_ZN13AnalyticEvent9setNumberERK6Stringi,0x4c
0x48a1e8,_ZN11SetRankIconD2Ev,0x1c
0x48a204,_ZNK24LatencyTestStatusMessage14getMessageTypeEv,0x8
0x48a20c,_ZN24LogicExpressionEvaluator9peekTokenEv,0x30
0x48a23c,_ZN14PiranhaMessage17setMessageVersionEi,0x14
0x48a250,_sub_48A250,0x2c
0x48a280,_sub_48A280,0xc
0x48a28c,_ZNK16SetRegionMessage14getMessageTypeEv,0x8
0x48a294,_ZN23TeamInvitationDataEntry6decodeEP10ByteStream,0x50
0x48a2e4,_ZN6icu_5810UnicodeSet3addERKNS_13UnicodeStringE,0xd8
0x48a3bc,_ZN10BattleMode10touchMovedERK5Touch,0x18
0x48a3d4,_ZN8ImageSet9isLoadingERK6String,0x64
0x48a438,_ZNK24LogicBillingPackagesData9isEnabledEv,0x48
0x48a480,_ZN13AntiAddiction19showGuestModePromptEv,0x4c
0x48a4cc,_ZN16RotateHeroButtonC2EP9MovieClip,0x6c
0x48a538,_ZN12EventTracker9sendEventERK6StringS2_S2_,0xe8
0x48a620,_ZN10PlayerInfo12refreshStatsEv,0x360
0x48a980,_ZN27PurchaseSkinGroupOfferPopup14setupOfferDescEP9TextFieldPK13LogicSkinDataPK13LogicGemOffer,0x7e0
0x48b160,_ZN15OutlineRenderer15destructStaticsEv,0xf4
0x48b254,_ZNK6icu_5815Normalizer2Impl24findPreviousCompBoundaryEPKtS2_,0x5c
0x48b2b0,_ZNKSt6__ndk110__function6__funcIZN19SupercellIdCallback27completeClaimShopItemResultEP8_jobjectRK6StringS7_E4$_23NS_9allocatorIS8_EEFvvEE11target_typeEv,0xc
0x48b2bc,_ZNKSt6__ndk110__function6__funcIZN11scTaskQueue3runIZN8TestCase11pressButtonEP12CustomButtonE3$_0EENS_13invoke_resultIT_JEE4typeES9_EUlvE_NS_9allocatorISC_EEFvvEE7__cloneEPNS0_6__baseISF_EE,0x18
0x48b2d4,_ZN11SCIDManager18innerForgetAccountERK6StringS2_,0x2b0
0x48b584,_ZN8GameMain17backButtonPressedEv,0x220
0x48b7a4,_ZNK8GameMain19isContentValidationEv,0x4
0x48b7a8,_ZNKSt6__ndk110__function6__funcIZN21RankedTeamSelectPopup6updateEfE3$_1NS_9allocatorIS3_EEFP9ExecutionvEE6targetERKSt9type_info,0x1c
0x48b7c4,_ZThn96_N17EventDetailsPopup13buttonClickedEP12CustomButton,0x8
0x48b7cc,_ZNSt6__ndk110__function6__funcIZN11AndroidMain16onSurfaceCreatedEP13ANativeWindowE3$_0NS_9allocatorIS5_EEFvvEED0Ev,0x4
0x48b7d0,_ZN14TitanInputFile5closeEv,0x4
0x48b7d4,_ZN5lzham12lzcompressor4initERKNS0_11init_paramsE,0x244
0x48ba18,_ZNK13LogicBossData35getRequiredCampaignProgressToUnlockEv,0x10
0x48ba28,_ZN37LogicSetESportsHubNotificationCommand6decodeEP10ByteStream,0x3c
0x48ba64,_ZN15LogicDailyOffer8destructEv,0x10
0x48ba74,_ZN17LogicSkinConfData10setSadAnimERK6String,0x14
0x48ba88,_ZN14TweenClipInOut5doHitEv,0x11c
0x48bba4,_ZN19AvatarStreamMessage18getServiceNodeTypeEv,0x8
0x48bbac,_ZN25SupportCreatorItemHandlerD0Ev,0x88
0x48bc34,_ZN15LogicClientHome25setOfflineRotationIndexesEii,0x1c
0x48bc50,_ZN7Offline24setOfflineHeroUnlockModeEi,0x4
0x48bc54,_ZN23SkinPreviewCameraButtonC2Ei,0x34
0x48bc88,_ZN16AllianceSettings7setDataEP14PiranhaMessage,0x54
0x48bcdc,_ZN9RankPopup23isDisplaySeasonEndPopupEPK13LogicHomeMode,0x4
0x48bce0,_ZN27TeamToggleMemberSideMessage18getServiceNodeTypeEv,0x8
0x48bce8,_ZN9Messaging4sendEP14PiranhaMessage,0x2c
0x48bd14,_sub_48BD14,0x10
0x48bd24,_sub_48BD24,0x2b4
0x48bfd8,_sub_48BFD8,0x54
0x48c02c,_ZN39GoogleServiceAccountAlreadyBoundMessage6decodeEv,0xa8
0x48c0d4,_ZN34PurchaseOfferHighlightPopupHandler7hasDescEv,0x20
0x48c0f4,_ZN29PurchaseGatchaBoxPopupHandlerD2Ev,0x44
0x48c138,_ZN18ClientHelloMessage11setProtocolEi,0x8
0x48c140,_ZNK14LogicEmoteData12getSoundDataEv,0x8
0x48c148,_ZN15AllianceManager34updatePendingExternalInviteRequestEv,0x178
0x48c2c0,_ZThn96_N17DebugCountryPopup13buttonClickedEP12CustomButton,0xa0
0x48c360,_ZN19DeviceLinkSubScreen10poppedBackEv,0x78
0x48c3d8,_ZN13ShopBgElement17setAnimationStateEi,0x108
0x48c4e0,_ZNK6Shader21setUniformVectorArrayEiiiPKf,0x70
0x48c550,_ZN11QuestsPopup14getTickerCountEv,0xe0
0x48c630,_ZN17LogicClientAvatar15setNpcLoseCountEi,0x8
0x48c638,_ZNK21LogicTutorialStepData22getAnimationMovieClip2Ev,0x10
0x48c648,_ZN25EventSuggestionStreamItem16getPlayerMapNameEP9EventData,0x4
0x48c64c,_ZN8GameMain11getInstanceEv,0x3c
0x48c688,_ZN11SoundSystem6updateEv,0x18
0x48c6a0,_ZN17LogicLocalization19getAllRowsFromTableER8LogicMapI6StringEPK19LogicMappedCSVTableRK14LogicArrayListIS1_Ei,0x190
0x48c830,_ZN11BadgeSprite15destructStaticsEv,0x158
0x48c988,_ZN10InputField34addLineBreaksToForbiddenCharactersEv,0x2b4
0x48cc3c,_ZN14MessageManager27clearBufferedServerCommandsEv,0x134
0x48cd70,_XzCheck_Init,0x3c
0x48cdac,_ZN13LogicDataSlot12readFromJSONEPK15LogicJSONObject,0x5c
0x48ce08,_ZN21SignoffPlayerMapPopup18customButtonTappedEP10GameButtoni,0x48
0x48ce50,_ZN14LoginOkMessage27removeChronosContentURLListEv,0x10
0x48ce60,_ZN21scMainThreadTaskQueue18getMainThreadQueueEv,0xc
0x48ce6c,_ZN9TeamEntry6encodeEP10ByteStream,0x260
0x48d0cc,_ZThn96_N12WaitingPopup13buttonClickedEP12CustomButton,0x78
0x48d144,_ZNSt6__ndk110__function6__funcIZN29scMultithreadedLoadingManager6submitEP14scResourceDataRK18scResourceLoadInfoE3$_0NS_9allocatorIS8_EEFvvEE7destroyEv,0x14
0x48d158,_ZN15EmojiStreamItemC2EP20QuickChatStreamEntry,0x1cc
0x48d324,_Java_com_supercell_titan_GameApp_backButtonPressed,0x44
0x48d368,_ZNK11FriendEntry10getKakaoIdEv,0x8
0x48d370,_ZN35AllianceInvitationSendFailedMessage6decodeEv,0x2c
0x48d39c,_ZN5titan3com9supercell5titan15UnbotifyManagerC2EP8_jobject,0xbc
0x48d458,_ZN13FriendsScreen14createOwnEntryEv,0x78
0x48d4d0,_ZNK17LogicClientAvatar16getHeroSeenStateEPK18LogicCharacterData,0x94
0x48d564,_ZNK35BuyBundleBillingPackResponseMessage14getMessageTypeEv,0x8
0x48d56c,_ZN14BlingTextField13initToReplaceEP9MovieClipP9TextFieldNS_10BlingStyleEbb,0x70
0x48d5dc,_ZN11Character3D16setSkinMaterialsEv,0x30c
0x48d8e8,_utext_openUnicodeString_58,0x38
0x48d920,_ZplRK6StringPKc,0x5c
0x48d97c,_ZNSt6__ndk110__function6__funcIZN11Application25prepareAttributionMessageEvE3$_3NS_9allocatorIS3_EEFbvEED0Ev,0x4
0x48d980,_ZNSt6__ndk110__function6__funcIZN7GLImage6createEPKc9ImageWrap11ImageFilterE3$_0NS_9allocatorIS7_EEFvvEED0Ev,0x4
0x48d984,_ZN10PlayerInfo16setHeroPositionsEi,0x114
0x48da98,_ZN10LogicGoals18getRewardCountUpToEiiii,0xd0
0x48db68,_ZNK14ChallengeEntry20getValidityInSecondsEv,0x8
0x48db70,_ZN18SeasonRewardsPopup17backButtonPressedEv,0xc
0x48db7c,_ZNK18DeliveryCardsPopup7getDropEv,0x44
0x48dbc0,_ZN12CsvPatchData8destructEv,0x2c
0x48dbec,_ZN9Character9endEffectEib,0xa4
0x48dc90,_ZNK13LogicItemData19getRandomStartFrameEv,0x10
0x48dca0,_ZN2OTL11match_glyphEjRKNS_7IntTypeItLj2EEEPKv,0x18
0x48dcb8,_ZNK14LogicSoundData18getStartDelayMaxMsEi,0x18
0x48dcd0,_ZN15EffectManager2D9addEffectEPK15LogicEffectDataff,0x14c
0x48de1c,_ZNK20LogicCharacterServer7hasSeenEPS_,0x34
0x48de50,_ZN20LogicCharacterServer16increaseChargeUpEi,0x4
0x48de54,_ZN11Application27getDeviceVerificationResultEv,0xc
0x48de60,_ZN12LogicVector2C2Eii,0x8
0x48de68,_ZN6icu_5813UnicodeString9fromUTF32EPKii,0x210
0x48e09c,_ZL17resample_row_hv_2PhS_S_ii,0x220
0x48e2bc,_ZNK14LogicSkillData18getChargeMoveSoundEv,0x8
0x48e2c4,_ZNK10StreamItem13shouldDestroyEb,0x2c
0x48e2f0,_ZN37LogicPurchaseHeroLvlUpMaterialCommand7absDiffEii,0xc
0x48e2fc,_ZN34FacebookAccountAlreadyBoundMessage12setPassTokenEP6String,0x8
0x48e304,_ZNK20LogicCharacterServer9isInRangeEiPS_bbbb,0x130
0x48e434,_ZN9CombatHUD15updateHintTextsEfiiiiiP23LogicCharacterClientOwn,0x30f0
0x491524,_ZN20EndClientTurnMessage17setDebugByteArrayEPci,0xc
0x491530,_Java_com_supercell_titan_SupercellId_donationReceivedNotification,0xc
0x49153c,_ZN9LogicMath3cosEii,0x94
0x4915d0,_ZN18ClientHelloMessage8destructEv,0x40
0x491610,_ZL18ucharstrenum_closeP12UEnumeration,0x4
0x491614,_ZNK10StringView9substringEii,0x180
0x491794,_ZNK12LogicTileMap20getVisibilityRadiusXEiiii,0x6c
0x491800,_ZNK19LogicResourceBundle11getChecksumEv,0xa0
0x4918a0,_ZN20LogicCharacterServer9giveCurseEiii,0x4
0x4918a4,_ZNK18LogicAccessoryData15getCustomValue5Ev,0x10
0x4918b4,_ZN23SCIDAccountBoundMessageC2Ei,0x3c
0x4918f0,_ZN10ScoresPage14refreshMainTabEv,0x164
0x491a54,_ZNK26RankedTeamSelectionManager17getOwnPlayerIndexEv,0x50
0x491aa4,_ZNK18LogicClientGlobals11getIntArrayERK6String,0x18
0x491abc,_ZN14LogicDailyData11addCooldownEP13CooldownEntry,0x140
0x491bfc,_ZN10PlayerInfo19displayConfirmPopupERK6StringS2_P14PiranhaMessageS2_b,0x268
0x491e64,_ZN5titan3com9supercell5titan19ApplicationUtilBase14getTotalMemoryEv,0x5c
0x491ec0,_ZN27LogicUnlockFreeSkinsCommand6decodeEP10ByteStream,0x4
0x491ec4,_ZN15UIListContainerD0Ev,0x108
0x491fcc,_ZNSt6__ndk110__function6__funcIZN19EnvironmentRenderer6renderER9Matrix2x3R14ColorTransformifE3$_8NS_9allocatorIS7_EEFvvEE7destroyEv,0x4
0x491fd0,_LookToRead_CreateVTable,0x3c
0x49200c,_ZN37LogicPurchaseBrawlPassProgressCommand6decodeEP10ByteStream,0x38
0x492044,_ZN8MaterialD0Ev,0x24
0x492068,_ZN9LogicData9setCSVRowEP6CSVRowi,0xec
0x492154,_ZN34PurchaseOfferHighlightPopupHandler13getOfferIndexEv,0x64
0x4921b8,_ZN17HighRateUdpSocketC2Ev,0x48
0x492200,_ZN20LogicRawOutReflector15reflectNextLongEx,0x30
0x492230,_ZN13LayerSprite3D11setViewportEPK13DisplayObject,0x54
0x492284,_ZN25BrawlTvChannelListMessage6decodeEv,0x1c8
0x49244c,_ZN37JoinAllianceResponseAvatarStreamEntry15setAllianceNameEP6String,0x8
0x492454,_ZN25LineAccountUnboundMessage8destructEv,0x4
0x492458,_LzmaUncompress,0x30
0x492488,_ZN39LogicAccountTransferCodeResponseMessage8destructEv,0x30
0x4924b8,_ZN20LogicCharacterServer8setStateEii,0x20
0x4924d8,_ZN15OfferBundleItemC2EP16LogicOfferBundleRK6StringS4_b,0xdc
0x4925b4,_ZNK6icu_5813BreakIterator13getRuleStatusEv,0x8
0x4925bc,_ZN14BattleEndPopup14isTeamSurvivalEv,0x14
0x4925d0,_ZThn336_N9HeroPopupD1Ev,0x8
0x4925d8,_ZN15MapEditorScreen22getMirroredCoordinatesEiRiS0_b,0x1fc
0x4927d4,_ZN5titan7android4view13WindowManagerC2EP8_jobject,0xbc
0x492890,_ZN16ResourceListener12addImageFileERK6String9ImageWrap11ImageFilterbb,0x40
0x4928d0,_ZN14SessionStatics25removePendingMapToSignoffEv,0x10
0x4928e0,_ZNSt6__ndk110__function6__funcIZN21RankedTeamSelectPopup6updateEfE3$_1NS_9allocatorIS3_EEFP9ExecutionvEEclEv,0x20
0x492900,_ZN5Debug14drawEllipseArcEffffffjf,0x4
0x492904,_ZN24LogicExpressionEvaluator5errorERK6String,0x98
0x49299c,_ZNK27AskForAllianceStreamMessage14getMessageTypeEv,0x8
0x4929a4,_ZN21LogicBattleModeClient18spectateNextPlayerEb,0xe8
0x492a8c,_ZNK13AlliancePopup12getPopupTypeEv,0x8
0x492a94,_ZN20AvatarProfilePicture26startProfilePictureLoadingEv,0xcc
0x492b60,_ZNK11BasePageGUI15getScrollAtPageEi,0x24
0x492b84,_ZNK12GUIContainer15setChildVisibleEPKcb,0x38
0x492bbc,_ZN12GUIContainerC2ERK6StringS2_,0xb0
0x492c6c,_ZN5lzham18lzham_lib_compressEPvPKhPmPhS3_j,0x10
0x492c7c,_ZN9MovieClip4playEv,0x14
0x492c90,_ZN26OfferPurchaseQuestionPopup13touchReleasedERK5Touch,0x30
0x492cc0,_ZN15TeamLeftMessage18getServiceNodeTypeEv,0x8
0x492cc8,_ZN14BattleEndPopup11displayHackEib,0x13e8
0x4940b0,_ZN6icu_5817DictionaryMatcherD0Ev,0x4
0x4940b4,_ZNK6icu_5822RuleBasedBreakIterator5cloneEv,0x90
0x494144,_ZN17HighRateUdpSocket23setHeartbeatTimeSettingEf,0x8
0x49414c,_ZN24LogicExpressionEvaluator8parseSumEv,0x354
0x4944a0,_ZN11SCIDManager20clearDeeplinkPayloadEv,0x58
0x4944f8,_ZNSt6__ndk110__function6__funcIZN11scTaskQueue3runIZN8TestCase20drawDebugPercentagesEvE4$_20EENS_13invoke_resultIT_JEE4typeES7_EUlvE_NS_9allocatorISA_EEFvvEED0Ev,0x4
0x4944fc,_ZN14AllianceCreateD2Ev,0x4c
0x494548,_ZN9TeamPopup15getSideForIndexEi,0xcc
0x494614,_ZN19SupercellIdCallback16getNativeManagerEP8_jobject,0x6c
0x494680,_ZN10ScrollArea6updateEf,0xd4
0x494754,_ZN6icu_5814RBBISetBuilderD2Ev,0x60
0x4947b4,_ZN14LoginOkMessage18setUnbotifyEnabledEb,0xc
0x4947c0,_ZN36GamecenterAccountAlreadyBoundMessage8destructEv,0xc4
0x494884,_ZN11TeamManager16destructInstanceEv,0x38
0x4948bc,_ZNK17HighRateUdpPacket9getSenderEv,0x8
0x4948c4,_Z20g_createGameInstancePii,0x4dc
0x494da0,_sub_494DA0,0x9d8
0x4957d4,_ZNK12GemOfferItem25getGameModeIconExportNameEi,0xb4
0x495888,_ZNK10NativeFont12hasGlyphsForERK6String,0x8
0x495890,_ZN14ChatStreamBase19openChatContextMenuEP10StreamItemP11ContextMenu,0x118
0x4959a8,_ZN22scThreadSafeRingBuffer6wakeUpEv,0x8
0x4959b0,_ZNK20LogicEmoteBundleData11canBeBoughtEv,0x10
0x4959c0,_ZN8Sprite3D15updateAnimationEf,0x164
0x495b24,_ZN15LaserBoxManager7WebsiteC2ENS_8SiteTypeEPKcS3_S3_,0x88
0x495bac,_ZNK13LogicSkinData14getSkinGroupIdEv,0x10
0x495bbc,_uloc_getDefault_58,0x4
0x495bc0,_ZN9Messaging10disconnectERKNSt6__ndk110shared_ptrIvEE,0x14
0x495bd4,_ZN16LogicJSONBoolean8destructEv,0x24
0x495bf8,_ZN15RankRewardPopupC2EP22RankRewardNotification,0x2a8
0x495ea0,_ZNK17LogicShopItemData21getBrawlPassAssetFreeEv,0x10
0x495eb0,_ZN18OwnHomeDataMessageC2Ei,0x34
0x495ee4,_ZN16DropGUIContainer15createInsideGUIEPKc,0xac
0x495f90,_ZNKSt6__ndk110__function6__funcIZN6scglTF12_GLOBAL__N_111convertGLTFEP7SCWFileRKN2fx4gltf8DocumentERK6StringE3$_0NS_9allocatorISE_EEFvvEE7__cloneEv,0x38
0x495fc8,_ZNK3GUI15getTopPopupTypeEv,0x28
0x495ff0,_ZN31ChangeAllianceSettingsOkMessage18getServiceNodeTypeEv,0x8
0x495ff8,_ZN10BitmapFontD2Ev,0xac
0x4960a4,_ZN17AvatarStreamEntry14setSenderLevelEi,0x8
0x4960ac,_ZN12_GLOBAL__N_14coreEPhPKhS2_S2_i.12685,0x6ec
0x496798,_ZN16LocationCategoryC2EiP19SelectLocationPopup,0x274
0x496a0c,_ZN35GetAllianceInviteTokenResultMessage6decodeEv,0x44
0x496a50,_ZN13StringBuilder6ensureEi,0x7c
0x496acc,_ZN22AskForBattleEndMessageC2Ev,0x40
0x496b0c,_ZN8HomePage30isOwnDifficultyHigherThanTeamsEv,0x74
0x496b80,_ZN18AddableFriendEntry11setAvatarIdEii,0x8
0x496b88,_ZNK6scFile6isOpenEv,0x18
0x496ba0,_ZN31ChangeAllianceMemberRoleMessage10setNewRoleEi,0x8
0x496ba8,_ZN15LogicDataTables23getCollectPowerupEffectEv,0xc
0x496bb4,_ZNK10TeamStream19getRootNodeInternalEv,0x8
0x496bbc,_ZNSt6__ndk110__function6__funcIZN11AndroidMain16inputTextChangedERK6StringE4$_10NS_9allocatorIS6_EEFvvEED2Ev,0x10
0x496bcc,_ZN15LogicPathFinder8findPathEiPK12LogicVector2S2_bPS0_bbbb,0x450
0x49701c,_ZNK31PvpMatchmakeNotificationMessage13getLevelIndexEv,0x8
0x497024,_ZN24TitanDisconnectedMessage6decodeEv,0x2c
0x497050,_ZN5Stage11removeChildEP13DisplayObject,0x8
0x497058,_ZN6Effect6updateEi,0x3a8
0x497400,_ZN27GoogleBillingRequestMessageC2Ei,0xd8
0x4974d8,_ZN15MovieClipHelper15setNoMoneyColorEP9TextField,0x40
0x497518,_ZNK6icu_5816RBBITableBuilder12getTableSizeEv,0x50
0x497568,_ZNK17OnlineTeamupPopup12getPopupTypeEv,0x8
0x497570,_ZN10HomeScreen24inboxNotificationClaimedEP16BaseNotification,0x8
0x497578,_ZNSt6__ndk110__function6__funcIZN19SupercellIdCallback20connectedGamesFailedEP8_jobjectE4$_17NS_9allocatorIS5_EEFvvEE18destroy_deallocateEv,0x4
0x49757c,_ZN30PurchaseKeyDoublerPopupHandler10createItemEi,0x40
0x4975bc,_ZN4asio6detail16range_connect_opINS_2ip3tcpENS_15any_io_executorENS2_22basic_resolver_resultsIS3_EENS0_25default_connect_conditionEZZN9Messaging7connectERK6StringSB_ENK3$_2clERKNSt6__ndk110error_codeES6_EUlSG_RKT_E_EclESE_i,0x98c
0x497f48,_ZN8Sprite3DD2Ev,0x160
0x4980a8,_ZL17transformPositioniPKcPciiiiPK9xMatrix44iiR7Vector3IfES7_,0x270
0x498318,_ZN10LogicGoals13getPlayerRankEi,0xac
0x4983c4,_ZN20TicketPacksTimerItem6updateEP9MovieClipS1_f,0x164
0x498528,_ZN17LogicGamePlayUtil31getClosestAnyCollisionWithWidthEiiiiPK12LogicTileMapP12LogicVector2bbbb,0x470
0x498998,_ZN15LogicDataTables17getClosestGemPackEi,0xd0
0x498a68,_ZN11InputSystem6updateEv,0x1250
0x49a2b4,_ZN31LogicPurchaseDoubleCoinsCommand6decodeEP10ByteStream,0x4
0x49a2b8,_ZN31PreviewBrawlerOrSkinRewardPopupD0Ev,0x60
0x49a318,_ZNK14EnterNamePopup12getPopupTypeEv,0x8
0x49a320,_ZN19LogicCommandManager8destructEv,0xb0
0x49a3d0,_ZNK20LogicCharacterServer8isObjectEv,0x8
0x49a3d8,_ZNKSt6__ndk120__shared_ptr_pointerIPvZNK14scMemoryHandle10createViewES1_mPFvRKS2_EE3$_0NS_9allocatorIvEEE13__get_deleterERKSt9type_info,0x1c
0x49a3f4,_ZN15LogicDataTables23getLaserBallThrowEffectEv,0xc
0x49a400,_ZN20PlayerMapRenamePopup15handleOkPressedEv,0xbc
0x49a4bc,_ZNK17AllianceFullEntry6encodeEP10ByteStream,0xb0
0x49a56c,_ZN17LogicGameModeUtil22isPlayedOnVeryLargeMapEi,0x24
0x49a590,_ZThn8_N24SkinCampaignGroupHandler13buttonClickedEP12CustomButton,0x114
0x49a6a4,_ZN21LogicAreaEffectServer7triggerEv,0x7a4
0x49ae48,_ZN14TencentManager12boundAccountERK6String,0xd4
0x49af1c,_ZNSt6__ndk110__function6__funcIZN6Shader4loadEPKcS4_S4_E3$_1NS_9allocatorIS5_EEFvvEED0Ev,0x4
0x49af20,_ZN22ShapeDrawBitmapCommand15collisionRenderER5StageRK9Matrix2x3RK14ColorTransform,0x8
0x49af28,_ZN5lzham11lzham_timer5startEv,0x34
0x49af5c,_ZNKSt6__ndk110__function6__funcIZ43Java_com_supercell_titan_Kakao_logoutResultE3$_4NS_9allocatorIS2_EEFvvEE6targetERKSt9type_info,0x1c
0x49af78,_ZN14MessageManager20combineVisionUpdatesEP19VisionUpdateMessage,0x58c
0x49b504,_ZN12scWorkerPool11getInstanceEv,0xf8
0x49b5fc,_ZN26LogicVanityItemSeenCommand8destructEv,0x24
0x49b620,_ZN9BitStream10readOneBitEv,0x44
0x49b664,_Z5getVmv,0xc
0x49b670,_ZNKSt6__ndk110__function6__funcIZN19EnvironmentRenderer6renderER9Matrix2x3R14ColorTransformifE3$_0NS_9allocatorIS7_EEFvvEE7__cloneEPNS0_6__baseISA_EE,0x18
0x49b688,_ZN15LogicItemServer17setFromToPositionEiiiiii,0x5c
0x49b6e4,_ZN9xMatrix4417createTranslationERK7Vector3IfE,0x2c
0x49b710,_ZN10AreaEffectC2EPK21LogicAreaEffectClientP12RenderSystem,0x298
0x49b9a8,_u_isalnum_58,0x84
0x49ba2c,_ZNK25TencentCheckCanPayMessage14getMessageTypeEv,0x8
0x49ba34,_ZN16BufferedReadFile4openEPKc,0x12c
0x49bb60,_ZN12AllianceInfo21allianceMemberRemovedEPK9LogicLong,0xd4
0x49bc34,_ZN9Character19createHealthBarClipERK6StringS2_f,0x44
0x49bc78,_egc_iter_set_text,0x94
0x49bd0c,_ZN15LogicDataTables17getResourceByNameERK6StringPK9LogicData,0x20
0x49bd2c,_ZN21RankedTeamSelectPopupD2Ev,0x330
0x49c05c,_ZNKSt6__ndk110__function6__funcIZN11AndroidMain15_gameForegroundEvE4$_15NS_9allocatorIS3_EEFvvEE11target_typeEv,0xc
0x49c068,_ZN5Stage11bindTextureEP7GLImage,0x3c
0x49c0a4,_ZN16BufferedReadFile4readEmPv,0x48
0x49c0ec,_ZN24BindYoozooAccountMessage6decodeEv,0xa4
0x49c190,_ZNK22LogicSelectSkinCommand14getCommandTypeEv,0x8
0x49c198,_ZN9BitStream20readPositiveIntMax31Ev,0x130
0x49c2c8,_ZNKSt6__ndk110__function6__funcIZN19SupercellIdCallback24setPendingLoginWithPhoneEP8_jobjectRK6StringbE3$_8NS_9allocatorIS8_EEFvvEE11target_typeEv,0xc
0x49c2d4,_ZNSt6__ndk110__function6__funcIZN11scTaskQueue3runIZN8TestCase10touchStageER5TouchE3$_5EENS_13invoke_resultIT_JEE4typeES9_EUlvE_NS_9allocatorISC_EEFvvEE18destroy_deallocateEv,0x4
0x49c2d8,_ZNK20PlayerMapRenamePopup28allowClosingFromModalTappingEv,0x8
0x49c2e0,_ZN10TeamStream12compareLongsEPK9LogicLongS2_,0x7c
0x49c35c,_ZN17LogicCampaignDataC2EP6CSVRowP14LogicDataTable,0x34
0x49c390,_ZNK18LogicMapEditorMode11getTileDataEi,0x1c
0x49c3ac,_ZN15LogicDataTables25getConsumableShieldEffectEv,0xc
0x49c3b8,_ZN18DataPatchGeneratorD2Ev,0x4
0x49c3bc,_ZN16LobbyInfoMessage8destructEv,0x7c
0x49c438,_ZN8HomePage20refreshRankedElementEv,0x22c
0x49c664,_ZN10GameButton12createButtonEP9MovieClipP15IButtonListener,0x120
0x49c784,_ZNKSt6__ndk110__function6__funcIZN12RenderSystem24startEffectManagerUpdateEfE3$_0NS_9allocatorIS3_EEFvvEE6targetERKSt9type_info,0x1c
0x49c7a0,_ZN15ResourceManager7destroyEv,0x124
0x49c8c4,_ZN12LogicCommandC2Ev,0x3c
0x49c900,_ZN16ServerConnection11getKeyValueERK6String,0x6c
0x49c96c,_ZNK17LogicCampaignData7getBaseEv,0x24
0x49c990,_ZThn8_N10SCTuneImplD1Ev,0x8
0x49c998,_ZNKSt6__ndk110__function6__funcIZN19SupercellIdCallback14friendsChangedEP8_jobjectP13_jobjectArrayE4$_14NS_9allocatorIS7_EEFvvEE7__cloneEPNS0_6__baseISA_EE,0x20
0x49c9b8,_ZN20LogicCharacterServer13tickWhirlwindEv,0x4
0x49c9bc,_ZN23TeamSetPlayerMapMessage24overrideDefaultModifiersERK17LogicIntArrayList,0x204
0x49cbc0,_ZNK18LogicAnimationData11getEndFrameEv,0x8
0x49cbc8,_ZN10PlayerInfo10refreshTabEP10GameButtoni,0x14
0x49cbdc,_ZN6icu_5815RBBIDataWrapperD2Ev,0x40
0x49cc1c,_ZN12SBMAnimationD2Ev,0x74
0x49cc90,_ZNK12_GLOBAL__N_115scFileImpl_Pack4sizeEv,0xc
0x49cc9c,_ZN28AllianceMemberRemovedMessage6encodeEv,0x38
0x49ccd4,_ZN4asio6detail22executor_function_view8completeINS0_7binder2INS0_7read_opINS_19basic_stream_socketINS_2ip3tcpENS_15any_io_executorEEENS_17mutable_buffers_1EPKNS_14mutable_bufferENS0_14transfer_all_tEZN9Messaging15startSocketReadERKNSt6__ndk110shared_ptrIvEEE3$_3EENSG_10error_codeEmEEEEvPv,0x10
0x49cce4,_ZNSt6__ndk110__function6__funcIZN19SupercellIdCallback24setPendingLoginWithPhoneEP8_jobjectRK6StringbE3$_8NS_9allocatorIS8_EEFvvEED0Ev,0x30
0x49cd14,_ZN35AddFriendByAvatarNameAndCodeMessage16removeAvatarNameEv,0x10
0x49cd24,_ZN26AllianceTeamRemovedMessage6encodeEv,0x28
0x49cd4c,_ZN10AreaEffect8destructEv,0x15c
0x49cea8,_ZN44DebugPlayerMapReviewResultOverrideSetMessage6encodeEv,0x28
0x49ced0,_ZN6Screen16setSafeMarginTopEj,0xc
0x49cedc,_inflateReset2,0x178
0x49d054,_ZNK6icu_5813UnicodeString7toUTF32EPiiR10UErrorCode,0xbc
0x49d110,_ZN18LogicAnimationData18setFaceFreezeFrameEi,0x80
0x49d190,_ZN7GLImage6createEiiiPKh9ImageWrap11ImageFilter,0x30c
0x49d49c,_ZN12_GLOBAL__N_115scFileImpl_PackD0Ev,0xd0
0x49d56c,_ZNK21LogicProjectileServer17isSummoningMinionEv,0x20
0x49d58c,_ZN8HomePage28getFeaturedPlayerPlaceHolderEb,0xc8
0x49d654,_ucdn_get_script,0x6c
0x49d6c0,_Z29decompressBlockTHUMB59TAlphaCjjPhS_iiiii,0x35c
0x49da1c,_ZN22BattleEndPreviewButton13buttonPressedEv,0xfc
0x49db18,_ures_getVersion_58,0x30
0x49db48,_ZN12GenericPopup7setTextERK6StringS2_,0x54
0x49db9c,_ZN17TencentLoginState15closeTermsPopupEv,0x40
0x49dbdc,_ZN23OfflineFriendInviteItem18refreshSourceIconsEP9MovieClipP12OnlinePlayer,0x198
0x49dd74,_ZN24EsportTournamentsWebView15getPlayerParamsERNSt6__ndk16vectorI6StringNS0_9allocatorIS2_EEEEb,0x2ec
0x49e060,_ZNK6icu_5815Normalizer2Impl7composeEPKtS2_aaRNS_16ReorderingBufferER10UErrorCode,0x810
0x49e870,_ZN21LogicProjectileServer13isChainBulletEv,0x40
0x49e8b0,_ZN7Popover6updateEf,0x4d4
0x49ed84,_ZN6icu_5822UCharCharacterIterator5firstEv,0x28
0x49edac,_ZN27HeroPowerRewardNotification6encodeEP15ChecksumEncoder,0x5c
0x49ee08,_ZN7SBMMesh13getBoneMatrixEi,0x2c
0x49ee34,_ZNK11LineManager18isFriendListLoadedEv,0x8
0x49ee3c,_ZN18ClientInputMessage6encodeEv,0x154
0x49ef90,_ZN9CombatHUD17setUltiStickStateEb,0x48
0x49efd8,_ZThn96_N22SettingsLanguageScreen13buttonClickedEP12CustomButton,0x8
0x49efe0,_ZNK6icu_586BMPSet8spanBackEPKtS2_17USetSpanCondition,0x3e0
0x49f3c0,_ZN14BattleEndPopup14isChallengeWinEv,0x48
0x49f408,_ZN12KakaoManagerC2Ev,0xbc
0x49f4c4,_ZNSt6__ndk110__function6__funcIZN7GLImage14updateSubImageEPKhiiiE3$_9NS_9allocatorIS5_EEFvvEE7destroyEv,0x4
0x49f4c8,_ZN19AvatarStreamMessage6encodeEv,0xbc
0x49f584,_ZN19AllianceHeaderEntryC2Ev,0x18
0x49f59c,_ZN9AntiCheat17isSessionTamperedEv,0x90
0x49f62c,_ZN15LogicDataTables20getSpawnShieldEffectEv,0xc
0x49f638,_ZN5titan3com9supercell2id14IdIngameFriendC2EP8_jobject,0xbc
0x49f6f4,_ZN15AllianceManager22isAcceptTeamForDisplayEiP17AllianceTeamEntryib,0xf4
0x49f7e8,_ZN24CancelMatchmakingMessage18getServiceNodeTypeEv,0x8
0x49f7f0,_ZN17LogicGameModeUtil19displayOneHealthbarEi,0x30
0x49f820,_ZN18sc3dPanPinchCamera13enablePanningEb,0x24
0x49f844,_ZN12CounterTween15setIconLocationEv,0x4c
0x49f890,_ZNSt6__ndk110__function6__funcIZN11scTaskQueue3runIZN7GLImage6createEPKcS6_9ImageWrap11ImageFilterE3$_6EENS_13invoke_resultIT_JEE4typeESB_EUlvE_NS_9allocatorISE_EEFvvEE18destroy_deallocateEv,0x4
0x49f894,_ZN13QuestListItemD2Ev,0x64
0x49f8f8,_ZN25TencentCheckCanPayMessage8destructEv,0x24
0x49f91c,_ZN8RankItem9getSeasonEv,0x18
0x49f934,_ZN5titan3com9supercell5titan12TitanWebView9setObjPtrEl,0x80
0x49f9b4,_ZNK22UpdatePlayerMapMessage8getMapIdEv,0x8
0x49f9bc,_ZNK12BattleScreen17getLogicToPixelsXEv,0x10
0x49f9cc,_ZN19GameSliderComponent12addChildClipEP9MovieClip,0xf8
0x49fac4,_ZN26AuthenticationCheckMessageC2Ev,0x30
0x49faf4,_ZN16GameObjectSprite20setPositionFromLogicEii,0x2c
0x49fb20,_ZN12BattleScreen20handleTouchCancelledEi,0x154
0x49fc74,_ZN36GamecenterAccountAlreadyBoundMessage12removeOpenIdEv,0x10
0x49fc84,_ZN14MessageManager26clearLatestLatencyDataListEv,0x124
0x49fda8,_ZNK6icu_5814LaoBreakEngine23divideUpDictionaryRangeEP5UTextiiRNS_6UStackE,0x584
0x4a032c,_ZNK12scZstdFilter4readEPvm,0x84
0x4a03b0,_ZN16AllianceSettings15countrySelectedEP6String,0xe8
0x4a0498,_Z25crypto_sign_open_originalPhPyPKhyS2_,0x110
0x4a05a8,_sub_4A05A8,0x4690
0x4a4c3c,_sub_4A4C3C,0x24
0x4a4c60,_sub_4A4C60,0xe7c
0x4a5adc,_sub_4A5ADC,0x10
0x4a5b3c,_sub_4A5B3C,0x14
0x4a5b90,_sub_4A5B90,0x24
0x4a5bb4,_sub_4A5BB4,0xe7c
0x4a6a30,_sub_4A6A30,0x10
0x4a6a90,_sub_4A6A90,0x14
0x4a6bc0,_sub_4A6BC0,0x24
0x4a6be4,_sub_4A6BE4,0xf18
0x4a7afc,_sub_4A7AFC,0x10
0x4a7b5c,_sub_4A7B5C,0x14
0x4a7ba0,_sub_4A7BA0,0x24
0x4a7bc4,_sub_4A7BC4,0xf54
0x4a8b18,_sub_4A8B18,0x10
0x4a8b80,_sub_4A8B80,0x14
0x4a8bc4,_sub_4A8BC4,0x24
0x4a8be8,_sub_4A8BE8,0xfc0
0x4a9ba8,_sub_4A9BA8,0x10
0x4a9c10,_sub_4A9C10,0x14
0x4a9c64,_sub_4A9C64,0x24
0x4a9c88,_sub_4A9C88,0xf5c
0x4aabe4,_sub_4AABE4,0x18
0x4aac54,_sub_4AAC54,0x1c
0x4aaca8,_sub_4AACA8,0x24
0x4aaccc,_sub_4AACCC,0xf54
0x4abc20,_sub_4ABC20,0x18
0x4abc90,_sub_4ABC90,0x1c
0x4abe10,_sub_4ABE10,0x120
0x4abf34,_sub_4ABF34,0x24
0x4abf58,_sub_4ABF58,0xf74
0x4acecc,_sub_4ACECC,0x18
0x4acf3c,_sub_4ACF3C,0x1c
0x4ad014,_sub_4AD014,0xc
0x4ad044,_sub_4AD044,0x34
0x4ad07c,_sub_4AD07C,0x24
0x4ad0a0,_sub_4AD0A0,0xe94
0x4adf34,_sub_4ADF34,0x10
0x4adf94,_sub_4ADF94,0x1c
0x4adfe8,_sub_4ADFE8,0x24
0x4ae00c,_sub_4AE00C,0xe64
0x4aee70,_sub_4AEE70,0x10
0x4aeed0,_sub_4AEED0,0x14
0x4aef00,_sub_4AEF00,0x1f9c
0x4b0e9c,_sub_4B0E9C,0x1fe0
0x4b2ebc,_sub_4B2EBC,0x10
0x4b2efc,_sub_4B2EFC,0x2c
0x4b2fec,_sub_4B2FEC,0x24
0x4b3010,_sub_4B3010,0xe64
0x4b3e74,_sub_4B3E74,0x10
0x4b3ed4,_sub_4B3ED4,0x14
0x4b3f34,_sub_4B3F34,0x24
0x4b3f58,_sub_4B3F58,0xe64
0x4b4dbc,_sub_4B4DBC,0x10
0x4b4e1c,_sub_4B4E1C,0x14
0x4b4f24,_sub_4B4F24,0x24
0x4b4f48,_sub_4B4F48,0xe7c
0x4b5dc4,_sub_4B5DC4,0x10
0x4b5e24,_sub_4B5E24,0x14
0x4b5f00,_sub_4B5F00,0x3c
0x4b5f40,_sub_4B5F40,0x24
0x4b5f64,_sub_4B5F64,0xea0
0x4b6e04,_sub_4B6E04,0x10
0x4b6e64,_sub_4B6E64,0x14
0x4b70fc,_sub_4B70FC,0x24
0x4b7120,_sub_4B7120,0xea8
0x4b7fc8,_sub_4B7FC8,0x10
0x4b8028,_sub_4B8028,0x14
0x4b814c,_sub_4B814C,0x7c
0x4b844c,_sub_4B844C,0x4c
0x4b8504,_sub_4B8504,0xec
0x4b8628,_sub_4B8628,0x1fa4
0x4ba674,_sub_4BA674,0x68
0x4ba6dc,_sub_4BA6DC,0x79c
0x4bae7c,_sub_4BAE7C,0x24
0x4baea0,_sub_4BAEA0,0x2c
0x4baed0,_sub_4BAED0,0x2c
0x4baf00,_sub_4BAF00,0x24
0x4baf24,_sub_4BAF24,0x44
0x4baf68,_sub_4BAF68,0x1c
0x4baf84,_sub_4BAF84,0x10
0x4baf94,_sub_4BAF94,0x2c
0x4bafc4,_sub_4BAFC4,0x2c
0x4baff4,_sub_4BAFF4,0x38
0x4bb02c,_sub_4BB02C,0x1c
0x4bb048,_sub_4BB048,0x10
0x4bb058,_sub_4BB058,0x24
0x4bb07c,_sub_4BB07C,0x38
0x4bb0b4,_sub_4BB0B4,0x38
0x4bb0f0,_sub_4BB0F0,0x24
0x4bb114,_sub_4BB114,0x3c
0x4bb150,_sub_4BB150,0x48
0x4bb198,_sub_4BB198,0x48
0x4bb1e0,_sub_4BB1E0,0x1c
0x4bb1fc,_sub_4BB1FC,0x40
0x4bb23c,_sub_4BB23C,0x30
0x4bb26c,_sub_4BB26C,0x24
0x4bb290,_sub_4BB290,0x38
0x4bb2c8,_sub_4BB2C8,0x44
0x4bb30c,_sub_4BB30C,0x50
0x4bb35c,_sub_4BB35C,0x1c
0x4bb378,_sub_4BB378,0x24
0x4bb39c,_sub_4BB39C,0x10
0x4bb3ac,_sub_4BB3AC,0x238
0x4bb5e8,_sub_4BB5E8,0x24
0x4bb60c,_sub_4BB60C,0xe98
0x4bc4a4,_sub_4BC4A4,0x10
0x4bc504,_sub_4BC504,0x14
0x4bc648,_sub_4BC648,0x24
0x4bc66c,_sub_4BC66C,0xe88
0x4bd4f4,_sub_4BD4F4,0x10
0x4bd554,_sub_4BD554,0x14
0x4bd5a4,_sub_4BD5A4,0x24
0x4bd5c8,_sub_4BD5C8,0xe94
0x4be45c,_sub_4BE45C,0x10
0x4be4bc,_sub_4BE4BC,0x14
0x4be500,_sub_4BE500,0x24
0x4be524,_sub_4BE524,0xeb4
0x4bf3d8,_sub_4BF3D8,0x10
0x4bf438,_sub_4BF438,0x14
0x4bf484,_sub_4BF484,0x24
0x4bf4a8,_sub_4BF4A8,0xe9c
0x4c0344,_sub_4C0344,0x10
0x4c03a4,_sub_4C03A4,0x14
0x4c0a58,_sub_4C0A58,0x24
0x4c0a7c,_sub_4C0A7C,0xe78
0x4c18f4,_sub_4C18F4,0x10
0x4c1954,_sub_4C1954,0x14
0x4c19a0,_sub_4C19A0,0x24
0x4c19c4,_sub_4C19C4,0xe58
0x4c281c,_sub_4C281C,0x10
0x4c287c,_sub_4C287C,0x14
0x4c28c0,_sub_4C28C0,0x24
0x4c28e4,_sub_4C28E4,0xe58
0x4c373c,_sub_4C373C,0x10
0x4c379c,_sub_4C379C,0x14
0x4c37e0,_sub_4C37E0,0x24
0x4c3804,_sub_4C3804,0xe58
0x4c465c,_sub_4C465C,0x10
0x4c46bc,_sub_4C46BC,0x14
0x4c4904,_sub_4C4904,0x24
0x4c4928,_sub_4C4928,0x2c
0x4c4958,_sub_4C4958,0x2c
0x4c4988,_sub_4C4988,0x24
0x4c49ac,_sub_4C49AC,0x3c
0x4c49e8,_sub_4C49E8,0x1c
0x4c4a04,_sub_4C4A04,0x10
0x4c4a14,_sub_4C4A14,0x2c
0x4c4a44,_sub_4C4A44,0x2c
0x4c4a74,_sub_4C4A74,0x38
0x4c4aac,_sub_4C4AAC,0x1c
0x4c4ac8,_sub_4C4AC8,0x10
0x4c4ad8,_sub_4C4AD8,0x24
0x4c4afc,_sub_4C4AFC,0x38
0x4c4b34,_sub_4C4B34,0x38
0x4c4b70,_sub_4C4B70,0x24
0x4c4b94,_sub_4C4B94,0x3c
0x4c4bd0,_sub_4C4BD0,0x48
0x4c4c18,_sub_4C4C18,0x48
0x4c4c60,_sub_4C4C60,0x1c
0x4c4c7c,_sub_4C4C7C,0x40
0x4c4cbc,_sub_4C4CBC,0x30
0x4c4cec,_sub_4C4CEC,0x24
0x4c4d10,_sub_4C4D10,0x38
0x4c4d48,_sub_4C4D48,0x44
0x4c4d8c,_sub_4C4D8C,0x50
0x4c4ddc,_sub_4C4DDC,0x1c
0x4c4df8,_sub_4C4DF8,0x24
0x4c4e1c,_sub_4C4E1C,0x10
0x4c4e2c,_sub_4C4E2C,0x238
0x4c5068,_sub_4C5068,0x24
0x4c508c,_sub_4C508C,0xe78
0x4c5f04,_sub_4C5F04,0x10
0x4c5f64,_sub_4C5F64,0x14
0x4c60a8,_sub_4C60A8,0x24
0x4c60cc,_sub_4C60CC,0xe78
0x4c6f44,_sub_4C6F44,0x10
0x4c6fa4,_sub_4C6FA4,0x14
0x4c6fec,_sub_4C6FEC,0x24
0x4c7010,_sub_4C7010,0xe84
0x4c7e94,_sub_4C7E94,0x10
0x4c7ef4,_sub_4C7EF4,0x14
0x4c7f38,_sub_4C7F38,0x24
0x4c7f5c,_sub_4C7F5C,0xea4
0x4c8e00,_sub_4C8E00,0x10
0x4c8e60,_sub_4C8E60,0x14
0x4c8ea8,_sub_4C8EA8,0x24
0x4c8ecc,_sub_4C8ECC,0xe84
0x4c9d50,_sub_4C9D50,0x10
0x4c9db0,_sub_4C9DB0,0x14
0x4ca450,_sub_4CA450,0x24
0x4ca474,_sub_4CA474,0xe70
0x4cb2e4,_sub_4CB2E4,0x10
0x4cb344,_sub_4CB344,0x14
0x4cb388,_sub_4CB388,0x24
0x4cb3ac,_sub_4CB3AC,0xe48
0x4cc1f4,_sub_4CC1F4,0x10
0x4cc254,_sub_4CC254,0x14
0x4cc2a0,_sub_4CC2A0,0x24
0x4cc2c4,_sub_4CC2C4,0xe48
0x4cd10c,_sub_4CD10C,0x10
0x4cd16c,_sub_4CD16C,0x14
0x4cd1b0,_sub_4CD1B0,0x24
0x4cd1d4,_sub_4CD1D4,0xe48
0x4ce01c,_sub_4CE01C,0x10
0x4ce07c,_sub_4CE07C,0x14
0x4ce3e8,_sub_4CE3E8,0x24
0x4ce40c,_sub_4CE40C,0xe9c
0x4cf2a8,_sub_4CF2A8,0x10
0x4cf308,_sub_4CF308,0x14
0x4cf360,_sub_4CF360,0x24
0x4cf384,_sub_4CF384,0xe9c
0x4d0220,_sub_4D0220,0x10
0x4d0280,_sub_4D0280,0x14
0x4d0314,_sub_4D0314,0x18
0x4d0530,_sub_4D0530,0x24
0x4d0554,_sub_4D0554,0xe94
0x4d13e8,_sub_4D13E8,0x10
0x4d1448,_sub_4D1448,0x14
0x4d156c,_sub_4D156C,0x30
0x4d1690,_sub_4D1690,0xefc
0x4d258c,_sub_4D258C,0x18
0x4d26b4,_sub_4D26B4,0x1c
0x4d2bac,_sub_4D2BAC,0x38
0x4d2c30,_sub_4D2C30,0x40
0x4d2ce0,_sub_4D2CE0,0x50
0x4d2f24,_sub_4D2F24,0x4
0x4d2f74,_sub_4D2F74,0x14
0x4d32b0,_sub_4D32B0,0x24
0x4d32d4,_sub_4D32D4,0xebc
0x4d4190,_sub_4D4190,0x10
0x4d41f0,_sub_4D41F0,0x14
0x4d4254,_sub_4D4254,0x58
0x4d43d8,_sub_4D43D8,0x10
0x4d446c,_sub_4D446C,0x80c
0x4d4c7c,_sub_4D4C7C,0x24
0x4d4ca0,_sub_4D4CA0,0x2c
0x4d4cd0,_sub_4D4CD0,0x2c
0x4d4d00,_sub_4D4D00,0x24
0x4d4d24,_sub_4D4D24,0x3c
0x4d4d60,_sub_4D4D60,0x1c
0x4d4d7c,_sub_4D4D7C,0x10
0x4d4d8c,_sub_4D4D8C,0x2c
0x4d4dbc,_sub_4D4DBC,0x2c
0x4d4dec,_sub_4D4DEC,0x38
0x4d4e24,_sub_4D4E24,0x1c
0x4d4e40,_sub_4D4E40,0x10
0x4d4e50,_sub_4D4E50,0x24
0x4d4e74,_sub_4D4E74,0x38
0x4d4eac,_sub_4D4EAC,0x38
0x4d4ee8,_sub_4D4EE8,0x24
0x4d4f0c,_sub_4D4F0C,0x3c
0x4d4f48,_sub_4D4F48,0x48
0x4d4f90,_sub_4D4F90,0x48
0x4d4fd8,_sub_4D4FD8,0x1c
0x4d4ff4,_sub_4D4FF4,0x40
0x4d5034,_sub_4D5034,0x30
0x4d5064,_sub_4D5064,0x24
0x4d5088,_sub_4D5088,0x38
0x4d50c0,_sub_4D50C0,0x44
0x4d5104,_sub_4D5104,0x50
0x4d5154,_sub_4D5154,0x1c
0x4d5170,_sub_4D5170,0x24
0x4d5194,_sub_4D5194,0x10
0x4d51a4,_sub_4D51A4,0x240
0x4d53e8,_sub_4D53E8,0x24
0x4d540c,_sub_4D540C,0xe78
0x4d6284,_sub_4D6284,0x10
0x4d62e4,_sub_4D62E4,0x14
0x4d6428,_sub_4D6428,0x24
0x4d644c,_sub_4D644C,0xe78
0x4d72c4,_sub_4D72C4,0x10
0x4d7324,_sub_4D7324,0x14
0x4d7378,_sub_4D7378,0x24
0x4d739c,_sub_4D739C,0xe84
0x4d8220,_sub_4D8220,0x10
0x4d8280,_sub_4D8280,0x14
0x4d82c4,_sub_4D82C4,0x24
0x4d82e8,_sub_4D82E8,0xea4
0x4d918c,_sub_4D918C,0x10
0x4d91ec,_sub_4D91EC,0x14
0x4d9240,_sub_4D9240,0x24
0x4d9264,_sub_4D9264,0xe84
0x4da0e8,_sub_4DA0E8,0x10
0x4da148,_sub_4DA148,0x14
0x4da7d8,_sub_4DA7D8,0x24
0x4da7fc,_sub_4DA7FC,0xea4
0x4db6a0,_sub_4DB6A0,0x14
0x4db704,_sub_4DB704,0x14
0x4db748,_sub_4DB748,0x24
0x4db76c,_sub_4DB76C,0xe48
0x4dc5b4,_sub_4DC5B4,0x10
0x4dc614,_sub_4DC614,0x14
0x4dc658,_sub_4DC658,0x24
0x4dc67c,_sub_4DC67C,0xe48
0x4dd4c4,_sub_4DD4C4,0x10
0x4dd524,_sub_4DD524,0x14
0x4dd568,_sub_4DD568,0x24
0x4dd58c,_sub_4DD58C,0xe48
0x4de3d4,_sub_4DE3D4,0x10
0x4de434,_sub_4DE434,0x14
0x4de694,_sub_4DE694,0x24
0x4de6b8,_sub_4DE6B8,0x2c
0x4de6e8,_sub_4DE6E8,0x2c
0x4de718,_sub_4DE718,0x24
0x4de73c,_sub_4DE73C,0x3c
0x4de778,_sub_4DE778,0x1c
0x4de794,_sub_4DE794,0x10
0x4de7a4,_sub_4DE7A4,0x2c
0x4de7d4,_sub_4DE7D4,0x2c
0x4de804,_sub_4DE804,0x38
0x4de83c,_sub_4DE83C,0x1c
0x4de858,_sub_4DE858,0x10
0x4de868,_sub_4DE868,0x24
0x4de88c,_sub_4DE88C,0x38
0x4de8c4,_sub_4DE8C4,0x38
0x4de900,_sub_4DE900,0x24
0x4de924,_sub_4DE924,0x3c
0x4de960,_sub_4DE960,0x48
0x4de9a8,_sub_4DE9A8,0x48
0x4de9f0,_sub_4DE9F0,0x1c
0x4dea0c,_sub_4DEA0C,0x40
0x4dea4c,_sub_4DEA4C,0x30
0x4dea7c,_sub_4DEA7C,0x24
0x4deaa0,_sub_4DEAA0,0x38
0x4dead8,_sub_4DEAD8,0x44
0x4deb1c,_sub_4DEB1C,0x50
0x4deb6c,_sub_4DEB6C,0x1c
0x4deb88,_sub_4DEB88,0x24
0x4debac,_sub_4DEBAC,0x10
0x4debbc,_sub_4DEBBC,0x238
0x4dedf8,_sub_4DEDF8,0x24
0x4dee1c,_sub_4DEE1C,0xe78
0x4dfc94,_sub_4DFC94,0x10
0x4dfcf4,_sub_4DFCF4,0x14
0x4dfe38,_sub_4DFE38,0x24
0x4dfe5c,_sub_4DFE5C,0xe78
0x4e0cd4,_sub_4E0CD4,0x10
0x4e0d34,_sub_4E0D34,0x14
0x4e0d7c,_sub_4E0D7C,0x24
0x4e0da0,_sub_4E0DA0,0xe84
0x4e1c24,_sub_4E1C24,0x10
0x4e1c84,_sub_4E1C84,0x14
0x4e1cc8,_sub_4E1CC8,0x24
0x4e1cec,_sub_4E1CEC,0xea4
0x4e2b90,_sub_4E2B90,0x10
0x4e2bf0,_sub_4E2BF0,0x14
0x4e2c38,_sub_4E2C38,0x24
0x4e2c5c,_sub_4E2C5C,0xe84
0x4e3ae0,_sub_4E3AE0,0x10
0x4e3b40,_sub_4E3B40,0x14
0x4e41e8,_sub_4E41E8,0x24
0x4e420c,_sub_4E420C,0xe74
0x4e5080,_sub_4E5080,0x10
0x4e50e0,_sub_4E50E0,0x14
0x4e5124,_sub_4E5124,0x24
0x4e5148,_sub_4E5148,0xe48
0x4e5f90,_sub_4E5F90,0x10
0x4e5ff0,_sub_4E5FF0,0x14
0x4e6034,_sub_4E6034,0x24
0x4e6058,_sub_4E6058,0xe48
0x4e6ea0,_sub_4E6EA0,0x10
0x4e6f00,_sub_4E6F00,0x14
0x4e6f44,_sub_4E6F44,0x24
0x4e6f68,_sub_4E6F68,0xe48
0x4e7db0,_sub_4E7DB0,0x10
0x4e7e10,_sub_4E7E10,0x14
0x4e8060,_sub_4E8060,0x7f8
0x4e88d8,_sub_4E88D8,0x48
0x4e8920,_sub_4E8920,0x770
0x4e910c,_sub_4E910C,0x20
0x4e91bc,_sub_4E91BC,0x24
0x4e91e0,_sub_4E91E0,0x2c
0x4e9210,_sub_4E9210,0x2c
0x4e9240,_sub_4E9240,0x24
0x4e9264,_sub_4E9264,0x3c
0x4e92a0,_sub_4E92A0,0x1c
0x4e92bc,_sub_4E92BC,0x10
0x4e92cc,_sub_4E92CC,0x2c
0x4e92fc,_sub_4E92FC,0x2c
0x4e932c,_sub_4E932C,0x38
0x4e9364,_sub_4E9364,0x1c
0x4e9380,_sub_4E9380,0x10
0x4e9390,_sub_4E9390,0x24
0x4e93b4,_sub_4E93B4,0x38
0x4e93ec,_sub_4E93EC,0x38
0x4e9428,_sub_4E9428,0x24
0x4e944c,_sub_4E944C,0x3c
0x4e9488,_sub_4E9488,0x48
0x4e94d0,_sub_4E94D0,0x48
0x4e9518,_sub_4E9518,0x1c
0x4e9534,_sub_4E9534,0x40
0x4e9574,_sub_4E9574,0x30
0x4e95a4,_sub_4E95A4,0x24
0x4e95c8,_sub_4E95C8,0x38
0x4e9600,_sub_4E9600,0x44
0x4e9644,_sub_4E9644,0x50
0x4e9694,_sub_4E9694,0x1c
0x4e96b0,_sub_4E96B0,0x24
0x4e96d4,_sub_4E96D4,0x10
0x4e96e4,_sub_4E96E4,0x248
0x4e9930,_sub_4E9930,0x24
0x4e9954,_sub_4E9954,0xe78
0x4ea7cc,_sub_4EA7CC,0x10
0x4ea82c,_sub_4EA82C,0x14
0x4ea970,_sub_4EA970,0x24
0x4ea994,_sub_4EA994,0xe78
0x4eb80c,_sub_4EB80C,0x10
0x4eb86c,_sub_4EB86C,0x14
0x4eb8b8,_sub_4EB8B8,0x24
0x4eb8dc,_sub_4EB8DC,0xe84
0x4ec760,_sub_4EC760,0x10
0x4ec7c0,_sub_4EC7C0,0x14
0x4ec804,_sub_4EC804,0x24
0x4ec828,_sub_4EC828,0xea4
