address,name,size
0x75b9a0,_ZN8TestCase4testEb6StringS0_,0x124
0x75bac4,_ZNSt6__ndk110__function6__funcIZN19SupercellIdCallback13forgetAccountEP8_jobjectRK6StringS7_E3$_3NS_9allocatorIS8_EEFvvEED2Ev,0x30
0x75baf4,_ZL13utf8TextCloseP5UText,0x30
0x75bb24,_ZN4asio6detail16resolve_query_opINS_2ip3tcpEZN9Messaging7connectERK6StringS7_E3$_2NS_15any_io_executorEE3ptr5resetEv,0x124
0x75bc48,_ZNKSt6__ndk110__function6__funcIZ42Java_com_supercell_titan_Kakao_loginFailedE3$_3NS_9allocatorIS2_EEFvvEE6targetERKSt9type_info,0x1c
0x75bc64,_ZN11LogicPlayer8ultiUsedEv,0x10
0x75bc74,_ZN5Modal24setAllowClosingByTappingEb,0xc
0x75bc80,_ZN22MatchmakeFailedMessageC2Ev,0x38
0x75bcb8,_ZN24FriendSuggestionsMessage6decodeEv,0x1b4
0x75be6c,_ZN9PopupBase14setBackgroundYEf,0x94
0x75bf00,_ZN12GUIContainer16createScrollAreaEP9MovieClipPKci,0x150
0x75c050,_uloc_acceptLanguageFromHTTP_58,0x50c
0x75c55c,_ZN31PreviewBrawlerOrSkinRewardPopup18customButtonTappedEP10GameButtoni,0x100
0x75c65c,_ZN5titan4java4lang5Float10floatValueEv,0x7c
0x75c6d8,_ZN10ScrollArea11setMaxScaleEf,0x8
0x75c6e0,_ZN17SWFMovieClipCache3putEPKcP9MovieClip,0x158
0x75c838,_ZNK20PlayerMapRenamePopup12getPopupTypeEv,0x8
0x75c840,_enumPropertyStartsRange.15473,0x20
0x75c860,_ZNK28TencentBillingRequestMessage15getOriginalJSONEv,0x8
0x75c868,_ZN10LogicGoals11getLastGoalEii,0x50
0x75c8b8,_default_free_func,0x4
0x75c8bc,_ZN12FilterEffect11endPlaybackEv,0x14
0x75c8d0,_ZN29AvatarNameCheckRequestMessageC2Ev,0x34
0x75c904,_ZL11renderWorldP9sc3dWorldR11RenderQueuePK13SceneUniformsRK14ColorTransform,0x240
0x75cb44,_ZN13AllianceIntro6updateEf,0x18
0x75cb5c,_u_getUnicodeVersion_58,0x10
0x75cb6c,_ZN8RankItem13buttonPressedEv,0x4f8
0x75d064,_ZN28UdpBigMessageFragmentMessageC2Ev,0x44
0x75d0a8,_u_getPropertyValueEnum_58,0xc8
0x75d170,_ZN16ScreenProperties14getScreenModesEv,0x28c
0x75d3fc,_inflateMark,0x8c
0x75d488,_ZN19DeviceLinkSubScreen11setTitleTIDERK6String,0x8
0x75d490,_ZNK22LogicLocationThemeData17getEnvironmentSCWEi,0x10
0x75d4a0,_ZNK18LogicCharacterData8getSpeedEv,0x8
0x75d4a8,_ZNK6icu_5813UnicodeString9doIndexOfEiii,0x8c
0x75d534,_ZN8HomePage15getPlayerAvatarEv,0x14
0x75d548,_ZN13BandMailPopupD2Ev,0x4c
0x75d594,_ZN16SetRegionMessage6decodeEv,0x2c
0x75d5c0,_ZN28LogicSeasonalSkinSectionData8destructEv,0x74
0x75d634,_ZN15sc3dWorldSprite18addResourcesToLoadEP16ResourceListener,0x28
0x75d65c,_ZN10ScrollArea6renderER9Matrix2x3R14ColorTransformif,0x17c
0x75d7d8,_ZN15StageDrawBucket10initForUseEPK7GLImageiii,0x18
0x75d7f0,_ZN12LogicRewards19getFirstValidRewardEPK13LogicHomeModeP14LogicArrayListIP13LogicGemOfferE,0x78
0x75d868,_ZN8Databind24NlohmannJsonOutReflector8setFloatERK6Stringff,0xc4
0x75d92c,_ZN16RankedPlayerItem18closePopoverIfSameEii,0x48
0x75d974,_ZN5Titan12installEventERK6String,0x5c
0x75d9d0,_ZN29LogicPlayerDataChangedCommand8destructEv,0x24
0x75d9f4,_ZN9BitStream20writePositiveIntMax7Ei,0x8
0x75d9fc,_ZN19SelectLocationPopup38updateEnabledCategoryShortcutPositionsEv,0x110
0x75db0c,_ZN15LogicStringUtil10safeStringER6StringPS0_PKc,0x50
0x75db5c,_ZN6icu_5810UnicodeSetD0Ev,0x24
0x75db80,_ZN11Application13getDeviceTypeEv,0x70
0x75dbf0,_Z9scFNV1a32jPKvm,0x24
0x75dc14,_ZN30AdUpdateConversionValueMessage18getServiceNodeTypeEv,0x8
0x75dc1c,_ZN14BrawlTvManager22addOrUpdateChannelInfoEP14LogicArrayListIP18BrawlTvChannelInfoEb,0xac
0x75dcc8,_ZNKSt6__ndk110__function6__funcIZN8TestCase9moveTouchER5TouchS3_S3_fE3$_7NS_9allocatorIS5_EEFvvEE11target_typeEv,0xc
0x75dcd4,_ZN19LogicAreaEffectData8destructEv,0x4c
0x75dd20,_ZN6icu_5822RuleBasedBreakIterator15checkDictionaryEiia,0x8bc
0x75e5dc,_ZNK20LogicCharacterServer18getReloadTimeTicksEPK14LogicSkillDatai,0x8
0x75e5e4,_ZN15DebugInputField6updateEf,0x4
0x75e5e8,_ZNKSt6__ndk110__function6__funcIZN11scTaskQueue3runIZN7GLImage14updateSubImageEPKciiiiiiE4$_10EENS_13invoke_resultIT_JEE4typeES9_EUlvE_NS_9allocatorISC_EEFvvEE7__cloneEv,0x38
0x75e620,_Z7compareP12LocationItemS0_,0x78
0x75e698,_ZN25PepperPerMessageEncrypter10nonceShiftEv,0xb0
0x75e748,_Z16isPointInFrustumRK7Vector3IfEPK8xPlane3fj,0x5c
0x75e7a4,_LzmaDec_FreeProbs,0x34
0x75e7d8,_ZN13UdpSendBuffer10addMessageEP14PiranhaMessagef,0x388
0x75eb60,_ZL33uloc_deleteKeyTypeStringPoolEntryPv,0x4
0x75eb64,_ZN5titan3com9supercell5titan5Kakao10isLoggedInEv,0x5c
0x75ebc0,_ZN12ResourceListC2Ev,0x2c
0x75ebec,_ZN5titan7android5media11MediaPlayer13getVideoWidthEv,0x7c
0x75ec68,_ZNK17LogicSkinConfData11getWalkFaceEv,0x10
0x75ec78,_ZN10PlayerInfo13setupRankIconEP9MovieClipi,0xa0
0x75ed18,_ZN14BrawlTvManager9onMessageEP14PiranhaMessage,0x278
0x75ef90,_ZN24AvatarStreamEntryMessage6decodeEv,0x40
0x75efd0,_ZNK14StreamItemList10isFirstNewEPK11StreamEntry,0x40
0x75f010,_ZN9TextField9fetchFontEv,0xe8
0x75f0f8,_ZN3MD5C2ERKNSt6__ndk112basic_stringIcNS0_11char_traitsIcEENS0_9allocatorIcEEEE,0x80
0x75f178,_ZN15LaserBoxManager7Website15setAllPagesSeenEv,0xb8
0x75f230,_ZN17AbilityCastingHUD14startTargetingEiiP12RenderSystemP20LogicCharacterClient,0x4
0x75f234,_hb_ft_face_create_referenced,0x2c
0x75f260,_ZN31UISetLocationBasedOnPlaceHolder6handleEP5UICtxi,0x64
0x75f2c4,_ZN16DataGainListenerC2EP10DataGainedbP9MovieClipP9TextFieldiiiRK6StringS8_iS3_S3_bbS3_S8_,0x224
0x75f4e8,_ZN25AccountIdentifiersMessage8destructEv,0x3c
0x75f524,_ZN25GoHomeFromSpectateMessage18getServiceNodeTypeEv,0x8
0x75f52c,_ZN19LogicCommandManager19loadCommandFromJSONEPK15LogicJSONObject,0xd4
0x75f600,_ZN18LatencyTestSession9heartbeatEv,0x2c8
0x75f8c8,_ZN17MovieClipOriginal4loadEP12SupercellSWFi,0x4a0
0x75fd68,_ZN10LogicOfferC2EP10ByteStream,0x30
0x75fd98,_ZL20free_static_ft_funcsv,0xc
0x75fda4,_ZN15LogicJSONNumberC2Ef,0x48
0x75fdec,_ZN6icu_5818Normalizer2Factory14getFCCInstanceER10UErrorCode,0xbc
0x75fea8,_ZNK13LogicCardData23getPowerIcon1ExportNameEv,0x10
0x75feb8,_ZN14BrawlPassPopup13displayQuestsEv,0x38
0x75fef0,_ZN11GameWebView10swipeRightEv,0x20
0x75ff10,_ZNK34LogicProLeagueSeasonChangedCommand14getCommandTypeEv,0x8
0x75ff18,_ZN19SelectLocationPopupD0Ev,0x24
0x75ff3c,_ZN6icu_5818Normalizer2Factory7getImplEPKNS_11Normalizer2E,0x8
0x75ff44,_ZN8HomeMode11sendEndTurnEb,0xac
0x75fff0,_ZN5Stage28increaseVertexBucketCapacityEi,0x88
0x760078,_ZN5titan3com9supercell2id13IdShopProductC2EP8_jobject,0xbc
0x760134,_ZNK16LogicMessageData13getExportNameEv,0x10
0x760144,_ZNSt6__ndk110__function6__funcIZN7GLImage6createEPKhi9ImageWrap11ImageFilterE3$_4NS_9allocatorIS7_EEFvvEE7destroyEv,0x4
0x760148,_MatchFinder_GetPointerToCurrentPos,0x8
0x760150,_ZNK6CSVRow17getIntegerValueAtEi,0x10
0x760160,_ZN11TeamManager22isFriendlyGameRoomOpenEv,0x28
0x760188,_ZL14process_markerP4jpegi,0x914
0x760a9c,_ZL25characterIteratorSetStateP13UCharIteratorjP10UErrorCode,0x5c
0x760af8,_ZN21SignoffPlayerMapPopupD2Ev,0x64
0x760b5c,_ZNK6Shader17setUniformVector4Eiffff,0x14
0x760b70,_ZN15LogicJSONHelper12getLogicLongEPK15LogicJSONObjectRK6StringP9LogicLong,0xcc
0x760c3c,_ZN4Shop16setFrameIfExistsEP9MovieClipRK6Stringii,0x54
0x760c90,_ZNK10TeamStream9isPanningEv,0x8
0x760c98,_ZN12NSCIDManager17respondToDonationERK6Stringb,0xc
0x760ca4,_ZN10ScrollArea4initEffi,0xc4
0x760d68,_ZNK18LogicCharacterData13getStartSoundEPK13LogicSkinData,0x44
0x760dac,_ZN10LogicGoals25getTrophiesToUnlockQuestsEv,0x84
0x760e30,_ZN13GatchaBoxItemD0Ev,0x64
0x760e94,_ZN17EventDetailsPopup6updateEf,0x48
0x760edc,_Z59Java_com_supercell_titan_GoogleServiceClient_onSignInFailedP7_JNIEnvP7_jclass,0x190
0x76106c,_ZN9EntryInfo10itemTappedEPK13LogicCardData,0x28
0x761094,_uloc_getParent_58,0xbc
0x761150,_ZNK16TeamErrorMessage14getMessageTypeEv,0x8
0x761158,_ZN13PlayAnimationD0Ev,0x5c
0x7611b4,_ZN33TencentCheckCanPayResponseMessage6encodeEv,0xa4
0x761258,_ZNKSt6__ndk110__function6__funcIZN11scTaskQueue3runIZN7SCWFile4loadER12SCWFileInputE3$_0EENS_13invoke_resultIT_JEE4typeES9_EUlvE_NS_9allocatorISC_EEFvvEE7__cloneEv,0x38
0x761290,_ZNK24RankedLeaderboardsScreen11getListTypeEv,0x14
0x7612a4,_ZN19EnvironmentRenderer22removeGameObjectSpriteEP16GameObjectSprite,0x84
0x761328,_ZN18StreamEntryFactory8destructEv,0x4
0x76132c,_ZN12KakaoManager14isKakaoEnabledEv,0x50
0x76137c,_ZN17OnlineFriendsList23refreshScrollAreaBoundsEv,0x5c
0x7613d8,_Delta_Encode,0x17c
0x761554,_ures_findResource_58,0x1f8
0x76174c,_ZNK34AllianceOnlineStatusUpdatedMessage14getMessageTypeEv,0x8
0x761754,_ZN9TextField13setNumberTextEib,0x70
0x7617c4,_ZN18ClientHelloMessage13setKeyVersionEi,0x8
0x7617cc,_ZNSt6__ndk110__function6__funcIZN11scTaskQueue3runIZN8TestCase9touchDownER5TouchE4$_15EENS_13invoke_resultIT_JEE4typeES9_EUlvE_NS_9allocatorISC_EEFvvEED0Ev,0x4
0x7617d0,_ZN8GameMain14clearKeyValuesEv,0x30
0x761800,_ZN29ChangeAllianceSettingsMessage6decodeEv,0x78
0x761878,_ZN12TitanWebViewC2Eb,0xbc
0x761934,_ZNK18LogicCharacterData12getHitpointsEv,0xc
0x761940,_ZN8Sprite3D4playEv,0x14
0x761954,_ZNKSt6__ndk110__function6__funcIZN11wendelstein25makeEmitterParamsMigratorERKNS_6vectorINS_10shared_ptrINS2_17IEmitterComponentEEENS_9allocatorIS6_EEEEE3$_1NS7_ISC_EEFvRNS2_12old_versions15EmitterParamsV0ERNS2_7Emitter13EmitterParamsEEE6targetERKSt9type_info,0x1c
0x761970,_ZN20LogicJSONInReflector16reflectStringPtrEP6StringPKc,0xb4
0x761a24,_ZN5titan3com9supercell5titan13UnityAdsTitan6playAdEv,0x5c
0x761a80,_ZN12LogicVector29normalizeEi,0x98
0x761b18,_ZN10SCTuneImpl10addBooleanERK6StringPbPKcP20SCTuneChangeListenerib,0x70
0x761b88,_ZN14LogicMapLoader24initWithMapFromDataTableEP11LogicRandomPK14LogicDataTableRK6String,0x440
0x761fc8,_ZN18DebugCommandButtonD2Ev,0x18
0x761fe0,_ZN7SCWFile11addMaterialEP8Material,0x13c
0x76211c,_ZN14TeamMemberItemD2Ev,0xbc
0x7621d8,_ZNK18LogicCharacterData16shouldFaceCameraEv,0x3c
0x762214,_ZN16ServerConnection16saveGuestAccountENS_10ServerTypeERK6Stringii,0x168
0x76237c,_ZN19SelectLocationPopup21destructLocationItemsEv,0x19c
0x762518,_ZNK14LogicDailyData21isCountryChangedTodayEv,0x44
0x76255c,_ZN11FaceTextureC2Eii,0x4c
0x7625a8,_ZNK10ByteStream7isAtEndEv,0x10
0x7625b8,_Z21for_each_line_in_filePKcPFbS0_S0_PFviEES2_,0x17c
0x762734,_ZN10ByteStream8destructEv,0x68
0x76279c,_ZN23TeamMemberStatusMessage18getServiceNodeTypeEv,0x8
0x7627a4,_ZL20utf8IteratorPreviousP13UCharIterator,0xe0
0x762884,_ZN22DeletePlayerMapMessage8destructEv,0x4
0x762888,_hb_font_get_glyph_advance_for_direction,0x70
0x7628f8,_ZNK35RespondToAllianceJoinRequestMessage14getMessageTypeEv,0x8
0x762900,_Z60Java_com_supercell_titan_GameApp_onInputQueueDestroyedNativeP7_JNIEnvP8_jobjectl,0x4
0x762904,_ZN16AllianceSettings12typeToStringEi,0x28
0x76292c,_ZNK14ChatStreamItem14getLatestEntryEv,0x20
0x76294c,_ZNK30LogicSetPlayerNameColorCommand14getCommandTypeEv,0x8
0x762954,_ZN10NativeFont14constructCacheEii,0xbc
0x762a10,_ZN11WaitForDataD2Ev,0x40
0x762a50,_ZN15TeamMemberEntry6encodeEP10ByteStream,0x15c
0x762bac,_ZN6icu_5824ForwardCharacterIteratorD2Ev,0x4
0x762bb0,_ZN17AnimationInstance12setBoneScaleEf,0x14
0x762bc4,_ZNSt6__ndk110__function6__funcIZN11Application20getAdvertiserIDAsyncEvE3$_2NS_9allocatorIS3_EEFNS_4pairIb6StringEEvEE18destroy_deallocateEv,0x4
0x762bc8,_ZN13HeroInfoPopup15createContainerEP9MovieClipRK6String,0x74
0x762c3c,_ZN17CharacterMaterial4bindERK14ColorTransform,0xb8
0x762cf4,_ZN8Databind16JSONOutReflector8destructEv,0x48
0x762d3c,_ZN14StreamItemListD2Ev,0x140
0x762e7c,_ZNK17ChatOptionsSlider18storeLastUsedEmojiEPK16LogicMessageDatai,0x310
0x76318c,_ZN11StringTable19convertLanguageCodeERK6String,0x4
0x763190,_ZNK19LogicProjectileData27getBlueGroundGlowExportNameEv,0x10
0x7631a0,_ZN15UIListContainer8addEntryEP13DisplayObject,0x13c
0x7632dc,_ZN9EventItemD2Ev,0x1a4
0x763480,_blake2b_final,0x174
0x7635f4,_ZN15LogicDataTables11initTilemapEPK7CSVNodei,0x4
0x7635f8,_ZN5lzham24lzham_lib_z_inflateInit2EP14lzham_z_streami,0xc0
0x7636b8,_ZNK18sc3dPanPinchCamera10getMinZoomEv,0x8
0x7636c0,_ZN13LoadingScreen12touchPressedERK5Touch,0x8
0x7636c8,_ZN6CSVRow14setStringValueERK6StringS2_i,0x10
0x7636d8,_ZN24EsportTournamentsWebView10swipeRightEv,0x20
0x7636f8,_ZN15LogicClientHomeC2Ev,0x5c
0x763754,_ZNK10AreaEffect8getLayerEv,0x8
0x76375c,_ZN23ChangeAvatarNameMessage13setAvatarNameEP6String,0x8
0x763764,_ZN7TopItem6updateEfb,0x4bc
0x763c20,_ZN12BattleScreen12allianceLeftEv,0x28
0x763c48,_ZNK14LogicSkillData13getActiveTimeEv,0x28
0x763c70,_ZN9DebugMenuD0Ev,0x24
0x763c94,_hb_face_reference_table,0x2c
0x763cc0,_ZN18LogicGemBundleData16createReferencesEv,0x9d8
0x764698,_ZN21LogicBattleModeClient15getOwnCharacterEv,0x10
0x7646a8,_ZN11ScoreChange8destructEv,0xc
0x7646b4,_ZNK14MessageManager12canOpenPopupEv,0x28
0x7646dc,_ZNK18AttributionMessage14getMessageTypeEv,0x8
0x7646e4,_ZNK13LogicDataSlot6encodeEP15ChecksumEncoder,0x40
0x764724,_ZN14BattleEndPopup27updatePlayAgainPlayerStatusEP9MovieClipP11PlayerEntryi,0x140
0x764864,_ZNK20LogicCharacterServer26getCurrentAttackSpeedTicksEv,0x158
0x7649bc,_ZNSt6__ndk110__function6__funcIZN7GLImage16createWithFormatEiiiiPKv9ImageWrap11ImageFilterRbE3$_8NS_9allocatorIS8_EEFvvEEclEv,0x8
0x7649c4,_ZN17HighRateUdpPacket8destructEv,0x80
0x764a44,_ZN12LocationItem22hasUnclaimedFreeRewardEv,0x2c
0x764a70,_ZN12EventTracker15createEventTextERK6StringS2_S2_S2_,0x5c
0x764acc,_ZN15sc3dWorldObject11addToEngineEv,0xd4
0x764ba0,_ZNK32GoHomeFromOfflinePractiseMessage14getMessageTypeEv,0x8
0x764ba8,_ZNK6icu_5815Normalizer2Impl9recomposeERNS_16ReorderingBufferEia,0x6ec
0x765294,_ZN20GetPlayerMapsMessage6encodeEv,0x4
0x765298,_ZN9sc3dWorld22getMovieClipRenderDataEv,0x34
0x7652cc,_ZN4Shop37getSeasonalLastChanceSkinSectionTitleEi,0x2c
0x7652f8,_ZN16PlayerMapManager26handlePlayerMapInfoUpdatedEP27PlayerMapInfoUpdatedMessage,0x1e4
0x7654dc,_ZNK10GLImageRef8getImageEv,0x4
0x7654e0,_ZNK18scFSLayerDirectory16actualFileExistsERK6scPath,0x78
0x765558,_ZNK10SWFTexture10getGLImageEv,0x4
0x76555c,_ZN10SCIDConfigC2EP15LogicJSONObject,0x54
0x7655b0,_ZN5Track13isInitializedEv,0x8
0x7655b8,_ZN11EmotesPopup17backButtonPressedEv,0xc
0x7655c4,_ZN23SCIDAccountBoundMessageC2Ev,0x3c
0x765600,_ZN8Databind16JSONOutReflector15reflectNextLongEx,0x64
0x765664,_ZN16AllianceSettings10closeInputEv,0x64
0x7656c8,_ZN13StringBuilderC2Ev,0x38
0x765700,_ZN16LogicMessageData12resetStaticsEPK8CSVTable,0x2a0
0x7659a0,_ZNK11BadgeSprite17isViewportVisibleERK9Matrix2x3,0xf0
0x765a90,_ZN21LogicBattleModeServer15getTeamingScoreEP20LogicCharacterServer,0x3b8
0x765e48,_ZNK17LogicShopItemData17getOfferAssetHalfEv,0x10
0x765e58,_ZN24LoginUsingSessionMessage14setDeviceTokenEP6String,0x8
0x765e60,_ZN5Stage17setStencilIdRangeEii,0xc
0x765e6c,_ZNK26LogicLocalNotificationData19getNotificationTextEi,0x24
0x765e90,_ZN22TeamCreatedStreamEntry6decodeEP10ByteStream,0x74
0x765f04,_Java_com_supercell_titan_GameApp_isScreenResizeSupported,0x50
0x765f54,_ZNK6icu_5813UnicodeString11hasMetaDataEv,0x8
0x765f5c,_ZNK16BattleLogMessage14getMessageTypeEv,0x8
0x765f64,_ZN13LogicConfData14getCustomEventEi,0x38
0x765f9c,_ZN20CompletionRewardItemD2Ev,0x1c
0x765fb8,_tr_stored_block,0x16c
0x766124,_ZN34PurchaseOfferHighlightPopupHandler21isHighlightModelOfferEPK13LogicGemOffer,0x18
0x76613c,_ZNKSt6__ndk110__function6__funcIZN11AndroidMain17backButtonPressedEvE3$_6NS_9allocatorIS3_EEFvvEE7__cloneEPNS0_6__baseIS6_EE,0x18
0x766154,_ZN7Offline27getSelectedStarPowerForHeroEPK18LogicCharacterData,0x8
0x76615c,_ZN14MessageManager28updateDelayedOfflineMessagesEfPS_,0x4
0x766160,_ZN17DataLoaderTexture12loadFinishedENSt6__ndk110unique_ptrI19ResourceDataTextureNS0_14default_deleteIS2_EEEE,0xac
0x76620c,_ZN15LogicDataTables18getEmotesForBundleER14LogicArrayListIPK14LogicEmoteDataEPK20LogicEmoteBundleData,0x1b0
0x7663bc,_ZNSt6__ndk17__sort5IRZN11SkinPreviewC1EvE3$_0PNS_4pairIPK18LogicCharacterDataNS_6vectorIPK13LogicSkinDataNS_9allocatorISB_EEEEEEEEjT0_SH_SH_SH_SH_T_,0x1a8
0x766564,_ZNK13LogicTileData18getBaseBulletHole2Ev,0x10
0x766574,_ZN12KakaoManager16isLoadingFriendsEv,0x24
0x766598,_ZN9ClanPopupD2Ev,0x68
0x766600,_ZN6icu_587UVectorC2EPFvPvEPFa8UElementS4_EiR10UErrorCode,0x80
0x766680,_ZN12MapEditorHUDD2Ev,0x2c0
0x766940,_ZNK17LogicGameCalendar9getMinuteEv,0x8
0x766948,_ZL26getImpostorShaderVariationRK6StringP15sc3dWorldObjectbRb,0x134
0x766a7c,_ZN14AllianceScreenD0Ev,0x40
0x766abc,_ZN15AllianceWarNode8destructEv,0x14
0x766ad0,_lzham_z_inflateEnd,0x4
0x766ad4,_ZNK31LogicDeviceLinkEnterCodeMessage14getMessageTypeEv,0x8
0x766adc,_ZN12TencentLogin11loginWeChatEv,0x24
0x766b00,_ZN12ClippingAreaD0Ev,0x6c
0x766b6c,_ZN14BattleEndPopup10getSoundExERK6String,0x4c
0x766bb8,_ZN10GameButton22scaleFirstTextIfNeededEbb,0x4
0x766bbc,_ZN13SettingsPopupD0Ev,0xc8
0x766c84,_ZNKSt6__ndk110__function6__funcIZN8TestCase20drawDebugPercentagesEvE4$_19NS_9allocatorIS3_EEFvvEE7__cloneEv,0x24
0x766ca8,_ZNK14LogicMilestone8getIndexEv,0x10
0x766cb8,_ZNK21LogicBattleModeServer22getAverageUpgradeLevelEv,0xec
0x766da4,_ZN6icu_5812PropNameData15getPropertyEnumEPKc,0xc
0x766db0,_ZN5lzham12symbol_codec20decode_align_to_byteEv,0x100
0x766eb0,_ZN21scMainThreadTaskQueue21deinitMainThreadQueueEv,0xc4
0x766f74,_UDataMemory_normalizeDataPointer_58,0x24
0x766f98,_ZN11Application21getResidentTaskMemoryEv,0x8
0x766fa0,_ZN10UdpMessage17setPiranhaMessageEP14PiranhaMessage,0x58
0x766ff8,_ZN19DisconnectedMessageC2Ev,0x34
0x76702c,_ZN11SCIDManager7preloadEv,0x90
0x7670bc,_ZNK3GUI21getDeliveryCardsPopupEv,0x98
0x767154,_ZNK35GetAllianceInviteTokenResultMessage13getResultCodeEv,0x8
0x76715c,_ZN24StretchableContextBubbleC2Eb,0xe8
0x767244,_ZN8HomeMode22callEnterGameForSocialEv,0x30
0x767274,_ZN10PlayerInfo14refreshButtonsEv,0x124
0x767398,_ZN38TencentAntiAddictionInstructionMessage18getServiceNodeTypeEv,0x8
0x7673a0,_ZN20LogicRawOutReflector29reflectReflectablePointerBaseEPK16LogicReflectablePKci,0x7c
0x76741c,_ZNK19AllianceHeaderEntry9isDeletedEv,0x10
0x76742c,_udata_readInt32_58,0xc
0x767438,_ZN35GetAllianceInviteTokenResultMessageC2Ev,0x38
0x767470,_ZN27LogicClaimTailRewardCommandC2Eii,0x40
0x7674b0,_ZN8HomePage11trackButtonEP10GameButton,0x138
0x7675e8,_ZN37SendAllianceInvitationToFriendMessage18getServiceNodeTypeEv,0x8
0x7675f0,_ZN10RotateHero6updateEf,0x15c
0x76774c,_ZN37PurchaseHeroLvlUpMaterialPopupHandler13setupItemDescEP9TextFieldi,0xf4
0x767840,_ZNK27KunlunBillingRequestMessage14getMessageTypeEv,0x8
0x767848,_ZN11wendelstein7EmitterC2Ev,0xec
0x767934,_ZN10HomeScreen27findSkinPurchaseOptionOfferEPK13LogicSkinData,0xac
0x7679e0,_ZN4Shop24hidePriceElementChildrenEP9MovieClip,0x128
0x767b08,_ZNK27TeamJoinOrCreateRoomMessage14getMessageTypeEv,0x8
0x767b10,_ZN13YoozooManager15homePageEnteredEPK17LogicClientAvatar,0x16c
0x767c7c,_ZN21AddableFriendsMessage16setFriendEntriesEP14LogicArrayListIP18AddableFriendEntryE,0x8
0x767c84,_ZNK11wendelstein18WendelsteinManager19getParticleEmittersEv,0x1f0
0x767e74,_ZN9EntryInfo20resolveUltiIconFrameEPK13LogicCardData,0x24
0x767e98,_ZN12NSCIDManager15setPendingLoginERK6StringS2_b,0x1ec
0x768084,_ZN4Rect6setMaxEif,0x18
0x76809c,_ZN19AllianceRankingDataC2Ev,0x20
0x7680bc,_ZN16BaseNotification19getNotificationTypeEv,0x78
0x768134,_ZN15MovieClipHelper18scaleAndCenterTextEP9TextField,0x60
0x768194,_ZN14HelpshiftTitan16setContactUsModeEi,0xac
0x768240,_ZN35BuyBundleBillingPackResponseMessage6encodeEv,0x38
0x768278,_ZN27PlayerMapInfoUpdatedMessage6encodeEv,0x68
0x7682e0,_ZN12AllianceInfoD2Ev,0x248
0x768528,_ZN30LineAccountAlreadyBoundMessageC2Ei,0x38
0x768560,_ZN14LogicDailyData18setMiniOfferViewedEv,0x48
0x7685a8,_ZN9HeroPopup11onHeroHappyEv,0x34
0x7685dc,_ZNKSt6__ndk110__function6__funcIZN11AndroidMain11releaseGameEvE3$_5NS_9allocatorIS3_EEFvvEE7__cloneEv,0x38
0x768614,_ZNKSt6__ndk110__function6__funcIZN8TestCase13getStageWidthEvE4$_10NS_9allocatorIS3_EEFivEE7__cloneEPNS0_6__baseIS6_EE,0x10
0x768624,_ZNK12LogicCommand20getExecutorAccountIdEv,0x8
0x76862c,_ZN8Databind15JSONInReflector7getLongERK6Stringx,0x64
0x768690,_ZN10HomeScreen23starCollectionIncreasedEi,0x4
0x768694,_ZNK7GLImage8validateEv,0x4
0x768698,_ZN34AskForJoinableAlliancesListMessage18getServiceNodeTypeEv,0x8
0x7686a0,_ZN12FriendsPopup13buttonClickedEP12CustomButton,0x90
0x768730,_ZN10NativeFontC2Ev,0x94
0x7687c4,_Z15get16bits11bitsiiii,0x78
0x76883c,_ZN15DebugInputFieldC2EP9TextField,0x50
0x76888c,_ZN14ColorTransform11setMulColorEfff,0x84
0x768910,_ZNK7UIPopup12getPopupTypeEv,0x8
0x768918,_ZThn96_N16ChatOptionsPopup13buttonClickedEP12CustomButton,0xa0
0x7689b8,_ZN19LinkNewDeviceScreen6updateEf,0x4
0x7689bc,_ZNKSt6__ndk110__function6__funcIZN11scTaskQueue3runIZN8TestCase20drawDebugPercentagesEvE4$_19EENS_13invoke_resultIT_JEE4typeES7_EUlvE_NS_9allocatorISA_EEFvvEE7__cloneEPNS0_6__baseISD_EE,0x18
0x7689d4,_ZN37SendAllianceInvitationToFriendMessageC2Ev,0x38
0x768a0c,_ZN15sc3dWorldObject19setTRSFromTransformERK9xMatrix44,0x148
0x768b54,_ZN17BrawlTvIntroPopupC2Ev,0x1c8
0x768d1c,_uprv_pow10_58,0xc
0x768d28,_ZN11LogicPlayer17resetEventsOnTickEv,0x10
0x768d38,_ZN13ImpostorAtlas6updateEPK15sc3dWorldCameraPK13SceneUniforms,0x4a4
0x7691dc,_ZNK14LogicEmoteData7isPictoEv,0x10
0x7691ec,_ZN27RankedSeasonEndNotification6encodeEP15ChecksumEncoder,0x98
0x769284,_ZN8InStream12readInternalEv,0x74
0x7692f8,_ZN15MovieClipHelper21setGrayoutRecursivelyEP13DisplayObjectb,0x168
0x769460,_ZNK18LogicCharacterData14getBoneEffect1EPK13LogicSkinData,0x44
0x7694a4,_ZN7SCWFile19removeFileReferenceERK6String,0xe4
0x769588,_ZN12LocationItem14setTeamTypeTxtEP9TextFieldiPK17LogicLocationData,0x9c
0x769624,_ZN15LogicDailyOffer6encodeEP15ChecksumEncoder,0x80
0x7696a4,_ZNSt6__ndk110__function6__funcIZN19SupercellIdCallback11loadAccountEP8_jobjectRK6StringS7_S7_bE3$_2NS_9allocatorIS8_EEFvvEED2Ev,0x38
0x7696dc,_ZN5lzham12lzcompressor5state19reset_state_partialEv,0x18
0x7696f4,_ZNK12LogicVector311getDistanceEPKS_,0xa4
0x769798,_ZN17LogicGameModeUtil20modeHasFillingPoisonEi,0x24
0x7697bc,_ZNSt6__ndk110__function6__funcIZ43Java_com_supercell_titan_Kakao_inviteResultE3$_2NS_9allocatorIS2_EEFvvEED2Ev,0x10
0x7697cc,_ZThn96_N9RankPopup13buttonClickedEP12CustomButton,0x8
0x7697d4,_ZN19SupercellIdCallback27completeClaimShopItemResultEP8_jobjectRK6StringS4_,0x250
0x769a24,_ZNK4Item8getLayerEv,0x18
0x769a3c,_ZN36LogicTencentAntiAddictionInstruction6decodeEP10ByteStream,0x138
0x769b74,_ZN15MapEditorScreen19handleTouchReleasedERK5Touch,0x4ec
0x76a060,_ZN23PublishPlayerMapMessage8destructEv,0x4
0x76a064,_File_Read,0x6c
0x76a0d0,_ZN10LogicGoals17isGoalTrackCappedEiii,0x1b8
0x76a288,_ZN16ImpostorMaterialC2Ev,0x4c
0x76a2d4,_ZN19AllianceRankingData8destructEv,0x48
0x76a31c,_ZN6icu_587UVector19sortWithUComparatorEPFiPKvS2_S2_ES2_R10UErrorCode,0x34
0x76a350,_ZN21LogicGameObjectClientC2EPK9LogicData,0xb8
0x76a408,_ZNK14LogicSkillData10getTwoGunsEv,0x10
0x76a418,_ZNK12BattleScreen20getUltiStickEditingXEv,0x10
0x76a428,_ZThn336_N15EmojiStreamItem13buttonClickedEP12CustomButton,0x8
0x76a430,_ZThn8_N16YoozooLoginState13buttonClickedEP12CustomButton,0x8
0x76a438,_ZN9EntryInfo13onCloseButtonEv,0xc
0x76a444,_Z15moviePlayerStopv,0x3c
0x76a480,_ZN13AntiAddiction19handleUpdateMessageEP31AntiAddictionDataUpdatedMessage,0x14
0x76a494,_ZN21RankedTeamSelectPopup11refreshDataEv,0x2528
0x76c9bc,_ZN19LogicProjectileData12resetStaticsEPK8CSVTable,0x1d9c
0x76e758,_ZN11QuestsPopup19beforeQuestsChangedEv,0x4
0x76e75c,_ZN8HomePage9closeTeamEv,0x30
0x76e78c,_ZN17MapEditorTileItemD0Ev,0x8c
0x76e818,_hb_buffer_serialize_glyphs,0x5a0
0x76edb8,_ZN9TextInput22setDefaultKeyboardTypeE12KeyboardType,0xc
0x76edc4,_ZN22SubmitPlayerMapMessageC2Ev,0x34
0x76edf8,_ZN16MovieClipTexture12setMovieClipEP9MovieClipii,0x148
0x76ef40,_ZN6icu_5812PatternProps14trimWhiteSpaceEPKtRi,0x160
0x76f0a0,_ZN9BitStream23writePositiveIntMax4095Ei,0x8
0x76f0a8,_ZNK8GameMain27shouldStartFromTencentLoginEv,0x14
0x76f0bc,_ZN33LogicViewInboxNotificationCommand10giveRewardEP13LogicHomeModeP13LogicGemOffer,0x98
0x76f154,_ZNKSt6__ndk110__function6__funcIZN24DataLoaderLayeredTexture4loadEPKcRKNS_5arrayIiLm4EEEE3$_1NS_9allocatorIS9_EEFjvEE6targetERKSt9type_info,0x1c
0x76f170,_ZNK10AreaEffect9getShadowEv,0x8
0x76f178,_ZN12PepperCrypto7Blake2bC2Ei,0x8
0x76f180,_ZNK11BadgeSprite15getRenderMatrixER9Matrix2x3,0x9c
0x76f21c,_u_charType_58,0x74
0x76f290,_Z23calculatePaintColors58HhhPA3_hS0_,0x148
0x76f3d8,_ZN39GoogleServiceAccountAlreadyBoundMessage6encodeEv,0x88
0x76f460,_ZNK21LogicBattleModeClient17getOwnPlayerIndexEv,0x8
0x76f468,_ZN26RankedTeamSelectionManager28getOfflinePlayerIndexForTurnEi,0x14
0x76f47c,_ZN9HeroEntry6encodeEP15ChecksumEncoder,0x74
0x76f4f0,_ZN7SBMMesh12getBoneIndexERK6String,0x6c
0x76f55c,_ZN12GUIContainer7setTextEPKcRK6Stringb,0xa0
0x76f5fc,_ZN10HomeScreen21matchmakingGoldBoughtEv,0xc
0x76f608,_ZNK9TeamEntry8getOwnerEv,0x38
0x76f640,_ZN21LogicBattleModeServer15tickHoldTheBallEv,0x4
0x76f644,_ZN9LogicRect8destructEv,0x8
0x76f64c,_ZN15HomeStatusEntry6decodeEP10ByteStream,0x60
0x76f6ac,_ZL34hb_font_get_variation_glyph_parentP9hb_font_tPvjjPjS1_,0x18
0x76f6c4,_ZN17MapEditorTileItem17setButtonListenerEP15IButtonListener,0x10
0x76f6d4,_ZN8Databind23NlohmannJsonInReflector11reflectBoolEbRK6Stringb,0xc
0x76f6e0,_ZN19TeamInvitationPopup18customButtonTappedEP10GameButtoni,0x118
0x76f7f8,_ZN9sc3dWorld9addObjectEP15sc3dWorldObject,0x1cc
0x76f9c4,_ZN17MapPreviewMessage18getServiceNodeTypeEv,0x8
0x76f9cc,_nti_iterator_reset,0xc0
0x76fa8c,_ZN12NSCIDManager7setFlagEj,0x10
0x76fa9c,_ubrk_previous_58,0xc
0x76faa8,_ZN15LaserBoxManager7Website13storePageSeenERKNS_4PageE,0x94
0x76fb3c,_ZN15HomeStatusEntry14setOwnerIsHomeEb,0xc
0x76fb48,_ubidi_open_58,0x80
0x76fbc8,_ZN21JoinRequestStreamItemD0Ev,0xa4
0x76fc6c,_ZN9TeamPopup17toggleMemberPopupEP15TeamMemberEntryP9MovieClipff,0x244
0x76feb0,_ZN18DailyEventsMessage8destructEv,0x78
0x76ff28,_ZN17LogicGameModeUtil17getRespawnSecondsEi,0x24
0x76ff4c,_ZN15LogicDataTables14getShockEffectEv,0xc
0x76ff58,_ZN16BattleEndMessage15getGameResultXpEv,0x58
0x76ffb0,_ZN14TencentManager16tencentLoggedOutEi,0x138
0x7700e8,_ZN14FriendsManager9getFriendEPK9LogicLong,0x6c
0x770154,_ZThn96_N12GenericPopup13buttonClickedEP12CustomButton,0xc0
0x770214,_ZNK18LogicGemBundleData15getBuildingNumsEv,0x8
0x77021c,_ZN25TeamBotSlotDisableMessage6encodeEv,0x38
0x770254,_ZN10DoubleItem11createOfferEP10GatchaDrop,0xc0
0x770314,_ZNSt6__ndk110__function6__funcIZN11scTaskQueue3runIZN8TestCase17getStagePointSizeEvE4$_11EENS_13invoke_resultIT_JEE4typeES7_EUlvE_NS_9allocatorISA_EEFvvEE18destroy_deallocateEv,0x4
0x770318,_ZNK14AssetReference6encodeEP15ChecksumEncoder,0x18
0x770330,_ZN7Billing14requestReceiptEv,0x4
0x770334,_uloc_getISO3Country_58,0xf4
0x770428,_ZN24SetRegionResponseMessageC2Ev,0x34
0x77045c,_ZN24BindYoozooAccountMessage18getServiceNodeTypeEv,0x8
0x770464,_ZN11SocialPopup13touchReleasedERK5Touch,0x18
0x77047c,_ZNSt6__ndk110__function6__funcIZN32NativeFacebookConnectionCallback8userInfoERK6StringE3$_3NS_9allocatorIS6_EEFvvEE18destroy_deallocateEv,0x44
0x7704c0,_ZN12LogicVector310normalizeXEi,0x54
0x770514,_ZN12BadgePreview12updateLayoutEv,0x1e0
0x7706f4,_ZN9UdpPacket16setAckMessageIdsEPci,0xc
0x770700,_ZN27FacebookAccountBoundMessage6encodeEv,0x28
0x770728,_ZNK11OnlinePopup17getStreamItemListEv,0x8
0x770730,_ZN14DataLoaderSC3D12loadInternalEv,0x3a0
0x770ad0,_ZNK15GameSCIDManager23isFriendsFeatureEnabledEv,0x1c
0x770aec,_ZN17UnlockAccountMenu6updateEf,0xa0
0x770b8c,_ZN22SearchAlliancesMessage13setMinMembersEi,0x8
0x770b94,_ZN5Scene9addCameraEP8Camera3DP4NodeS3_,0x180
0x770d14,_ZN9xMatrix44cvPfEv,0x4
0x770d18,_ZNK9CombatHUD20shouldOffsetControlsEv,0x2c
0x770d44,_ZN18LogicMapEditorMode11initTileMapEii,0xe4
0x770e28,_ZNSt6__ndk110__function6__funcIZN11scTaskQueue3runIZN8TestCase17releaseStageTouchEvE3$_4EENS_13invoke_resultIT_JEE4typeES7_EUlvE_NS_9allocatorISA_EEFvvEE18destroy_deallocateEv,0x4
0x770e2c,_ZN14BrawlPassPopup11getNextItemEP14LogicArrayListIP8RankItemEb,0x134
0x770f60,_ZN6icu_586Locale15getISOCountriesEv,0x4
0x770f64,_ZNSt6__ndk110__function6__funcIZN11scTaskQueue3runIZN11AndroidMain9_gameStopEvE4$_17EENS_13invoke_resultIT_JEE4typeES7_EUlvE_NS_9allocatorISA_EEFvvEED0Ev,0x4
0x770f68,_ZNK12RankingEntry6encodeEP15ChecksumEncoder,0xc8
0x771030,_ZN6Friend15setAgeInSecondsEi,0x8
0x771038,_ZNK38LogicAccountTransferCodeRequestMessage14getMessageTypeEv,0x8
0x771040,_ZN39LogicAccountTransferCodeResponseMessage19setCodeValidSecondsEi,0x8
0x771048,_ZN12LogicVector3C2Ev,0xc
0x771054,_ZN14BattleTutorial13buttonClickedEP12CustomButton,0x4
0x771058,_ZN15PlayAgainStatus9decodeIdsEP10ByteStream,0x1cc
0x771224,_ZN21RankedTeamSelectPopup13toggleSortingEv,0x104
0x771328,_ZNK17ReplayStreamEntry10getMessageEv,0x8
0x771330,_u_strlen_58,0x18
0x771348,_ZNK17LogicClientAvatar15getFreeDiamondsEv,0x8
0x771350,_ZN13TextureSystem11loadTextureEPKhi9ImageWrap11ImageFilterRi,0xe4
0x771434,_ZN17LogicGameModeUtil24spectateFriendAfterDeathEi,0x40
0x771474,_ZN10BadgePopup12refreshTitleEP18DecoratedTextField,0x30
0x7714a4,_ZN6xTimer4exitEv,0x4
0x7714a8,_ZN24LaserParticleEmitterData7reflectERN8Databind9ReflectorEP16ResourceListener,0x90
0x771538,_ZN11BasePageGUI6updateEf,0x1cc
0x771704,_ZNSt6__ndk110__function6__funcIZ62Java_com_supercell_titan_TitanWebView_shouldOverrideUrlLoadingE3$_0NS_9allocatorIS2_EEFvvEE7destroyEv,0x8
0x77170c,_ZN11SkinPreviewD2Ev,0x2ec
0x7719f8,_ZN12SupercellSWF14readShortArrayEi,0x50
0x771a48,_ZN13YoozooManager9enterGameEv,0xe0
0x771b28,_ZN22AddFriendFailedMessage18getServiceNodeTypeEv,0x8
0x771b30,_ZL22preprocess_text_hangulPK18hb_ot_shape_plan_tP11hb_buffer_tP9hb_font_t,0x968
0x772498,_ZN9Messaging25handlePepperLoginResponseEP14PiranhaMessage,0x2c4
0x77275c,_ZN9xMatrix445scaleEf,0x4c
0x7727a8,_ZN12PepperCrypto24validate_asset_signatureEPKvm,0x8c
0x772834,_sub_772834,0x5c
0x772890,_sub_772890,0x44
0x7b43b8,_ZN27YoozooOrderAvailableMessage8destructEv,0x24
0x7b43dc,_ZN25LogicDiamondsAddedCommand8destructEv,0x4c
0x7b4428,_ZNK15LogicEffectData17getRenderableTimeEi,0x10
0x7b4438,_ZN14CommandStorageC2Ev,0x3c
0x7b4474,_ZN10HomeScreen20refreshOnlinePlayersEv,0x14
0x7b4488,_ZNK14LogicSkillData12getNumSpawnsEv,0x10
0x7b4498,_ZN12AllianceItemD2Ev,0x68
0x7b4500,_hb_ot_layout_feature_get_lookups,0x1e0
0x7b46e0,_ZNK13PlayerProfile7hasHeroEPK18LogicCharacterData,0x44
0x7b4724,_ZN9PopupBaseC2ERK6StringS2_bbS0_S0_S0_,0x138
0x7b485c,_ZN13ShopBgElement22beforeWidthCalculationEv,0x58
0x7b48b4,_ZNK15sc3dWorldObject13getWorldEulerEv,0xf4
0x7b49a8,_ZN5tween4Expo9easeInOutEffff,0x94
0x7b4a3c,_ZN18AttributionMessage18getServiceNodeTypeEv,0x8
0x7b4a44,_ZN19LogicSkinRarityData12resetStaticsEPK8CSVTable,0xe4
0x7b4b28,_ZN14BattleEndPopup24createRankedQuestElementEi,0x224
0x7b4d4c,_ZN5titan3com9supercell2id14IdPendingLoginC2EP8_jobject,0xbc
0x7b4e08,_ZNK20LogicCharacterClient15chargesUpAttackEv,0x10
0x7b4e18,_ZN7SBMMesh12initSkeletonEPS_RK6String,0x1a4
0x7b4fbc,_ZN6icu_5822UCharCharacterIteratorD2Ev,0x4
0x7b4fc0,_ZN22LaserDataLoaderTexture15TextureModifier20getOperationFromTextEPKc,0x8c
0x7b504c,_ZN12AllianceEditD0Ev,0x54
0x7b50a0,_ZN25EventSuggestionStreamItem13updateVisibleEf,0x4
0x7b50a4,_ZN16LogicMessageData8destructEv,0x4
0x7b50a8,_ZN32AskForPlayingKakaoFriendsMessageC2Ev,0x34
0x7b50dc,_ZNK6icu_5810UnicodeSet12containsNoneERKS0_,0xd4
0x7b51b0,_ZNK10BitmapFont11stringWidthEPKci,0x1e8
0x7b5398,_ZN20PlayerMapDeletePopup36handleDeletePlayerMapResponseMessageEP30DeletePlayerMapResponseMessage,0x80
0x7b5418,_ZN6icu_5814RBBISetBuilder12addValToSetsEPNS_7UVectorEj,0xe0
0x7b54f8,_ZNKSt6__ndk110__function6__funcIZN19SupercellIdCallback15avatarImageDataEP8_jobjectP11_jbyteArrayiiiRK6StringE4$_18NS_9allocatorISA_EEFvvEE11target_typeEv,0xc
0x7b5504,_ZN21LogicBattleModeClient18setCurrentCampaignEPK17LogicCampaignData,0x4
0x7b5508,_ZNSt6__ndk110__function6__funcIZN11scTaskQueue3runIZN11AndroidMain11releaseGameEvE3$_5EENS_13invoke_resultIT_JEE4typeES7_EUlvE_NS_9allocatorISA_EEFvvEE18destroy_deallocateEv,0x4
0x7b550c,_ZN20LogicCharacterServer16tickSelfDestructEv,0x2a8
0x7b57b4,_Z23calculatePaintColors59ThhPA3_hS0_,0xf8
0x7b58ac,_ZN18LogicHelpshiftData8destructEv,0x2c
0x7b58d8,_ZN18LoginFailedMessage12getErrorCodeEv,0x8
0x7b58e0,_ZN24UdpConnectionInfoMessageC2Ev,0x44
0x7b5924,_ZN15TeamSearchPopupD2Ev,0x54
0x7b5978,_ZN6icu_5816RBBITableBuilder19flagAcceptingStatesEv,0x18c
0x7b5b04,_ZN15SelectHeroPopup12heroSelectedEPK18LogicCharacterData,0x22c
0x7b5d30,_ZN21LogicJSONOutReflector9endObjectEv,0xf0
0x7b5e20,_ZNK11PlayerEntry6encodeEP10ByteStream,0x100
0x7b5f20,_ZN12_GLOBAL__N_114getStringArrayEPK12ResourceDataRKN6icu_5813ResourceArrayEPNS3_13UnicodeStringEiR10UErrorCode,0x1d0
0x7b60f0,_ZN30SubmitPlayerMapResponseMessage18getServiceNodeTypeEv,0x8
0x7b60f8,_ZNK6icu_589UVector3217getDynamicClassIDEv,0xc
0x7b6104,_ZN14MessageManager18udpMessageReceivedEP14PiranhaMessage,0x54
0x7b6158,_ZN8DataIconD0Ev,0x64
0x7b61bc,_ZN14TencentManager31handleAntiAddictionInstructionsERK6StringP14LogicArrayListIP36LogicTencentAntiAddictionInstructionEb,0x544
0x7b6700,_ZN5titan3com9supercell2id14IdShopDonation12getProductIdEv,0x7c
0x7b677c,_ZN35AllianceInvitationAvatarStreamEntry8destructEv,0x6c
0x7b67e8,_ZN29FacebookAccountUnboundMessage6encodeEv,0x4
0x7b67ec,_hb_font_add_glyph_origin_for_direction,0x54
0x7b6840,_ZNSt6__ndk110__function6__funcIZN19SupercellIdCallback23respondToDonationResultEP8_jobjectRK6StringS7_E4$_24NS_9allocatorIS8_EEFvvEE18destroy_deallocateEv,0x30
0x7b6870,_ZN9Character12updateShadowEP9MovieClip,0x94
0x7b6904,_ZN27LogicDeviceLinkErrorMessageC2Ev,0x38
0x7b693c,_ZN16TeamErrorMessage6decodeEv,0x3c
0x7b6978,_ZN8Databind15JSONInReflector11enterObjectERK6String,0x64
0x7b69dc,_ZN9BitStreamC2Ei,0x48
0x7b6a24,_ZN7FadeOutD0Ev,0x3c
0x7b6a60,_ZNK17LogicGameCalendar5cloneEv,0x3c
0x7b6a9c,_ZNKSt6__ndk110__function6__funcIZN19SupercellIdCallback6logOutEP8_jobjectE3$_6NS_9allocatorIS5_EEFvvEE7__cloneEPNS0_6__baseIS8_EE,0x18
0x7b6ab4,_ZN10InboxPopup18hasPendingDonationEv,0x140
0x7b6bf4,_ZN6icu_5810UCharsTrieD2Ev,0x8
0x7b6bfc,_ZN19SuggestBrawlerPopup12goBackToListEv,0x44
0x7b6c40,_ZN15LogicDataTables22getSpawnPoint2TileDataEv,0xc
0x7b6c4c,_ZNK21LogicGameObjectClient8getTileXEv,0x20
0x7b6c6c,_ZN28RankedMatchBanStartedMessage6decodeEv,0x48
0x7b6cb4,_ZNSt6__ndk110__function6__funcIZN8TestCase11pressButtonEP12CustomButtonE3$_0NS_9allocatorIS5_EEFvvEED0Ev,0x4
0x7b6cb8,_ZN13SceneRenderer16finishShadowDrawEiPi,0x54
0x7b6d0c,_ZN10LogicOffer8purchaseEP15LogicClientHomei,0x4
0x7b6d10,_ZN16ChronosTextEntry6encodeEP15ChecksumEncoder,0x44
0x7b6d54,_ZN11OnlinePopupD0Ev,0xb8
0x7b6e0c,_ZN33LogicInviteBlockingChangedCommandC2Ev,0x30
0x7b6e3c,_ZN24LogicSetPlayerAgeCommand10canExecuteEi,0x10
0x7b6e4c,_ZNK20LogicCharacterClient10isPoisonedEv,0x3c
0x7b6e88,_ZNK9MovieClip18getTextFieldByNameEPKc,0xb0
0x7b6f38,_ZNK20SelectableButtonList9getButtonEi,0x28
0x7b6f60,_ZN5titan3com9supercell5titan16TitanInstantApps17showInstallPromptEv,0x5c
0x7b6fbc,_ZN15LogicDataTables26getTotalHeroCountForAvatarEPK13LogicHomeMode,0x21c
0x7b71d8,_ZN21SetDeviceTokenMessage6decodeEv,0x70
0x7b7248,_ZNK6Friend14getFriendStateEv,0x8
0x7b7250,_ZN20AllianceCountryPopup6updateEf,0x10
0x7b7260,_line_to,0x60
0x7b72c0,_ZN14TencentManager16getSharePlatformEi,0xcc
0x7b738c,_hb_unicode_funcs_destroy,0x138
0x7b74c4,_ZNK31LogicPurchaseDoubleCoinsCommand14getCommandTypeEv,0x8
0x7b74cc,_ZNSt6__ndk110__function6__funcIZN11scTaskQueue3runIZN8TestCase10getDoTouchEP13DisplayObjectE3$_6EENS_13invoke_resultIT_JEE4typeES9_EUlvE_NS_9allocatorISC_EEFvvEED0Ev,0x4
0x7b74d0,_ZN23BattleReportStreamEntry16setReplayShardIdEi,0x8
0x7b74d8,_ZN17LogicGameModeUtil20displayScoreAsNumberEi,0x28
0x7b7500,_ZNK15LogicEffectData11getFileNameEi,0x18
0x7b7518,_ZN12TestReporter10saveToFileEv,0x314
0x7b782c,_ZNK17PlayerRankingData15getAllianceNameEv,0x8
0x7b7834,_ZNK10GameObject20getGameObjectManagerEv,0x20
0x7b7854,_ZN33TencentAccountAlreadyBoundMessage9setAvatarEP17LogicClientAvatar,0x8
0x7b785c,_ZNKSt6__ndk110__function6__funcIZN7GLImage14updateSubImageEPKciiiiiiE4$_10NS_9allocatorIS5_EEFvvEE7__cloneEPNS0_6__baseIS8_EE,0x30
0x7b788c,_ZN6icu_5822RuleBasedBreakIteratorC2Ev,0x6c
0x7b78f8,_ZN26MapEditorLegalWarningPopupD0Ev,0x38
0x7b7930,_ZN9BitStream24writePositiveIntMax65535Ei,0x8
0x7b7938,_ZN13SceneRenderer23updateMovieClipTexturesEf,0x98
0x7b79d0,_ZNK6icu_5813UnicodeString7indexOfEPKtiiii,0xc0
0x7b7a90,_ZN15ResourceManager21disableLowResSWFCheckEv,0xc
0x7b7a9c,_ZN28SkinPreviewTimeControlButtonC2Eff,0x44
0x7b7ae0,_ZNK17LogicClientAvatar14getNpcWinCountEv,0x8
0x7b7ae8,_SzFreeTemp,0x8
0x7b7af0,_ZN13LogicGemOffer7setItemEPK13LogicCardData,0x38
0x7b7b28,_ubidi_orderParagraphsLTR_58,0xc
0x7b7b34,_ZN19CachedFontFormatterC2EP13FontFormatteri,0x540
0x7b8074,_ZN15MapEditorScreen9setPausedEb,0xc
0x7b8080,_ZN11SkinPreview15addBottomButtonEP10GameButtonPKc,0x1c0
0x7b8240,_ZNK8NewsPage7NewsTab22getLaserBoxManagerSiteEv,0x88
0x7b82c8,_ZN22ClientContentValidator3runEv,0x2b4
0x7b857c,_ZNK6String16equalsIgnoreCaseEPKc,0x3c
0x7b85b8,_ZN19LogicRawInReflector12reflectArrayEiPKc,0x70
0x7b8628,_ZN24LatencyTestResultMessage18getServiceNodeTypeEv,0x8
0x7b8630,_ZN6Kunlun15IsPublicHolidayEPKlRKNSt6__ndk16vectorIiNS2_9allocatorIiEEEE,0x9c
0x7b86cc,_ZN18TeamChatController9isPanningEv,0x24
0x7b86f0,_ZN5lzham12symbol_codec19arith_stop_encodingEv,0x194
0x7b8884,_ZN28TencentBillingRequestMessage9setProdIDERK6String,0x8
0x7b888c,_ZN14RankedGoalItem14setFloaterTextEPK14LogicCondition,0x210
0x7b8a9c,_ZNKSt6__ndk110__function6__funcIZN19SupercellIdCallback20connectedGamesFailedEP8_jobjectE4$_17NS_9allocatorIS5_EEFvvEE6targetERKSt9type_info,0x1c
0x7b8ab8,_ZNSt6__ndk110__function6__funcIZN19SupercellIdCallback10setProfileEP8_jobjectRK6StringS7_iE4$_20NS_9allocatorIS8_EEFvvEED2Ev,0x30
0x7b8ae8,_ZN9InboxItem6updateEf,0x8
0x7b8af0,_hb_face_reference,0x1c
0x7b8b0c,_ZNK9CSVColumn15getBooleanValueEi,0x14
0x7b8b20,_ZNK9PopupBase17showOnlinePlayersEv,0x8
0x7b8b28,_ZN21LogicProjectileServer9setFreezeEii,0x8
0x7b8b30,_ZN8Settings17getAccessoryScaleEv,0x98
0x7b8bc8,_ZNK14BattleEndPopup29getTextForBattleEndReturnHomeEv,0x58
0x7b8c20,_ZN22CreateAccountOkMessageC2Ev,0x38
0x7b8c58,_ZN13ListContainerD0Ev,0x24
0x7b8c7c,_ZN19LogicRawInReflector40reflectReflectableReferenceArrayInternalER17LogicIntArrayListR14LogicArrayListIP16LogicReflectableEPKci,0x398
0x7b9014,_ZN10InboxPopup10refreshTabEi,0xec
0x7b9100,_ZN9BitStream24writePositiveIntMax16383Ei,0x8
0x7b9108,_ZNK6icu_5815Normalizer2Impl9decomposeEPKtS2_RNS_13UnicodeStringEiR10UErrorCode,0xe4
0x7b91ec,_ZN25TeamInviteResponseMessageC2Ev,0x38
0x7b9224,_ZNK9TextField15getStringObjectEv,0x8
0x7b922c,_ZN11SoundSystem9stopMusicEb,0xc
0x7b9238,_ZNK19LogicProjectileData11getGreenMulEv,0x10
0x7b9248,_ZN5lzham12symbol_codec20encode_align_to_byteEv,0x70
0x7b92b8,_ZN10HomeScreen22showDeliveryCardsPopupEv,0x8c
0x7b9344,_ZN5Stage39calculateDisplayObjectBounds_deprecatedEP13DisplayObjectPK6SpriteP4Rectb,0x48c
0x7b97d0,_ZN15StarPointsPopup17backButtonPressedEv,0xc
0x7b97dc,_ZN10ItemsPopupD0Ev,0x5c
0x7b9838,_ZN23FloaterTextNotification6decodeEP10ByteStream,0x4
0x7b983c,_ZN10HomeScreen19onPassSeasonReceiveEv,0x38
0x7b9874,_ZN20LogicCharacterServer13activateSkillEiii,0x54
0x7b98c8,_ZN17GameCenterManagerD0Ev,0x24
0x7b98ec,_ZN13UIHandlerList3addEP9UIHandler,0x140
0x7b9a2c,_ZNK13LogicBossData12getBossLevelEv,0x10
0x7b9a3c,_ZN17DataLoaderTextureD0Ev,0x94
0x7b9ad0,_ZNK22scLZMADecompressFilter15getMemoryHandleEv,0x80
0x7b9b50,_ZN28LogicGameObjectManagerServerC2Ev,0x2c
0x7b9b7c,_u_getUnicodeProperties_58,0x90
0x7b9c0c,_ZN23GetSeasonRewardsMessage18getServiceNodeTypeEv,0x8
0x7b9c14,_ZN18sc3dPanPinchCameraD2Ev,0x154
0x7b9d68,_ZN16SpecialOfferItemC2EP10TimedOfferP4ShopiRK6String,0x6f4
0x7ba45c,_ZN8Sprite3D22collisionTestWithDepthEffffRK9xMatrix44S2_Rf,0x16c
0x7ba5c8,_ZN9QuestItem14setupQuestDescEP9MovieClipPK9QuestDatab,0x4c0
0x7baa88,_ZN5Track4initERK6StringS2_S2_S2_,0x4
0x7baa8c,_ZNK10ScrollArea8getScaleEv,0x8
0x7baa94,_ZN17TencentTermsPopup8setStateEi,0x218
0x7bacac,_ZNK9UdpPacket20getAckMessageIdCountEv,0x8
0x7bacb4,_ZL25doLoadFromIndividualFilesPKcS0_S0_S0_S0_S0_PFaPvS0_S0_PK9UDataInfoES1_P10UErrorCodeS8_,0x1a8
0x7bae5c,_ZNKSt6__ndk110__function6__funcIZN8TestCase14getStageHeightEvE3$_9NS_9allocatorIS3_EEFivEE7__cloneEPNS0_6__baseIS6_EE,0x10
0x7bae6c,_ZN5titan3com9supercell5titan7GameApp19beforeLogicCallbackEv,0x7c
0x7baee8,_ZNK6icu_5820UnicodeSetStringSpan8spanUTF8EPKhi17USetSpanCondition,0x64c
0x7bb534,_ZN13LogicConfData12getEventSlotEi,0x38
0x7bb56c,_ZN14BattleEndPopup25initPlayAgainPlayerStatusEP9MovieClipP11PlayerEntryi,0x154
0x7bb6c0,_ZN9PopupBase17backButtonPressedEv,0x4
0x7bb6c4,_ZNK11DragHandler22getPinchingThresholdSQEv,0x1c
0x7bb6e0,_ZNK16PlayerMapManager21clonePlayerMapsWithIdEPK9LogicLong,0x1f8
0x7bb8d8,_ZNK9LogicLong11greaterThanEPKv,0x3c
0x7bb914,_ZN8Databind24NlohmannJsonOutReflector17reflectNextStringERK6String,0x2c
0x7bb940,_ZN11LogicPlayer17setTutorialActiveEv,0xc
0x7bb94c,_ZN5ModalC2EP9PopupBase,0x110
0x7bba5c,_ZN18DeliveryCardsPopup18proceedToNextChestEv,0x1c4
0x7bbc20,_ZNKSt6__ndk110__function6__funcIZN11Application25prepareAttributionMessageEvE3$_3NS_9allocatorIS3_EEFbvEE7__cloneEPNS0_6__baseIS6_EE,0x10
0x7bbc30,_ZNK11wendelstein13DragComponent14getFeatureBitsEv,0x8
0x7bbc38,_ZN6icu_5814LaoBreakEngineD2Ev,0x7c
0x7bbcb4,_ZN19ResetAccountMessage8destructEv,0x24
0x7bbcd8,_ZN28LogicClaimDailyRewardCommand6decodeEP10ByteStream,0x4c
0x7bbd24,_ZN21GemRewardNotification6decodeEP10ByteStream,0x4c
0x7bbd70,_ZN25AskForAllianceDataMessage18getServiceNodeTypeEv,0x8
0x7bbd78,_ZNK12LocationInfo20canDeleteAsPlayerMapEv,0x20
0x7bbd98,_ZN3GUI30setAccurateCollisionsForButtonEP10GameButton,0x28
0x7bbdc0,_ZN25KickAllianceMemberMessage6decodeEv,0x44
0x7bbe04,_ZN8Databind24NlohmannJsonOutReflector11beginObjectERK6String,0x17c
0x7bbf80,_ZN17GraphicProperties21configHasBitAttributeEPvii,0x48
0x7bbfc8,_ZN10SCTuneImpl12onDisconnectEP10Connection,0x24
0x7bbfec,_ZN25RankedMatchStartedMessage8destructEv,0x48
0x7bc034,_ZN16RotateHeroButtonD0Ev,0x50
0x7bc084,_ZNK14LogicMilestone14getRewardCountEi,0xcc
0x7bc150,_ubrk_getRuleStatusVec_58,0xc
0x7bc15c,_ZN17LogicHeroUpgrades6decodeEP10ByteStream,0x4c
0x7bc1a8,_ZN18AttackRadiusSprite12setMaxRadiusEf,0x38
0x7bc1e0,_ZNK11GemPackItem24setOfflineRealMoneyPriceEiRK6String,0x80
0x7bc260,_ZNKSt6__ndk110__function6__funcIZN19SupercellIdCallback14friendsChangedEP8_jobjectP13_jobjectArrayE4$_14NS_9allocatorIS7_EEFvvEE7__cloneEv,0x40
0x7bc2a0,_ZN13ClippedSpriteC2Ev,0x34
0x7bc2d4,_ZN14TitanInputFile4readEPvii,0x1c
0x7bc2f0,_ZNK17HighRateUdpPacket20getAckMessageIdCountEv,0x8
0x7bc2f8,_ZN15LogicDataTables14getHeroByIndexEi,0xa4
0x7bc39c,_ZN34PurchaseOfferHighlightPopupHandler6updateEf,0x88
0x7bc424,_ZN13LoadingScreenD2Ev,0x94
0x7bc4b8,_ZNK18LogicGemBundleData20getUnlockedBuildingsEv,0x8
0x7bc4c0,_ZNKSt6__ndk110__function6__funcIZN11scTaskQueue3runIZN8TestCase10touchStageER5TouchE3$_5EENS_13invoke_resultIT_JEE4typeES9_EUlvE_NS_9allocatorISC_EEFvvEE6targetERKSt9type_info,0x1c
0x7bc4dc,_ZN6Screen8getWidthEv,0xc
0x7bc4e8,_ZNKSt6__ndk110__function6__funcIZN11scTaskQueue3runIZN8TestCase9moveTouchER5TouchS5_S5_fE3$_7EENS_13invoke_resultIT_JEE4typeES9_EUlvE_NS_9allocatorISC_EEFvvEE11target_typeEv,0xc
0x7bc4f4,_ZNSt6__ndk110__function6__funcIZN19SupercellIdCallback29purchasesReceivedNotificationEP8_jobjectP13_jobjectArrayE4$_26NS_9allocatorIS7_EEFvvEE18destroy_deallocateEv,0x4
0x7bc4f8,_ZN21TeamInvitationMessageC2EiP14TeamInvitation,0x48
0x7bc540,_ZN23FriendAvatarBaseMessage18getServiceNodeTypeEv,0x8
0x7bc548,_ZNSt6__ndk110__function6__funcIZN19SupercellIdCallback27completeClaimShopItemResultEP8_jobjectRK6StringS7_E4$_23NS_9allocatorIS8_EEFvvEEclEv,0x78
0x7bc5c0,_ZN15MovieClipHelper25setTextFieldPixelSnappingEP6Spriteb,0x9c
0x7bc65c,_ZN23HomeLogicStoppedMessageC2Ev,0x34
0x7bc690,_ZNK11LineManager13isLineEnabledEv,0x34
0x7bc6c4,_ZN17LogicClientAvatar12setLoseCountEi,0x8
0x7bc6cc,_ZNK24LatencyTestResultMessage14getMessageTypeEv,0x8
0x7bc6d4,_ZN6scglTF9BufferPtrC2ERKN2fx4gltf8DocumentERKNS2_8AccessorE,0xfc
0x7bc7d0,_ZN18LoginFailedMessage39removeCompressedResourceFingerprintDataEv,0x14
0x7bc7e4,_ZN24HighRateUdpPacketHandler4sendEP14PiranhaMessagef,0x244
0x7bca28,_ZN17UIArrangeChildren6handleEP5UICtxi,0xe4
0x7bcb0c,_Java_com_supercell_titan_SupercellId_setShopItems,0x14
0x7bcb20,_ZN25BrawlPassAutoCollectPopupC2EP38BrawlPassAutoCollectSeasonNotification,0x2c0
0x7bcde0,_ZNK11SocialPopup13isFriendsOpenEv,0x20
0x7bce00,_ZN6icu_5813UnicodeString8doAppendEPKtii,0x178
0x7bcf78,_ZN14TencentManager12failedToBindEv,0xbc
0x7bd034,_ZN22AllianceChatController13setAreaHeightEf,0x24
0x7bd058,_blake2b_init,0x98
0x7bd0f0,_ZN11EmotesPopupD0Ev,0x54
0x7bd144,_ZN13LogicHintDataC2EP6CSVRowP14LogicDataTable,0x30
0x7bd174,_ZN8HeroList15createContainerEP9MovieClipRK6String,0x6c
0x7bd1e0,_ZN15ChecksumEncoder8destructEv,0x10
0x7bd1f0,_ZN14BattleTutorialD0Ev,0xa4
0x7bd294,_ZN18LatencyTestSession6updateEf,0x8c
0x7bd320,_ZNSt6__ndk110__function6__funcIZN19SupercellIdCallback20setNotificationBadgeEP8_jobjectbiE4$_19NS_9allocatorIS5_EEFvvEE7destroyEv,0x4
0x7bd324,_ZN17OnlineTeamupPopup18setSNSInviteResultERK6Stringb,0xc
0x7bd330,_ZN13EffectManager18updateFlyParticlesEf,0x140
0x7bd470,_ZN23ChronosEventSeenMessage6encodeEv,0x28
0x7bd498,_ZNK12LogicBitList9getValuesEv,0x8
0x7bd4a0,_ZN27ChatAccountBanStatusMessage6decodeEv,0x28
0x7bd4c8,_ZN23HomeBattleReplayMessage8destructEv,0x38
0x7bd500,_ZN17BrawlTvIntroPopup18customButtonTappedEP10GameButtoni,0x4c
0x7bd54c,_ZN21MagicSelectableButton15updateMovieClipEv,0x78
0x7bd5c4,_ZN10ScrollArea32cancelAllParentScrollAreaTouchesEv,0x54
0x7bd618,_ZN8HomeMode20createOwnDisplayDataEv,0xc0
0x7bd6d8,_ZN25BrawlTvChannelListMessage18getServiceNodeTypeEv,0x8
0x7bd6e0,_ZNK9QuestData12isDailyQuestEv,0x44
0x7bd724,_ZN15LogicDataTables16getSpeedUpEffectEv,0xc
0x7bd730,_ZNK27LogicUnlockFreeSkinsCommand14getCommandTypeEv,0x8
0x7bd738,_ZNK21LogicSkinCampaignData13getBgItemNameEv,0x10
0x7bd748,_ZN15AllianceManager15removeTopScreenEv,0x48
0x7bd790,_ZNK11LogicPlayer12canResurrectEv,0x60
0x7bd7f0,_ZNSt6__ndk110__function6__funcIZZN11AndroidMain18onSurfaceDestroyedEvENK3$_2clEvEUlvE_NS_9allocatorIS4_EEFvvEEclEv,0x8
0x7bd7f8,_ZN18DeliveryCardsPopup27prepareCoinDoublerExecutionEv,0x294
0x7bda8c,_InFile_Open,0x48
0x7bdad4,_getEnv,0x4
0x7bdad8,_ZN11FontManager7addFontEP4FontRK6String,0x180
0x7bdc58,_ZN15sc3dWorldObject11setTileSizeEii,0x60
0x7bdcb8,_ZN12RenderSystem11destroyTileEiibbb,0x424
0x7be0dc,_ZN19EnvironmentRenderer15startShadowDrawERiPi,0xcc
0x7be1a8,_ZN29HomeBattleReplayFailedMessage6encodeEv,0x28
0x7be1d0,_ZNK26RankedTeamSelectionManager13isMyPickOrBanEv,0xb4
0x7be284,_unorm2_getNFKCCasefoldInstance_58,0x20
0x7be2a4,_ZN9CombatHUD15KilledPlayerHUDD2Ev,0x34
0x7be2d8,_ZN3SBM7getMeshEi,0x28
0x7be300,_ZN18LogicGatchaCommand10getGemCostEP15LogicClientHomei,0x48
0x7be348,_ZNK12scZlibFilter15getMemoryHandleEv,0x1a8
0x7be4f0,_ZN13LogicItemData32getIntValueForSkinFromParentItemEi,0x18
0x7be508,_ZN14BattleEndPopup10isSurvivalEv,0x14
0x7be51c,_ZNK22LogicLocationThemeData22getIndestructibleCountEv,0x10
0x7be52c,_ZNSt6__ndk110__function6__funcIZN8TestCase11touchSpriteEP6SpriteE3$_2NS_9allocatorIS5_EEFvvEE18destroy_deallocateEv,0x4
0x7be530,_ZN12DeleteScreen6updateEf,0x38
0x7be568,_ZNK19LogicRankedRankData7getRankEv,0x10
0x7be578,_ZN17ChatOptionsSlider22setSliderButtonVisibleEb,0x44
0x7be5bc,_ZN7Popover22getCurrentContentWidthEv,0x34
0x7be5f0,_ZNK30AvatarNameCheckResponseMessage14getMessageTypeEv,0x8
0x7be5f8,_ZN20AllianceCountryPopup12refreshItemsEv,0x234
0x7be82c,_ZN13OpenGLContext22threadHasOpenGLContextEv,0x28
0x7be854,_ZN11wendelstein22SpawnVelocityComponent20spawnInitialVelocityERNS_8ParticleERNS_7EmitterERf,0x28c
0x7beae0,_ZN16BaseNotification6encodeEP15ChecksumEncoder,0x6c
0x7beb4c,_ZN20LogicCharacterServer30setCharacterSummoningVariablesEPK18LogicCharacterDataiiii,0x18
0x7beb64,_ZN10NativeFont15NativeFormatter12getLineWidthEv,0x8
0x7beb6c,_ZNK14LogicDataTable8containsERK6String,0x24
0x7beb90,_ZNSt6__ndk110__function6__funcIZ45Java_com_supercell_titan_Kakao_receivedFriendE3$_1NS_9allocatorIS2_EEFvvEE7destroyEv,0x34
0x7bebc4,_ZNK13LogicBossData6getMapEv,0x10
0x7bebd4,_ures_getString_58,0x5c
0x7bec30,_ZN11WaitForData13onFastforwardEv,0xc
0x7bec3c,_ZN9xMatrix4427createPerspectiveProjectionEffff,0xf4
0x7bed30,_ZN9ShopPopup24getFreeNotificationCountEv,0x4
0x7bed34,_ZN12ReleaseEntry8destructEv,0x8
0x7bed3c,_ZN20LogicCharacterServer21triggerLowerCooldownsEi,0x64
0x7beda0,_ZZN7GLImage14updateSubImageEPKhiiiENK3$_9clEv,0x13c
0x7beedc,_ZN8CSVTable11addColumnAtERK6Stringii,0x284
0x7bf160,_ZN13ListContainer8addEntryEP13DisplayObject,0x13c
0x7bf29c,_ZN30LogicDeviceLinkResponseMessage14setVillageNameERK6String,0x8
0x7bf2a4,_ZNK14BattleLogEntry20getGameModeVariationEv,0x18
0x7bf2bc,_ZN5SceneC2Ev,0x18
0x7bf2d4,_ZN10LogicGoals19resolveMaxHeroPowerEv,0x78
0x7bf34c,_ZN5lzham18adaptive_bit_model17set_probability_0Ef,0x20
0x7bf36c,_ZN22UnlockAccountOkMessage8destructEv,0x3c
0x7bf3a8,_ZN7GLImage11getGLFormatEi,0x24
0x7bf3cc,_ZN36AppleBillingProcessedByServerMessageC2Ev,0x78
0x7bf444,_ZN17LogicClientAvatar7setNameERK6String,0x8
0x7bf44c,_ZNK17ReplayStreamEntry8isAttackEv,0x8
0x7bf454,_ZN17ChatOptionsSlider22refreshTabNotificationEP9MovieClipPiib,0xb8
0x7bf50c,_ZN15ApiTokenMessageC2Ei,0x4c
0x7bf558,_ZN13MapEditorMode13updateLoadingEf,0x100
0x7bf658,_ZN16OutOfSyncMessage17getServerChecksumEv,0x8
0x7bf660,_ZN8GameMain12setAccountIdEP9LogicLong,0xdc
0x7bf73c,_ZNK19AvatarStreamManager11getEntryCntEv,0x10
0x7bf74c,_nti_cache_free,0x30
0x7bf77c,_ZNK13LogicSkinData19isBuyOptionRewardedEv,0x10
0x7bf78c,_ZN8ImageSet5clearEv,0x10c
0x7bf898,_ZN29TeamRequestJoinApproveMessageC2Ev,0x38
0x7bf8d0,_ZNK18LogicCharacterData15isTrainingDummyEv,0x10
0x7bf8e0,_ZNK20LogicCharacterClient16getMovementSpeedEP21LogicBattleModeClient,0x7c
0x7bf95c,_ZN25FriendOnlineStatusMessageC2Ei,0x30
0x7bf98c,_ZN21ToggleDebugMenuButtonD0Ev,0x30
0x7bf9bc,_ZN10TeamStream19getPreviewMessageIdEv,0x78
0x7bfa34,_deflateEnd,0x108
0x7bfb3c,_ZN9Messaging29sendPepperAuthentication_CROPEP18ClientHelloMessageP14PiranhaMessage,0x164
0x7bfca0,_ZN6icu_5822UCharCharacterIterator4moveEiNS_17CharacterIterator7EOriginE,0x60
0x7bfd00,_hb_face_make_immutable,0x18
0x7bfd18,_ZNK34LogicDeviceLinkCodeResponseMessage11getLinkCodeEv,0x8
0x7bfd20,_ZN8NewsPage13buttonClickedEP12CustomButton,0x98
0x7bfdb8,_ZN18LogicGatchaCommand14getGatchaCountEP15LogicClientHomei,0x54
0x7bfe0c,_ZN23FriendListUpdateMessage8destructEv,0x54
0x7bfe60,_ZN14LoginOkMessage12setPassTokenEP6String,0x8
0x7bfe68,_ZN5titan7android4view9ViewGroup12LayoutParamsC2EP8_jobject,0xe0
0x7bff48,_ZN10HomeScreen19beforeQuestsChangedEv,0x28
0x7bff70,_ZN8Settings17setControlsDeviceEv,0x70
0x7bffe0,_ZN30LogicDeviceLinkResponseMessage18getServiceNodeTypeEv,0x8
0x7bffe8,_ZN14AllianceStream6updateEf,0x3f4
0x7c03dc,_ZN16ClanMessagePopupD2Ev,0xdc
0x7c04b8,_ZL12_getKeywordsPKccPciS1_iPiaS0_S0_P10UErrorCode,0x48c
0x7c0944,_ZNK17LogicLocalization9getStringERK6Stringi,0xd4
0x7c0a18,_ZN23SetHeroDefaultAnimationD0Ev,0x34
0x7c0a4c,_utext_isWritable_58,0xc
0x7c0a58,_ZNK10BitmapFont9findGlyphEi,0x6c
0x7c0ac4,_ZNSt6__ndk110__function6__funcIZN11scTaskQueue3runIZN7GLImage6createEiiiPKh9ImageWrap11ImageFilterE3$_7EENS_13invoke_resultIT_JEE4typeESB_EUlvE_NS_9allocatorISE_EEFvvEE18destroy_deallocateEv,0x4
0x7c0ac8,_ZNSt6__ndk110__function6__funcIZN11scTaskQueue3runIZN6scglTF12_GLOBAL__N_111convertGLTFEP7SCWFileRKN2fx4gltf8DocumentERK6StringE3$_0EENS_13invoke_resultIT_JEE4typeESI_EUlvE_NS_9allocatorISL_EEFvvEED0Ev,0x4
0x7c0acc,_ZN18LogicPlayerMapUtil29getPlayerSubmittedMapNumLimitEPK13LogicConfData,0x10
0x7c0adc,_ZN26LogicLocalNotificationDataC2EP6CSVRowP14LogicDataTable,0x30
0x7c0b0c,_ZN11Application28getAdvertiserTrackingEnabledEv,0x24
0x7c0b30,_ZN19EnvironmentRenderer13initShadowMapEv,0x2bc
0x7c0dec,_ZN17TencentLoginState9destroyUIEv,0xf8
0x7c0ee4,_ZNK17LogicSkinConfData27getBossAutoAttackRecoilAnimEv,0x10
0x7c0ef4,_ZN12LocationItem22trySetPlayerMapForTeamEPK14LogicPlayerMap,0x12c
0x7c1020,_ZN13ThumbnailItemD0Ev,0x34
0x7c1054,_ZN13UdpSendBufferD2Ev,0xc4
0x7c1118,_ZN8GameMain6logOutEbb,0xb0
0x7c11c8,_ZN23HomeBattleReplayMessage6decodeEv,0x60
0x7c1228,_ZN26ChangePlayerMapNameMessage8setMapIdERK9LogicLong,0xc
0x7c1234,_uprops_getSource_58,0xdc
0x7c1310,_ZN22BrawlerSuggestionPopupC2Ei,0x368
0x7c1678,_ZN9ShopPopup13videoAdClosedEv,0x8
0x7c1680,_ZN15LogicStringUtil12createStringEPKcii,0x48
0x7c16c8,_ZN11SkinPreview25updateModelTransformationEff,0x14
0x7c16dc,_ZN8TailItem6updateEf,0x8
0x7c16e4,_ZN9BitStream12writeIntMax3Ei,0x8
0x7c16ec,_ZN20StopHomeLogicMessage18getServiceNodeTypeEv,0x8
0x7c16f4,_ZN8Settings13getShootScaleEv,0x98
0x7c178c,_ZN20LogicRawOutReflector17reflectNextStringERK6String,0x38
0x7c17c4,_ZN14EnterNamePopup6updateEf,0x27c
0x7c1a40,_ZN9TeamEntry6decodeEP10ByteStream,0x7ac
0x7c21ec,_ZNK9PopupBase10showTopHUDEv,0x40
0x7c222c,_ZNSt6__ndk110__function6__funcIZN11scTaskQueue3runIZN6Shader4loadEPKcS6_S6_E3$_1EENS_13invoke_resultIT_JEE4typeES9_EUlvE_NS_9allocatorISC_EEFvvEE7destroyEv,0x4
0x7c2230,_ZN28AllianceMemberRemovedMessage6decodeEv,0x3c
0x7c226c,_ZN12SupercellSWF25clearLoadedMovieClipCacheEv,0x4
0x7c2270,_ZN33GetCurrentBattleReplayDataMessageC2Ev,0x30
0x7c22a0,_ZN16MovieClipTextureC2EP9MovieClip,0x64
0x7c2304,_ZN17LogicSkinConfData25setPrimarySkillRecoilAnimERK6String,0x14
0x7c2318,_ZN13LogicItemData8destructEv,0x54
0x7c236c,_ZNK11LogicPlayer13getUltiesUsedEv,0x3c
0x7c23a8,_hb_language_from_string,0x90
0x7c2438,_ZN18AskApiTokenMessage6decodeEv,0x4
0x7c243c,_Z12Base64decodePcPKc,0x164
0x7c25a0,_unorm2_getRawDecomposition_58,0xf4
0x7c2694,_ZN18DoubleClickChecker25setClickDistanceThresholdEf,0xc
0x7c26a0,_ZN20LogicCharacterServer11setImmunityEiPK9LogicDatai,0x164
0x7c2804,_ZNK14LogicDataTable13getDataByNameERK6StringPK9LogicData,0x118
0x7c291c,_ZN31LogicTransactionsRevokedCommand9setAmountEi,0x8
0x7c2924,_ZNK31SkinPurchaseOptionDonationPopup28allowClosingFromModalTappingEv,0x8
0x7c292c,_ZN23LineAccountBoundMessage18getServiceNodeTypeEv,0x8
0x7c2934,_Z22getVanityItemSortOrderPK9LogicData,0x3c
0x7c2970,_findClass,0x4
0x7c2974,_ZN13ProfileButton22refreshPlayerThumbnailEv,0x10c
0x7c2a80,_ZN9TextInput7keyDownEi,0x8
0x7c2a88,_Z10vsprintf_sPcmPKcSt9__va_list,0x60
0x7c2ae8,_ZN37LogicPurchaseHeroLvlUpMaterialCommand7executeEP13LogicHomeModeib,0x168
0x7c2c50,_ZN14SettingsScreen18setCurrentLanguageEv,0xb0
0x7c2d00,_ZNKSt6__ndk110__function6__funcIZ59Java_com_supercell_titan_GoogleServiceClient_onSignInFailedP7_JNIEnvP7_jclassE3$_3NS_9allocatorIS6_EEFvvEE6targetERKSt9type_info,0x1c
0x7c2d1c,_ZNSt6__ndk110__function6__funcIZN11AndroidMain21inputSelectionChangedEiiE4$_11NS_9allocatorIS3_EEFvvEE7destroyEv,0x4
0x7c2d20,_ZN17LogicLocationData12resetStaticsEPK8CSVTable,0x294
0x7c2fb4,_ZN13BattleLogItemD2Ev,0x1c8
0x7c317c,_ZN15ChecksumEncoder10writeBytesEPci,0x24
0x7c31a0,_ZN9DebugMenuD2Ev,0x138
0x7c32d8,_ZN5Track5eventERK6StringS2_S2_S2_S2_S2_S2_S2_S2_S2_S2_S2_S2_,0x4
0x7c32dc,_ZN6UINodeD2Ev,0x40
0x7c331c,_ZN19EnvironmentRenderer16finishShadowDrawEiPi,0x5c
0x7c3378,_ZN15LogicItemServer17setStuckCharacterEP20LogicCharacterServer,0x78
0x7c33f0,_ZThn96_N17AnimationInstance12setBoneScaleEf,0x1c
0x7c340c,_ZN12TestReporter16setTestSuiteNameE6String,0x3c
0x7c3448,_ZN13FriendsScreen9updateTabEii,0xc0
0x7c3508,_ZN17LogicGameCalendar7setHourEi,0x8
0x7c3510,_ZN19LogicRawInReflector23reflectCompressedStringER21LogicCompressedStringPKc,0x30
0x7c3540,_ZN12BattleScreen16canActivateSkillEP23LogicCharacterClientOwnP16LogicSkillClient,0x80
0x7c35c0,_ZNK15LogicEffectData21getRenderableTypeNameEi,0x10
0x7c35d0,_Java_com_supercell_titan_UnityAdsTitan_nativeAdsStart,0x1c
0x7c35ec,_ZN15LogicJSONParser11parseNumberERK6StringPi,0x210
0x7c37fc,_Java_com_supercell_titan_GameApp_nOnCreate,0x94
0x7c3890,_lv1_frida_killer__ZL19create_guard_threadv,0xc8
0x7c3958,_ZN19LogicRawInReflector19setReflectableIdMapEPK16ReflectableIdMap,0x8
0x7c3960,_ZN13HeroModelItem36playIntroSingleItemOfferConfirmationEv,0xc
0x7c396c,_ZN6scglTF4packEffff,0x3c
0x7c39a8,_ZN22PurchaseBrawlPassPopup22displayPurchaseConfirmEbP12LogicCommand,0x278
0x7c3c20,_ZN23AddFriendByEmailMessage6encodeEv,0x28
0x7c3c48,_ZN21GlobalChatLineMessage13removeMessageEv,0x10
0x7c3c58,_ZN6icu_5827locale_set_default_internalEPKcR10UErrorCode,0x1ec
0x7c3e44,_ZN37JoinAllianceResponseAvatarStreamEntryC2Ev,0x3c
0x7c3e80,_ZN14LoginOkMessage15removeAccountIdEv,0x10
0x7c3e90,_ZNK17ChatOptionsSlider19isInMessageCooldownEv,0x10
0x7c3ea0,_ZN24LoginUsingSessionMessage6encodeEv,0x74
0x7c3f14,_uhash_compareUnicodeString_58,0xb4
0x7c3fc8,_ZN9SCWHeader4readEP7SCWFileR12SCWFileInput,0xc8
0x7c4090,_ZNK24CancelMatchmakingMessage14getMessageTypeEv,0x8
0x7c4098,_ZN23TeamMemberStatusMessage6encodeEv,0x28
0x7c40c0,_ZL16resample_row_v_2PhS_S_ii,0x118
0x7c41d8,_ZN19LogicCommandManager13createCommandEi,0x5f8
0x7c47d0,_ZNK20GoogleServiceManager22isGoogleServiceEnabledEv,0x4c
0x7c481c,_ZN13EffectManager21removeAllSoundEffectsEv,0x4c
0x7c4868,_ZN16ChatOptionsPopupD0Ev,0x5c
0x7c48c4,_ZNK10GameObject23getSpriteForEffectsBaseEv,0x2c
0x7c48f0,_ZN16HelpshiftManagerD2Ev,0x10
0x7c4900,_ZNK17AvatarStreamEntry13getSenderNameEv,0x8
0x7c4908,_udata_openChoice_58,0x3c
0x7c4944,_ZN15sc3dWorldObject13setWorldScaleEf,0x134
0x7c4a78,_ZN19EnvironmentRenderer12setTileLayerEiii,0x1e4
0x7c4c5c,_ZN10HeroSprite7setTypeEi,0x8
0x7c4c64,_ZZN11Application17getReferrerValuesEvEN23InstallReferrerListener36onInstallReferrerServiceDisconnectedEv,0xbc
0x7c4d20,_ZN15ProLeagueScreen12refreshTitleEP18DecoratedTextField,0x30
0x7c4d50,_ZN21LogicJSONOutReflector16reflectLongArrayER18LogicLongArrayListPKc,0xc8
0x7c4e18,_ZN25KickAllianceMemberMessageC2Ev,0x34
0x7c4e4c,_ZN11FriendEntry6encodeEP15ChecksumEncoder,0x210
0x7c505c,_ZNKSt6__ndk110__function6__funcIZN14LineConnection14requestFriendsEvE3$_5NS_9allocatorIS3_EEFvbPKN8linecorp4nova5graph5model21ProfilePagingResponseEPKNS7_5ErrorEEE7__cloneEPNS0_6__baseISG_EE,0x18
0x7c5074,_ZN37SendAllianceInvitationToFriendMessage15setGameCenterIdEP6String,0x8
0x7c507c,_ZNK6icu_5811Normalizer211composePairEii,0x8
0x7c5084,_ZN3GUI17openSettingsPopupEv,0x40
0x7c50c4,_ZNSt6__ndk110__function6__funcIZN5titan7android5media11MediaPlayer18OnPreparedListener6invokeEP10_jmethodIDP13_jobjectArrayE3$_0NS_9allocatorISB_EEFvRN8safe_jni5ProxyES5_EEclESG_OS5_,0x154
0x7c5218,_ZN27PurchaseSkinGroupOfferPopup6updateEf,0x118
0x7c5330,_ZN6icu_5810UnicodeSet7matchesERKNS_11ReplaceableERiia,0x2f4
0x7c5624,_nti_load_font_file,0x26c
0x7c5890,_ZN10NativeFont15NativeFormatter15getGlyphAdvanceEv,0x8
0x7c5898,_ZN8Settings19setAccessoryOpacityEf,0x78
0x7c5910,_ZN13TitanInStream7readU16Ev,0x4c
0x7c595c,_ZN13BandMailPopupC2Ev,0x27c
0x7c5bd8,_ZN17FriendListMessage6decodeEv,0x208
0x7c5de0,_Z8printLogPKcS0_S0_j,0x48
0x7c5e28,_ZN5titan3com9supercell5titan11SupercellId31requestImageDataForAvatarStringERK6String,0xac
0x7c5ed4,_ZN10BitmapFont15BitmapFormatter12getLineBeginEv,0x8
0x7c5edc,_ZN18ProLeagueInfoPopup5setBgEP9MovieClipRK6Stringb,0x2c
0x7c5f08,_ucase_fold_58,0x164
0x7c606c,_ZN6icu_5816RBBITableBuilder5buildEv,0x2c0
0x7c632c,_ZNK6scFile15getMemoryHandleEv,0x10
0x7c633c,_ZN20GoogleServiceManager27checkSendBindAccountMessageEv,0x90
0x7c63cc,_ZN18FacebookConnection16getAttributionIDEv,0x4
0x7c63d0,_ZNSt6__ndk110__function6__funcIZN8TestCase28getAllSpritesVisibleMatchingI12CustomButtonZNS2_28getButtonsWithTextFieldValueE6StringbbS5_E4$_22EENS_6vectorIPT_NS_9allocatorIS9_EEEET0_EUlvE_NSA_ISE_EEFP6SpritevEED0Ev,0x4
0x7c63d4,_ZN5Stage8addChildEP13DisplayObject,0x8
0x7c63dc,_ZN12jpeg_decoder15process_markersEv,0x90
0x7c646c,_ZN11BasePageGUI13touchReleasedERK5Touch,0x4c
0x7c64b8,_ZN15ResourceManager29removeOldOutOfDateUpdateFilesEPK15LogicJSONObjectS2_,0x648
0x7c6b00,_ZNK17scLocalKeyManager6setKeyERK5scKey,0x158
0x7c6c58,_ZN13ClippedSpriteD2Ev,0x30
0x7c6c88,_ZNKSt6__ndk110__function6__funcIZZN11AndroidMain18onSurfaceDestroyedEvENK3$_2clEvEUlvE_NS_9allocatorIS4_EEFvvEE11target_typeEv,0xc
0x7c6c94,_ZN6icu_5820LanguageBreakFactoryD0Ev,0x4
0x7c6c98,_ZNK10Projectile18getLogicProjectileEv,0x4
0x7c6c9c,_ZN12BadgePreview6reloadEv,0x5c
0x7c6cf8,_ZN20LogicCharacterServer12executeBlinkEv,0x4
0x7c6cfc,_ZN24BindYoozooAccountMessage6encodeEv,0x44
0x7c6d40,_ZN31PvpMatchmakeNotificationMessage6encodeEv,0x28
0x7c6d68,_ZNSt6__ndk110__function6__funcIZN19SupercellIdCallback14connectedGamesEP8_jobjectP13_jobjectArrayE4$_16NS_9allocatorIS7_EEFvvEE7destroyEv,0x4
0x7c6d6c,_ZNK12RenderSystem15getTilemapWidthEv,0x8
0x7c6d74,_ZN12LogicBitList6setBitEi,0x44
0x7c6db8,_ZNKSt6__ndk110__function6__funcIZN7GLImage6createEPKc9ImageWrap11ImageFilterE3$_0NS_9allocatorIS7_EEFvvEE7__cloneEPNS0_6__baseISA_EE,0x28
0x7c6de0,_ZN15sc3dWorldCamera11setViewSizeEff,0xc
0x7c6dec,_ZN5lzham12lzcompressor22get_recent_block_ratioEv,0xb0
0x7c6e9c,_ZN8TestCase13setThreadNameE6String,0x34
0x7c6ed0,_ZNK9Messaging17getMessageFactoryEv,0x8
0x7c6ed8,_ZN14LoginOkMessage6encodeEv,0x260
0x7c7138,_ZN22ClientContentValidator22validateFilePairsExistERK6StringS2_S2_,0x3d8
0x7c7510,_ZN17MyAllianceMessage18getServiceNodeTypeEv,0x8
0x7c7518,_ZNK30AdUpdateConversionValueMessage14getMessageTypeEv,0x8
0x7c7520,_ZNK10HeroSprite9HeroEntry18getCameraIndexByIdERK6String,0x78
0x7c7598,_ZN19LogicCommandManager4tickEv,0x1f0
0x7c7788,_ZN12LogicBitListC2Ei,0x68
0x7c77f0,_ZNK16LogicOfferBundle21getBillingPackageDataEv,0x70
0x7c7860,_ZN28DeviceLinkConfirmationScreen6updateEf,0x4
0x7c7864,_ZN11Character3D20updateModelTransformEv,0x2f8
0x7c7b5c,_ZN12LocationItem11setupForLfgEv,0x28
0x7c7b84,_ZNK11LogicPlayer19getObjectivesStolenEv,0x3c
0x7c7bc0,_ZNK7PageGUI19getCurrentPageIndexEv,0x8
0x7c7bc8,_ZN17LogicClientAvatar17setCommodityCountEiPK9LogicDatai,0x338
0x7c7f00,_ZN16AddFriendMessage6decodeEv,0x3c
0x7c7f3c,_ZN12ClippingAreaD2Ev,0x64
0x7c7fa0,_ZN10HomeScreen20setSelectedEventSlotEi,0x40
0x7c7fe0,_ZN9MessagingD0Ev,0x24
0x7c8004,_ZNK14ChallengeEntry8getStateEv,0x8
0x7c800c,_ZN11SCIDWebView20webviewShouldOpenURLERK6String,0xd0
0x7c80dc,_ZN11LogicPlayer15savedShotOnGoalEv,0xc
0x7c80e8,_ZN12ShopItemAnim19afterInitialArrangeEv,0x5c
0x7c8144,_ZN13LogicCardData16createReferencesEv,0x1180
0x7c92c4,_ZN21LogicAreaEffectServer4tickEv,0xcc
0x7c9390,_ZNKSt6__ndk110__function6__funcIZN32NativeFacebookConnectionCallback18receivedAppRequestERK6StringE3$_4NS_9allocatorIS6_EEFvvEE11target_typeEv,0xc
0x7c939c,_ZNK14MessageManager10getPingUDPEv,0x40
0x7c93dc,_res_getTableItemByIndex_58,0x134
0x7c9510,_ZN5lzham7CLZBase14init_slot_tabsEv,0x4
0x7c9514,_ZN13LogicConfData23getSkinUnlockCostInGemsEPK13LogicSkinData,0x8
0x7c951c,_ZN8GoalList15createHighlightEP9MovieClip,0xb8
0x7c95d4,_ZN9xMatrix4414multiplyAffineEPKf,0xfc
0x7c96d0,_ZN9DecayItemC2EbiP10ScoreEntryP9TextFieldi,0x72c
0x7c9dfc,_ZN13LogicHomeMode18setHomeOwnerAvatarEP17LogicClientAvatar,0x24
0x7c9e20,_ZN6icu_5810UnicodeSet16getStaticClassIDEv,0xc
0x7c9e2c,_ZNK10ZipArchive13getAllEntriesEv,0x8
0x7c9e34,_ZN6icu_5816RBBITableBuilder19mergeRuleStatusValsEv,0x204
0x7ca038,_ZN27StarPowerRewardNotification12getStarPowerEv,0x8
0x7ca040,_ZN37AskForPlayingGamecenterFriendsMessage8destructEv,0x98
0x7ca0d8,_ZNSt6__ndk110__function6__funcIZ43Java_com_supercell_titan_Kakao_inviteResultE3$_2NS_9allocatorIS2_EEFvvEED0Ev,0x30
0x7ca108,_ZN5titan3com9supercell5titan12TitanWebView9getObjPtrEv,0x7c
0x7ca184,_ZNK6icu_5810UnicodeSet16_generatePatternERNS_13UnicodeStringEa,0x2f4
0x7ca478,_ZNK10UdpMessage12isMoreRecentEc,0x40
0x7ca4b8,_ZN28TencentBillingRequestMessage15setOriginalJSONERK6String,0x8
0x7ca4c0,_ZN12InputTouches13touchConsumedEi,0xa8
0x7ca568,_ZN9LogicUuid8copyFromERKS_,0xc
0x7ca574,_ZNK12LogicGlobals12getBoolValueERK6String,0x24
0x7ca598,_ZN17scCryptoBoxFilterC2ERK5scKey,0xdc
0x7ca674,_ZNK7Billing19getStoreCountryCodeEv,0xc
0x7ca680,_ZNSt6__ndk110__function6__funcIZN11scTaskQueue3runIZN8TestCase20drawDebugPercentagesEvE4$_21EENS_13invoke_resultIT_JEE4typeES7_EUlvE_NS_9allocatorISA_EEFvvEE7destroyEv,0x4
0x7ca684,_ZN9BitStream27writePositiveIntMax67108863Ei,0x8
0x7ca68c,_ZN11StringTable13isExistingTidEPKc,0x3c
0x7ca6c8,_hb_font_get_glyph_h_kerning,0x1c
0x7ca6e4,_ZN3GUI13removePopoverEv,0x64
0x7ca748,_ZN17LogicGameModeUtil25mapFillPoisonOnlyVerticalEi,0xc
0x7ca754,_ZN6icu_5813UnicodeString8foldCaseEj,0x1a8
0x7ca8fc,_stbi_convert_iphone_png_to_rgb,0xc
0x7ca908,_ZN16DataLoaderShader12loadInternalER6Shader,0x1f8
0x7cab00,_ZN12TencentLogin15unShowDiffLoginEv,0xc
0x7cab0c,_ZN30LogicSetPlayerThumbnailCommand7executeEP13LogicHomeModeib,0x8c
0x7cab98,_ZN6icu_5814UnicodeMatcherD0Ev,0x4
0x7cab9c,_ZN27BrawlTvChannelNextUpMessage6encodeEv,0x6c
0x7cac08,_ZNK29scMultithreadedLoadingManager18hasQueuedResourcesEv,0x20
0x7cac28,_ZNKSt6__ndk110__function6__funcIZN14LineConnection5loginEvE3$_3NS_9allocatorIS3_EEFvbPKcPKN8linecorp4nova11CredentialsEPKNS9_5ErrorEEE6targetERKSt9type_info,0x1c
0x7cac44,_ZN11Highlighter5startEP13DisplayObjectff,0xa4
0x7cace8,_uprv_sortArray_58,0x18c
0x7cae74,_ZN19CachedFontFormatter15getGlyphAdvanceEv,0x18
0x7cae8c,_ZN18AddableFriendEntry9setOriginEi,0x8
0x7cae94,_ZN12EventTracker25accountConnectedWithKakaoERK6String,0x48
0x7caedc,_ZN15AllianceManager28triggerExternalInviteRequestENS_25ExternalInviteRequestTypeE,0x94
0x7caf70,_ZN21AllianceStreamMessage6encodeEv,0xbc
0x7cb02c,_ZN12SupercellSWF12readIntArrayEiPi,0xcc
0x7cb0f8,_ZN5titan7android7content6Intent8addFlagsEi,0x98
0x7cb190,_ZN9InboxItem9setSenderERK6String,0x30
0x7cb1c0,_egc_iter_set_u16_pos,0x80
0x7cb240,_ZNK18LogicAnimationData17getTransitionInMsEv,0x8
0x7cb248,_ZN33LogicInviteBlockingChangedCommand8destructEv,0x24
0x7cb26c,_ZN31ChangeAllianceMemberRoleMessage20removeMemberAvatarIdEv,0x10
0x7cb27c,_ZN14QualifiedPopupD0Ev,0x24
0x7cb2a0,_ZN10HomeScreen22spellCollectionChangedEv,0x4
0x7cb2a4,_ZN10HomeScreen30handleRefreshedPendingOrderIdsEv,0x34
0x7cb2d8,_ZN13HeroDataEntryC2EPK18LogicCharacterDataPK13LogicSkinDataibRK6String,0x54
0x7cb32c,_ZN34AllianceOnlineStatusUpdatedMessage8destructEv,0xd4
0x7cb400,_ZN14TencentManager21removeLoggedOutReasonEv,0x10
0x7cb410,_ZNK16LogicOfferBundle13hasItemOfTypeEi,0x40
0x7cb450,_ZN10DataGained6splineEfffff,0x48
0x7cb498,_ZNK18LogicAccessoryData15getConsumesAmmoEv,0x10
0x7cb4a8,_ZN11ForcedDropsC2EP10ByteStream,0x1c0
0x7cb668,_ZNK6icu_5810UnicodeSet6charAtEi,0x54
0x7cb6bc,_ZN8Databind15JSONInReflector12getArraySizeEv,0x34
0x7cb6f0,_ZN17LogicClientAvatar17setWinLooseStreakEi,0x8
0x7cb6f8,_ZNK17LogicCampaignData22getLevelGenerationSeedEv,0x10
0x7cb708,_ZN20AnalyticEventMessageC2Ev,0x34
0x7cb73c,_ZNK17LatencyTestsPopup12getPopupTypeEv,0x8
0x7cb744,_ZNK17LogicClientAvatar7hasItemEPK13LogicCardData,0xb0
0x7cb7f4,_ZNK12_GLOBAL__N_115scFileImpl_Pack15getMemoryHandleEv,0x40
0x7cb834,_ZN29LogicClaimRankUpRewardCommand8destructEv,0x30
0x7cb864,_ZN14EnterNamePopup13buttonClickedEP12CustomButton,0x1c0
0x7cba24,_ZN19DebugCommandMessage6decodeEv,0x3c
0x7cba60,_ZN5tween5Cubic9easeInOutEffff,0x50
0x7cbab0,_ZNK20LogicCharacterServer14isSprintActiveEv,0x8
0x7cbab8,_ZNSt6__ndk110__function6__funcIZN10SWFTexture4loadEP12SupercellSWFbibbbbRK6StringE3$_1NS_9allocatorIS8_EEFvvEE18destroy_deallocateEv,0x4
0x7cbabc,_ZN6icu_5822RuleBasedBreakIterator16getRuleStatusVecEPiiR10UErrorCode,0x144
0x7cbc00,_ZN15LogicDataTables20getFirstUnlockedHeroEPK17LogicClientAvatar,0xc4
0x7cbcc4,_ZN8GoalListC2Ev,0x34
0x7cbcf8,_ZN22CreateAccountOkMessage6encodeEv,0x44
0x7cbd3c,_ZN14BrawlPassPopup9selectTabEi,0x74
0x7cbdb0,_ZN15GameSCIDManager21loadAvatarImageWithIdERK6String,0x124
0x7cbed4,_ZN11wendelstein17flushBucketRangesERNS_23MovieClipRendererBucketERNSt6__ndk16vectorINS_21MovieClipRendererData11BucketRangeENS2_9allocatorIS5_EEEEP12VertexBuffer,0x12c
0x7cc000,_ZN29JoinAllianceUsingTokenMessage8setTokenEP6String,0x8
0x7cc008,_ZN12LocationItem6updateEf,0x258
0x7cc260,_ZNK9HeroPopup26getCharacterToShowSelectedEv,0x24
0x7cc284,_ZNK14LogicDailyData29getOfferWithPopupNotificationEv,0x50
0x7cc2d4,_ZN16NameChangeWindow13buttonClickedEP12CustomButton,0xd4
0x7cc3a8,_ZNSt6__ndk110__function6__funcIZN11AndroidMain15_gameBackgroundEvE4$_16NS_9allocatorIS3_EEFvvEE18destroy_deallocateEv,0x4
0x7cc3ac,_ZN17ReplayStreamEntry6decodeEP10ByteStream,0x138
0x7cc4e4,_ZNKSt6__ndk110__function6__funcIZN11AndroidMain16onSurfaceCreatedEP13ANativeWindowE3$_0NS_9allocatorIS5_EEFvvEE7__cloneEv,0x38
0x7cc51c,_ZNK13LogicSkinData19getCostInStarPointsEv,0x10
0x7cc52c,_ZN5titan4java4lang5FloatC2Ef,0x38
0x7cc564,_ZNKSt6__ndk110__function6__funcIZN19SupercellIdCallback27completeClaimShopItemResultEP8_jobjectRK6StringS7_E4$_23NS_9allocatorIS8_EEFvvEE7__cloneEv,0x54
0x7cc5b8,_ZNSt6__ndk110__function6__funcIZ45Java_com_supercell_titan_Kakao_receivedFriendE3$_1NS_9allocatorIS2_EEFvvEED2Ev,0x3c
0x7cc5f4,_ZN17TeamStreamMessage6decodeEv,0x1e8
0x7cc7dc,_ZN14StreamItemList19updateItemPositionsEf,0x2f0
0x7ccacc,_ZNK21LogicProjectileServer17getModifiedDamageEibi,0x38
0x7ccb04,_ZN14BattleEndPopup20isDeathmatchNegativeEv,0xbc
0x7ccbc0,_ZN9ShopPopupD2Ev,0x78
0x7ccc38,_ZN4Shop28heroUpgradeMaterialPurchasedEi,0xd0
0x7ccd08,_ZN12TencentLogin17loginWeChatQrCodeEv,0x24
0x7ccd2c,_ZNK14QualifiedPopup12getPopupTypeEv,0x8
0x7ccd34,_ZN37SendAllianceInvitationToFriendMessage18removeGameCenterIdEv,0x10
0x7ccd44,_Z9scFNV1a64PKvm,0x38
0x7ccd7c,_ZN16HelpshiftManager20getNotificationCountEv,0x14
0x7ccd90,_ZNKSt6__ndk110__function6__funcIZN11scTaskQueue3runIZN7GLImage6createEPKcS6_9ImageWrap11ImageFilterE3$_6EENS_13invoke_resultIT_JEE4typeESB_EUlvE_NS_9allocatorISE_EEFvvEE6targetERKSt9type_info,0x1c
0x7ccdac,_ZNK7Offline19getOfflineModeIndexEv,0x80
0x7cce2c,_ZN15sc3dWorldObject11setSprite3DEP8Sprite3D,0x94
0x7ccec0,_ZNKSt6__ndk110__function6__funcIZN14LineConnection9autologinEvE3$_2NS_9allocatorIS3_EEFvbPKN8linecorp4nova11CredentialsEPKNS7_5ErrorEEE7__cloneEPNS0_6__baseISE_EE,0x18
0x7cced8,_ZN14SceneCharacter16setSkinMaterialsERK6String,0x43c
0x7cd314,_ZN15MapEditorScreen10handleGridEP8Sprite3Dii,0x210
0x7cd524,_ZN13LogicBossData8destructEv,0x98
0x7cd5bc,_ZNKSt6__ndk110__function6__funcIZZN11AndroidMain16onSurfaceChangedEiiENK3$_1clEvEUlvE_NS_9allocatorIS4_EEFvvEE11target_typeEv,0xc
0x7cd5c8,_ZNK12scZstdFilter10decompressEPKvm,0x50
0x7cd618,_ZN9UdpSocket17setMessageFactoryEP19LogicMessageFactory,0x8
0x7cd620,_ZThn336_N9HeroPopup18onHeroItemSelectedEPK8HeroItem,0x10
0x7cd630,_ZN22PlayAgainStatusMessage18getServiceNodeTypeEv,0x8
0x7cd638,_LzmaDecode,0x1e4
0x7cd81c,_ZN16AllianceSettings7setDataEP17AllianceFullEntry,0x234
0x7cda50,_uhash_open_58,0x120
0x7cdb70,_ZN14LoginOkMessage20removeContentURLListEv,0x10
0x7cdb80,_ZN18LogicHealthBarData8destructEv,0x4
0x7cdb84,_ZNK15LaserBoxManager13isInternalURLERK6String,0x4c
0x7cdbd0,_ZN5lzhamL19lzham_default_msizeEPvS0_,0x18
0x7cdbe8,_ZN10SkinsPopup6updateEf,0x130
0x7cdd18,_ZN23DynamicTextFieldWrapper13setNumberTextEi,0xa0
0x7cddb8,_ZN22LogicSelectSkinCommandC2Ev,0x30
0x7cdde8,_ZN14UdpLaserSocket7connectERK6StringiPKcS4_NS_13InterfaceTypeE,0x2d8
0x7ce0c0,_Xz_Construct,0x10
0x7ce0d0,_ZN35AllianceInvitationAvatarStreamEntry20setAllianceBadgeDataEPK22LogicAllianceBadgeData,0x8
0x7ce0d8,_ZN12LoginMessage26setPreferredDeviceLanguageERK6String,0x8
0x7ce0e0,_ZN14LogicPlayerMap4loadEP18LogicMapEditorMode,0xbe4
0x7cecc4,_ZNKSt6__ndk110__function6__funcIZN11AndroidMain19keyboardSizeChangedEffE3$_7NS_9allocatorIS3_EEFvvEE11target_typeEv,0xc
0x7cecd0,_ZN26AppleBillingRequestMessage8setPriceERK6String,0x8
0x7cecd8,_ZNK18LogicAnimationData18getTransitionOutMsEv,0x8
0x7cece0,_ZNK18sc3dPanPinchCamera25getAverageTouchStartWorldEv,0x120
0x7cee00,_ZN17AllianceFullEntry22getAllianceHeaderEntryEv,0x8
0x7cee08,_ZN15LogicDataTables28getSeasonalSkinSectionByModeEi,0x90
0x7cee98,_ZN15LogicStringUtil12boolToStringEb,0x8
0x7ceea0,_ZN11UpgradeItem14createDataIconEv,0x190
0x7cf030,_ZNKSt6__ndk110__function6__funcIZN11scTaskQueue3runIZN7GLImage16createWithFormatEiiiiPKv9ImageWrap11ImageFilterRbE3$_8EENS_13invoke_resultIT_JEE4typeESC_EUlvE_NS_9allocatorISF_EEFvvEE7__cloneEv,0x38
0x7cf068,_ZNK14LogicThemeData22getUseInLevelSelectionEv,0x10
0x7cf078,_ZN37LogicPurchaseBrawlPassProgressCommandC2Ei,0x34
0x7cf0ac,_ZN28LogicSendAllianceMailCommand8destructEv,0x64
0x7cf110,_ZN19LogicLevelUpCommand10canExecuteEPK13LogicHomeModePK18LogicCharacterData,0x124
0x7cf234,_ZN16androidBacktraceL8CallbackEP15_Unwind_ContextPv,0x4c
0x7cf280,_ZN6icu_589UVector329removeAllERKS0_,0xc4
0x7cf344,_ZN19PlayerStatusMessage18getServiceNodeTypeEv,0x8
0x7cf34c,_ZN29SendAllianceInvitationMessage14removeAvatarIdEv,0x10
0x7cf35c,_ZN18LoginFailedMessage26setResourceFingerprintDataEP6String,0x8
0x7cf364,_ZNKSt6__ndk110__function6__funcIZN19SupercellIdCallback24setPendingLoginWithEmailEP8_jobjectRK6StringbE3$_7NS_9allocatorIS8_EEFvvEE11target_typeEv,0xc
0x7cf370,_ZN13ListContainer11removeEntryEP13DisplayObject,0x104
0x7cf474,_ZN10BattleMode15setTimeModifierEf,0x2c
0x7cf4a0,_ZNK34LogicProLeagueSeasonChangedCommand6encodeEP15ChecksumEncoder,0x50
0x7cf4f0,_ZN27GetTokenFriendResultMessage6decodeEv,0x68
0x7cf558,_ZN18LatencyTestSessionD0Ev,0x24
0x7cf57c,_ZN4Shop17setSkinOfferStateEP9MovieClipPK13LogicSkinDataP16LogicOfferBundle,0x29c
0x7cf818,_ZN10SkinsPopupD2Ev,0x124
0x7cf93c,_ZNK12LogicVector218getDistanceSquaredEPKS_,0x64
0x7cf9a0,_ZN29TeamInvitationResponseMessage18getServiceNodeTypeEv,0x8
0x7cf9a8,_ZN15DownloadManager17constructInstanceEv,0x30
0x7cf9d8,_ZNK12LogicGlobals14getSpeedUpCostEii,0x1a8
0x7cfb80,_ZN15LogicPathFinder23getFirstCollisionOnLineEiiiiibbbP12LogicVector2,0x120
0x7cfca0,_ZNK30CreatePlayerMapResponseMessage12getErrorCodeEv,0x8
0x7cfca8,_ZN8Settings12setChatScaleEf,0x78
0x7cfd20,_ZN11LogicPlayer10shotOnGoalEv,0xc
0x7cfd2c,_ZN12CustomButton13touchReleasedERK5Touch,0xac
0x7cfdd8,_ZN10scPackFile8openPackEPKcRKNSt6__ndk110shared_ptrI11scIKeyStoreEE,0x114
0x7cfeec,_ZN26ChangePlayerMapNameMessage6encodeEv,0x38
0x7cff24,_ZN14AssetReferenceC2ERK6String,0xa4
0x7cffc8,_ZNKSt6__ndk110__function6__funcIZN8TestCase7touchUpEvE4$_18NS_9allocatorIS3_EEFvvEE11target_typeEv,0xc
0x7cffd4,_ZN24RankedLeaderboardsScreen16refreshLocalTabsEPK6StringiRS1_,0x1a0
0x7d0174,_ZN11RenderQueue11renderChunkERKNS_5ChunkEP8MaterialNS_12OverrideModeENS_14DepthWriteModeE,0x48
0x7d01bc,_ZN17TencentLoginState11termsAgreedEv,0x10
0x7d01cc,_ZN22ClientContentValidator16validateMapsDataEPK9LogicData,0xc8
0x7d0294,_ZN33SCIDLogoutAllDevicesResultMessage6encodeEv,0x28
0x7d02bc,_ZN22LogicQuestsSeenCommand6decodeEP10ByteStream,0x4
0x7d02c0,_nti_font_get_family_name,0x8c
0x7d034c,_ZN13AlliancePopup24canDisplayTeamInvitationEv,0x68
0x7d03b4,_ZN30RemoveAvatarStreamEntryMessage16setStreamEntryIdEP9LogicLong,0x8
0x7d03bc,_ZN27LogicPlayerRankedSeasonData20getSeasonHighestRankEv,0x10
0x7d03cc,_ZN21LogicJSONOutReflector7addBoolEb,0x5c
0x7d0428,_ZNK13LogicTileData15getShadowScaleYEv,0x34
0x7d045c,_ZN18DeliveryCardsPopupC2Ev,0x298
0x7d06f4,_ZNSt6__ndk110__function6__funcIZN8TestCase17getStagePointSizeEvE4$_11NS_9allocatorIS3_EEFfvEED0Ev,0x4
0x7d06f8,_ZL12decode_blockP4jpegPsP7huffmanS3_i,0x818
0x7d0f10,_ZN5Shape16destructOriginalEv,0x7c
0x7d0f8c,_ZNK22LogicLocationThemeData8getMusicEv,0x8
0x7d0f94,_ZNK17scCryptoBoxFilter7boxDataEPvPKvmRK5scKey,0x70
0x7d1008,_sub_7D1008,0x662c
0x7d7634,_ZN19CachedFontFormatter9nextGlyphEP14FormattedGlyph,0x74
0x7d76a8,_uloc_toUnicodeLocaleKey_58,0x44
0x7d76ec,_ZN9EntryInfo17getAbilityPopoverEi,0x1e8
0x7d78d4,_ZN9LogicMath8getAngleEii,0x180
0x7d7a54,_ZThn96_N31DeviceLinkTargetSelectionScreen13buttonClickedEP12CustomButton,0x8
0x7d7a5c,_ZN23ChangeAvatarNameMessage18getServiceNodeTypeEv,0x8
0x7d7a64,_ZN15LogicDataTables26getDefaultButtonClickSoundEv,0xc
0x7d7a70,_ZN5lzham12symbol_codec6decodeERNS_33quasi_adaptive_huffman_data_modelE,0x1c8
0x7d7c38,_ZN33RankedMatchBanHeroResponseMessageC2EiPK18LogicCharacterDatabb,0x64
0x7d7c9c,_ZNK20CreatePlayerMapPopup29canChangeEnvironmentSelectionEv,0x28
0x7d7cc4,_stbi_zlib_decode_malloc_guesssize,0x9c
0x7d7d60,_utext_getNativeIndex_58,0x28
0x7d7d88,_ZN15TeamJoinMessageC2Ev,0x44
0x7d7dcc,_ZNK12LogicVector23dotEPKS_,0x14
0x7d7de0,_ZN15MapEditorScreen12canPlaceTileEPK13LogicTileData,0xb4
0x7d7e94,_ZN16DebugInputWindowC2EP13DebugMenuBase,0x204
0x7d8098,_ZN35AskForPlayingFacebookFriendsMessageC2Ei,0x30
0x7d80c8,_ZNK9CombatHUD13getTopOffsetYEv,0x8
0x7d80d0,_ZNK15LogicItemServer16isPickedUpByBaseEi,0x60
0x7d8130,_ZN18LogicServerCommandC2Ev,0x34
0x7d8164,_ZN17TencentLoginStateD2Ev,0xcc
0x7d8230,_ZN18AllianceWarMessage6encodeEv,0xc4
0x7d82f4,_ZN9sc3dWorld12removeObjectEP15sc3dWorldObject,0xfc
0x7d83f0,_ZNSt6__ndk110__function6__funcIZN8TestCase10getDoTouchEP13DisplayObjectE3$_6NS_9allocatorIS5_EEFNS_6vectorIfNS6_IfEEEEvEE7destroyEv,0x4
0x7d83f4,_ZN12AllianceEdit12refreshTitleEP18DecoratedTextField,0x30
0x7d8424,_ZNK17LogicHeroUpgrades5cloneEv,0x34
0x7d8458,_lv1_memory_guard__ZL15parse_proc_mapsPKcS0_PFviE,0x54
0x7d84ac,_sub_7D84AC,0x1114
0x7d95c0,_ZN6icu_58L10getAlgNameEPNS_16AlgorithmicRangeEj15UCharNameChoicePct,0x248
0x7d9808,_ZN16LogicRankedMatchC2Ev,0x44
0x7d984c,_inflateInit_,0xec
0x7d9938,_ZNKSt6__ndk110__function6__funcIZ45Java_com_supercell_titan_Kakao_receivedFriendE3$_1NS_9allocatorIS2_EEFvvEE6targetERKSt9type_info,0x1c
0x7d9954,_ZN14LogicDailyData22addBrawlPassSeasonDataEP19BrawlPassSeasonData,0x140
0x7d9a94,_ZNKSt6__ndk110__function6__funcIZN11scTaskQueue3runIZN8TestCase9touchDownER5TouchE4$_15EENS_13invoke_resultIT_JEE4typeES9_EUlvE_NS_9allocatorISC_EEFvvEE6targetERKSt9type_info,0x1c
0x7d9ab0,_ZN12AllianceInfo20updateKeyboardOffsetEf,0xe0
0x7d9b90,_ZN8ItemIcon9canUnlockEv,0x1c
0x7d9bac,_ZNK13LogicGemOffer20containsHeroOfRarityEPK13LogicHomeModei,0x7c
0x7d9c28,_ZNK10TeamStream15actionAvailableEi,0x58
0x7d9c80,_ZN17ReportUserMessage8destructEv,0x34
0x7d9cb4,_unorm2_normalizeSecondAndAppend_58,0xc
0x7d9cc0,_ZNK11DragHandler10getIDIndexEi,0x60
0x7d9d20,_ZN6icu_5812PatternProps12isIdentifierEPKti,0xb4
0x7d9dd4,_ZN11EmoteButtonD2Ev,0x48
0x7d9e1c,_ZNK14LogicDataTable15getIndexInTableEPK9LogicData,0x80
0x7d9e9c,_ZNK18LatencyTestSession15getLatencySoFarEi,0x20
0x7d9ebc,_ZN11RenderQueue12prepareChunkERKNS_5ChunkEP8MaterialNS_12OverrideModeENS_14DepthWriteModeE,0x268
0x7da124,_ZN6icu_587UVector10setDeleterEPFvPvE,0x10
0x7da134,_ZN11SocialPopup12touchPressedERK5Touch,0x50
0x7da184,_hb_tag_to_string,0xc
0x7da190,_ZNSt6__ndk110__function6__funcIZN11scTaskQueue3runIZN8TestCase9touchDownEP13DisplayObjectE4$_14EENS_13invoke_resultIT_JEE4typeES9_EUlvE_NS_9allocatorISC_EEFvvEE18destroy_deallocateEv,0x4
0x7da194,_ZNK18DeliveryCardsPopup8getChestEv,0x28
0x7da1bc,_ZN14LogicAccessory17activateAccessoryEP20LogicCharacterServer,0x4
0x7da1c0,_ZNK15DownloadManager20getChronosContentUrlEv,0x28
0x7da1e8,_hb_blob_get_user_data,0x20
0x7da208,_Ppmd7z_RangeDec_CreateVTable,0x24
0x7da22c,_ZN9Character15updateAnimationEf,0x1228
0x7db454,_ZNK17AvatarStreamEntry13getAgeSecondsEv,0x8
0x7db45c,_ZNK12scZstdFilter4seekEm,0x8
0x7db464,_ZN5titan3com9supercell5titan15PurchaseManager19cppBillingDestroyedEv,0x5c
0x7db4c0,_ZN6icu_5818UStringEnumerationD2Ev,0x68
0x7db528,_ZN17CharacterMaterial15getShaderConfigEv,0x14c
0x7db674,_ZNK30LogicSetPlayerThumbnailCommand14getCommandTypeEv,0x8
0x7db67c,_ZN19EnvironmentRenderer4initEii,0x104
0x7db780,_ZN27LogicUnlockFreeSkinsCommand8destructEv,0x4
0x7db784,_ZN13TitanInStream7readI32Ev,0x10
0x7db794,_ZNSt6__ndk110__function6__funcIZ14getLineProfileP13ILineListenerRK6StringE3$_0NS_9allocatorIS7_EEFvbPKN8linecorp4nova5graph5model7ProfileEPKNSB_5ErrorEEE7destroyEv,0x8
0x7db79c,_ZNSt6__ndk110__function6__funcIZN19SupercellIdCallback16windowDidDismissEP8_jobjectE3$_0NS_9allocatorIS5_EEFvvEED0Ev,0x4
0x7db7a0,_ZN31CafeBazaarBillingRequestMessage12setSignatureERK6String,0x8
0x7db7a8,_ZN19AllianceMemberEntry15setAllianceRoleEPK21LogicAllianceRoleData,0x34
0x7db7dc,_ZL34hb_font_get_glyph_v_kerning_parentP9hb_font_tPvjjS1_,0x58
0x7db834,_ZN33RankedMatchBanHeroResponseMessage18getServiceNodeTypeEv,0x8
0x7db83c,_ZN6icu_5813Norm2AllModes14createInstanceEPNS_15Normalizer2ImplER10UErrorCode,0xa8
0x7db8e4,_ZNK9CombatHUD16getIntroTimeLeftEv,0x48
0x7db92c,_ZN16KeepAliveMessage6encodeEv,0x4
0x7db930,_ZN8Databind23NlohmannJsonInReflector8popStackEv,0xb8
0x7db9e8,_ZNK6icu_5815Normalizer2Impl9decomposeEPKtS2_PNS_16ReorderingBufferER10UErrorCode,0x374
0x7dbd5c,_ZN6EffectD2Ev,0x110
0x7dbe6c,_ZN12DecalManager6updateEf,0xd8
0x7dbf44,_ZNK20LogicCharacterServer14getDeathEffectEv,0x14
0x7dbf58,_ZN19BrawlPassSeasonData29addPremiumRewardsClaimedLevelEi,0x50
0x7dbfa8,_ZNK15LaserBoxManager10getWebsiteEi,0xc
0x7dbfb4,_ZN22LogicColorGradientData8destructEv,0x40
0x7dbff4,_ZN23BadgePreviewScaleButton13buttonPressedEv,0x4
0x7dbff8,_ZN16ChatOptionsPopup6updateEf,0x64
0x7dc05c,_ZNSt6__ndk110__function6__funcIZN8TestCase6dragToER5TouchfE4$_16NS_9allocatorIS5_EEFvvEEclEv,0x60
0x7dc0bc,_ZNK15PromoEventPopup26sendAnalyticEventForActionERK6String,0x11c
0x7dc1d8,_ZNK14LogicSkillData12getUseEffectEv,0x8
0x7dc1e0,_ZN22SkinPreviewThemeButton13buttonPressedEv,0x10
0x7dc1f0,_ZN15SelectHeroPopup17eventDataReceivedEP9EventDataS1_b,0x4
0x7dc1f4,_ZN24RankedLeaderboardsScreen21refreshRankedModeTabsEv,0x134
0x7dc328,_ZNK25LogicOffersChangedCommand14getCommandTypeEv,0x8
0x7dc330,_ZNK19EnvironmentRenderer20findObjectByFilenameERK6String,0xb4
0x7dc3e4,_ZN12SCWFileInput7readU32Ev,0x20
0x7dc404,_ZN9InboxItem11refreshTimeEb,0xe8
0x7dc4ec,_ZN20TeamJoinRequestPopup16refreshMuteStateEv,0x3c
0x7dc528,_ZN17LogicGamePlayUtil10isMirroredEP20LogicCharacterServer,0x30
0x7dc558,_ZNK10SCIDConfig8getArrayERK6String,0x5c
0x7dc5b4,_ZN11LogicPlayer22calculateSpeedIncreaseEv,0x3c
0x7dc5f0,_ZN22LogicUnlockSkinCommand7executeEP13LogicHomeModeib,0x30
0x7dc620,_ZNK12BattleScreen13getMoveStickXEv,0x8
0x7dc628,_ZN15sc3dWorldSprite16setCustomRTTMeshEPK9xMatrix44S2_ffff,0x54
0x7dc67c,_ZN12GameSettings29setGoogleManuallyDisconnectedEb,0x88
0x7dc704,_ZN32LogicHeroWinQuestsChangedCommandC2EP11LogicQuests,0x34
0x7dc738,_ZNK27GetTokenFriendResultMessage13getResultCodeEv,0x8
0x7dc740,_ZNK21LogicTutorialStepData27getSpeechBubbleCharacterSWFEv,0x10
0x7dc750,_ZNKSt6__ndk110__function6__funcIZN19SupercellIdCallback20setNotificationBadgeEP8_jobjectbiE4$_19NS_9allocatorIS5_EEFvvEE6targetERKSt9type_info,0x1c
0x7dc76c,_ZN12jpeg_decoder11next_markerEv,0x238
0x7dc9a4,_ZN23AllianceEventStreamItem12refreshEntryEP11StreamEntry,0x1e4
0x7dcb88,_ZN13LogicSkinData17createReferences2Ev,0x4
0x7dcb8c,_ZN8Sprite3D17clearActiveCameraEv,0xc
0x7dcb98,_Z11setRandSeedi,0x10
0x7dcba8,_ZN10LZMAReaderC2ERK6scFilebb,0x180
0x7dcd28,_ZN15ResourceManager19tryLazyLoadResourceEPKc,0x290
0x7dcfb8,_ZN5titan4java4lang7IntegerC2EP8_jobject,0xbc
0x7dd074,_ZN9LogicData29getAndAssertStringColumnIndexEPK8CSVTableRK6String,0x44
0x7dd0b8,_ZN7rg_etc114etc1_optimizer22evaluate_solution_fastERKNS_25etc1_solution_coordinatesERNS0_18potential_solutionEPS4_,0xad0
0x7ddb88,_ZN20LogicCharacterServer11giveSilenceEi,0x4
0x7ddb8c,_ZNK22SearchAlliancesMessage8getScoreEv,0x8
0x7ddb94,_ZN17LogicClientAvatar8destructEv,0x46c
0x7de000,_ZNKSt6__ndk110__function6__funcIZN14SceneCharacter6updateEfE3$_0NS_9allocatorIS3_EEFvvEE6targetERKSt9type_info,0x1c
0x7de01c,_ZNKSt6__ndk110__function6__funcIZN8TestCase23withFirstSpriteMatchingENS_8functionIFbP6SpriteEEENS3_IFvS5_EEEE4$_13NS_9allocatorISA_EEFS5_vEE7__cloneEPNS0_6__baseISD_EE,0xc8
0x7de0e4,_ZN9LogicMath4sqrtEi,0x1c0
0x7de2a4,_ZN31AvatarStreamEntryRemovedMessage18getServiceNodeTypeEv,0x8
0x7de2ac,_ZN10MapPreview14setSpawnPointsEiffiiiP14LogicMapLoaderP11LogicRandom,0x3f4
0x7de6a0,_ZN19BattleLogPlayerItem13buttonPressedEv,0x10
0x7de6b0,_ZNK18ResourceDataLoader4waitEv,0x7c
0x7de72c,_ZN8GameMain11disableBlurEv,0x64
0x7de790,_ZN31AskForBattleReplayStreamMessageC2Ei,0x30
0x7de7c0,_ZN17LogicSkinConfData8destructEv,0x58
0x7de818,_ZNK21ChronosResourceFolder17removeSCFileCacheERK6String,0x218
0x7dea30,_u_strncasecmp_58,0x48
0x7dea78,_ZN15ProLeagueScreen16refreshSeasonTabEP9MovieClipbRK6String,0x6c
0x7deae4,_ZN20LogicCharacterServer14giveReloadBuffEii,0x4
0x7deae8,_ZN11Application24getAppLicensingSignatureEv,0xc
0x7deaf4,_ZN10TeamStream33storeLastStreamItemIdBeforeBattleEv,0x54
0x7deb48,_ZN20LogicCharacterServer11cancelSkillEv,0x94
0x7debdc,_ZN20LogicRawOutReflector14reflectNextIntEi,0x30
0x7dec0c,_ZN15MovieClipHelper14getUIMovieClipERK6StringS2_,0x4
0x7dec10,_ZN14LoginOkMessage14removeKunlunIdEv,0x10
0x7dec20,_ZNK6CSVRow17getBooleanValueAtEi,0x10
0x7dec30,_ZNKSt6__ndk110__function6__funcIZN8TestCase9moveTouchER5TouchS3_S3_fE3$_7NS_9allocatorIS5_EEFvvEE7__cloneEPNS0_6__baseIS8_EE,0x40
0x7dec70,_ZL11sortLocalesPK15LogicLocaleDataS1_,0x14
0x7dec84,_ZN22CreatePlayerMapMessage20setGameModeVariationEi,0x8
0x7dec8c,_ZN11FaceTexture13setFixedFrameEi,0x70
0x7decfc,_Z26_hb_ot_shape_fallback_kernPK18hb_ot_shape_plan_tP9hb_font_tP11hb_buffer_t,0x26c
0x7def68,_ZNK17TopResourceButton16isCounterVisibleEv,0xc
0x7def74,_ZN14LogicDailyData8destructEv,0x5e0
0x7df554,_ZNK6scPath4joinERKS_,0x138
0x7df68c,_ZN14HelpshiftTitan5startERK6StringS2_S2_,0xc4
0x7df750,_ZN15LogicDataTables20getSiegeBoltTileDataEv,0xc
0x7df75c,_ZN11DragHandler6updateEf,0xc18
0x7e0374,_ZNK14LogicJSONArray5cloneEv,0x1c8
0x7e053c,_ZN9LogicMath3sinEi,0x7c
0x7e05b8,_ZNSt6__ndk110__function6__funcIZ61Java_com_supercell_titan_GoogleServiceClient_onSignInCanceledP7_JNIEnvP7_jclassE3$_2NS_9allocatorIS6_EEFvvEED0Ev,0x4
0x7e05bc,_ZN6icu_586LocaleC2Ev,0x28
0x7e05e4,_ZN29SendAllianceInvitationMessageC2Ei,0x30
0x7e0614,_ZNK20LogicCharacterServer19getSkillHoldedTicksEv,0x3c
0x7e0650,_ZNK13LogicItemData23getGroundGlowExportNameEv,0x10
0x7e0660,_ZN21LogicPlayerRewardDataC2EP17LogicRewardConfig,0x18
0x7e0678,_ZNK21GetLeaderboardMessage14getMessageTypeEv,0x8
0x7e0680,_ZN20FreeTextNotification8destructEv,0x24
0x7e06a4,_ZNK17LogicSkinConfData14getRecoilAnim2Ev,0x10
0x7e06b4,_ZN12LocationItem18getLinkedEventSlotEi,0x1c
0x7e06d0,_ZNK21LogicRankRewardConfig6encodeEP15ChecksumEncoder,0x44
0x7e0714,_ZNK18LogicCharacterData15getShadowScaleYEv,0x8
0x7e071c,_ZN14SettingsScreen20getNotificationCountEv,0xc
0x7e0728,_ZNK25AvatarOnlineStatusUpdated14getMessageTypeEv,0x8
0x7e0730,_ZN15LogicDataTables30getDataByIdDontCrashIfNotFoundEi,0x58
0x7e0788,_ZN12SupercellSWF12writeToCacheEPKviib,0x74
0x7e07fc,_ZN11wendelstein10flushLayerERNS_21MovieClipRendererDataEi,0x10c
0x7e0908,_ZL24showOneOfTheRandomMeshesR5Scenei,0xe8
0x7e09f0,_ZNK19LogicRankedRankData13getFrameLabelEv,0x10
0x7e0a00,_ZN17OnlineFriendsListC2EP9MovieClipRK6StringP22IOnlineFriendListOwner,0xd4
0x7e0ad4,_ZN11hb_buffer_t16reverse_clustersEv,0x3a8
0x7e0e7c,_ZN18LogicPlayerMapUtil15isValidModifierEiPK22LogicLocationThemeDatai,0x4
0x7e0e80,_ZNK19LogicProjectileData28getDamageChangeStartPromilleEv,0x8
0x7e0e88,_ZNK14EnterNamePopup11isValidNameERK6String,0xa8
0x7e0f30,_ZN24EsportTournamentsWebView6goBackEv,0x5c
0x7e0f8c,_ZN11hb_buffer_t11output_infoERK15hb_glyph_info_t,0xac
0x7e1038,_ZN8Viewport3setEiijj,0x14
0x7e104c,_ZN15AllianceManager10addFriendsEP14LogicArrayListIP6FriendENSt6__ndk16vectorIS2_NS5_9allocatorIS2_EEEEi,0x388
0x7e13d4,_ZNK20LogicCharacterServer14getWeaponSkillEv,0x18
0x7e13ec,_ZN16StartGameMessage8destructEv,0x24
0x7e1410,_ZN14HelpshiftTitan24requestNotificationCountEv,0x98
0x7e14a8,_utext_isLengthExpensive_58,0xc
0x7e14b4,_nti_run_is_empty,0x20
0x7e14d4,_ZN23OfflineFriendInviteItem7refreshEv,0x204
0x7e16d8,_ZNK6icu_5817ResourceDataValue8getTableER10UErrorCode,0xe4
0x7e17bc,_ZNK6icu_5810UnicodeSet8containsEii,0x7c
0x7e1838,_ZN20LogicCharacterServer17tickGameModeLogicEv,0x4
0x7e183c,_ZN19StartMissionMessage18getServiceNodeTypeEv,0x8
0x7e1844,_ZN9CombatHUD25addHintFingerToShootStickEbb,0xfc
0x7e1940,_ZN18LogicMapEditorMode14addInvalidTileEP9LogicTilei,0x17c
0x7e1abc,_ZN17MyAllianceMessageC2EiPK21LogicAllianceRoleDataP19AllianceHeaderEntry,0x4c
0x7e1b08,_ZN12jpeg_decoderC2EP19jpeg_decoder_stream,0x34
0x7e1b3c,_ZN6icu_5822UCharCharacterIterator12firstPostIncEv,0x30
0x7e1b6c,_ZN5Debug15setCustomMatrixE9xMatrix44,0x4
0x7e1b70,_ZN11DragHandler17updatePinchOffsetEff,0xe4
0x7e1c54,_Java_com_supercell_titan_VirtualKeyboardHandler_inputKeyboardDismissed,0x3c
0x7e1c90,_ZNK12BattleScreen26shouldUseUltiShootTutorialEv,0x10
0x7e1ca0,_ZN14TencentManager16queryFriendsInfoEv,0x34
0x7e1cd4,_ZN26EnterSupportedCreatorPopup19inputFieldOkPressedEP14GameInputField,0xc
0x7e1ce0,_ZN14AllianceSearch7canSendEv,0x8c
0x7e1d6c,_ZN10HeroSprite6renderER9Matrix2x3R14ColorTransformif,0x220
0x7e1f8c,_ZN12GenericPopup14addCloseButtonERK6StringS2_,0x1bc
0x7e2148,_ZN14BlingTextField15setBlingEnabledEbb,0x18
0x7e2160,_ZNSt6__ndk110__function6__funcIZN19SupercellIdCallback24setPendingLoginWithEmailEP8_jobjectRK6StringbE3$_7NS_9allocatorIS8_EEFvvEED0Ev,0x30
0x7e2190,_ZN22SCIDBindAccountMessage6encodeEv,0x38
0x7e21c8,_ZNK17LogicLocalization11getFileNameEi,0x28
0x7e21f0,_Z25lzham_is_debugger_presentv,0x8
0x7e21f8,_ZNK6icu_586Locale14createKeywordsER10UErrorCode,0xf4
0x7e22ec,_ZN12ResourceList6decodeEP10ByteStream,0x1d4
0x7e24c0,_ZNK6icu_587UVector12containsNoneERKS0_,0x104
0x7e25c4,_ZN23SignoffPlayerMapMessageC2Ev,0x3c
0x7e2600,_ZN20PlayerThumbnailPopup12refreshItemsEv,0x464
0x7e2a64,_ZL30hb_font_get_glyph_v_origin_nilP9hb_font_tPvjPiS2_S1_,0x10
0x7e2a74,_ZN10ByteStream5clearEi,0x48
0x7e2abc,_ZNK18LogicNameColorData15getRequiredHeroEv,0x8
0x7e2ac4,_ZN12WaitingPopupC2Ebbiib,0x510
0x7e2fd4,_ZNK16QuestListHandler18getProgressedCountEv,0x9c
0x7e3070,_ZNKSt6__ndk110__function6__funcIZN19SupercellIdCallback7friendsEP8_jobjectP13_jobjectArrayE4$_13NS_9allocatorIS7_EEFvvEE7__cloneEPNS0_6__baseISA_EE,0x20
0x7e3090,_ZNK12LogicCommand18getCommandGoldCostEPK13LogicHomeMode,0x8
0x7e3098,_ZN27BrawlerSuggestionStreamItem13buttonClickedEP12CustomButton,0x68
0x7e3100,_ZN11LogicPlayer8destructEv,0x178
0x7e317c,_ZN17LogicPoisonServer13allowStackingEi,0xc
0x7e3284,_ZN6icu_5817StringEnumerationD0Ev,0x4
0x7e3288,_ZN6icu_5823ICULanguageBreakFactoryD2Ev,0x2c
0x7e32b4,_ZNKSt6__ndk110__function6__funcIZN8TestCase28getAllSpritesVisibleMatchingI12CustomButtonZNS2_28getButtonsWithTextFieldValueE6StringbbS5_E4$_22EENS_6vectorIPT_NS_9allocatorIS9_EEEET0_EUlvE_NSA_ISE_EEFP6SpritevEE7__cloneEPNS0_6__baseISI_EE,0x10
0x7e32c4,_ZNK22LogicLocationThemeData14getFragileMeshEi,0x18
0x7e32dc,_ZNK20LogicCharacterServer16getCharacterDataEv,0x4
0x7e32e0,_ZNK11LogicPlayer19getDamageDoneToSafeEv,0x3c
0x7e331c,_ZNK28LogicGameObjectManagerClient25createGameObjectByClassIDEPK9LogicDatai,0xc
0x7e3328,_ZThn96_N21DeviceLinkErrorScreen13buttonClickedEP12CustomButton,0x8
0x7e3330,_ZNK17scCryptoBoxFilter9unboxDataEPvPKvmRK5scKey,0x54
0x7e3384,_sub_7E3384,0x6968
0x7e9cec,_sub_7E9CEC,0x8e8
0x7ea5d4,_sub_7EA5D4,0x3c
0x7ea700,_sub_7EA700,0x24
0x7ea804,_sub_7EA804,0x44
0x7ea884,_sub_7EA884,0x40
0x7ea9ac,_sub_7EA9AC,0xc
0x7eaa10,_sub_7EAA10,0x38
0x7eab64,_sub_7EAB64,0x10
0x7eac44,_sub_7EAC44,0x4
0x7eac80,_sub_7EAC80,0x34
0x7eacf0,_sub_7EACF0,0x24
0x7eaec4,_sub_7EAEC4,0x2c
0x7eb050,_sub_7EB050,0x2c
0x7eb150,_sub_7EB150,0x3c
0x7eb3e4,_sub_7EB3E4,0x6c
0x7eb4a0,_sub_7EB4A0,0x50
0x7eb5c8,_sub_7EB5C8,0x30
0x7eb70c,_sub_7EB70C,0x8ec
0x7ebff8,_sub_7EBFF8,0x3c
0x7ec124,_sub_7EC124,0x24
0x7ec228,_sub_7EC228,0x44
0x7ec2a8,_sub_7EC2A8,0x40
0x7ec3d4,_sub_7EC3D4,0xc
0x7ec438,_sub_7EC438,0x38
0x7ec58c,_sub_7EC58C,0x10
0x7ec670,_sub_7EC670,0x4
0x7ec6ac,_sub_7EC6AC,0x34
0x7ec71c,_sub_7EC71C,0x24
0x7ec8f0,_sub_7EC8F0,0x2c
0x7eca7c,_sub_7ECA7C,0x2c
0x7ecb7c,_sub_7ECB7C,0x3c
0x7ece10,_sub_7ECE10,0x6c
0x7ececc,_sub_7ECECC,0x50
0x7ecff8,_sub_7ECFF8,0x30
0x7ed13c,_ucdn_compose,0x174
0x7ed2b0,_ZN11scTaskQueue11runBlockingEv,0x10c
0x7ed3bc,_ZN14BrawlTvManager13enableAutoZapEv,0xc
0x7ed3c8,_ZN3GUI21showPendingDataGainedEN10DataGained4TypeE,0x44
0x7ed40c,_ZN25RuntimeGeneratedExecutionD2Ev,0xa0
0x7ed4ac,_ZN8HomePage13getPlayerDataEv,0x1c
0x7ed4c8,_ZN21LogicBattleModeServer20createBotDisplayDataERK6String,0x8
0x7ed4d0,_ZN20LogicJSONInReflector8destructEv,0x54
0x7ed524,_ZN16BattleEndMessage27createDummyProLeagueMessageEbib,0x6c
0x7ed590,_ZN12_GLOBAL__N_15ImageC2E6String,0x3ac
0x7ed93c,_ZN13FriendsScreen7refreshEv,0xf4
0x7eda30,_ZN9PopupBase6updateEf,0x1a4
0x7edbd4,_ZN24MatchMakingStatusMessage6decodeEv,0x70
0x7edc44,_ZNK12LogicTileMap25getVisibilityRadiusLogicXEii,0x90
0x7edcd4,_ZN5lzham11lzham_timer14get_init_ticksEv,0x5c
0x7edd30,_ZNK12LocationInfo18canPlayAsPlayerMapEv,0x24
0x7edd54,_ZN9LogicData7setNameERK6String,0x8
0x7edd5c,_ZN29LogicReflectableReferenceBaseC2Ev,0x10
0x7edd6c,_uprv_fmod_58,0x4
0x7edd70,_hb_face_destroy,0x100
0x7ede70,_ZNK21LogicGameObjectServer15getDamageEffectEv,0x8
0x7ede78,_ZN6Kunlun12GetPlayerAgeEv,0xec
0x7edf64,_ZN13QuestionPopUpC2EiRK6String,0x130
0x7ee094,_ZNK14LogicPlayerMap10getMapDataEv,0x8
0x7ee09c,_ZN17HighscoreHeroList12getScrollPosEv,0x20
0x7ee0bc,_ZNK19TeamSpectateMessage14getMessageTypeEv,0x8
0x7ee0c4,_ZNK9sc3dWorld15getScreenToTileEffRfS0_f,0x8
0x7ee0cc,_ZN11SetRankIcon6updateEf,0x2c
0x7ee0f8,_ZN15AllianceManager27addOnlinePlayersFromFriendsEP14LogicArrayListIP12OnlinePlayerENSt6__ndk16vectorIP6FriendNS5_9allocatorIS8_EEEEi,0x308
0x7ee400,_ZN15AllianceManager9onMessageEP14PiranhaMessage,0x14ac
0x7ef8ac,_ZN14LogicAccessory9interruptEbP20LogicCharacterServer,0x4
0x7ef8b0,_ZN16ResourceListener12addMusicFileERK6String,0x3c
0x7ef8ec,_ZN14ChallengeEntry6decodeEP10ByteStream,0x90
0x7ef97c,_ZN17AbilityCastingHUDC2Ev,0x38
0x7ef9b4,_ZN16DropGUIContainerC2ERK6StringS2_,0x4c
0x7efa00,_ZN14AllianceStreamD0Ev,0x24
0x7efa24,_ZNK17CsvPatchRowAction14createSaveJSONEv,0xb0
0x7efad4,_ZNK9MovieClip18isPlayingRecursiveEv,0x8c
0x7efb60,_ZN17ShopSkinTeaseItemC2EPK13LogicSkinDataRK6Stringb,0xd4
0x7efc34,_ZN8Databind16JSONOutReflector9setStringERK6StringS3_S3_,0xc0
0x7efcf4,_ZNK21LogicGameObjectServer20getFadeCounterClientEv,0x8
0x7efcfc,_ZNK15LogicLocaleData19getLaserboxLangCodeEv,0x10
0x7efd0c,_ZNSt6__ndk110__function6__funcIZN19EnvironmentRenderer6renderER9Matrix2x3R14ColorTransformifE3$_5NS_9allocatorIS7_EEFvvEE18destroy_deallocateEv,0x4
0x7efd10,_ZN15MapEditorScreen7keyDownEi,0x4
0x7efd14,_ZNK17LogicLocationData10isDisabledEv,0x10
0x7efd24,_ZN14AllianceCreateC2Ev,0xd0
0x7efdf4,_ZN13ShopBgElement15scrollToElementEv,0x7c
0x7efe70,_Z25heroItemSort_trophiesDescP8HeroItemS0_,0xac
0x7eff1c,_ZN21LogicProjectileServer16addIgnoredTargetEii,0x23c
0x7f0158,_ZN8GameMain17getCachedLocationEv,0xac
0x7f0204,_ZNK11wendelstein15GroundComponent14getFeatureBitsEv,0x8
0x7f020c,_u_caseInsensitivePrefixMatch_58,0x4
0x7f0210,_ZN17CreateGameMessage6encodeEv,0x44
0x7f0254,_ZN10ZipArchiveD2Ev,0x88
0x7f02dc,_ZN14MessageManager36setPendingOfflineStartLoadingMessageEP19StartLoadingMessage,0x50
0x7f032c,_ZN20UnlockAccountMessage19setSupercellIDTokenEP6String,0x8
0x7f0334,_ZN12LocationItem25getSecondsUntilEventBeginEv,0x18
0x7f034c,_ZN7BillingC2Ev,0x90
0x7f03dc,_ZN29TeamStreamEntryRemovedMessage8destructEv,0x44
0x7f0420,_ZNK12RenderSystem18getEffectManager2DEv,0x8
0x7f0428,_ZN3GUI21setAccurateCollisionsEP9MovieClipb,0xc8
0x7f04f0,_ZNK27ViewReplayByStringIdMessage14getMessageTypeEv,0x8
0x7f04f8,_ZN31LogicSetSupportedCreatorCommand7executeEP13LogicHomeModeib,0x88
0x7f0580,_u_strcasecmp_58,0x40
0x7f05c0,_ZN10Multitouch19isIgnoreTouchEventsEv,0xc
0x7f05cc,_ZN9InboxItem21setCaptionWithRewardsEP12LogicRewardsi,0x298
0x7f0864,_ZN17DataLoaderTextureC2Ev,0x58
0x7f08bc,_ZNK6CSVRow19getLongestArraySizeEv,0x64
0x7f0920,_ZN15ResourceManager12getMovieClipEPKcS1_,0x24
0x7f0944,_ZN13DataLoaderCSV4loadEPKcS1_RKNSt6__ndk15arrayIiLm4EEE,0x484
0x7f0dc8,_ZNK12GUIContainer14getButtonCountEv,0x10
0x7f0dd8,_ZN9ClanPopup25getGreenNotificationCountEv,0x3c
0x7f0e14,_ZN20LogicRawOutReflector16reflectLongArrayER14LogicArrayListIxEPKc,0x74
0x7f0e88,_ZN17CreateGameMessageC2Ei,0x34
0x7f0ebc,_u_charName_58,0x170
0x7f102c,_ZN28BindGamecenterAccountMessage7setSaltEPKci,0x88
0x7f10b4,_ZN22SearchAlliancesMessage18removeSearchStringEv,0x10
0x7f10c4,_ZN21LogicBattleModeServer22setGameListenerEnabledEb,0x18
0x7f10dc,_ZN16ChronosFileEntryC2ERK6StringS2_,0x78
0x7f1154,_ZL21stringIteratorCurrentP13UCharIterator,0x24
0x7f1178,_u_isalnumPOSIX_58,0xf4
0x7f126c,_ZN24DataTableResourcesLoader15saveGlobalIDCSVEv,0x1b4
0x7f1420,_ZN11RenderQueue5beginEv,0x4
0x7f1424,_ZN23PushNotificationServiceD2Ev,0x4c
0x7f1470,_ZN12GemOfferItem10setVisibleEP13DisplayObjectb,0x10
0x7f1480,_ZN5titan3com9supercell2id14IdShopDonationC2EP8_jobject,0xbc
0x7f153c,_ZN10HomeScreen19openTrainingContextEv,0x658
0x7f1b94,_ZN16LogicStringTableC2EP8CSVTable,0x130
0x7f1cc4,_ZNK17LogicCampaignData16getRequiredStarsEv,0x10
0x7f1cd4,_ZNKSt6__ndk110__function6__funcIZN8TestCase10touchStageER5TouchE3$_5NS_9allocatorIS5_EEFvvEE6targetERKSt9type_info,0x1c
0x7f1cf0,_ZL10isMirroredRK14BinaryPropertyi9UProperty,0x24
0x7f1d14,_ZN9BitStream15readIntMax65535Ev,0x3ec
0x7f2100,_ZN15ProLeagueScreen15refreshLocalTabEPK6StringiRS1_,0x1a0
0x7f22a0,_ZThn368_N19SelectLocationPopup18setSelectedDuoItemEP12LocationItem,0x8
0x7f22a8,_ZN20EventSuggestionPopup17isSuggestionValidEP20QuickChatStreamEntry,0x1e0
0x7f2488,_Java_com_supercell_titan_SupercellId_getPendingLogin,0x8
0x7f2490,_ZN15DeeplinkManager26isHandlingTencentDeeplinksEv,0x28
0x7f24b8,_ZNSt6__ndk110__function6__funcIZN19SupercellIdCallback7friendsEP8_jobjectP13_jobjectArrayE4$_13NS_9allocatorIS7_EEFvvEEclEv,0x9c
0x7f2554,_ZN14StreamItemList11getLastItemEv,0x1c
0x7f2570,_ZN8HomeMode15setTimeModifierEf,0x2c
0x7f259c,_ZN11RenderQueue4sortEv,0xdc
0x7f2678,_ZN9CombatHUD11setHintTextERK6StringP9TextField,0x98
0x7f2710,_ZN9CombatHUDC2Ev,0x5798
0x7f7ea8,_ZN10GameObject27playSoundIfNotOwnedByPlayerEPK14LogicSoundData,0x84
0x7f7f2c,_ZN30ReportPlayerMapResponseMessageC2Ev,0x50
0x7f7f7c,_ZN17LogicGameModeUtil11hasTwoBasesEi,0x18
0x7f7f94,_ZNK9EventItem16getAnalyticsNameEv,0xc
0x7f7fa0,_ZN16PlayerMapManager18playerMapsReceivedEP14LogicArrayListIP14LogicPlayerMapE,0x1d8
0x7f8178,_ZN9BitStream15writeIntMax4095Ei,0x8
0x7f8180,_ZNSt6__ndk110__function6__funcIZN11scTaskQueue3runIZN8TestCase20drawDebugPercentagesEvE4$_20EENS_13invoke_resultIT_JEE4typeES7_EUlvE_NS_9allocatorISA_EEFvvEEclEv,0x40
0x7f81c0,_ZNK17LogicSkinConfData25getInLeadCelebrationSoundEv,0x8
0x7f81c8,_nti_load_font_mem_nocopy,0x25c
0x7f8424,_ZN14MessageManager17getLatencyQualityEv,0x84
0x7f84a8,_ZNK9MovieClip19getNameOfChild_cstrEPK13DisplayObject,0x54
0x7f84fc,_ZNK17scFSLayerPackfile14createFileImplEPKci,0x94
0x7f8590,_ZN6icu_586Locale8getItalyEv,0x24
0x7f85b4,_ZN17MapEditorTileItem6updateEf,0xb4
0x7f8668,_ZN14TencentManager6logOutEi,0x94
0x7f86fc,_ZN19SupercellIdCallback11loadAccountEP8_jobjectRK6StringS4_S4_b,0x2a4
0x7f89a0,_Z29intersectSegmentConvexPolygonRK7SegmentPK7Vector2IfEjRfS6_PjS7_,0x1cc
0x7f8b6c,_ZNSt6__ndk110__function6__funcIZZN10HeroSprite9HeroEntry15updateAnimationEfENK3$_0clEvEUlvE_NS_9allocatorIS5_EEFvvEE7destroyEv,0x4
0x7f8b70,_ZN7SCWFile9addCameraEP8Camera3D,0x13c
0x7f8cac,_ZN17LogicGameModeUtil21getDroppedItemOnDeathEi,0xcc
0x7f8d78,_ZN17LogicSkinConfData12setHappyAnimERK6String,0x14
0x7f8d8c,_ZN16GameStateManager18setUnbotifyContextEPKcb,0x1a4
0x7f8f30,_ZNK18LogicCarryableData19getMinHeightForGrabEv,0x10
0x7f8f40,_ZNK14LogicSkillData24shouldAllowAimOutsideMapEv,0x10
0x7f8f50,_ZNK8CSVTable13getColumnNameEi,0xc
0x7f8f5c,_ZN17GameCenterManager18friendListReceivedEP14LogicArrayListIP11FriendEntryE,0x2d0
0x7f922c,_ZNK6icu_5817ResourceDataValue9getStringERiR10UErrorCode,0x134
0x7f9360,_ZN17LogicClientAvatar17increaseHeroPowerEPK18LogicCharacterDatai,0x1c
0x7f937c,_ZN21LogicJSONOutReflector13reflectStringERK6StringPKcS2_,0x34
0x7f93b0,_ZN9ClanPopup23closeInputForAllScreensEv,0x4
0x7f93b4,_ZN6Screen16getDisplayFactorEv,0x28
0x7f93dc,_ZN11SentryTitan5startERK6StringS2_,0x4
0x7f93e0,_ZN12BattleScreen18swapFollowSpectateEv,0x120
0x7f9500,_ZNSt6__ndk110__function6__funcIZN11scTaskQueue3runIZN6Shader4loadEPKcS6_S6_E3$_1EENS_13invoke_resultIT_JEE4typeES9_EUlvE_NS_9allocatorISC_EEFvvEED0Ev,0x4
0x7f9504,_ZL13_release_blobP11FT_FaceRec_,0x8
0x7f950c,_ZN13LogicCardData8destructEv,0x34
0x7f9540,_ZNK9Character17getLogicCharacterEv,0x4
0x7f9544,_ZN8Databind23NlohmannJsonInReflector15getNextIntArrayEv,0x3c
0x7f9580,_ZN11SkinPreview24resetModelTransformationEv,0x10
0x7f9590,_ZN6icu_587UVector15insertElementAtEPviR10UErrorCode,0x100
0x7f9690,_ZNK11FontManager17getFontByFileNameEPKc,0x68
0x7f96f8,_ZNK12LogicTileMap7getTileEi,0x24
0x7f971c,_ZN14LoginOkMessage8destructEv,0x370
0x7f9a8c,_ZN16OnlineFriendItem13confirmInviteEv,0xc4
0x7f9b50,_ZN24AvatarStreamEntryFactory23createStreamEntryByTypeEi,0xe0
0x7f9c30,_ZN15GameSCIDManager16getIngameFriendsEv,0x1f8
0x7f9e28,_ZN18DoubleClickChecker14touchCancelledEi,0x4
0x7f9e2c,_ZN15LogicJSONParser16parseStringValueERK6StringPi,0x1b0
0x7f9fdc,_ZN29AvailableServerCommandMessage6decodeEv,0xbc
0x7fa098,_ZN20LogicJSONInReflector19setReflectableIdMapEPK16ReflectableIdMap,0x8
0x7fa0a0,_ZNK11SCIDManager28getCurrentAccountSupercellIdEv,0x58
0x7fa0f8,_ZN26SetSupportedCreatorMessage8destructEv,0x2c
0x7fa124,_ZL20UnicodeString_charAtiPv,0x48
0x7fa16c,_ZN19LogicAreaEffectData12resetStaticsEPK8CSVTable,0xacc
0x7fac38,_ZNK13LogicJSONNull5cloneEv,0x38
0x7fac70,_ZNK11FriendEntry14getSupercellIdEv,0x8
0x7fac78,_ZN10GameCenter25openGameCenterApplicationERK6String,0x4
0x7fac7c,_ZN37LogicSetESportsHubNotificationCommand8destructEv,0x24
0x7faca0,_ZN25SetAllianceCountryMessageC2Ev,0x34
0x7facd4,_lzham_z_inflateInit,0x4
0x7facd8,_ZN13LogicJSONNode8destructEv,0x4
0x7facdc,_ZNK14LogicSkillData26getSeeInvisibilityDistanceEv,0x10
0x7facec,_ZN12FilterEffect11setLocationEfff,0x4
0x7facf0,_ZN13LogicCardData12resetStaticsEPK8CSVTable,0x614
0x7fb304,_ZN10PlayerInfo13buttonClickedEP12CustomButton,0xc2c
0x7fbf30,_ZN16RankedRewardItem6updateEf,0x8
0x7fbf38,_ZN17LatencyTestsPopup6updateEf,0x7c
0x7fbfb4,_ZN10ScoresPage15refreshLocalTabEPK6StringiS2_,0x1ac
0x7fc160,_ZNK19AllianceHeaderEntry10isJoinableEii,0x4c
0x7fc1ac,_ZNK14ChallengeEntry14getChallengeIdEv,0x8
0x7fc1b4,_ZN11Character3D18moveAnimationStateEii,0x9c
0x7fc250,_ZN29AvatarNameCheckRequestMessage6decodeEv,0x34
0x7fc284,_ZN21LogicGameObjectClient14removeListenerEv,0x10
0x7fc294,_ZThn96_N14SettingsScreen13buttonClickedEP12CustomButton,0x8
0x7fc29c,_ZN8GameMain9loadAssetERK6Stringb,0xcc
0x7fc368,_ZNK10GameScreen12getMapEditorEv,0x8
0x7fc370,_ZNK8Settings13getOwnClubTabEv,0xd8
0x7fc448,_ZN19AvatarStreamManager13refreshNewCntEv,0x8
0x7fc450,_ZN21GlobalChatLineMessage10setMessageEP6String,0x8
0x7fc458,_ZNK15ProLeagueScreen28getRankingEntryScoreOverrideEv,0x48
0x7fc4a0,_ZN18DonateNotification19setAskingAvatarNameEP6String,0x8
0x7fc4a8,_ZNK18LogicAccessoryData15getCustomValue6Ev,0x10
0x7fc4b8,_ZN44DebugPlayerMapReviewResultOverrideSetMessage18getServiceNodeTypeEv,0x8
0x7fc4c0,_ZNK16YoozooLoginState8isLoadedEv,0x8
0x7fc4c8,_ZN6icu_5823StringCharacterIterator7getTextERNS_13UnicodeStringE,0x10
0x7fc4d8,_ZN26RankedMatchBanEndedMessage18getServiceNodeTypeEv,0x8
0x7fc4e0,_stbi_is_hdr_from_scfile,0xf4
0x7fc5d4,_ZNK13LogicBossData22getLevelGenerationSeedEv,0x10
0x7fc5e4,_ZNK12BattleScreen18isShootStickActiveEv,0x8
0x7fc5ec,_ZN16DataLoaderShader4loadEPKcS1_RKNSt6__ndk15arrayIiLm4EEE,0x14c
0x7fc738,_ZNK13HeroInfoPopup19calculateTotalRangeEPK14LogicSkillData,0x58
0x7fc790,_ZN10BitmapFont15BitmapFormatter5resetEv,0x58
0x7fc7e8,_ZN13OpenGLContextC2ERK13SurfaceConfig,0xa8
0x7fc890,_ZN9Character16playReloadEffectEv,0x58
0x7fc8e8,_ZN10PlayerInfo7setStatEii,0x94
0x7fc97c,_ZN12EventTracker28accountConnectedWithFacebookERK6String,0x48
0x7fc9c4,_Z3LOGPKcz,0x2c
0x7fc9f0,_ZNK14BattleLogEntry8isRankedEv,0x30
0x7fca20,_ZNK30RemoveAvatarStreamEntryMessage14getMessageTypeEv,0x8
0x7fca28,_nti_iterator_get_glyph_position,0x14
0x7fca3c,_ZThn96_NK16DebugInputWindow16getAnalyticsNameEv,0xc
0x7fca48,_ZNSt6__ndk110__function6__funcIZN8TestCase6dragToER5TouchfE4$_17NS_9allocatorIS5_EEFvvEE18destroy_deallocateEv,0x4
0x7fca4c,_ZN6icu_589UVector3212sortedInsertEiR10UErrorCode,0x174
0x7fcbc0,_ZN30LogicSetPlayerThumbnailCommandC2Ev,0x30
0x7fcbf0,_ZN8GameMain11setSlowModeEb,0x10
0x7fcc00,_ZN18AllianceMemberItem22refreshPlayerThumbnailEv,0x7c
0x7fcc7c,_ZN14BattleLogPopup12touchPressedERK5Touch,0x38
0x7fccb4,_ZN16YoozooLoginState25closeChinaLoginExtraTermsEv,0x40
0x7fccf4,_ZN10UrlBuilder9urlEncodeERK6String,0x108
0x7fcdfc,_ZNK12BattleScreen17isUltiStickActiveEv,0x8
0x7fce04,_ZNK18LogicCharacterData14getBoneEffect3EPK13LogicSkinData,0x44
0x7fce48,_ZN11RadioButtonC2Ev,0x74
0x7fcebc,_ZN17ParallelExecutionC2Ev,0x38
0x7fcef4,_ZN5titan3com9supercell5titan12TitanWebView9canGoBackEv,0x7c
0x7fcf70,_ures_getVersionNumber_58,0x4
0x7fcf74,_ZNK8HomeMode18getLoadingProgressEv,0xa0
0x7fd014,_ZN16OnlineFriendItemC2Eb,0x148
0x7fd15c,_ZN6String7valueOfEf,0x40
0x7fd19c,_ZN18ResourceDataLoader4loadER8InStream,0x2c
0x7fd1c8,_ZNSt6__ndk110__function6__funcIZN8TestCase9moveTouchER5TouchS3_S3_fE3$_8NS_9allocatorIS5_EEFvvEED0Ev,0x4
0x7fd1cc,_ZN20hb_user_data_array_t3getEP18hb_user_data_key_t,0x3c
0x7fd208,_ZNK13LogicJSONNode12asJSONNumberEb,0x8c
0x7fd294,_ZNSt6__ndk110__function6__funcIZ14getLineProfileP13ILineListenerRK6StringE3$_0NS_9allocatorIS7_EEFvbPKN8linecorp4nova5graph5model7ProfileEPKNSB_5ErrorEEED2Ev,0x10
0x7fd2a4,_ZNK22LogicDayChangedCommand14getCommandTypeEv,0x8
0x7fd2ac,_ZN20LogicCharacterServer20pathFindToNextTargetEv,0x2d8
0x7fd584,_ZN31AskForPlayingLineFriendsMessage18getServiceNodeTypeEv,0x8
0x7fd58c,_ZNSt6__ndk110__function6__funcIZN11AndroidMain23startedFromNotificationERK6StringE3$_9NS_9allocatorIS6_EEFbvEE7destroyEv,0x4
0x7fd590,_ZN16SpecialOfferItem13buttonPressedEv,0x50
0x7fd5e0,_ZN6icu_586BMPSetC2ERKS0_PKii,0x144
0x7fd724,_ZN29LogicReflectableContainerBase7reflectER14LogicReflector,0x72c
0x7fde50,_ZN20EventSuggestionPopup18customButtonTappedEP10GameButtoni,0x58
0x7fdea8,_ZN23FriendAvatarBaseMessage11setAvatarIdEPK9LogicLong,0xc
0x7fdeb4,_ZN22ShapeDrawBitmapCommand6renderER5StageRK9Matrix2x3RK14ColorTransformi,0x434
0x7fe2e8,_ZN15AllianceManager16destructInstanceEv,0x38
0x7fe320,_ZN10TeamStream14showChatButtonEb,0x3c
0x7fe35c,_ZN6icu_589UVector32D2Ev,0x3c
0x7fe398,_ZN8Sprite3DD0Ev,0x24
0x7fe3bc,_ZNK10PlayerInfo9canDemoteEv,0x84
0x7fe440,_ZNK11FriendEntry7getNameEv,0x18
0x7fe458,_ZN15LogicDataTables17constructInstanceEv,0x50
0x7fe4a8,_ZNK20GoogleServiceManager37canDoSpecialGooglePlayChinaDeviceLinkEv,0x110
0x7fe5b8,_ZNK12LogicBitList8isBitSetEi,0x20
0x7fe5d8,_ZNK15GameSCIDManager24isFastSwitchingAvailableEv,0x38
0x7fe610,_ZNK18TeamChatController5isLFTEv,0x54
0x7fe664,_ZN19SuggestBrawlerPopup10deletePageEP16DropGUIContainer,0x14c
0x7fe7b0,_hb_buffer_get_script,0x8
0x7fe7b8,_ZNK19SelectLocationPopup23shouldIncludePlayerMapsEv,0x78
0x7fe830,_ZN4Shop24getFreeNotificationCountEv,0x40
0x7fe870,_ZN5Debug38setIphoneXTemplateVisualizationEnabledEb,0x4
0x7fe874,_ZN29LogicReflectableContainerBase10createItemEiR14LogicReflector,0x8
0x7fe87c,_ZNK28LogicChangeAvatarNameCommand6encodeEP15ChecksumEncoder,0x50
0x7fe8cc,_ZN8TestCase13isTestTimeOutEv,0x6c
0x7fe938,_ZN14RankedGoalItemD0Ev,0x5c
0x7fe994,_ZNK39LogicAccountTransferCodeResponseMessage19getCodeValidSecondsEv,0x8
0x7fe99c,_ZN12KakaoManager16setInvitePendingERK6Stringb,0x78
0x7fea14,_ZN10HomeScreen24teamChatMuteStateChangedEv,0x28
0x7fea3c,_ZN10StreamItem11refreshTimeEv,0x114
0x7feb50,_ZN8TestCase9touchDownEP13DisplayObject,0x334
0x7fee84,_ZN31BillingCancelledByClientMessage18removeProductNamesEv,0x10
0x7fee94,_ZNK6String19lastIndexOfInternalEPKciii,0xb8
0x7fef4c,_ZN29AllianceMailAvatarStreamEntry15setSenderHomeIdEP9LogicLong,0x8
0x7fef54,_u_strcpy_58,0x18
0x7fef6c,_ZN8Renderer10clearColorEi,0x3c
0x7fefa8,_ZN9LogicData22validateIntColumnRangeEPK6CSVRowiii,0x140
0x7ff0e8,_ZN19PlayerStatusMessage8destructEv,0x24
0x7ff10c,_ZN19AllianceDataMessage18getServiceNodeTypeEv,0x8
0x7ff114,_ZN20AdjustPackageMessage6encodeEv,0x3c
0x7ff150,_ZN7PopoverC2Effibi,0xb0
0x7ff200,_ZNK39LogicClearESportsHubNotificationCommand6encodeEP15ChecksumEncoder,0x4
0x7ff204,_ZN19LogicRawInReflector21reflectObjectOptionalEPKcb,0x58
0x7ff25c,_ZL25characterIteratorGetIndexP13UCharIterator19UCharIteratorOrigin,0x64
0x7ff2c0,_ZNK11LogicPlayer20getHealingDoneToSelfEv,0x3c
0x7ff2fc,_ZN12SupercellSWF20getMovieClipFromPoolERK6String,0x68
0x7ff364,_ZN8TimeUtil13getTimeStringEibb,0x10
0x7ff374,_ZN10NativeFont15NativeFormatter13getLineLengthEv,0x2c
0x7ff3a0,_ZNSt6__ndk110__function6__funcIZN19EnvironmentRenderer6renderER9Matrix2x3R14ColorTransformifE3$_3NS_9allocatorIS7_EEFvvEEclEv,0x60
0x7ff400,_ucdn_get_bidi_class,0x6c
0x7ff46c,_ZN11LatencyData6decodeEP10ByteStream,0xf0
0x7ff55c,_ZNSt6__ndk110__function6__funcIZN11scTaskQueue3runIZN6Shader4loadEPKcS6_PS6_iE3$_0EENS_13invoke_resultIT_JEE4typeESA_EUlvE_NS_9allocatorISD_EEFvvEED0Ev,0x4
0x7ff560,_ZN31PublishPlayerMapResponseMessage6encodeEv,0x44
0x7ff5a4,_ZNSt6__ndk110__function6__funcIZN19SupercellIdCallback31setPendingRegistrationWithEmailEP8_jobjectRK6StringbE3$_9NS_9allocatorIS8_EEFvvEED0Ev,0x30
0x7ff5d4,_ZN9Animation12initBoneMaskEb,0x58
0x7ff62c,_ZNK20EndClientTurnMessage17getDebugByteArrayEv,0x8
0x7ff634,_ZN12AllianceInfo20getDebugAllianceDataEP9LogicLong,0x8
0x7ff63c,_uenum_count_58,0x34
0x7ff670,_ZNSt6__ndk110__function6__funcIZN19EnvironmentRenderer6renderER9Matrix2x3R14ColorTransformifE3$_4NS_9allocatorIS7_EEFvvEE18destroy_deallocateEv,0x4
0x7ff674,_Java_com_supercell_titan_VirtualKeyboardHandler_inputTextChanged,0x74
0x7ff6e8,_ZN18scFSLayerDirectory15loadFingerprintEv,0xa8
0x7ff790,_ZNSt6__ndk110__function6__funcIZN7GLImage6createEPKhi9ImageWrap11ImageFilterE3$_2NS_9allocatorIS7_EEFvvEE18destroy_deallocateEv,0x4
0x7ff794,_u_getDataDirectory_58,0x68
0x7ff7fc,_ZNK10PlayerInfo11isScrollingEv,0x10
0x7ff80c,_ZN14TeamMemberItemD0Ev,0xc4
0x7ff8d0,_ZN17LogicGameCalendar15setMillisecondsEi,0x8
0x7ff8d8,_ZN14EventListEntry19getGameModeIconNameEi,0x14
0x7ff8ec,_Z12seeded_frandi,0x68
0x7ff954,_ZN14BrawlPassPopup17backButtonPressedEv,0xc
0x7ff960,_ZNK15LogicEffectData15getEnemyVersionEv,0x8
0x7ff968,_ZNK25BrawlPassAutoCollectPopup12getPopupTypeEv,0x8
0x7ff970,_ZNK13LoadingScreen8isLoadedEv,0x8
0x7ff978,_ZN25RankedMatchStartedMessageC2EP16LogicRankedMatch,0x38
0x7ff9b0,_ZN16ServerConnection7AccountC2Ev,0x40
0x7ff9f0,_ZN24CancelMatchmakingMessageC2Ev,0x30
0x7ffa20,_ZN8TestCase13ButtonExposer16getAnalyticsNameEv,0xc
0x7ffa2c,_offsetTOCEntryCount,0x18
0x7ffa44,_ZN14BillingManager32handleAntiAddictionCheckResponseEb,0x8c
0x7ffad0,_ZN14BattleEndPopup32shouldSetPlayerMapSignoffPendingEv,0xf0
0x7ffbc0,_ZL16blake2b_compressP15__blake2b_statePKh,0xe4
0x85af70,_ZN16MovieClipTextureC2Ev,0x54
0x85afc4,_ZN18DeliveryCardsPopup17refreshHeroSpriteEPK18LogicCharacterDataPK13LogicSkinData,0xf0
0x85b0b4,_ZNK17AvatarStreamEntry5isNewEv,0x8
0x85b0bc,_ZN31SinglePlayerMatchRequestMessage6decodeEv,0x48
0x85b104,_ZN15ResourceManager18resourceToLoadNameEi,0x8
0x85b10c,_ZNKSt6__ndk110__function6__funcIZN11scTaskQueue3runIZN7GLImage6createEPKc9ImageWrap11ImageFilterE3$_0EENS_13invoke_resultIT_JEE4typeESB_EUlvE_NS_9allocatorISE_EEFvvEE7__cloneEPNS0_6__baseISH_EE,0x18
0x85b124,_ZN37YoozooBillingProcessedByServerMessage6setTIDERK6String,0x8
0x85b12c,_ZN27BattleEndRankedRankUpScreen31getPermillageProgressFrameIndexEP9MovieClipi,0x4c
0x85b178,_ZN16LocationCategory7hasItemEP13DisplayObject,0x30
0x85b1a8,_ZN5Stage19firstTimeShaderInitEP6ShaderRK9xMatrix44,0x94
0x85b23c,_ZNK11LogicQuests17getCompletedCountEv,0xac
0x85b2e8,_ZN8Settings12getChatScaleEv,0x98
0x85b380,_ZNSt6__ndk17__sort5IRZN18DataPatchGenerator24generateTextPatchForTIDsERK6StringE3$_0PNS_4pairIS2_iEEEEjT0_SA_SA_SA_SA_T_,0x1c4
0x85b544,_ZN20CreatePlayerMapPopup20handleCreateResponseEP30CreatePlayerMapResponseMessage,0x94
0x85b5d8,_ZN17BrawlBoxInfoPopup35hasRemainingHeroesInGachaWithRarityEi,0x15c
0x85b734,_ZN29LogicPlayerMapEnvironmentData12resetStaticsEPK8CSVTable,0x170
0x85b8a4,_ZL16flushBucketRangeRN11wendelstein23MovieClipRendererBucketEiiP12VertexBufferj,0x138
0x85b9dc,_ZN11wendelstein27WendelsteinMovieClipEmitter11setLocationEfff,0xc
0x85b9e8,_ZN8Impostor18updateRenderTargetEPK15sc3dWorldCameraPK13SceneUniformsR11RenderQueueP8Material,0xe0
0x85bac8,_ZNK14LogicSkillData23getMaxCastingRangeTilesEv,0x10
0x85bad8,_ZN19DebugCommandMessage7setDataEii,0x8
0x85bae0,_ZN15SelectHeroPopup18onHeroItemSelectedEPK8HeroItem,0x8
0x85bae8,_ZNK26AppleBillingRequestMessage9getProdIdEv,0x8
0x85baf0,_ZNK24LogicParticleEmitterData24getParticleMinTailLengthEv,0x10
0x85bb00,_ZN8Databind24NlohmannJsonOutReflector15reflectNextLongEx,0xb4
0x85bbb4,_ZN23AskForFriendListMessageC2Ei,0x2c
0x85bbe0,_ZN30AdUpdateConversionValueMessage6encodeEv,0x28
0x85bc08,_ZN19EnvironmentRenderer21activateTileAnimationEiiif,0x44
0x85bc4c,_ZN6icu_5813UnicodeFilter7matchesERKNS_11ReplaceableERiia,0x11c
0x85bd68,_ZNK31LogicRankedSeasonChangedCommand6encodeEP15ChecksumEncoder,0x5c
0x85bdc4,_ZN19NameChangeSubScreen11setTitleTIDERK6String,0x8
0x85bdcc,_ZNK18LogicClientGlobals21getMovementSpeedClassEi,0x38
0x85be04,_ZN5titan3com9supercell5titan22VirtualKeyboardHandlerC2EP8_jobject,0xbc
0x85bec0,_ZN33LogicViewInboxNotificationCommand6decodeEP10ByteStream,0x4c
0x85bf0c,_ZN29SetBlockFriendRequestsMessageC2Eb,0x38
0x85bf44,_ZN20LogicJSONInReflector10reflectIntEiPKci,0x60
0x85bfa4,_ZN7GLImage14setPixelStoreiEPKviii,0xc4
0x85c068,_ZN13YoozooManager14showExitScreenEv,0xac
0x85c114,_utext_char32At_58,0x20c
0x85c320,_ZN6icu_5811Normalizer214getNFDInstanceER10UErrorCode,0xbc
0x85c3dc,_ZNK13DisplayObject13globalToLocalEffPfS0_,0x5c
0x85c438,_ZNK3GUI12getHeroPopupEv,0x98
0x85c4d0,_ZNK16GameStateManager23shouldShowLoadingScreenEv,0x64
0x85c534,_ZN6FriendD0Ev,0x24
0x85c558,_ZN10scPackFile15isEncryptedPackERK6scFile,0x48
0x85c5a0,_ZNK10GameButton21getStateEndFrameLabelEi,0x30
0x85c5d0,_ZL13copyEnumRangePKviij,0xf8
0x85c6c8,_ZN22TeamSetLocationMessage18getServiceNodeTypeEv,0x8
0x85c6d0,_ZN26CreateAccountFailedMessage8destructEv,0x24
0x85c6f4,_ZNK10ScrollArea9isPanningEv,0x8
0x85c6fc,_ZNK9TeamEntry37isPlayingNonGreenlitPlayerMapsAllowedEP13LogicConfData,0x68
0x85c764,_ZN27HomeBattleReplayDataMessage12getViewCountEv,0x8
0x85c76c,_ZN15DataLoaderSound4loadEPKcRKNSt6__ndk15arrayIiLm4EEE,0x174
0x85c8e0,_ZN46TencentAntiAddictionInstructionExecutedMessageC2Ev,0x50
0x85c930,_ZN11LogicPlayer10petDamagedEi,0xc
0x85c93c,_Z26getNextHeroItemSortingMode15HeroItemSorting,0x30
0x85c96c,_ZN11LineManager21loginQuestionAnsweredEb,0x1c
0x85c988,_ZN17GameObjectManager11destroyTileEiibbb,0x74
0x85c9fc,_ZN18ClientHelloMessage11setAppStoreEi,0x8
0x85ca04,_ZN11SoundSystem14setMusicPausedEb,0x10
0x85ca14,_ZN20CreateAccountMessage6encodeEv,0x5c
0x85ca70,_ZN21GetLeaderboardMessage6decodeEv,0x58
0x85cac8,_ZL19addFollowBoneToListR14LogicArrayListI6StringEPK15LogicEffectData,0x120
0x85cbe8,_ZN26LogicRankedMatchRoundState22addMidSeasonRewardDataEP21LogicPlayerRewardData,0x158
0x85cd40,_ZN19SelectLocationPopup19createLocationItemsEv,0x10d0
0x85de10,_ZN12LogicVersion8getMinorEi,0x8
0x85de18,_ZNK6scPath13native_stringEv,0xa8
0x85dec0,_ZN10TestRunner11updateInputEv,0x10
0x85ded0,_ZN17UIArrangeChildrenD0Ev,0x4
0x85ded4,_ZN15LogicLocaleData20getEnabledColumnNameEv,0x3c
0x85df10,_ZThn96_NK9EventItem16getAnalyticsNameEv,0xc
0x85df1c,_SeqInStream_Read2,0x7c
0x85df98,_ZN5titan3com9supercell5titan19ApplicationUtilBase20getServerEnvironmentEv,0x70
0x85e008,_ZN31TeamAllianceMemberInviteMessage6decodeEv,0x48
0x85e064,_ZN8TestCase6dragToEP13DisplayObjectf,0x48
0x85e0ac,_ZN26KakaoAccountUnboundMessage18getServiceNodeTypeEv,0x8
0x85e0b4,_ZN25AskForAllianceDataMessageC2Ev,0x34
0x85e0e8,_ZN41RankedMatchFinalPreparationStartedMessage6encodeEv,0x28
0x85e110,_ZN20LogicCharacterServerC2EPK9LogicData,0x3f4
0x85e504,_ZN13ShopBgElement3addEP8ShopItemi,0x164
0x85e668,_ZN19LogicCommandManager6encodeEP15ChecksumEncoder,0xb4
0x85e71c,_ZN6icu_5816RBBITableBuilder15buildStateTableEv,0x570
0x85ec8c,_ZN27HomeBattleReplayDataMessage6decodeEv,0x68
0x85ecf4,_ZN18ServerErrorMessage18getServiceNodeTypeEv,0x8
0x85ecfc,_ZNK6icu_5813ParsePosition17getDynamicClassIDEv,0xc
0x85ed08,_ZN15SpriteToTexture7freeFBOEv,0x3c
0x85ed44,_ZL12doOpenChoicePKcS0_S0_PFaPvS0_S0_PK9UDataInfoES1_P10UErrorCode,0x6e4
0x85f428,_ZN15ChatStreamEntryC2Ev,0x30
0x85f458,_ZN19LogicAreaEffectData16createReferencesEv,0x7d8
0x85fc30,_u_isbase_58,0x84
0x85fcb4,_ZN16NameChangeScreenD0Ev,0x24
0x85fcd8,_ZNKSt6__ndk110__function6__funcIZN8TestCase6dragToER5TouchfE4$_16NS_9allocatorIS5_EEFvvEE7__cloneEPNS0_6__baseIS8_EE,0x40
0x85fd18,_ZN12LogicVector28multiplyEi,0x14
0x85fd2c,_ZNKSt6__ndk110__function6__funcIZN11AndroidMain23startedFromNotificationERK6StringE3$_9NS_9allocatorIS6_EEFbvEE11target_typeEv,0xc
0x85fd38,_ZN27GoogleBillingRequestMessage18getServiceNodeTypeEv,0x8
0x85fd40,_ZN6Screen19getSafeMarginBottomEv,0x10
0x85fd50,_ZNSt6__ndk110__function6__funcIZN8GameMain14loadAssetAsyncERK6StringbE3$_0NS_9allocatorIS6_EEFvvEED0Ev,0x30
0x85fd80,_ZNK21LogicGameObjectServer4getZEv,0x8
0x85fd88,_ZN9EntryInfo18setUpFaceAnimEventEi,0x1ec
0x85ff74,_ubidi_isInverse_58,0xc
0x85ff80,_ZN9InitState22setAccountUnlockFailedEi,0x10
0x85ff90,_ZN12BattleScreen26teamMemberPositionsChangedEP14LogicArrayListIP12LogicVector2E,0x6c
0x85fffc,_ZN23TeamInvitationDataEntryC2Ev,0x8
0x860004,_Z7myclosePvS_,0x38
0x86003c,_ZNK18LogicClientGlobals16getHelpCenterURLERK6String,0x8c
0x8600c8,_ZN15MapEditorScreen7loadMapEv,0x6c
0x860134,_ZN8MaterialC2EP7SCWFileRKS_RK6String,0x110
0x860244,_ZN22ClientContentValidator17validateMusicDataEPK14LogicMusicData,0x390
0x8605d4,_ZThn8_NK6icu_5810UnicodeSet9toPatternERNS_13UnicodeStringEa,0x6c
0x860640,_ZL29hb_ft_get_glyph_contour_pointP9hb_font_tPvjjPiS2_S1_,0x90
0x8606d0,_ZN18LatencyTestSession18sendUdpTestMessageEP14PiranhaMessageRK6String,0x198
0x860868,_ZN20LogicCharacterServer15executeKickBackEv,0x4
0x86086c,_ZN5lzham12symbol_codec6encodeEjRNS_33quasi_adaptive_huffman_data_modelE,0xf4
0x860960,_ZN11SocialPopupD2Ev,0xfc
0x860a5c,_ZN8NewsPage6updateEf,0x12c
0x860b88,_ZN6Screen11getDpiClassEv,0xd4
0x860c5c,_ZN20SetEncryptionMessage11removeNonceEv,0x10
0x860c6c,_ZNK4Node17getTransformationEfffPKS_,0x104
0x860d70,_ZN15LogicJSONNumberC2Ex,0x3c
0x860dac,_ZN9DebugMenu10setVisibleEb,0x50
0x860dfc,_ZN18LogicGatchaCommand22getDiamondPurchaseTypeEP15LogicClientHomei,0x14
0x860e10,_ZN22SearchAlliancesMessage14setMinTrophiesEi,0x8
0x860e18,_ZNK18LogicServerCommand5getIdEv,0x8
0x860e20,_ZN5titan7android4view9ViewGroupC2EP8_jobject,0xbc
0x860edc,_ZN5titan3com9supercell5titan11SupercellId14requestFriendsEv,0x7c
0x860f58,_ZN9ShopPopup25getGreenNotificationCountEv,0x4
0x860f5c,_ZN4Mesh15genVertexArraysEiPj,0xc
0x860f68,_ZNK6String11lastIndexOfEPKci,0xc4
0x86102c,_ZNK22AddFriendFailedMessage14getMessageTypeEv,0x8
0x861034,_ZN5titan7android7content2pm11PackageInfoC2EP8_jobject,0xe0
0x861114,_ZNK25LogicClaimAdRewardCommand6encodeEP15ChecksumEncoder,0x48
0x86115c,_ZNSt6__ndk110__function6__funcIZ42Java_com_supercell_titan_Kakao_loginFailedE3$_3NS_9allocatorIS2_EEFvvEEclEv,0x24
0x861180,_ZN12FilterEffectC2EPK14GameObjectBaseRK6StringS5_bi,0x160
0x8612e0,_ZN10NativeFont15NativeFormatter9nextGlyphEP14FormattedGlyph,0x218
0x8614f8,_ZN20GoogleServiceManager22sendBindAccountMessageEb,0xac
0x8615a4,_ZN8StatItemD0Ev,0x38
0x8615dc,_ZNK14LogicPlayerMap20getGameModeVariationEv,0x8
0x8615e4,_ZN7rg_etc110etc1_block13unpack_color5ERNS_13color_quad_u8Ettbj,0xe0
0x8616c4,_ZN15DownloadManagerD0Ev,0x24
0x8616e8,_ZNK17LogicClientAvatar15getNpcLoseCountEv,0x8
0x8616f0,_ZN29AllianceMailAvatarStreamEntry15setAllianceNameEP6String,0x8
0x8616f8,_ZNK6icu_5810UnicodeSet7indexOfEi,0x50
0x861748,_ZN17TeamPostAdMessage6decodeEv,0x2c
0x861774,_ZN9Character32setAttackEffectPredictedOnClientEbiiPK15LogicEffectDataS2_b,0x3c
0x8617b0,_ZN21LogicProjectileClientC2EPK19LogicProjectileData,0x50
0x861800,_ZN22PlayAgainStatusMessage6encodeEv,0x28
0x861828,_ZN15DownloadManager21downloadRequiredFilesEv,0x100
0x861928,_ZN14GameInputField9okPressedEv,0x40
0x861968,_ZNK14LogicMapLoader18tileCodeToTileDataEi,0x9c
0x861a04,_ZN17PlayerMapsMessage6encodeEv,0x94
0x861a98,_ZN12scZstdReader10read3BytesEv,0xfc
0x861b94,_ZNKSt6__ndk110__function6__funcIZN19SupercellIdCallback10setProfileEP8_jobjectRK6StringS7_iE4$_20NS_9allocatorIS8_EEFvvEE11target_typeEv,0xc
0x861ba0,_ZN10scPackFile11readEntriesEv,0x30c
0x861eac,_ZThn96_N20PlayerMapRenamePopup13buttonClickedEP12CustomButton,0x8
0x861eb4,_ZNK21LogicTutorialStepData17getSpawnLocationXEv,0x10
0x861ec4,_ZNSt6__ndk114__thread_proxyINS_5tupleIJNS_10unique_ptrINS_15__thread_structENS_14default_deleteIS3_EEEEZN9MessagingC1EiE3$_1EEEEEPvSA_,0xd4
0x861f98,_ZN8TestCase13ButtonExposer11listButtonsEP12GUIContainer,0xec
0x862084,_ZN12scZstdReader13readByteArrayEiPh,0xf4
0x862178,_ZN6icu_5822UCharCharacterIterator7hasNextEv,0x14
0x86218c,_ZN29LogicPurchaseBrawlPassCommand19getBundledTierCountEPK13LogicHomeModei,0xc0
0x86224c,_ZThn96_N27PurchaseSkinGroupOfferPopup13buttonClickedEP12CustomButton,0x30
0x86227c,_ZN25BrawlPassAutoCollectPopupD0Ev,0x44
0x8622c0,_ZN8Settings16setShootPositionEff,0x80
0x862340,_ZN23TeamGameStartingMessage6decodeEv,0x48
0x862388,_ZNKSt6__ndk110__function6__funcIZN8TestCase11pressButtonEP12CustomButtonE3$_0NS_9allocatorIS5_EEFvvEE6targetERKSt9type_info,0x1c
0x8623a4,_ZN22AddFriendFailedMessage8destructEv,0x24
0x8623c8,_ZNK17LogicSkinConfData13getRecoilAnimEv,0x10
0x8623d8,_ZN9sc3dWorld22addObjectWithAnimationEP15sc3dWorldObject,0x108
0x8624e0,_ZN15TeamSearchPopupD0Ev,0x5c
0x86253c,_ZNKSt6__ndk110__function6__funcIZN11scTaskQueue3runIZN10SWFTexture4loadEP12SupercellSWFbibbbbRK6StringE3$_1EENS_13invoke_resultIT_JEE4typeESC_EUlvE_NS_9allocatorISF_EEFvvEE11target_typeEv,0xc
0x862548,_ZNK14LogicSoundData18getStartDelayMinMsEi,0x18
0x862560,_ZN10HomeScreen30onBrawlPassSeasonAutoCollectedEi,0x54
0x8625b4,_SzAlloc,0x14
0x8625c8,_ZN22LogicSelectSkinCommand6decodeEP10ByteStream,0x30
0x8625f8,_ZN17CreateGameMessageC2Ev,0x38
0x862630,_ZN24AllianceJoinRequestPopup12touchPressedERK5Touch,0x18
0x862648,_ZN20GoogleServiceManager17constructInstanceEv,0x30
0x862678,_ZNK14LogicEmoteData18isLockedForChronosEv,0x10
0x862688,_ZN15DownloadManager35getOrCreateChronosFolderQueueByTypeEi,0x15c
0x8627e4,_ZN17LogicGameModeUtil26shouldSpawnCloseToTeammateEi,0x28
0x86280c,_ZN19AvatarStreamManager14receiveMessageEP14PiranhaMessage,0x1bc
0x8629c8,_ZN15StarPointsPopupD2Ev,0xb4
0x862a7c,_ZN15LogicDataTables12getItemIndexEPK13LogicHomeModePK13LogicCardDatab,0x228
0x862ca4,_ZN17scCryptoBoxFilter15getOverheadSizeEv,0x8
0x862cac,_ZN35BuyBundleBillingPackResponseMessage6decodeEv,0x3c
0x862ce8,_Java_com_supercell_titan_SupercellId_claimShopItemResult,0x90
0x862d78,_ZNK20LogicCharacterServer18getParentCharacterEv,0x8
0x862d80,_ZN31KakaoAccountAlreadyBoundMessage10setKakaoIdEP6String,0x8
0x862d88,_ZN14TencentManager17loginWeChatIngameEv,0x9c
0x862e24,_ZN6icu_5811ICU_Utility14skipWhitespaceERKNS_13UnicodeStringERia,0x88
0x862eac,_ZN12FriendsPopupC2Ev,0x218
0x8630c4,_ZplPKcRK6String,0x54
0x863118,_ZNK11LogicPlayer14getGoalsScoredEv,0x3c
0x863154,_ZN11Application10getAPKPathEv,0x4
0x863158,_ZN14RankedGoalItem24getRankTextWithColorTagsEi,0x6c
0x8631c4,_ZNK18sc3dPanPinchCamera21getPanningThresholdSQEv,0x1c
0x8631e0,_ZNKSt6__ndk110__function6__funcIZN8TestCase10touchStageER5TouchE3$_5NS_9allocatorIS5_EEFvvEE7__cloneEv,0x38
0x863218,_ZN16ProgressBarTween8setStateEi,0x134
0x86334c,_ZN8Databind23NlohmannJsonInReflector13reflectStringERK6StringS3_S3_,0xc
0x863358,_ZNK11DragHandler12isAttachedIDEi,0x4c
0x8633a4,_ZNKSt6__ndk110__function6__funcIZ61Java_com_supercell_titan_GoogleServiceClient_onSignInCanceledP7_JNIEnvP7_jclassE3$_2NS_9allocatorIS6_EEFvvEE6targetERKSt9type_info,0x1c
0x8633c0,_uprv_compareInvEbcdicAsAscii_58,0xd4
0x863494,_ZN20LogicCharacterServer11meleeAttackEPS_iiii,0x26c
0x863700,_ZN15ResourceManager6getCSVEPKc,0x3c
0x86373c,_ZN21LogicAreaEffectClientC2EPK19LogicAreaEffectData,0x3c
0x863778,_ZN9AntiCheat14guard_callbackEi,0x16c
0x8638e4,_ZNK20LogicCharacterServer25getReceivingDamagePercentEv,0x8
0x8638ec,_ZN25BindTencentAccountMessage14removeAuthCodeEv,0x10
0x8638fc,_ZN21DeviceLinkErrorScreenC2Eib,0x714
0x864010,_ZN14PiranhaMessageC2Ei,0x3c
0x86404c,_sub_86404C,0x58
0x8640a4,_ZN21LogicGameObjectClient8destructEv,0x98
0x86413c,_ZNK25UdpCheckConnectionMessage14getMessageTypeEv,0x8
0x864144,_ZN15LogicEffectDataC2EP6CSVRowP14LogicDataTable,0x84
0x8641c8,_ZN6icu_5813BreakIterator19getAvailableLocalesERi,0x4
0x8641cc,_ZNK13MapEditorMode18getLoadingProgressEv,0x90
0x86425c,_ZNSt6__ndk110__function6__funcIZN11AndroidMain21inputSelectionChangedEiiE4$_11NS_9allocatorIS3_EEFvvEED0Ev,0x4
0x864260,_ZN15ProLeagueScreen19updateSeasonEndTimeEv,0x100
0x864360,_zlibVersion,0xc
0x86436c,_ZNK12BattleScreen25getAccessoryEditingStickYEv,0x10
0x86437c,_ZNK21LogicAllianceRoleData7getCodeEv,0x4
0x864380,_ZN5Debug8fillQuadEffffffffjf,0x4
0x864384,_ZN13FriendsScreen12refreshTextsEv,0x22c
0x8645b0,_ZN14LogicDailyData20setSelectedGroupSkinEPK13LogicSkinData,0x108
0x8646b8,_ZNK9PopupBase11isFadingOutEv,0x10
0x8646c8,_stbi_load,0x110
0x8647d8,_ZThn96_N17HighscoreHeroList13buttonClickedEP12CustomButton,0xcc
0x8648a4,_ZN13AntiAddiction13handleWarningEii,0x20
0x8648c4,_ZN11LogicPlayer7gameWonEv,0xc
0x8648d0,_ZN31ChallengeSkinRewardNotification6decodeEP10ByteStream,0x4c
0x86491c,_ZN14BrawlPassPopup21getBarStartExtraWidthEv,0x1c
0x864938,_uprv_copyArray16,0x78
0x8649b0,_ZN16PlayerMapManager37reselectPlayerMapForTeamIfMatchesToIdERK9LogicLong,0xb4
0x864a64,_ZN20LogicEmoteBundleDataC2EP6CSVRowP14LogicDataTable,0x2c
0x864a90,_ZNK18LogicAccessoryData21getRequirePetDistanceEv,0x10
0x864aa0,_ZN16LogicSkillServer13consumeChargeEv,0x18
0x864ab8,_ZNK28LogicLongToCodeConverterUtil11isValidCodeERK6String,0xb4
0x864b6c,_ZN25UnbindKakaoAccountMessage6encodeEv,0x4
0x864b70,_ZN10Multitouch21isTouchForceSupportedEv,0x8
0x864b78,_ZNK12scZlibFilter4sizeEv,0x50
0x864bc8,_ZN11wendelstein17MovieClipRenderer6updateER5StagebRNS_23MovieClipRendererBucketERKNSt6__ndk16vectorINS_8ParticleENS5_9allocatorIS7_EEEEPP9MovieClipiifRK9xMatrix44PK7Vector3IfERSL_f,0x1898
0x866460,_ZN17LogicGameCalendar6decodeEP10ByteStream,0x270
0x8666d0,_ZN18DecoratedTextField13setPlayerNameEPK17PlayerDisplayDataPK6Stringi,0x114
0x8667e4,_ZN5Track5eventERK6StringS2_S2_S2_S2_S2_S2_S2_S2_S2_S2_S2_S2_S2_S2_S2_S2_S2_S2_S2_S2_,0x4
0x8667e8,_ZN15LogicJSONParser7hex2intEi,0x38
0x866820,_ZN6icu_5817StringEnumerationC2Ev,0x40
0x866860,_ZN11SCIDManager12saveAccountsEv,0x14c
0x8669ac,_ZN37LogicPurchaseHeroLvlUpMaterialCommand10getPackForEP15LogicClientHomei,0x84
0x866a30,_ZN23SkinPreviewToggleButtonC2ERK6String,0x44
0x866a74,_hb_ft_face_create,0x98
0x866b0c,_ZN5Track5eventERK6StringS2_S2_S2_S2_S2_S2_,0x4
0x866b10,_ZN7CSVNode10removeNodeEPS_,0x108
0x866c18,_ZNKSt6__ndk110__function6__funcIZN11scTaskQueue3runIZN11AndroidMain11releaseGameEvE3$_5EENS_13invoke_resultIT_JEE4typeES7_EUlvE_NS_9allocatorISA_EEFvvEE11target_typeEv,0xc
0x866c24,_uprv_getRawUTCtime_58,0x50
0x866c74,_ZN13LogicTileDataC2EP6CSVRowP14LogicDataTable,0x38
0x866cac,_ZN19DeviceLinkCodeInput17setCursorPositionEi,0x44
0x866cf0,_ZN9sc3dWorldC2Eiii,0x37c
0x86706c,_ZNK14ChatStreamItem12getEntryByIdEPK9LogicLong,0x98
0x867104,_ZN5lzham18search_accelerator5flushEv,0x8
0x86710c,_ZN12SCWFileInput7readUTFEv,0xbc
0x8671c8,_ZNK16ResourceListener11isFileAddedEPKc,0xd0
0x867298,_ZN29LogicBrawlPassUnlockedCommandC2Ei,0x34
0x8672cc,_ZNK14TencentManager32isGameAccountBoundWithSomeOpenIdEv,0x10
0x8672dc,_ZN23LogicAchievementManager13refreshStatusEv,0x4
0x8672e0,_ZN26RequestJoinAllianceMessage13setAllianceIdEP9LogicLong,0x8
0x8672e8,_ZN13TimelineValue7Builder3KeyC2ENS_7KeyTypeENS0_12ControlPointES3_S3_,0x18
0x867300,_inflateSetDictionary,0xec
0x8673ec,_ZN17LogicGamePlayUtil19isHeroOrCoopNeutralEP20LogicCharacterServer,0x68
0x867454,_ZN6icu_5818BurmeseBreakEngineD2Ev,0x7c
0x8674d0,_ZN15MovieClipHelper21getTextFieldRecursiveEP9MovieClipRK6String,0x44
0x867514,_ZN17LocalNotification23areNotificationsEnabledEv,0x168
0x86767c,_ZN17UIMovieClipGetterC2EP19UIMovieClipProviderRK6String,0x50
0x8676cc,_ZN27ReportAllianceStreamMessage18getServiceNodeTypeEv,0x8
0x8676d4,_ZN13DebugMenuBase9addButtonEP10GameButtonPKciP15IButtonListenercS3_,0x210
0x8678e4,_ZN15LogicClientHome5setIdEP9LogicLong,0x38
0x86791c,_ZN43PurchaseSkinGroupOfferHighlightPopupHandler16setUpSkinButtonsEP9MovieClip,0x650
0x867f6c,_ZN22MatchmakeFailedMessage6decodeEv,0x2c
0x867f98,_ZNK12GemOfferItem21isInRankRewardContextEv,0x14
0x867fac,_ZL13repTextLengthP5UText,0x24
0x867fd0,_ZN17ChatOptionsSlider19destructOptionItemsEv,0xa4
0x868074,_ZNSt6__ndk110__function6__funcIZN11scTaskQueue3runIZN7GLImage6createEPKhi9ImageWrap11ImageFilterE3$_4EENS_13invoke_resultIT_JEE4typeESB_EUlvE_NS_9allocatorISE_EEFvvEEclEv,0x40
0x8680b4,_ZNKSt6__ndk110__function6__funcIZZN10HeroSprite9HeroEntry15updateAnimationEfENK3$_0clEvEUlvE_NS_9allocatorIS5_EEFvvEE7__cloneEv,0x38
0x8680ec,_ZNK8Sprite3D15getCurrentFrameEv,0x10
0x8680fc,_ZN31AskForPlayingLineFriendsMessageC2Ev,0x34
0x868130,_ZN24PlayerMapStatusInfoPopupD0Ev,0x38
0x868168,_ZN14MessageManager17adjustSendPackageEiPci,0x80
0x8681e8,_ZN30LogicSetPlayerNameColorCommand10canExecuteEPK13LogicHomeModePK18LogicNameColorData,0x98
0x868280,_ZN10InboxPopup22onNotificationsReceiveEP14LogicArrayListIP16BaseNotificationE,0x64
0x8682e4,_ZN14BillingManager25consumeNextPendingOrderIdEv,0x118
0x8683fc,_ZN10GameButton16setGoldPriceTextEP9TextFieldii,0x74
0x868470,_ZN26ListBrawlTvChannelsMessageC2Ev,0x3c
0x8684ac,_ZN6icu_5813UnicodeString18cloneArrayIfNeededEiiaPPia,0x378
0x868824,_ZNKSt6__ndk110__function6__funcIZ43Java_com_supercell_titan_Kakao_logoutResultE3$_4NS_9allocatorIS2_EEFvvEE11target_typeEv,0xc
0x868830,_ZNSt6__ndk110__function6__funcIZN11scTaskQueue3runIZN8TestCase14getStageHeightEvE3$_9EENS_13invoke_resultIT_JEE4typeES7_EUlvE_NS_9allocatorISA_EEFvvEE7destroyEv,0x4
0x868834,_ZN14EnterNamePopupD0Ev,0x24
0x868858,_ZN15ResourceManager13loadImmediateERK18scResourceLoadInfo,0x68
0x8688c0,_ZN18MiniOfferTimerItemC2EP16LogicOfferBundle,0x10
0x8688d0,_ZN16ByteStreamHelper20writeBattlePlayerMapEP15ChecksumEncoderPK20LogicBattlePlayerMap,0x50
0x868920,_ZN20LogicJSONInReflector17reflectNextObjectEv,0x4
0x868924,_ZN21LogicCompressedStringC2EPKcib,0xc
0x868930,_ZN12_GLOBAL__N_112LoginMessage18getServiceNodeTypeEv,0x8
0x868938,_ZN16HelpshiftManager16destructInstanceEv,0x2c
0x868964,_ZNK9OutStream7getDataEv,0x8
0x86896c,_ZN15ResourceManager7isReadyEPK16ResourceListener,0xac
0x868a18,_ZNK22LogicLocationThemeData15getBlocking1SCWEi,0x18
0x868a30,_ZN33SCIDLogoutAllDevicesResultMessageC2Ei,0x38
0x868a68,_ZN15SelectHeroPopup11createItemsEv,0x228
0x868c90,_ZN16DropGUIContainer21resetButtonAnimationsEv,0x60
0x868cf0,_ZNK13LogicTileData14blocksMovementEv,0x8
0x868cf8,_ZN15AllianceManagerD2Ev,0x4b0
0x8691a8,_ZN8HomePage13getTargetIconEi,0x1e4
0x86938c,_ZNK6icu_5813UnicodeString9doExtractEiiPti,0x88
0x869414,_ZN27AskForAddableFriendsMessage18getServiceNodeTypeEv,0x8
0x86941c,_ZN5titan3com9supercell2id21IdShopClaimInProgress12getProductIdEv,0x7c
0x869498,_ZNK22LogicLocationThemeData19getDestructableMeshEi,0x18
0x8694b0,_nti_cache_insert_glyph,0x1e0
0x869690,_ZN21FriendLoggedInMessageC2Ev,0x30
0x8696c0,_u_isUUppercase_58,0x9c
0x86975c,_ZNSt6__ndk110__function6__funcIZ39Java_com_supercell_titan_Kakao_loggedInE3$_0NS_9allocatorIS2_EEFvvEED0Ev,0x4c
0x8697a8,_ZNK10HTTPClient9getStatusEv,0xc
0x8697b4,_ZN9BitStream26readPositiveIntMax67108863Ev,0x6c
0x869820,_ZN11LineManager17showLoginQuestionEv,0x4c
0x86986c,_ZN15UIVerticalTable6layoutEP10ScrollAreaP14LogicArrayListIP13DisplayObjectE,0x120
0x86998c,_ZNK5Scene17getTransformationEi,0x14
0x8699a0,_ZN11StringTable13getCountOfMaxEiib,0x150
0x869af0,_ZNK22LogicQuestsSeenCommand14getCommandTypeEv,0x8
0x869af8,_ZN12LoginMessage12setPassTokenEP6String,0x8
0x869b00,_ZN7Offline17constructInstanceEv,0x20
0x869b20,_ZN15MapEditorScreen16isRestrictedTileEPK13LogicTileData,0x20
0x869b40,_ZN13ShopBgElementD2Ev,0x1b0
0x869cf0,_ZN21AllianceMemberMessage6encodeEv,0x38
0x869d28,_ZNK23BattleReportStreamEntry11getReplayIdEv,0x8
0x869d30,_utrie2_serialize_58,0x98
0x869dc8,_ZN11GameWebView11isOffScreenEv,0x50
0x869e18,_ZN11InputSystem12touchPressedEP5Touchfffi,0xbc
0x869ed4,_ZN20LogicRawOutReflector13reflectStringERK6StringPKcS2_,0x80
0x869f54,_ZN18ProLeagueInfoPopupC2Eii,0x1e8
0x86a13c,_ZN9xMatrix446getTRSERKS_PfS2_S2_,0x24c
0x86a388,_ZN14FriendsManager15inviteToRoomSnsEPK9LogicLong,0x3d0
0x86a758,_ZN15MapEditorScreen19updatePreviewCameraEf,0x1ac
0x86a904,_ZNK7SCWFile7getNameEv,0x4
0x86a908,_ZNK27JoinableAllianceListMessage14getMessageTypeEv,0x8
0x86a910,_ZNSt6__ndk110__function6__funcIZN6Shader4loadEPKcS4_S4_E3$_1NS_9allocatorIS5_EEFvvEE7destroyEv,0x4
0x86a914,_ZN15sc3dWorldObject12attachObjectEPS_b,0x4c
0x86a960,_ZN3GUI16setValueWithIconEP13DisplayObjectP9TextFieldRK6StringS6_,0x12c
0x86aa8c,_ZNK28LogicGameObjectManagerClient14findGameObjectEi,0x68
0x86aaf4,_Z61Java_com_supercell_titan_PurchaseManager_billingProductBoughtP7_JNIEnvP7_jclassP8_jstringS4_S4_S4_S4_h,0x10c
0x86ac00,_ZL23hb_ft_get_nominal_glyphP9hb_font_tPvjPjS1_,0x68
0x86ac68,_ZNK13AnalyticEvent9getStringERK6String,0x2c
0x86ac94,_ZN16SpecialOfferItem11updateTimerEv,0x104
0x86ad98,_ZN9LogicMath4signEi,0x10
0x86ada8,_ZN19SelectLocationPopup24addOrderedLocationGMVsToER14LogicArrayListIiE,0x4b4
0x86b25c,_ZNK17LogicLocalization22getLoadedLanguageCountEv,0x8
0x86b264,_ZN12LogicCommand20setExecutorAccountIdERK9LogicLong,0x38
0x86b29c,_ZN13LayerSprite3DC2EbiP8Material,0x138
0x86b3d4,_ZN6icu_5822UCharCharacterIterator10previous32Ev,0x70
0x86b444,_ZN15LaserBoxManager11getInstanceEv,0xc
0x86b450,_ZN15LogicDataTables22getColorGradientByNameERK6StringPK9LogicData,0x20
0x86b470,_ZNK32LogicDeviceLinkConfirmYesMessage11getLinkCodeEv,0x8
0x86b478,_ZN15LogicDataTables21getBulletBounceEffectEv,0xc
0x86b484,_ZNK13LogicGemOffer21getEmoteFromExtraDataEv,0x30
0x86b4b4,_ZN13AlliancePopup10pushScreenEP14AllianceScreen,0x26c
0x86b720,_ZN20LogicJSONInReflector16reflectNextFloatEf,0x5c
0x86b77c,_ZN11Character3D20beginUpdateAnimationEv,0x8c
0x86b808,_ZNKSt6__ndk110__function6__funcIZN6Shader4loadEPKcS4_PS4_iE3$_0NS_9allocatorIS6_EEFvvEE7__cloneEv,0x48
0x86b850,_ZNK11FontManager21getFontPathByFontNameEPKc,0xa4
0x86b8f4,_ZN6icu_5810UnicodeSet24resemblesPropertyPatternERKNS_13UnicodeStringEi,0xc0
0x86b9b4,_ZNK15HeroRewardPopup12getPopupTypeEv,0x8
0x86b9bc,_ZN11SocialPopup9onMessageEP14PiranhaMessage,0x54
0x86ba10,_ZN5titan3com9supercell5titan14HelpshiftTitan9isVisibleEv,0x5c
0x86ba6c,_ZN13LogicSkinData19setHeroScreenEffectERK6String,0x8
0x86ba74,_ZN22ClientContentValidator38checkLegacySeasonalSkinSectionCampaignEPK28LogicSeasonalSkinSectionDataiPK21LogicSkinCampaignData,0x170
0x86bbe4,_ZNKSt6__ndk110__function6__funcIZN11AndroidMain19keyboardSizeChangedEffE3$_7NS_9allocatorIS3_EEFvvEE11target_typeEv,0x1c
0x86bc00,_ZN6icu_587UVector12sortedInsertE8UElementPFaS1_S1_ER10UErrorCode,0x14c
0x86bd4c,_ZL8snprintfPcU17pass_object_size1mPKcz.14320,0x70
0x86bdbc,_ZN21LogicBattleModeServer15setGameListenerEP17LogicGameListener,0x18
0x86bdd4,_ZN24MatchMakingStatusMessageC2Ev,0x3c
0x86be10,_Z41hb_ot_layout_lookup_would_substitute_fastP9hb_face_tjPKjji,0x1b0
0x86bfc0,_ZNK10ZipArchive15uncompressEntryERK8ZipEntryPc,0x188
0x86c148,_ZN15sc3dWorldObject11removeChildEPS_,0x90
0x86c1d8,_ZN27ChatAccountBanStatusMessageC2Ei,0x30
0x86c208,_ZNK6Shader14setUniformInt1Eii,0x18
0x86c220,_ZN14ScreenRecorder26isRecordingControlsVisibleEv,0x8
0x86c228,_ZN32GoogleServiceAccountBoundMessage18getServiceNodeTypeEv,0x8
0x86c230,_lv1_detect_frida_server__ZL18frida_guard_threadPv,0xd88
0x86cfb8,_ZN8GameMain14loadAssetAsyncERK6Stringb,0x274
0x86d22c,_ZN10GameButton19setDiamondPriceTextEPKciS1_,0xc8
0x86d2f4,_ZNK9LogicLong6equalsEPKv,0x30
0x86d324,_ZNK25DeviceLinkEnterCodeScreen11canSendCodeEv,0x44
0x86d368,_ZN20LogicEmoteBundleData8destructEv,0x4
0x86d36c,_ZN33LogicInviteBlockingChangedCommand7executeEP13LogicHomeModeib,0x74
0x86d3e0,_ZN13LogicLinkData12resetStaticsEPK8CSVTable,0xdc
0x86d4bc,_ZN9TextField11setFontSizeEi,0x8
0x86d4c4,_ZN17MatchMakingPlayerC2EP6StringP9LogicLongb,0x10
0x86d4d4,_ZN21LogicProjectileServer8destructEv,0xf8
0x86d5cc,_ZNKSt6__ndk110__function6__funcIZN11scTaskQueue3runIZN6Shader4loadEPKcS6_S6_E3$_1EENS_13invoke_resultIT_JEE4typeES9_EUlvE_NS_9allocatorISC_EEFvvEE7__cloneEPNS0_6__baseISF_EE,0x18
0x86d5e4,_ZN8Impostor17updateProxyObjectEPK15sc3dWorldCameraPK13SceneUniformsiiiiiib,0x864
0x86de8c,_ZN25AcceptFriendFailedMessageC2Ev,0x34
0x86dec0,_ZNSt6__ndk110__function6__funcIZN8TestCase20drawDebugPercentagesEvE4$_19NS_9allocatorIS3_EEFvvEE18destroy_deallocateEv,0x4
0x86dec4,_ZN20GameSelectableButton7setTextEPKcRK6String,0x8c
0x86df50,_ZN12LogicVersion16isDeveloperBuildEv,0x8
0x86df58,_ZN9EntryInfo25displaySpawnedUnitPopoverEP12CustomButton,0x294
0x86e1ec,_ZN28LogicSendAllianceMailCommand7executeEP13LogicHomeModeib,0x68
0x86e254,_ZN22ReportPlayerMapMessage6encodeEv,0x44
0x86e298,_ZN26LogicLocalNotificationData12resetStaticsEPK8CSVTable,0x28c
0x86e524,_ZN10SkinsPopupC2Ev,0x208
0x86e72c,_ZN10SkinsPopup12destroyItemsEv,0xec
0x86e818,_ZN8AdStatus8destructEv,0xc
0x86e824,_ZN14TencentManagerD0Ev,0x24
0x86e848,_ZN16NameChangeWindow17backButtonPressedEv,0x34
0x86e87c,_ZNK28LogicLongToCodeConverterUtil4toIdERK6String,0x13c
0x86e9b8,_ZN12CustomButton16setAnalyticsNameERK6String,0x8
0x86e9c0,_ZN33RankedMidSeasonRewardNotificationC2Ev,0x38
0x86e9f8,_ZNK18LogicCharacterData14getSpawnEffectEv,0x8
0x86ea00,_ZN12NSCIDManager23setNotificationsAllowedEb,0xc
0x86ea0c,_ZN9BitStream21writePositiveIntMax63Ei,0x8
0x86ea14,_ZNK12LogicTileMap42isPlayerLineOfSightClearIgnoreDynamicWallsEiiii,0x34
0x86ea48,_ZN18LogicNameColorDataC2EP6CSVRowP14LogicDataTable,0x30
0x86ea78,_ZThn96_N20PlayerMapDeletePopup13buttonClickedEP12CustomButton,0x68
0x86eae0,_ZN23BadgePreviewScaleButtonC2Ef,0x3c
0x86eb1c,_ZN9MovieClip4stopEv,0x1c
0x86eb38,_ZN12SupercellSWF22readCompressedIntArrayEiPi,0x1a0
0x86ecd8,_ZN5titan3com9supercell5titan19ApplicationUtilBase14getKunlunUnameEv,0x70
0x86ed48,_ZN18AskApiTokenMessage18getServiceNodeTypeEv,0x8
0x86ed50,_ZN10HeroSpriteD0Ev,0x24
0x86ed74,_ZN17MapEditorTileItemD2Ev,0x84
0x86edf8,_ZNKSt6__ndk110__function6__funcIZN27BattleEndRankedRankUpScreen14addExecutionToEP18SequencedExecutionE3$_1NS_9allocatorIS5_EEFbvEE11target_typeEv,0xc
0x86ee04,_nti_iterator_get_character_index,0x8
0x86ee0c,_ZNKSt6__ndk110__function6__funcIZN5titan7android5media11MediaPlayer18OnPreparedListener6invokeEP10_jmethodIDP13_jobjectArrayE3$_0NS_9allocatorISB_EEFvRN8safe_jni5ProxyES5_EE6targetERKSt9type_info,0x1c
0x86ee28,_ZNK12GUIContainer14getChildByNameERK6String,0x20
0x86ee48,_ZNKSt6__ndk110__function6__funcIZN11wendelstein25makeEmitterParamsMigratorERKNS_6vectorINS_10shared_ptrINS2_17IEmitterComponentEEENS_9allocatorIS6_EEEEE3$_1NS7_ISC_EEFvRNS2_12old_versions15EmitterParamsV0ERNS2_7Emitter13EmitterParamsEEE7__cloneEv,0xbc
0x86ef04,_ZN18LatencyTestSession11sendResultsEv,0x2ac
0x86f1b0,_ZN23RankedRewardsTrackPopupD0Ev,0x24
0x86f1d4,_ZNK6Effect8getTileXEv,0x20
0x86f1f4,_ZN31BindGoogleServiceAccountMessageC2Ev,0x38
0x86f22c,_ZNK10LoginState8isLoadedEv,0x8
0x86f234,_ZN32BrawlPassAutoCollectRewardsPopupD2Ev,0xa4
0x86f2d8,_Java_com_supercell_titan_GameApp_nOnSurfaceCreated,0x6c
0x86f344,_ZN15MapEditorScreen17sendGoHomeMessageEv,0x70
0x86f3b4,_ZN26ChampionshipChallengePopup13getRewardTypeEv,0x4c
0x86f400,_ZN17MapPreviewMessage15setLocationDataEPK17LogicLocationData,0x8
0x86f408,_ZN14BattleLogPopup12destroyItemsEv,0xec
0x86f4f4,_ZN23DeviceLinkedStreamEntryC2Ev,0x2c
0x86f520,_ZN31PurchaseOfferBundlePopupHandler17getGatchaInfoTypeEv,0x7c
0x86f59c,_ZNKSt6__ndk110__function6__funcIZN11scTaskQueue3runIZN7GLImage6createEPKhi9ImageWrap11ImageFilterE3$_4EENS_13invoke_resultIT_JEE4typeESB_EUlvE_NS_9allocatorISE_EEFvvEE11target_typeEv,0xc
0x86f5a8,_ZNK10ScrollArea15getContentWidthEv,0x8
0x86f5b0,_ZNK12LogicTileMap24isPlayerLineOfSightClearEiiii,0x30
0x86f5e0,_ZN16PlayerMapManager27handlePlayerMapGreenlightedEP28PlayerMapGreenlightedMessage,0x1e4
0x86f7c4,_ZN13LogicSkinData16createReferencesEv,0x25c
0x86fa20,_ZN18HomePageTeamMember17handlesChatButtonEP10GameButton,0x24
0x86fa44,_ZN16ProgressBarTween18setProgressBarFillEP9MovieClipf,0x64
0x86faa8,_ZN5titan3com9supercell5titan23NativeHTTPClientManagerC2EP8_jobject,0xbc
0x86fb64,_ZN21UnbotifyReportMessage13setReportDataEPKci,0x88
0x86fbec,_ZNK9LogicData15getBooleanValueERK6String,0x40
0x86fc2c,_ZN28UdpLatencyTestRequestMessage12removeFillerEv,0x14
0x86fc40,_ZNK4Game6getFPSEv,0x24
0x86fc64,_ZN18AllianceMemberItem19refreshOnlineStatusEv,0x370
0x86ffd4,_ZN19GameSliderComponent7setTextEPKcRK6String,0x90
0x870064,_ZN13LogicSkinData17setHappyEnterAnimERK6String,0x8
0x87006c,_ZN28LogicGameObjectFactoryServer25createGameObjectByClassIDEPK9LogicDatai,0xa4
0x870110,_ZN29JoinAllianceUsingTokenMessage6encodeEv,0x38
0x870148,_ZNK27ChatToAllianceStreamMessage14getMessageTypeEv,0x8
0x870150,_u_strstr_58,0x10
0x870160,_ZN19LogicCommandManager13encodeCommandEP15ChecksumEncoderPK12LogicCommand,0x54
0x8701b4,_ZN15ResourceManager20enableCompressedCSVsEb,0x10
0x8701c4,_ZN17LogicClientAvatar23setFriendListOpenedTimeEv,0x4
0x8701c8,_ZN28VanityItemRewardNotification7getItemEv,0x8
0x8701d0,_ZNKSt6__ndk110__function6__funcIZN19SupercellIdCallback13friendsFailedEP8_jobjectE4$_15NS_9allocatorIS5_EEFvvEE7__cloneEPNS0_6__baseIS8_EE,0x18
0x8701e8,_ZNK13LogicItemData11getFileNameEv,0x10
0x8701f8,_Z8idct_4x4PKsPh,0x3b0
0x8705a8,_ZN13FriendsScreen11refreshTabsEv,0x5c
0x870604,_ZN13FontFormatterD0Ev,0x4
0x870608,_nti_font_copy_with_size,0x1e4
0x8707ec,_ZN8HudPrint9removeAllEv,0xa0
0x87088c,_ZThn368_N15SelectHeroPopupD0Ev,0x28
0x8708b4,_ZN5titan3com9supercell5titan7GameApp13requestFinishEv,0x7c
0x870930,_ZN8LogicMD52HHEiiiiiii,0xe4
0x870a14,_ZN10TimedOffer13isTickerStateEv,0x10
0x870a24,_ZNSt6__ndk110__function6__funcIZN10SWFTexture4loadEP12SupercellSWFbibbbbRK6StringE3$_1NS_9allocatorIS8_EEFvvEE7destroyEv,0x4
0x870a28,_ZN9OutStream7writeI8Ea,0x138
0x870b60,_ZNK30LogicDeviceLinkResponseMessage12getPassTokenEv,0x8
0x870b68,_ZN15OfferBundleItem8setPriceEP9MovieClipP16LogicOfferBundleRK6StringS1_PK22LogicColorGradientDataS6_,0x330
0x870e98,_ZNK9UdpSocket16getPacketHandlerEv,0x8
0x870ea0,_ZNK20LogicCharacterServer27getReloadSpeedChangePercentEv,0x8
0x870ea8,_ZNK28LogicGameObjectManagerClient17getNumGameObjectsEv,0x8
0x870eb0,_ZN30JoinRequestAllianceStreamEntry16setResponderNameEP6String,0x8
0x870eb8,_ZN10TeamStream10initializeEf,0x3f4
0x8712ac,_ZNK26AllianceKickOutStreamEntry20getAllianceBadgeDataEv,0x8
0x8712b4,_ZN12LoginMessage16getTencentOpenIdEv,0x8
0x8712bc,_ZN24DebugHudMessageCollector10addMessageERK6Stringj,0x124
0x8713e0,_ZN9HeroPopup13heroLeveledUpEPK18LogicCharacterData,0x58
0x871438,_ZN12GenericPopup9addButtonERK6Stringi,0x1a4
0x8715dc,_ZNK7CSVNode7getRootEv,0x8
0x8715e4,_ZN13AllianceIntroC2Ev,0x488
0x871a6c,_ZZN7GLImage6createEPKc9ImageWrap11ImageFilterENK3$_0clEv,0x1d8
0x871c44,_ZN5titan7android7content2pm14PackageManagerC2EP8_jobject,0xbc
0x871d00,_Java_com_supercell_titan_GameApp_setTencentLaunchParameter,0x98
0x871d98,_ZN34FacebookAccountAlreadyBoundMessage6encodeEv,0x7c
0x871e14,_ZNK18BrawlTvChannelInfo6encodeEP10ByteStream,0x58
0x871e6c,_hb_ot_tag_from_language,0x490
0x8722fc,_ZN9sc3dWorld23initMovieClipRenderDataEv,0x54
0x872350,_ZNK18LogicCharacterData16getRedExportNameEv,0xc
0x87235c,_ZN18WaitingPopupRanked18createLocationItemEPK17LogicLocationData,0x70
0x8723cc,_ZN5titan3com9supercell5titan14HelpshiftTitan5startERK6StringS6_S6_,0xcc
0x872498,_ZN11BadgeSpriteD2Ev,0x9c
0x872534,_lv1_detect_frida_library__ZL14parse_proc_tcpPKcS0_PFviE,0xeb8
0x8733ec,_ZNK15LogicJSONObject7getTypeEv,0x8
0x8733f4,_ZNKSt6__ndk110__function6__funcIZN11Application20getAdvertiserIDAsyncEvE3$_2NS_9allocatorIS3_EEFNS_4pairIb6StringEEvEE7__cloneEv,0x24
0x873418,_ZNK13LogicCardData9getValue3Ev,0x8
0x873420,_ZN8HeroItemD0Ev,0x24
0x873444,_ZN18PlaySoundExecution13onFastforwardEv,0x8
0x87344c,_ZN12SoundManager19updateSoundSettingsEP10PlayingSFXffff,0x54
0x8734a0,_ZN19AvatarStreamMessage16setStreamEntriesEP14LogicArrayListIP17AvatarStreamEntryE,0x8
0x8734a8,_ZNK16LogicOfferBundle13hasHeroOrSkinEv,0x58
0x873500,_ZNK19LogicProjectileData26hasParentProjectileForSkinEv,0x10
0x873510,_ZN17TencentTermsPopup13onTextLinkHitEi,0x24
0x873534,_ZN22ChronosResourceManager23requireEventDataEntriesEP14LogicArrayListIP9EventDataERNSt6__ndk13setI6StringNS5_4lessIS7_EENS5_9allocatorIS7_EEEERS0_IPK16ChronosFileEntryE,0x64
0x873598,_ZN19LogicLevelUpCommand8destructEv,0x24
0x8735bc,_ZN12_GLOBAL__N_14path24filenameWithoutExtensionERKNSt6__ndk112basic_stringIcNS1_11char_traitsIcEENS1_9allocatorIcEEEES9_,0x160
0x87371c,_ZN28BindGamecenterAccountMessage11setBundleIDEP6String,0x8
0x873724,_ZNK19LogicResourceBundle6encodeEP15ChecksumEncoder,0x5c
0x873780,_ZN5titan7android7content3res19AssetFileDescriptor14getStartOffsetEv,0x7c
0x8737fc,_ZNKSt6__ndk110__function6__funcIZN8TestCase17getStagePointSizeEvE4$_11NS_9allocatorIS3_EEFfvEE7__cloneEv,0x24
0x873820,_ZN11LogicPlayer16objectivesStolenEi,0xc
0x87382c,_ZN11FontManager17constructInstanceEv,0xa0
0x8738cc,_ZN17TencentTermsPopup7fadeOutEv,0x24
0x8738f0,_ZN7Billing10buyProductERK6String,0xc8
0x8739b8,_ZN8HomePage9onLevelUpEPK14LogicMilestone,0x4
0x8739bc,_ZN30SupercellIdNotificationMessage6decodeEv,0x2c
0x8739e8,_ZN9Animation5startEv,0xc
0x8739f4,_ZN20EventSuggestionPopup4initEiib,0x4a0
0x873e94,_ZN23LogicSelectEmoteCommand10canExecuteEPK13LogicHomeModePK14LogicEmoteDatai,0xec
0x873f80,_ZN34LogicBrawlPassSeasonChangedCommand6decodeEP10ByteStream,0x50
0x873fd0,_ZN17FriendListMessage6encodeEv,0xac
0x87407c,_ZN8StatItem5setupERK6StringS2_,0x5c
0x8740d8,_ZN9RankPopup19updateSeasonEndTimeEv,0x18c
0x874264,_ZN14RectangleTimerD2Ev,0x154
0x8743b8,_ZNK18LogicAccessoryData19requireEnemyInRangeEv,0x10
0x8743c8,_ZNKSt6__ndk110__function6__funcIZN11scTaskQueue3runIZN8TestCase17releaseStageTouchEvE3$_4EENS_13invoke_resultIT_JEE4typeES7_EUlvE_NS_9allocatorISA_EEFvvEE7__cloneEv,0x38
0x874400,_ZN11AndroidMainD2Ev,0x50
0x874450,_ZN19RemoveFriendMessageC2Ei,0x2c
0x87447c,_ZN18DoubleClickCheckerD2Ev,0x30
0x8744ac,_ZN4Shop10buyProductEPK24LogicBillingPackagesData,0x104
0x8745b0,_ZN17LogicDebugCommand18setStringParameterERK6String,0x8
0x8745b8,_ZNK18LogicAccessoryData7getTypeEv,0x10
0x8745c8,_ZNK14DataLoaderJSON15getStringLengthEv,0x8
0x8745d0,_ZN5titan7android4view13WindowManager17getDefaultDisplayEv,0x7c
0x87464c,_Z22crypto_stream_chacha20PhyPKhS1_,0x68
0x875fac,_ZN6StringC2EPKcRKS_,0x58
0x876004,_ZN15LogicClientHome13getPlayerRankEv,0x14
0x876018,_ZNK12BattleScreen16isFollowSpectateEv,0x8
0x876020,_ZNK12GenericPopup12getPopupTypeEv,0x8
0x876028,_ZN5tween5Cubic7easeOutEffff,0x20
0x876048,_ZN14TitanOutStreamC2Ev,0x38
0x876080,_ZN23PushNotificationService15getNotificationEv,0x8
0x876088,_ZN22TeamCreatedStreamEntry8destructEv,0x34
0x8760bc,_ZN8RankItem6updateEf,0x14c
0x876208,_ZN9BitStream21readPositiveIntMax511Ev,0x218
0x876420,_ZN23TeamMemberStatusMessage8destructEv,0x24
0x876444,_ZN21LogicBattleModeServer7addBossEPK18LogicCharacterDatai,0x4
0x876448,_ZN9Character13attackStartedEPK15LogicEffectDataS2_b,0x88
0x8764d0,_ZNKSt6__ndk110__function6__funcIZN11scTaskQueue3runIZN8TestCase7touchUpEvE4$_18EENS_13invoke_resultIT_JEE4typeES7_EUlvE_NS_9allocatorISA_EEFvvEE11target_typeEv,0xc
0x8764dc,_ZNK19AllianceHeaderEntry13getAllianceIdEv,0x8
0x8764e4,_ZN17ReplayStreamEntry8destructEv,0xa0
0x876584,_ZN22MatchmakeFailedMessage12setErrorCodeEi,0x8
0x87658c,_ZNK26TencentAccountBoundMessage14getMessageTypeEv,0x8
0x876594,_ZN6Effect8setScaleEf,0x68
0x8765fc,_ZN27KunlunBillingRequestMessage8setPriceERK6String,0x8
0x876604,_Java_com_supercell_titan_GameApp_handleDeeplinkURL,0x274
0x876878,_ZN21LogicJSONOutReflector21reflectObjectOptionalEPKcb,0x28
0x8768a0,_ZNK18LogicCarryableData15getThrowOnTouchEv,0x10
0x8768b0,_ZN13WVSCIDManager20accountBindingFailedEv,0x14
0x8768c4,_Z17getPointAlongPathfPK7Vector2IfEjPS0_,0xec
0x8769b0,_ZN14HelpshiftTitan20getNotificationCountEv,0x98
0x876a48,_ZNK12_GLOBAL__N_115scFileImpl_Pack3eofEv,0x30
0x876a78,_ZNK17AvatarStreamEntry5getIdEv,0x8
0x876a80,_ZN14HelpshiftTitan19setMetadataCallbackEv,0x98
0x876b18,_ZNK31CafeBazaarBillingRequestMessage12getSignatureEv,0x8
0x876b20,_ZN6icu_5812PropNameData12findPropertyEi,0xb4
0x876bd4,_ZN12scFilesystem4initEv,0x10c
0x876ce0,_unorm2_quickCheck_58,0xd0
0x876db0,_ZNK17ChatOptionsSlider18canAskToUnmuteChatEv,0x88
0x876e38,_ZNK17LogicLocalization17isLanguageEnabledEi,0x28
0x876e60,_hb_language_to_string,0x4
0x876e64,_ZN13BattleLogItem14getPlayerEntryEii,0x28
0x876e8c,_ZThn96_N20AllianceCountryPopup13buttonClickedEP12CustomButton,0x74
0x876f00,_ZN37LogicDeviceLinkNewDeviceLinkedMessageC2Ev,0x44
0x876f44,_ZN8GameMain25handleInternallyOpenedURLEPKcS1_,0x8
0x876f4c,_ZN31CafeBazaarBillingRequestMessageC2Ei,0xd8
0x877024,_ZN19ScrollingInputField17setCursorPositionEi,0xb4
0x8770d8,_ZNSt6__ndk110__function6__funcIZN32NativeFacebookConnectionCallback6logoutEvE3$_6NS_9allocatorIS3_EEFvvEE7destroyEv,0x4
0x8770dc,_ZNK36LogicTeamChatMuteStateChangedCommand6encodeEP15ChecksumEncoder,0x3c
0x877118,_ZN8SkeletonC2Ev,0xc
0x877124,_ZNK19LogicProjectileData16getChainedBulletEv,0x8
0x87712c,_ZN19BrawlPassSeasonData19markSeasonCollectedEPK13LogicHomeMode,0x160
0x87728c,_ZL6load64PKv,0x40
0x8772cc,_sub_8772CC,0x72c
0x8779f8,_ZN32GoogleServiceAccountBoundMessage13getResultCodeEv,0x8
0x877a00,_ZN9EntryInfo8swapSkinEi,0x68
0x877a68,_ZN17LogicGamePlayUtil15roundedDivisionEii,0x1c
0x877a84,_ZNK16LogicJSONBoolean6equalsEPK13LogicJSONNode,0x70
0x877af4,_ZN18OwnHomeDataMessage20setLogicClientAvatarEP17LogicClientAvatar,0x8
0x877afc,_ZN9BitStream22writePositiveIntMax511Ei,0x8
0x877b04,_Z36decompressBlockDifferentialWithAlphajjPhS_iiii,0x24
0x877b28,_ZN11ContextMenu16arrangeButtonsToEP24StretchableContextBubble,0x48
0x877b70,_ZN14BattleLogPopupD0Ev,0x24
0x877b94,_ZN5lzham37raw_quasi_adaptive_huffman_data_model5resetEv,0x144
0x877cd8,_ZNK21LogicGameObjectClient4getYEv,0x8
0x877ce0,_ZNK12BattleScreen22canShowTutorialUltiBarEv,0x10
0x877cf0,_ZN19EffectPreviewButtonD0Ev,0x34
0x877d24,_ZNK15TeamChatMessage14getMessageTypeEv,0x8
0x877d2c,_ZN29UdpLatencyTestResponseMessage9setFillerEPci,0x94
0x877dc0,_ZN14StreamItemList14saveLastReadIdEv,0x8c
0x877e4c,_ZN27BattleEndRankedRankUpScreenC2EP14BattleEndPopup,0x5c8
0x878414,_ZN10IndexArray8getIndexEii,0x98
0x8784ac,_ZNK11DragHandler8hasSpeedEv,0x3c
0x8784e8,_ZL22stringIteratorGetStatePK13UCharIterator,0x8
0x8784f0,_ZN23TicketCompensationPopup18customButtonTappedEP10GameButtoni,0x7c
0x87856c,_ZNSt6__ndk110__function6__funcIZN12scFilesystem12layerRemovedERKNS_10shared_ptrI17scAbstractFSLayerEEE3$_3NS_9allocatorIS8_EEFvPNS2_9IListenerEEEclEOSC_,0x48
0x8785b4,_ZN17ChatOptionsSlider31getSortedDefaultQuickEmojiDatasER14LogicArrayListIPK16LogicMessageDataE,0x238
0x8787ec,_ZN20LogicCharacterServer4killEv,0x8
0x8787f4,_ZN12NSCIDManager19setTutorialCompleteEv,0x88
0x87887c,_ZN12KakaoManager8exitGameEv,0x64
0x8788e0,_ZN29ChangeAllianceSettingsMessageC2Ei,0x3c
0x87891c,_ZN19SupercellIdCallback11bindAccountEP8_jobjectRK6StringS4_S4_S4_b,0x2f0
0x878c0c,_ZN12BattleScreen11pingUpdatedEf,0x24
0x878c30,_ZNKSt6__ndk110__function6__funcIZN6Shader4loadEPKcS4_S4_E3$_1NS_9allocatorIS5_EEFvvEE11target_typeEv,0xc
0x878c3c,_ZNK21BasicReflectableIdMap19getReflectableForIdEi,0xa8
0x878ce4,_ZNSt6__ndk110__function6__funcIZN12scFilesystem10layerAddedERKNS_10shared_ptrI17scAbstractFSLayerEEE3$_2NS_9allocatorIS8_EEFvPNS2_9IListenerEEED2Ev,0x64
0x878d48,_ZN12MapEditorHUD18tileVisibleForModeEPK13LogicTileData,0x1ec
0x878f34,_ZNK11LogicPlayer13getKillStreakEv,0x3c
0x878f70,_ZL7sprintfPcU17pass_object_size1PKcz.10107,0x78
0x878fe8,_ZNK12LocationInfo12getEventSlotEv,0x18
0x879000,_ZN15MapEditorScreen16getPlacementModeEv,0x8
0x879008,_ZN9xMatrix44C2ERK7Vector3IfEfS3_fS3_fS3_f,0x54
0x87905c,_ZN18LogicGatchaCommand7executeEP13LogicHomeModeib,0x294
0x8792f0,_ZN23ReportUserStatusMessage8destructEv,0x24
0x879314,_ZN11AndroidMain22inputKeyboardDismissedEv,0x190
0x8794a4,_ZN20LogicCharacterServer13tickNpcSkillsEv,0x1c8
0x87966c,_ZNK13LogicHomeMode12getLogicTimeEv,0x8
0x879674,_ZNK26LogicKeyPoolChangedCommand14getCommandTypeEv,0x8
0x87967c,_ZNK26LogicGameModeVariationData12getIntroTextEv,0x10
0x87968c,_ZN5lzham18search_accelerator13add_bytes_endEv,0x4
0x879690,_ZNKSt6__ndk110__function6__funcIZN11scTaskQueue3runIZN8TestCase9moveTouchER5TouchS5_S5_fE3$_7EENS_13invoke_resultIT_JEE4typeES9_EUlvE_NS_9allocatorISC_EEFvvEE6targetERKSt9type_info,0x1c
0x8796ac,_ZZN11Application17getReferrerValuesEvEN23InstallReferrerListenerD2Ev,0xd8
0x879784,_ZNK31SinglePlayerMatchRequestMessage14getMessageTypeEv,0x8
0x87978c,_ZN23HomeLogicStoppedMessage7setTickEi,0x8
0x879794,_ZNKSt6__ndk110__function6__funcIZN11scTaskQueue3runIZN7GLImage14updateSubImageEPKhiiiE3$_9EENS_13invoke_resultIT_JEE4typeES9_EUlvE_NS_9allocatorISC_EEFvvEE6targetERKSt9type_info,0x1c
0x8797b0,_ZN5titan3com9supercell5titan15ApplicationUtil28getAdvertiserTrackingEnabledEv,0x5c
0x87980c,_ZN7GLImage16createWithFormatEiiiiPKv9ImageWrap11ImageFilterRb,0x348
0x879b54,_ZNK13UdpSendBuffer7getPingEv,0x8
0x879b5c,_ZN6icu_5813ParsePositionD2Ev,0x4
0x879b60,_ZN13EffectManager6renderERN11wendelstein21MovieClipRendererDataEf,0x70
0x879bd0,_ZN15ResourceManager19getAbsoluteLoadPathERK6String,0x29c
0x879e6c,_ZNKSt6__ndk110__function6__funcIZN11AndroidMain11releaseGameEvE3$_5NS_9allocatorIS3_EEFvvEE7__cloneEPNS0_6__baseIS6_EE,0x18
0x879e84,_ZN8ImageSet4loadEv,0x16c
0x879ff0,_ZN13EffectManager22removeSoundsFromEffectEi,0x7c
0x87a06c,_ZN5titan3com9supercell5titan7GameApp7getViewEv,0x7c
0x87a0e8,_ZN21SectionShortcutButton6updateEf,0xf8
0x87a1e0,_ZN6icu_5810UCharsTrie25findUniqueValueFromBranchEPKtiaRi,0x1a0
0x87a380,_ZNK22ConfirmChangeClanPopup28allowClosingFromModalTappingEv,0x14
0x87a394,_ZN20LogicRawOutReflector16reflectExitArrayEv,0x14
0x87a3a8,_ZThn96_N10SCIDWindow13buttonClickedEP12CustomButton,0x8
0x87a3b0,_ZNKSt6__ndk110__function6__funcIZN11scTaskQueue3runIZN24DataLoaderLayeredTexture4loadEPKcRKNS_5arrayIiLm4EEEE3$_1EENS_13invoke_resultIT_JEE4typeESD_EUlvE_NS_9allocatorISG_EEFvvEE11target_typeEv,0xc
0x87a3bc,_ZNK6icu_5810UnicodeSet4sizeEv,0xb4
0x87a470,_ZNSt6__ndk110__function6__funcIZN19EnvironmentRenderer6renderER9Matrix2x3R14ColorTransformifE3$_0NS_9allocatorIS7_EEFvvEED0Ev,0x4
0x87a474,_ZNK15LaserBoxManager7Website12hasLiveEventEv,0xa4
0x87a518,_ZN16ChronosTextEntryC2EP10ByteStream,0xb8
0x87a5d0,_Bcj2_Decode,0x2f4
0x87a8c4,_ZN17LogicGameModeUtil29modeHasSecondaryRespawnPointsEi,0x18
0x87a8dc,_ZN12LogicVersion13isIntegrationEv,0x8
0x87a8e4,_ZN12LocationInfoC2EPK17LogicLocationDataPK9EventDataPK14LogicPlayerMapPK20LogicBattlePlayerMap,0x138
0x87aa1c,_ZL13_canonicalizePKcPcijP10UErrorCode,0xa60
0x87b47c,_ZNK20LogicCharacterServer16getCarryableDataEv,0x14
0x87b490,_ZN24DataLoaderLayeredTexture15TextureModifier20getTextFromOperationENS0_9OperationE,0x10
0x87b4a0,_ZN10NativeFont16deconstructCacheEv,0x94
0x87b534,_ZN11StreamEntry6decodeEP10ByteStream,0xc4
0x87b5f8,_ZN26LogicRankedMatchRoundStateC2Ev,0x28
0x87b620,_ZN10HomeScreen10goldCapHitEv,0xdc
0x87b6fc,_ZL28characterIteratorHasPreviousP13UCharIterator,0x10
0x87b70c,_ZN21RankedCoinFlipOverlay6updateEf,0x1bc
0x87b8c8,_ZN20LogicCharacterServer26getRandomTileOnVisionRangeEP12LogicVector2,0x190
0x87ba58,_ZN14BillingManager20lookupProductDetailsEv,0x204
0x87bc5c,_ZN9NamePopup7keyDownEi,0x8
0x87bc64,_ZN10ByteStream19writeIntToByteArrayEi,0xd0
0x87bd34,_hb_font_destroy,0xf8
0x87be2c,_ZN16ResourceListener12startLoadingEv,0x20
0x87be4c,_ZN11GameWebView8goToPageEiRK6String,0x80
0x87becc,_ZN16NameChangeScreen11nameChangedERK6String,0x90
0x87bf5c,_ZNK8CSVTable11getRowCountEv,0x8
0x87bf64,_ZNK21SectionShortcutButton19getNotificationClipEv,0x10
0x87bf74,_ZNK6icu_5817ResourceDataValue8getArrayER10UErrorCode,0x84
0x87bff8,_uenum_reset_58,0x2c
0x87c024,_ZL14stbi_info_mainP4stbiPiS1_S1_,0x1e9c
0x87dec0,_ZN23TeamSetPlayerMapMessageC2ERK9LogicLong,0x4c
0x87df0c,_ZN12scZstdFilter13setDownstreamEP10scFileImpl,0x20
0x87df2c,_ZN28RankedMatchHeroPickedMessage18getServiceNodeTypeEv,0x8
0x87df34,_ZN17GraphicProperties10setSurfaceEPv,0x38
0x87df6c,_ZN24LogicLaserMessageFactoryC2Ev,0x30
0x87df9c,_ZNKSt6__ndk110__function6__funcIZN11scTaskQueue3runIZN7GLImage6createEiiiPKh9ImageWrap11ImageFilterE3$_7EENS_13invoke_resultIT_JEE4typeESB_EUlvE_NS_9allocatorISE_EEFvvEE11target_typeEv,0xc
0x87dfa8,_ZN11StringTable8isLoadedEv,0x1c
0x87dfc4,_ZN16OutOfSyncMessage7setTickEi,0x8
0x87dfcc,_ZN14LogicPlayerMap27setFriendlyParticipantCountEi,0x8
0x87dfd4,_ZN15ResourceManager16startLoadingFileERK18scResourceLoadInfo,0x68
0x87e03c,_ZN16DeviceLinkWindow9popScreenEv,0x98
0x87e0d4,_ZN3MD56updateEPKhj,0xd8
0x87e1ac,_ZNK15LogicEffectData14isFollowParentEv,0x8
0x87e1b4,_ZN14BattleEndPopup20setupRankedModeLabelEP9MovieClipb,0x78
0x87e22c,_ZN10GameCenter14requestDetailsEiP6String19GameCenterImageTypeRKS0_,0x4
0x87e230,_ZN12CsvPatchData19getColumnTypeByNameERK6String,0x78
0x87e2a8,_ZN25AccountIdentifiersMessage6encodeEv,0x28
0x87e2d0,_ZN25AvatarOnlineStatusUpdated18getServiceNodeTypeEv,0x8
0x87e2d8,_ZNK13LogicSkinData16isUsingAnimationERK6String,0x238
0x87e510,_ZN14LoginOkMessage10setKakaoIdEP6String,0x8
0x87e518,_ZN5titan3com9supercell5titan19ApplicationUtilBase11pasteStringEv,0x70
0x87e588,_ZN9TextInput15setKeyboardTypeE12KeyboardType,0x8
0x87e590,_ZN13EffectManager15addEffectNoLoopEPK15LogicEffectDataiiibbPK14GameObjectBasebi,0x58
0x87e5e8,_ZL21getHangulSyllableTypeRK11IntPropertyi9UProperty,0x40
0x87e628,_ZNK18HomePageTeamMember19getPlayerStatusClipEv,0x9c
0x87e6c4,_ZN13FriendsScreen15updateSuggestedEf,0x28
0x87e6ec,_ZNKSt6__ndk110__function6__funcIZN19SupercellIdCallback29purchasesReceivedNotificationEP8_jobjectP13_jobjectArrayE4$_26NS_9allocatorIS7_EEFvvEE6targetERKSt9type_info,0x1c
0x87e708,_ZN17HighRateUdpPacket6encodeEP10ByteStreamii,0x4
0x87e70c,_ZN8GameMainC2Ev,0x9a60
0x88816c,_ZN17StatusChangeEntryC2EP10ByteStream,0x50
0x8881bc,_ZNK24LogicParticleEmitterData18getFadeOutDurationEv,0x10
0x8881cc,_ZN19AllianceHeaderEntry6decodeEP10ByteStream,0x104
0x8882d0,_ZN29TeamInvitationResponseMessage6encodeEv,0x44
0x888314,_Z24decompressBlockTHUMB59TcjjPhiiiii,0x238
0x88854c,_ZN5lzham12symbol_codec8get_bitsEj,0x110
0x88865c,_utrie_getData_58,0x24
0x888680,_ZN15LogicItemServer19hiddenDelayedPickupEi,0x1c
0x88869c,_ZNK17LogicSkinConfData16getSignatureAnimEv,0x10
0x8886ac,_ZN5lzham5crc32EjPKhm,0x50
0x8886fc,_ZN26RankedMatchBanEndedMessage6encodeEv,0x104
0x888800,_ZN10SWFTextureD2Ev,0x54
0x888854,_ZL17hb_ucdn_decomposeP18hb_unicode_funcs_tjPjS1_Pv,0x10
0x888864,_isPrivateuseValueSubtags,0xb4
0x888918,_ZN9CSVColumn15addBooleanValueEb,0x120
0x888a38,_ZN34SetSupportedCreatorResponseMessage6encodeEv,0x38
0x888a70,_ZNSt6__ndk110__function6__funcIZN19EnvironmentRenderer6renderER9Matrix2x3R14ColorTransformifE3$_2NS_9allocatorIS7_EEFvvEE7destroyEv,0x4
0x888a74,_u_isprintPOSIX_58,0xf0
0x888b64,_ZN14LogicJSONArray8destructEv,0x7c
0x888be0,_ZN10HomeScreen11skinChangedEv,0x44
0x888c24,_ZN30LineAccountAlreadyBoundMessage12removeLineIdEv,0x10
0x888c34,_ZN8LogicMD58completeEv,0xd8
0x888d0c,_ZThn336_N19SuggestBrawlerPopup20createCustomItemListEP14LogicArrayListIP8HeroItemE,0x8
0x888d14,_ZNK20LogicCharacterServer7isAlienEi,0x70
