address,name,size
0x6c4d78,_ZN6Effect17setSwfFadeOutTimeEi,0x8
0x6c4d80,_ZL13utf8TextCloneP5UTextPKS_aP10UErrorCode,0xa8
0x6c4e28,_ZN22KeepAliveServerMessage6decodeEv,0x4
0x6c4e2c,_ZN22CharacterEditorManager6updateEv,0x4
0x6c4e30,_ZNK8HeroList12scrollToHeroEPK18LogicCharacterData,0xec
0x6c4f1c,_ZNK10GameConfig11hasCmdParamERK6String,0x58
0x6c4f74,_ZNSt6__ndk110__function6__funcIZN11AndroidMain16onSurfaceChangedEiiE3$_1NS_9allocatorIS3_EEFvvEEclEv,0x15c
0x6c50d0,_ZN21AllianceStreamMessage6decodeEv,0x1d0
0x6c52a0,_ucase_addPropertyStarts_58,0x28
0x6c52c8,_ZN6icu_5810UnicodeSet10complementEv,0x10c
0x6c53d4,_ZNKSt6__ndk110__function6__funcIZN11scTaskQueue3runIZN7GLImage6createEPKhi9ImageWrap11ImageFilterE3$_3EENS_13invoke_resultIT_JEE4typeESB_EUlvE_NS_9allocatorISE_EEFvvEE7__cloneEPNS0_6__baseISH_EE,0x18
0x6c53ec,_ZN16DropGUIContainer23addGameSelectableButtonEPKcbP20SelectableButtonList,0xd4
0x6c54c0,_ZN21LogicAreaEffectServer16setPreyOnTheWeakEii,0x8
0x6c54c8,_ZN15MovieClipHelper12hasMovieClipERK6StringS2_,0x38
0x6c5500,_ZN15LogicStringUtil14isValidLongStrERK6Stringii,0xd0
0x6c55d0,_nti_free_formatter,0xb0
0x6c5680,_ZN12TitanWebViewD2Ev,0x58
0x6c56d8,_ZN17MatchMakingPlayer6encodeEP10ByteStream,0x50
0x6c5728,_Java_com_supercell_titan_GameApp_setTencentShareResult,0x40
0x6c5768,_ZN15ProLeagueScreen6addBtnEP16DropGUIContainerRK6String,0x40
0x6c57a8,_ZNK7PageGUI13getPageItemAtEi,0x10
0x6c57b8,_ZN7rg_etc110etc1_block11pack_color4ERKNS_13color_quad_u8Ebj,0x7c
0x6c5834,_ZN5lzham12symbol_codec22put_bits_align_to_byteEv,0x40
0x6c5874,_ZNK7SCWFile19debugPrintHierarchyEP4Node,0x5c8
0x6c5e3c,_ZN8InStream13setDecryptionEb,0xc
0x6c5e48,_ZN10HomeScreen6updateEff,0x7a0
0x6c65e8,_ZN23LogicCharacterClientOwn40stopMovementWithClientPredictionGameOverEP21LogicBattleModeClient,0x88
0x6c6670,_ZN5Stage14touchCancelledEi,0xb0
0x6c6720,_ZN11EmoteButtonD0Ev,0x50
0x6c6770,_ZN26RankedTeamSelectionManager16getCurrentPlayerEv,0x18
0x6c6788,_ZN13PlayerProfile7getStatEi,0x40
0x6c67c8,_ZN20QuickChatStreamEntry14removeTargetIdEv,0x10
0x6c67d8,_ZL13compose_indicPK31hb_ot_shape_normalize_context_tjjPj,0xb0
0x6c6888,_ZN10HomeScreen22playerThumbnailChangedEv,0x50
0x6c68d8,_ZN25AccountIdentifiersMessage18getServiceNodeTypeEv,0x8
0x6c68e0,_ZN34LogicPurchaseChallengeLivesCommand10canExecuteEPK13LogicHomeMode,0xd4
0x6c69b4,_ZN17LogicSkinConfData8setModelERK6String,0x14
0x6c69c8,_ZN18TeamChatControllerD2Ev,0x64
0x6c6a2c,_ZN9LogicDataC2EP6CSVRowP14LogicDataTable,0xb8
0x6c6ae4,_ZNK19LogicResourceBundle17isPremiumCurrencyEv,0x34
0x6c6b18,_ZN13SceneRendererC2Ev,0x5f4
0x6c710c,_JNI_OnLoad,0x28
0x6c7134,_ZN10InboxPopupC2Ei,0x2bc
0x6c73f0,_ZN17HighRateUdpSocket13sendMaxPacketEP17HighRateUdpPacket,0x158
0x6c7548,_ZNK18LogicCharacterData21getFootstepIntervalMSEv,0x10
0x6c7558,_ZN8Databind24NlohmannJsonOutReflector16reflectStringPtrEP6StringRKS1_,0xc4
0x6c761c,_ZN9Character21playAttackStartEffectEPK15LogicEffectDataS2_b,0x51c
0x6c7b38,_ZNK13LoadingScreen24isPlayingSplashAnimationEv,0x20
0x6c7b58,_ZN9sc3dWorld25updateLazyModelTransformsEv,0x68
0x6c7bc0,_ZN34FacebookAccountAlreadyBoundMessage18getServiceNodeTypeEv,0x8
0x6c7bc8,_ZN32BrawlPassAutoCollectRewardsPopup6updateEf,0x10
0x6c7bd8,_ZN13FriendsScreen18destroyFriendItemsEv,0xec
0x6c7cc4,_ZN21LogicJSONOutReflector29reflectNextReflectablePointerEPK16LogicReflectablei,0xb0
0x6c7d74,_ZN6icu_5815RBBIRuleBuilder11flattenDataEv,0x2dc
0x6c8050,_ZN15MovieClipHelper13alignToBoundsEP13DisplayObjectRK6StringRK4Rect,0x52c
0x6c857c,_ZN7SBMMesh13getFrameCountEv,0x20
0x6c859c,_ZN10TestRunner6updateEi,0x6c
0x6c8608,_ZNK12LoginMessage17getDecodedVersionEv,0x8
0x6c8610,_hb_ot_shape_glyphs_closure,0x2c8
0x6c88d8,_ZN17MovieClipModifierD2Ev,0x14
0x6c88ec,_ZNK17LogicClientAvatar15isTutorialStateEv,0x10
0x6c88fc,_ZN12SoundManager20stopSoundFromManagerEP10PlayingSFX,0x160
0x6c8a5c,_ZN18OwnHomeDataMessage33setCurrentTimeInSecondsSinceEpochEi,0x8
0x6c8a64,_ZN11LineManager16isLoadingFriendsEv,0x24
0x6c8a88,_ZN23TicketCompensationPopup13onCloseButtonEv,0x4
0x6c8a8c,_ZNK6icu_5817ResourceDataValue6getIntER10UErrorCode,0x34
0x6c8ac0,_ZN11TeamManager21validateDisabledSlotsEP9TeamEntry,0x1ec
0x6c8cac,_ZN15LogicDataTables16getUpgradiumDataEv,0xc
0x6c8cb8,_ZN25SendGlobalChatLineMessage10setMessageEP6String,0x8
0x6c8cc0,_ZN11InputSystem14removeListenerEP14IInputListener,0x16c
0x6c8e2c,_ZNK9BitStream12getByteArrayEv,0x8
0x6c8e34,_ZN14SettingsScreen23updateLineConnectButtonEP10GameButtonbb,0xa0
0x6c8ed4,_ZN35AddFriendByAvatarNameAndCodeMessage6decodeEv,0x4c
0x6c8f20,_ZN9AntiCheat18deepScanThreadFuncEv,0xb0
0x6c8fd0,_ZNK23BattleReportStreamEntry8getBuildEv,0x8
0x6c8fd8,_ZN14BattleEndPopup13buttonClickedEP12CustomButton,0x3f4
0x6c93cc,_ZN6icu_5810UnicodeSetC2Eii,0x210
0x6c95dc,_ZNK9LogicData17getIconExportNameEv,0x8
0x6c95e4,_ZN24IapDisclaimerItemHandler13buttonClickedEP12CustomButton,0x2c
0x6c9610,_ZN14BattleEndPopup12deleteHeroesEv,0x88
0x6c9698,_ZNSt6__ndk127__insertion_sort_incompleteIRZN18DataPatchGenerator24generateTextPatchForTIDsERK6StringE3$_0PNS_4pairIS2_iEEEEbT0_SA_T_,0x230
0x6c98c8,_ZN15MapEditorScreen27setEditorTileDataParametersEPK13LogicTileDataiib,0xb4
0x6c997c,_ZN12scFilesystem11addPackfileERK6scFile,0x2e8
0x6c9c64,_ZN6icu_586Locale9getCanadaEv,0x24
0x6c9c88,_ZN31PublishPlayerMapResponseMessage6decodeEv,0x48
0x6c9cd0,_ZNKSt6__ndk110__function6__funcIZN11scTaskQueue3runIZN8TestCase7touchUpEvE4$_18EENS_13invoke_resultIT_JEE4typeES7_EUlvE_NS_9allocatorISA_EEFvvEE6targetERKSt9type_info,0x1c
0x6c9cec,_ZN24AvatarStreamEntryMessage14setStreamEntryEP17AvatarStreamEntry,0x8
0x6c9cf4,_ZN9TweenClip18fastforwardToValueEf,0x88
0x6c9d7c,_ZNK11LogicPlayer11getGemsLostEv,0x3c
0x6c9db8,_ZN9InitStateC2Ev,0xe8
0x6c9ea0,_ZN20SetEncryptionMessageC2Ev,0x38
0x6c9ed8,_ZN17AllianceFullEntry8destructEv,0xd0
0x6c9fa8,_ZNSt6__ndk110__function6__funcIZN11AndroidMain22inputKeyboardDismissedEvE4$_13NS_9allocatorIS3_EEFvvEE18destroy_deallocateEv,0x4
0x6c9fac,_ZNKSt6__ndk110__function6__funcIZN11scTaskQueue3runIZN6Shader4loadEPKcS6_PS6_iE3$_0EENS_13invoke_resultIT_JEE4typeESA_EUlvE_NS_9allocatorISD_EEFvvEE11target_typeEv,0xc
0x6c9fb8,_ZN9CSVColumn16addStringValueAtERK6Stringi,0xb8
0x6ca070,_ZN8Databind23NlohmannJsonInReflector10exitObjectEv,0xc8
0x6ca138,_utext_hasMetaData_58,0xc
0x6ca144,_ZNK26LogicGameModeVariationData20getScoreOpponentTextEv,0x10
0x6ca154,_ZN15TeamJoinRequest6decodeEP10ByteStream,0x6c
0x6ca1c0,_stbi_loadf_from_file,0xc8
0x6ca288,_ZN9Messaging9reconnectEv,0x5c
0x6ca2e4,_ZNK14LogicSkillData9getSpreadEv,0x10
0x6ca2f4,_ZN19SelectLocationPopup13highlightSlotEi,0x8
0x6ca2fc,_ZNK23TitanLoginFailedMessage14getMessageTypeEv,0x8
0x6ca304,_ZN10SCIDWindow12loadResourceERK6String,0x80
0x6ca384,_ZNK24LogicParticleEmitterData10getInertiaEv,0x10
0x6ca394,_ZNKSt6__ndk110__function6__funcIZN12scFilesystem10layerAddedERKNS_10shared_ptrI17scAbstractFSLayerEEE3$_2NS_9allocatorIS8_EEFvPNS2_9IListenerEEE6targetERKSt9type_info,0x1c
0x6ca3b0,_ZN18sc3dPanPinchCamera13addAutoScrollEff,0x18
0x6ca3c8,_ZN8Debugger13memoryWarningEPKc,0xa8
0x6ca470,_ZN28RankedMatchBanStartedMessage18getServiceNodeTypeEv,0x8
0x6ca478,_ZNK8CSVSaver12getEndColumnEPK7CSVNodei,0xa8
0x6ca520,_ZN13EffectManager16addLoopingEffectEPK15LogicEffectDataiiibbPK14GameObjectBasebi,0x58
0x6ca578,_ZN10LogicGoals7getRankEi,0xac
0x6ca624,_ZN6xTimer15getPassedTimeUsEyy,0x28
0x6ca64c,_ZN11FaceTextureD2Ev,0xb0
0x6ca6fc,_ZN17LogicClientAvatar3minEii,0xc
0x6ca708,_ZNK43PurchaseSkinGroupOfferHighlightPopupHandler26sendAnalyticEventForActionERK6String,0xec
0x6ca7f4,_ZN18LogicHealthBarData12resetStaticsEPK8CSVTable,0x244
0x6caa38,_ZN10ScrollArea34enablePanningWhenAllContentVisibleEb,0xc
0x6caa44,_Java_com_supercell_titan_GameApp_setSafeMargins,0x84
0x6caac8,_ZN12RC4EncrypterD2Ev,0x10
0x6caad8,_ZN36AskForPlayingSupercellFriendsMessage18getServiceNodeTypeEv,0x8
0x6caae0,_ZN15MapEditorScreen13isSpecialTileEPK13LogicTileData,0x6c
0x6cab4c,_ZNK12BattleScreen23getTrajectoryIndicator2ERP6Sprite,0xc
0x6cab58,_ZN16ServerConnection14removeKeyValueERK6String,0x64
0x6cabbc,_ZNK20LogicCharacterClient20getCurrentChargeUpMsEv,0x8
0x6cabc4,_Xz_Free,0x38
0x6cabfc,_ZN27AskForAddableFriendsMessage14setFacebookIdsEP14LogicArrayListIP6StringE,0x8
0x6cac04,_ZN21LogicAllianceRoleData16createReferencesEv,0x1a0
0x6cada4,_hb_font_funcs_set_glyph_contour_point_func,0x8c
0x6cae30,_ZN21MapEditorModifierItemD0Ev,0x24
0x6cae54,_ZN20LogicJSONInReflector25reflectNextObjectOptionalEb,0x4
0x6cae58,_hb_buffer_create,0x5c
0x6caeb4,_ZN10HomeScreen11getConfDataEv,0x38
0x6caeec,_ZN25LogicCooldownAddedCommand6decodeEP10ByteStream,0x1c4
0x6cb0b0,_ZL13repTextAccessP5UTextla,0x28c
0x6cb33c,_ZN14BattleEndPopup17addQuestAnimationEP18SequencedExecutionii,0x4a0
0x6cb7dc,_ZNSt6__ndk110__function6__funcIZN11scTaskQueue3runIZN11AndroidMain11releaseGameEvE3$_5EENS_13invoke_resultIT_JEE4typeES7_EUlvE_NS_9allocatorISA_EEFvvEEclEv,0x40
0x6cb81c,_ZN11StringTable16getDecimalStringEfi,0xec
0x6cb908,_ZN6icu_5810CharString8truncateEi,0x20
0x6cb928,_ZN8Sprite3D11setViewportEPK13DisplayObject,0xcc
0x6cb9f4,_ZL15defaultContainsRK14BinaryPropertyi9UProperty,0x38
0x6cba2c,_ZN11hb_buffer_t9set_masksEjjjj,0x19c
0x6cbbc8,_ZN5lzham25adaptive_arith_data_modelaSERKS0_,0x138
0x6cbd00,_ZNK43PurchaseSkinGroupOfferHighlightPopupHandler35sendAnalyticEventForActionInContextERK6Stringi,0x4
0x6cbd04,_ZNK14BrawlTvManager11isBrawlTvOnEv,0x8
0x6cbd0c,_ZN15MapEditorScreen15getTileCountMinEPK13LogicTileData,0x98
0x6cbda4,_ZN17LogicClientAvatar23getOfflineAccountIDHighEv,0x8
0x6cbdac,_ZNKSt6__ndk110__function6__funcIZN11scTaskQueue3runIZN8TestCase17releaseStageTouchEvE3$_4EENS_13invoke_resultIT_JEE4typeES7_EUlvE_NS_9allocatorISA_EEFvvEE11target_typeEv,0xc
0x6cbdb8,_ZN13TextureSystem10getTextureEi,0x20
0x6cbdd8,_ZN16PlayerMapManager35refreshFetchedLocationPopupContentsEv,0x4c
0x6cbe24,_ZNK19LogicProjectileData17getFreezeDurationEv,0x8
0x6cbe2c,_ZN22AccountSwitchedMessageC2Ev,0x3c
0x6cbe68,_ZNK14LogicJSONArray10isJSONNullEi,0xc
0x6cbe74,_ZN11StageSpriteD0Ev,0x34
0x6cbea8,_ZN8Databind8Databind22registerObjectInstanceEPK14DatabindObjectPKcPv,0x368
0x6cc210,_ZN24RankedLeaderboardsScreen7setDataEP14PiranhaMessage,0x4c
0x6cc25c,_ZN9Execution9isInstantEv,0x8
0x6cc264,_ZN23OfflineFriendInviteItem9setPlayerEP12OnlinePlayer,0x3c
0x6cc2a0,_ZN16GameStateManager17constructInstanceEv,0x98
0x6cc338,_ZN23TeamSetPlayerMapMessage18getServiceNodeTypeEv,0x8
0x6cc340,_ubidi_isOrderParagraphsLTR_58,0xc
0x6cc34c,_ZNK19LogicProjectileData29getDamagesConstantlyTickDelayEv,0x8
0x6cc354,_ZN7Profile12ScopedTimingC2ENSt6__ndk112basic_stringIcNS1_11char_traitsIcEENS1_9allocatorIcEEEEPKc,0x68
0x6cc3bc,_ZN9sc3dWorld17changeObjectLayerEP15sc3dWorldObjecti,0x2d4
0x6cc690,_ZN17GameCenterManager29refreshGameCenterAchievementsEv,0xc
0x6cc69c,_ZN26ChampionshipChallengePopup6updateEf,0xa8
0x6cc744,_ZN18DecoratedTextField7replaceEP9MovieClipP9TextField,0x94
0x6cc7d8,_ZN5titan3com9supercell5titan7tencent11MSDKManagerC2EP8_jobject,0xbc
0x6cc894,_ZN19EffectPreviewButton13buttonPressedEv,0x4
0x6cc898,_ZNK20LogicCharacterClient8getSkillEPK14LogicSkillData,0x68
0x6cc900,_ZN17MapEditorTileItem7refreshEv,0x4ac
0x6ccdac,_ZN17LogicGameModeUtil10isSoloModeEi,0x1c
0x6ccdc8,_ZN25BattleReportStreamMessage6decodeEv,0x1ec
0x6ccfb4,_ZN8ItemIcon11createBadgeEv,0x94
0x6cd048,_ZNK6scPath8has_rootEv,0xa4
0x6cd0ec,_ZN10BattleModeC2Ev,0x5c
0x6cd148,_ZN14BillingManager17finishTransactionERK6StringS2_,0x1a8
0x6cd2f0,_ZNK19LogicAreaEffectData17getFreezeStrengthEv,0x8
0x6cd2f8,_ZNK21LogicBattleModeClient20isUltiReadyForClientEPK20LogicCharacterClient,0x7c
0x6cd374,_ZN14LogicMilestone11parseRewardEP12LogicRewardsiiii,0x630
0x6cd9a4,_ZN14StreamItemList16removeAllEntriesEv,0x7c
0x6cda20,_ZN10HomeScreen26skinPurchaseOptionUnlockedEPK13LogicSkinData,0x7c
0x6cda9c,_ZN11FlyParticleD0Ev,0x6c
0x6cdb08,_ZN23SCIDAccountBoundMessage6decodeEv,0x3c
0x6cdb44,_ZNK17ReplayStreamEntry13getBattleJSONEv,0x8
0x6cdb4c,_ZN3GUI10addElementENS_5LayerEP13DisplayObject,0x10
0x6cdb5c,_ZN24HighRateUdpPacketHandler13handleMessageEP14PiranhaMessageP33IHighRateUdpSocketMessageListener,0x22c
0x6cdd88,_ZN5titan7android7content3res12AssetManager6openFdERK6String,0xb4
0x6cde3c,_ZN17TeamStreamMessage6encodeEv,0xd4
0x6cdf10,_ZNK6CSVRow17getBooleanValueAtEii,0x10
0x6cdf20,_ZNK19ResetAccountMessage14getMessageTypeEv,0x8
0x6cdf28,_ZN9NameInput9okPressedEv,0x2c
0x6cdf54,_ZNK13LogicJSONNode12asJSONStringEb,0x8c
0x6cdfe0,_ZN6icu_586BMPSet8initBitsEv,0x294
0x6ce274,_ZN6icu_586Locale10getDefaultEv,0x84
0x6ce2f8,_ZN11LineManager8exitGameEv,0x40
0x6ce338,_ZN20LogicJSONInReflector9getStringEPKcRK6String,0x98
0x6ce3d0,_ZNK18scFSLayerDirectory16getVersionStringEv,0xc0
0x6ce490,_ZN11EmoteButton6updateEf,0x4c
0x6ce4dc,_ZNSt6__ndk110__function6__funcIZN19SupercellIdCallback24setPendingLoginWithPhoneEP8_jobjectRK6StringbE3$_8NS_9allocatorIS8_EEFvvEEclEv,0x14
0x6ce4f0,_ZN11hb_buffer_t18get_scratch_bufferEPj,0x28
0x6ce518,_ZN18FacebookConnection28authorizeWithReadPermissionsEv,0x4
0x6ce51c,_ZN12CustomButton19setTimelineResourceERK6StringS2_,0x30
0x6ce54c,_ZNSt6__ndk110__function6__funcIZN11scTaskQueue3runIZN8TestCase10getDoTouchEP13DisplayObjectE3$_6EENS_13invoke_resultIT_JEE4typeES9_EUlvE_NS_9allocatorISC_EEFvvEE18destroy_deallocateEv,0x4
0x6ce550,_ZN10SCIDWindow6renderER9Matrix2x3R14ColorTransformif,0x5c
0x6ce5ac,_ZNK12BattleScreen23calculateProjectilePathEP23LogicCharacterClientOwnPK14LogicSkillData7Vector3IfES6_i,0x1b10
0x6d00bc,_ZNSt6__ndk110__function6__funcIZN32NativeFacebookConnectionCallback8userInfoERK6StringE3$_3NS_9allocatorIS6_EEFvvEED2Ev,0x44
0x6d0100,_hb_font_get_nominal_glyph,0x20
0x6d0120,_ZN11AndroidMain8mainLoopEv,0xf4
0x6d0214,_ZN19GameSCIDAvatarImage10setGLImageEP7GLImage,0x44
0x6d0258,_ZN15LogicDataTables18getLaserBallEffectEv,0xc
0x6d0264,_ZN11SoundSystem11unloadSoundEj,0x108
0x6d036c,_ZN23CombiningCustomRenderer6renderER11RenderQueuePKNS0_5ChunkEiP8MaterialNS0_12OverrideModeENS0_14DepthWriteModeE,0x1dc
0x6d0548,_ZN20LogicCharacterServer17giveElectrocutionEiiiiiii,0x4
0x6d054c,_ZNK14StreamItemList17getUsedAreaHeightEv,0x3c
0x6d0588,_ZNK17LogicSkinConfData28getBossAutoAttackRecoilAnim2Ev,0x10
0x6d0598,_ZNKSt6__ndk110__function6__funcIZN29scMultithreadedLoadingManager18initResourceThreadEvE3$_2NS_9allocatorIS3_EEFvvEE7__cloneEv,0x40
0x6d05d8,_ZN15AllianceManager17clearSeenStatusesEv,0x17c
0x6d0754,_ZNK4Mesh9drawChunkEi,0x70
0x6d07c4,_Java_com_supercell_titan_GameApp_nOnStop,0x88
0x6d084c,_ZNK17HighRateUdpSocket7getPingEv,0x14
0x6d0860,_ZNK12LogicTileMap7getTileEii,0x40
0x6d08a0,_ZN11wendelstein20MovieClipEmitterData7reflectERN8Databind9ReflectorEP16ResourceListener,0x3d4
0x6d0c74,_ZN13UITextHandlerD2Ev,0x5c
0x6d0cd0,_ZN17OnlineTeamupPopup16isTeamChatMuteOnEv,0x54
0x6d0d24,_ZNK19AllianceHeaderEntry15getAllianceNameEv,0x8
0x6d0d2c,_ZNK14LogicCondition8toStringEv,0x10
0x6d0d3c,_ZN9BitStream12readIntMax31Ev,0x16c
0x6d0ea8,_ZL14getJoiningTypeRK11IntPropertyi9UProperty,0x24
0x6d0ecc,_ZNK28LogicClaimDailyRewardCommand6encodeEP15ChecksumEncoder,0x48
0x6d0f14,_ZNK8LogicMD59getDigestEv,0x8
0x6d0f1c,_ZN9EntryInfo10isUnlockedEv,0x48
0x6d0f64,_ZNK34LogicBrawlPassSeasonChangedCommand6encodeEP15ChecksumEncoder,0x50
0x6d0fb4,_lzham_compress_memory,0x4
0x6d0fb8,_ZNK26AppleBillingRequestMessage15getCurrencyCodeEv,0x8
0x6d0fc0,_ZN25KickAllianceMemberMessage17setMemberAvatarIdEP9LogicLong,0x8
0x6d0fc8,_ZNK13LogicCardData9getRarityEPK13LogicHomeMode,0x60
0x6d1028,_ZN21LogicCompressedString3setEPK6String,0x64
0x6d108c,_ZN5titan3com9supercell5titan21NativeFacebookManager11jniIsLoggedEv,0x5c
0x6d10e8,_ZN6icu_5822RuleBasedBreakIterator7setTextEP5UTextR10UErrorCode,0xf0
0x6d11d8,_ZN6icu_5818BurmeseBreakEngineC2EPNS_17DictionaryMatcherER10UErrorCode,0x18c
0x6d1364,_Sha256_WriteByteBlock,0x4c8
0x6d182c,_ZNK19AllianceListMessage14getMessageTypeEv,0x8
0x6d1834,_ZN19SupercellIdCallback40createScidShopProductsFromIdShopProductsEP13_jobjectArray,0x15c
0x6d1990,_ZN25TuneBrawlTvChannelMessage6decodeEv,0x3c
0x6d19cc,_ZN19LogicAreaEffectData39getBoolValueForSkinFromParentAreaEffectEi,0x18
0x6d19e4,_ZN9PopupBase13setCloseSoundEPK14LogicSoundData,0x8
0x6d19ec,_nti_surface_create,0x4c
0x6d1a38,_ZN20SetEncryptionMessage8destructEv,0x34
0x6d1a6c,_ZN15LogicItemServer4tickEv,0x197c
0x6d33e8,_ZN35GetAllianceInviteTokenResultMessage11removeTokenEv,0x10
0x6d33f8,_ZN10ByteStream10writeShortEi,0xa4
0x6d349c,_ZN9MovieClip18getFrameDataLengthEPK14MovieClipFramei,0x18
0x6d34b4,_ZN9HTTPQueue17isDownloadingFileERK6StringS2_,0x70
0x6d3524,_ZN32AskForPlayingKakaoFriendsMessage14removeKakaoIdsEv,0x10
0x6d3534,_ZNK18LogicAccessoryData18getStopPetForDelayEv,0x10
0x6d3544,_ZN37JoinAllianceResponseAvatarStreamEntry6decodeEP10ByteStream,0xbc
0x6d3600,_ZN10EmotePanel7refreshEb,0xb90
0x6d4190,_ZN8HomeMode4drawEv,0x4
0x6d4194,_ZNSt6__ndk110__function6__funcIZN11scTaskQueue3runIZN8TestCase9moveTouchER5TouchS5_S5_fE3$_7EENS_13invoke_resultIT_JEE4typeES9_EUlvE_NS_9allocatorISC_EEFvvEEclEv,0x40
0x6d41d4,_ZN9InboxItem13buttonClickedEP12CustomButton,0x48c
0x6d4660,_ZNK25LogicDiamondsAddedCommand14getCommandTypeEv,0x8
0x6d4668,_ZN15AllianceManager23doStartReplayByStringIdE6String,0xdc
0x6d4744,_ZNK6icu_5817ResourceDataValue14getAliasStringERiR10UErrorCode,0x64
0x6d47a8,_ZN6icu_5815RBBIDataWrapper4initEPKNS_14RBBIDataHeaderER10UErrorCode,0x12c
0x6d48d4,_ZN10HTTPClient12downloadFileERK6StringS2_S2_,0x5c
0x6d4930,_ZNKSt6__ndk110__function6__funcIZN8TestCase18swipeAllDirectionsEP13DisplayObjectE4$_23NS_9allocatorIS5_EEFbvEE6targetERKSt9type_info,0x1c
0x6d494c,_ZN27DonationReceivedStreamEntry8destructEv,0x24
0x6d4970,_ZN6Friend11setFullNameERK6String,0xe8
0x6d4a58,_ZN8Skeleton16updateBoneMatrixEPNS_4BoneE,0xcc
0x6d4b24,_ZNK7Offline23getOfflineLocationIndexEv,0x80
0x6d4ba4,_ZN31SkinPurchaseOptionDonationPopupD0Ev,0x84
0x6d4c28,_ZN6icu_5815RBBISymbolTableD0Ev,0x48
0x6d4c70,_ZNK5Scene11getMeshNodeEi,0x14
0x6d4c84,_ZL25characterIteratorGetStatePK13UCharIterator,0xc
0x6d4c90,_ZN5tween7Tweener11addListenerEPNS_15TweenerListenerE,0x54
0x6d4ce4,_ZN36LogicTeamChatMuteStateChangedCommand7executeEP13LogicHomeModeib,0x74
0x6d4d58,_ZNK17OnlineFriendsList19instantClosePopoverEv,0x8
0x6d4d60,_ZN10SWFTexture4loadEP12SupercellSWFbibbbbRK6String,0xb20
0x6d5880,_ZN19SupercellIdCallback9getConfigEP8_jobject,0x454
0x6d5cd4,_ZNK6Sprite18hitAreaVisibleTestERK9Matrix2x3,0x168
0x6d5e3c,_ZNK6icu_5810UnicodeSet13findCodePointEi,0x64
0x6d5ea0,_ZNK15LogicLocaleData21getLaserboxEsportsUrlEv,0x48
0x6d5ee8,_ZN12_GLOBAL__N_123LaserEmitterDataFactoryD0Ev,0x4
0x6d5eec,_ZN15LogicJSONHelper6setIntEP15LogicJSONObjectRK6Stringi,0x54
0x6d5f40,_ZN10HomeScreen18notEnoughResourcesEPK17LogicResourceDataiP12LogicCommandb,0x4
0x6d5f44,_ZN11StringTable11replaceTextEP13DisplayObjectPK9MovieClip,0x124
0x6d6068,_ZN20LogicRawOutReflector20reflectStringBuilderER13StringBuilderPKc,0x4c
0x6d60b4,_ZN8GameMain17setCachedLocationERK6String,0x68
0x6d611c,_ZNK22TeamPremadeChatMessage14getMessageDataEv,0x8
0x6d6124,_ZNSt6__ndk110__function6__funcIZN11scTaskQueue3runIZN7GLImage6createEPKhi9ImageWrap11ImageFilterE3$_5EENS_13invoke_resultIT_JEE4typeESB_EUlvE_NS_9allocatorISE_EEFvvEED0Ev,0x4
0x6d6128,_ZN15EmojiStreamItem12refreshEntryEP11StreamEntry,0x34
0x6d615c,_ZN23PublishPlayerMapMessage8setMapIdERK9LogicLong,0xc
0x6d6168,_ZNK26LogicMersenneTwisterRandom6encodeEP15ChecksumEncoder,0x60
0x6d61c8,_ZThn96_N11GameWebView20webviewDidFinishLoadERK6String,0x8
0x6d61d0,_ZN17UnlockAccountMenuC2Ev,0x2e8
0x6d64b8,_ZN17ClientInfoMessage6decodeEv,0x34
0x6d64ec,_ucln_common_registerCleanup_58,0x44
0x6d6530,_ZNK18TeamChatController11getNewCountEv,0x3c
0x6d656c,_ZNSt6__ndk110__function6__funcIZN11scTaskQueue3runIZN7SCWFile4loadER12SCWFileInputE3$_0EENS_13invoke_resultIT_JEE4typeES9_EUlvE_NS_9allocatorISC_EEFvvEEclEv,0x40
0x6d65ac,_ZN9BitStream26readPositiveIntMax16777215Ev,0x6c
0x6d6618,_ZN37YoozooBillingProcessedByServerMessage8destructEv,0x50
0x6d6668,_ZN8Databind11getInstanceEv,0x94
0x6d66fc,_ZNK22LogicLocationThemeData25getFragileSCW_CN_OverrideEi,0x18
0x6d6714,_ZNK20LogicBattlePlayerMap8getMapIdEv,0x4
0x6d6718,_ZN9TextField28resetOriginalStringParameterEv,0x18
0x6d6730,_ZNK23AllianceResponseMessage14getMessageTypeEv,0x8
0x6d6738,_ZN15AllianceManager17setFeaturedPlayerEP12OnlinePlayer,0x68
0x6d67a0,_ZNK29LogicToggleInGameHintsCommand14getCommandTypeEv,0x8
0x6d67a8,_ZN21DisplayObjectOriginalD2Ev,0x10
0x6d67b8,_ZN4Mesh10setIndicesEijPKcPNS_5ChunkEi,0x14c
0x6d6904,_ZNK3GUI10getPopoverEv,0x8
0x6d690c,_ZN25AvatarOnlineStatusUpdatedC2Ev,0x38
0x6d6944,_ZN21LogicBattleModeServer9tickSiegeEv,0x4
0x6d6948,_ZN10BadgePopupD0Ev,0x24
0x6d696c,_ZN10SCTuneImpl9onConnectEP10Connection,0x1c
0x6d6988,_inflateBackEnd,0x48
0x6d69d0,_ZThn192_NK24RankedLeaderboardsScreen11getListTypeEv,0x14
0x6d69e4,_ZN6icu_589UVector3215removeElementAtEi,0x44
0x6d6a28,_hb_ot_layout_language_get_feature_tags,0x2c8
0x6d6cf0,_ZNK22LogicSelectSkinCommand6encodeEP15ChecksumEncoder,0x2c
0x6d6d1c,_ZN21LogicBattleModeServer15tickProtectKingEv,0x4
0x6d6d20,_ZNK26RankedTeamSelectionManager8isMyPickEv,0x78
0x6d6d98,_ZNK14LogicSkillData9getDamageEv,0x10
0x6d6da8,_ZN22ChronosResourceManager17addResourceFolderEP21ChronosResourceFolder,0x23c
0x6d6fe4,_ZN7SBMMesh10hasNormalsEv,0x1c
0x6d7000,_ZNSt6__ndk110__function6__funcIZN19SupercellIdCallback24clearPendingRegistrationEP8_jobjectE3$_5NS_9allocatorIS5_EEFvvEEclEv,0x28
0x6d7028,_ZN14TencentManager10shareImageERKiS1_PKhS1_,0x1b4
0x6d71dc,_ZNK14LogicSkillData21getVisualCastingRangeEv,0x10
0x6d71ec,_ZNSt6__ndk110__function6__funcIZN19SupercellIdCallback20connectedGamesFailedEP8_jobjectE4$_17NS_9allocatorIS5_EEFvvEEclEv,0x28
0x6d7214,_ZN14StreamItemList17clearLastSeenItemEv,0x40
0x6d7254,_ZNK18LogicGemBundleData21isAvailableAtTownHallEi,0x34
0x6d7288,_ZN30JoinRequestAllianceStreamEntry10setMessageEP6String,0x8
0x6d7290,_ZN18QuitMapEditorPopup6updateEf,0x4
0x6d7294,_ZNK20LogicBattlePlayerMap18hasPlayerSignedOffEPK9LogicLong,0x74
0x6d7308,_ZN29scMultithreadedLoadingManager6submitEP14scResourceDataRK18scResourceLoadInfo,0x514
0x6d781c,_ZN16ByteStreamHelper19readObjectRunningIdEP9BitStreami,0x28
0x6d7844,_ZN20UnlockAccountMessage22removeSupercellIDTokenEv,0x10
0x6d7854,_ZNK11LogicPlayer20getHighestKillStreakEv,0x3c
0x6d7890,_ZN15LogicDataTables22getLaserBallEffectUltiEv,0xc
0x6d789c,_ZN14BlingTextField6renderER9Matrix2x3R14ColorTransformif,0x258
0x6d7af4,_Java_com_supercell_titan_GameApp_logDebuggerException,0x34
0x6d7b28,_ZNK8CSVTable11getRowIndexEP6CSVRow,0x34
0x6d7b5c,_ZN27ReportAllianceStreamMessageC2Ei,0x30
0x6d7b8c,_ZNK22scSkipFileHeaderFilter4sizeEv,0x34
0x6d7bc0,_ZNK21LogicGameObjectServer6encodeEP9BitStreami,0x1d0
0x6d7d90,_ZN11BasePageGUIC2Effffi,0x10c
0x6d7e9c,_ZN17HighscoreHeroListD0Ev,0x24
0x6d7ec0,_ZN14LogicDataTable10createItemEP6CSVRow,0x664
0x6d8524,_ZN7SCWFile15getMergedJointsEv,0x2c
0x6d8550,_ZN28BindGamecenterAccountMessage15setGamecenterIdEP6String,0x8
0x6d8558,_ZNK20CreateAccountMessage14getMessageTypeEv,0x8
0x6d8560,_ZN14LogicDailyData10addNewItemEPK13LogicCardData,0x13c
0x6d869c,_ZNK6scPath9make_pathEv,0x198
0x6d8834,_ZN8SkinItemC2EP10GameButtonPK13LogicSkinData,0x14
0x6d8848,_ZN14LoginOkMessage28removeYoozooPayNotifyUrlTypeEv,0x10
0x6d8858,_ZN8InStream9readFloatEv,0x18
0x6d8870,_ZN20LogicJSONInReflector12getArraySizeEv,0x34
0x6d88a4,_ZN27LogicDeviceLinkErrorMessage12setErrorCodeEi,0x8
0x6d88ac,_Z11getRandSeedv,0xc
0x6d88b8,_ZN16ByteStreamHelper11readIntListEP10ByteStreami,0x258
0x6d8b10,_MatchFinder_CreateVTable,0xb4
0x6d8bc4,_ZN15AllianceManager8getTeamsEib,0x388
0x6d8f4c,_ZN18LogicAnimationData25setupRowWithDefaultValuesEP6CSVRowRK6StringS4_,0x22c
0x6d9178,_ZNK12RenderSystem19getDownTilesVisibleEv,0x88
0x6d9200,_ZNKSt6__ndk110__function6__funcIZN11scTaskQueue3runIZN24DataLoaderLayeredTexture4loadEPKcRKNS_5arrayIiLm4EEEE3$_1EENS_13invoke_resultIT_JEE4typeESD_EUlvE_NS_9allocatorISG_EEFvvEE7__cloneEPNS0_6__baseISJ_EE,0x18
0x6d9218,_ZN15DoubleCoinsItem13markInspectedEv,0x38
0x6d9250,_ZN15ParticleEmitter8setScaleEf,0x20
0x6d9270,_ZNK22MatchmakeFailedMessage14getMessageTypeEv,0x8
0x6d9278,_ZN9BitStream25writePositiveIntMax524287Ei,0x8
0x6d9280,_ZN18LogicPlayerMapUtil13isOverlappingEPK12LogicTileMapPK13LogicTileDataiiii,0xf4
0x6d9374,_ZN17EventDetailsPopup4initEP12LocationInfo,0xb3c
0x6d9eb0,_ZN17MapPreviewMessage8destructEv,0x24
0x6d9ed4,_ZN18PreRenderedTexture22setClipToScreenEnabledEb,0xc
0x6d9ee0,_ZN19LogicLevelUpCommandC2EPK18LogicCharacterData,0x34
0x6d9f14,_ZL6SzFreePvS_,0x10
0x6d9f24,_ZL13isJoinControlRK14BinaryPropertyi9UProperty,0x24
0x6d9f48,_ZN10StringViewC2EPKcii,0x10
0x6d9f58,_ZNK19LogicAreaEffectData14getCustomValueEv,0x8
0x6d9f60,_ZN18DataPatchGenerator17generateSkinPatchERK6String,0x56c
0x6da4cc,_ZN5titan3com9supercell5titan19GoogleServiceClient11getPlayerIdEv,0x7c
0x6da548,_ZN14TitanOutStream9writeBoolEb,0x14
0x6da55c,_ZN21LogicGameObjectServer26removeGameObjectReferencesEPKS_i,0x4
0x6da560,_ZN6icu_5822UCharCharacterIterator6next32Ev,0xb0
0x6da610,_hb_ot_tag_to_script,0x1bc
0x6da7cc,_ZN15sc3dWorldObject8setEulerERK7Vector3IfE,0xc4
0x6da890,_ZN16AllianceSettings8showInfoEv,0xb8
0x6da948,_ZNK21LogicAreaEffectClient27hasDelayedExplosionExplodedEv,0x8
0x6da950,_ZNK29AllianceMailAvatarStreamEntry15getAllianceNameEv,0x8
0x6da958,_ZN12RenderSystem16setLocationThemeEPK17LogicLocationDataPK20LogicBattlePlayerMap,0x284
0x6dabdc,_ZN13TextureSystem9AtlasItem10getTextureERK6String,0xc8
0x6daca4,_ZN17GameCenterManager6updateEf,0x60
0x6dad04,_ZN8Material9getShaderERK6String,0x30
0x6dad34,_ZN6icu_5816KhmerBreakEngineC2EPNS_17DictionaryMatcherER10UErrorCode,0x198
0x6daecc,_ZN17AllianceTeamEntry16refreshSortScoreEv,0x154
0x6db020,_ZN37GoogleBillingProcessedByServerMessage6setTIDERK6String,0x8
0x6db028,_res_getBinary_58,0x50
0x6db078,_ZN20LogicCharacterServer12setMaxHealthEi,0xc
0x6db084,_ZNK21LogicGameObjectServer9getPlayerEv,0x40
0x6db0c4,_Z12heroSkinSortPK13LogicSkinDataS1_,0xd0
0x6db194,_ZN20SelectableButtonList17selectButtonIndexEi,0xd0
0x6db264,_ZNKSt6__ndk110__function6__funcIZN19SupercellIdCallback12setShopItemsEP8_jobjectP13_jobjectArrayS6_S6_E4$_21NS_9allocatorIS7_EEFvvEE6targetERKSt9type_info,0x1c
0x6db280,_ZN25RuntimeGeneratedExecution6updateEf,0xa4
0x6db324,_ubidi_getParagraphByIndex_58,0x114
0x6db438,_ZN6icu_586Locale5getUSEv,0x24
0x6db45c,_ZNK19GetBattleLogMessage14getMessageTypeEv,0x8
0x6db464,_ZNK24LogicBillingPackagesData16getCurrencyInUSDEv,0x8
0x6db46c,_ZNSt6__ndk110__function6__funcIZN12RenderSystem24startEffectManagerUpdateEfE3$_0NS_9allocatorIS3_EEFvvEED0Ev,0x4
0x6db470,_ZN12CustomButton18updateTimelineClipEP9MovieClipi,0x118
0x6db588,_ZN18AllianceWarFaction6decodeEP10ByteStream,0x48
0x6db5d0,_ZN30CreatePlayerMapResponseMessage12setErrorCodeEi,0x8
0x6db5d8,_ZN18FacebookConnection10canPublishEv,0x4
0x6db5dc,_ZN15LogicDataTables31getHealWithMainAttackAreaEffectEv,0xc
0x6db5e8,_ZN5titan3com9supercell2id14IdShopDonation5getIdEv,0x7c
0x6db664,_ZNK24LogicBillingPackagesData17findBestValueTypeEv,0x30
0x6db694,_ZN31LogicRankedMatchResultDebugInfo8destructEv,0xc
0x6db6a0,_ZThn8_N24IapDisclaimerItemHandler13buttonClickedEP12CustomButton,0x2c
0x6db6cc,_ZN3GUI20resizeToScreenHeightEP13DisplayObject,0x88
0x6db754,_ZNK28LogicLongToCodeConverterUtil6toCodeERK9LogicLong,0xa4
0x6db7f8,_ZN5Items19getHeroDisplayLevelEPK18LogicCharacterData,0x2c
0x6db824,_ZN15LogicDataTables22getWeaklyStunnedEffectEv,0xc
0x6db830,_ZN25TeamSetMemberReadyMessage6encodeEv,0x38
0x6db868,_ZN13TextureSystem16loadTextureAtlasEPKcP13TitanInStream9ImageWrap11ImageFilter,0x68
0x6db8d0,_ZNK29TeamRequestJoinApproveMessage14getMessageTypeEv,0x8
0x6db8d8,_ZN20UILocalizedTextParamD0Ev,0x5c
0x6db934,_ZN9OutStream8writeUTFEP6String,0x1b8
0x6dbaec,_hb_font_reference,0x1c
0x6dbb08,_ZN8Databind24NlohmannJsonOutReflector13reflectStringERK6StringS3_S3_,0x34
0x6dbb3c,_ZNKSt6__ndk110__function6__funcIZN11scTaskQueue3runIZN8TestCase17getVisibleButtonsEvE3$_3EENS_13invoke_resultIT_JEE4typeES7_EUlvE_NS_9allocatorISA_EEFvvEE6targetERKSt9type_info,0x1c
0x6dbb58,_ZN21MagicSelectableButtonD0Ev,0x24
0x6dbb7c,_ZN22LogicDataTableResourceC2ERK6Stringii,0x68
0x6dbbe4,_ZNK19LogicProjectileData15canGrowStrongerEv,0x8
0x6dbbec,_ZN5Stage12childRemovedEPK6SpritePK13DisplayObject,0x60
0x6dbc4c,_ZN4Shop17setStarPointPriceEP9MovieClipi,0xb4
0x6dbd00,_ZN15ResourceManager20enableLowResSWFCheckERK6String,0x2c
0x6dbd2c,_ZN8Animator12addAnimationEPK8SkeletonPK7SCWFileiff,0x190
0x6dbebc,_ZN17HighscoreHeroList11getIndexForEPK18LogicCharacterData,0x3c
0x6dbef8,_ZN6Friend10setKakaoIdERK6String,0x8
0x6dbf00,_ZN8HomePage14refreshProfileEv,0x8
0x6dbf08,_ZN11wendelstein20MovieClipEmitterDataC2Ev,0xdc
0x6dbfe4,_ZNKSt6__ndk110__function6__funcIZN11AndroidMain23startedFromNotificationERK6StringE3$_8NS_9allocatorIS6_EEFvvEE6targetERKSt9type_info,0x1c
0x6dc000,_ZN21GetLeaderboardMessageC2Ev,0x40
0x6dc040,_ZNSt6__ndk110__function6__funcIZN19EnvironmentRenderer6renderER9Matrix2x3R14ColorTransformifE3$_9NS_9allocatorIS7_EEFvvEED0Ev,0x4
0x6dc044,_ZN18LogicAnimationData17setTransitionInMsEi,0x80
0x6dc0c4,_ZN26OfferPurchaseQuestionPopup27refreshPurchaseAvailabilityEv,0x88
0x6dc14c,_ZN20LogicCharacterServer13activateSkillEPK14LogicSkillDataii,0x130
0x6dc27c,_ZN9MovieClipC2Ev,0x48
0x6dc2c4,_ZN12GemOfferItemC2EPK13LogicGemOfferiP9MovieClip,0x1794
0x6dda58,_ZN7SCWFile16addFileReferenceERK6String,0x148
0x6ddba0,_ZN15ParticleEmitter8setAngleEi,0x3c
0x6ddbdc,_ZN14BillingManager22billingProductDeferredERK6Stringb,0x120
0x6ddcfc,_ZN34AskForJoinableAlliancesListMessageC2Ev,0x30
0x6ddd2c,_ZN15LogicPathFinder11isCollisionEiiibb,0x38
0x6ddd64,_ZN16YoozooLoginState4exitEv,0x4
0x6ddd68,_ZN16DropGUIContainer28putLocalizedTIDsToTextFieldsEP9MovieClip,0x11c
0x6dde84,_ZNK24FriendSuggestionsMessage14getMessageTypeEv,0x8
0x6dde8c,_ZNK8GameMain23isAnyLoginModeSupportedEv,0x50
0x6ddedc,_ZN17TopResourceButton9canUpdateEf,0xac
0x6ddf88,_udata_swapInvStringBlock_58,0x110
0x6de098,_ZN12RenderTarget4initEii,0x4f4
0x6de58c,_ZNK22SubmitPlayerMapMessage14getMessageTypeEv,0x8
0x6de594,_ZN29LogicReflectableReferenceBase5clearEv,0x10
0x6de5a4,_ZNK6icu_5810UnicodeSet8containsEi,0xa8
0x6de64c,_ZN17LogicGamePlayUtil8radToDegEf,0x14
0x6de660,_ZNK18LogicCharacterData9getRedMulEv,0x10
0x6de670,_ZN15LaserBoxManager14updateManifestEb,0xac
0x6de71c,_ZN13QuestionPopUpC2Ei,0x118
0x6de834,_ZN16YoozooLoginState13buttonClickedEP12CustomButton,0x2fc
0x6deb30,_ZN11ContextMenu13togglePopoverEPK9LogicLongS2_RK6StringP13DisplayObjectbbbfbb,0x354
0x6dee84,_ZN9EntryInfo11modalTappedEv,0xc
0x6dee90,_ZThn96_N16AllianceSettings13buttonClickedEP12CustomButton,0x8
0x6dee98,_ZNK6icu_5810UCharsTrie13getNextUCharsERNS_10AppendableE,0xd8
0x6def70,_ZN6icu_5811ICU_Utility9parseCharERKNS_13UnicodeStringERit,0xec
0x6df05c,_ZNK27LogicChangeResourcesCommand14getCommandTypeEv,0x8
0x6df064,_ZN12LoginMessage10setAndroidEb,0xc
0x6df070,_ZNK6icu_5813ParsePosition5cloneEv,0x40
0x6df0b0,_ZNKSt6__ndk110__function6__funcIZN12scFilesystem12layerRemovedERKNS_10shared_ptrI17scAbstractFSLayerEEE3$_3NS_9allocatorIS8_EEFvPNS2_9IListenerEEE7__cloneEv,0x58
0x6df108,_ZNK6Sprite11hitAreaTestERK9Matrix2x3,0x168
0x6df270,_ZNK18LogicCharacterData9getSpreadEv,0x8
0x6df278,_ZN9UdpPacket25clearMessagesDontDestructEv,0x8
0x6df280,_ZN8GameMain26showAccountMigrationDialogERK6StringiS2_,0x68
0x6df2e8,_ZN11EmotesPopup13refreshEmotesEv,0xc
0x6df2f4,_ZL30hb_unicode_eastasian_width_nilP18hb_unicode_funcs_tjPv,0x8
0x6df2fc,_ZNKSt6__ndk110__function6__funcIZN19EnvironmentRenderer6renderER9Matrix2x3R14ColorTransformifE3$_9NS_9allocatorIS7_EEFvvEE7__cloneEPNS0_6__baseISA_EE,0x20
0x6df31c,_stbi_zlib_decode_buffer,0x5c
0x6df378,_ZNK11ContextMenu17isButtonGrayedOutENS_10ButtonTypeE,0x7c
0x6df3f4,_ZNKSt6__ndk110__function6__funcIZN19SupercellIdCallback24clearPendingRegistrationEP8_jobjectE3$_5NS_9allocatorIS5_EEFvvEE7__cloneEPNS0_6__baseIS8_EE,0x18
0x6df40c,_ZN13StringBuilderC2Ei,0x40
0x6df44c,_ZN15MovieClipHelper30setTextFieldVerticallyCenteredEP9TextField,0x2c
0x6df478,_ZN10GameCenterC2Ev,0x8
0x6df480,_ZNK34ChangePlayerMapNameResponseMessage12getErrorCodeEv,0x8
0x6df488,_ZN5lzham17lzham_lib_z_crc32EmPKhm,0x18
0x6df4a0,_ZN33TencentCheckCanPayResponseMessage8destructEv,0xac
0x6df54c,_ZN13SettingsPopup6updateEf,0x64
0x6df5b0,_ZNK18LogicCharacterData10getShadowYEv,0x8
0x6df5b8,_ZNK12LoginMessage29getCompressedSupercellIdTokenEv,0x8
0x6df5c0,_ZN16DataLoaderShaderC2Ev,0xac
0x6df66c,_ZNK14MessageManager16urlArrayToVectorEP14LogicArrayListIP6StringE,0x114
0x6df780,_ZNK12BattleScreen20getMoveStickEditingXEv,0x10
0x6df790,_ZN12InputTouches14getTouchWithIdEjRiS0_S0_,0x2c
0x6df7bc,_ZNK3GUI19getDeviceLinkWindowEv,0x98
0x6df854,_ZNKSt6__ndk110__function6__funcIZN32NativeFacebookConnectionCallback6logoutEvE3$_6NS_9allocatorIS3_EEFvvEE6targetERKSt9type_info,0x1c
0x6df870,_ZN18LoginFailedMessage29removeResourceFingerprintDataEv,0x10
0x6df880,_ZN10GameCenter14requestFriendsEv,0x4
0x6df884,_ZN5lzham27lzham_lib_decompress_reinitEPvPK23lzham_decompress_params,0x250
0x6dfad4,_ZL9pack25519PhPKx,0x38
0x6dfb0c,_sub_6DFB0C,0x1f18
0x6e1a24,_ZN28BindGamecenterAccountMessage6encodeEv,0x80
0x6e1aa4,_ZNK38TencentBillingProcessedByServerMessage9getProdIdEv,0x8
0x6e1aac,_ZN17ResourceReferenceD2Ev,0x4c
0x6e1af8,_ures_getIntVector_58,0x5c
0x6e1b54,_ZNK12LogicBitList15getIntArraySizeEv,0x8
0x6e1b5c,_ZN12GUIContainer13setNumberTextEPKcib,0xa0
0x6e1bfc,_ZN36LogicTeamChatMuteStateChangedCommand8destructEv,0x24
0x6e1c20,_ZNK14LogicSoundData11getMaxPitchEi,0x18
0x6e1c38,_ZN5titan3com9supercell5titan11SupercellId5closeEv,0x7c
0x6e1cb4,_ZNK29HomeBattleReplayViewedMessage14getMessageTypeEv,0x8
0x6e1cbc,_ZN10SCTuneImpl11pushMessageERK6String,0x5c
0x6e1d18,_ZNSt6__ndk110__function6__funcIZN19EnvironmentRenderer6renderER9Matrix2x3R14ColorTransformifE3$_8NS_9allocatorIS7_EEFvvEE18destroy_deallocateEv,0x4
0x6e1d1c,_ZN26LogicDeviceLinkDoneMessage12setAccountIdEii,0x8
0x6e1d24,_ZN15LogicDataTables25getLaserBallCatchedEffectEv,0xc
0x6e1d30,_ZN17LocalNotification15addNotificationE21LocalNotificationData,0x74
0x6e1da4,_ZN31SinglePlayerMatchRequestMessage6encodeEv,0x44
0x6e1de8,_ZN13SceneRenderer6renderER9Matrix2x3R14ColorTransformif,0xf7c
0x6e2d64,_ZN12BattleScreen19handleTouchReleasedERK5Touch,0x674
0x6e33d8,_ZNK17scCryptoBoxFilter4tellEv,0x8
0x6e33e0,_ZN8Camera3D4readER12SCWFileInput,0x84
0x6e3464,_ZNK14UdpLaserSocket7getPingEv,0x8
0x6e346c,_ZN10VertexAttr7getNameENS_4EnumE,0x10
0x6e347c,_ZNK18LogicCharacterData18getTakeDamageSoundEPK13LogicSkinData,0x44
0x6e34c0,_ZN22SearchAlliancesMessage8destructEv,0x5c
0x6e351c,_ZNK28LogicSeasonalSkinSectionData25getShopItemCharacterCountEv,0xc
0x6e3528,_ZN11SCIDWebView8callbackERK6StringP13LogicJSONNodeS2_,0x128
0x6e3650,_ZNK16PlayerMapManager27getMadePlayerDraftMapsCountEv,0x7c
0x6e36cc,_ZN11PowerUpInfo7setDataEib,0x190
0x6e385c,_ZN20HashTagCodeGenerator4toIdERK6String,0xf4
0x6e398c,_ZNKSt6__ndk110__function6__funcIZN19SupercellIdCallback31setPendingRegistrationWithEmailEP8_jobjectRK6StringbE3$_9NS_9allocatorIS8_EEFvvEE7__cloneEPNS0_6__baseISB_EE,0x48
0x6e39d4,_u_getVersion_58,0xc4
0x6e3a98,_ZN12LocationItem19refreshSubQuestIconEP10GameButtoni,0xc4
0x6e3b5c,_ZThn336_N23OfflineFriendInviteItem13buttonClickedEP12CustomButton,0x7c
0x6e3bd8,_ZNK6icu_5823UCharsDictionaryMatcher7matchesEP5UTextiiPiS3_S3_S3_,0x1e8
0x6e3dc0,_ZN20LogicCharacterServer20markItemPickedUpTickEi,0x8
0x6e3dc8,_ZN23FriendListUpdateMessage17removeFriendEntryEv,0x10
0x6e3dd8,_ZN23FriendListUpdateMessage14setFriendEntryEP11FriendEntry,0x8
0x6e3de0,_ZNK16LogicOfferBundle15isSoloHeroOfferEv,0x2c
0x6e3e0c,_ZNKSt6__ndk110__function6__funcIZN24DataLoaderLayeredTexture4loadEPKcRKNS_5arrayIiLm4EEEE3$_1NS_9allocatorIS9_EEFjvEE7__cloneEv,0x40
0x6e3e4c,_ZZN11Application17getReferrerValuesEvEN23InstallReferrerListenerD0Ev,0x24
0x6e3e70,_ZN8xPlane3fC2ERK7Vector3IfES3_,0x34
0x6e3ea4,_ZN24LogicSetPlayerAgeCommandC2Ev,0x30
0x6e3ed4,_ZThn336_N9NamePopup11showWarningERK6String,0x40
0x6e3f14,_ZN8Databind12DatabindTreeD2Ev,0xb0
0x6e3fc4,_ZNK19LogicProjectileData22getPartialStunPromilleEv,0x8
0x6e3fcc,_ZN5lzham12symbol_codec14start_encodingEj,0x90
0x6e405c,_ZNK9TeamPopup20isFriendlySoloBountyEv,0x38
0x6e4094,_ZN21AllianceStreamMessage19removeStreamEntriesEv,0x10
0x6e40a4,_ZN8HomeMode18goToOfflinePraciseEv,0xdc
0x6e4180,_ZN9QuestItemC2EP11QuestsPopupibb,0x200
0x6e4380,_ZN6CSVRow12setRowOffsetEi,0x8
0x6e4388,_ZN11RenderQueue5flushEv,0xe4
0x6e446c,_utrie2_clone_58,0x230
0x6e469c,_ZN24ResourceReferenceManager20loadResourceGloballyERK6StringP16ResourceListener,0x10c
0x6e47a8,_ZN18AddableFriendEntry15setGameCenterIdEP6String,0x8
0x6e47b0,_ZNK16PlayerMapManager26getMaxPlayerDraftMapsCountEv,0x68
0x6e4818,_ZN20SupercellIdOfferItem11getSkinDataEv,0x6c
0x6e4884,_ZN17LogicGamePlayUtil19getRangeAddSubtilesEPK20LogicCharacterServerPK20LogicCharacterClientPK11LogicPlayerib,0x1ec
0x6e4a70,_ZN19SupercellIdCallback11consumeLinkEP8_jobjectRK6String,0x68
0x6e4ad8,_ZNKSt6__ndk110__function6__funcIZN8TestCase6dragToER5TouchfE4$_16NS_9allocatorIS5_EEFvvEE7__cloneEv,0x60
0x6e4b38,_ZNK10HomeScreen13performGatchaEi,0xdc
0x6e4c14,_ZN14LogicPlayerMap6decodeEP10ByteStream,0x128
0x6e4d3c,_ZNKSt6__ndk110__function6__funcIZN19SupercellIdCallback6logOutEP8_jobjectE3$_6NS_9allocatorIS5_EEFvvEE11target_typeEv,0xc
0x6e4d48,_ZN27MatchMakingCancelledMessage6decodeEv,0x4
0x6e4d4c,_ZNK13LogicJSONNull6equalsEPK13LogicJSONNode,0x54
0x6e4da0,_ZN17SWFMovieClipCache3getEPKc,0x8c
0x6e4e2c,_ZN5titan7android4view7DisplayC2EP8_jobject,0xbc
0x6e4ee8,_ZN18TimedIntValueEntry6encodeEP10ByteStream,0x6c
0x6e4f54,_ZN10ScrollArea22setForcedContentBoundsEP4Rect,0x74
0x6e4fc8,_ZNSt6__ndk110__function6__funcIZZN11AndroidMain16onSurfaceChangedEiiENK3$_1clEvEUlvE_NS_9allocatorIS4_EEFvvEE18destroy_deallocateEv,0x4
0x6e4fcc,_ZN17LogicGameModeUtil26moveDeathNotificationsDownEi,0x28
0x6e4ff4,_ZThn96_N10ScoresPage13buttonClickedEP12CustomButton,0x8
0x6e4ffc,_ZN18CharacterAnimationC2EP8SkeletonP18LogicAnimationDataiRK6String,0x80
0x6e507c,_ZN10ScrollAreaD0Ev,0x90
0x6e510c,_ZN6icu_586Locale14setFromPOSIXIDEPKc,0x8
0x6e5114,_ZN10EmotePanelD0Ev,0x24
0x6e5138,_ZNK12SkinListItem22shouldUseHeroTransformEv,0x28
0x6e5160,_ZN13StringBuilder6appendEc,0xa8
0x6e5208,_ZNSt6__ndk110__function6__funcIZN11scTaskQueue3runIZN10SWFTexture4loadEP12SupercellSWFbibbbbRK6StringE3$_0EENS_13invoke_resultIT_JEE4typeESC_EUlvE_NS_9allocatorISF_EEFvvEE7destroyEv,0x4
0x6e520c,_ZN20OnlineFriendsManagerD2Ev,0x18
0x6e5224,_ZNK19LogicProjectileData28getCustomUniquePropertyValueEv,0x8
0x6e522c,_lzham_compress,0x4
0x6e5230,_udata_openSwapperForInputData_58,0x24c
0x6e547c,_ZN13OpenGLContext6createEPS_Pv,0xa0
0x6e551c,_ZN9xMatrix4414createRotationERK7Vector3IfEf,0xd8
0x6e55f4,_ZN6Kunlun18GetDaysSinceSundayEPKl,0x40
0x6e5634,_ZNK6scPath13make_relativeERKS_,0x2a4
0x6e58d8,_ZNK17LogicLocationData6getMapEv,0x34
0x6e590c,_ZN5Modal15setForcedHiddenEb,0x14
0x6e5920,_ZN36AskForPlayingSupercellFriendsMessageC2Ei,0x30
0x6e5950,_ZN35AllianceInvitationSendFailedMessage9getReasonEv,0x8
0x6e5958,_ZNKSt6__ndk110__function6__funcIZN14LineConnection5loginEvE3$_3NS_9allocatorIS3_EEFvbPKcPKN8linecorp4nova11CredentialsEPKNS9_5ErrorEEE7__cloneEv,0x38
0x6e5990,_ZNK12LocationInfo22getCommunityCreditNameEv,0x8c
0x6e5a1c,_ZN12RenderSystem10touchMovedERK5Touch,0x68
0x6e5a84,_hb_buffer_destroy,0xd8
0x6e5b5c,_ZN5titan3com9supercell2id13IdShopProduct12getProductIdEv,0x7c
0x6e5bd8,_ZN5titan4java4lang5FloatC2EP8_jobject,0xbc
0x6e5c94,_ZN43PurchaseSkinGroupOfferHighlightPopupHandler20purchaseButtonTappedEv,0x2c0
0x6e5f54,_ZN14MessageManager6updateEf,0x3d8
0x6e632c,_ZN10SCIDConfig7setBoolERK6Stringb,0x7c
0x6e63a8,_ZNKSt6__ndk110__function6__funcIZ43Java_com_supercell_titan_Kakao_logoutResultE3$_4NS_9allocatorIS2_EEFvvEE7__cloneEv,0x38
0x6e63e0,_ZN13StringBuilder16byteOffsetAppendERK6Stringii,0xf0
0x6e64d0,_ZN14RankedHeroItem14resetHeroStateEv,0x140
0x6e6610,_ZN13LogicSkinData16setSignatureAnimERK6String,0x8
0x6e6618,_ZN22AllianceChatController6updateEf,0x4
0x6e661c,_ZN19GameSCIDAvatarImageD2Ev,0x48
0x6e6664,_ZN17DebugCountryPopupD0Ev,0x24
0x6e6688,_ZN17LogicClientAvatar6decodeEP10ByteStream,0x3f4
0x6e6a7c,_ZN19DeviceLinkCodeInput10markedTextEii,0x58
0x6e6ad4,_ZN20QuickChatEmojiOptionC2EPK16LogicMessageDataPK14LogicEmoteDataP17ChatOptionsSlider,0xec
0x6e6bc0,_ZN16PlayerMapManager34handlePlayerMapNameChangedResponseEP34ChangePlayerMapNameResponseMessage,0x98
0x6e6c58,_ZNSt6__ndk110__function6__funcIZN14LineConnection9autologinEvE3$_2NS_9allocatorIS3_EEFvbPKN8linecorp4nova11CredentialsEPKNS7_5ErrorEEE18destroy_deallocateEv,0x4
0x6e6c5c,_ZNK20GoogleServiceManager18getGoogleServiceIDEv,0x8
0x6e6c64,_ZNSt6__ndk110__function6__funcIZN11scTaskQueue3runIZN8TestCase23withFirstSpriteMatchingENS_8functionIFbP6SpriteEEENS5_IFvS7_EEEE4$_13EENS_13invoke_resultIT_JEE4typeESE_EUlvE_NS_9allocatorISH_EEFvvEEclEv,0xa8
0x6e6d0c,_ZN20PlayerMapRenamePopup13buttonClickedEP12CustomButton,0x11c
0x6e6e28,_ures_getVersionNumberInternal_58,0xc4
0x6e6eec,_umtx_lock_58,0x14
0x6e6f00,_ZN6icu_5823UnicodeStringAppendable15getAppendBufferEiiPtiPi,0xf8
0x6e6ff8,_ZN8Databind23NlohmannJsonInReflector9pushStackEv,0x35c
0x6e7354,_ZNK21LogicTutorialStepData22getStartLocationRadiusEv,0x10
0x6e7364,_ZN22AccountSwitchedMessage23setMoveOpenIdIfPossibleEb,0xc
0x6e7370,_ZN13LayerSprite3D6renderER9Matrix2x3R14ColorTransformif,0x7f0
0x6e7b60,_ZN14SceneCharacter12addAnimationEiP18LogicAnimationDataPK13LogicFaceDataPK15LogicEffectData,0x3d8
0x6e7f38,_ZN23IAPDeliveryNotification17getBillingPackageEv,0x8
0x6e7f40,_ZN13CcTeaserPopup13onCloseButtonEv,0x4
0x6e7f44,_ZN10NativeFont18getFontCacheHeightEv,0x24
0x6e7f68,_ZN8Renderer13projectScreenERK7Vector3IfERK9xMatrix44S6_,0xf8
0x6e8060,_ZN25SetCountryResponseMessageC2Ev,0x38
0x6e8098,_ZN12BattleScreen14updateMovementEP23LogicCharacterClientOwnPK12LogicTileMap,0x884
0x6e891c,_ZN24EsportTournamentsWebView18handleSendJWTParamEv,0x64
0x6e8980,_ZN20LogicCharacterServer24wasVisibleByActionWithinEi,0x74
0x6e89f4,_ZN5lzham37raw_quasi_adaptive_huffman_data_model10update_symEj,0x54
0x6e8a48,_ZN10HomeScreen11onHeroHappyEv,0x24
0x6e8a6c,_ZN13DebugMenuBase13touchReleasedERK5Touch,0x18
0x6e8a84,_ZNKSt6__ndk110__function6__funcIZN32NativeFacebookConnectionCallback6logoutEvE3$_6NS_9allocatorIS3_EEFvvEE11target_typeEv,0xc
0x6e8a90,_ZNK15LogicClientHome4saveEP15LogicJSONObject,0x4
0x6e8a94,_ZNSt6__ndk110__function6__funcIZN8TestCase9moveTouchER5TouchS3_S3_fE3$_7NS_9allocatorIS5_EEFvvEEclEv,0x60
0x6e8af4,_ZN14BillingManager14disableBillingEv,0x5c
0x6e8b50,_ZN5Track5eventERK6StringS2_S2_S2_S2_S2_S2_S2_S2_S2_S2_S2_S2_S2_S2_,0x4
0x6e8b54,_ZN14LoginOkMessage12setUpdateURLEP6String,0x8
0x6e8b5c,_ZN18ClientInputMessage6decodeEv,0x274
0x6e8dd0,_ZNK16GameObjectSprite8getTileZEv,0x8
0x6e8dd8,_LzmaDec_InitDicAndState,0x30
0x6e8e08,_ZNK18ClientInputManager13inputsGoingOkEv,0x2c
0x6e8e34,_ZN6icu_5811ICU_Utility17escapeUnprintableERNS_13UnicodeStringEi,0x198
0x6e8fcc,_Z13findInfoForIdi,0x48
0x6e9014,_ZNK28TencentBillingRequestMessage9getProdIdEv,0x8
0x6e901c,_ZN14StreamItemListC2EiP14ChatStreamBaseP9MovieClipfP10GameButtonbb,0x3e4
0x6e9400,_ZN14VertexAttrType9getGLTypeENS_4EnumE,0x10
0x6e9410,_ZNK19LogicProjectileData11getGreenAddEv,0x10
0x6e9420,_ZN20LogicCharacterServer17resetEventsOnTickEv,0x220
0x6e9640,_ZN14MessageManager42setPendingOfflineRankedMatchStartedMessageEP25RankedMatchStartedMessage,0x58
0x6e9698,_ZN12RenderSystem6updateEf,0xf0
0x6e9788,_ZN8UIButton13buttonClickedEP12CustomButton,0x1c
0x6e97a4,_ZN19SelectLocationPopup7getHomeEv,0x18
0x6e97bc,_ZN30PurchaseBrawlPassProgressPopup18customButtonTappedEP10GameButtoni,0x11c
0x6e98d8,_ZN11Character3DC2EP9CharacterRK6StringP8Material,0xb24
0x6ea3fc,_ZNK24UnbindLineAccountMessage14getMessageTypeEv,0x8
0x6ea404,_ZN11wendelstein23MovieClipRendererBucket12addVertexRawERK7Vector3IfEiii,0xd4
0x6ea4d8,_ZN15FacebookManager16destructInstanceEv,0x34
0x6ea50c,_uhash_compareLong_58,0xc
0x6ea518,_ZNK17LogicClientAvatar14getBattleCountEv,0x8
0x6ea520,_ZN15ChecksumEncoder13resetCheckSumEv,0x8
0x6ea528,_ZN12LocationItem11getInfoClipEv,0x20
0x6ea548,_ZN24HighRateUdpReceiveBuffer13handleMessageEP18HighRateUdpMessageR14LogicArrayListIS1_E,0x13c
0x6ea684,_ZN12LogicVersion6isProdEv,0x8
0x6ea68c,_ZN14SettingsScreen11getConfDataEv,0x1c
0x6ea6a8,_ZNK13LogicHomeMode14createSaveJSONEv,0x3c
0x6ea6e4,_ZN10DataGained15addSourceOffsetEff,0x8c
0x6ea770,_ZL4initv,0xa84
0x6eb1f4,_ZN24ResourceReferenceManager29refreshGloballyLoadedResourceERK6String,0x1cc
0x6eb3c0,_ZNK18LogicCharacterData20getAttackStartEffectEv,0x8
0x6eb3c8,_ZN18AllianceWarFactionC2Ev,0x8
0x6eb3d0,_ZN21LogicBattleModeServer16addEventModifierEi,0xc48
0x6ec018,_ZN9AnimationD0Ev,0x24
0x6ec03c,_ZN15MovieClipHelper21removeEmptyTextFieldsEP9MovieClip,0xb4
0x6ec0f0,_ZNK15LaserBoxManager17getLandingPageUrlEv,0x90
0x6ec180,_ZNK19RemoveFriendMessage14getMessageTypeEv,0x8
0x6ec188,_ZN13scResourceMap4LockD2Ev,0x14
0x6ec19c,_uiter_setUTF16BE_58,0x108
0x6ec2a4,_ZN10HeroSprite9HeroEntryD2Ev,0x298
0x6ec53c,_Z19decompressBlockETC2jjPhiiii,0x8
0x6ec544,_ZN20AvatarProfilePicture13updateTextureEP8ImageSetb,0x1e8
0x6ec72c,_ZNSt6__ndk127__insertion_sort_incompleteIRZN11wendelstein19SpriteSheetRenderer6updateERKNS_6vectorINS1_8ParticleENS_9allocatorIS4_EEEERKNS3_INS1_11SpriteSheetENS5_ISA_EEEEiE3$_0PiEEbT0_SI_T_,0x2cc
0x6ec9f8,_ZN19SelectLocationPopup17backButtonPressedEv,0xc
0x6eca04,_ZN16RotateHeroButton10touchMovedERK5Touch,0x60
0x6eca64,_ZNSt6__ndk110__function6__funcIZN11scTaskQueue3runIZN7GLImage6createEPKc9ImageWrap11ImageFilterE3$_1EENS_13invoke_resultIT_JEE4typeESB_EUlvE_NS_9allocatorISE_EEFvvEE7destroyEv,0x4
0x6eca68,_ZN28TencentBillingRequestMessageC2Ev,0xa4
0x6ecb0c,_ZN15LaserBoxManager21getDefaultLaserboxUrlEi,0x6c
0x6ecb78,_ZNK5lzham25adaptive_arith_data_model8get_costEj,0x58
0x6ecbd0,_ZN31LogicSetSupportedCreatorCommandC2Ev,0x30
0x6ecc00,_ures_getKeywordValues_58,0x2bc
0x6ecebc,_ZN15LogicDataTables24createDefaultDisplayDataERK6String,0xe4
0x6ecfa0,_ZN11FriendEntry12setTencentIdEP6String,0x8
0x6ecfa8,_ZNK12LocationInfo15getPlayerMapTagEv,0x58
0x6ed000,_ZN19SelectLocationPopup7refreshEb,0x8
0x6ed008,_ZN5titan3com9supercell5titan19NativeDialogManager14ShowPostDialogERK6StringS6_,0xb0
0x6ed0b8,_ZNSt6__ndk110__function6__funcIZ53Java_com_supercell_titan_GoogleServiceClient_onSignInP7_JNIEnvP7_jclassE3$_0NS_9allocatorIS6_EEFvvEE7destroyEv,0x4
0x6ed0bc,_ZN12SupercellSWF29addClipToLoadedListIfPossibleEP9MovieClip,0x4
0x6ed0c0,_ZN23FriendOnlineStatusEntry8destructEv,0x58
0x6ed118,_ZNK20LogicCharacterServer5isPetEv,0x30
0x6ed148,_ZN21HighRateUdpSendBuffer11ackMessagesEPKiif,0x308
0x6ed450,_ZNK14LogicDailyData25getCurrentBrawlPassSeasonEv,0x98
0x6ed4e8,_ZNSt6__ndk110__function6__funcIZN11AndroidMain15_gameBackgroundEvE4$_16NS_9allocatorIS3_EEFvvEE7destroyEv,0x4
0x6ed4ec,_ZL18renderWorldShadowsP9sc3dWorldR11RenderQueuePK13SceneUniformsb,0x218
0x6ed704,_ZNKSt6__ndk110__function6__funcIZ54Java_com_supercell_titan_GoogleServiceClient_onSignOutP7_JNIEnvP7_jclassE3$_1NS_9allocatorIS6_EEFvvEE6targetERKSt9type_info,0x1c
0x6ed720,_ZN14SceneCharacter17setFixedFaceFrameEi,0xa8
0x6ed7c8,_ZNK29LogicPlayerDataChangedCommand6encodeEP15ChecksumEncoder,0x3c
0x6ed804,_ZN15LaserBoxManager14requestGameJWTEv,0x48
0x6ed84c,_ZNK3GUI16getQuestionPopUpEv,0x98
0x6ed8e4,_ZThn96_N9NamePopup13buttonClickedEP12CustomButton,0x20
0x6ed904,_ZNK8HomeMode15getPlayerAvatarEv,0x14
0x6ed918,_ZNK11LogicPlayer9getDeathsEv,0x3c
0x6ed954,_ZNK9Messaging27getTimeSinceServerConnectMsEv,0x28
0x6ed97c,_ZN15ChecksumEncoder11writeStringEPK6String,0x44
0x6ed9c0,_ZN8Debugger5printEPvRK6String,0x1b8
0x6edb78,_ZNK6scPath10startsWithERKS_,0xcc
0x6edc44,_ZN6icu_5817CharacterIteratorC2Eiiii,0x84
0x6edcc8,_ZN13UIListHandler6handleEP5UICtxi,0x748
0x6ee410,_ZN16OutOfSyncMessage6decodeEv,0x48
0x6ee458,_ZThn112_N8GameMain12appRateLaterEv,0x4
0x6ee45c,_ZN12scZstdReaderD2Ev,0xc4
0x6ee520,_ZNK14LogicThemeData10isDisabledEv,0x10
0x6ee530,_ZN4Shop42handleBundleBillingPackagePurchaseResponseEbi,0x130
0x6ee660,_ZN26LogicDeviceLinkDoneMessageC2Ev,0x58
0x6ee6b8,_hb_face_set_upem,0x14
0x6ee6cc,_ZN26ChampionshipChallengePopup17refreshBoughtLifeEi,0x104
0x6ee7d0,_ZN11RenderQueue17setOpaqueMaterialEP8MaterialNS_12OverrideModeE,0xc
0x6ee7dc,_ZN31CafeBazaarBillingRequestMessage6setTIDERK6String,0x8
0x6ee7e4,_hb_ft_font_create_referenced,0x88
0x6ee86c,_ZNSt6__ndk110__function6__funcIZN11scTaskQueue3runIZN6scglTF12_GLOBAL__N_111convertGLTFEP7SCWFileRKN2fx4gltf8DocumentERK6StringE3$_0EENS_13invoke_resultIT_JEE4typeESI_EUlvE_NS_9allocatorISL_EEFvvEE18destroy_deallocateEv,0x4
0x6ee870,_ZNK9TextField11getFontNameEv,0x18
0x6ee888,_ZNK10GameButton13getClickSoundEv,0x8
0x6ee890,_ZN15DownloadedImage19createFromLocalFileERK6StringP13DisplayObject,0x124
0x6ee9b4,_hb_buffer_get_flags,0x8
0x6ee9bc,_uprv_readDirectUInt16,0x4
0x6ee9c0,_ZN22ClientContentValidator16validateFilePathERK6StringS2_PKc,0x1b0
0x6eeb70,_ZN18DeliveryCardsPopup7setDataEP14LogicArrayListIP12DeliveryUnitE,0x3ac
0x6eef1c,_ZN8Databind23NlohmannJsonInReflector12reflectFloatEfRK6Stringf,0x8
0x6eef24,_ZN14TencentManager20tencentShowDiffLoginEv,0xf0
0x6ef014,_ZN26MapEditorLegalWarningPopup24isRequiredToShowToPlayerEv,0xf4
0x6ef108,_ZN11RenderQueue12byOneSortKeyERKNS_5ChunkES2_,0x14
0x6ef11c,_crc32_combine,0x4
0x6ef120,_ZN15LogicJSONStringC2EP6String,0x30
0x6ef150,_ZNK10StringView7indexOfERK6Stringi,0x34
0x6ef184,_ZNK22LogicQuestsSeenCommand6encodeEP15ChecksumEncoder,0x4
0x6ef188,_ZN23PushNotificationServiceC2Ev,0x5c
0x6ef1e4,_ZN26LookingForATeamMemberPopupD0Ev,0x3c
0x6ef220,_hb_ot_layout_script_get_language_tags,0x1e4
0x6ef404,_ZN8Settings16getMovementScaleEv,0x98
0x6ef49c,_ZN12SupercellSWF20getMovieClipFromPoolERK6StringRb,0x64
0x6ef500,_ZN33RankedMidSeasonRewardNotification6decodeEP10ByteStream,0x80
0x6ef580,_ZNK19AllianceRankingData6encodeEP15ChecksumEncoder,0x50
0x6ef5d0,_ZN5titan7android3net3Uri5parseERK6String,0x9c
0x6ef66c,_ZN6icu_5815RangeDescriptor5splitEiR10UErrorCode,0xa4
0x6ef710,_ZNK17LogicLocalization16getLanguageIndexERK6String,0x64
0x6ef774,_ZN8ItemIconD2Ev,0x90
0x6ef804,_ZN14ChallengeEntry14setChallengeIdEP9LogicLong,0x30
0x6ef834,_ZN19LogicRankedRankDataC2EP6CSVRowP14LogicDataTable,0x30
0x6ef864,_inflateCodesUsed,0x58
0x6ef8bc,_ZNK12LogicGlobals8getValueERK6String,0x24
0x6ef8e0,_ZN3MD5C2Ev,0x44
0x6ef924,_ZN5titan3com9supercell5titan11SupercellId13claimShopItemERK6String,0xac
0x6ef9d0,_ZN15LogicJSONParser10parseArrayERK6StringPi,0x264
0x6efc34,_ZNK8GameMain15isTabletVersionEv,0x34
0x6efc68,_ZN5lzham13prefix_coding14generate_codesEjPKhPt,0x2a4
0x6eff0c,_ZN12scWorkerPool12getTaskBlockERNSt6__ndk110shared_ptrI14scAbstractTaskEE,0xa4
0x6effb0,_ZN20CreateAccountMessage13setFacebookIdEP6String,0x8
0x6effb8,_ZNK15LogicClientHome11getChecksumEv,0x8
0x6effc0,_ZNK18LogicCharacterData10getBlueMulEv,0x10
0x6effd0,_ZNK19LogicAreaEffectData14getFreezeTicksEv,0x8
0x6effd8,_ZN10SCIDConfigC2Ev,0x44
0x6f001c,_ZN15LogicJSONHelper16setNodeIfNotNullEP15LogicJSONObjectRK6StringP13LogicJSONNode,0xc
0x6f0028,_ures_getType_58,0x14
0x6f003c,_ZNK12BattleScreen28shouldUseManualShootTutorialEv,0x10
0x6f004c,_ZNK12BattleScreen22convertToControlSchemeEP21LogicGameObjectClientPK14LogicSkillData,0x36c
0x6f03b8,_ZN24BindYoozooAccountMessage17setYoozooPlatformEi,0x8
0x6f03c0,_ZNK13LogicCardData18isLockedForChronosEv,0x10
0x6f03d0,_ZN9DebugMenuC2Ev,0x323c
0x6f360c,_ZN18LogicGemBundleDataC2EP6CSVRowP14LogicDataTable,0xfc
0x6f3708,_ZN31LogicCancelPurchaseOfferCommand8destructEv,0x28
0x6f3730,_ZN12BadgePreview6updateEf,0x6c
0x6f379c,_ZN33SCIDLogoutAllDevicesResultMessage8destructEv,0x28
0x6f37c4,_ZNK6scPath13make_absoluteEv,0x110
0x6f38d4,_ZN14SessionStatics17constructInstanceEv,0x74
0x6f3948,_ZNK9LogicTile14getIndexInMaskEiii,0x14
0x6f395c,_ZN15AllianceManager25clearFriendOnlineStatusesEv,0xcc
0x6f3a28,_ZN13LogicConfData13findEventByIdEi,0x70
0x6f3a98,_ZN20UnlockAccountMessageC2Ev,0x3c
0x6f3ad4,_ZN15MapEditorScreen19isMapValidForSavingEv,0x108
0x6f3bdc,_ZN18LogicPlayerMapUtil18tileCodeToTileDataEib,0x25c
0x6f3e38,_ZN12FileTemplateD2Ev,0x10
0x6f3e48,_ZN31ChangeAllianceMemberRoleMessage8destructEv,0x34
0x6f3e7c,_ZNK8CSVTable19getRowCountOfCSVRowEPK6CSVRow,0x98
0x6f3f14,_Java_com_supercell_titan_SupercellId_friendsChanged,0xc
0x6f3f20,_Z7compareP10GatchaDropS0_,0x22c
0x6f414c,_ZN12SoundManager12updateVolumeEfb,0x1a8
0x6f42f4,_uprv_strCompare_58,0x234
0x6f4528,_ZNK17LogicClientAvatar11getDiamondsEv,0x8
0x6f4530,_ZL13preloadEffectP16ResourceListenerPK15LogicEffectData,0xec
0x6f461c,_ZNK12WaitingPopup28allowClosingFromModalTappingEv,0x8
0x6f4624,_ZN32YoozooOrderDeliveryFailedMessage13setStatusCodeEi,0x8
0x6f462c,_ZN26LogicVanityItemSeenCommandC2EPK9LogicData,0x34
0x6f4660,_ZN9CSVColumn14addStringValueERK6String,0x5c
0x6f46bc,_ZN9ShopPopup6updateEf,0x78
0x6f4734,_ZN26ChampionshipChallengePopup17getCostToBuyLivesEv,0x40
0x6f4774,_ZN18ClientHelloMessageC2Ev,0x5c
0x6f47d0,_ZN10ScoresPage13changeMainTabEi,0x8c
0x6f485c,_ZN8Settings8getFloatERK6String,0x94
0x6f48f0,_ZN21LogicBattleModeServer21setTeamObjectiveScoreEiii,0x4
0x6f48f4,_ZN15GameSCIDManager19doFastAccountSwitchEv,0x14
0x6f4908,_ZN6scglTF4loadEPKcP7SCWFile,0x46c
0x6f4d74,_ulocimp_toLegacyType_58,0x1f0
0x6f4f64,_ZThn336_N22EsportTournamentsPopup25setCustomTitleFromWebviewERK6String,0x8
0x6f4f6c,_uhash_count_58,0x8
0x6f4f74,_ZN20HashTagCodeGenerator9isIdValidERK9LogicLong,0x40
0x6f4fb4,_ZN5Items7refreshEv,0x4c
0x6f5000,_ZN5Debug4initEv,0x4
0x6f5004,_ZN26BindFacebookAccountMessage25removeAuthenticationTokenEv,0x10
0x6f5014,_ZN21AddableFriendsMessageC2Ev,0x34
0x6f5048,_ZL15hb_ucdn_composeP18hb_unicode_funcs_tjjPjPv,0x8
0x6f5050,_ZN22UdpSingleMessagePacket6encodeEP10ByteStreamb,0xa4
0x6f50f4,_ZN8Databind23NlohmannJsonInReflector16reflectLongArrayER14LogicArrayListIxERK6String,0x368
0x6f545c,_ZNK17LogicSkinConfData18getUltiRecoilAnim2Ev,0x10
0x6f546c,_ZN15AllianceManager23addOrUpdateAllianceTeamEP17AllianceTeamEntry,0x3b0
0x6f581c,_ZN15MovieClipHelper24scaleAndCenterButtonTextEP10GameButton,0x130
0x6f594c,_ZN13YoozooManagerC2Ev,0x148
0x6f5a94,_ZN13DisplayObject8setScaleEf,0xc
0x6f5aa0,_ZN15FacebookManager6logoutEv,0x10
0x6f5ab0,_ZN11LineManager6logoutEv,0xc0
0x6f5b70,_ZNK6icu_5813UnicodeString7extractEiiPcj,0x100
0x6f5c70,_ZN8HomePage14showContainersEb,0x64
0x6f5cd4,_ZN6icu_5821DictionaryBreakEngineD0Ev,0x4
0x6f5cd8,_ZNK18LogicAccessoryData15getCustomValue3Ev,0x10
0x6f5ce8,_ZN9TextField19createFontFormatterEv,0x100
0x6f5de8,_ZNK12BattleScreen15getUltiStickBgXEv,0x8
0x6f5df0,_ZN17DataLoaderTexture4loadEPKcRKNSt6__ndk15arrayIiLm4EEE,0x2a0
0x6f6090,_ZNK14MessageManager23canForwardServerCommandEv,0x3c
0x6f60cc,_ZN12LocationItem16createInfoButtonEv,0x1ac
0x6f6278,_nti_compare_font,0xa8
0x6f6320,_ZN21AddableFriendsMessage8destructEv,0x98
0x6f63b8,_ZNKSt6__ndk110__function6__funcIZN11AndroidMain22inputKeyboardDismissedEvE4$_13NS_9allocatorIS3_EEFvvEE7__cloneEPNS0_6__baseIS6_EE,0x10
0x6f63c8,_ZN41RankedMatchFinalPreparationStartedMessageC2Ev,0x34
0x6f63fc,_ZN13LogicConfData14removeIntValueEi,0x108
0x6f6504,_ZNSt6__ndk110__function6__funcIZN11Character3D6updateEfE3$_0NS_9allocatorIS3_EEFvvEE18destroy_deallocateEv,0x4
0x6f6508,_ZN13LogicConfData6decodeEP10ByteStream,0xac0
0x6f6fc8,_ZN21AllianceStreamMessage16setStreamEntriesEP14LogicArrayListIP11StreamEntryE,0x8
0x6f6fd0,_ZN14VideoAdManager6updateEPK13LogicHomeModef,0x4
0x6f6fd4,_ZNK14BattleLogEntry23isChampionshipChallengeEv,0x10
0x6f6fe4,_ZNK6String6equalsERKS_,0x54
0x6f7038,_ZN25SetCountryResponseMessage18getServiceNodeTypeEv,0x8
0x6f7040,_Xz_WriteVarInt,0x30
0x6f7070,_ZN30StarPointMigrationNotification6decodeEP10ByteStream,0x38
0x6f70a8,_ZN23HomeBattleReplayMessage14removeReplayIdEv,0x10
0x6f70b8,_ZN8ImageSet18matchAlreadyLoadedEv,0xf0
0x6f71a8,_ZN22ChronosResourceManager27updateNotificationResourcesEP14LogicArrayListIP16BaseNotificationE,0x14c
0x6f72f4,_ZNK17CreateGameMessage7getTypeEv,0x8
0x6f72fc,_ZNK6scFile10readStringEv,0x1b0
0x6f74ac,_ZN16YoozooLoginState5enterEv,0xca4
0x6f8150,_ZN26AllianceKickOutStreamEntry10setMessageEP6String,0x8
0x6f8158,_ZN31PublishPlayerMapResponseMessage8destructEv,0x28
0x6f8180,_ZN5titan3com9supercell5titan14HelpshiftTitan17setUserIdentifierERK6String,0x8c
0x6f820c,_ZN10SCTuneImpl10addBooleanEPK6CSVRowiRK6StringPbPKcP20SCTuneChangeListenerib,0x68
0x6f8274,_ZN15MapEditorScreen21processTilesForEditorEv,0xfc
0x6f8370,_ZN22MapEditorModifierPopup6updateEf,0x3c
0x6f83ac,_uprv_readDirectUInt32,0x4
0x6f83b0,_ZN16DataLoaderShaderD0Ev,0x24
0x6f83d4,_ZNKSt6__ndk110__function6__funcIZN19EnvironmentRenderer6renderER9Matrix2x3R14ColorTransformifE3$_5NS_9allocatorIS7_EEFvvEE6targetERKSt9type_info,0x1c
0x6f83f0,_ZN12DebugObjects12saveMetadataEPvRK6String,0x58
0x6f8448,_ZN17LogicSkinConfData21setHeroScreenIdleAnimERK6String,0x14
0x6f845c,_ZNK13YoozooManager20getYoozooExtendParamEi,0x90
0x6f84ec,_ZN8HeroListC2EP14IHeroListOwnerf,0x2d8
0x6f87c4,_ZN5titan3com9supercell5titan7tencent11MSDKManager19isPlatformInstalledEi,0x74
0x6f8838,_ZN6icu_5816RBBITableBuilderD2Ev,0xd0
0x6f8908,_ZN26AllianceStreamEntryMessageC2Ei,0x30
0x6f8938,_Z13getPathLengthPK7Vector2IfEj,0x68
0x6f89a0,_ZNK11DragHandler21getPanningThresholdSQEv,0x1c
0x6f89bc,_ZN10TestRunner16destructInstanceEv,0x34
0x6f89f0,_ZL14repTextReplaceP5UTextllPKtiP10UErrorCode,0x20c
0x6f8bfc,_ZN15ApiTokenMessage6decodeEv,0x74
0x6f8c70,_ZN23LogicReflectableFactory10addFactoryEPS_b,0x2ac
0x6f8f1c,_ZN25LogicCooldownAddedCommandC2Ev,0x30
0x6f8f4c,_ZN9TextField21setAutoAdjustFontSizeEb,0x2c
0x6f8f78,_ZN16PlayAgainMessage6decodeEv,0x30
0x6f8fa8,_ZN8HomePage17isGatchaAnimatingEv,0x8
0x6f8fb0,_ZN15ResourceManager12getMovieClipEPKcRK6String,0x34
0x6f8fe4,_ZNSt6__ndk110__function6__funcIZN19SupercellIdCallback15avatarImageDataEP8_jobjectP11_jbyteArrayiiiRK6StringE4$_18NS_9allocatorISA_EEFvvEE18destroy_deallocateEv,0x28
0x6f900c,_ZN17SetupQuestCounterD0Ev,0x30
0x6f903c,_ZN19TeamInvitationPopup16refreshMuteStateEv,0x3c
0x6f9078,_ZN6icu_5813BreakIterator16getRuleStatusVecEPiiR10UErrorCode,0x38
0x6f90b0,_ZNK26RankedMatchBanEndedMessage24getBannedHeroByTeamIndexEi,0x48
0x6f90f8,_ZNK18LogicClientGlobals21getHelpCenterLanguageEi,0x10
0x6f9108,_ZN9LogicTimeC2Ev,0x8
0x6f9110,_ZNK17LogicSkinConfData16getSignatureFaceEv,0x10
0x6f9120,_ZN21LogicBattleModeClient21setTeamObjectiveScoreEiii,0x15c
0x6f927c,_ZN20SeasonRewardsMessage6decodeEv,0x274
0x6f94f0,_u_isULowercase_58,0x9c
0x6f958c,_ZN14FriendsManager21acceptFriendWithTokenEP9LogicLongP6String,0x98
0x6f9624,_ZN23TicketCompensationPopupD0Ev,0x24
0x6f9648,_ZN6icu_586BMPSetD2Ev,0x4
0x6f964c,_ZN4Font15getFontModifierEiRhS0_S0_,0x54
0x6f96a0,_ZNSt6__ndk110__function6__funcIZN8TestCase9touchDownEP13DisplayObjectE4$_14NS_9allocatorIS5_EEFvvEEclEv,0x24
0x6f96c4,_ZN8GameMain16generateTexturesEv,0x164
0x6f9828,_ZN20StartSpectateMessage6decodeEv,0x40
0x6f9868,_ZNSt6__ndk110__function6__funcIZN11Character3D6updateEfE3$_0NS_9allocatorIS3_EEFvvEE7destroyEv,0x4
0x6f986c,_ZN5titan3com9supercell5titan19ApplicationUtilBase11getKunlunPIEv,0x70
0x6f98dc,_ZN6icu_586Locale11getJapaneseEv,0x24
0x6f9900,_ZNK6icu_5814RBBISetBuilder6sawBOFEv,0x8
0x6f9908,_ZN34LogicBrawlPassSeasonChangedCommand8destructEv,0x24
0x6f992c,_ZN23LogicCharacterClientOwn11setUltiModeEb,0xc
0x6f9938,_ZNKSt6__ndk110__function6__funcIZN11scTaskQueue3runIZN8TestCase13getStageWidthEvE4$_10EENS_13invoke_resultIT_JEE4typeES7_EUlvE_NS_9allocatorISA_EEFvvEE11target_typeEv,0xc
0x6f9944,_ZN12scWorkerPool10insertTaskEONSt6__ndk110shared_ptrI14scAbstractTaskEE,0xb0
0x6f99f4,_ZN30AvatarNameCheckResponseMessage6decodeEv,0x54
0x6f9a48,_ubidi_getParaLevel_58,0x30
0x6f9a78,_ZL14ucstrTextCloneP5UTextPKS_aP10UErrorCode,0x138
0x6f9bb0,_hb_set_union,0x94
0x6f9c44,_ZN22CreateAccountOkMessage12setAccountIdEii,0x8
0x6f9c4c,_ZNKSt6__ndk110__function6__funcIZN19SupercellIdCallback15avatarImageDataEP8_jobjectP11_jbyteArrayiiiRK6StringE4$_18NS_9allocatorISA_EEFvvEE7__cloneEv,0x50
0x6f9c9c,_ZN20LogicCharacterClient8destructEv,0x114
0x6f9db0,_ZNK34ChangePlayerMapNameResponseMessage14getMessageTypeEv,0x8
0x6f9db8,_ZN14BattleLogPopup6updateEf,0xf8
0x6f9eb0,_ZN19SupercellIdCallback16windowDidDismissEP8_jobject,0x1f4
0x6fa0a4,_ZN16GameStateManagerC2Ev,0x64
0x6fa108,_ZN24DataLoaderLayeredTexture18parseModifierLayerERK6String,0x274
0x6fa37c,_ZN12GenericPopup17backButtonPressedEv,0x28
0x6fa3a4,_ZN18DeliveryCardsPopup14proceedToStateEib,0x38
0x6fa3dc,_ZN31ChangeAllianceSettingsOkMessage20setAllianceFullEntryEP17AllianceFullEntry,0x8
0x6fa3e4,_ZN23HomeBattleReplayMessage6encodeEv,0x38
0x6fa41c,_ZN16ServerConnection13updateOfflineEf,0x4
0x6fa420,_ZN14MapPreviewMenuC2Ev,0x4b8
0x6fa8d8,_ZNK7SCWFile8findNodeERK6String,0x84
0x6fa95c,_ZNK9TextField11getFontSizeEv,0x8
0x6fa964,_ZN15RankRewardPopup18customButtonTappedEP10GameButtoni,0x6c
0x6fa9d0,_MatchFinder_Init,0x154
0x6fab24,_ZNK21ChatStreamOwnerHandle17isRootNodeVisibleEv,0x34
0x6fab58,_ZN12jpeg_decoder6decodeEPPKvPj,0x1b4
0x6fad0c,_ZN29scMultithreadedLoadingManager22loadNextQueuedResourceEv,0x16c
0x6fae78,_ZNSt6__ndk110__function6__funcIZN3UIu15displayTestListEvE3$_0NS_9allocatorIS3_EEFRK6StringP5UICtxEE18destroy_deallocateEv,0x4
0x6fae7c,_ZN26RankedMidSeasonRewardPopupD0Ev,0x80
0x6faefc,_antiCheatNonRooted,0x8
0x6faf04,_ZN36AskForPlayingSupercellFriendsMessageC2Ev,0x34
0x6faf38,_ZN5Debug37isIphoneXTemplateVisualizationEnabledEv,0x8
0x6faf40,_ZN5titan7android4view7Display4Mode17getPhysicalHeightEv,0x7c
0x6fafbc,_ZN6icu_589BytesTrie11jumpByDeltaEPKh,0xb8
0x6fb074,_ZN4Shop8createBgERK6StringS2_P20ShopBgElementHandleriii,0x18c
0x6fb200,_ZN5titan3com9supercell5titan15PurchaseManager17getProductDetailsERK6String,0x9c
0x6fb29c,_ZNK17GameCenterManager15isBoundWithGameEv,0x10
0x6fb2ac,_ZL9nextNonceRN12PepperCrypto9SecureKeyILm24EEE,0x124
0x6fb3d0,_Z13logOutSkippedi,0x24
0x6fb3f4,_ZNSt6__ndk16vectorIN12_GLOBAL__N_115NonLinkTextPartENS_9allocatorIS2_EEE12emplace_backIJS2_EEERS2_DpOT_,0x198
0x6fb58c,_ZNK19LogicResourceBundle6equalsEPKS_,0x48
0x6fb5d4,_ZN8GameMain16showNativeDialogEii6StringS0_S0_,0x10bc
0x6fc690,_ZNK8CSVTable12getCSVColumnEi,0xc
0x6fc69c,_ZNK17scFSAndroidAssets12getFilenamesEPKc,0x220
0x6fc8bc,_ZN17CharacterMaterial11setSkinDataEPK13LogicSkinDatabRK6String,0x1cc
0x6fca88,_ZN8Databind24NlohmannJsonOutReflector17reflectExitObjectEv,0x4
0x6fca8c,_ZNK12LogicVector27isEqualEPKS_,0x30
0x6fcabc,_ZNK21TeamReportChatMessage5getIdEv,0x8
0x6fcac4,_ZNKSt6__ndk110__function6__funcIZN11scTaskQueue3runIZN7GLImage6createEPKc9ImageWrap11ImageFilterE3$_0EENS_13invoke_resultIT_JEE4typeESB_EUlvE_NS_9allocatorISE_EEFvvEE11target_typeEv,0xc
0x6fcad0,_ZN16LogicReflectable4loadEPK15LogicJSONObjectPK16ReflectableIdMap,0x160
0x6fcc30,_ZN12SupercellSWFC2Ev,0x1fc
0x6fce2c,_ZN22TeamPremadeChatMessageC2Ev,0x3c
0x6fce68,_ZN26MapEditorLegalWarningPopupC2Ev,0x220
0x6fd088,_ZN12LoginMessageC2Ev,0x90
0x6fd118,_ZN12DeliveryUnit17isVanityItemChestEv,0x40
0x6fd158,_ZN27SCIDLogoutAllDevicesMessage8destructEv,0x40
0x6fd198,_ZNK13LogicTileData19getMapEditorVisibleEv,0x10
0x6fd1a8,_ZNK13AlliancePopup10closeInputEv,0x24
0x6fd1cc,_ZN27GoogleBillingRequestMessage6encodeEv,0x68
0x6fd234,_ZNK11SCIDManager22getCurrentAccountEmailEv,0x58
0x6fd28c,_ZN26EnterSupportedCreatorPopup17backButtonPressedEv,0xc
0x6fd298,_ZN20EndClientTurnMessage6encodeEv,0xe0
0x6fd378,_ZN23AddFriendByEmailMessage8destructEv,0x3c
0x6fd3b4,_Z19herodataSort_rankupPK18LogicCharacterDataS1_,0x17c
0x6fd530,_ZN19LogicResourceBundle12clearAmountsEv,0x40
0x6fd570,_ZN15GameSCIDManager27isConfigFeatureOnByPlatformEPK10SCIDConfigRK6String,0x80
0x6fd5f0,_ZN34AskForPlayingTencentFriendsMessage18getServiceNodeTypeEv,0x8
0x6fd5f8,_ZNK11FriendEntry15getGamecenterIdEv,0x8
0x6fd600,_ZNK11wendelstein18SpawnConeComponent14getFeatureBitsEv,0x8
0x6fd608,_ZN14LogicMapLoaderC2EP11LogicRandomRK6StringPK14LogicDataTable,0x68
0x6fd670,_ZNSt6__ndk110__function6__funcIZN11scTaskQueue3runIZN8TestCase11touchSpriteEP6SpriteE3$_2EENS_13invoke_resultIT_JEE4typeES9_EUlvE_NS_9allocatorISC_EEFvvEED0Ev,0x4
0x6fd674,_ZN11ReferralURL26createFriendInviteDeeplinkERK6String,0x10c
0x6fd780,_ZN5Modal6updateEbfb,0x14c
0x6fd8cc,_ZN14BattleEndPopup29displayBattleEndHackProLeagueEbbi,0x70
0x6fd93c,_ZNK14MovieClipFrame21containsTimelineChildEsi,0x38
0x6fd974,_longest_match,0x228
0x6fdb9c,_ZNKSt6__ndk110__function6__funcIZN14MessageManager34sendLoginAttributionAnalyticsEventEvE3$_0NS_9allocatorIS3_EEFvvEE7__cloneEv,0x38
0x6fdbd4,_ZNK10BattleMode15getBattleScreenEv,0x8
0x6fdbdc,_ZThn96_N18QuitMapEditorPopup13buttonClickedEP12CustomButton,0x48
0x6fdc24,_ZN12LogicVector38subtractEPKS_,0x24
0x6fdc48,_ZN18ClientInputManagerC2Ev,0x54
0x6fdc9c,_ZNK18LogicGemBundleData48getShopFrontPageCooldownTimeAfterPurchaseSecondsEv,0x10
0x6fdcac,_ZL14preloadTextureP16ResourceListenerRK6String,0x124
0x6fddd0,_ZN39LogicAccountTransferCodeResponseMessage12setErrorCodeEi,0x8
0x6fddd8,_ZN20LogicJSONInReflector14enterNextArrayEv,0x3c
0x6fde14,_ZN17AnimationInstance6updateEi,0x1a4
0x6fdfb8,_hb_blob_set_user_data,0x38
0x6fdff0,_ZZL14as_unique_voidIN11wendelstein7Emitter13EmitterParamsEENSt6__ndk110unique_ptrIvPFvPvEEEPT_ENUlS5_E_8__invokeES5_,0xa0
0x6fe090,_ZNK17LogicShopItemData14acceptToOffersEv,0x10
0x6fe0a0,_ZNK29LogicPlayerDataChangedCommand14getCommandTypeEv,0x8
0x6fe0a8,_ZN32LogicDeviceLinkMenuClosedMessageC2Ev,0x30
0x6fe0d8,_ZNK24KakaoAccountBoundMessage14getMessageTypeEv,0x8
0x6fe0e0,_ZN12NSCIDManager15getPendingLoginEv,0x100
0x6fe1e0,_ZNK11GameWebView9canGoBackEv,0x18
0x6fe1f8,_ZN6Sprite10touchMovedERK5Touch,0x8
0x6fe200,_ZL16utf8IteratorMoveP13UCharIteratori19UCharIteratorOrigin,0x408
0x6fe608,_ZN21TeamReportChatMessage18getServiceNodeTypeEv,0x8
0x6fe610,_ZN12scWorkerPool20reduceWorkerPriorityEv,0x6c
0x6fe67c,_ZN8Databind8Databind14addLogListenerEPFvNS_8LogLevelEPKcE,0xf4
0x6fe770,_ZNKSt6__ndk110__function6__funcIZN8GameMain14loadAssetAsyncERK6StringbE3$_0NS_9allocatorIS6_EEFvvEE7__cloneEPNS0_6__baseIS9_EE,0x40
0x6fe7b0,_uhash_equals_58,0x204
0x6fe9b4,_ZN26UnlockAccountFailedMessage8destructEv,0x24
0x6fe9d8,_ZN16ByteStreamHelper17readDataReferenceEP9BitStream,0x4c
0x6fea24,_ZN10SCIDConfig9setObjectERK6StringP15LogicJSONObject,0x64
0x6fea88,_ZN3SBMD2Ev,0x98
0x6feb20,_ZN14StreamItemList8addEntryEP11StreamEntry,0x4
0x6feb24,_ZN16FramerateManager15setMaxFramerateEd,0x8
0x6feb2c,_ZN17LogicSkinConfData11setIdleFaceERK6String,0x14
0x6feb40,_ZN10GameCenter26reportAchievementsProgressEiP6StringPd,0x4
0x6feb44,_ZN18AttackRadiusSprite21initTruncatedArcShapeEv,0x58c
0x6ff0d0,_ZN15sc3dWorldObject8setPitchEf,0x5c
0x6ff12c,_ZN15LogicJSONObject6removeEP13LogicJSONNode,0x198
0x6ff2c4,_Bt2_MatchFinder_GetMatches,0x23c
0x6ff500,_ZNKSt6__ndk110__function6__funcIZN11scTaskQueue3runIZN10SWFTexture4loadEP12SupercellSWFbibbbbRK6StringE3$_0EENS_13invoke_resultIT_JEE4typeESC_EUlvE_NS_9allocatorISF_EEFvvEE6targetERKSt9type_info,0x1c
0x6ff51c,_ZNSt6__ndk110__function6__funcIZN8TestCase11touchSpriteEP6SpriteE3$_2NS_9allocatorIS5_EEFvvEEclEv,0x18
0x6ff534,_ZNK12LocationInfo15createMapLoaderEP11LogicRandom,0x1fc
0x6ff730,_ZNSt6__ndk110__function6__funcIZ45Java_com_supercell_titan_Kakao_receivedFriendE3$_1NS_9allocatorIS2_EEFvvEEclEv,0x94
0x6ff7c4,_ZN20LogicAchievementData8destructEv,0x4
0x6ff7c8,_ZNK18LogicGemBundleData9showTimerEv,0x50
0x6ff818,_ZN6Friend9setLineIdERK6String,0x8
0x6ff820,_ZN13EffectPreview10setVisibleEb,0x5c
0x6ff87c,_ZN19GetBattleLogMessage6encodeEv,0x4
0x6ff880,_ZNK19TeamInvitationPopup14isSystemInviteEv,0x8
0x6ff888,_ZN8Skeleton7animateEPP9AnimationiS1_,0x4b4
0x6ffd3c,_ZNKSt6__ndk110__function6__funcIZN19SupercellIdCallback31setPendingRegistrationWithPhoneEP8_jobjectRK6StringE4$_10NS_9allocatorIS8_EEFvvEE7__cloneEPNS0_6__baseISB_EE,0x28
0x6ffd64,_ZN13WVSCIDManager7preloadEv,0xb0
0x6ffe14,_ZNSt6__ndk110__function6__funcIZN11AndroidMain15_gameBackgroundEvE4$_16NS_9allocatorIS3_EEFvvEED0Ev,0x4
0x6ffe18,_ZN31CafeBazaarBillingRequestMessage18getServiceNodeTypeEv,0x8
0x6ffe20,_ZN27HomeBattleReplayDataMessageC2Ei,0x30
0x6ffe50,_ZN13SceneRenderer17updateNodeEffectsEv,0x12c
0x6fff7c,_ZThn96_N17HeroSwipeSelector13buttonClickedEP12CustomButton,0x54
0x6fffd0,_ZThn96_N9DebugMenu13buttonClickedEP12CustomButton,0x8
0x6fffd8,_ZNK19StartLoadingMessage11getLocationEv,0x8
0x6fffe0,_ZN16GameObjectSpriteD0Ev,0x78
0x700058,_ZN10GameButton6renderER9Matrix2x3R14ColorTransformif,0x130
0x700188,_ZN16PlayerMapManager18getReportedMapInfoERK9LogicLong,0x70
0x7001f8,_ZN22AllianceChatController24refreshContentVisibilityEv,0xa4
0x70029c,_ZN21RankedTeamSelectPopup13setPlayerDataEP9MovieClipPK22LogicRankedMatchPlayer,0x264
0x700500,_ZNK24LogicBillingPackagesData11getDiamondsEv,0x8
0x700508,_ZN15LogicDataTables26getGameModeVariationByNameERK6StringP9LogicData,0x20
0x700528,_ZN16LocationCategory6resizeEv,0x15c
0x700684,_ZN6icu_587UVectorC2ER10UErrorCode,0x6c
0x7006f0,_ZN37LogicDeviceLinkCodeDeactivatedMessage18getServiceNodeTypeEv,0x8
0x7006f8,_ZN16UdpPacketHandler21encryptAndSendMessageEP14PiranhaMessagef,0x170
0x700868,_ZNK6Sprite13getTouchCountEv,0x8
0x700870,_ZN14LogicDailyData22addProLeagueSeasonDataEP19ProLeagueSeasonData,0x140
0x7009b0,_Delta_Decode,0x17c
0x700b2c,_ZN26EnterSupportedCreatorPopup19updateConfirmButtonEv,0xfc
0x700c28,_ZN18PurchaseOfferPopup19beforeOffersReceiveEP14LogicArrayListIP16LogicOfferBundleE,0x48
0x700c70,_ZN31KakaoAccountAlreadyBoundMessage15removePassTokenEv,0x10
0x700c80,_ZN11TeamManager6updateEf,0x52c
0x7011ac,_ZN14MessageManager13startTutorialEPK17LogicClientAvatarb,0x2dc
0x701488,_ZN21LogicBattleModeServer30tickSpawnEventModifierVampiresEi,0x4
0x70148c,_ZN14AllianceSearch6updateEf,0xf8
0x701584,_ZL16unistrTextLengthP5UText,0x28
0x7015ac,_ZN18DeliveryCardsPopup22playDropSpecificSoundsEf,0x6c0
0x701c6c,_ZNK27LogicAddNotificationCommand6encodeEP15ChecksumEncoder,0x80
0x701cec,_ZN27GetTokenFriendResultMessageC2Ei,0x34
0x701d20,_ZN14LogicDailyData26isBrawlPassPremiumUnlockedEv,0xcc
0x701dec,_ZNK24LogicVideoStartedCommand14getCommandTypeEv,0x8
0x701df4,_ZN19LogicProjectileData8destructEv,0xac
0x701ea0,_ZN16DataGainListener13onFastforwardEv,0x14
0x701eb4,_ZN12KakaoManager9enterGameEv,0x14c
0x702000,_ZN14ShadowRenderer15destructStaticsEv,0xc4
0x7020c4,_ZN15PepperEncrypterC2EN12PepperCrypto9SecureKeyILm32EEENS1_ILm24EEE,0x40
0x702104,_ZN20PlayerThumbnailPopup13buttonClickedEP12CustomButton,0x2c0
0x7023c4,_ZNK8Settings9isPvpSeenEv,0x8c
0x702450,_ZThn96_N13SimpleWebview13buttonClickedEP12CustomButton,0x38
0x702488,_ZN11UITabButtonD2Ev,0x44
0x7024cc,_ZNK14TencentManager16getPendingOpenIdEv,0x8
0x7024d4,_ZN8DataIcon11setIconClipERK6StringS2_,0xbc
0x702590,_ZN10DataGained5frandEv,0x48
0x7025d8,_ZNK15ProLeagueScreen9getPointsEv,0x3c
0x702614,_ZN9MovieClip19removeTimelineChildEP13DisplayObject,0x54
0x702668,_ZNK15LaserBoxManager23isInternalWebsiteSubURLERK6String,0x1cc
0x702834,_ZN5Scene8setFrameEfff,0x20
0x702854,_ZNK17GameCenterManager26isLoggedInWithWrongAccountEv,0x40
0x702894,_ZNK13LogicItemData13getExportNameEv,0x10
0x7028a4,_ZN5Stage15setCustomShaderEiP6Shaderb,0x2cc
0x702b70,_ZN15LogicStringUtil11rawNextCharERK6StringPi,0xdc
0x702c4c,_ZN11LogicRandom4randEi,0x44
0x702c90,_ZN6icu_5813UnicodeStringC2ERKS0_i,0xac
0x702d3c,_ZN4Path5mkdirERK6String,0x19c
0x702ed8,_ZN9NameInputD0Ev,0x38
0x702f10,_ZN11TeamManager18updateJoinRequestsEv,0xdc
0x702fec,_ZNK6String9substringEi,0x8
0x702ff4,_ZNK17LogicClientAvatar7getGoldEv,0x9c
0x703090,_ZN17OnlineFriendsList20createItemScrollAreaERK6String,0x18c
0x70321c,_ZN14LoginOkMessage17setContentVersionEi,0x8
0x703224,_ZN33GetCurrentBattleReplayDataMessage6encodeEv,0x4
0x703228,_ZN13LogicHomeMode15setGameListenerEP17LogicGameListener,0x18
0x703240,_ZN12EventTracker10updateTimeEf,0x14
0x703254,_ZNSt6__ndk110__function6__funcIZN11AndroidMain18onSurfaceDestroyedEvE3$_2NS_9allocatorIS3_EEFvvEEclEv,0xb4
0x703308,_ZN17AllianceFullEntryC2Ev,0xc
0x703314,_ZN14BattleEndPopup15getHeroRankContEv,0x70
0x703384,_ZN10TeamStream16addStreamEntriesEP14LogicArrayListIP11StreamEntryE,0x150
0x7034d4,_ZN15AllianceManager16getTeamsForEventEiii,0x20
0x7034f4,_ZN21LogicJSONOutReflector16reflectNextFloatEf,0x64
0x703558,_ZN11SCIDManager31requestImageDataForAvatarStringERK6String,0x10
0x703568,_ZN21RankedTeamSelectPopup15getButtonByNameERK6String,0x84
0x7035ec,_ZNSt6__ndk110__function6__funcIZN19SupercellIdCallback12setShopItemsEP8_jobjectP13_jobjectArrayS6_S6_E4$_21NS_9allocatorIS7_EEFvvEED0Ev,0x4
0x7035f0,_Z30_hb_ot_shape_fallback_positionPK18hb_ot_shape_plan_tP9hb_font_tP11hb_buffer_t,0xa4
0x703694,_ZN22scLZMADecompressFilterD0Ev,0xb8
0x70374c,_ZNKSt6__ndk110__function6__funcIZN11AndroidMain18onSurfaceDestroyedEvE3$_2NS_9allocatorIS3_EEFvvEE7__cloneEPNS0_6__baseIS6_EE,0x18
0x703764,_ZNK8CSVTable20getColumnIndexByNameERK6Stringi,0x70
0x7037d4,_ZN22UnlockAccountOkMessage18getServiceNodeTypeEv,0x8
0x7037dc,_ZN26LookingForATeamMemberPopupD2Ev,0x1c
0x7037f8,_ZN5titan4java4lang4LongC2EP8_jobject,0xbc
0x7038b4,_ubidi_getJoiningType_58,0x90
0x703944,_ZN18LeaderboardMessage18getServiceNodeTypeEv,0x8
0x70394c,_uloc_toLegacyType_58,0xc0
0x703a0c,_ZNKSt6__ndk110__function6__funcIZN29scMultithreadedLoadingManager6submitEP14scResourceDataRK18scResourceLoadInfoE3$_1NS_9allocatorIS8_EEFvvEE7__cloneEv,0x38
0x703a44,_ZNK22LogicLocationThemeData12getGroundSCWEv,0x10
0x703a54,_ZN11TeamManagerC2Ev,0xe0
0x703b34,_ZNK14BattleTutorial20shouldUseManualShootEv,0x58
0x703b8c,_ZN15ResourceManager15getResourcePathEv,0xc
0x703b98,_ZN10NativeFontD0Ev,0xa4
0x703c3c,_ZN14SceneCharacterC2EP12RenderSystemP9sc3dWorldPK18LogicCharacterDataPK13LogicSkinDataN13SceneRenderer16CoordinateSystemERK6StringfP8Material,0x848
0x704484,_ZN14FriendsManager34cancelPendingExternalFriendRequestEv,0x8
0x70448c,_ZN4Shop12setGoldPriceEP9MovieClipi,0xb4
0x704540,_ZN28PlayerMapGreenlightedMessage6decodeEv,0x48
0x704588,_ZN15LaserBoxManager7Website21startManifestDownloadEP9HTTPQueue,0x120
0x7046a8,_ZN5titan3com9supercell5titan7tencent11MSDKManager10switchUserEb,0x7c
0x704724,_ZN10RotateHeroC2EP13SceneRendererff,0x40
0x704764,_ZNSt6__ndk110__function6__funcIZN19SupercellIdCallback19claimShopItemResultEP8_jobjectRK6StringS7_S7_E4$_22NS_9allocatorIS8_EEFvvEED0Ev,0x40
0x7047a4,_ZN16UIHorizontalList6layoutEP10ScrollAreaP14LogicArrayListIP13DisplayObjectE,0xa4
0x704848,_ZN12KakaoManager6updateEf,0x230
0x704a78,_ZN2OTL11match_inputEPNS_18hb_apply_context_tEjPKNS_7IntTypeItLj2EEEPFbjRS4_PKvES8_PjSB_PbSB_,0x3ec
0x704e64,_ZN25TeamTogglePractiseMessage18getServiceNodeTypeEv,0x8
0x704e6c,_ZN11AboutScreen17backButtonPressedEv,0xc
0x704e78,_ZN19TeamSetEventMessageC2Eii,0x44
0x704ebc,_ZN14LogicDailyData15addUnlockedSkinEPK13LogicSkinData,0x13c
0x704ff8,_ZNK18LogicCharacterData15getRecoilAmountEv,0xc
0x705008,_ZNK14LogicSkillData13getLoopEffectEv,0x8
0x705010,_ZN20LogicCharacterServer21setSelfDestructDamageEi,0x8
0x705018,_ZN21LogicBattleModeServer9getPlayerEi,0x24
0x70503c,_ZN6icu_5814UnicodeMatcherD2Ev,0x4
0x705040,_ZN16TrophyRoadButton13getLeagueIconEv,0x14
0x705054,_ZN17LogicGamePlayUtil14getClosestTileEP12LogicTileMapii,0x9c
0x7050f0,_ZN8MainPageD2Ev,0xf0
0x7051e0,_ZNK19LogicProjectileData19getShadowExportNameEv,0x10
0x7051f0,_ZNK20GetPlayerMapsMessage14getMessageTypeEv,0x8
0x7051f8,_ZN6icu_5813UnicodeStringC2EPKti,0x24
0x70521c,_ZN9TweenClipD0Ev,0x40
0x70525c,_u_memcmpCodePointOrder_58,0x18
0x705274,_ZNK6icu_587UVector7indexOfEPvi,0xcc
0x705340,_ZN19DeviceLinkCodeInput11refreshTextEv,0x1c0
0x705500,_ZN17HighRateUdpPacket16setAckMessageIdsEPii,0xc
0x70550c,_ZN13LogicConfData19canEventBeCollectedEP15LogicClientHomeP9EventData,0x13c
0x705648,_ZN19LogicCommandManagerC2EP13LogicHomeMode,0x4c
0x705694,_ZN13GoHomeMessage21setVoteUpForPlayerMapEb,0xc
0x7056a0,_ZN7Utility4sqrtEf,0x8
0x7056a8,_ZNSt6__ndk110__function6__funcIZN19SupercellIdCallback11bindAccountEP8_jobjectRK6StringS7_S7_S7_bE3$_1NS_9allocatorIS8_EEFvvEED0Ev,0x48
0x7056f0,_ZN18FacebookConnection4likeERK6String,0x8
0x7056f8,_ZN11LogicRandom21setIteratedRandomSeedEi,0x8
0x705700,_ZN9InfoPopupD2Ev,0x4c
0x70574c,_ZN30LookForATeamMemberConfirmPopupD0Ev,0x84
0x7057d0,_ZN10LogicGoals23getItemUnlockPowerLevelEi,0x6c
0x70583c,_hb_ucdn_get_unicode_funcs,0xc
0x705848,_ZN21GetLeaderboardMessage6encodeEv,0x50
0x705898,_ZNK7GLImage11getFileNameEv,0x8
0x7058a0,_ZNK25TeamInviteResponseMessage14getMessageTypeEv,0x8
0x7058a8,_ZN13TextureSystem5resetEv,0xc8
0x705970,_ZN15LogicDataTables32getSeasonalSkinSectionByCampaignEPK21LogicSkinCampaignData,0xcc
0x705a3c,_ZN15BrawlPassButtonC2EP10GameButton,0xb0
0x705aec,_ZN13LogicSkinData16setOutlineShaderERK6String,0x88
0x705b74,_ZN12jpeg_decoder9terminateEi,0x28
0x705b9c,_ZN8TailItem13buttonPressedEv,0x114
0x705cb0,_ZN26UnlockAccountFailedMessage6decodeEv,0x2c
0x705cdc,_ZN8Databind16JSONOutReflector11addIntArrayEPK14LogicArrayListIiE,0xc8
0x705da4,_ZN10BattleMode12setPlayIntroEv,0x5c
0x705e00,_ures_getNextResource_58,0x164
0x705f64,_ZN10PathSpriteD2Ev,0x6c
0x705fd0,_ZNK20LogicCharacterClient15getDamageEffectEv,0x14
0x705fe4,_ZNK11LogicRandom21getIteratedRandomSeedEv,0x8
0x705fec,_ZN10HeroSprite6updateEf,0x58
0x706044,_ZN17CsvPatchRowAction8destructEv,0xc
0x706050,_ZN11SoundSystem11unloadMusicEj,0x10c
0x70615c,_ZN11LineManager20loginFailedWithErrorERK6String,0x68
0x7061c4,_ZN11TeamMessage6decodeEv,0x3c
0x706200,_ZNSt6__ndk110__function6__funcIZN11scTaskQueue3runIZN8TestCase20drawDebugPercentagesEvE4$_21EENS_13invoke_resultIT_JEE4typeES7_EUlvE_NS_9allocatorISA_EEFvvEE18destroy_deallocateEv,0x4
0x706204,_ZN7Popover10addContentEP13DisplayObject,0x10c
0x706310,_ZN12jpeg_decoder14coeff_buf_openEiiii,0xfc
0x70640c,_utrie_defaultGetFoldingOffset_58,0x4
0x706410,_ZNSt6__ndk110__function6__funcIZN8TestCase11touchSpriteEP6SpriteE3$_2NS_9allocatorIS5_EEFvvEED0Ev,0x4
0x706414,_ZN11Character3D7getPathE6String,0x114
0x706528,_ZNK20LogicCharacterServer14isWhirlwindingEv,0x7c
0x7065a4,_ZN9EntryInfo15heroItemChangedEPK18LogicCharacterDataPK13LogicCardData,0x8
0x7065ac,_ZN13BattleLogItem6addBtnERK6StringS2_,0x68
0x706614,_ZNK11LogicQuests16getQuestCountForEbP9EventData,0x190
0x7067a4,_ZN14GameInputField10inputEndedEv,0x40
0x7067e4,_Z22_hb_ot_shape_normalizePK18hb_ot_shape_plan_tP11hb_buffer_tP9hb_font_t,0x94c
0x707130,_ZN21LogicBattleModeServer14addGameObjectsEibP14LogicArrayListIPK18LogicCharacterDataEiPS0_IiE,0x13d8
0x708508,_ZNK18LogicCarryableData23getThrowFromGroundLevelEv,0x10
0x708518,_ZN21LogicJSONOutReflector15reflectIntArrayER17LogicIntArrayListPKc,0xc8
0x7085e0,_ZN19ScrollingInputField11refreshTextEv,0xc0
0x7086a0,_ZN12SoundManager8updateVOEf,0x2e4
0x708984,_ZN17LogicSecurityUtil15randomizeNonce2EiPci,0x98
0x708a1c,_ZN6icu_5813UnicodeString12releaseArrayEv,0x34
0x708a50,_ZN26ChampionshipChallengePopup11getConfDataEv,0x6c
0x708abc,_ZN16FacebookATTPopupD0Ev,0x24
0x708ae0,_ZNKSt6__ndk110__function6__funcIZN19EnvironmentRenderer6renderER9Matrix2x3R14ColorTransformifE4$_11NS_9allocatorIS7_EEFvvEE11target_typeEv,0xc
0x708aec,_ZN26SetSupportedCreatorMessageC2ERK6String,0x50
0x708b3c,_ZNK25BindTencentAccountMessage14getMessageTypeEv,0x8
0x708b44,_ZN13LogicConfData14getLevelUpCostEi,0x24
0x708b68,_ZN22ChronosResourceManagerC2Ev,0x240
0x708da8,_ZN14ChatStreamBase12isStreamOpenEi,0x68
0x708e10,_ZN21LogicProjectileServer27setItemSummonProjectileDataEPK13LogicItemDataiiii,0x18
0x708e28,_ZN11RenderQueue10renderMeshEP4MeshP11DynamicMeshPK13SceneUniformsPK13ModelUniformsRK14ColorTransformPP8MaterialbPKNS_22CustomRenderParametersE,0x4e0
0x709308,_ZN10ScoresPage15refreshLocalTabEP9MovieClipbRK6String,0x64
0x70936c,_ZN10GameButton7touchInEi,0x54
0x7093c0,_ZN19LogicRawInReflector31reflectReflectableReferenceBaseER29LogicReflectableReferenceBasePKci,0x1b0
0x709570,_ZN13LogicHomeMode13loadHomeStateEP15LogicClientHomeP17LogicClientAvatariii,0x5c
0x7095cc,_ZNK12LogicGlobals25getAllianceCreateResourceEv,0x4
0x7095d0,_ZN15ResourceManager20handleSignatureErrorEPKc,0xc
0x7095dc,_ZN19NotificationManager6updateEf,0x1a4
0x709780,_ZN12OnlinePlayer23setDataFromOnlinePlayerEPS_,0xfc
0x70987c,_ZN6icu_5813UnicodeFilter16getStaticClassIDEv,0xc
0x709888,_u_isIDIgnorable_58,0xcc
0x709954,_ZN8Databind24NlohmannJsonOutReflector7setBoolERK6Stringbb,0xbc
0x709a10,_ZN19SuggestBrawlerPopup12touchPressedERK5Touch,0x40
0x709a50,_ZN6icu_5823FullCaseFoldingIterator4nextERNS_13UnicodeStringE,0xd0
0x709b20,_ZNK20LogicCharacterClient19getCarryableCarrierEP21LogicBattleModeClient,0xa4
0x709bc4,_ZN18AllianceMemberItem33allianceMemberOnlineStatusChangedEi,0x2c
0x709bf0,_ZN17BrawlBoxInfoPopup30hasRemainingPowerPointsInGachaEv,0xcc
0x709cbc,_ZN12SoundManager6playVOEPK14LogicSoundDataiibib,0xf0
0x709dac,_ZN6StringC2ERKS_PKc,0x5c
0x709e08,_ZNKSt6__ndk110__function6__funcIZN7GLImage6createEPKc9ImageWrap11ImageFilterE3$_0NS_9allocatorIS7_EEFvvEE7__cloneEv,0x48
0x709e50,_ZN15AllianceManager22createSortedFriendListEP14LogicArrayListIP6FriendE,0x260
0x70a0b0,_ZN23TeamSetPlayerMapMessage19disableAllModifiersEv,0x3c
0x70a0ec,_ZN15DeeplinkManager17getDeepLinkSchemeEv,0x58
0x70a144,_ZNK14LogicDataTable32getDataByNameDontCrashIfNotFoundERK6String,0x84
0x70a1c8,_ZNK11ContextMenu17hasVisibleButtonsEv,0x48
0x70a210,_ZN13AntiAddiction10showDialogEii,0xcc
0x70a2dc,_ZN24HighRateUdpPacketHandler6updateEf,0x1c
0x70a2f8,_ZN19SupercellIdCallback31setPendingRegistrationWithEmailEP8_jobjectRK6Stringb,0x224
0x70a51c,_ZN19EnvironmentRenderer23setMapEditorTileVisibleEib,0x170
0x70a68c,_ZL18trampoline_destroyPv,0x4c
0x70a6d8,_ZN8ViewportD0Ev,0x4
0x70a6dc,_ZN24ResourceReferenceManager14getResourceRefERK6StringR17ResourceReferenceP16ResourceListener,0x48c
0x70ab68,_ZN32BrawlPassAutoCollectRewardsPopup13buttonClickedEP12CustomButton,0x1c
0x70ab84,_ZN10ByteStream28writeFilteredStringReferenceERK6String,0x64
0x70abe8,_ZN12LoginMessage19setSupercellIdTokenERK6String,0x5c
0x70ac44,_ZN14SessionStaticsC2Ev,0x50
0x70ac94,_udata_open_58,0x44
0x70acd8,_ZN15ResourceManager19loadQueuedResourcesEv,0x4c
0x70ad24,_hb_unicode_funcs_get_user_data,0x20
0x70ad44,_ZN8Settings13clearSettingsEv,0xd4
0x70ae18,_ZN16LogicSkillServer4tickEP20LogicCharacterServeri,0xea8
0x70bcc0,_ZN3GUI22getFreeFloaterTextSlotERK6String,0x16c
0x70be2c,_ZN37PurchaseHeroLvlUpMaterialPopupHandler10setupPriceEP9MovieClip,0x90
0x70bebc,_ZN10ScrollArea13removeContentEP13DisplayObject,0x28
0x70bee4,_ZN13ImpostorAtlasD2Ev,0x78
0x70bf5c,_ZN9InitState25showAccountMigrationPopupERK6StringiS2_,0x54
0x70bfb0,_ZNK12BattleScreen16getBotMaskHeightEv,0x9c
0x70c04c,_ZNK18LogicCarryableData36getPreventPickupFromLastTouchingTeamEv,0x10
0x70c05c,_ZN20LogicCharacterServer25AIactivateAllSkillsOfTypeEiPK14LogicSkillDataS2_S2_iibbbbb,0x478
0x70c4d4,_ZNK6CSVRow10getValueAtEi,0x10
0x70c4e4,_ZN10PlayerInfo25setupLocalizedVsIconFrameEP9MovieClip,0x6c
0x70c550,_ZN18UIDataListProvider7getListEP5UICtx,0x1e4
0x70c734,_ZN13OutlineFilter17getColorTransformEv,0x8
0x70c73c,_ZN13TimelineValue11fromBuilderERKNS_7BuilderE,0x228
0x70c964,_ZN15SpriteToTexture20startRenderToTextureEi,0xa0
0x70ca04,_ZN27BillingRequestFailedMessageC2Ei,0x50
0x70ca54,_ZN20OnlineFriendsManager14refreshPlayersEv,0x90
0x70cae4,_ZN13MapEditorMode16loadNextResourceEv,0x60
0x70cb44,_ZN21LogicJSONOutReflector13reflectRandomER11LogicRandomPKc,0xa8
0x70cbec,_ZN13AllianceIntro7setDataEP14PiranhaMessage,0x5c
0x70cc48,_ZN11SCIDManager6logOutEv,0x120
0x70cd68,_ZN30TicketCompensationNotification6encodeEP15ChecksumEncoder,0x48
0x70cdb0,_unorm_getQuickCheck_58,0x90
0x70ce40,_ZN5titan3com9supercell5titan18PushMessageService9_registerEv,0x5c
0x70ce9c,_ZNK20LogicCharacterClient7isAliveEv,0x10
0x70ceac,_ZN14LogicDailyData18getShopTickerCountEPK13LogicHomeMode,0x2b4
0x70d160,_ZN20FileDownloadListenerD0Ev,0x50
0x70d1b0,_ZN41RankedMatchFinalPreparationStartedMessage8destructEv,0x24
0x70d1d4,_ZNK18OwnHomeDataMessage33getCurrentTimeInSecondsSinceEpochEv,0x8
0x70d1dc,_ZNK34ChangePlayerMapNameResponseMessage8getMapIdEv,0x8
0x70d1e4,_ZN20LogicCharacterServer8tickBossEv,0x4
0x70d1e8,_ZN21LogicBattleModeServer30tickSpawnEventModifierPowerupsEi,0x4
0x70d1ec,_ZN11BounceTween10isFinishedEv,0x14
0x70d200,_uprv_writeDirectUInt32,0x8
0x70d208,_ZN18ClientInputManager14setTickCounterEi,0x8
0x70d210,_ZNK39LogicAccountTransferCodeResponseMessage11getLinkCodeEv,0x8
0x70d218,_ZN27LogicSelectCharacterCommandC2Ev,0x30
0x70d248,_ZN39LogicClearESportsHubNotificationCommand7executeEP13LogicHomeModeib,0x54
0x70d29c,_ZThn8_N6icu_5810UnicodeSetD0Ev,0x28
0x70d2c4,_ZNK28LogicGameObjectManagerClient14getGameObjectsEv,0x4
0x70d2c8,_ZNK18LogicServerCommand6encodeEP15ChecksumEncoder,0x3c
0x70d304,_ZN9CSVColumn15getIntValueListEv,0x8
0x70d30c,_egc_iter_get_u16_egc_length,0x2c
0x70d338,_ZNK25TuneBrawlTvChannelMessage12getChannelIdEv,0x8
0x70d340,_ZL21_hb_ft_font_set_funcsP9hb_font_tP11FT_FaceRec_b,0x20c
0x70d54c,_ZNK18LogicCharacterData16getCarryableDataEv,0x8
0x70d554,_ZN8HomePage18updateNextPatchTxtEP9MovieClip,0x1bc
0x70d710,_ZNK34LogicDeviceLinkCodeResponseMessage19getCodeValidSecondsEv,0x8
0x70d718,_ZN24BindYoozooAccountMessageC2Ev,0x38
0x70d750,_ZNKSt6__ndk110__function6__funcIZN8TestCase17getStagePointSizeEvE4$_11NS_9allocatorIS3_EEFfvEE6targetERKSt9type_info,0x1c
0x70d76c,_ZNKSt6__ndk110__function6__funcIZN8TestCase17getStagePointSizeEvE4$_11NS_9allocatorIS3_EEFfvEE11target_typeEv,0xc
0x70d778,_nti_font_get_size,0x24
0x70d79c,_ZN10HomeScreen21spellCollectionSortedEv,0x4
0x70d7a0,_ZN6icu_586LocaleD0Ev,0x68
0x70d808,_crc32_combine_,0x2a4
0x70daac,_ZN30PurchaseBrawlPassProgressPopupC2Ev,0x2e0
0x70dd8c,_ZN5titan3com9supercell5titan15ApplicationUtil23getAdvertiserIDBlockingEv,0x70
0x70ddfc,_ZN17HighscoreHeroListD2Ev,0xd8
0x70ded4,_ZN8MainPageC2EP8HomePage,0x300
0x70e1d4,_ZN24DataLoaderLayeredTexture4loadEPKcRKNSt6__ndk15arrayIiLm4EEE,0xbf4
0x70edc8,_ZNK9InitState8loggedInEv,0x18
0x70ede0,_ZNK6icu_5810UnicodeSet17getDynamicClassIDEv,0xc
0x70edec,_ZN15LaserBoxManager11onHomeEnterEv,0x8
0x70edf4,_ZN17ChineseRegulation21showChineseRegulationEv,0x114
0x70ef08,_ZN11FriendEntry18getPlayerThumbnailEv,0x10
0x70ef18,_ZN5lzham37raw_quasi_adaptive_huffman_data_model17reset_update_rateEv,0xd8
0x70eff0,_ZN8ItemIconC2EiPK13LogicCardDataP9MovieClip,0x1c8
0x70f1b8,_ZN14ShadowRendererD2Ev,0x128
0x70f2e0,_ZNK18LogicNameColorData12getColorCodeEv,0x34
0x70f314,_ZN29SendAllianceInvitationMessageC2Ev,0x34
0x70f348,_ZN11SocialPopup9selectTabEi,0x8
0x70f350,_ZNKSt6__ndk110__function6__funcIZN7GLImage6createEPKhi9ImageWrap11ImageFilterE3$_4NS_9allocatorIS7_EEFvvEE7__cloneEv,0x68
0x70f3b8,_ZN13StringBuilder6appendEi,0x140
0x70f4f8,_ZNKSt6__ndk110__function6__funcIZN11scTaskQueue3runIZN8TestCase20drawDebugPercentagesEvE4$_20EENS_13invoke_resultIT_JEE4typeES7_EUlvE_NS_9allocatorISA_EEFvvEE11target_typeEv,0xc
0x70f504,_ZN11EmotesPopup6updateEf,0x8
0x70f50c,_ZNSt6__ndk110__function6__funcIZN11scTaskQueue3runIZN8TestCase7touchUpEvE4$_18EENS_13invoke_resultIT_JEE4typeES7_EUlvE_NS_9allocatorISA_EEFvvEE18destroy_deallocateEv,0x4
0x70f510,_ZN20LogicCharacterServer20pickedUpItemThisTickEi,0x10
0x70f520,_ZNK12GenericPopup18shouldShowResourceEi,0x1c
0x70f53c,_ZN15DebugInputFieldD0Ev,0x38
0x70f574,_ZN15LogicDataTables22getLocationThemeByNameERK6StringPK9LogicData,0x20
0x70f594,_ZN9sc3dWorld26removeObjectAttachedToBoneEP15sc3dWorldObject,0x8c
0x70f620,_ZN6icu_5817ResourceDataValueD0Ev,0x24
0x70f644,_ZN5tween5Quint9easeInOutEffff,0x50
0x70f694,_ZN15ResourceManager3$_08__invokeEPKc,0x4
0x70f698,_ZNK9MovieClip21getTimelineChildCountEv,0x8
0x70f6a0,_ZN18AttackRadiusSprite3setEfffff,0x68
0x70f708,_ZNSt6__ndk110__function6__funcIZN19SupercellIdCallback20setNotificationBadgeEP8_jobjectbiE4$_19NS_9allocatorIS5_EEFvvEEclEv,0x3c
0x70f744,_ZN17ChatOptionsSlider6updateEf,0x28c
0x70f9d0,_ZN5tween7Tweener11runEquationEiiffff,0x58
0x70fa28,_ZZN8TestCase23withFirstSpriteMatchingENSt6__ndk18functionIFbP6SpriteEEENS1_IFvS3_EEEENK4$_12clIKS8_EEDaS3_RT_,0xf0
0x70fb18,_ZN13LogicDataSlotC2EPK9LogicDatai,0xc
0x70fb24,_utrie2_openDummy_58,0x2d8
0x70fdfc,_ZN24SetRegionResponseMessageC2Eii,0x44
0x70fe40,_ZN14MessageManager24sendOfflinePlayerProfileEP23GetPlayerProfileMessage,0x280
0x7100c0,_ZNK27GoogleBillingRequestMessage14getMessageTypeEv,0x8
0x7100c8,_ZN29LogicClaimRankUpRewardCommand24getFirstCollectableIndexEPK13LogicHomeModeii,0xbc
0x710184,_ZN12RC4EncrypterD0Ev,0x4
0x710188,_ZN20EncryptionKeyManager7requestEiii,0xac
0x710234,_ZN6icu_589UVector326assignERKS0_R10UErrorCode,0x1c8
0x7103fc,_ZN18LogicPlayerMapUtil9floodfillEPiiiiiii,0x12c
0x710528,_ZN6icu_586Locale9getKoreanEv,0x24
0x71054c,_ZN15LogicDataTables24getCharacterByInstanceIdEi,0x1c
0x710568,_ZN12scKeyManager6addKeyERK5scKey,0x84
0x7105ec,_ZN15FacebookManager17isFacebookEnabledEv,0x3c
0x710628,_ZNK12LogicRewards14getCountInTypeEi,0xc8
0x7106f0,_ZN15TeamMemberEntry6decodeEP10ByteStream,0x17c
0x71086c,_ZNK18LogicGemBundleData16getResourceDatasEv,0x8
0x710874,_ZNK16LogicOfferBundle17isDoubleSkinOfferEv,0x40
0x7108b4,_uloc_toLegacyKey_58,0x64
0x710918,_ZN8HeroItem8touchOutEi,0x14
0x71092c,_ZN20LogicCharacterServer14pushOutOfWallsEv,0x4
0x710930,_ZN19SupercellIdCallback6logOutEP8_jobject,0x1d8
0x710b08,_hb_font_funcs_get_empty,0xc
0x710b14,_ZN15LogicDataTables28getSeasonalSkinSectionByNameERK6StringP9LogicData,0x20
0x710b34,_ZN10HTTPClient11resetStatusEv,0xc
0x710b40,_ZN8HomePage21getClipFromContainersERK6String,0x74
0x710bb4,_utext_freeze_58,0x10
0x710bc4,_ZN21LogicBattleModeServer14tickVolleyBallEv,0x4
0x710bc8,_ZN5lzham37raw_quasi_adaptive_huffman_data_model5clearEv,0xc8
0x710c90,_ZN16MapPreviewButton13buttonPressedEv,0x68
0x710cf8,_ZN31BindGoogleServiceAccountMessage6decodeEv,0xa8
0x710da0,_ZN15LogicGlobalDataC2EP6CSVRowP14LogicDataTable,0x74
0x710e14,_ZNK10NativeFont11getAscenderEv,0x8
0x710e1c,_ZNK3GUI20getOnlineTeamupPopupEv,0x98
0x710eb4,_ZN17LogicRewardConfig6decodeEP10ByteStream,0x88
0x710f3c,_ZN3GUI17constructInstanceEv,0x38
0x710f74,_ZN12AllianceItem13buttonPressedEv,0xac
0x711020,_ZNK19LogicAreaEffectData15getLoopedEffectEv,0x8
0x711028,_ZN6icu_5813BreakIterator13buildInstanceERKNS_6LocaleEPKciR10UErrorCode,0x2f0
0x711318,_ZNK6icu_5815Normalizer2Impl17composeQuickCheckEPKtS2_aP25UNormalizationCheckResult,0x384
0x71169c,_ZN6Effect10setLoopingEb,0x6c
0x711708,_ZN9CombatHUD15KilledPlayerHUD15getTeamIntColorEii,0x90
0x711798,_ZNKSt6__ndk110__function6__funcIZN11scTaskQueue3runIZN8TestCase17releaseStageTouchEvE3$_4EENS_13invoke_resultIT_JEE4typeES7_EUlvE_NS_9allocatorISA_EEFvvEE6targetERKSt9type_info,0x1c
0x7117b4,_ZN12LogicBitList9countBitsEv,0x58
0x71180c,_ZN20AvatarProfilePicture6updateEfP8ImageSetb,0xec
0x7118f8,_ZN16LogicSkillServer18blockedForCastTypeEiiiPK12LogicTileMapi,0x634
0x711f2c,_ZN15SpriteToTexture14flipGlTexImageEPv,0x90
0x711fbc,_ZN14StreamItemList7hasItemEP10StreamItem,0x9c
0x712058,_ZN8RankItem14getScrollAreaXEv,0x8
0x712060,_ZN26LogicKeyPoolChangedCommand7executeEP13LogicHomeModeib,0x58
0x7120b8,_ZN12LoginMessage25setAppLicensingSignedDataERK6String,0x8
0x7120c0,_ZNKSt6__ndk110__function6__funcIZN11scTaskQueue3runIZN8TestCase9moveTouchER5TouchS5_S5_fE3$_7EENS_13invoke_resultIT_JEE4typeES9_EUlvE_NS_9allocatorISC_EEFvvEE7__cloneEPNS0_6__baseISF_EE,0x18
0x7120d8,_ZN20NativeSCIDConnection31requestImageDataForAvatarStringERK6String,0x8
0x7120e0,_ZNSt6__ndk110__function6__funcIZN11scTaskQueue3runIZN8TestCase13getStageWidthEvE4$_10EENS_13invoke_resultIT_JEE4typeES7_EUlvE_NS_9allocatorISA_EEFvvEE18destroy_deallocateEv,0x4
0x7120e4,_ZL24DataCacheElement_deleterPv,0x30
0x712114,_ZN14MessageManagerC2EP9Messaging,0x120
0x712234,_ZN30JoinRequestAllianceStreamEntry14setDisplayDataEP17PlayerDisplayData,0x54
0x712288,_Z26calculateMinBoundingSpherePK7Vector3IfEjRS0_Rf,0x10c
0x712394,_u_isIDPart_58,0x138
0x7124cc,_ZN9HeroPopup13toggleSortingEb,0xcc
0x712598,_ZN3GUI16moveButtonToLeftEP10GameButton,0x78
0x712610,_ZN24EsportTournamentsWebView20webviewShouldOpenURLERK6String,0x290
0x7128a0,_ZNK24LogicParticleEmitterData10getMinLifeEv,0x10
0x7128b0,_ZN9InitStateD0Ev,0x24
0x7128d4,_ZN6Friend19setAllianceExpLevelEi,0x8
0x7128dc,_ZN29AvatarNameCheckRequestMessage18getServiceNodeTypeEv,0x8
0x7128e4,_ZN20LogicCharacterServer9clearPathEv,0xc4
0x7129a8,_ZN3MD58finalizeEv,0xa0
0x712a48,_ZNK9CSVColumn12getArraySizeEii,0xd0
0x712b18,_ZN11WaitForDataC2EP14AllianceScreen,0x2c
0x712b44,_ZN8StatItemC2ERK6Stringii,0x128
0x712c6c,_ZNK14LogicMilestone7getTierEv,0x10
0x712c7c,_ZN16BattleEndMessage3dddERK6String,0x4
0x712c80,_ZN20LogicJSONInReflector16reflectExitArrayEv,0x4
0x712c84,_ZNK24EsportTournamentsWebView9canGoBackEv,0x18
0x712c9c,_ZN17LogicGamePlayUtil30getClosestLevelBorderCollisionEiiiiPK12LogicTileMapbP12LogicVector2,0x214
0x712eb0,_ZN22TeamClearInviteMessageC2EP9LogicLong,0x38
0x712ee8,_ZN21JoinRequestStreamItem6updateEf,0x118
0x713000,_ZNK21LogicGameObjectClient20getFadeCounterClientEv,0x8
0x713008,_ZN12ShopItemAnim21beforeSizeCalculationEv,0x10
0x713018,_ZNK15MapEditorScreen11isMapLoadedEv,0x10
0x713028,_ZN11wendelstein18SpawnRateComponent5resetERNS_7EmitterEb,0x78
0x7130a0,_ZNK17LogicClientAvatar6getIntEPK15LogicJSONObjectRK6String,0x28
0x7130c8,_ZN25PepperPerMessageEncrypter24fillBufferWithRandomDataEPhm,0x74
0x71313c,_ZN16BattleLogManagerD2Ev,0x2c
0x713168,_ZN6Screen17setSafeMarginLeftEj,0xc
0x713174,_ZN5tween6Bounce9easeInOutEffff,0x74
0x7131e8,_ZN22TeamPremadeChatMessage6decodeEv,0x80
0x713268,_ZNK10ScrollArea10getYOffsetEv,0x1c
0x713284,_ZN27GetTokenFriendResultMessage11removeTokenEv,0x10
0x713294,_ZNSt6__ndk110__function6__funcIZN11scTaskQueue3runIZN11AndroidMain11releaseGameEvE3$_5EENS_13invoke_resultIT_JEE4typeES7_EUlvE_NS_9allocatorISA_EEFvvEED0Ev,0x4
0x713298,_ZN8LogicMD5C2Ev,0x2c
0x7132c4,_ZN19NameChangeSubScreen10poppedBackEv,0x4
0x7132c8,_ZN14BattleEndPopup9isVictoryEv,0x24
0x7132ec,_ZN17MovieClipOriginalD0Ev,0x60
0x71334c,_ZNSt6__ndk110__function6__funcIZN7GLImage6createEiiiPKh9ImageWrap11ImageFilterE3$_7NS_9allocatorIS7_EEFvvEEclEv,0x68
0x7133b4,_ZN32BrawlPassAutoCollectRewardsPopup7fadeOutEv,0x4
0x7133b8,_ZN14TitanOutStream10writeFloatEf,0x14
0x7133cc,_ZN17AbilityCastingHUDD0Ev,0x54
0x713420,_ZN16SelectableButton12setMovieClipEP9MovieClipb,0x30
0x713450,_ZN15ResourceManager9getShaderEPKc,0x40
0x713490,_ZN12LogicVector28subtractEii,0x14
0x7134a4,_ZNKSt6__ndk110__function6__funcIZN32NativeFacebookConnectionCallback7friendsERK6StringE3$_2NS_9allocatorIS6_EEFvvEE6targetERKSt9type_info,0x1c
0x7134c0,_ZNK15DownloadManager32getRequiredFilesDownloadProgressEv,0xac
0x71356c,_ZN16LogicOfferBundle21setBillingPackageDataEPK24LogicBillingPackagesData,0x34
0x7135a0,_ZNK9Character8getLayerEv,0x8
0x7135a8,_ZN9EventItem13buttonClickedEP12CustomButton,0x8c
0x713634,_ZN9EntryInfo14updateSkinInfoEv,0x1d0
0x713804,_ZN8UIButtonD2Ev,0xb8
0x7138bc,_ZNK30AskForFriendSuggestionsMessage14getMessageTypeEv,0x8
0x7138c4,_ZN19SelectLocationPopup11modalTappedEv,0x4
0x7138c8,_ZN8Settings20setHeroSortingQuestsEb,0x9c
0x713964,_ZNK10HomeScreen29isFriendlyGameRoomDisplayableEv,0x10
0x713974,_ZN29TeamStreamEntryRemovedMessageC2EP9LogicLongS1_,0x44
0x7139b8,_ZNSt6__ndk110__function6__funcIZN8TestCase10touchStageER5TouchE3$_5NS_9allocatorIS5_EEFvvEE18destroy_deallocateEv,0x4
0x7139bc,_ZN9xMatrix4414createRotationEffff,0xec
0x713aa8,_hb_font_get_extents_for_direction,0xbc
0x713b64,_ZN15sc3dWorldCamera16setNearFarPlanesEff,0xc
0x713b70,_ZNK13LogicSkinData21getSkinFeatureLineTIDEi,0xf8
0x713c68,_ZNK15LogicEffectData13getFlashWidthEi,0x10
0x713c78,_ZN24LocalNotificationManager23debugForceNotificationsEi,0x8
0x713c80,_ZN3GUI19removeAllDataGainedEv,0x114
0x713d94,_ZN18CharacterAnimationD2Ev,0x4c
0x713de0,_ZN10HomeScreen20updatePendingVideoAdEv,0x1c8
0x713fa8,_Z16isPointInFrustumRK7Vector3IfERK9xMatrix44,0x8
0x713fb0,_ZN9MovieClip21gotoAndPlayFrameIndexEiiNS_14MovieClipStateE,0x80
0x714030,_ZNK17LogicClientAvatar21getAllHeroOrItemCardsEPK18LogicCharacterDataP14LogicArrayListIP13LogicDataSlotE,0x24c
0x71427c,_ZN17OnlineFriendsList17setContentVisibleEb,0x14
0x714290,_ZNK16PlayAgainMessage14getMessageTypeEv,0x8
0x714298,_ZN22MapEditorModifierPopupC2Ev,0x230
0x7144c8,_ZN6EffectC2EPK15LogicEffectDataiPK14GameObjectBasefffbP12RenderSystemibb,0x218
0x7146e0,_ZNK17LogicGameCalendar21getRemainingMinutesToEiii,0x68
0x714748,_ZN21GetLeaderboardMessage8destructEv,0x30
0x714778,_ZNK20RankedSeasonEndPopup28allowClosingFromModalTappingEv,0x8
0x714780,_ZNK18LogicCharacterData16getDefenseRatingEv,0x10
0x714790,_ZN19TeamSetEventMessage18getServiceNodeTypeEv,0x8
0x714798,_Z16nativePostDialogRK6StringS1_S1_S1_,0x4
0x71479c,_ZNSt6__ndk110__function6__funcIZN24DataLoaderLayeredTexture4loadEPKcRKNS_5arrayIiLm4EEEE3$_1NS_9allocatorIS9_EEFjvEEclEv,0x28
0x7147c4,_ZN13TextureSystem15getTextureWidthEi,0x20
0x7147e4,_hb_unicode_funcs_get_empty,0xc
0x7147f0,_ZN15FacebookManager14bindFacebookIDEv,0x98
0x714888,_ZN13TextureSprite6renderER9Matrix2x3R14ColorTransformif,0x3f0
0x714c78,_ZN19SelectLocationPopup12touchPressedERK5Touch,0x30
0x714ca8,_ZN11SCIDWebViewC2EP13WVSCIDManageriiii,0x18c
0x714e34,_ZN14MessageManagerD2Ev,0x8b4
0x7156e8,_ZN19GetBattleLogMessage6decodeEv,0x4
0x7156ec,_ZL32hb_font_get_nominal_glyph_parentP9hb_font_tPvjPjS1_,0x18
0x715704,_ZN12KakaoManager11bindKakaoIDEv,0xfc
0x715800,_ZNK9MovieClip15getCurrentFrameEv,0x8
0x715808,_ZN15TeamKickMessage18getServiceNodeTypeEv,0x8
0x715810,_ZN15LogicDataTables22getSpringBoardTileDataEv,0xc
0x71581c,_ZNK22LogicLocationThemeData16getBlocking3MeshEi,0x18
0x715834,_doWriteReverse,0x624
0x715e58,_ZN17LogicGamePlayUtil15getTrophyLimitsEP14LogicArrayListIiE,0x2ff8
0x718e50,_ZN24RankedLeaderboardsScreen7refreshEv,0x24
0x718e74,_ZN5lzham12lzcompressor12coding_stats5clearEv,0x18c
0x719000,_u_isxdigit_58,0xc4
0x7190c4,_ZN21LogicBattleModeServer10updateTimeEff,0x18
0x7190dc,_ZNSt6__ndk110__function6__funcIZN19EnvironmentRenderer6renderER9Matrix2x3R14ColorTransformifE3$_7NS_9allocatorIS7_EEFvvEED0Ev,0x4
0x7190e0,_ZN6icu_5818Normalizer2Factory11getNFKCImplER10UErrorCode,0x1c
0x7190fc,_ZN10EmotePanel13buttonClickedEP12CustomButton,0x18
0x719114,_ZN21CreateAllianceMessage18getServiceNodeTypeEv,0x8
0x71911c,_ZNK34AskForPlayingTencentFriendsMessage14getMessageTypeEv,0x8
0x719124,_outputChar,0xc4
0x7191e8,_ZN21LogicJSONOutReflector8popStackEv,0xe0
0x7192c8,_ZN17LogicGamePlayUtil16tweenCubicEaseInEfff,0x14
0x7192dc,_ZN9TextField9setBoundsEffff,0xc
0x7192e8,_ZN12_GLOBAL__N_114stringToBufferERKNSt6__ndk112basic_stringIcNS0_11char_traitsIcEENS0_9allocatorIcEEEEPhm,0xc4
0x7193ac,_ZN11GameWebView20webviewShouldOpenURLERK6String,0x2d4
0x719680,_ZN5tween5Quart7easeOutEffff,0x1c
0x71969c,_ZN32GoogleServiceAccountBoundMessage13setResultCodeEi,0x8
0x7196a4,_ZN19DebugPerformanceHud7getNameENS_27DebugPerformanceCounterTypeE,0x10
0x7196b4,_compare_mp,0x10
0x7196c4,_ZNKSt6__ndk110__function6__funcIZZN11AndroidMain18onSurfaceDestroyedEvENK3$_2clEvEUlvE_NS_9allocatorIS4_EEFvvEE6targetERKSt9type_info,0x1c
0x7196e0,_ZN14BattleEndPopup11fastForwardEv,0x5c
0x71973c,_ZN6icu_5810UnicodeSet5clearEv,0x7c
0x7197b8,_ZN36LogicTencentAntiAddictionInstruction8destructEv,0x58
0x719810,_ZN25LogicOffersChangedCommandC2EP14LogicArrayListIP16LogicOfferBundleE,0x34
0x719844,_ZNK10TeamStream13isInitializedEv,0x10
0x719854,_ZNSt6__ndk110__function6__funcIZN19SupercellIdCallback18openSelfHelpPortalEP8_jobjectE4$_12NS_9allocatorIS5_EEFvvEEclEv,0x28
0x71987c,_ZN29LogicClaimRankUpRewardCommand10canExecuteEPK13LogicHomeModeiPK18LogicCharacterDataii,0x1e4
0x719a60,_ZNK17SetCountryMessage14getMessageTypeEv,0x8
0x719a68,_ZN14LogicMapLoader11hasTileCodeEi,0x3c
0x719aa4,_ZN9BitStream24readPositiveVIntMax65535Ev,0x158
0x719bfc,_ZN12RenderSystem9setPausedEb,0xc
0x719c08,_nti_get_iterator,0x4
0x719c0c,_ZNK13LogicItemData14getSCWTopLayerEv,0x10
0x719c1c,_ZN33RankedMidSeasonRewardNotification6encodeEP15ChecksumEncoder,0x70
0x719c8c,_ZN18AskApiTokenMessageC2Ei,0x2c
0x719cb8,_ZN20UdpBigMessageHandlerC2Ev,0x4c
0x719d04,_ZNK13TimelineValue7endTimeEv,0x1c
0x719d20,_ZL21getLeadCombiningClassRK11IntPropertyi9UProperty,0x1c
0x719d3c,_ZN10NativeFont11updateCacheEv,0x94
0x719dd0,_ZN17ShopSkinTeaseItem6updateEf,0x11c
0x719eec,_ZN31LogicDeviceLinkEnterCodeMessage11setLinkCodeERK6String,0x8
0x719ef4,_ZN22GatchaDropOverviewItemD0Ev,0xa4
0x719f98,_ZN26AuthenticationCheckMessage6decodeEv,0x4
0x719f9c,_ZN15LogicJSONParser8nextCharERK6StringPi,0x4
0x719fa0,_ZN6icu_5818Normalizer2Factory10getNFCImplER10UErrorCode,0xc0
0x71a060,_ZN17OnlineTeamupPopupD0Ev,0x6c
0x71a0cc,_ZNK21LogicTutorialStepData11getStepNameEv,0x10
0x71a0dc,_ZN5lzham12symbol_codec6decodeERNS_18adaptive_bit_modelEb,0x178
0x71a254,_ZN19SuggestBrawlerPopup20createCustomItemListEP14LogicArrayListIP8HeroItemE,0x4ac
0x71a700,_ZN15LogicDataTables21getLaserBallEffectFlyEv,0xc
0x71a70c,_ZN10BattleMode8sleepEndEf,0x44
0x71a750,_hb_unicode_combining_class,0xc
0x71a75c,_ZN15DataLoaderFlashD0Ev,0x94
0x71a7f0,_Java_com_supercell_titan_GameApp_nOnDisplayRemoved,0x4
0x71a7f4,_ZN22ReportPlayerMapMessageC2Ev,0x4c
0x71a840,_ZN29GetAllianceInviteTokenMessageC2Ei,0x2c
0x71a86c,_ZNK9TeamEntry17getBattlingPlayerEv,0x54
0x71a8c0,_ZNSt6__ndk110__function6__funcIZN14LineConnection14requestFriendsEvE3$_5NS_9allocatorIS3_EEFvbPKN8linecorp4nova5graph5model21ProfilePagingResponseEPKNS7_5ErrorEEE7destroyEv,0x4
0x71a8c4,_ZNKSt6__ndk110__function6__funcIZN14LineConnection9autologinEvE3$_2NS_9allocatorIS3_EEFvbPKN8linecorp4nova11CredentialsEPKNS7_5ErrorEEE11target_typeEv,0xc
0x71a8d0,_ZN17LatencyTestsPopupC2Ev,0x364
0x71ac34,_ZN17LogicSkinConfData17setHappyEnterAnimERK6String,0x14
0x71ac48,_ZN9DebugInfo7addLineERK6String,0x144
0x71ad8c,_ZN6icu_5810UnicodeSet6removeEi,0xa4
0x71af74,_ZThn16_N5titan3com6google7android4play4core5tasks18OnCompleteListener6invokeEP10_jmethodIDP13_jobjectArray,0x8
0x71af7c,_ZN18PlayerCountryPopup12refreshItemsEv,0x254
0x71b1d0,_ZNK17LogicSkinConfData28getShockyStarPowerProjectileEv,0x8
0x71b1d8,_hb_shape,0x78
0x71b250,_ZNK14LogicPlayerMap11getDislikesEv,0x8
0x71b258,_ZN19ProLeagueSeasonData6encodeEP15ChecksumEncoder,0x44
0x71b29c,_ZN8LogicMD510clearArrayEPii,0x34
0x71b2d0,_stbi_ldr_to_hdr_gamma,0xc
0x71b2dc,_ZN14BrawlPassPopup13getPlayerDataEv,0x1c
0x71b2f8,_ZN5lzham18search_accelerator17find_len2_matchesEv,0x178
0x71b470,_ZN17MapPreviewMessage6encodeEv,0x28
0x71b498,_ZN25RankedMatchBanHeroMessage18getServiceNodeTypeEv,0x8
0x71b4a0,_ZN17LogicGameCalendar7setYearEi,0xbc
0x71b55c,_ZN20SelectableButtonListD2Ev,0x2c
0x71b588,_ZN16GameStateManager12touchPressedERK5Touch,0x18
0x71b5a0,_ZN23NameChangeQuestionPopupC2Ev,0x250
0x71b7f0,_ZNK8GameMain12getPointSizeEv,0x68
0x71b858,_ZNK14LogicSoundData16getMaximumByTypeEi,0x18
0x71b870,_ZN19ResetAccountMessageC2Ei,0x30
0x71b8a0,_ZN31SkinPurchaseOptionDonationPopupC2EP36SkinPurchaseOptionRewardNotification,0x354
0x71bbf4,_ZN9HeroPopup10addSubpageEP13DisplayObject,0x4
0x71bbf8,_ZN21LogicProjectileServer15shootProjectileEiiP20LogicCharacterServerPK21LogicGameObjectServerPK19LogicProjectileDataiiiiibiP21LogicBattleModeServerii,0x340
0x71bf38,_ZN25AskForAvatarStreamMessage8destructEv,0x4
0x71bf3c,_ZN5titan3com6google7android4play4core5tasks18OnCompleteListener6invokeEP10_jmethodIDP13_jobjectArray,0x260
0x71c19c,_ZN19AssetValidationUtil8validateEPK14AssetReference,0x74
0x71c210,_ZL9getScriptRK11IntPropertyi9UProperty,0x50
0x71c260,_ZN14LogicDailyData34setHeroLvlUpMaterialPackOfferStateEi,0x1c
0x71c27c,_ZNSt6__ndk110__function6__funcIZN24DataLoaderLayeredTexture4loadEPKcRKNS_5arrayIiLm4EEEE3$_1NS_9allocatorIS9_EEFjvEE18destroy_deallocateEv,0x4
0x71c280,_ZN14PiranhaMessage8destructEv,0x2c
0x71c2ac,_ZN17MovieClipOriginal16destructOriginalEv,0x14c
0x71c3f8,_ZNK20LogicCharacterClient36canMoveAndUseThisSkillSimultaneouslyEPK14LogicSkillData,0x14
0x71c40c,_ZN15MapEditorScreen9placeTileEPK13LogicTileDataiiibb,0x1004
0x71d410,_ZN20PlayerThumbnailPopup17backButtonPressedEv,0xc
0x71d41c,_ZN13LogicSkinData27setSecondarySkillRecoilAnimERK6String,0x8
0x71d424,_ZNSt6__ndk120__shared_ptr_pointerIPvZNK14scMemoryHandle10createViewES1_mPFvRKS2_EE3$_0NS_9allocatorIvEEE21__on_zero_shared_weakEv,0x4
0x71d428,_ZN13EnterAgePopupD2Ev,0x13c
0x71d564,_ZN9EntryInfo15getHeroMaxLevelEv,0x20
0x71d584,_ZN26RankedTeamSelectionManager12getStateTimeEv,0x8
0x71d58c,_ZN12jpeg_decoder15read_sof_markerEv,0x91c
0x71dea8,_ZN12jpeg_decoder10init_frameEv,0x494
0x71e33c,_ZN16ClanMessagePopup13buttonClickedEP12CustomButton,0x220
0x71e55c,_ZN21JoinRequestStreamItem22refreshPlayerThumbnailEP30JoinRequestAllianceStreamEntry,0x58
0x71e5b4,_ZN24UdpConnectionInfoMessage6encodeEv,0x58
0x71e60c,_ZN17ReplayStreamEntry9setAttackEb,0xc
0x71e618,_ZN5Stage4initEiiiiiiii,0x24
0x71e63c,_ZNK15LeaderboardPage9isPanningEv,0x10
0x71e64c,_ZNKSt6__ndk110__function6__funcIZN19SupercellIdCallback15avatarImageDataEP8_jobjectP11_jbyteArrayiiiRK6StringE4$_18NS_9allocatorISA_EEFvvEE7__cloneEPNS0_6__baseISD_EE,0x30
0x71e67c,_resolveImplicitLevels,0x724
0x71eda0,_ZNK12SupercellSWF26getResourceManagerFileNameEv,0x8
0x71eda8,_ZN25LogicPurchaseOfferCommand8destructEv,0x28
0x71edd0,_ZN16GameStateManager21setAfterContentUpdateEb,0xc
0x71eddc,_ucdn_mirror,0xbc
0x71ee98,_ZNK27DonationReceivedStreamEntry18getStreamEntryTypeEv,0x8
0x71eea0,_ZNK30SubmitPlayerMapResponseMessage8getMapIdEv,0x8
0x71eea8,_ZNK17LogicGameCalendar15getMillisecondsEv,0x8
0x71eeb0,_ZN22ShapeDrawBitmapCommandD2Ev,0xc
0x71eebc,_Z23decompressBlockTHUMB59TjjPhiiii,0x8
0x71eec4,_ZNK18QuitMapEditorPopup12getPopupTypeEv,0x8
0x71eecc,_ZN21CreateAllianceMessage8destructEv,0x6c
0x71ef38,_ZNK21LogicProjectileClient7getTypeEv,0x8
0x71ef40,_ZN16LocationCategoryD0Ev,0x68
0x71efa8,_ZNK21LogicBattleModeClient14getPlayerCountEv,0x8
0x71efb0,_ZN19AllianceMemberEntry14setDisplayDataEP17PlayerDisplayData,0x54
0x71f004,_ZN10HomeScreen18addResourcesToLoadEP16ResourceListener,0x4
0x71f008,_ZN6icu_5822RuleBasedBreakIterator16getStaticClassIDEv,0xc
0x71f014,_ZNKSt6__ndk110__function6__funcIZN12scFilesystem12layerRemovedERKNS_10shared_ptrI17scAbstractFSLayerEEE3$_3NS_9allocatorIS8_EEFvPNS2_9IListenerEEE7__cloneEPNS0_6__baseISD_EE,0x38
0x71f04c,_ZN13QuestionPopUpC2EiRK6StringS2_,0xd8
0x71f124,_ZThn96_N8HomePage13buttonClickedEP12CustomButton,0x8
0x71f12c,_ZN5lzham12lzham_mallocEmPm,0x8c
0x71f1b8,_ZN12NSCIDManager26logOutFromAllDevicesFailedEv,0x4
0x71f1bc,_ZN9EntryInfo13buttonClickedEP12CustomButton,0xf40
0x7200fc,_ZNK15TeamKickMessage14getMessageTypeEv,0x8
0x720104,_ZN26ChampionshipChallengePopup14destructEventsEv,0xa0
0x7201a4,_ZN12LogicVector28destructEv,0x8
0x7201ac,_ZN10InboxPopupD2Ev,0x160
0x72030c,_ZN15SuggestionEntryC2EiP11FriendEntry,0xc
0x720318,_ZN14RankedGoalItem11showFloaterEv,0x2c
0x720344,_ZN23LogicHomeChangeListenerC2Ev,0x10
0x720354,_ZN12LoginMessage9setDeviceEP6String,0x8
0x72035c,_ZNK32YoozooOrderDeliveryFailedMessage13getStatusCodeEv,0x8
0x720364,_ZL27decompose_current_characterPK31hb_ot_shape_normalize_context_tb,0x330
0x720694,_ZN7Shape3d9setMatrixERK9xMatrix44,0x14
0x7206a8,_ZN16LobbyInfoMessageC2EiP6String,0x4c
0x7206f4,_ZN11ClientInputC2Ei,0x18
0x72070c,_ZN22UdpSingleMessagePacket8destructEv,0x4c
0x720758,_ZNK9Character20getRenderAngleAttackEv,0xc
0x720764,_Z21herodataSort_trophiesPK18LogicCharacterDataS1_,0xc0
0x720824,_ZN11ButtonEntry5onTapEv,0x104
0x720928,_ZNK6Shader16setUniformMatrixEPKcRK9xMatrix44i,0x48
0x720970,_ZN22ClientContentValidatorC2Ev,0x70
0x7209e0,_ZN15ResourceManager12validateTidsERK6String,0x4
0x7209e4,_ZNK27PersonalBreakStartedMessage20getSecondsUntilBreakEv,0x8
0x7209ec,_ZNK10scPackFile20updateFileEntryFlagsERK15scPackFileEntryt,0xf4
0x720ae0,_ZN17MyAllianceMessage6encodeEv,0x6c
0x720b4c,_ZN10SWFTexture11loadTextureEP12SupercellSWFiibiiibb,0xa8
0x720bf4,_ZN16BattleEndMessage16createDummyQuestEiiiiiRK6Stringi,0xc8
0x720cbc,_ZN9EntryInfo12refreshSkinsEv,0x10dc
0x721d98,_ZN5lzhamL21lzham_default_reallocEPvmPmjS0_,0xe4
0x721e7c,_ZN10NativeFont8loadFileEPKcfbbb,0x2f8
0x722174,_ZN16ChatOptionsPopup7fadeOutEv,0x34
0x7221a8,_ZN21UnbotifyReportMessage18getServiceNodeTypeEv,0x8
0x7221b0,_ZN17LogicGameModeUtil11getMaxScoreEii,0x68
0x722218,_ZNKSt6__ndk110__function6__funcIZN8TestCase18swipeAllDirectionsEP13DisplayObjectE4$_23NS_9allocatorIS5_EEFbvEE11target_typeEv,0xc
0x722224,_ZN24LogicPlayerThumbnailData12resetStaticsEPK8CSVTable,0x14c
0x722370,_ZNSt6__ndk110__function6__funcIZN27BattleEndRankedRankUpScreen14addExecutionToEP18SequencedExecutionE3$_0NS_9allocatorIS5_EEFbvEEclEv,0x84
0x7223f4,_ZN14StreamItemList34getLastStreamEntryOfTypeFromPlayerEiPK9LogicLong,0x98
0x72248c,_ZL18stringIteratorNextP13UCharIterator,0x2c
0x7224b8,_ZN10PlayerInfo19refreshPlayerHeaderEv,0x1e0
0x722698,_ZN16LogicReflectable14copyValuesFromEPS_PK16ReflectableIdMap,0x110
0x7227a8,_ZNKSt6__ndk110__function6__funcIZN11scTaskQueue3runIZN7GLImage16createWithFormatEiiiiPKv9ImageWrap11ImageFilterRbE3$_8EENS_13invoke_resultIT_JEE4typeESC_EUlvE_NS_9allocatorISF_EEFvvEE6targetERKSt9type_info,0x1c
0x7227c4,_ZN10TeamStream10closeInputEv,0x4c
0x722810,_ZNK6icu_5815Normalizer2Impl7makeFCDEPKtS2_PNS_16ReorderingBufferER10UErrorCode,0x4d8
0x722ce8,_ZNK6icu_5815Normalizer2Impl16getCanonStartSetEiRNS_10UnicodeSetE,0x1bc
0x722ea4,_ZNK19LogicProjectileData17getHealOwnPercentEv,0x8
0x722eac,_ZNK6icu_5813UnicodeString13doCaseCompareEiiPKtiij,0xfc
0x722fa8,_ZN10HeroSpriteC2EiPK18LogicCharacterDataPK13LogicSkinDataffb,0xdc
0x723084,_ZN13LogicBossData16createReferencesEv,0x318
0x72339c,_ZNKSt6__ndk110__function6__funcIZN32NativeFacebookConnectionCallback7friendsERK6StringE3$_2NS_9allocatorIS6_EEFvvEE7__cloneEv,0x38
0x7233d4,_ZN22MapEditorModifierPopup15addModifierItemEi,0x180
0x723554,_ZN12GenericPopupD2Ev,0xd4
0x723628,_ZNK22AskForBattleEndMessage14getMessageTypeEv,0x8
0x723630,_utrace_data_58,0xb8
0x7236e8,_ZNK20LogicCharacterServer7hasBuffEi,0x8
0x7236f0,_ZThn96_N9EventItem13buttonClickedEP12CustomButton,0x8c
0x72377c,_ZN17LogicShopItemDataC2EP6CSVRowP14LogicDataTable,0x2c
0x7237a8,_ZN31KakaoAccountAlreadyBoundMessage8destructEv,0xa8
0x723850,_ZN15LogicItemClientC2EPK13LogicItemData,0x68
0x7238b8,_ZN8TestCase5swipeENS_14SwipeDirectionEiiff,0x220
0x723ad8,_ZN16AllianceSettings18setOkButtonGrayOutEb,0x38
0x723b10,_ZN16ServerConnection20loadSCIDGuestAccountENS_10ServerTypeE,0x1dc
0x723cec,_ZN15ParticleEmitterD0Ev,0x48
0x723d34,_ZL31hb_font_get_glyph_h_kerning_nilP9hb_font_tPvjjS1_,0x8
0x723d3c,_ZN33LogicDeviceLinkCodeRequestMessageC2Ev,0x30
0x723d6c,_ZN16DataGainListener15setIconLocationEv,0x4c
0x723db8,_ZN30RemoveAvatarStreamEntryMessage8destructEv,0x30
0x723de8,_ZNK11LogicPlayer16getGemsCollectedEv,0x3c
0x723e24,_ZL23override_features_indicP21hb_ot_shape_planner_t,0x7c
0x723ea0,_ZN9EntryInfo12handleLockedEv,0x1e8
0x724088,_ZNSt6__ndk110__function6__funcIZN19SupercellIdCallback24setPendingLoginWithEmailEP8_jobjectRK6StringbE3$_7NS_9allocatorIS8_EEFvvEE7destroyEv,0x8
0x724090,_ZN8HomePage35refreshChampionshipChallengeElementEv,0xf8
0x724188,_ZN12ShopItemAnim13getFilterTypeEv,0x10
0x724198,_u_setTimeZoneFilesDirectory_58,0x18c
0x724324,_ZN16GameObjectSprite20setPositionFromLogicEiii,0x30
0x724354,_ZNK20LogicBattlePlayerMap13getAvatarNameEv,0x8
0x72435c,_ZNK6scglTF9BufferPtr12isNormalizedEv,0x8
0x724364,_ZNK19LogicProjectileData13getTravelTypeEv,0x8
0x72436c,_ZNK14LogicPlayerMap34getLastUpdateTimeSecondsSinceEpochEv,0x8
0x724374,_ZNK13LogicHomeMode26isPurchaseResourceUnlockedEP16LogicOfferBundle,0x6c
0x7243e0,_ZN41CafeBazaarBillingProcessedByServerMessageC2Ev,0x78
0x724458,_ZNK22LogicLocationThemeData36getDestructableAngleStep_CN_OverrideEi,0x18
0x724470,_ZNK13LogicCardData9getRarityEi,0x38
0x7244a8,_ZN17RemoveFriendPopup18customButtonTappedEP10GameButtoni,0x68
0x724510,_utf8_prevCharSafeBody_58,0x200
0x724710,_ZN19ScrollingInputFieldD2Ev,0x5c
0x72476c,_ZN5Stage24setStencilRenderingStateEi,0x12c
0x724898,_ZNK37GoogleBillingProcessedByServerMessage9getProdIdEv,0x8
0x7248a0,_ZN18DecoratedTextField16setDecoratedTextERK6StringPK22LogicColorGradientData,0xd8
0x724978,_ZN5lzham18search_accelerator25find_all_matches_callbackEyPv,0x590
0x724f08,_ZN13LogicJSONNode11asJSONArrayEb,0x8c
0x724f94,_ZN20GetPlayerMapsMessageC2Ev,0x30
0x724fc4,_ZNKSt6__ndk110__function6__funcIZN11scTaskQueue3runIZN8TestCase23withFirstSpriteMatchingENS_8functionIFbP6SpriteEEENS5_IFvS7_EEEE4$_13EENS_13invoke_resultIT_JEE4typeESE_EUlvE_NS_9allocatorISH_EEFvvEE6targetERKSt9type_info,0x1c
0x724fe0,_ZN9BitStream23writePositiveIntMax1023Ei,0x8
0x724fe8,_ZNSt6__ndk110__function6__funcIZN6scglTF12_GLOBAL__N_111convertGLTFEP7SCWFileRKN2fx4gltf8DocumentERK6StringE3$_0NS_9allocatorISE_EEFvvEE18destroy_deallocateEv,0x4
0x724fec,_ZNK17LogicShopItemData12getOfferTypeEv,0x10
0x724ffc,_ZNK17LogicSkinConfData18getSignatureEffectEv,0xc
0x72500c,_ZN15LogicClientHome4loadEP15LogicJSONObject,0x4
0x725010,_ZN20EndClientTurnMessageC2Ei,0x3c
0x72504c,_ZN18LogicPlayerMapUtil12floodfillBitEPiiiiiii,0x134
0x725180,_ZN8Databind16JSONOutReflector15reflectNextBoolEb,0x68
0x7251e8,_ZN21LogicProjectileServer15returnBoomerangEv,0x4
0x7251ec,_ZNSt6__ndk110__function6__funcIZ50Java_com_supercell_titan_GameApp_handleDeeplinkURLE3$_1NS_9allocatorIS2_EEFvvEE7destroyEv,0x8
0x7251f4,_ZN16NameChangeWindowD0Ev,0xbc
0x7252b0,_ZNSt6__ndk110__function6__funcIZ54Java_com_supercell_titan_GoogleServiceClient_onSignOutP7_JNIEnvP7_jclassE3$_1NS_9allocatorIS6_EEFvvEED0Ev,0x4
0x7252b4,_ZN28ExtendedSetEncryptionMessageC2Ei,0x30
0x7252e4,_ZN15LogicDataTables25getFirstMessageDataByTypeEi,0x8c
0x725370,_ZNK9Character26getLockedRenderAngleAttackEv,0xc
0x72537c,_ZN22ShutdownStartedMessage6encodeEv,0x28
0x7253a4,_ZNK17LogicSkinConfData19getGadgetActiveAnimEv,0x10
0x7253b4,_ZN10HomeScreen19closeCustomPopoversEbP13DisplayObject,0x40
0x7253f4,_ZN18DailyEventsMessageC2Ei,0x38
0x72542c,_ZN20PlayerProfileMessageC2Ev,0x38
0x725464,_ZN6icu_5810UnicodeSetC2ERKNS_13UnicodeStringER10UErrorCode,0x158
0x7255bc,_ZN3GUI23removeAllDataGainedLootEv,0x308
0x7258c4,_ZN21LogicBattleModeServer13getPathFinderEv,0xc
0x7258d0,_ZN14HelpshiftTitan9isVisibleEv,0x9c
0x72596c,_ZN11Application15setKeepScreenOnEb,0x8
0x725974,_ZNKSt6__ndk110__function6__funcIZN21RankedTeamSelectPopup6updateEfE3$_0NS_9allocatorIS3_EEFP9ExecutionvEE7__cloneEPNS0_6__baseIS8_EE,0x18
0x72598c,_ZN13SceneRenderer19setDefaultAnimationEif,0x54
0x7259e0,_ZN11AndroidMain6onStopEv,0x8
0x7259e8,_ZN16BufferedReadFileC2ERK14scMemoryHandle,0x80
0x725a68,_ZN8CSVPatchC2ERK6Stringi,0x50
0x725ab8,_ZNK31PurchaseOfferBundlePopupHandler26sendAnalyticEventForActionERK6String,0x11c
0x725bd4,_ZN35AskForPlayingFacebookFriendsMessage8destructEv,0x98
0x725c6c,_ZN9BitStream25writePositiveVIntMax65535Ei,0x8
0x725c74,_ZNSt6__ndk110__function6__funcIZN11scTaskQueue3runIZN11AndroidMain11releaseGameEvE3$_5EENS_13invoke_resultIT_JEE4typeES7_EUlvE_NS_9allocatorISA_EEFvvEE7destroyEv,0x4
0x725c78,_ZN8InStream7readUTFEv,0x204
0x725e7c,_ZN9TextField20updateCursorPositionEv,0x2a8
0x726124,_ZN12GenericPopup8getTitleEv,0x74
0x726198,_ZN11LatencyData6encodeEP15ChecksumEncoder,0xd0
0x726268,_ZN20LogicCharacterServer19handleMoveAndAttackEv,0x1df8
0x728060,_ZN10ScrollArea8scrollToEffff,0x8
0x728068,_ZN5Stage12addTrianglesEi,0x184
0x7281ec,_ZN6icu_5810UnicodeSet13complementAllERKNS_13UnicodeStringE,0xe8
0x7282d4,_ZN24RankedLeaderboardsScreenC2Ev,0x3a8
0x72867c,_ZN15TeamInviteEntry8destructEv,0x68
0x7286e4,_ZNK21LogicBattleModeClient11getTileDataEi,0x1c
0x728700,_ZN6icu_5810UnicodeSet6retainEi,0x8
0x728708,_ZNK16LogicJSONBoolean7getTypeEv,0x8
0x728710,_ZNK10StringView16equalsIgnoreCaseEPKc,0x5c
0x72876c,_ZN22MessageDataStreamEntryC2Ev,0x30
0x72879c,_ZN6icu_588RBBINode16flattenVariablesEv,0x90
0x72882c,_ZN15ResourceManager23getAllDataLoadersByTypeEi,0x1d4
0x728a00,_ZNK7CSVNode12getNodeCountEv,0x8
0x728a08,_ZN12SupercellSWF13readMatrix2x3ER9Matrix2x3,0x3f8
0x728e00,_u_digit_58,0x110
0x728f10,_ZNK6Shader17setUniformVector2Eiff,0x14
0x728f24,_ZL13putil_cleanupv,0x8c
0x728fb0,_ZNK12BattleScreen15getRenderSystemEv,0x8
0x728fb8,_ZN9TextFieldC2ERKS_,0x174
0x72912c,_ZN9MovieClip13setMSPerFrameEf,0x84
0x7291b0,_ZN13DisplayObject9setShaderEi,0x10
0x7291c0,_ZN5titan3com9supercell5titan7GameApp14setDisplayModeEi,0x74
0x729234,_ZNK18DataPatchGenerator18generateJSONForTIDERK6String,0x114
0x729348,_ZNK15GameSCIDManager13isYoungPlayerEv,0x1c
0x729364,_ZN8Databind12DatabindTree7destroyEv,0x38
0x72939c,_ZN15LogicClientHome22destroyDoubleableDropsEv,0xf8
0x729494,_ZN5titan3com9supercell5titan18GoogleAppLicensing11checkAccessEv,0x5c
0x7294f0,_lzham_z_version,0xc
0x7294fc,_ZN11SkinPreview6renderER9Matrix2x3R14ColorTransformif,0x74
0x729570,_ZNK15LogicLocaleData21isFallbackToHelpshiftEv,0x44
0x7295b4,_ZNK23MatchmakeRequestMessage14getMessageTypeEv,0x8
0x7295bc,_ZNK10BattleMode15getPlayerAvatarEv,0x40
0x7295fc,_ZN10DataGained3Prt6updateEf,0x25c
0x729858,_ZN25ChinaLoginExtraTermsPopup7fadeOutEv,0x2c
0x729884,_ZN22TeamSetLocationMessage18setCustomModifiersEPK17LogicIntArrayList,0x1e8
0x729a6c,_ZNK20LogicCharacterClient16isMinionSummonedEv,0x8
0x729a74,_ZN31PreviewBrawlerOrSkinRewardPopup6updateEf,0x34
0x729aa8,_ZN11LineManager11lineFriendsEiP8LineUser,0xe4
0x729b8c,_ZNK14scMemoryHandle10createViewEmmPFvRKS_E,0xec
0x729c78,_ZN10GatchaDropC2EP10ByteStream,0xac
0x729d24,_Ppmd7_DecodeSymbol,0x450
0x72a174,_ZN29ChangeAllianceSettingsMessage18getServiceNodeTypeEv,0x8
0x72a17c,_ZN15LogicDataTables24getPoisonedCrippleEffectEv,0xc
0x72a188,_ZN9Matrix2x36rotateEfff,0x64
0x72a1ec,_ZN18AttackRadiusSprite6renderER9Matrix2x3R14ColorTransformif,0x1fc
0x72a3e8,_ZN19AvatarStreamManager19initOfflineTestDataEv,0x4
0x72a3ec,_ZN12VertexBufferC2EPK15VertexAttributej,0xf8
0x72a4e4,_ZNSt6__ndk17__sort4IRZN13ImpostorAtlas11addImpostorEP8ImpostorbbE3$_0PNS1_5EntryEEEjT0_S8_S8_S8_T_,0x1b4
0x72a698,_ZNK9TextField11isMultiLineEv,0x8
0x72a6a0,_ZNK11TeamManager12teamCodeToIdERK6String,0x8
0x72a6a8,_ZNK19LogicAreaEffectData19getExportNameObjectEv,0x10
0x72a6b8,_ZN19LogicRawInReflector17reflectNextStringERK6String,0x18
0x72a6d0,_ZN15sc3dWorldSpriteD0Ev,0x24
0x72a6f4,_ZN23HomeBattleReplayMessage18getServiceNodeTypeEv,0x8
0x72a6fc,_ZNK17LogicDebugCommand14getCommandTypeEv,0x8
0x72a704,_uloc_getCountry_58,0x16c
0x72a870,_ZN16GameStateManager21setGameStateIdToTrackEi,0x1c4
0x72aa34,_ZN37GoogleBillingProcessedByServerMessage6encodeEv,0x44
0x72aa78,_ZNK11LogicPlayer6getDPSEv,0x150
0x72abc8,_ZN28PlayerMapGreenlightedMessage6encodeEv,0x44
0x72ac0c,_ZN31BindGoogleServiceAccountMessage18setGoogleServiceIdEP6String,0x8
0x72ac14,_ZN17MovementIndicatorD0Ev,0xac
0x72acc0,_ZN22BindLineAccountMessage25removeAuthenticationTokenEv,0x10
0x72acd0,_ZNK13LogicHomeMode29setupCharacterForRankedPlayerEP22LogicRankedMatchPlayerPK18LogicCharacterData,0x64
0x72ad34,_ZNK13TitanInStream4isOkEv,0x8
0x72ad3c,_ZNK21LogicPlayerRewardData8toStringEv,0xbc
0x72adf8,_ZN10LZMAReader14readShortArrayEi,0x58
0x72ae50,_ZNK17LogicSkinConfData8getModelEv,0x54
0x72aea4,_ZN10InputField13checkTextFitsEfi,0xa8
0x72af4c,_ZN6icu_5819LanguageBreakEngineC2Ev,0x14
0x72af60,_ZN5titan3com9supercell5titan7GameApp19testDeviceIntegrityERKNSt6__ndk16vectorISt4byteNS4_9allocatorIS6_EEEE,0xe0
0x72b040,_ZN5Items11getNumItemsEv,0x8
0x72b048,_ZN21LogicProjectileServer28setSummonMinionForAreaEffectEPK18LogicCharacterDataii,0x10
0x72b058,_ZN15LogicDataTables11getDataByIdEii,0x88
0x72b0e0,_ZN10HomeScreen18bonusRewardClaimedEv,0x4
0x72b0e4,_ZN15LogicStringUtil5splitEPKcS1_ii,0x384
0x72b468,_ZNK26LogicGameModeVariationData26getSquareBannerOverrideSWFEv,0x10
0x72b478,_ZNK12LogicCommand16getTickWhenGivenEv,0x8
0x72b480,_utf8_nextCharSafeBody_58,0x1f0
0x72b670,_ZNK17LogicCampaignData12getNumTowersEv,0x10
0x72b680,_ucase_toFullLower_58,0x6ec
0x72bd6c,_ZNK28UdpBigMessageFragmentMessage11getFragmentEv,0x8
0x72bd74,_ZNKSt6__ndk110__function6__funcIZN32NativeFacebookConnectionCallback20loginFailedWithErrorERK6StringS5_E3$_0NS_9allocatorIS6_EEFvvEE6targetERKSt9type_info,0x1c
0x72bd90,_ZN29AvatarNameChangeFailedMessageC2Ev,0x34
0x72bdc4,_ZN17ShopSkinTeaseItem15getForcedBoundsEv,0x60
0x72be24,_ZN16ScreenProperties13setScreenModeERK10ScreenMode,0x8
0x72be2c,_ZNKSt6__ndk110__function6__funcIZN19SupercellIdCallback29purchasesReceivedNotificationEP8_jobjectP13_jobjectArrayE4$_26NS_9allocatorIS7_EEFvvEE7__cloneEv,0x40
0x72be6c,_ZN16HelpshiftManager9isVisibleEv,0x14
0x72be80,_ZN5lzham12lzcompressor5state10encode_eobERNS_12symbol_codecERKNS_18search_acceleratorEj,0x7c
0x72befc,_ZN9sc3dWorld16set2DLayerParentEiP6Sprite,0xc
0x72bf08,_ZN3MD56updateEPKcj,0x4
0x72bf0c,_ZN15LogicDataTables15getTableMutableEi,0x10
0x72bf1c,_ZNSt6__ndk110__function6__funcIZN11scTaskQueue3runIZN8TestCase11touchSpriteEP6SpriteE3$_1EENS_13invoke_resultIT_JEE4typeES9_EUlvE_NS_9allocatorISC_EEFvvEE18destroy_deallocateEv,0x4
0x72bf20,_ZN16BattleEndMessage30createDummyFriendlyTvstMessageEii,0xcc
0x72bfec,_ZN11SkinPreview6updateEf,0x314
0x72c300,_ZN16YoozooLoginState31shouldShowSplashOnLoadingScreenEv,0x14
0x72c314,_ZN5titan3com9supercell5titan21NativeFacebookManager18jniRequestUserInfoERK6String,0x8c
0x72c3a0,_ZN9EntryInfo14addPowerButtonEP16DropGUIContainerRK6Stringi,0xf8
0x72c498,_ZN9BadgeItemD2Ev,0x14
0x72c4ac,_ZN14LogicMilestone20getUnlockForMetaTypeEii,0x18
0x72c4c4,_ZN17LogicGameModeUtil11hasOvertimeEi,0x28
0x72c4ec,_ZNK18LogicCharacterData20getGatchaScreenScaleEv,0x8
0x72c4f4,_ZN17MovieClipOriginal22createTimelineChildrenEPK12SupercellSWF,0x84
0x72c578,_ZNSt6__ndk127__insertion_sort_incompleteIRZN19EnvironmentRenderer6renderER9Matrix2x3R14ColorTransformifE4$_10PNS1_9CharacterEEEbT0_SA_T_,0x4bc
0x72ca34,_ZNK13LogicTileData22getBaseExplosionEffectEv,0x10
0x72ca44,_ZN12MapEditorHUDC2Ev,0xea8
0x72d8ec,_ZNK13HeroDataEntry6encodeEP15ChecksumEncoder,0x74
0x72d960,_ZN14ScreenRecorder9canRecordEv,0x8
0x72d968,_stbi_info_from_file,0xe8
0x72da50,_ZN11QuestsPopup15setHiliteStatesEPK18LogicCharacterDataib,0xf8
0x72db48,_ZN6icu_58plERKNS_13UnicodeStringES2_,0x228
0x72dd70,_ZN19CachedFontFormatter13getLineAscentEv,0x18
0x72dd88,_ZN31PvpMatchmakeNotificationMessageC2Ev,0x34
0x72ddbc,_ZN14StreamItemList11scrollToNewEv,0x88
0x72de44,_ZN6icu_5814RBBISetBuilderC2EPNS_15RBBIRuleBuilderE,0x18
0x72de5c,_ZN25MovieClipModifierOriginal5cloneEPK12SupercellSWFPK4Rect,0x44
0x72dea0,_ZN11SoundSystem21getSoundLengthSecondsEj,0x88
0x72df28,_ZNK25BrawlTvChannelListMessage14getMessageTypeEv,0x8
0x72df30,_ZN11TeamManager23clearMmStartTeamMembersEv,0xc0
0x72dff0,_ZN6icu_5810UnicodeSet20ensureBufferCapacityEiR10UErrorCode,0xc4
0x72e0b4,_ZNK22CreateAccountOkMessage20getAccountIdLowerIntEv,0x8
0x72e0bc,_ZNK13LogicHomeMode8getStateEv,0x8
0x72e0c4,_ZN19DebugPerformanceHud18setOverdrawEnabledEb,0xc
0x72e0d0,_ZNK20EndClientTurnMessage11getChecksumEv,0x8
0x72e0d8,_ZN6FadeIn6updateEf,0x68
0x72e140,_ZN7rg_etc110etc1_block11pack_color5Ejjjbj,0x70
0x72e1b0,_ZNK14LogicDailyData23getFreeOfferBundleIndexEv,0x38
0x72e1e8,_ZN26LogicMersenneTwisterRandomC2Ev,0x68
0x72e250,_ZN21TeamReportChatMessage6encodeEv,0x38
0x72e288,_ZNK14LogicDataTable12getTableNameEv,0x18
0x72e2a0,_ZN11LineManager6updateEf,0x218
0x72e4b8,_ZN24UnbindLineAccountMessage8destructEv,0x4
0x72e4bc,_ZN17LogicGamePlayUtil9lerpAngleEiii,0x80
0x72e53c,_ZNK39LogicClearESportsHubNotificationCommand14getCommandTypeEv,0x8
0x72e544,_ZN5titan3com9supercell5titan12TitanWebView4showEiiii,0xb4
0x72e5f8,_ZNKSt6__ndk110__function6__funcIZN19EnvironmentRenderer6renderER9Matrix2x3R14ColorTransformifE3$_7NS_9allocatorIS7_EEFvvEE6targetERKSt9type_info,0x1c
0x72e614,_ZN12MovieClipRefC2EPKcS1_,0x2c
0x72e640,_ZN32GoHomeFromOfflinePractiseMessage18getServiceNodeTypeEv,0x8
0x72e648,_ZN11hb_buffer_t12clear_outputEv,0x24
0x72e66c,_ZN8HomeMode9debugDrawEv,0x18
0x72e684,_ZNKSt6__ndk110__function6__funcIZN11scTaskQueue3runIZN8TestCase6dragToER5TouchfE4$_17EENS_13invoke_resultIT_JEE4typeES9_EUlvE_NS_9allocatorISC_EEFvvEE7__cloneEPNS0_6__baseISF_EE,0x18
0x72e69c,_ZN12_GLOBAL__N_123LaserEmitterDataFactory6createEv,0x50
0x72e6ec,_ZN31AvatarStreamEntryRemovedMessageC2Ev,0x34
0x72e720,_ZN22SkinRewardNotification6encodeEP15ChecksumEncoder,0x34
0x72e754,_ZN34FacebookAccountAlreadyBoundMessage16removeFacebookIdEv,0x10
0x72e764,_utrie_swap_58,0x1d0
0x72e934,_ZN30AvatarNameCheckResponseMessage12getErrorCodeEv,0x8
0x72e93c,_ZThn96_NK12MapEditorHUD16getAnalyticsNameEv,0xc
0x72e948,_ZNK3GUI23needToHideTutorialArrowEPK17LogicTutorialData,0x8
0x72e950,_ZNK19LogicAreaEffectData9getRadiusEv,0x8
0x72e958,_ZNK18LogicAccessoryData15getStopMovementEv,0x10
0x72e968,_ZN31BattleLogReplayAvailableMessage18getServiceNodeTypeEv,0x8
0x72e970,_ZN13OpenGLContext15registerContextEPS_,0x80
0x72e9f0,_Z61Java_com_supercell_titan_GoogleServiceClient_onSignInCanceledP7_JNIEnvP7_jclass,0x190
0x72eb80,_ZN10DataGained14getTypeForDataEPK9LogicData,0x88
0x72ec08,_ZN26ChampionshipChallengePopup13getCurrentMapEv,0xbc
0x72ecc4,_ZN19LogicRawInReflector16reflectLongArrayER14LogicArrayListIxEPKc,0x1b0
0x72ee74,_ZNK8NewsPage7NewsTab16getTabButtonTextEv,0x104
0x72ef78,_ZN6CSVRow15setIntegerValueEiRK6Stringi,0x10
0x72ef88,_ZN12AllianceInfo13storeDataCopyEP17AllianceFullEntry,0x144
0x72f0cc,_ZN10TestRunner11reportErrorE6StringS0_,0x70
0x72f13c,_ZN26OfferPurchaseQuestionPopupD0Ev,0x4c
0x72f188,_u_isupper_58,0x7c
0x72f204,_ZNK20LogicCharacterServer19isImmortalityActiveEv,0x8
0x72f20c,_ZNK29scMultithreadedLoadingManager12isMainThreadEv,0x4c
0x72f258,_ZN38BrawlPassAutoCollectSeasonNotification8destructEv,0x58
0x72f2b0,_ZN12AllianceInfo13touchReleasedERK5Touch,0x38
0x72f2e8,_ZN12SkinListItem4loadEv,0x70
0x72f358,_ZThn336_NK9HeroPopup15getHeroItemModeEv,0x8
0x72f360,_ZN31LogicRankedMatchResultDebugInfo6decodeEP10ByteStream,0x98
0x72f3f8,_ZNK10SWFTexture9getHeightEv,0x8
0x72f400,_ZN19LogicResourceBundle9setAmountEPK17LogicResourceDatai,0x30
0x72f430,_ZN7Shape3d14updateVerticesEv,0x358
0x72f788,_ZNK10ScoresPage13hasOnlyGlobalEv,0x4
0x72f78c,_ZNK11DragHandler7getMaxXEv,0x88
0x72f814,_ZN12MovieClipRefC2ERK6StringS2_,0x2c
0x72f840,_ZNK8Viewport9getHeightEv,0xc
0x72f84c,_ZN8Databind16JSONOutReflector8addFloatEf,0x5c
0x72f8a8,_ZN22TeamRequestJoinMessage6encodeEv,0x38
0x72f8e0,_ZNK11LineManager15isBoundWithGameEv,0x10
0x72f8f0,_ZNK9LogicTile11getCheckSumEv,0x8
0x72f8f8,_ZN12TencentLogin24shareMessageToGameFriendEiRK6StringS2_S2_S2_S2_PKhRKiS2_S2_S2_,0xf8
0x72f9f0,_ZN20LeaveAllianceMessage8destructEv,0x4
0x72f9f4,_ZN23PushNotificationService24getRegistrationErrorCodeEv,0x8
0x72f9fc,_ZN12RC4EncrypterC2EPKciS1_i,0x10
0x72fa0c,_ZNK26LogicLocalNotificationData17getTimeOffsetMinsEv,0x10
0x72fa1c,_ZNK11SCIDManager14getSupercellIDEv,0x38
0x72fa54,_ZN5titan3com9supercell5titan19GoogleServiceClient11getAuthCodeEv,0x7c
0x72fad0,_ZN6Assert15reportFormattedEPKcS1_iS1_z,0x164
0x72fc34,_ZN5titan7android5media11MediaPlayer19setVideoScalingModeEi,0x8c
0x72fcc0,_ZNK12LogicVector38toStringEv,0x14
0x72fcd4,_ZN11LogicPlayer9starsLostEi,0xc
0x72fce0,_ZN29LogicClaimRankUpRewardCommand6decodeEP10ByteStream,0x6c
0x72fd4c,_ZN9CSVColumn17addBooleanValueAtEci,0x15c
0x72fea8,_ZNK6icu_586BMPSet8containsEi,0x154
0x72fffc,_ZN16ServerConnection9connectToERK6StringS2_,0x148
0x730144,_uloc_setDefault_58,0x14
0x730158,_ZN18sc3dAttachedSpriteC2Ev,0x48
0x7301a0,_ZN23AddFriendByEmailMessage11removeEmailEv,0x10
0x7301b0,_ZN19AllianceListMessage6decodeEv,0x1e8
0x730398,_ZN9InitState21updateResourceLoadingEv,0x60
0x7303f8,_ZNK22LogicLocationThemeData21getRespawningWallMeshEi,0x18
0x730410,_ZL14_deleteFactoryPv,0x14
0x730424,_ZN8TestCase17getVisibleButtonsEv,0x3e0
0x730804,_ZNK30SupercellIdNotificationMessage30getCompressedNotificationTokenEv,0x8
0x73080c,_ZN17PlayerDisplayData12setNameColorEPK18LogicNameColorData,0x28
0x730834,_ZNSt6__ndk110__function6__funcIZN7GLImage6createEPKhi9ImageWrap11ImageFilterE3$_2NS_9allocatorIS7_EEFvvEE7destroyEv,0x4
0x730838,_ZNK18LogicCharacterData19getUnlockSoundIndexEPK13LogicSkinData,0x48
0x730880,_ZN25TuneBrawlTvChannelMessageC2Ev,0x38
0x7308b8,_ZN24AntiAddictionInstructionD2Ev,0x50
0x730908,_ZN29LogicChangeControlModeCommandC2Ei,0x34
0x73093c,_ubidi_setPara_58,0x2818
0x733154,_ZNK17LogicClientAvatar15getSelectedItemEiPK18LogicCharacterData,0x1c4
0x733318,_ZNK12CustomButton23getContinuousPressCountEv,0x8
0x733320,_ZN6icu_587UVector7setSizeEiR10UErrorCode,0x15c
0x73347c,_ZNKSt6__ndk110__function6__funcIZN19SupercellIdCallback11loadAccountEP8_jobjectRK6StringS7_S7_bE3$_2NS_9allocatorIS8_EEFvvEE7__cloneEv,0x68
0x7334e4,_ZN16AllianceSettings16createInputFieldEP9TextField,0xd8
0x7335bc,_ZN14AllianceStream6openedEv,0x14
0x7335d0,_ZN21SectionShortcutButton15setNotificationEib,0x128
0x7336f8,_ZN22LogicRankedMatchPlayer6decodeEP10ByteStream,0xf8
0x7337f0,_ZN19LogicMappedCSVTableC2EPK8CSVTable,0x70
0x733860,_ZNK12BattleScreen21getShootStickEditingXEv,0x10
0x733870,_ZN12BlurRenderer15startBlurRenderEv,0x60
0x7338d0,_ZN31LogicRankedSeasonChangedCommandC2EP27LogicPlayerRankedSeasonData,0x34
0x733904,_ZN10ItemsPopup17backButtonPressedEv,0xc
0x733910,_ZN15LogicClientHome15getNotificationEi,0x38
0x733948,_ZN8Databind24NlohmannJsonOutReflector14reflectNextIntEi,0xb8
0x733a00,_ZN5titan3com9supercell5titan5Kakao10getFriendsEv,0x5c
0x733a5c,_ZNKSt6__ndk110__function6__funcIZN7GLImage6createEPKc9ImageWrap11ImageFilterE3$_1NS_9allocatorIS7_EEFvvEE6targetERKSt9type_info,0x1c
0x733a78,_ZN27LogicPlayerRankedSeasonData17isSoloHighestRankEv,0x3c
0x733ab4,_ZN17LogicClientAvatar11setWinCountEi,0x8
0x733abc,_ZNK6icu_586BMPSet13findCodePointEiii,0x5c
0x733b18,_ZN20scResourceLoadResultC2ERK6String,0xa0
0x733bb8,_ZNK6icu_5815Normalizer2Impl27makeCanonIterDataFromNorm16EiitRNS_13CanonIterDataER10UErrorCode,0x320
0x733ed8,_ZN10SCTuneImpl10threadFuncEPv,0x2ac
0x734184,_ZN20LogicCharacterServer13tickRapidFireEv,0x2a0
0x734424,_ZNK12LogicVector320getDistanceSquaredToEiii,0x98
0x7344bc,_ZN12BattleScreen22updateCameraParametersEv,0x6c0
0x734b7c,_ZN6Sprite14swapChildrenAtEii,0x2c
0x734ba8,_ZN17ResourceDataSoundD2Ev,0x48
0x734bf0,_ZNK13LogicTileData18getCollisionMarginEv,0x10
0x734c00,_ZN6scglTF12_GLOBAL__N_111convertGLTFEP7SCWFileRKN2fx4gltf8DocumentERK6String,0x4284
0x738e84,_ZN9sc3dWorld17set2DLayerVisibleEib,0x18
0x738e9c,_ZNK12CustomButton14getButtonStateEv,0x8
0x738ea4,_hb_set_is_empty,0x2c
0x738ed0,_ZN12GUIContainer13buttonClickedEP12CustomButton,0x4
0x738ed4,_ZNK21LogicGameObjectServer14shouldDestructEv,0x24
0x738ef8,_ZN11DragHandler13enablePanningEb,0xc
0x738f04,_ZNK21LogicTutorialStepData17getStartLocationXEv,0x10
0x738f14,_ZN8Databind16JSONOutReflector7setLongERK6Stringxx,0x90
0x738fa4,_ZN15DeeplinkManager9handleURLERK6Stringb,0x944
0x7398e8,_ZN19BattleLogPlayerItemD0Ev,0x54
0x73993c,_ZNK15DownloadManager25isDeferredDownloadOngoingEv,0x50
0x73998c,_ZN16PlayerMapManager22confirmReportPlayerMapEv,0x68
0x7399f4,_ZN21LogicJSONOutReflector14reflectJSONPtrEP13LogicJSONNodePKc,0x90
0x739a84,_ZNK26UnlockAccountFailedMessage14getMessageTypeEv,0x8
0x739a8c,_ZN15ChecksumEncoder10writeVLongEx,0x5c
0x739ae8,_ZN17LocalNotification18cancelNotificationEPS_,0xc
0x739af4,_ZNK6icu_5822BytesDictionaryMatcher9transformEi,0x54
0x739b48,_ZNKSt6__ndk110__function6__funcIZN19SupercellIdCallback31setPendingRegistrationWithPhoneEP8_jobjectRK6StringE4$_10NS_9allocatorIS8_EEFvvEE11target_typeEv,0xc
0x739b54,_ZNK35AddFriendByAvatarNameAndCodeMessage14getMessageTypeEv,0x8
0x739b5c,_ZN21LogicBattleModeServer7addBotsEP14LogicArrayListIPK18LogicCharacterDataEiPS0_IiE,0xcbc
0x73a818,_ZNK8Sprite3D16getViewportWidthEv,0x20
0x73a838,_ZN23SendAllianceMailMessage8destructEv,0x40
0x73a878,_ZN32NativeFacebookConnectionCallback20loginFailedWithErrorERK6StringS2_,0x2ec
0x73ab64,_ZN10GameCenter20showAddFriendsDialogEv,0x4
0x73ab68,_nti_iterator_next_glyph,0x160
0x73acc8,_locale_getKeywordsStart_58,0x8
0x73acd0,_ZN9ExecutionD0Ev,0x4
0x73acd4,_ZN38LogicAccountTransferCodeRequestMessage6encodeEv,0x4
0x73acd8,_ZN12LoginMessage15removeOSVersionEv,0x10
0x73ace8,_ZN9CombatHUD13onBattleEventEPK16LogicBattleEvent,0x4
0x73acec,_ZL12preloadSkillP16ResourceListenerPK14LogicSkillData,0x298
0x73af84,_ZNK9LogicTile17getPathFinderCostEiiibb,0x78
0x73affc,_ubidi_isMirrored_58,0x90
0x73b08c,_ZNKSt6__ndk110__function6__funcIZN27BattleEndRankedRankUpScreen14addExecutionToEP18SequencedExecutionE3$_1NS_9allocatorIS5_EEFbvEE7__cloneEv,0x38
0x73b0c4,_ZN17MovementIndicator6updateEfff,0x1ec
0x73b2b0,_ZN15sc3dWorldObject10setVisibleEb,0x24
0x73b2d4,_ZN5titan3com9supercell5titan12TitanWebView4initEb,0x90
0x73b364,_nti_iterator_get_glyph,0x8
0x73b36c,_ZN13TimelineValueC2Ev,0x34
0x73b3a0,_ZN9ShopPopup16scrollToGemPacksEv,0x8
0x73b3a8,_ZNKSt6__ndk110__function6__funcIZN27BattleEndRankedRankUpScreen14addExecutionToEP18SequencedExecutionE3$_2NS_9allocatorIS5_EEFbvEE7__cloneEv,0x38
0x73b3e0,_ZN26TencentAccountBoundMessage6decodeEv,0x2c
0x73b40c,_ZNKSt6__ndk110__function6__funcIZN11scTaskQueue3runIZN8TestCase20drawDebugPercentagesEvE4$_21EENS_13invoke_resultIT_JEE4typeES7_EUlvE_NS_9allocatorISA_EEFvvEE7__cloneEv,0x38
0x73b444,_ZNK9HeroPopup9isEnabledEv,0x8
0x73b44c,_ZNK6icu_5822RuleBasedBreakIterator8getUTextEP5UTextR10UErrorCode,0x1c
0x73b468,_ZNSt6__ndk110__function6__funcIZN10HeroSprite9HeroEntry15updateAnimationEfE3$_0NS_9allocatorIS4_EEFNS_8functionIFvvEEEvEEclEv,0xa8
0x73b510,_ZN17LogicSkinConfData17setHeroScreenAnimERK6String,0x14
0x73b524,_ZN14BrawlPassPopup12touchPressedERK5Touch,0x30
0x73b554,_ZN10InboxPopup14getTickerCountEi,0xf4
0x73b648,_ZNK27LogicSelectCharacterCommand6encodeEP15ChecksumEncoder,0x2c
0x73b674,_ZN8xPlane3f9normalizeEv,0x68
0x73b6dc,_ZN10TeamStream11getInstanceEv,0xc
0x73b6e8,_ZNK19LogicProjectileData10isBouncingEv,0x8
0x73b6f0,_ZN5Debug4drawEf,0x4
0x73b6f4,_ZN15EmojiStreamItem13updateVisibleEf,0x4
0x73b6f8,_ZN9BitStream33readPositiveVIntMax65535OftenZeroEv,0x50
0x73b748,_ZThn96_N11SkinPreview13buttonClickedEP12CustomButton,0xb4
0x73b7fc,_ZNK3GUI15getFriendsPopupEv,0x98
0x73b894,_ures_getVersionByKey_58,0x70
0x73b904,_ZN21UILocalizedTextSetter3prmERK6StringP18UIIntValueProvider,0x174
0x73ba78,_egc_iter_get_u32_pos,0x8
0x73ba80,_Z16validateCodeFileRK6StringP14LogicArrayListIS_E,0x224
0x73bca4,_ZN19LogicRawInReflector35reflectNextReflectableReferenceBaseER29LogicReflectableReferenceBasei,0x1b0
0x73be54,_ZN43PurchaseSkinGroupOfferHighlightPopupHandler6updateEf,0x38
0x73be8c,_ZN8Sprite3D8setFrameEf,0x20
0x73beac,_ZN19GetBattleLogMessage18getServiceNodeTypeEv,0x8
0x73beb4,_ZN32GoHomeFromOfflinePractiseMessage6encodeEv,0x28
0x73bedc,_ZN19LogicMessageFactoryC2Ev,0x10
0x73beec,_ZN9MovieClip29setFrameSkippingTypeRecursiveENS_16FramSkippingTypeE,0x7c
0x73bf68,_Z25herodataSort_trophiesDescPK18LogicCharacterDataS1_,0xc8
0x73c030,_ZN18HomePageTeamMember21onSpeechBubblePressedEv,0x300
0x73c330,_ZNK18LogicCharacterData23getAttackingWeaponScaleEv,0x34
0x73c364,_ZN14LogicDailyData14setForcedDropsEP11ForcedDrops,0x58
0x73c3bc,_ZNK12scFilesystem16isPackfileLoadedERKNSt6__ndk112basic_stringIcNS0_11char_traitsIcEENS0_9allocatorIcEEEE,0xd8
0x73c494,_ZN22AccountSwitchedMessage18getServiceNodeTypeEv,0x8
0x73c49c,_ZN11hb_buffer_t12swap_buffersEv,0x34
0x73c4d0,_ZN15ApiTokenMessage6encodeEv,0x44
0x73c514,_ZThn96_N11GameWebViewD1Ev,0x8
0x73c51c,_ZNK12GUIContainer14getChildByNameEPKc,0x10
0x73c52c,_ZL12deleteLocalePv,0x14
0x73c540,_ZNSt6__ndk110__function6__funcIZN19SupercellIdCallback13forgetAccountEP8_jobjectRK6StringS7_E3$_3NS_9allocatorIS8_EEFvvEE7destroyEv,0x28
0x73c568,_ZNK20LogicBattlePlayerMap5cloneEv,0x148
0x73c6b0,_ZN27FacebookAccountBoundMessage8destructEv,0x28
0x73c6d8,_ZNK22LogicLocationThemeData21getIndestructibleMeshEi,0x18
0x73c6f0,_ZN5Stage10touchMovedERK5Touch,0xd4
0x73c7c4,_ZNSt6__ndk110__function6__funcIZN8TestCase18swipeAllDirectionsEP13DisplayObjectE4$_23NS_9allocatorIS5_EEFbvEE18destroy_deallocateEv,0x4
0x73c7c8,_ZNSt6__ndk110__function6__funcIZN8TestCase17getStagePointSizeEvE4$_11NS_9allocatorIS3_EEFfvEE18destroy_deallocateEv,0x4
0x73c7cc,_ZN24SkinCampaignGroupHandler8onCreateEP16DropGUIContainerP9MovieClip,0xac
0x73c878,_ZN13DebugMenuBase8Category18sortByOrderAndNameEPKS0_S2_,0x5c
0x73c8d4,_ZN4Shop19isGroupCampaignSkinEPK13LogicSkinDatai,0x50
0x73c924,_ZN4Shop13videoAdClosedEv,0x18
0x73c93c,_hb_font_funcs_set_nominal_glyph_func,0x8c
0x73c9c8,_ZN18PurchaseOfferPopupD0Ev,0x70
0x73ca38,_ZN11EmotesPopup13buttonClickedEP12CustomButton,0x70
0x73caa8,_ZNSt6__ndk110__function6__funcIZN19SupercellIdCallback7friendsEP8_jobjectP13_jobjectArrayE4$_13NS_9allocatorIS7_EEFvvEED0Ev,0x4
0x73caac,_ZN18scWorkerPoolWorker6workerEv,0x17c
0x73cc28,_ZN10Connection11setListenerEP19IConnectionListener,0x8
0x73cc30,_ZNSt6__ndk110__function6__funcIZN8TestCase20drawDebugPercentagesEvE4$_19NS_9allocatorIS3_EEFvvEEclEv,0x18
0x73cc48,_ZN20LogicCharacterServer11getBotSkillEv,0x3c
0x73cc84,_Java_com_supercell_titan_Kakao_logoutResult,0x1b8
0x73ce3c,_ZN20LogicCharacterServer33transformPushBackStrengthToLengthEi,0x1c
0x73ce58,_ZN36AppleBillingProcessedByServerMessage13setStatusCodeEi,0x8
0x73ce60,_ZN23LineAccountBoundMessage8destructEv,0x28
0x73ce88,_ZN19LogicRankedRankData12resetStaticsEPK8CSVTable,0x120
0x73cfa8,_ZN5Debug6deinitEv,0x4
0x73cfac,_ZNK16GameStateManager20isInitialLoadingDoneEv,0x60
0x73d00c,_ZN14LogicDailyData16hasEventCoolDownEP9EventData,0x68
0x73d074,_ZNK24LogicParticleEmitterData19getParticleMinSpeedEv,0x10
0x73d084,_ZN25UdpCheckConnectionMessage8destructEv,0x4
0x73d088,_ZN7SCWFile9setHeaderERK9SCWHeader,0x38
0x73d0c0,_ZN22TeamPremadeChatMessage6encodeEv,0x7c
0x73d13c,_ZNK14CommandStorage11hasCommandsEv,0x14
0x73d150,_ZNK17LogicSkinConfData17getUltiProjectileEv,0x8
0x73d158,_ZNK15LogicClientHome24getElderKickCooldownTimeEv,0x8
0x73d160,_umtx_condWait_58,0x14
0x73d174,_ZNK9TextField16getMaxTextHeightEv,0x2c
0x73d1a0,_ZN12GemOfferItem13setupHeroIconEv,0x1cc
0x73d36c,_ZN23RankedRewardsTrackPopup11refreshDataEv,0xcf4
0x73e060,_ZN17GameCenterManager24clearGameCenterSignatureEv,0x78
0x73e0d8,_ZN26LogicRankedMatchRoundState28addMidSeasonRewardDataBeforeEP21LogicPlayerRewardData,0x158
0x73e230,_ZN8Snowfall16initializeFlakesEPK14LogicThemeData,0x3e4
0x73e614,_ZN11SCIDManagerC2Ev,0x118
0x73e72c,_ZN22PlayAgainStatusMessage8destructEv,0x40
0x73e76c,_ZN18AllianceWarMessage6decodeEv,0x374
0x73eae0,_ZN8HomePage21handleModeButtonPressEv,0x398
0x73ee78,_ZNKSt6__ndk110__function6__funcIZN11scTaskQueue3runIZN7GLImage14updateSubImageEPKhiiiE3$_9EENS_13invoke_resultIT_JEE4typeES9_EUlvE_NS_9allocatorISC_EEFvvEE7__cloneEv,0x38
0x73eeb0,_ZN22LogicSelectSkinCommand8destructEv,0x24
0x73eed4,_ZN17AllianceTeamEntryC2EiiP9LogicLongiS1_S1_bbbP14LogicArrayListIS1_E,0x44
0x73ef18,_ZN6icu_5817StringEnumeration8setCharsEPKciR10UErrorCode,0xa8
0x73efc0,_ZN12RenderSystem22setEditorLocationThemeEPK22LogicLocationThemeDatab,0x33c
0x73f2fc,_ZN27FacebookAccountBoundMessageC2Ev,0x38
0x73f334,_ZN17LogicClientAvatar15addPaidDiamondsEii,0x38
0x73f36c,_ZN23BattleReportStreamEntry17setContentVersionEi,0x8
0x73f374,_ZN5Track5eventERK6StringS2_S2_,0x4
0x73f378,_ZN20CreateAccountMessage11removeEmailEv,0x10
0x73f388,_ZN12TencentLogin12queryOwnInfoEv,0x18
0x73f3a0,_ZN15LogicDataTables17getPoisonedEffectEv,0xc
0x73f3ac,_ZN5Scene15setMeshMaterialEiiP8Material,0x20
0x73f3cc,_Z63Java_com_supercell_titan_PurchaseManager_billingProductCanceledP7_JNIEnvP7_jclassP8_jstring,0x5c
0x73f428,_ZN14LogicDailyData24setCoinDoublerOfferStateEi,0x1c
0x73f444,_Z9unprojectfffPKfPKiPfS3_S3_,0xc4
0x73f508,_ZNK18LogicCharacterData12getHealthBarEv,0x8
0x73f510,_ZN24LogicAttackSpecialParams12assignValuesERKS_,0x5c
0x73f56c,_ZN8GameMain12appRateLaterEv,0x4
0x73f570,_ZN12NSCIDManager17openPublicProfileERK6String,0x50
0x73f5c0,_ZNK15LogicClientHome11getHomeModeEv,0x8
0x73f5c8,_ZNK13LogicItemData13canBePickedUpEv,0x8
0x73f5d0,_ZN26RequestJoinAllianceMessage10setMessageEP6String,0x8
0x73f5d8,_ZNK27LogicUnlockFreeSkinsCommand6encodeEP15ChecksumEncoder,0x4
0x73f5dc,_ZN22ClientContentValidator16validateSkinDataEPK13LogicSkinData,0xdfc
0x7403d8,_ZN12SoundManagerC2Ev,0x2b4
0x74068c,_ZN31SkinPurchaseOptionDonationPopup18customButtonTappedEP10GameButtoni,0x8c
0x740718,_ZN10NativeFont24loadDefaultFallbackFontsEb,0x208
0x740920,_ZN17MovementIndicator14startAnimationEP14LogicArrayListIiES2_P12RenderSystem,0x498
0x740db8,_ZN25RequestMatchCancelMessage18getServiceNodeTypeEv,0x8
0x740dc0,_T_CString_toUpperCase_58,0x2c
0x740dec,_ZN20LogicCharacterServer20rapidFireMeleeAttackEiiiii,0x55c
0x741348,_ZN8TestCase8execGameEv,0xc4
0x74140c,_ZNK20LogicCharacterServer15getClosestEnemyEiibbP14LogicArrayListIiEbbb,0x6bc
0x741ac8,_ZN16ServerConnection22getOptionalIntKeyValueERK6String,0xc0
0x741b88,_ZNK6icu_5814RBBISetBuilder12getFirstCharEi,0x2c
0x741bb4,_ZNSt6__ndk110__function6__funcIZN14SceneCharacter6updateEfE3$_0NS_9allocatorIS3_EEFvvEED0Ev,0x4
0x741bb8,_ZNK19LogicProjectileData22canHitAgainAfterBounceEv,0x8
0x741bc0,_ZN14StreamItemList23resolveNewFromOthersCntEv,0xe8
0x741ca8,_ZN28LogicChangeAvatarNameCommand8destructEv,0x34
0x741cdc,_ZN37LogicGemNameChangeStateChangedCommand6decodeEP10ByteStream,0x50
0x741d2c,_ZN8Animator21reportAnimationEventsEv,0x2a0
0x741fcc,_ZN11RenderQueue10beginFlushEv,0xe4
0x7420b0,_ZN11wendelstein21MovieClipRendererDataC2Ei,0x2c0
0x742370,_ZN27PurchaseSkinGroupOfferPopup13buttonClickedEP12CustomButton,0x2c
0x74239c,_ZN39LogicAccountTransferCodeResponseMessage6encodeEv,0x44
0x7423e0,_ZNK12BattleScreen13getUltiStickXEv,0x8
0x7423e8,_ZN8Material8getImageERK6String,0x1c8
0x7425b0,_ZN8TestCase16addItemsMatchingI12CustomButtonZNS_28getButtonsWithTextFieldValueE6StringbbS2_E4$_22EEvP6SpriteRNSt6__ndk16vectorIPT_NS6_9allocatorIS9_EEEET0_,0x2a4
0x742854,_ZNSt6__ndk110__function6__funcIZ61Java_com_supercell_titan_GoogleServiceClient_onSignInCanceledP7_JNIEnvP7_jclassE3$_2NS_9allocatorIS6_EEFvvEE7destroyEv,0x4
0x742858,_ZN10HomeScreen15onOffersReceiveEv,0x38
0x742890,_ZN17MovieClipOriginalD2Ev,0x58
0x7428e8,_ZN18HighRateUdpMessageC2Ei,0xc
0x7428f4,_ZN18DeliveryCardsPopup25prepareHeroPowerExecutionEv,0xb84
0x743478,_ZN9InitState21retryMaintenanceLoginEv,0xc
0x743484,_ZN14QualifiedPopup18customButtonTappedEP10GameButtoni,0x98
0x74351c,_ZNSt6__ndk110__function6__funcIZN11Application25prepareAttributionMessageEvE3$_3NS_9allocatorIS3_EEFbvEE7destroyEv,0x4
0x743520,_ZN6icu_5823StringCharacterIteratorC2ERKNS_13UnicodeStringE,0xb4
0x7435d4,_ZN8Databind15JSONInReflector16reflectLongArrayER14LogicArrayListIxERK6String,0x318
0x7438ec,_ZN37PurchaseHeroLvlUpMaterialPopupHandlerD2Ev,0x44
0x743930,_ZNSt6__ndk110__function6__funcIZN19SupercellIdCallback24clearPendingRegistrationEP8_jobjectE3$_5NS_9allocatorIS5_EEFvvEED0Ev,0x4
0x743934,_ZN4Shop19isHiddenOfferBundleEPK16LogicOfferBundle,0x4c
0x743980,_MatchFinder_CheckLimits,0x268
0x743be8,_ZNK11wendelstein15VortexComponent14getFeatureBitsEv,0x8
0x743bf0,_ZN6scPath6existsERKS_,0x14
0x743c04,_ZThn8_N10SCTuneImpl18onConnectionFailedEP10Connection,0x24
0x743c28,_ZNK4Node22getLocalTransformationEf,0xbc
0x743ce4,_ZN16ServerConnection20initializeEncryptionEv,0x34
0x743d18,_ZN17TeamCreateMessageC2Eiiib,0x70
0x743d88,_ZN11wendelstein18WendelsteinManager4loadEv,0x1fc
0x743f84,_ZN23ReportUserStatusMessage6decodeEv,0x3c
0x743fc0,_ZN6icu_5821DictionaryBreakEngineD2Ev,0x34
0x743ff4,_ZN22ChronosResourceManager24updateEventDataResourcesEP14LogicArrayListIP9EventDataES4_,0x140
0x744134,_ZN20LogicCharacterServer17gotDamageThisTickEi,0x10
0x744144,_res_load_58,0xac
0x7441f0,_ZN13TextureSystemD2Ev,0x44
0x744234,_ZN25HeroLvlUpMaterialPackItemC2Eibb,0x43c
0x744670,_ZN21LogicBattleModeServer33tickSpawnEventModifierHauntedBallEi,0x4
0x744674,_ZN6Friend17setProfileImageIdERK6String,0x8
0x74467c,_ZNKSt6__ndk110__function6__funcIZN8TestCase11pressButtonEP12CustomButtonE3$_0NS_9allocatorIS5_EEFvvEE7__cloneEv,0x38
0x7446b4,_ZN27JoinableAllianceListMessage23removeJoinableAlliancesEv,0x10
0x7446c4,_ZNSt6__ndk110__function6__funcIZN19SupercellIdCallback10setProfileEP8_jobjectRK6StringS7_iE4$_20NS_9allocatorIS8_EEFvvEEclEv,0x6c
0x744730,_ZN24EsportTournamentsWebView18webviewDidFailLoadEv,0x74
0x7447a4,_ZN15ResourceManager20getMovieClipFromPoolERK6StringS2_,0x60
0x744804,_ZN34AllianceOnlineStatusUpdatedMessage6decodeEv,0x1a0
0x7449a4,_ZL21ures_loc_countLocalesP12UEnumerationP10UErrorCode,0x18
0x7449bc,_ZN24LogicBillingPackagesData16createReferencesEv,0x56c
0x744f28,_ZNK18ClientInputMessage14getMessageTypeEv,0x8
0x744f30,_ZNSt6__ndk110__function6__funcIZN11scTaskQueue3runIZN8TestCase11touchSpriteEP6SpriteE3$_1EENS_13invoke_resultIT_JEE4typeES9_EUlvE_NS_9allocatorISC_EEFvvEE7destroyEv,0x4
0x744f34,_ZNK21LogicBattleModeServer13isGameOverSetEv,0x8
0x744f3c,_ZN17AvatarStreamEntry10setRemovedEv,0xc
0x744f48,_ZN5titan4java4util7HashMapC2EP8_jobject,0xbc
0x745004,_ZN6icu_589BytesTrie25findUniqueValueFromBranchEPKhiaRi,0x274
0x745278,_ZN11ContextMenu5closeEv,0x50
0x7452c8,_ZNK19LogicProjectileData29getPreExplosionBlueExportNameEv,0x10
0x7452d8,_ZNK10TeamStream16getAnalyticsNameEv,0xc
0x7452e4,_Java_com_supercell_titan_SupercellId_getIngameFriends,0x8
0x7452ec,_ZN11LogicQuests12hasNewQuestsEv,0x3c
0x745328,_ZN9InputToolD0Ev,0x4
0x74532c,_ZN16BattleEndMessage17createDummyQuestsEi,0xedc
0x746208,_ZN12scWorkerPool5flushEv,0xd0
0x7462d8,_ZN5titan3com9supercell5titan11SupercellId19accountAlreadyBoundEv,0x7c
0x746354,_ZN18sc3dPanPinchCameraD0Ev,0x174
0x7464c8,_uprv_swapArray16,0x130
0x7465f8,_ZN14SettingsScreen19updateConnectButtonEP10GameButtonbb,0xa0
0x746698,_ZNK11SCIDWebView16getFileExtensionERK6String,0xbc
0x746754,_ZN16NameChangeScreenD2Ev,0xb8
0x74680c,_Z22intersectRay3fCylinderRK7Vector3IfES2_RK9Segment3ff,0x8
0x746814,_FileOutStream_Write,0x20
0x746834,_ZN20GoogleServiceManager6updateEf,0x58
0x74688c,_ZN25BindTencentAccountMessage8destructEv,0x68
0x7468f4,_ZN23LogicAchievementManager8destructEv,0x8
0x7468fc,_ZNK14LogicEmoteData9getRarityEv,0x10
0x74690c,_ZN15LaserBoxManager7Website23processManifestPageJSONEPK15LogicJSONObjectRK6String,0x340
0x746c4c,_hb_unicode_funcs_reference,0x1c
0x746c68,_ZN3GUI13setExpiryTimeEP9TextFieldi,0x124
0x746d8c,_ZThn16_N16YoozooLoginState25closeChinaLoginExtraTermsEv,0x40
0x746dcc,_ZN18ClientInputManager8addInputEP11ClientInput,0x308
0x7470d4,_ZN8Material13getOpacityTexEv,0x38
0x74710c,_ZNK24LogicBillingPackagesData15getRMBPointRateEv,0x3c
0x747148,_ZNK11BasePageGUI19getCurrentPageIndexEv,0x38
0x747180,_ZN8ItemIcon14playUnlockAnimEv,0xd8
0x747258,_ZN14BrawlPassPopup15refreshOldBoxesEv,0x5f4
0x74784c,_ZN20LogicJSONInReflector15reflectNextLongEx,0x5c
0x7478a8,_ZN5Items12setItemsSeenEv,0xbc
0x747964,_ZN4Shop12onDeactivateEv,0x88
0x7479ec,_ZN5titan3com9supercell5titan12TitanWebView5closeEv,0x7c
0x747a68,_ZN17AllianceTeamEntry6decodeEP10ByteStream,0x2f8
0x747d60,_ZN10ScoresPage12refreshTitleEP18DecoratedTextField,0x30
0x747d90,_ZNK22AllianceChatController25createReportPlayerMessageEPK9LogicLongS2_,0x64
0x747df4,_ZN17HighscoreHeroList13destructItemsEv,0xa0
0x747e94,_ZN10IndexArrayD2Ev,0x44
0x747ed8,_stbi_failure_reason,0xc
0x747ee4,_ZThn336_N19SuggestBrawlerPopup18onHeroItemSelectedEPK8HeroItem,0x8
0x747eec,_ZNKSt6__ndk110__function6__funcIZ62Java_com_supercell_titan_TitanWebView_shouldOverrideUrlLoadingE3$_0NS_9allocatorIS2_EEFvvEE6targetERKSt9type_info,0x1c
0x747f08,_ZN8Databind8Databind17getObjectInstanceEPv,0x6c
0x747f74,_ZN13SimpleWebview7fadeOutEv,0x4
0x747f78,_ZN13LogicGemOffer12canEmoteDropEPK13LogicHomeModePK18LogicCharacterDatai,0xc0
0x748038,_ZNK22SCIDBindAccountMessage14getMessageTypeEv,0x8
0x748040,_ZN16BattleLogManagerC2Ev,0x10
0x748050,_hb_ot_shaper_face_data_destroy,0x4
0x748054,_ZNK8CSVTable8getRowAtEi,0xc
0x748060,_ZN8GameMain14setAccountTierEi,0x8
0x748068,_ZN13HeroModelItem18playSignatureSoundEPK13LogicSkinDataf,0x100
0x748168,_ZN15DebugInputField11textChangedERK6String,0x4
0x74816c,_ZN21GlobalChatLineMessage6decodeEv,0x70
0x7481dc,_ZNK35RespondToAllianceJoinRequestMessage11getStreamIdEv,0x8
0x7481e4,_ZN9Character17playDryFireEffectEv,0x64
0x748248,_ZNK8HeroList12scrollToItemEP8HeroItem,0xb4
0x7482fc,_ZN14SceneCharacter11replaceFaceEP9MovieClipii,0xdc
0x7483d8,_ZN20CreatePlayerMapPopupD0Ev,0x24
0x7483fc,_ZN9Messaging24sendPepperAuthenticationEP18ClientHelloMessageP14PiranhaMessage,0xc4
0x7484c0,_ZN12jpeg_decoder9init_scanEv,0x194
0x748654,_ZN5tween7Tweener13dispatchEventEPNS_12TweenerParamEs,0x11c
0x748770,_ZNSt6__ndk110__function6__funcIZN14LineConnection9autologinEvE3$_1NS_9allocatorIS3_EEFvbPKN8linecorp4nova11CredentialsEPKNS7_5ErrorEEEclEObOSA_OSD_,0xa0
0x748810,_ZN15ResourceManager22setAndroidAssetManagerEP13AAssetManager,0xc
0x74881c,_ZN21AllianceStreamMessageC2Ei,0x30
0x74884c,_ZN20scCryptoStreamFilter13setDownstreamEP10scFileImpl,0x20
0x74886c,_ZN8TestCase9runScriptEv,0x178
0x7489e4,_ZL32hb_font_get_glyph_extents_parentP9hb_font_tPvjP18hb_glyph_extents_tS1_,0xf0
0x748ad4,_ZN5titan7android4view7SurfaceC2EP8_jobject,0xbc
0x748b90,_ZN22AllianceChatController19takeStreamOwnerShipEv,0x9c
0x748c2c,_ZN6Sprite23setInteractiveRecursiveEb,0x60
0x748c8c,_hb_ot_layout_language_get_feature_indexes,0x24c
0x748ed8,_ZN14FriendsManager25toggleBlockFriendRequestsEv,0x50
0x748f28,_ZNKSt6__ndk110__function6__funcIZN19EnvironmentRenderer6renderER9Matrix2x3R14ColorTransformifE3$_5NS_9allocatorIS7_EEFvvEE11target_typeEv,0xc
0x748f34,_ZN7PageGUID2Ev,0x98
0x748fcc,_ZN16OnlineFriendItemD2Ev,0x118
0x7490e4,_ZN18PlayerCountryPopupD2Ev,0xa8
0x74918c,_Z24decompressBlockDiffFlipCjjPhiiiii,0x152c
0x74a6b8,_ZN4Shop32createPurchaseOfferCategoryPopupEPK28LogicSeasonalSkinSectionData14LogicArrayListIP16LogicOfferBundleEPK13LogicSkinData,0x20c
0x74a8c4,_ZN24CancelMatchmakingMessageC2Ei,0x2c
0x74a8f0,_ZNK11TeamManager18getCurrentTeamSizeEv,0x20
0x74a910,_ZN8MainPage15createContainerEP9MovieClipRK6String,0x7c
0x74a98c,_ZN16GameStateManager19createAndEnterStateE7StateId,0x30
0x74a9bc,_ZNKSt6__ndk110__function6__funcIZN11Application20getAdvertiserIDAsyncEvE3$_2NS_9allocatorIS3_EEFNS_4pairIb6StringEEvEE6targetERKSt9type_info,0x1c
0x74a9d8,_ZL29hb_font_get_glyph_name_parentP9hb_font_tPvjPcjS1_,0x1c
0x74a9f4,_ZN16BattleLogMessage6encodeEv,0x78
0x74aa6c,_ZL33_hb_face_for_data_closure_destroyP26hb_face_for_data_closure_t,0x28
0x74aa94,_ZN31DeviceLinkTargetSelectionScreen21resetButtonAnimationsEv,0x34
0x74aac8,_ZN26AppleBillingRequestMessage14setReceiptDataEPKci,0x80
0x74ab48,_ZN24LatencyTestConfiguration8getNonceEv,0x1c
0x74ab64,_ZN10ScoresPageC2Ev,0x304
0x74ae68,_ZN22MessageDataStreamEntry14setMessageDataEPK16LogicMessageData,0x8
0x74ae70,_ZN14ShadowRenderer16segmentInFrontOfEPNS_7SegmentES1_PNS_5PointE,0x148
0x74afb8,_ZN5Debug10fillCircleEfffjf,0x4
0x74afbc,_ZN17HighscoreHeroList6updateEf,0x20
0x74afdc,_ZN13LogicSkinData21setHeroScreenIdleFaceERK6String,0x8
0x74afe4,_ZN22MapEditorModifierPopupD0Ev,0xdc
0x74b0c0,_ZNK12scZstdFilter4tellEv,0x8
0x74b0c8,_Z28crypto_hashblocks_whiteboxedPhPKhy,0x54c
0x74b614,_ZNK27YoozooOrderAvailableMessage14getMessageTypeEv,0x8
0x74b61c,_ZN9CombatHUD13startGameOverEv,0x3c
0x74b658,_ZN14BillingManager23billingProductCancelledERK6String,0x164
0x74b7bc,_ZN8Databind23NlohmannJsonInReflector15reflectNextLongEx,0x4
0x74b7c0,_ZNSt6__ndk110__function6__funcIZN32NativeFacebookConnectionCallback14sentAppRequestERK6StringS5_E3$_5NS_9allocatorIS6_EEFvvEED0Ev,0x3c
0x74b7fc,_ZN13WVSCIDManager10openWindowERK6String,0xc0
0x74b8bc,_ZN5titan3com6google7android4play4core5tasks4Task12isSuccessfulEv,0x7c
0x74b938,_ZN18LogicMapEditorMode16getEventModifierEi,0xc
0x74b944,_ZN12TencentLogin8setLoginERK6StringS2_i,0xac
0x74b9f0,_ZNKSt6__ndk110__function6__funcIZN10HeroSprite9HeroEntry15updateAnimationEfE3$_0NS_9allocatorIS4_EEFNS_8functionIFvvEEEvEE6targetERKSt9type_info,0x1c
0x74ba0c,_ZN13LogicSkinData14setBlueTextureERK6String,0x88
0x74ba94,_ZN6icu_5818KeywordEnumerationD2Ev,0x40
0x74bad4,_lv1_frida_killer__ZL15sigsegv_handleriP7siginfoPv,0x3c
0x74bb10,_sub_74BB10,0x94
0x74bba4,_AllocUnitsRare,0x308
0x74beac,_T_CString_stringToInteger_58,0x24
0x74bed0,_uloc_getBaseName_58,0xc
0x74bedc,_ZN14ScreenRecorderD2Ev,0x4
0x74bee0,_ZN26ChampionshipChallengePopup16getChronosScFileEv,0x44
0x74bf24,_ZN14QualifiedPopup15setupRewardItemEP9MovieClipi,0xf0
0x74c014,_ZN14SettingsScreen23updateTencentVisibilityEv,0x1fc
0x74c210,_ZN18ProLeagueInfoPopup12createHeaderERK6StringS2_,0xa0
0x74c2b0,_ZN26SetSupportedCreatorMessage6decodeEv,0x70
0x74c320,_ZN18TeamChatControllerC2EP9MovieClipiPK4RectP11ContextMenu,0xbc
0x74c3dc,_ZN9RankPopup13getPlayerDataEv,0x1c
0x74c3f8,_ZN10PlayerInfo15createContainerEP9MovieClipRK6String,0x74
0x74c46c,_ZN6Friend14setFriendStateEi,0x8
0x74c474,_ZN12RenderTarget7reshapeEii,0x34
0x74c4a8,_ZN17PlayerRankingData6decodeEP10ByteStream,0xa4
0x74c54c,_ZN43PurchaseSkinGroupOfferHighlightPopupHandler13getOfferIndexEv,0x70
0x74c5bc,_ZN5Stage10shapeStartEffffP7GLImageiRb,0x638
0x74cbf4,_ZNK30SupercellIdNotificationMessage14getMessageTypeEv,0x8
0x74cbfc,_ZN17LogicResourceData8destructEv,0x4
0x74cc00,_ZN11LogicPlayer8gemsLostEi,0xc
0x74cc0c,_ZNK21LogicAllianceRoleData9canDemoteEPKS_,0x20
0x74cc2c,_ZN6scglTF17isDracoCompressedERKN2fx4gltf9PrimitiveE,0x1c0
0x74cdec,_ZN15LogicStringUtil14isValidLongStrERK6String,0xc
0x74cdf8,_ZNK24LoginUsingSessionMessage20getClientGameVersionEv,0x8
0x74ce00,_ZN5titan3com9supercell5titan19ApplicationUtilBase13storeKeyValueERK6StringS6_,0xb0
0x74ceb0,_ZN13EffectManager6updateEf,0x164
0x74d014,_ZNK21LogicTutorialStepData22getSpeechBubbleCloseMSEv,0x10
0x74d024,_ZN14SceneCharacter8setScaleENS_5ScaleE,0x8
0x74d02c,_ZN9LogicMath3sinEii,0x90
0x74d0bc,_ubidi_setContext_58,0xa8
0x74d164,_Z30PVRTDecompressPVRTC_standalonePKviiiPh,0xb14
0x74dc78,_ZN28LogicGameObjectFactoryServer22createGameObjectByDataEPK9LogicData,0x100
0x74dd78,_ZN20GoogleServiceManager20googleServiceSignOutEv,0x50
0x74ddc8,_ZN29RankedMatchPickStartedMessage6encodeEv,0x80
0x74de48,_ZN11SoundSystem15stopAllChannelsEv,0xc
0x74de54,_ZN11wendelstein18CurlNoiseComponent11applyForcesEPNS_8ParticleES2_P7Vector3IfES5_ff,0x20c
0x74e060,_ZN17LogicGameModeUtil14flashHealthBarEi,0x28
0x74e088,_ZN20EncryptionKeyManager13setServiceURLERK6String,0x8
0x74e090,_ZN9HeroPopup12touchPressedERK5Touch,0x40
0x74e0d0,_ZN8CSVPatch8destructEv,0x20
0x74e0f0,_ZN18sc3dPanPinchCamera14setPerspectiveEb,0xc
0x74e0fc,_ZN15OutlineRendererC2Ev,0x4a8
0x74e5a4,_ZN25LogicOffersChangedCommand6decodeEP10ByteStream,0x1b4
0x74e758,_ZNSt6__ndk110__function6__funcIZN11scTaskQueue3runIZN8TestCase9moveTouchER5TouchS5_S5_fE3$_8EENS_13invoke_resultIT_JEE4typeES9_EUlvE_NS_9allocatorISC_EEFvvEEclEv,0x40
0x74e798,_ZN16PlayerMapManager30handlePlayerMapCreatedResponseEP30CreatePlayerMapResponseMessage,0xe4
0x74e87c,_ZN15ChecksumEncoder28writeFilteredStringReferenceERK6String,0xc
0x74e888,_ZN19LogicImmunityServer4tickEi,0x1c
0x74e8a4,_ZN9TextInput6revertEv,0x8
0x74e8ac,_ZN11UpgradeItemD2Ev,0x14
0x74e8c0,_ZNK22DeletePlayerMapMessage14getMessageTypeEv,0x8
0x74e8c8,_ZNSt6__ndk110__function6__funcIZN19SupercellIdCallback23respondToDonationResultEP8_jobjectRK6StringS7_E4$_24NS_9allocatorIS8_EEFvvEEclEv,0x78
0x74e940,_ZN6Friend20setProfilePictureURLERK6String,0x8
0x74e948,_ZN8GameMain16configureSurfaceER13SurfaceConfig,0x1c
0x74e964,_ZL25hb_ft_get_glyph_h_kerningP9hb_font_tPvjjS1_,0x48
0x74e9ac,_ZN35AskForPlayingFacebookFriendsMessage14setFacebookIdsEP14LogicArrayListIP6StringE,0x8
0x74e9b4,_ZNSt6__ndk17__sort4IRZN11SkinPreviewC1EvE3$_0PNS_4pairIPK18LogicCharacterDataNS_6vectorIPK13LogicSkinDataNS_9allocatorISB_EEEEEEEEjT0_SH_SH_SH_T_,0x14c
0x74eb00,_ZN20GameSelectableButton13setClickSoundEPK14LogicSoundData,0x8
0x74eb08,_ZNKSt6__ndk110__function6__funcIZN11scTaskQueue3runIZN8TestCase6dragToER5TouchfE4$_16EENS_13invoke_resultIT_JEE4typeES9_EUlvE_NS_9allocatorISC_EEFvvEE7__cloneEPNS0_6__baseISF_EE,0x18
0x74eb20,_ZN12CustomButtonC2Ev,0xdc
0x74ebfc,_ZNKSt6__ndk110__function6__funcIZN19SupercellIdCallback31setPendingRegistrationWithPhoneEP8_jobjectRK6StringE4$_10NS_9allocatorIS8_EEFvvEE7__cloneEv,0x48
0x74ec44,_ZN8GoalList7setGoalEP10LogicGoalsP9MovieClipiiibiS3_S3_i,0x3c4
0x74f008,_ZN25PepperPerMessageEncrypter17initializeMembersEv,0x18
0x74f020,_ZNKSt6__ndk110__function6__funcIZN11scTaskQueue3runIZN8TestCase17getVisibleButtonsEvE3$_3EENS_13invoke_resultIT_JEE4typeES7_EUlvE_NS_9allocatorISA_EEFvvEE11target_typeEv,0xc
0x74f02c,_ZN28RankedMatchTerminatedMessage18getServiceNodeTypeEv,0x8
0x74f034,_ZNK16GameStateManager11isNextStateE7StateId,0x10
0x74f044,_ZNK10BattleMode8isLoadedEv,0x10
0x74f054,_ZNK15OfferBundleItem10isFreeItemEv,0x48
0x74f09c,_ZN4RectC2ERKS_,0x10
0x74f0ac,_ZN21RankedTeamSelectPopup17resetButtonStatesEP14RankedHeroItem,0x6c
0x74f118,_ZNK6icu_5815Normalizer2Impl16composeAndAppendEPKtS2_aaRNS_13UnicodeStringERNS_16ReorderingBufferER10UErrorCode,0x288
0x74f3a0,_ZN6scPath9normalizeEv,0xbbc
0x74ff5c,_ZNK14LogicSkillData31shouldBreakInvisibilityOnAttackEv,0x10
0x74ff6c,_ZN8HomePage12getNextEventEi,0x30
0x74ff9c,_ZN25LineAccountUnboundMessage18getServiceNodeTypeEv,0x8
0x74ffa4,_ZN18LogicMapEditorMode20getNumEventModifiersEv,0x8
0x74ffac,_ZN12CustomButton27setContinuousPressFrequencyEff,0x8
0x74ffb4,_ZN15ResourceManager12startLoadingER16ResourceListener,0x21c
0x7501d0,_ZN9BitStream14readIntMax1023Ev,0x290
0x750460,_ZN5lzham13prefix_coding19limit_max_code_sizeEjPhj,0x41c
0x75087c,_ZThn96_N24EsportTournamentsWebView18webviewDidFailLoadEv,0x74
0x7508f0,_ZN24ClientCryptoErrorMessage6decodeEv,0x2c
0x75091c,_ZN16OutOfSyncMessage7getTickEv,0x8
0x750924,_ZNK11ContextMenu4isMeEPK9LogicLong,0x30
0x750954,_ZN19SuggestBrawlerPopup7setDataEP14PiranhaMessage,0x6c
0x7509c0,_ZN10GatchaDrop6encodeEP15ChecksumEncoder,0x9c
0x750a5c,_ZNK23BattleReportStreamEntry15getMajorVersionEv,0x8
0x750a64,_ZNSt6__ndk16__sortIRZN17TencentLoginState5enterEvE3$_0P14TextLinkButtonEEvT0_S6_T_,0x660
0x7510c4,_ZN19StopSpectateMessageC2Ev,0x30
0x7510f4,_hb_ot_layout_get_ligature_carets,0x290
0x751384,_ZN12TestReporter12printResultsEv,0x144
0x7514c8,_ZN5titan3com9supercell5titan12TitanWebViewC2EP8_jobject,0xbc
0x751584,_ZN5titan3com9supercell2id21IdPendingRegistrationC2ERK6StringS6_b,0x80
0x751604,_ZN8Settings15getChatPositionEv,0xc
0x751610,_ZN5lzham12lzcompressor5state5printERNS_12symbol_codecERNS_7CLZBaseERKNS_18search_acceleratorERKNS0_10lzdecisionE,0x348
0x751958,_ZN16FacebookATTPopup18customButtonTappedEP10GameButtoni,0x28
0x751980,_ZN12AllianceItem6updateEf,0x4
0x751984,_ZN16PlayerMapManager16handleMapPreviewEP17MapPreviewMessage,0x84
0x751a08,_ZL19_hb_ft_face_destroyP11FT_FaceRec_,0x4
0x751a0c,_ZN15SelectHeroPopup17backButtonPressedEv,0xc
0x751a18,_ZN19DebugPerformanceHud5flushEv,0xe0
0x751af8,_ZN8Databind24NlohmannJsonOutReflector10reflectIntEiRK6Stringi,0xc0
0x751bb8,_ZN23PushNotificationService14getDeviceTokenERi,0x10
0x751bc8,_ZN8LogicMD52FFEiiiiiii,0xe8
0x751cb0,_ZN6icu_5818UStringEnumeration5snextER10UErrorCode,0xc0
0x751d70,_ZN10HeroSprite10updateFaceEf,0x18c
0x751efc,_randombytes,0x74
0x759184,_ZN17LogicBattleEmotes6encodeEP15ChecksumEncoder,0x70
0x7591f4,_ZL31hb_font_get_glyph_from_name_nilP9hb_font_tPvPKciPjS1_,0xc
0x759200,_ZNKSt6__ndk110__function6__funcIZN11scTaskQueue3runIZN8TestCase10touchStageER5TouchE3$_5EENS_13invoke_resultIT_JEE4typeES9_EUlvE_NS_9allocatorISC_EEFvvEE11target_typeEv,0xc
0x75920c,_ZN13HeroModelItemD0Ev,0x88
0x759294,_ZN8GameMain22getClientGlobalsCSVRowERK6String,0x1b4
0x759448,_ZN10LogicGoals24getTrophyTrackHeroesUpToEi,0x230
0x759678,_ZN13LogicConfData14addCustomEventEP11CustomEvent,0x13c
0x7597b4,_ZNK20LogicCharacterServer22getCurrentCastingSkillEv,0x88
0x75983c,_ZNK6scFile4tellEv,0x10
0x75984c,_ZNK19LogicAreaEffectData9getTimeMsEv,0x8
0x759854,_ZN13YoozooManager17openUserAgreementEv,0x68
0x7598bc,_ZNK33LogicViewInboxNotificationCommand14getCommandTypeEv,0x8
0x7598c4,_ZN19DeviceLinkCodeInputD0Ev,0x34
0x7598f8,_ubidi_getBaseDirection_58,0xd0
0x7599c8,_ZN10StreamItem13closePopoversEv,0x24
0x7599ec,_ZN29HomeBattleReplayViewedMessage14removeReplayIdEv,0x10
0x7599fc,_ZN14QualifiedPopupC2EP19QualifyNotification,0x328
0x759d24,_ZN18DecoratedTextField19setupPlayerNameTextEP9MovieClipRK6StringPK17PlayerDisplayData,0xa8
0x759dcc,_ZNK17LogicShopItemData18getRankedGoalAssetEv,0x10
0x759ddc,_ZN13YoozooManager17openPrivacyPolicyEv,0x68
0x759e44,_ZN23LogicCharacterClientOwnC2EPK9LogicData,0xac
0x759ef0,_ZN5scKey17generateRandomKeyEv,0x40
0x759f30,_ZNK29AllianceMailAvatarStreamEntry10getMessageEv,0x8
0x759f38,_ZN21LogicJSONOutReflectorC2EP13LogicJSONNode,0x94
0x759fcc,_ZN9HeroPopup14deleteAllPagesEv,0x16c
0x75a138,_ZNSt6__ndk110__function6__funcIZN11wendelstein25makeEmitterParamsMigratorERKNS_6vectorINS_10shared_ptrINS2_17IEmitterComponentEEENS_9allocatorIS6_EEEEE3$_1NS7_ISC_EEFvRNS2_12old_versions15EmitterParamsV0ERNS2_7Emitter13EmitterParamsEEE18destroy_deallocateEv,0x98
0x75a1d0,_ZNK14AssetReference13getExportNameEv,0x1c
0x75a1ec,_ZN18HomePageTeamMember14onHeroNotReadyEb,0x4
0x75a1f0,_ZN15GameSCIDManager22getSupercellFriendsIdsEv,0x204
0x75a3f4,_ZL15_charPtr_charAtiPv,0x2c
0x75a420,_ZN25PurchaseConfirmationPopup19isInputTextAcceptedEv,0x28
0x75a448,_ZN15MovieClipHelper20setDisabledGrayedOutEP13DisplayObjectbb,0x6c
0x75a4b4,_ZN21LogicProjectileServer35addIgnoredTargetToLinkedProjectilesEii,0x78
0x75a52c,_ZN26RankedTeamSelectionManager10canPrePickEPK18LogicCharacterData,0x12c
0x75a658,_ZN17TencentLoginState27getLocaleClampedStringValueERK6StringS2_i,0x68
0x75a6c0,_ZN18DecoratedTextField12getOrReplaceEP9TextField,0xdc
0x75a79c,_ZN22ChronosResourceManagerD2Ev,0x128
0x75a8c4,_ZN8InStream6readU8Ev,0x74
0x75a938,_ZN26RankedTeamSelectionManager28getStateTimeRemainingSecondsEv,0x28
0x75a960,_ZN18DeliveryCardsPopup20prepareHeroExecutionEv,0x5f4
0x75af54,_ZN8NewsPage17backButtonPressedEv,0x48
0x75af9c,_ZNK27YoozooBillingRequestMessage10getOrderIdEv,0x8
0x75afa4,_ZN34FacebookAccountAlreadyBoundMessage15removeAccountIdEv,0x10
0x75afb4,_ZN20BattleLogPlayerEntry8destructEv,0x6c
0x75b020,_ZNK20LogicCharacterServer15isForcedVisibleEv,0x7c
0x75b09c,_ZN16BattleEndMessage6decodeEv,0x8ac
0x75b948,_uloc_canonicalize_58,0xc
0x75b954,_ZN17SettingsSubScreenD2Ev,0x48
0x75b99c,_ZNSt6__ndk110__function6__funcIZN11scTaskQueue3runIZN7GLImage6createEPKc9ImageWrap11ImageFilterE3$_0EENS_13invoke_resultIT_JEE4typeESB_EUlvE_NS_9allocatorISE_EEFvvEE7destroyEv,0x4
