address,name,size
0x59387c,_ZNK15LogicLocaleData17getForcedFontNameEv,0x8
0x593884,_ZN15LogicClientHome15addNotificationEP16BaseNotification,0x164
0x5939e8,_ZN10SCTuneImpl8addColorERK6StringPiPKcP20SCTuneChangeListenerib,0x70
0x593a58,_ZN25LogicAvatarChangeListenerC2Ev,0x10
0x593a68,_ZNK14SceneCharacter8getTileYEv,0x1c
0x593a84,_ures_getStringByIndex_58,0x1ac
0x593c30,_ZNK13LogicCardData8getValueEv,0x8
0x593c38,_ZNSt6__ndk110__function6__funcIZN22scLZMADecompressFilter13setDownstreamEP10scFileImplE3$_0NS_9allocatorIS5_EEFvvEED0Ev,0x4
0x593c3c,_ZN6icu_5813UnicodeStringC2EaPKti,0xe4
0x593d20,_ZN18scWorkerPoolWorkerC2EP12scWorkerPoolRKNSt6__ndk112basic_stringIcNS2_11char_traitsIcEENS2_9allocatorIcEEEEi,0xf0
0x593e10,_ZN31TeamAllianceMemberInviteMessageC2Eiii,0x4c
0x593e5c,_ZN9sc3dWorld16updateAnimationsEf,0x6c
0x593ec8,_ZNKSt6__ndk110__function6__funcIZN7GLImage14updateSubImageEPKciiiiiiE4$_10NS_9allocatorIS5_EEFvvEE11target_typeEv,0xc
0x593ed4,_ZN12DecalManagerC2EP12RenderSystem,0x14
0x593ee8,_ZN17GameCenterManager17gameCenterFriendsEiP6String,0x168
0x594050,_ZNK23StarPointMigrationPopup28allowClosingFromModalTappingEv,0x8
0x594058,_ZNKSt6__ndk110__function6__funcIZN7GLImage6createEPKhi9ImageWrap11ImageFilterE3$_2NS_9allocatorIS7_EEFvvEE7__cloneEv,0x48
0x5940a0,_ZN6icu_5823UCharsDictionaryMatcherD0Ev,0x38
0x5940d8,_ZN26sc3dWorldCombiningRenderer17renderBucketRangeERKN11wendelstein21MovieClipRendererData11BucketRangeE,0xf8
0x5941d0,_ZN14LoginOkMessage16setFacebookAppIdEP6String,0x8
0x5941d8,_ZN11DragHandler10touchMovedERK5Touch,0x100
0x5942d8,_ZN8Material4copyERKS_,0x144
0x59441c,_ZNK19LogicResourceBundle7getDataEi,0x30
0x5946ec,_ZN16HelpshiftManager15storeAvatarTierEv,0x78
0x594764,_ZNK17LogicGameCalendar13getDaysInYearEi,0x10
0x594774,_ZN16UdpPacketHandler7receiveEP9UdpPacketfP25IUdpSocketMessageListener,0x2dc
0x594a50,_ZN15LogicJSONObjectC2Ev,0x38
0x594a88,_ZL12noopSetStateP13UCharIteratorjP10UErrorCode,0xc
0x594a94,_ZNSt6__ndk110__function6__funcIZN19SupercellIdCallback20setNotificationBadgeEP8_jobjectbiE4$_19NS_9allocatorIS5_EEFvvEE18destroy_deallocateEv,0x4
0x594a98,_ZN29AvatarNameChangeFailedMessage9getReasonEv,0x8
0x594aa0,_ZN8Databind24NlohmannJsonOutReflector25reflectNextObjectOptionalEb,0x68
0x594b08,_ZN9sc3dWorld4drawERK9xMatrix44iPNSt6__ndk16vectorIP15sc3dWorldObjectNS3_9allocatorIS6_EEEE,0x34
0x594b3c,_Z10frandRangeff,0x40
0x594b7c,_ZNSt6__ndk110__function6__funcIZ42Java_com_supercell_titan_Kakao_loginFailedE3$_3NS_9allocatorIS2_EEFvvEE7destroyEv,0x8
0x594b84,_ZN8NewsPage7NewsTab21setUpNotificationClipEP9MovieClip,0x50
0x594bd4,_ZN9TeamPopupD0Ev,0x24
0x594bf8,_ZN13LogicSkinData21setBossAutoAttackAnimERK6String,0x8
0x594c00,_ZNSt6__ndk110__function6__funcIZN24DataLoaderLayeredTexture4loadEPKcRKNS_5arrayIiLm4EEEE3$_1NS_9allocatorIS9_EEFjvEED0Ev,0x4
0x594c04,_ZNK23LogicCharacterClientOwn19getUltiModeOnClientEv,0x20
0x594c24,_ZN8Databind15JSONInReflector15enterNextObjectEv,0xa0
0x594cc4,_ZN16LogicSkillServer9hasButtonEv,0x8
0x594ccc,_ZN21LogicBattleModeServer27getRandomTileIndexForObjectEiiPK14LogicArrayListIP12LogicVector2Eiii,0x284
0x594f50,_ZN23ChangeAvatarNameMessage16setNameSetByUserEb,0xc
0x594f5c,_ZN9TextInput10inputEndedEv,0x8
0x594f64,_ZN21LogicBattleModeServer12tickTakedownEv,0x4
0x594f68,_ZN5titan3com9supercell5titan19ApplicationUtilBase11getOpenUDIDEv,0x70
0x594fd8,_ZNK11FontManager12getFontCountEv,0x8
0x594fe0,_ZN19IGameCenterListener29gameCenterProfilePictureErrorERK6String,0x4
0x594fe4,_ZN16AllianceWarPopupD0Ev,0x24
0x595008,_ZN23DeviceLinkedStreamEntry8destructEv,0x4
0x59500c,_ZNKSt6__ndk110__function6__funcIZN11scTaskQueue3runIZN6Shader4loadEPKcS6_S6_E3$_1EENS_13invoke_resultIT_JEE4typeES9_EUlvE_NS_9allocatorISC_EEFvvEE7__cloneEv,0x38
0x595044,_ZNK9Messaging19serverHelloReceivedEv,0x10
0x595054,_ZN19EnvironmentRenderer19addMovieClipTextureEP16MovieClipTexture,0xd8
0x59512c,_ZN20PlayerNameColorPopupD2Ev,0xa8
0x5951d4,_ZN24LogicExpressionEvaluator9readTokenEv,0x2d4
0x5954a8,_ZN16GameStateManager13changeToStateEv,0x80
0x595528,_ZN13LogicConfData16getChallengeWinsEv,0x44
0x59556c,_ZN14MessageManager20requestSeasonRewardsEi,0x1b8
0x595724,_ZN15LogicJSONParser16createJSONStringEPK13LogicJSONNodei,0x64
0x595788,_ZN16StartGameMessageC2Ei,0x30
0x5957b8,_uprv_fabs_58,0x8
0x5957c0,_ZN14LoginOkMessage17getContentVersionEv,0x8
0x5957c8,_ZN20LogicJSONInReflector13reflectRandomER11LogicRandomPKc,0x64
0x59582c,_ZNK4Shop11getNewCountEi,0xa8
0x5958d4,_ZNK19LogicProjectileData15getHitEffectEnvEv,0x8
0x5958dc,_ZN14LogicAccessory16triggerAccessoryEP20LogicCharacterServerii,0x4
0x5958e0,_ZN13FriendsScreen13updateInvitesEf,0x28
0x595908,_ZN29DeviceLinkSuccesfullOldScreen13buttonClickedEP12CustomButton,0x34
0x59593c,_ZN13ShaderUtility30getBackwardsCompatibleHeaderFsEbb,0x10c
0x595a48,_ZN21LogicJSONOutReflector11reflectBoolEbPKcb,0xa0
0x595ae8,_ZNSt6__ndk110__function6__funcIZN19SupercellIdCallback24clearPendingRegistrationEP8_jobjectE3$_5NS_9allocatorIS5_EEFvvEE7destroyEv,0x4
0x595aec,_ZNSt6__ndk110__function6__funcIZN11AndroidMain23startedFromNotificationERK6StringE3$_8NS_9allocatorIS6_EEFvvEEclEv,0x1c
0x595b08,_ZNK31ChangeAllianceMemberRoleMessage14getMessageTypeEv,0x8
0x595b10,_ZN6icu_5811StringPiece3setEPKc,0x38
0x595b48,_ZN31ChangeAllianceMemberRoleMessageC2Ev,0x38
0x595b80,_ZNKSt6__ndk110__function6__funcIZN11scTaskQueue3runIZN10SWFTexture4loadEP12SupercellSWFbibbbbRK6StringE3$_1EENS_13invoke_resultIT_JEE4typeESC_EUlvE_NS_9allocatorISF_EEFvvEE7__cloneEv,0x38
0x595bb8,_ZNK6icu_5815RBBIDataWrapper19getRuleSourceStringEv,0x8
0x595bc0,_ZNK15LaserBoxManager7Website6getURLERK6String,0x384
0x595f44,_ZN21MagicSelectableButton22scaleFirstTextIfNeededEv,0x4
0x595f48,_ZN28BindGamecenterAccountMessage9removeUrlEv,0x10
0x595f58,_ZN10StreamItemC2EP11StreamEntry,0x84
0x595fdc,_Delta_Init,0x28
0x596004,_ZNK20LogicCharacterClient12getMoveAngleEv,0x8
0x59600c,_ZNK6scglTF8MeshData10getIndicesEv,0x4
0x596010,_ZN16PlayerMapManager17requestPlayerMapsEiPK9LogicLong,0x8c
0x59609c,_ubidi_getSingleton_58,0xc
0x5960a8,_ZN5titan3com9supercell5titan19ApplicationUtilBase20showKunlunExitScreenEv,0x5c
0x596104,_ZN5titan3com9supercell5titan7GameApp10getAPKPathEv,0x70
0x596174,_ZN9BitStream8destructEv,0x48
0x5961bc,_ZN22DeletePlayerMapMessageC2Ev,0x34
0x5961f0,_ZN19GameSliderComponent16setMinValueLabelERK6String,0x8
0x5961f8,_ZN19LogicResourceBundle6decodeEP10ByteStream,0x5c
0x596254,_ZNSt6__ndk110__function6__funcIZ53Java_com_supercell_titan_GoogleServiceClient_onSignInP7_JNIEnvP7_jclassE3$_0NS_9allocatorIS6_EEFvvEEclEv,0x1c
0x596270,_ZNK13LogicJSONNull7getTypeEv,0x8
0x596278,_ZN21LogicBattleModeServer13forceGameOverEv,0xc
0x596284,_ZN23AddFriendByEmailMessage18getServiceNodeTypeEv,0x8
0x59628c,_ZN18LogicMapEditorMode13setPlayerMapsEP14LogicArrayListIP14LogicPlayerMapE,0x34
0x5962c0,_ZN20HashTagCodeGenerator6toCodeERK9LogicLong,0x8
0x5962c8,_ZN13ShopBgElement23resetBillingCheckTimersEv,0x7c
0x596344,_ZN8ImageSet12unloadUnusedEv,0x124
0x596468,_ZNSt6__ndk110__function6__funcIZN29scMultithreadedLoadingManager6submitEP14scResourceDataRK18scResourceLoadInfoE3$_1NS_9allocatorIS8_EEFvvEEclEv,0x8
0x596470,_ZNK18LogicClientGlobals17getAltStringArrayERK6String,0x18
0x596488,_ZNK14LogicSkillData14getCastingTimeEv,0x10
0x596498,_ZN11SoundSystem12mixerSuspendEv,0x64
0x5964fc,_ZNK22scThreadSafeRingBuffer27numBytesAvailableForWritingEv,0x14
0x596510,_ZNKSt6__ndk110__function6__funcIZN11scTaskQueue3runIZN7GLImage6createEPKhi9ImageWrap11ImageFilterE3$_3EENS_13invoke_resultIT_JEE4typeESB_EUlvE_NS_9allocatorISE_EEFvvEE7__cloneEv,0x38
0x596548,_ZN9BitStream24readPositiveIntMax262143Ev,0x420
0x596968,_ZN15ParticleEmitterD2Ev,0x40
0x5969a8,_ZN10HTTPClient3getERK6StringP18HTTPClientListener,0xe0
0x596a88,_ZNSt6__ndk110__function6__funcIZN11scTaskQueue3runIZN8TestCase17releaseStageTouchEvE3$_4EENS_13invoke_resultIT_JEE4typeES7_EUlvE_NS_9allocatorISA_EEFvvEE7destroyEv,0x4
0x596a8c,_ZN20LogicJSONInReflector29reflectReflectablePointerBaseEPK16LogicReflectablePKci,0xc8
0x596b54,_ZNKSt6__ndk110__function6__funcIZN11scTaskQueue3runIZN7GLImage14updateSubImageEPKhiiiE3$_9EENS_13invoke_resultIT_JEE4typeES9_EUlvE_NS_9allocatorISC_EEFvvEE11target_typeEv,0xc
0x596b60,_ZN5titan3com9supercell5titan21NativeFacebookManager7jniLikeERK6String,0x8c
0x596bec,_ZN17TencentLoginState13updateLoadingEf,0x4
0x596bf0,_ZN23BindKakaoAccountMessage8setForceEb,0xc
0x596bfc,_u_cleanup_58,0x100
0x596cfc,_ZN8PageItemD0Ev,0x48
0x596d44,_ZN21LogicCompressedString3setEPKcib,0x74
0x596db8,_ZN5titan3com9supercell5titan7tencent11MSDKManager17loginWeChatQrCodeEv,0x5c
0x596e14,_ZNK24BindYoozooAccountMessage17getYoozooPlatformEv,0x8
0x596e1c,_hb_ot_layout_has_substitution,0x88
0x596ea4,_ZN9EntryInfo13refreshEmotesEv,0xb8
0x596f5c,_ZNK20LogicBattlePlayerMap20getCompressedMapDataEv,0x8
0x596f64,_ZN17LogicClientAvatar30getPractiseAiDifficultyForHeroEii,0x5c
0x596fc0,_ZN23RankedRewardsTrackPopup10getChildTFERK6String,0x88
0x597048,_ZNK19NameChangeSubScreen11getTitleTIDEv,0x8
0x597050,_ZN18PurchaseOfferPopup13touchReleasedERK5Touch,0x30
0x597080,_ZN17AnimationInstance11setLocationEfff,0xc
0x59708c,_ZN22HeroRewardNotification7getHeroEv,0x8
0x597094,_ZNK12SupercellSWF18getExportNameCountEv,0x8
0x59709c,_ZN14AllianceStream10closeInputEv,0x4c
0x5970e8,_init_block,0x100
0x5971e8,_ZN9RankPopup22isAffectedByScoreDecayEPK13LogicHomeMode,0xf4
0x5972dc,_ZN13ProfileButton17refreshPlayerNameEv,0xec
0x5973c8,_ZNK14LoginOkMessage15getAccountTokenEv,0x10
0x5973d8,_ZNK13SceneRenderer8getWorldENS_10WorldLayerE,0x2c
0x597404,_ZNSt6__ndk110__function6__funcIZN19EnvironmentRenderer6renderER9Matrix2x3R14ColorTransformifE3$_0NS_9allocatorIS7_EEFvvEEclEv,0xc
0x597410,_Z17isSphereInFrustumRK7Vector3IfEfRK9xMatrix44,0xe0
0x5974f0,_ZN10SkinsPopup17backButtonPressedEv,0xc
0x5974fc,_ZN3GUI11hudPrintTIDERK6Stringbb,0x98
0x597594,_ZNK13LogicCardData12getAccessoryEv,0x8
0x59759c,_ZN24KakaoAccountBoundMessage6encodeEv,0x28
0x5975c4,_ZN15SelectHeroPopup22selectingHeroForBattleEv,0x14
0x5975d8,_ZN9HeroPopup17backButtonPressedEv,0xc
0x5975e4,_ZN15LaserBoxManager14getLandingPageEi,0x6c
0x597650,_ZN11StringTable15stripLineBreaksERK6String,0x10
0x597660,_ZNK20LogicCharacterServer18getRapidFireDamageEv,0x10
0x597670,_ZN36AskForPlayingSupercellFriendsMessage6decodeEv,0x1f8
0x597868,_ZN16RotateHeroButton12touchPressedERK5Touch,0x60
0x5978c8,_ZN17LogicSkinConfData12setIntroAnimERK6String,0x14
0x5978dc,_ZN31PublishPlayerMapResponseMessage8setMapIdERK9LogicLong,0xc
0x5978e8,_ZN15sc3dWorldObject23setWorldNonUniformScaleE7Vector3IfE,0x140
0x597a28,_ZN25SetCountryResponseMessage6encodeEv,0x38
0x597a60,_ZN14MessageManager34setPendingOfflineMapPreviewMessageEP17MapPreviewMessage,0x50
0x597ab0,_ZNSt6__ndk110__function6__funcIZN11scTaskQueue3runIZN7GLImage6createEPKhi9ImageWrap11ImageFilterE3$_2EENS_13invoke_resultIT_JEE4typeESB_EUlvE_NS_9allocatorISE_EEFvvEE18destroy_deallocateEv,0x4
0x597ab4,_ZThn96_N17AnimationInstance8setScaleEf,0x1c
0x597ad0,_ZN6icu_5817StringEnumeration4nextEPiR10UErrorCode,0x148
0x597c18,_ZN23LogicCharacterClientOwn32stopMovementWithClientPredictionEibiiP21LogicBattleModeClient,0xac
0x597cc4,_ZThn96_N13HeroInfoPopup13buttonClickedEP12CustomButton,0x8
0x597ccc,_ZNK18LogicCharacterData7isTrainEv,0x10
0x597cdc,_RestartModel,0x314
0x597ff0,_ZN8Material9getShaderEv,0x40
0x598030,_ZN27HeroPowerRewardNotification8destructEv,0x28
0x598058,_ZN12EventTracker11useOldTrackEv,0x1c
0x598074,_ZNK11DragHandler7getMaxYEv,0x88
0x5980fc,_ZN11VanityItems6encodeEP15ChecksumEncoder,0x6c
0x598168,_ZN14LoginOkMessage37setSupercellIdLogoutAllDevicesAllowedEb,0xc
0x598174,_ZN5lzham12lzcompressor12coding_stats6updateERKNS0_10lzdecisionERKNS0_5stateERKNS_18search_acceleratorEy,0x408
0x59857c,_Z20intersectRay3fSphereRK7Vector3IfES2_S2_fRfb,0xc8
0x598644,_ZN15LogicDataTables16getSilenceEffectEv,0xc
0x598650,_ZN31ChangeAllianceMemberRoleMessage17setMemberAvatarIdEP9LogicLong,0x8
0x598658,_ZL14compareEntries8UElementS_,0x50
0x5986a8,_ZNK21LogicTutorialStepData23getBlockingSpeechBubbleEv,0x10
0x5986b8,_ZN37YoozooBillingProcessedByServerMessage10setOrderIdERK6String,0x8
0x5986c0,_ZN17PlayerRankingDataC2Ev,0x1c
0x5986dc,_ZNK20LogicCharacterServer7hasUltiEv,0x58
0x598734,_ZN20LogicJSONInReflector16reflectLongArrayER14LogicArrayListIxEPKc,0x2f4
0x598a28,_ZN18PreRenderedTexture25setBackfaceCullingEnabledEb,0xc
0x598a34,_ZNKSt6__ndk110__function6__funcIZN27BattleEndRankedRankUpScreen14addExecutionToEP18SequencedExecutionE3$_0NS_9allocatorIS5_EEFbvEE6targetERKSt9type_info,0x1c
0x598a50,_ZN21LogicJSONOutReflector6addIntEi,0x5c
0x598aac,_ZN17UIMovieClipGetterD0Ev,0x5c
0x598b08,_ZN12LoginMessage14setResourceShaEP6String,0x8
0x598b10,_ZThn96_N13QuestionPopUp13buttonClickedEP12CustomButton,0x8
0x598b18,_ZN6icu_5823StringCharacterIteratorC2ERKNS_13UnicodeStringEi,0xb8
0x598bd0,_ZNK15sc3dWorldCamera11extractFovYEv,0x54
0x598c24,_ZNK20LogicBattlePlayerMap12getAccountIdEv,0x8
0x598c2c,_ZNK13LogicHomeMode7getHomeEv,0x8
0x598c34,_ubidi_getVisualIndex_58,0x360
0x598f94,_ZN23TeamInviteStatusMessageC2Ev,0x38
0x598fcc,_ZN12RenderSystem25finishEffectManagerUpdateEv,0x14
0x598fe0,_ZN8Databind23NlohmannJsonInReflector6getIntERK6Stringi,0x168
0x599148,_ZNK9MovieClip16getTimelineChildEi,0xc
0x599154,_ZN9LogicData16createReferencesEv,0x7c
0x5991d0,_ZN14LogicSoundDataC2EP6CSVRowP14LogicDataTable,0x2c
0x5991fc,_ZN23BattleReportStreamEntry8destructEv,0x68
0x599264,_ZN14AllianceCreate13touchReleasedERK5Touch,0x24
0x599288,_ZN11wendelstein7Emitter16applyConstraintsEv,0x124
0x5993ac,_ZNK15sc3dWorldCamera12screenToTileEffRfS0_f,0xf0
0x59949c,_ZN13UIHandlerListC2Ev,0x14
0x5994b0,_ZN22BindLineAccountMessage8setForceEb,0xc
0x5994bc,_ZNKSt6__ndk110__function6__funcIZ54Java_com_supercell_titan_GoogleServiceClient_onSignOutP7_JNIEnvP7_jclassE3$_1NS_9allocatorIS6_EEFvvEE7__cloneEv,0x24
0x5994e0,_ZNK21LogicProjectileClient10getTargetXEv,0x8
0x5994e8,_ZN26LogicMersenneTwisterRandom8generateEv,0x90
0x599578,_ZN9TeamEntry18setCustomModifiersEP17LogicIntArrayList,0x48
0x5995c0,_ZN9AnimationC2EPK8SkeletonPK7SCWFileiff,0xf4
0x5996b4,_ZN11UIMultiViewD2Ev,0x7c
0x599730,_ZN8Settings20setAccessoryPositionEff,0x80
0x5997b0,_ZN18LogicMapEditorMode10isMapValidEi,0x2690
0x59be40,_ZN15AllianceManager19resetSpectateStatusEv,0x8
0x59be48,_ZNK11LogicRandom6encodeEP15ChecksumEncoder,0x18
0x59be60,_ZN21CreateAllianceMessageC2Ei,0x3c
0x59be9c,_ZNK13LogicTileData12getCustomSCWEv,0x10
0x59beac,_ZNK24EsportTournamentsWebView13isInternalURLERK6String,0x28
0x59bed4,_ZN22scThreadSafeRingBuffer11finishWriteEm,0x70
0x59bf44,_ZN6icu_5813UnicodeStringC2EPKc,0x74
0x59bfb8,_ZN14VideoAdManager14removeListenerEv,0x10
0x59bfc8,_ZNK14TencentManager9isWaitingEv,0x28
0x59bff0,_ZN9InboxItemD0Ev,0x74
0x59c064,_ZNK10GameObject25getLogicGameObjectManagerEv,0x8
0x59c06c,_ZNKSt6__ndk110__function6__funcIZN11scTaskQueue3runIZN8TestCase11touchSpriteEP6SpriteE3$_1EENS_13invoke_resultIT_JEE4typeES9_EUlvE_NS_9allocatorISC_EEFvvEE7__cloneEPNS0_6__baseISF_EE,0x18
0x59c084,_ZN18LoginFailedMessage29setSecondsUntilMaintenanceEndEi,0x8
0x59c08c,_ZThn96_N18WaitingPopupRanked13buttonClickedEP12CustomButton,0x78
0x59c104,_ZN17OnlineTeamupPopup12touchPressedERK5Touch,0x1c
0x59c120,_ZNKSt6__ndk110__function6__funcIZN32NativeFacebookConnectionCallback14sentAppRequestERK6StringS5_E3$_5NS_9allocatorIS6_EEFvvEE6targetERKSt9type_info,0x1c
0x59c13c,_ZN6icu_589UVector3214expandCapacityEiR10UErrorCode,0xd0
0x59c20c,_ZN11LogicPlayer10addXpBonusEii,0x194
0x59c3a0,_ZNK17LogicSkinConfData17getHeroScreenFaceEv,0x10
0x59c3b0,_ZNK14LogicEmoteData11getFileNameEv,0x10
0x59c3c0,_ZNK14LogicSkillData19getChargedShotCountEv,0x8
0x59c3c8,_ZNKSt6__ndk110__function6__funcIZN11AndroidMain11releaseGameEvE3$_5NS_9allocatorIS3_EEFvvEE11target_typeEv,0xc
0x59c3d4,_ZNK6scglTF9BufferPtr14getElementSizeEv,0x8
0x59c3dc,_ZN12AllianceInfo24resolvePopupMemberStatusEv,0x7c
0x59c458,_ZN15LogicBuffServer8destructEv,0x20
0x59c478,_ZN3GUI27showFloaterTextAtDefaultPosERK6Stringfi,0x60
0x59c4d8,_ZN5Trace3endEv,0x4
0x59c4dc,_ZNK21LogicProjectileServer17getProjectileZAtTEfffff,0x30
0x59c50c,_ZN21GetLeaderboardMessage18getServiceNodeTypeEv,0x8
0x59c514,_uprv_fmin_58,0x60
0x59c574,_ZN17TencentLoginState29openChinaLoginExtraTermsPopupEv,0x10c
0x59c680,_MatchFinder_GetNumAvailableBytes,0x10
0x59c690,_ZN25PlaySoundInFrameExecution13onFastforwardEv,0x8
0x59c698,_ZNK6String7replaceERKS_S1_,0x1dc
0x59c874,_ZNK17CreateGameMessage14getMessageTypeEv,0x8
0x59c87c,_ZN28BindGamecenterAccountMessage8destructEv,0xd0
0x59c94c,_ZNSt6__ndk110__function6__funcIZN11scTaskQueue3runIZN6Shader4loadEPKcS6_PS6_iE3$_0EENS_13invoke_resultIT_JEE4typeESA_EUlvE_NS_9allocatorISD_EEFvvEEclEv,0x40
0x59c98c,_ZNSt6__ndk110__function6__funcIZN19SupercellIdCallback10setProfileEP8_jobjectRK6StringS7_iE4$_20NS_9allocatorIS8_EEFvvEE7destroyEv,0x28
0x59c9b4,_ZN13DebugMenuBase8scrollToEf,0x28
0x59c9dc,_ZN12scWorkerPool13getNumWorkersEv,0x10
0x59c9ec,_ZN31PublishPlayerMapResponseMessageC2Ev,0x40
0x59ca2c,_ZN9CSVColumn6removeEii,0x160
0x59cb8c,_ZNK7PageGUI15showResourceHUDEv,0x28
0x59cbb4,_ZN19EffectPreviewButtonD2Ev,0x14
0x59cbc8,_ZNK18LogicChallengeData27getCompletionRewardPopupTIDEv,0x10
0x59cbd8,_ZN22ClientContentValidator21validateMileStoneDataEPK14LogicMilestone,0x3b8
0x59cf90,_ZN18DeliveryCardsPopup11getNextDropEv,0x38
0x59cfc8,_ZN11RenderQueueD2Ev,0x108
0x59d0d0,_ZNK6String11lastIndexOfEi,0x8
0x59d0d8,_ZNK21LogicBattleModeClient19getLocationGlobalIDEv,0x10
0x59d0e8,_ZNK14LogicEmoteData11getSfxIndexEv,0x10
0x59d0f8,_ZNK26ListBrawlTvChannelsMessage14getMessageTypeEv,0x8
0x59d100,_ZN17LogicGameModeUtil22hasAntiTeamingFeaturesEi,0x18
0x59d118,_ZN8Animator16setNextAnimationEif,0xc
0x59d124,_ZNK30LookForATeamMemberConfirmPopup12getPopupTypeEv,0x8
0x59d12c,_ZN18HomePageTeamMember14onHeroSelectedEb,0x12c
0x59d258,_ZN29ChangeAllianceSettingsMessage20setAllianceBadgeDataEPK22LogicAllianceBadgeData,0x8
0x59d260,_ZNK15DownloadManager28isOnDemandResourceDownLoadedERK6StringP20FileDownloadListener,0x100
0x59d360,_ZNKSt6__ndk110__function6__funcIZN7GLImage14updateSubImageEPKhiiiE3$_9NS_9allocatorIS5_EEFvvEE7__cloneEPNS0_6__baseIS8_EE,0x30
0x59d390,_ZN20LogicCharacterServer4healEiibPK9LogicData,0x4ec
0x59d87c,_ZN5titan7android4view7Display4Mode9getModeIdEv,0x7c
0x59d8f8,_ZN17TencentLoginState15moveToNextStateEv,0xf8
0x59d9f0,_ZN29LogicClaimRankUpRewardCommand14isIndexClaimedEPK13LogicHomeModeiii,0xac
0x59da9c,_ZN18LeaderboardMessage6encodeEv,0xdc
0x59db78,_ZN24HighRateUdpPacketHandler7receiveEP17HighRateUdpPacketfP33IHighRateUdpSocketMessageListener,0x460
0x59dfd8,_ZN37JoinAllianceResponseAvatarStreamEntry10setMessageEP6String,0x8
0x59dfe0,_ZN11SoundSystem15setChannelPitchEjf,0xa4
0x59e084,_ZN15AllianceManager27compileListOfAllSCIDFriendsEv,0x1fc
0x59e280,_ZN16QuestListHandlerD2Ev,0xa0
0x59e320,_ZN18LogicServerCommand6decodeEP10ByteStream,0x3c
0x59e35c,_ZN11DebugLevelsC2Ev,0x184
0x59e4e0,_ZN11LogicQuests15getChronosQuestEv,0x38
0x59e518,_ZN15StageDrawBucket5resetEv,0x3c
0x59e554,_ZN12RC4Encrypter7encryptEPKcPci,0x6c
0x59e5c0,_ZNK29HomeBattleReplayFailedMessage14getMessageTypeEv,0x8
0x59e5c8,_lv1_detect_frida_server__ZL27create_library_guard_threadv,0x58
0x59e620,_sub_59E620,0x58
0x59e678,_ZNK12TencentLogin10isLoggedInEv,0x30
0x59e6a8,_ZZ15moviePlayerPlayvEN18OnPreparedListener10onPreparedEN5titan7android5media11MediaPlayerE,0x50
0x59e6f8,_ZNK9LogicData30getDebuggerNameWithoutGlobalIdEv,0xac
0x59e7a4,_ZL7do_zlibP4zbufPciii,0xf3c
0x59f6e0,_ZNSt6__ndk110__function6__funcIZN8GameMain14loadAssetAsyncERK6StringbE3$_0NS_9allocatorIS6_EEFvvEE18destroy_deallocateEv,0x28
0x59f708,_ZNSt6__ndk110__function6__funcIZN7GLImage14updateSubImageEPKciiiiiiE4$_10NS_9allocatorIS5_EEFvvEEclEv,0x158
0x59f860,_ZNK11BasePageGUI17getPageScrollProgEv,0x120
0x59f980,_ZN30SupercellIdNotificationMessage20setNotificationTokenEP21LogicCompressedString,0x40
0x59f9c0,_ZNK14BattleTutorial18shouldUseUltiShootEv,0x50
0x59fa10,_ZN12LogicVector210normalizeYEi,0x44
0x59fa54,_ZN15LogicJSONParser13parseJSONNodeEPK6String,0x5c
0x59fab0,_ZN9BitStream23readPositiveIntMax32767Ev,0x374
0x59fe24,_ZN9LogicMath23getDistanceSquareToLineEPK12LogicVector2S2_S2_,0xb4
0x59fed8,_ZN18ServerHelloMessage6encodeEv,0x2c
0x59ff04,_ZN21LogicJSONOutReflector17reflectExitObjectEv,0x4
0x59ff08,_Z43crypto_box_curve25519xsalsa20poly1305_tweetPhPKhyS1_S1_,0xd0
0x59ffd8,_sub_59FFD8,0x7f8
0x5c1d04,_ZN15LogicPathFinder16aStarGetCheapestEv,0xd0
0x5c1dd4,_ZN21LogicBattleModeServer18setControlledByBotEib,0x44
0x5c1e18,_ZN25DeviceLinkMigrationScreen15updateTimerTextEv,0xa8
0x5c1ec0,_ZN18ServerErrorMessage8destructEv,0x24
0x5c1ee4,_ZN25MovieClipModifierOriginalC2Ev,0x34
0x5c1f18,_ZNK12LoginMessage25getDeviceVerifierResponseEv,0x8
0x5c1f20,_ZNK14MessageManager17isBoundToKunlunIdEv,0x40
0x5c1f60,_ZN30SupercellIdNotificationMessage6encodeEv,0x28
0x5c1f88,_lv1_detect_frida_server__ZL15sigsegv_handleriP7siginfoPv,0x98
0x5c2020,_ZN26RankedTeamSelectionManager14isPickedByTeamEPK18LogicCharacterDatai,0xb0
0x5c20d0,_ZN6CSVRow17setIntegerValueAtEiii,0x10
0x5c20e0,_ZN8HomePage30refreshMapEditorMenuVisibilityEv,0xe8
0x5c21c8,_ZN15DoubleDropPopupD0Ev,0x24
0x5c21ec,_ZN5ShapeC2Eib,0x178
0x5c2364,_ZN8Settings15setUltiPositionEff,0x80
0x5c23e4,_ZNSt6__ndk110__function6__funcIZN19SupercellIdCallback17clearPendingLoginEP8_jobjectE3$_4NS_9allocatorIS5_EEFvvEEclEv,0x28
0x5c240c,_ZN27BillingRequestFailedMessage7setFlagEi,0x10
0x5c241c,_ZN12LogicBitList6decodeEP10ByteStream,0xa0
0x5c24bc,_ZN19LogicRawInReflector11reflectLongExPKcx,0x50
0x5c250c,_ZL23free_static_shaper_listv,0xc
0x5c2518,_ZNK17LogicClientAvatar17getWinLooseStreakEv,0x8
0x5c2520,_ZN5lzham18search_accelerator16find_all_matchesEj,0x1fc
0x5c271c,_ZN5tween4Sine9easeInOutEffff,0x58
0x5c2774,_ZN13ImpostorAtlas14removeImpostorEP8Impostor,0x80
0x5c27f4,_ZNK34FacebookAccountAlreadyBoundMessage14getMessageTypeEv,0x8
0x5c27fc,_ZNSt6__ndk110__function6__funcIZ54Java_com_supercell_titan_GoogleServiceClient_onSignOutP7_JNIEnvP7_jclassE3$_1NS_9allocatorIS6_EEFvvEEclEv,0x1c
0x5c2818,_ZN22scLZMADecompressFilterD2Ev,0xbc
0x5c28d4,_ZNK10BitmapFont8isItalicEv,0x8
0x5c28dc,_ZN15LogicDataTables14getThemeByNameERK6StringPK9LogicData,0x20
0x5c28fc,_ZNK21LogicBattleModeServer21getTeamObjectiveScoreEii,0x30
0x5c292c,_ZN15LogicPathFinder23aStarRemoveFromOpenListEii,0x28
0x5c2954,_ZNK10GameObject11isCharacterEv,0x8
0x5c295c,_ZN15AllianceManager12isFriendSeenEPK9LogicLong,0xac
0x5c2a08,_ZN7GLImage16createWithFormatEiiiiPKv9ImageWrap11ImageFilter,0x28
0x5c2a30,_ZN5titan3com9supercell5titan14HelpshiftTitan14setSDKLanguageERK6String,0x8c
0x5c2abc,_ZN20LogicAchievementDataC2EP6CSVRowP14LogicDataTable,0x2c
0x5c2ae8,_ZNK22ShapeDrawBitmapCommand7getDataEv,0x8
0x5c2af0,_ZN23BindKakaoAccountMessage13removeKakaoIdEv,0x10
0x5c2b00,_ZNSt6__ndk127__insertion_sort_incompleteIRZN19EnvironmentRenderer33sortMovieClipRendererBucketRangesEPN11wendelstein21MovieClipRendererDataEE4$_12PNS3_11BucketRangeEEEbT0_S9_T_,0x394
0x5c2e94,_ZN8HomeMode8sleepEndEf,0x64
0x5c2ef8,_ZN10TeamStreamD2Ev,0x114
0x5c300c,_ZNK6icu_5817ResourceDataValue29getStringArrayOrStringAsArrayEPNS_13UnicodeStringEiR10UErrorCode,0x1d8
0x5c31e4,_ZN15ResourceManager18putMovieClipToPoolEP9MovieClip,0x74
0x5c3258,_ZN25EventSuggestionStreamItemD0Ev,0x44
0x5c329c,_ZN12SCWFileInput7readU16Ev,0x30
0x5c32cc,_ZNK12scZlibFilter8compressEPKvm,0x164
0x5c3430,_ZN15LeaderboardPageD2Ev,0x154
0x5c3584,_ZNK28LogicGameObjectManagerServer25createGameObjectByClassIDEPK9LogicDatai,0xc
0x5c3590,_ZN17LogicClientAvatar26commodityCountChangeHelperEiPK9LogicDataiibi,0x290
0x5c3820,_ZN23LogicReflectableFactoryC2Ev,0x14
0x5c3834,_ZNK6scFile8getFlagsEv,0x10
0x5c3844,_ZN10LogicGoals21canUnlockRewardOfTypeEiiiii,0xd0
0x5c3914,_ZN21GlobalChatLineMessage6encodeEv,0x5c
0x5c3970,_ZNK9CSVColumn7getSizeEv,0x38
0x5c39a8,_ZN25TeamBotSlotDisableMessage18getServiceNodeTypeEv,0x8
0x5c39b0,_ZNK6icu_5813UnicodeString14getChar32LimitEi,0x88
0x5c3a38,_ZN34LogicBrawlPassSeasonChangedCommandC2Ev,0x30
0x5c3a68,_ZN19GameSliderComponent6updateEf,0x16c
0x5c3bd4,_ZN6icu_5824ForwardCharacterIteratorC2Ev,0x14
0x5c3be8,_ZNK20SetEncryptionMessage14getMessageTypeEv,0x8
0x5c3bf0,_ZNK14BattleTutorial16getAnalyticsNameEv,0xc
0x5c3bfc,_ZN22HeroRewardNotification6decodeEP10ByteStream,0x4c
0x5c3c48,_ZNK11DragHandler13getScreenMidYEv,0x8
0x5c3c50,_ZNSt6__ndk110__function6__funcIZN7GLImage6createEPKhi9ImageWrap11ImageFilterE3$_5NS_9allocatorIS7_EEFvvEED0Ev,0x4
0x5c3c54,_ZN6icu_5813BreakIteratorD0Ev,0x4
0x5c3c58,_ZNK18LoginFailedMessage7getTierEv,0x8
0x5c3c60,_ZN9xMatrix4417createRotationRadERK7Vector3IfEf,0xc8
0x5c3d28,_ZN21LogicCompressedStringC2Ev,0x10
0x5c3d38,_ZN17LogicGameModeUtil13isBigGameBossEiPK21LogicGameObjectServer,0x20
0x5c3d58,_ZThn16_N5titan7android5media11MediaPlayer18OnPreparedListener6invokeEP10_jmethodIDP13_jobjectArray,0x8
0x5c3d60,_ZN25RankedMatchBanHeroMessage8destructEv,0x28
0x5c3d88,_ZN12GemOfferItem10showAdIconEb,0x14
0x5c3d9c,_ZN15ProLeagueScreen7setDataEP14PiranhaMessage,0x4c
0x5c3de8,_ZN8Material15setShaderConfigEi,0x8
0x5c3df0,_ZN13EffectPreviewD2Ev,0x6c
0x5c3e5c,_ZN24PlayerMapStatusInfoPopup11canShowInfoEPK14LogicPlayerMap,0xc8
0x5c3f24,_ZNK9UdpPacket9getSenderEv,0x8
0x5c3f2c,_ZNK20LogicCharacterClient23getControlledProjectileEP21LogicBattleModeClient,0xac
0x5c3fd8,_ZN13HeroListEntryC2EPK18LogicCharacterData,0x1a4
0x5c417c,_ZN16AllianceSettingsD2Ev,0x108
0x5c4284,_ZN14AllianceCreateD0Ev,0x54
0x5c42d8,_ZN13LoadingScreen5enterEv,0x3ac
0x5c4684,_ZNKSt6__ndk110__function6__funcIZN29scMultithreadedLoadingManager6submitEP14scResourceDataRK18scResourceLoadInfoE3$_1NS_9allocatorIS8_EEFvvEE6targetERKSt9type_info,0x1c
0x5c46a0,_ZN27SCIDLogoutAllDevicesMessage6encodeEv,0x28
0x5c46c8,_ZN15MapEditorScreen20handleTouchCancelledEi,0x38
0x5c4700,_ZN6icu_5816RBBITableBuilder19flagLookAheadStatesEv,0x128
0x5c4828,_ZNKSt6__ndk110__function6__funcIZN11AndroidMain23startedFromNotificationERK6StringE3$_9NS_9allocatorIS6_EEFbvEE6targetERKSt9type_info,0x1c
0x5c4844,_ZNK27ChatToAllianceStreamMessage10getMessageEv,0x8
0x5c484c,_ZN22ClientContentValidatorD2Ev,0x58
0x5c48a4,_ZL17charIterTextCloseP5UText,0x34
0x5c48d8,_ZN16DropGUIContainerD0Ev,0x50
0x5c4928,_ZN13HeroInfoPopup19getReloadSpeedClassEi,0x8c
0x5c49b4,_ZNK12GUIContainer12getTextFieldERK6String,0x54
0x5c4a08,_ZN8Databind16JSONOutReflector13reflectStringERK6StringS3_S3_,0x34
0x5c4a3c,_ZN27KunlunBillingRequestMessage6encodeEv,0x50
0x5c4a8c,_Z17calcAreaOfPolygonPK7Vector2IfEj,0x12c
0x5c4bb8,_ZNK17HighRateUdpPacket16getAckMessageIdsEv,0x8
0x5c4bc0,_ZN19GameSCIDAvatarImage6getUVsEPf,0x10
0x5c4bd0,_ZN10PlayerInfo12refreshTitleEP18DecoratedTextField,0x8c
0x5c4c5c,_ZN16ByteStreamHelper14writeLogicLongEP15ChecksumEncoderPK9LogicLong,0x5c
0x5c4cb8,_ZNK16ChatOptionsPopup16isFadeOutEnabledEv,0x8
0x5c4cc0,_ZN11InputSystem21isTouchForceSupportedEv,0x4
0x5c4cc4,_ZNK19DisconnectedMessage9getReasonEv,0x8
0x5c4ccc,_ZN6Sprite12touchPressedERK5Touch,0x20
0x5c4cec,_ZN11wendelstein15cloneComponentsERKNSt6__ndk16vectorINS0_10shared_ptrINS_17IEmitterComponentEEENS0_9allocatorIS4_EEEE,0xe8
0x5c4dd4,_ZNK16GameStateManager15getCurrentStateEv,0x8
0x5c4ddc,_inflateSyncPoint,0x68
0x5c4e44,_ZThn184_N8HomePage9onLevelUpEPK14LogicMilestone,0x4
0x5c4e48,_ZN8GameMain12appRateNeverEv,0x68
0x5c4eb0,_ZN17HighRateUdpPacket25clearMessagesDontDestructEv,0x8
0x5c4eb8,_ZN5SceneD2Ev,0xb8
0x5c4f70,_ZN8Databind23NlohmannJsonInReflector17reflectNextObjectEv,0x64
0x5c4fd4,_ZN11TeamManager20canDisplayInvitationEv,0x10c
0x5c50e0,_ZN15ChecksumEncoder9writeVIntEi,0x18
0x5c50f8,_ZNK22LogicLocationThemeData31getDestructableMesh_CN_OverrideEi,0x18
0x5c5110,_ZN17GraphicProperties4initERK13SurfaceConfig,0x114
0x5c5224,_u_terminateUChar32s_58,0x50
0x5c5274,_ZN15LogicJSONHelper11setIntArrayEP15LogicJSONObjectRK6StringPK14LogicArrayListIiE,0xb8
0x5c532c,_ZNSt6__ndk110__function6__funcIZN11Application25prepareAttributionMessageEvE3$_3NS_9allocatorIS3_EEFbvEEclEv,0xb8
0x5c53e4,_ZNKSt6__ndk110__function6__funcIZ68Java_com_supercell_titan_PurchaseManager_updateBillingProductDetailsP7_JNIEnvP7_jclassP8_jstringS7_iE3$_1NS_9allocatorIS8_EEFvvEE7__cloneEv,0x50
0x5c5434,_ZN12LogicTileMap8destructEv,0x178
0x5c55ac,_ZN8Settings14getButtonAlignEv,0x80
0x5c562c,_ZN25PurchaseConfirmationPopup12touchPressedERK5Touch,0x18
0x5c5644,_ZN20GoogleServiceManager18refreshAchievementEPK20LogicAchievementData,0x70
0x5c56b4,_ZN19LogicProjectileDataC2EP6CSVRowP14LogicDataTable,0xc0
0x5c5774,_ZN29HomeBattleReplayViewedMessage16setReplayShardIdEi,0x8
0x5c577c,_ZNK6icu_5813UnicodeString7extractEiiPciNS0_10EInvariantE,0xf8
0x5c5874,_ZN13BattleLogItem29getEnemyTeamMemberPlayerEntryEi,0x9c
0x5c5910,_ZN18LogicGatchaCommand12getChestTypeEP15LogicClientHomei,0x28
0x5c5938,_ZNK31LogicDeviceLinkEnterCodeMessage11getLinkCodeEv,0x8
0x5c5940,_ZN9QuestItem15createQuestIconEP9MovieClipPK9QuestData,0x32c
0x5c5c6c,_ZN3GUI11showPopoverEP7Popoverffi,0xb0
0x5c5d1c,_uprv_getNaN_58,0xc
0x5c5d28,_hb_ot_shape_plan_collect_lookups,0x40
0x5c5d68,_ZN17DebugCountryPopup12refreshItemsEv,0x384
0x5c60ec,_ZNKSt6__ndk110__function6__funcIZN19EnvironmentRenderer6renderER9Matrix2x3R14ColorTransformifE3$_4NS_9allocatorIS7_EEFvvEE7__cloneEv,0x40
0x5c612c,_ZNK9CombatHUD30shouldShowSpectateFollowButtonEv,0xf0
0x5c621c,_ZN17LogicGamePlayUtil20isTargetedJumpChargeEi,0x24
0x5c6240,_ZNK12scFilesystem14createFileImplEPKci,0x474
0x5c66b4,_ZNK18AddableFriendEntry6equalsEPv,0x3c
0x5c66f0,_ZN10ByteStream9readBytesEii,0xb0
0x5c67a0,_ZN15LogicClientHome14getPlayerLevelEv,0x14
0x5c67b4,_ZN10BattleMode11getInstanceEv,0x44
0x5c67f8,_ZNK9Animation14getFrameLengthEv,0x20
0x5c6818,_ZN5lzham37raw_quasi_adaptive_huffman_data_model5init2EbjjjPKt,0x45c
0x5c6c74,_ZN19scResourceLoadQueue3popER18scResourceLoadInfo,0x20c
0x5c6e80,_ZN9TeamEntry17getJoinRequestForEPK9LogicLong,0x70
0x5c6ef0,_ZN11SCIDWebView10setLoadingEb,0x40
0x5c6f30,_ZNK18LogicCharacterData20hasVeryMuchHitpointsEv,0x8
0x5c6f38,_Java_com_supercell_titan_SupercellId_setPendingLoginWithEmail,0x50
0x5c6f88,_ZNK5lzham12lzcompressor10lzdecision14get_match_distERKNS0_5stateE,0x30
0x5c6fb8,_ZNK9UdpSocket17isValidConnectionEv,0x2c
0x5c6fe4,_ZNK21LogicBattleModeServer17isRoboWarsNoRobosEv,0x8
0x5c6fec,_ZN22MapEditorModifierPopup13buttonClickedEP12CustomButton,0x3e4
0x5c73d0,_ZNK18LogicCharacterData19getHeroScreenEmoteYEv,0x24
0x5c73f4,_ZNK12LogicVector220getDistanceSquaredToEii,0x5c
0x5c7450,_ZN7XpEntry8destructEv,0x8
0x5c7458,_ZN8TestCase10getDoTouchEP13DisplayObject,0x4e8
0x5c7940,_ZN17HighRateUdpPacket10addMessageEP18HighRateUdpMessage,0x13c
0x5c7a7c,_ZN11FriendEntry15setFacebookNameERK6String,0x8
0x5c7a84,_ZN14LogicPlayerMap4saveEP12LogicTileMapP18LogicMapEditorMode,0x510
0x5c7f94,_ZN19CachedFontFormatter13getLineHeightEv,0x18
0x5c7fac,_ZN11wendelstein18WendelsteinManager7destroyEPNS_19AbstractEmitterDataE,0x18
0x5c7fc4,_hb_ot_layout_table_choose_script,0x450
0x5c8414,_ZN15DownloadManager18resetDownloadQueueEv,0x70
0x5c8484,_ZN9RankPopup11getNextItemEP14LogicArrayListIP8RankItemEb,0x134
0x5c85b8,_ZN15GameSCIDManager9handleUrlERK6String,0x1f4
0x5c87ac,_ZN15sc3dWorldObject16removeFromEngineEv,0xcc
0x5c8878,_ZN30UpdatePlayerMapResponseMessage18getServiceNodeTypeEv,0x8
0x5c8880,_ZNK6String11lastIndexOfERKS_,0xb8
0x5c8938,_ZN12jpeg_decoder15init_sequentialEv,0x30
0x5c8968,_ZN24AvatarStreamEntryMessage8destructEv,0x50
0x5c89b8,_ZN5titan3com9supercell5titan11SupercellId20accountBindingFailedEv,0x7c
0x5c8a34,_ZNSt6__ndk110__function6__funcIZN11Application20getAdvertiserIDAsyncEvE3$_2NS_9allocatorIS3_EEFNS_4pairIb6StringEEvEEclEv,0x4c
0x5c8a80,_ZN34ChangePlayerMapNameResponseMessage8setMapIdERK9LogicLong,0xc
0x5c8a8c,_ZN10SCIDWindow6updateEf,0x118
0x5c8ba4,_ZN6icu_5812PropNameData22getPropertyOrValueEnumEiPKc,0x120
0x5c8cc4,_ZNKSt6__ndk110__function6__funcIZN14SceneCharacter6updateEfE3$_0NS_9allocatorIS3_EEFvvEE7__cloneEv,0x38
0x5c8cfc,_ZN10ScoresPage6updateEf,0x118
0x5c8e14,_ZN14LogicPlayerMap23setFriendlySignoffCountEi,0x8
0x5c8e1c,_ZN5titan4java8security13MessageDigest11getInstanceERK6String,0x9c
0x5c8eb8,_ZN18SequencedExecutionD2Ev,0xb8
0x5c8f70,_ZN19NotificationMessage6decodeEv,0x40
0x5c8fb0,_ZN28LogicGameObjectManagerServer6encodeEP9BitStreamP12LogicTileMapP11LogicPlayerP14LogicArrayListIS5_EPS6_IP22LogicTeamMemberElementEiiii,0x27a0
0x5cb750,_ZN15ApiTokenMessageC2Ev,0x50
0x5cb7a0,_ZN16DataLoaderString4loadER8InStream,0x160
0x5cb900,_Z9getSha256RKNSt6__ndk16vectorIN5titan7android7content2pm9SignatureENS_9allocatorIS5_EEEE,0x240
0x5cbb40,_ZNK11FriendEntry17getLegendaryLevelEv,0x18
0x5cbb58,_ZNK12GUIContainer18getMovieClipByNameERK6String,0x54
0x5cbbac,_ZL27replaceableIteratorPreviousP13UCharIterator,0x48
0x5cbbf4,_ZNK14BattleEndPopup27isExitFromRankedRoundsStateEv,0x54
0x5cbc48,_ZN12FriendsPopup13touchReleasedERK5Touch,0x18
0x5cbc60,_ZN32GoHomeFromOfflinePractiseMessage8destructEv,0x24
0x5cbc84,_ZN12BattleScreen12updateCameraEP21LogicGameObjectClientS1_PK12LogicTileMapffbi,0xc3c
0x5cc8c0,_ZNK6icu_587UVector7indexOfE8UElementia,0xe4
0x5cc9a4,_ZN13CooldownEntryC2EP10ByteStream,0x64
0x5cca08,_ZNK8HomePage33isHamburgerSliderCompletelyClosedEv,0x5c
0x5cca64,_ZNK12_GLOBAL__N_115scFileImpl_Pack4tellEv,0x8
0x5cca6c,_ZN13BandMailPopupD0Ev,0x54
0x5ccac0,_ZN32YoozooOrderDeliveryFailedMessage8destructEv,0x34
0x5ccaf4,_ZN11FaceTexture6updateEf,0x2b0
0x5ccda4,_ZN21AddableFriendsMessage6encodeEv,0x90
0x5cce34,_ZN20LogicCharacterServer23bossUseFirstGroupSkillsEPS_,0x8
0x5cce3c,_ZN14LineConnection9autologinEv,0xcc
0x5ccf08,_ZN21LogicCompressedString6decodeEP10ByteStream,0x5c
0x5ccf64,_ublock_getCode_58,0x80
0x5ccfe4,_ZN24LocalNotificationManager17addRandomizedNotiEPK26LogicLocalNotificationDatai,0xa0
0x5cd084,_ZN12OnlinePlayerD2Ev,0xa0
0x5cd124,_ZN18TextFieldWithLinksD2Ev,0x58
0x5cd17c,_ZN37LogicDeviceLinkNewDeviceLinkedMessage18getServiceNodeTypeEv,0x8
0x5cd184,_ZNK18LogicClientGlobals19getFeedbackCategoryEi,0x10
0x5cd194,_ZNK18LogicClientGlobals13getRangeClassEi,0x38
0x5cd1cc,_ZN29AuthenticationResponseMessage16setAuthenticatedEb,0xc
0x5cd1d8,_ZN15ApiTokenMessage13setResultCodeEi,0x8
0x5cd1e0,_ZN17MatchMakingPlayer6decodeEP10ByteStream,0x84
0x5cd264,_ZN15MovieClipHelper12setPriceTextEP9TextFieldP13DisplayObjectiPK17LogicResourceData,0xf8
0x5cd35c,_ZNK17LogicLocalization18getStringRowColumnERK6StringiPi,0xac
0x5cd408,_ZNK21LogicBattleModeClient16getLocationThemeEv,0x18
0x5cd420,_ZN26ResourceRewardNotification11getResourceEv,0x8
0x5cd428,_PPC_Convert,0x118
0x5cd540,_ZN15LogicDataTables12getFirstItemEPK13LogicHomeModeiPK18LogicCharacterData,0x8
0x5cd548,_ZN18PurchaseOfferPopup18customButtonTappedEP10GameButtoni,0x228
0x5cd770,_ZN14BrawlTvManagerC2Ev,0x1c
0x5cd78c,_ZN8TestCase11pressButtonEP12CustomButton,0x400
0x5cdb8c,_LookToRead_Seek,0x14
0x5cdba0,_ZNSt6__ndk110__function6__funcIZN8TestCase9touchDownER5TouchE4$_15NS_9allocatorIS5_EEFvvEE7destroyEv,0x4
0x5cdba4,_ZL23compare_combining_classPK15hb_glyph_info_tS1_,0x3c
0x5cdbe0,_ZN15MapEditorScreen14initCharactersEv,0xe0
0x5cdcc0,_ZN17LogicGameModeUtil19areTeamsSupportedInEi,0x2c
0x5cdcec,_ZN19AllianceDataMessageC2Ei,0x34
0x5cdd20,_ZN28RankedMatchHeroPickedMessage12removePlayerEv,0x10
0x5cdd30,_ZNK12BattleScreen12getHeadAngleEPK20LogicCharacterClientf,0x254
0x5cdf84,_ZNK18LogicClientGlobals18getStringValueSafeERK6StringS2_,0x2c
0x5cdfb0,_ZN8Databind23NlohmannJsonInReflector7getBoolERK6Stringb,0x164
0x5ce114,_ZplRK6StringS1_,0x74
0x5ce188,_ZN11RenderQueue11flushOpaqueEv,0x90
0x5ce218,_ZThn120_N8GameMain20onVideoAdNotFinishedEv,0x4
0x5ce21c,_ZN10SpecialKey14isShiftPressedEv,0x8
0x5ce224,_ZN6icu_586LocaleC2EPKcS2_S2_S2_,0x32c
0x5ce550,_ZN15SelectHeroPopupD2Ev,0x198
0x5ce6e8,_ZN17CreateGameMessage6decodeEv,0x48
0x5ce730,_ZNK5Shape30getTotalDrawCommandVertexCountEv,0x64
0x5ce794,_ZN27LogicAddNotificationCommand6decodeEP10ByteStream,0x64
0x5ce7f8,_ZN15PendingTeamItemC2EP9MovieClip,0x74
0x5ce86c,_ZN16LogicReflectable4saveEP15LogicJSONObject,0xf4
0x5ce960,_ZNK9MovieClip19getChildIndexByNameEPKc,0x9c
0x5ce9fc,_ZNKSt6__ndk110__function6__funcIZN7SCWFile4loadER12SCWFileInputE3$_0NS_9allocatorIS5_EEFvvEE7__cloneEv,0x40
0x5cea3c,_ZNK25TeamBotSlotDisableMessage14isSlotDisabledEv,0x8
0x5cea44,_ZN15LogicDailyOffer6decodeEP10ByteStream,0x84
0x5ceac8,_ZNK21SetDeviceTokenMessage14getMessageTypeEv,0x8
0x5cead0,_ZN19LogicLevelUpCommand6decodeEP10ByteStream,0x30
0x5ceb00,_ZN12SoundManager13stopAllSoundsEv,0x208
0x5ced08,_ZN11GameWebViewD2Ev,0xe8
0x5cedf0,_ZN14LogicDailyData22getProLeagueSeasonDataEi,0x38
0x5cee28,_ZNSt6__ndk110__function6__funcIZN11scTaskQueue3runIZN7GLImage16createWithFormatEiiiiPKv9ImageWrap11ImageFilterRbE3$_8EENS_13invoke_resultIT_JEE4typeESC_EUlvE_NS_9allocatorISF_EEFvvEEclEv,0x40
0x5cee68,_ZNK11LogicQuests18getProgressedCountEv,0xd8
0x5cef40,_ZN20StartSpectateMessageC2Ev,0x38
0x5cef78,_ZNK12scFilesystem12getFilenamesEPKc,0x588
0x5cf500,_ZN18LoginFailedMessage15removeUpdateURLEv,0x10
0x5cf510,_ZN17ChatOptionsSlider12onItemTappedEP26QuickChatMessageOptionBase,0x1bc
0x5cf6cc,_ZN9HeroPopup12heroSelectedEPK18LogicCharacterDataPK13LogicSkinData,0xf4
0x5cf7c0,_ZN5Debug13isInitializedEv,0x8
0x5cf7c8,_ZN11SoundSystem13setMusicPitchEf,0xc
0x5cf7d4,_ZN30SupercellIdNotificationMessageC2Ev,0x34
0x5cf808,_ZN11SentryTitan9setUserIdERK6String,0x70
0x5cf878,_ZN14BattleEndPopup10isRaidBossEv,0x14
0x5cf88c,_ZN23SCIDAccountBoundMessage13getResultCodeEv,0x8
0x5cf894,_ZNSt6__ndk110__function6__funcIZN11scTaskQueue3runIZN7GLImage6createEPKcS6_9ImageWrap11ImageFilterE3$_6EENS_13invoke_resultIT_JEE4typeESB_EUlvE_NS_9allocatorISE_EEFvvEED0Ev,0x4
0x5cf898,_ZN11ClientInput6decodeEP9BitStream,0xdc
0x5cf974,_ZNK12BattleScreen20shouldShowChatButtonEv,0x5c
0x5cf9d0,_ZN17CustomWorldObject23setShadowModelTransformERK9xMatrix44,0x130
0x5cfb00,_ZN26AllianceKickOutStreamEntry8destructEv,0x8c
0x5cfb8c,_Z19nativePostURLDialogRK6StringS1_S1_S1_S1_,0x4
0x5cfb90,_ZThn96_N19LinkNewDeviceScreen13buttonClickedEP12CustomButton,0x8
0x5cfb98,_hb_ft_font_set_load_flags,0x2c
0x5cfbc4,_ZN8TestCase7touchUpEv,0x374
0x5cff38,_ZN12ShopItemAnimD0Ev,0x54
0x5cff8c,_ZN17HighscoreHeroList16setHeroPositionsEi,0x110
0x5d009c,_ZN15FacebookManager9authorizeEv,0x194
0x5d0230,_ZN13EffectManager9addEffectEPK15LogicEffectDataiiibbPK14GameObjectBasebi,0x22c
0x5d045c,_nti_iterator_get_line_width,0x8
0x5d0464,_ZN6icu_589UVector32C2EiR10UErrorCode,0x88
0x5d04ec,_ZN16HelpshiftManager22handlePushNotificationEPKv,0x44
0x5d0530,_ZN6icu_5813Norm2AllModes14createInstanceEPKcS2_R10UErrorCode,0xb4
0x5d05e4,_ZN10HTTPClient12downloadFileERK6StringS2_,0x80
0x5d0664,_hb_shape_list_shapers,0x8c
0x5d06f0,_ZN11hb_buffer_t7reverseEv,0x10c
0x5d07fc,_ZN14LogicMilestoneC2EP6CSVRowP14LogicDataTable,0x34
0x5d0830,_hb_font_funcs_get_user_data,0x20
0x5d0850,_ZN20LogicCharacterServer16blockHealthRegenEv,0x28
0x5d0878,_ZN9PopupBase17initWithMovieClipERK6StringS2_bb,0x74
0x5d08ec,_ZNK9TeamEntry9getMemberEPK9LogicLong,0x70
0x5d095c,_ZN16NameChangeWindow6updateEf,0x5c
0x5d09b8,_ZN17GameCenterManager17askPlayingFriendsEv,0x1e8
0x5d0ba0,_ZN15LaserBoxManager25hasContentForCommunityTabEv,0x9c
0x5d0c3c,_ZN8HeroList10sortHeroesEP14LogicArrayListIPK18LogicCharacterDataE,0x1bc
0x5d0df8,_ZNSt6__ndk110__function6__funcIZN11AndroidMain19keyboardSizeChangedEffE3$_7NS_9allocatorIS3_EEFvvEE18destroy_deallocateEv,0x4
0x5d0dfc,_ZNK21LogicAllianceRoleData10canPromoteEPKS_,0x44
0x5d0e40,_ZN14FriendsManager18requestFriendsdataEv,0x60
0x5d0ea0,_ZN12OnlinePlayer17setDataFromFriendEP6Friend,0xe4
0x5d0f84,_ZNK26RequestJoinAllianceMessage14getMessageTypeEv,0x8
0x5d0f8c,_ZN8Settings15setChatPositionEff,0x80
0x5d100c,_ZN14SettingsScreen27isCountrySelectionAvailableEv,0x1c
0x5d1028,_ZN15ResourceManager12getTimestampEPKc,0x70
0x5d1098,_ZN23StarPointMigrationPopupC2EP30StarPointMigrationNotification,0x250
0x5d12e8,_ubidi_getClass_58,0x90
0x5d1378,_ZN10SCTuneImpl9addStringEPK6CSVRowRK6StringPS3_PKcP20SCTuneChangeListenerib,0x7c
0x5d13f4,_ZN6Effect34endPlaybackAndSilenceLoopingSoundsEv,0xa4
0x5d1498,_ZN10HeroSprite17changeAnimationToEiif,0x60
0x5d14f8,_ZN9EntryInfo22isDisplaySeasonRewardsEv,0x38
0x5d1530,_ZN37LogicDeviceLinkCodeDeactivatedMessage8destructEv,0x4
0x5d1534,_ZN12scZlibFilter5flushEv,0xd0
0x5d1604,_ZN16GameStateManagerD2Ev,0x1c0
0x5d17c4,_ZN10PlayerIcon12getMovieClipEv,0x8
0x5d17cc,_ZNK28LogicSeasonalSkinSectionData15isGroupCampaignEv,0x10
0x5d17dc,_ZN7GLImage5purgeEv,0x40
0x5d181c,_ZNK21HighRateUdpSendBuffer7getPingEv,0x8
0x5d1824,_ZN10EmotePanel10clearItemsEv,0xb0
0x5d18d4,_ZNSt6__ndk110__function6__funcIZN11wendelstein25makeEmitterParamsMigratorERKNS_6vectorINS_10shared_ptrINS2_17IEmitterComponentEEENS_9allocatorIS6_EEEEE3$_1NS7_ISC_EEFvRNS2_12old_versions15EmitterParamsV0ERNS2_7Emitter13EmitterParamsEEED2Ev,0xac
0x5d1980,_ZNK10GameCenter15isAuthenticatedEv,0x8
0x5d1988,_ZN16AllianceWarPopup15refreshFactionsEv,0x348
0x5d1cd0,_ZN11TeamManager28clearPendingRequestJoinStateEv,0x68
0x5d1d38,_ZN20UnlockAccountMessageC2Ei,0x38
0x5d1d70,_ZL25M_using_server_public_keyPxPKx,0x4e4
0x5d2254,_ZNK13LogicSkinData15getIconOverrideEv,0x10
0x5d2264,_ZNK9MovieClip15getInstanceNameEPK13DisplayObject,0x64
0x5d22c8,_ZN14LogicDailyData9setQuestsEP11LogicQuests,0x58
0x5d2320,_ZN10HomeScreen8itemSeenEPK13LogicCardData,0x50
0x5d2370,_ZN15LogicDataTables22getDefaultEmoteForSkinEiPK13LogicSkinData,0x184
0x5d24f4,_ZNSt6__ndk110__function6__funcIZN12scFilesystem12layerRemovedERKNS_10shared_ptrI17scAbstractFSLayerEEE3$_3NS_9allocatorIS8_EEFvPNS2_9IListenerEEED2Ev,0x64
0x5d2558,_ZN22ChronosResourceManager16destructInstanceEv,0x38
0x5d2590,_Z22getHeroItemSortingName15HeroItemSorting,0x24
0x5d25b4,_ZNK6icu_5813UnicodeString13doLastIndexOfEiii,0x8c
0x5d2640,_ZNK13LogicSkinData13getCostInGemsEv,0x10
0x5d2650,_ZN10FriendItem11refreshIconEP9MovieClipRK6Stringb,0x28
0x5d2678,_ZN9WaitUntilC2ENSt6__ndk18functionIFbvEEE,0x50
0x5d26c8,_ZN17LogicHeroUpgrades6encodeEP15ChecksumEncoder,0x48
0x5d2710,_ZNK17LogicGameCalendar6encodeEP15ChecksumEncoder,0xbc
0x5d27cc,_ZN8GameMain19updateDeviceProfileEv,0x6e8
0x5d2eb4,_ZN17LogicGamePlayUtil18isBallOnPathToGoalEP20LogicCharacterServerP12LogicTileMap,0xb4
0x5d2f68,_isScriptSubtag,0x88
0x5d2ff0,_ZNK10ByteStream12isByteStreamEv,0x8
0x5d2ff8,_ZN11EmotesPopup7fadeOutEv,0x4
0x5d2ffc,_ZN9RankPopup13getTargetIconEi,0x10
0x5d300c,_ZN10HeroSprite9HeroEntry21finishUpdateAnimationEv,0xc8
0x5d30d4,_ZN26ChampionshipChallengePopup26getLivesPurchasesRemainingEv,0x40
0x5d3114,_ZN15GameSCIDManager19setForceLoginPromptEb,0xc
0x5d3120,_ZN24AllianceJoinRequestPopup7keyDownEi,0x8
0x5d3128,_ZN6icu_5813Norm2AllModes14getNFCInstanceER10UErrorCode,0xb0
0x5d31d8,_ZN27ViewReplayByStringIdMessage6decodeEv,0x70
0x5d3248,_ZN16SetRegionMessageC2Ei,0x38
0x5d3280,_ZN15HomeStatusEntry20setAttackSecondsLeftEi,0x8
0x5d3288,_ZNKSt6__ndk110__function6__funcIZN11scTaskQueue3runIZN8TestCase9touchDownEP13DisplayObjectE4$_14EENS_13invoke_resultIT_JEE4typeES9_EUlvE_NS_9allocatorISC_EEFvvEE7__cloneEv,0x38
0x5d32c0,_ZN22UpdatePlayerMapMessage6encodeEv,0x38
0x5d32f8,_ZN9BitStreamC2EPc,0x20
0x5d3318,_ZNK26LogicGameModeVariationData25getChatSuggestionItemNameEv,0x10
0x5d3328,_ZN13QuestionPopUp13buttonClickedEP12CustomButton,0x648
0x5d3970,_ZNK9Animation20getAnimationTimeLeftEv,0x5c
0x5d39cc,_ZNK18LogicCharacterData17getAutoAttackModeEv,0x8
0x5d39d4,_ZN12NSCIDManager21completeClaimShopItemERK6String,0x8
0x5d39dc,_ZN17LogicShopItemData12resetStaticsEPK8CSVTable,0x8d0
0x5d42ac,_ZN36SkinPurchaseOptionRewardNotificationC2EiPK13LogicSkinDatai,0x50
0x5d42fc,_ZN18AddableFriendEntry10removeNameEv,0x10
0x5d430c,_ZN18DecoratedTextField19setupPlayerNameTextEP9TextFieldPK17PlayerDisplayData,0x50
0x5d435c,_ZN21LogicBattleModeClient13setRandomSeedEi,0x10
0x5d436c,_ZN23LogicReflectableFactory13removeFactoryEPS_,0x158
0x5d44c4,_ZN15MapEditorScreen12getTileCountEPK13LogicTileData,0x98
0x5d455c,_ZN19StartLoadingMessage15removePlayerMapEv,0x10
0x5d456c,_ZN31BillingCancelledByClientMessage15addProductNamesEP14LogicArrayListIP6StringE,0x8
0x5d4574,_ZNK10HomeScreen20getOnlinePlayerCountEv,0x18
0x5d458c,_ZNK26EnterSupportedCreatorPopup25showTopHUDRightUnderModalEv,0x8
0x5d4594,_ZNK17UnlockAccountMenu11canSendCodeEv,0x48
0x5d45dc,_ZN30SubmitPlayerMapResponseMessage8setMapIdERK9LogicLong,0xc
0x5d45e8,_ZN10ScrollArea18enableVerticalDragEb,0x10
0x5d45f8,_ZN25SetAllianceCountryMessage6encodeEv,0x28
0x5d4620,_ZNK13GoHomeMessage14getMessageTypeEv,0x8
0x5d4628,_ZNK28LogicGameObjectManagerClient8getScrapEi,0x18
0x5d4640,_ZNK17LogicShopItemData26getSeasonalEventOfferAssetEv,0x10
0x5d4650,_ZN20SelectableButtonList9addButtonEP16SelectableButton,0x128
0x5d4778,_ZN9InitState22getDefaultLanguageCodeEv,0x48
0x5d47c0,_ZN18sc3dPanPinchCamera21setZoomByShortestAxisEb,0xc
0x5d47cc,_ZNK18LogicCharacterData24getCommonSetUpgradeBonusEv,0x10
0x5d47dc,_uloc_countAvailable_58,0x1c
0x5d47f8,_ZNK13StringBuilder8toStringEv,0x18
0x5d4810,_ZNK14LogicDailyData16shopHasFreeOfferEPK13LogicHomeMode,0x4c
0x5d485c,_ZNSt6__ndk110__function6__funcIZN8TestCase7touchUpEvE4$_18NS_9allocatorIS3_EEFvvEE18destroy_deallocateEv,0x4
0x5d4860,_u_getIntPropertyMinValue_58,0x8
0x5d4868,_ZN12NSCIDManager22setPendingRegistrationERK6StringS2_b,0x170
0x5d49d8,_ZN25RecentButtonTargetHandlerD0Ev,0x6c
0x5d4a44,_ZNK16LogicJSONBoolean5cloneEv,0x44
0x5d4a88,_ZN9HeroPopup7refreshEv,0x318
0x5d4da0,_ZN9MovieClip18getFrameChildCountEPK14MovieClipFramei,0x30
0x5d4dd0,_ZN30LineAccountAlreadyBoundMessage15removePassTokenEv,0x10
0x5d4de0,_ZN23BattleReportStreamEntry8setBuildEi,0x8
0x5d4de8,_ZN21SetDeviceTokenMessageC2Ei,0x30
0x5d4e18,_ZNSt6__ndk110__function6__funcIZN11AndroidMain10_gameStartEvE4$_14NS_9allocatorIS3_EEFvvEEclEv,0xf0
0x5d4f08,_ZN10StringViewC2Ev,0x14
0x5d4f1c,_ZN16ScreenProperties7setXDpiEf,0xc
0x5d4f28,_ZNK17TencentLoginState11showFloaterERK6Stringb,0x8c
0x5d4fb4,_u_memchr32_58,0x100
0x5d50b4,_ZN6icu_589BytesTrieD2Ev,0x8
0x5d50bc,_ZN12LogicTileMap6updateEfP30LogicGameObjectManagerListener,0xec
0x5d51a8,_ZNKSt6__ndk110__function6__funcIZN11scTaskQueue3runIZN8TestCase20drawDebugPercentagesEvE4$_19EENS_13invoke_resultIT_JEE4typeES7_EUlvE_NS_9allocatorISA_EEFvvEE6targetERKSt9type_info,0x1c
0x5d51c4,_ZN13TextureSystem16getTextureHeightEi,0x20
0x5d51e4,_ZN23CreateGameFailedMessageC2Ei,0x30
0x5d5214,_ZNK22LogicLocationThemeData20getDestructableCountEv,0x10
0x5d5224,_ZNK20AvatarProfilePicture5getIDEv,0x8
0x5d522c,_uprv_copyArray64,0x7c
0x5d52a8,_ZN11Application11getKeyValueERK6String,0x68
0x5d5310,_ZN16ServerConnection17setSelectedLocaleEPK15LogicLocaleData,0x28
0x5d5338,_ZN14BattleTutorial12TutorialStepD0Ev,0x24
0x5d535c,_ZN17LogicLocalizationC2EPK8CSVTable,0x24
0x5d5380,_ZN11LogicAvatarC2Ev,0x18
0x5d5398,_ZN19BrawlTVWaitingPopup19refreshCancelButtonEv,0x24
0x5d53bc,_ZNK13LogicJSONNode11asJSONArrayEb,0x8c
0x5d5448,_ZN9Character19handleHealthChangesEf,0x460
0x5d58a8,_ZN10PlayerInfo11createItemsEv,0x2b0
0x5d5b58,_ZNSt6__ndk110__function6__funcIZN11scTaskQueue3runIZN7GLImage6createEPKhi9ImageWrap11ImageFilterE3$_2EENS_13invoke_resultIT_JEE4typeESB_EUlvE_NS_9allocatorISE_EEFvvEE7destroyEv,0x4
0x5d5b5c,_ZNK21LogicBattleModeServer19getMillisecondsGoneEv,0x10
0x5d5b6c,_ZNK4Rect13containsPointEff,0x3c
0x5d5ba8,_ZN35AllianceInvitationSendFailedMessage9setReasonEi,0x8
0x5d5bb0,_ZN7Billing10addProductERK6StringS2_iiS2_iS2_,0x128
0x5d5cd8,_File_GetLength,0x70
0x5d5d48,_ZN24AvatarStreamEntryMessageC2Ev,0x34
0x5d5d7c,_uiter_current32_58,0xc4
0x5d5e40,_ZNK34ChangePlayerMapNameResponseMessage10getMapNameEv,0x8
0x5d5e48,_ZNKSt6__ndk110__function6__funcIZN8TestCase18swipeAllDirectionsEP13DisplayObjectE4$_23NS_9allocatorIS5_EEFbvEE7__cloneEPNS0_6__baseIS8_EE,0x18
0x5d5e60,_ZN8TestCase5sleepEv,0x4
0x5d5e64,_ZNK19LogicProjectileData18getSpawnAreaEffectEv,0x8
0x5d5e6c,_ZN20LogicCharacterServer19aiUseMovementSkillsEii,0x1e4
0x5d6050,_ZNK17LogicLocalization16isLanguageLoadedEi,0x24
0x5d6074,_ZN6icu_5821RuleCharacterIterator8_advanceEi,0xa0
0x5d6114,_ZN20LogicCharacterServer12increaseSizeEi,0x14
0x5d6128,_ZN25LineAccountUnboundMessageC2Ev,0x30
0x5d6158,_ZN20LogicCharacterServer18aiUseExploreSkillsEv,0xf0
0x5d6248,_ZN17MapPreviewMessageC2Ev,0x34
0x5d627c,_ZN19GameSliderComponent13setClickSoundEPK14LogicSoundData,0x8
0x5d6284,_hb_font_get_scale,0x1c
0x5d62a0,_ZNSt6__ndk110__function6__funcIZN8TestCase9moveTouchER5TouchS3_S3_fE3$_7NS_9allocatorIS5_EEFvvEE18destroy_deallocateEv,0x4
0x5d62a4,_ZN13HeroInfoPopup20resolveUltiIconFrameEPK13LogicCardData,0x24
0x5d62c8,_ZN25RuntimeGeneratedExecutionC2ENSt6__ndk18functionIFP9ExecutionvEEE,0x54
0x5d631c,_ZN9ClanPopup20setJoinableAlliancesEP14PiranhaMessage,0x10
0x5d632c,_ZThn8_NK17TencentLoginState16getAnalyticsNameEv,0x80
0x5d63ac,_ZL31hb_unicode_general_category_nilP18hb_unicode_funcs_tjPv,0x8
0x5d63b4,_ZN16PlayerMapManager20isMapEditorAvailableEv,0x5c
0x5d6410,_ZNK10scPackFile8findFileEPKc,0xe0
0x5d64f0,_ZN16DeviceLinkWindow7keyDownEi,0x8
0x5d64f8,_ZN10ScrollArea14updatePositionEv,0xd4
0x5d65cc,_ZN8HeroItemD2Ev,0x12c
0x5d66f8,_ZN8SnowfallD0Ev,0x24
0x5d671c,_ZN25BrawlPassAutoCollectPopup13onCloseButtonEv,0x58
0x5d6774,_ZN15sc3dWorldObject20updateModelTransformEb,0x160
0x5d68d4,_Java_com_supercell_titan_TitanWebView_hideNative,0x6c
0x5d6940,_ubidi_getMaxValue_58,0x60
0x5d69a0,_ZNK27PersonalBreakStartedMessage14getMessageTypeEv,0x8
0x5d69a8,_ZN23NameChangeQuestionPopup13buttonClickedEP12CustomButton,0x1cc
0x5d6b74,_ZNK9MovieClip26findChildrenContainingNameERK6StringR14LogicArrayListINS_21DisplayObjectNameInfoEEbb,0x314
0x5d6e88,_ZN9ClanPopup6updateEf,0x78
0x5d6f00,_ZNK28RankedMatchTerminatedMessage14getMessageTypeEv,0x8
0x5d6f08,_ZN13LogicSkinData12setLobbyFaceERK6String,0x8
0x5d6f10,_ZN22TeamSetLocationMessageC2Ev,0x3c
0x5d6f4c,_ZN14ShadowRenderer6leftOfEPNS_7SegmentEPNS_5PointE,0x34
0x5d6f80,_ZN6CSVRow7addLineEv,0xf0
0x5d7070,_ZN14TencentManager14getOwnNickNameEv,0x64
0x5d70d4,_ZNK17LogicSkinConfData12getLobbyFaceEv,0x10
0x5d70e4,_ZN15GameSCIDManager19enableFastSwitchingEb,0xc
0x5d70f0,_ZN12CounterTween6updateEf,0x2a4
0x5d7394,_ZN20LogicCharacterServer20getClosestBossTargetEii,0x8
0x5d739c,_ZNSt6__ndk110__function6__funcIZN22scLZMADecompressFilter13setDownstreamEP10scFileImplE3$_0NS_9allocatorIS5_EEFvvEEclEv,0x8
0x5d73a4,_ZN3GUI16removeDataGainedEN10DataGained4TypeE,0x12c
0x5d74d0,_ZNK20LogicCharacterServer13getStarsForAIEv,0x8
0x5d74d8,_ZN21GlobalChatLineMessage8destructEv,0x90
0x5d7568,_ZNK12LogicVector28getAngleEv,0xc
0x5d7574,_ZN11TeamManager20claimFreeEventRewardEibi,0xd0
0x5d7644,_ZN22SkinPreviewThemeButtonC2Eb,0x34
0x5d7678,_ucase_tolower_58,0xe8
0x5d7760,_ZNK22PurchaseBrawlPassPopup18shouldShowResourceEi,0xc
0x5d776c,_ZN15sc3dWorldSprite8addFlushEibbbPN11wendelstein23MovieClipRendererBucketEP11RenderQueueffPK17StencilParameters,0x190
0x5d78fc,_ZN13YoozooManager13handleLoginOkEv,0x5c
0x5d7958,_ZN26RankedMatchBanEndedMessage13setBannedHeroEiPK18LogicCharacterData,0xec
0x5d7a44,_ZN9TeamPopup13buttonClickedEP12CustomButton,0x43c
0x5d7e80,_u_strFromUTF32_58,0x10
0x5d7e90,_ZN16ResourceListener7addFileEPKciiiib,0x21c
0x5d80ac,_hb_buffer_get_user_data,0x20
0x5d80cc,_ZNK17LogicSkinConfData15getSadEnterAnimEv,0x10
0x5d80dc,_ZN5titan3com9supercell5titan19ApplicationUtilBase11getKeyValueERK6String,0x9c
0x5d8178,_ZNK20LogicCharacterClient18getLinkedCarryableEP21LogicBattleModeClient,0xa4
0x5d821c,_ZN11wendelstein13saveComponentERN8Databind9ReflectorENSt6__ndk110shared_ptrINS_17IEmitterComponentEEE,0x100
0x5d831c,_Z23intersectSegmentSegmentRK7SegmentS1_Rf,0x148
0x5d8464,_ZN33GetCurrentBattleReplayDataMessageC2Ei,0x2c
0x5d8490,_ZNK17LogicShopItemData16getRewardDescTIDEv,0x10
0x5d84a0,_ZNK6scPath9directoryEv,0x170
0x5d8610,_ZNK13ShopBgElement20isScrollingOrWaitingEv,0x20
0x5d8630,_ZN11SCIDManager21requestConnectedGamesEv,0x54
0x5d8684,_ZNK6icu_5822RuleBasedBreakIterator13getRuleStatusEv,0xbc
0x5d8740,_ZN30LookForATeamMemberConfirmPopup6updateEf,0xc8
0x5d8808,_ZNK13LogicCardData11useHealIconEv,0x84
0x5d888c,_ZN11QuestsPopup23displayQuestWithBrawlerEPK18LogicCharacterData,0x190
0x5d8a1c,_ZN4Rect12movePositionERK7Vector2IfE,0x18
0x5d8a34,_ZNK12LocationItem20getContextMenuSourceEv,0x1c
0x5d8a50,_ZNSt6__ndk110__function6__funcIZN14MessageManager34sendLoginAttributionAnalyticsEventEvE3$_0NS_9allocatorIS3_EEFvvEED0Ev,0x4
0x5d8a54,_ZNK15StageDrawBucket12getBlendModeEv,0xc
0x5d8a60,_ZNK9LogicLong8toStringEv,0x10
0x5d8a70,_ZN17LogicGameCalendar19calculateDayOfMonthEib,0x194
0x5d8c04,_ZN20LogicItemSeenCommand7executeEP13LogicHomeModeib,0x88
0x5d8c8c,_ZL30hb_font_get_font_h_extents_nilP9hb_font_tPvP17hb_font_extents_tS1_,0x14
0x5d8ca0,_ZN24CancelMatchmakingMessage6encodeEv,0x4
0x5d8ca4,_ZN5titan3com9supercell5titan14HelpshiftTitan15setMetadataTagsERK6String,0x8c
0x5d8d30,_ZNK6icu_5810UnicodeSet11containsAllERKNS_13UnicodeStringE,0x80
0x5d8db0,_ZN12KakaoManager18inviteFriendToRoomE6StringS0_S0_,0x288
0x5d9038,_ZN13HeroInfoPopup17setupUpgradeValueE6StringPK13LogicCardDataii,0xfb0
0x5d9fe8,_ZN8Databind15JSONInReflector15getNextIntArrayEv,0x3c
0x5da024,_ZN22ClientContentValidator21handleGenericTIDIssueERKNS_8TIDIssueE,0xcc
0x5da0f0,_ZN25BattleReportStreamMessage19removeStreamEntriesEv,0x10
0x5da100,_ZN19AllianceHeaderEntry20setAllianceBadgeDataEP22LogicAllianceBadgeData,0x8
0x5da108,_MatchFinder_Create,0x244
0x5da34c,_ZN16BattleEndMessage27createDummyBossFightPlayersEbib,0x39c
0x5da6e8,_ZNK20EncryptionKeyManager5getIdEv,0x8
0x5da6f0,_ZN16BattleLogManager21findEntryByBattleUUIdExx,0x80
0x5da770,_ZN27SCIDLogoutAllDevicesMessage19setSupercellIdTokenEP6String,0x5c
0x5da7cc,_ZNSt6__ndk110__function6__funcIZN27BattleEndRankedRankUpScreen14addExecutionToEP18SequencedExecutionE3$_0NS_9allocatorIS5_EEFbvEE18destroy_deallocateEv,0x4
0x5da7d0,_ZN16ResourceListenerD0Ev,0x24
0x5da7f4,_ZN8TestCase13touchAtSpriteEP6Sprite,0x5c
0x5da850,_ZN15HomeStatusEntry8destructEv,0x30
0x5da880,_utrie2_get32_58,0x1bc
0x5daa3c,_ZN16LogicReflectable6encodeEP15ChecksumEncoder,0xc4
0x5dab00,_ZN10LogicGoals11getNextGoalEiiii,0x108
0x5dac08,_ZNK20HashTagCodeGenerator11isValidCodeERK6String,0x8
0x5dac10,_ZN13MapEditorMode14touchCancelledEi,0x18
0x5dac28,_ZN14BattleEndPopup12getChildClipERK6String,0xe0
0x5dad08,_ZN8Databind23NlohmannJsonInReflector14reflectNextIntEi,0x4
0x5dad0c,_ZNK26LogicGameModeVariationData12getShortNameEv,0x10
0x5dad1c,_ZNK20UdpBigMessageHandler18getMaxFragmentSizeEv,0x8
0x5dad24,_uprv_ceil_58,0x8
0x5dad2c,_ZN15LogicDataTables22getCollectPointsEffectEv,0xc
0x5dad38,_ZNK25LogicOffersChangedCommand6encodeEP15ChecksumEncoder,0x9c
0x5dadd4,_ZN9HTTPQueue6updateEv,0x268
0x5db03c,_ZNK12LogicTileMap33getVisibilityRadiusSubtilesXRightEi,0x88
0x5db0c4,_ZN13ListContainer22addEntryAfterSeparatorEP13DisplayObject,0x13c
0x5db200,_ZN21TeamInvitationMessage8destructEv,0x44
0x5db244,_ZN15GameSCIDManager11bindAccountERK6StringS2_S2_b,0x74
0x5db2b8,_ZN17GameCenterManagerC2Ev,0xf4
0x5db3ac,_ZN11DragHandler11setMinScaleEf,0x10
0x5db3bc,_ZN19EnvironmentRenderer13renderEffectsEf,0x40
0x5db3fc,_ZN18LatencyTestSession22closeUdpTestConnectionEv,0xe0
0x5db4dc,_ZN17TeamPostAdMessageC2Ei,0x38
0x5db514,_ZN17LogicClientAvatar12setAccountIdEPK9LogicLong,0xc
0x5db520,_ZN19SupercellIdCallback44createScidConnectedGamesFromIdConnectedGamesEP13_jobjectArray,0x124
0x5db644,_ZN8Settings14setHeroSortingEi,0x9c
0x5db6e0,_ZN20FriendSuggestionItemD0Ev,0x88
0x5db768,_ZN6icu_5810UnicodeSet20applyPropertyPatternERNS_21RuleCharacterIteratorERNS_13UnicodeStringER10UErrorCode,0x110
0x5db878,_ZN21LogicBattleModeServer23countBossObjectivesLeftEv,0x8
0x5db880,_ZN22ClientContentValidator32validateLogicDataTableReferencesEv,0x130
0x5db9b0,_hb_ot_layout_has_glyph_classes,0x94
0x5dba44,_ZN20BattleLogPlayerEntryC2EP10ByteStream,0xf8
0x5dbb3c,_ZN14LogicMilestone16createReferencesEv,0xf8
0x5dbc34,_ZN10NativeFontD2Ev,0x9c
0x5dbcd0,_ZN11SCIDManager21completeClaimShopItemERK6String,0xa8
0x5dbd78,_ZN15LogicDataTables19getRandomHeroUnlockEPK13LogicHomeModeP11LogicRandom,0x3c4
0x5dc13c,_ZN30LogicSetPlayerNameColorCommand8destructEv,0x24
0x5dc160,_ZN8HomePageC2Ev,0x20b4
0x5de214,_ZNSt6__ndk110__function6__funcIZN11scTaskQueue3runIZN7GLImage16createWithFormatEiiiiPKv9ImageWrap11ImageFilterRbE3$_8EENS_13invoke_resultIT_JEE4typeESC_EUlvE_NS_9allocatorISF_EEFvvEED0Ev,0x4
0x5de218,_ZNK22scLZMADecompressFilter4seekEm,0x74
0x5de28c,_ZN13LogicJSONNode13asJSONBooleanEb,0x8c
0x5de318,_ZN11DragHandler15setPinchingDampEffff,0x14
0x5de32c,_ZN11SCIDManager14debugPrintJsonEP15LogicJSONObject,0x4
0x5de330,_ZN20scCryptoStreamFilterD0Ev,0x24
0x5de354,_ZNK6icu_5810UnicodeSet8containsERKNS_13UnicodeStringE,0x148
0x5de49c,_ZNK12BattleScreen16logicToPixelsNewEiiiRfS0_,0x14c
0x5de5e8,_ZN13LogicJSONNode12asJSONObjectEb,0x8c
0x5de674,_ZN20LogicCharacterServer24bossUseSecondGroupSkillsEPS_,0x8
0x5de67c,_ZNK12AllianceInfo17getOnlineItemByIdERK9LogicLong,0x6c
0x5de6e8,_ZN15DeeplinkManagerC2Ev,0x4
0x5de6ec,_ZN15GameSCIDManager26isConfigFeatureOnByCountryEPK10SCIDConfigRK6String,0x78
0x5de764,_ZN14ChallengeEntry20setValidityInSecondsEi,0x8
0x5de76c,_ZN21MagicSelectableButton23setInitialSelectedStateEb,0x58
0x5de7c4,_ZNK18HomePageTeamMember23isSpeechBubbleClickableEv,0x10
0x5de7d4,_ZN8GameMain25checkPlayInstallIntegrityEv,0x1b8
0x5de98c,_ZN17LocalNotification23addNotificationAbsoluteERK6StringyS2_,0x254
0x5debe0,_ZNK6Shader17setUniformVector4EPKcffff,0x60
0x5dec40,_ZN10TimedOfferC2EP10ByteStream,0x58
0x5dec98,_ZN22LogicIAPChangedCommandC2EiP10TimedOffer,0x44
0x5decdc,_ZN7GLImage14updateSubImageEPKciiii,0xc
0x5dece8,_ZNSt6__ndk110__function6__funcIZN11scTaskQueue3runIZN7GLImage6createEPKc9ImageWrap11ImageFilterE3$_0EENS_13invoke_resultIT_JEE4typeESB_EUlvE_NS_9allocatorISE_EEFvvEE18destroy_deallocateEv,0x4
0x5decec,_ZN23ReportUserStatusMessageC2Ev,0x34
0x5ded20,_ZN9TextField7setFontEPK4Font,0x28
0x5ded48,_ZN15TeamJoinMessage6decodeEv,0x54
0x5ded9c,_ZNK6Sprite14isTouchPressedEi,0x18
0x5dedb4,_ZN28DeviceLinkConfirmationScreen13buttonClickedEP12CustomButton,0xf8
0x5deeac,_ZN3MD59transformEPKh,0xa50
0x5df8fc,_ZThn336_N10StreamItem13buttonClickedEP12CustomButton,0x5c
0x5df958,_ZN6icu_5810Appendable15appendCodePointEi,0x8c
0x5df9e4,_ZN8Animator6updateEP8Skeletonf,0x2c
0x5dfa10,_ZL15ucstrTextLengthP5UText,0x54
0x5dfa64,_ZN13ProfileButton8showHintEv,0x8
0x5dfa6c,_ZNK18LogicCharacterData18isLockedForChronosEv,0x10
0x5dfa7c,_ZN10LoginState15formatCsvStringERK6String,0x150
0x5dfbcc,_ZN6icu_5822RuleBasedBreakIterator4nextEi,0x70
0x5dfc3c,_ZNK14LogicSkillData22getSecondaryProjectileEv,0x8
0x5dfc44,_ZN6icu_5814RBBISetBuilder11getTrieSizeEv,0x40
0x5dfc84,_ZN10PlayerInfo4isMeEv,0x30
0x5dfcb4,_ZN6icu_5810CharString14appendPathPartENS_11StringPieceER10UErrorCode,0xb8
0x5dfd6c,_ZN14TitanInputFile5read2Ev,0x38
0x5dfda4,_Z28isHeroItemSortingModeEnabledi,0xc
0x5dfdb0,_ZNK5Scene12getMeshIndexERK6String,0xa0
0x5dfe50,_ZN26RankedMatchPickHeroMessage6decodeEv,0x40
0x5dfe90,_ZNK5Stage13getShaderNameEPK6Shader,0xc
0x5dfe9c,_ZThn96_N15PromoEventPopup13buttonClickedEP12CustomButton,0x8
0x5dfea4,_ZNK28LogicSeasonalSkinSectionData20getShopItemCharacterEi,0x10
0x5dfeb4,_ZN22AllianceChatController10closeInputEv,0x14
0x5dfec8,_ZNK19GameSliderComponent15getCurrentValueEv,0x8
0x5dfed0,_ZN10ByteStream18readFilteredStringERK6Stringi,0x6c
0x5dff3c,_ZN19PlayerStatusMessageC2Ei,0x38
0x5dff74,_ZN15LaserBoxManager16destructInstanceEv,0x38
0x5dffac,_ZN27ReportAllianceStreamMessage6decodeEv,0x3c
0x5dffe8,_ZN12LoginMessage21decodeMessageVersion0Ev,0x444
0x5e042c,_ZNSt6__ndk110__function6__funcIZN3UIu15displayTestListEvE3$_0NS_9allocatorIS3_EEFRK6StringP5UICtxEE7destroyEv,0x4
0x5e0430,_ZN23TeamGameStartingMessage8destructEv,0x2c
0x5e045c,_ZN4Shop23setGemPriceWithDiscountEP9MovieClipii,0x128
0x5e0584,_ZN28LogicGameObjectManagerClient19destructGameObjectsEv,0x210
0x5e0794,_ZN24LatencyTestConfigurationC2EPS_,0x164
0x5e08f8,_ZN8TailItemD2Ev,0x70
0x5e0968,_ZN38TencentAntiAddictionInstructionMessage6decodeEv,0x224
0x5e0b8c,_ZN20PlayerProfileMessage6decodeEv,0xac
0x5e0c38,_ZNK28LogicGameObjectManagerClient8getRobosEi,0x18
0x5e0c50,_ZN4asio6detail26reactive_socket_connect_opINS0_16range_connect_opINS_2ip3tcpENS_15any_io_executorENS3_22basic_resolver_resultsIS4_EENS0_25default_connect_conditionEZZN9Messaging7connectERK6StringSC_ENK3$_2clERKNSt6__ndk110error_codeES7_EUlSH_RKT_E_EES5_E11do_completeEPvPNS0_19scheduler_operationESH_m,0x27c
0x5e0ecc,_ZN11AboutScreenD2Ev,0x1c
0x5e0ee8,_ZN6icu_5823ICULanguageBreakFactoryC2ER10UErrorCode,0x14
0x5e0efc,_ZN13ThumbnailItemD2Ev,0x14
0x5e0f10,_hb_ot_shaper_shape_plan_data_create,0xafc
0x5e1a0c,_ZN12EventTracker9sendEventERK6StringS2_,0xe8
0x5e1af4,_ZNK18LogicClientGlobals20getJoystickAreaWidthEv,0x8
0x5e1afc,_ZN19PlayerStatusMessage6encodeEv,0x28
0x5e1b24,_ZNKSt6__ndk110__function6__funcIZN5titan3com6google7android4play4core5tasks18OnCompleteListener6invokeEP10_jmethodIDP13_jobjectArrayE3$_0NS_9allocatorISE_EEFvRN8safe_jni5ProxyENS8_4TaskEEE6targetERKSt9type_info,0x1c
0x5e1b40,_ZNSt6__ndk110__function6__funcIZN19SupercellIdCallback17clearPendingLoginEP8_jobjectE3$_4NS_9allocatorIS5_EEFvvEED0Ev,0x4
0x5e1b44,_ZNKSt6__ndk110__function6__funcIZN32NativeFacebookConnectionCallback6loggedERK6StringS5_E3$_1NS_9allocatorIS6_EEFvvEE11target_typeEv,0xc
0x5e1b50,_lv1_frida_killer__ZL22thread_control_handleriP7siginfoPv,0x48
0x5e1b98,_sub_5E1B98,0x30
0x5e1bc8,_ZN15ResourceManager8getImageERK6String,0x50
0x5e1c18,_ZN6icu_5822UCharCharacterIterator6last32Ev,0x74
0x5e1c8c,_ZN12PepperCrypto7Blake2b5finalEPv,0x54
0x5e1e88,_ZN12SupercellSWF24readCompressedShortArrayEiPs,0x1a0
0x5e2028,_ZN9NamePopupD2Ev,0x60
0x5e2088,_ZNK9ClanPopup12isStreamOpenEv,0x8
0x5e2090,_ZN10ScoresPage6onDataEP18LeaderboardMessage,0x144
0x5e21d4,_ZN8GameMain22sendAccountIdentifiersEv,0x8c
0x5e2260,_ZThn96_N13AllianceIntro13buttonClickedEP12CustomButton,0x8
0x5e2268,_ZN21CreateAllianceMessage6encodeEv,0x74
0x5e22dc,_ZN16TeamLeaveMessage8destructEv,0x4
0x5e22e0,_ZNK14LogicSkillData12canAutoShootEv,0x10
0x5e22f0,_Z12logBacktracev,0x4
0x5e22f4,_ZN13GoHomeMessage8destructEv,0x24
0x5e2318,_ZNK12AllianceInfo11isScrollingEv,0x4c
0x5e2364,_ZN29SendAllianceInvitationMessage11setAvatarIdEP9LogicLong,0x8
0x5e236c,_ZNK17scCryptoBoxFilter4sizeEv,0x68
0x5e23d4,_ZN11wendelstein19AbstractEmitterDataD2Ev,0xac
0x5e2480,_ZNK23GetSeasonRewardsMessage14getMessageTypeEv,0x8
0x5e2488,_ZN8Databind24NlohmannJsonOutReflector9setStringERK6StringS3_S3_,0xe0
0x5e2568,_ZNSt6__ndk110__function6__funcIZN11AndroidMain17backButtonPressedEvE3$_6NS_9allocatorIS3_EEFvvEEclEv,0x14
0x5e257c,_ZN33LogicDeviceLinkCodeRequestMessage6encodeEv,0x4
0x5e2580,_ZN11hb_buffer_t8add_infoERK15hb_glyph_info_t,0x80
0x5e2600,_ZNK6icu_589UVector3212containsNoneERKS0_,0x74
0x5e2674,_ZN35AskForPlayingFacebookFriendsMessageC2Ev,0x34
0x5e26a8,_ZN8Snowfall7fadeOutEv,0xc
0x5e26b4,_ZN10ByteStream6rewindEv,0x18
0x5e26cc,_ZN24AvatarStreamEntryMessage17removeStreamEntryEv,0x10
0x5e26dc,_ZN9LogicTile17resetPassableAreaEv,0x98
0x5e2774,_ZN8Databind4Util12getArraySizeEPvPK13DatabindField,0x274
0x5e29e8,_ZNK23SCIDAccountBoundMessage19getSupercellIdTokenEv,0x10
0x5e29f8,_ZN6icu_5815RBBIRuleScanner10nextCharLLEv,0x118
0x5e2b10,_ZNK18LogicCharacterData23getKillCelebrationSoundEPK13LogicSkinData,0x44
0x5e2b54,_ZN26BindFacebookAccountMessageC2Ev,0x38
0x5e2b8c,_ZN12GUIContainerC2Ev,0x7c
0x5e2c08,_ZN6icu_587UVector9removeAllERKS0_,0x198
0x5e2da0,_ZN5titan3com9supercell5titan15PurchaseManager24startBillingTransactionsEv,0x5c
0x5e2dfc,_ZN9ClanPopup7refreshEv,0x13c
0x5e2f38,_ZN9DecayItemD0Ev,0x6c
0x5e2fa4,_ures_openFillIn_58,0x28
0x5e2fcc,_ZN22EsportTournamentsPopup12touchPressedERK5Touch,0x40
0x5e300c,_ZN17GameCenterManager16destructInstanceEv,0x34
0x5e3040,_Z9loggedOuti,0x24
0x5e3064,_ZN12scFilesystem21addAllPackfilesInPathEPKcRKNSt6__ndk110shared_ptrI11scIKeyStoreEE,0x6b0
0x5e3714,_ZN23LogicCharacterClientOwn26moveToWithClientPredictionEiibP21LogicBattleModeClient,0x1c4
0x5e38d8,_ZN17DataLoaderTextureD2Ev,0x8c
0x5e3964,_ZNK9sc3dWorld15getScreenToTileEffR7Vector2IfEf,0xc
0x5e3970,_ZNK15TeamJoinMessage14getMessageTypeEv,0x8
0x5e3978,_ZN14SessionStatics18setTrainingContextEiPK13LogicSkinDatai,0xc
0x5e3984,_ZL14ustrenum_unextP12UEnumerationPiP10UErrorCode,0x10
0x5e3994,_ZN6Sprite8touchOutEi,0x18
0x5e39ac,_ZN15RankRewardPopupD0Ev,0x24
0x5e39d0,_ZN16ByteStreamHelper12readGlobalIDEP10ByteStream,0x54
0x5e3a24,_uncompress,0x24
0x5e3a48,_ZN13LogicSkinData12resetStaticsEPK8CSVTable,0x640
0x5e4088,_ZN12LogicTileMap11tileToLogicEi,0x10
0x5e4098,_ZN36GamecenterAccountAlreadyBoundMessage18getServiceNodeTypeEv,0x8
0x5e40a0,_ZN22AddFriendFailedMessage12getErrorCodeEv,0x8
0x5e40a8,_ZNK6icu_5822UCharCharacterIteratoreqERKNS_24ForwardCharacterIteratorE,0x7c
0x5e4124,_ZN8TestCase5sleepEi,0x58
0x5e417c,_ZNK18LogicCarryableData17getShowTeamCircleEv,0x10
0x5e418c,_ZN20PlayerMapDeletePopupD2Ev,0x48
0x5e41d4,_ZN9CombatHUD21setSpectateButtonTextEv,0x1b4
0x5e4388,_ZNK13LogicTileData10getShadowYEv,0x24
0x5e43ac,_ZN8HomePage19closeCustomPopoversEbP13DisplayObject,0x40
0x5e43ec,_ZN26KakaoAccountUnboundMessage6decodeEv,0x4
0x5e43f0,_ubidi_getLogicalRun_58,0x198
0x5e4588,_ZNK5Stage12getRectIndexEPK15StageBucketRect,0x1c
0x5e45a4,_ZN19StartLoadingMessage11setLocationEPK17LogicLocationData,0x44
0x5e45e8,_ZN8Sprite3D15setActiveCameraEi,0x8
0x5e45f0,_ZN12LogicVector33setEiii,0xc
0x5e45fc,_ZN19VisionUpdateMessage18setVisionBitStreamEP9BitStream,0x48
0x5e4644,_ZNSt6__ndk110__function6__funcIZN12scFilesystem12layerRemovedERKNS_10shared_ptrI17scAbstractFSLayerEEE3$_3NS_9allocatorIS8_EEFvPNS2_9IListenerEEE18destroy_deallocateEv,0x58
0x5e469c,_T_CString_integerToString_58,0xb4
0x5e4750,_ZN9xMatrix4418getRayThroughPixelEffffRKS_S1_R7Vector3IfES4_,0xfc
0x5e484c,_ZNSt6__ndk110__function6__funcIZN8TestCase23withFirstSpriteMatchingENS_8functionIFbP6SpriteEEENS3_IFvS5_EEEE4$_13NS_9allocatorISA_EEFS5_vEE18destroy_deallocateEv,0x78
0x5e48c4,_ZN8SelfhelpD2Ev,0x58
0x5e491c,_ZN12BattleScreen6updateEff,0x150c
0x5e5e28,_ZN15AllianceManager30isExternalInviteRequestEnabledENS_25ExternalInviteRequestTypeE,0x18
0x5e5e40,_ZNK13LogicGemOffer19isBuyOptionUnlockedEPK14LogicDailyData,0x68
0x5e5ea8,_ZNK13YoozooManager9isEnabledEv,0x30
0x5e5ed8,_ZN22LogicUnlockSkinCommand13findSoloOfferEPK13LogicHomeModePK13LogicSkinData,0x28
0x5e5f00,_ZN12SCWFileInput17initializeMembersEv,0xc
0x5e5f0c,_ZN20LogicCharacterServer17giveMaxHealthBuffEibbi,0x4c
0x5e5f58,_ZNK14LogicSoundData17getNonBgFileIndexEi,0x98
0x5e5ff0,_ZN9DebugInfoD0Ev,0x40
0x5e6030,_ZN23NameChangeQuestionPopup6updateEf,0x4
0x5e6034,_ZN9xMatrix449translateERK7Vector3IfE,0x24
0x5e6058,_ZN9TextField12getBendedPosEPfS0_fiffff,0x1b4
0x5e620c,_ZN9BitStream11readIntMax3Ev,0xc0
0x5e62cc,_ZN7GLImage13createWrapperEiiii,0xc
0x5e62d8,_ZNK22LogicLocationThemeData18getGroundFillerSCWEv,0x10
0x5e62e8,_ZN28UdpBigMessageFragmentMessage8destructEv,0x40
0x5e6328,_ZN25FriendOnlineStatusMessage6encodeEv,0x90
0x5e63b8,_ZN13LogicConfData16addTimedIntValueEP18TimedIntValueEntry,0x13c
0x5e64f4,_ZN15ChecksumEncoder19writeFilteredStringEPK6String,0xc
0x5e6500,_ZN10HomeScreen31checkAndClearReturnFromTrainingEv,0x10
0x5e6510,_ucln_registerCleanup_58,0x18
0x5e6528,_ZNKSt6__ndk110__function6__funcIZN11scTaskQueue3runIZN11AndroidMain15_gameBackgroundEvE4$_16EENS_13invoke_resultIT_JEE4typeES7_EUlvE_NS_9allocatorISA_EEFvvEE7__cloneEPNS0_6__baseISD_EE,0x18
0x5e6540,_ZN13YoozooManager12openHomePageEv,0xb4
0x5e65f4,_ZN27YoozooBillingRequestMessage6decodeEv,0x70
0x5e6664,_ZNSt6__ndk110__function6__funcIZN8TestCase20drawDebugPercentagesEvE4$_19NS_9allocatorIS3_EEFvvEED0Ev,0x4
0x5e6668,_ZN10ConnectionC2Ev,0x64
0x5e66cc,_ZN12GenericPopup9getTitle2Ev,0x48
0x5e6714,_ZN27LogicUnlockFreeSkinsCommand7executeEP13LogicHomeModeib,0x1d8
0x5e68ec,_uprv_haveProperties_58,0x10
0x5e68fc,_ZNK12LogicVector29getLengthEv,0x54
0x5e6950,_ZN43PurchaseSkinGroupOfferHighlightPopupHandler18setUpHighlightItemEiP9MovieClipP10GameButton,0x520
0x5e6e70,_ZN21ChronosResourceHelper22getChronosResourcePathEiPK16ChronosFileEntry,0x7c
0x5e6eec,_ZN31ChangeAllianceSettingsOkMessage8destructEv,0x40
0x5e6f2c,_ZN23MatchmakeRequestMessage6decodeEv,0x60
0x5e6f8c,_ZN18sc3dPanPinchCamera13setCenterTileEffff,0x14
0x5e6fa0,_ZNK29AvailableServerCommandMessage14getMessageTypeEv,0x8
0x5e6fa8,_ZN21LogicJSONOutReflector7setBoolEPKcbb,0x9c
0x5e7044,_ZN3GUI11showPopoverEP7Popover,0x78
0x5e70bc,_ZN19scResourceLoadQueueD2Ev,0x88
0x5e7144,_ZN6icu_5810UnicodeSetC2Ev,0x174
0x5e72b8,_ZNKSt6__ndk110__function6__funcIZN27BattleEndRankedRankUpScreen14addExecutionToEP18SequencedExecutionE3$_1NS_9allocatorIS5_EEFbvEE6targetERKSt9type_info,0x1c
0x5e72d4,_Java_com_supercell_titan_GameApp_nOnSurfaceDestroyed,0x3c
0x5e7310,_ZN4GateD2Ev,0x14
0x5e7324,_ZNK12LogicCommand13getAgeInTicksEi,0xc
0x5e7330,_ZN8HeroList16getVisibleHeroesEPK13LogicHomeModeP14LogicArrayListIPK18LogicCharacterDataE,0x1fc
0x5e752c,_SzFree.13019,0x8
0x5e7534,_ZNSt6__ndk110__function6__funcIZN14LineConnection14requestFriendsEvE3$_5NS_9allocatorIS3_EEFvbPKN8linecorp4nova5graph5model21ProfilePagingResponseEPKNS7_5ErrorEEEclEObOSC_OSF_,0x2a8
0x5e77dc,_ZN24RankedLeaderboardsScreen19changeRankedModeTabENS_10RankedModeE,0x9c
0x5e7878,_ZN24LatencyTestStatusMessage8destructEv,0x6c
0x5e78e4,_ZNK18LoginFailedMessage42getCompressedResourceFingerprintDataLengthEv,0x8
0x5e78ec,_ZN6icu_5811ReplaceableD0Ev,0x4
0x5e78f0,_ZNK11FriendEntry15getFacebookNameEv,0x8
0x5e78f8,_ZN15MovieClipHelper20initScreenContainersEP6SpriteRK6StringRNSt6__ndk16vectorIP9MovieClipNS5_9allocatorIS8_EEEE,0x12c
0x5e7a24,_ZNSt6__ndk110__function6__funcIZ50Java_com_supercell_titan_GameApp_handleDeeplinkURLE3$_0NS_9allocatorIS2_EEFbvEED0Ev,0x4
0x5e7a28,_ZL32_hb_glyph_info_set_unicode_propsP15hb_glyph_info_tP11hb_buffer_t,0x284
0x5e7cac,_ZN32LogicDeviceLinkConfirmYesMessage11setLinkCodeERK6String,0x8
0x5e7cb4,_hb_buffer_add_utf32,0x238
0x5e7eec,_ZNSt6__ndk110__function6__funcIZN11scTaskQueue3runIZN11AndroidMain15_gameBackgroundEvE4$_16EENS_13invoke_resultIT_JEE4typeES7_EUlvE_NS_9allocatorISA_EEFvvEE18destroy_deallocateEv,0x4
0x5e7ef0,_ZN11SkinPreview13buttonClickedEP12CustomButton,0xb4
0x5e7fa4,_ZN5tween6Linear7easeOutEffff,0x10
0x5e7fb4,_ZL25hb_ft_get_glyph_from_nameP9hb_font_tPvPKciPjS1_,0xec
0x5e80a0,_ZN12AllianceInfo19closeCustomPopoversEv,0x28
0x5e80c8,_ZN13MapEditorMode6updateEff,0x70
0x5e8138,_ZNK32RankedMatchPickHeroFailedMessage14getMessageTypeEv,0x8
0x5e8140,_ZN19BrawlPassSeasonData6encodeEP15ChecksumEncoder,0xf4
0x5e8234,_ZN14SessionStaticsD2Ev,0x64
0x5e8298,_ZN22ClientContentValidator23printTileCodeStatisticsEv,0x90
0x5e8328,_ZN15LogicStringUtil17getGraphemeLengthERK6String,0xd0
0x5e83f8,_ZN15MapEditorScreen20refreshBoltUniqueIDsEv,0x40c
0x5e8804,_ZN22LaserDataLoaderTexture18parseModifierLayerERK6String,0x214
0x5e8a18,_ZN20CreatePlayerMapPopup19inputFieldOkPressedEP14GameInputField,0xc
0x5e8a24,_ZN27ChallengeRewardNotification9addRewardEP13LogicGemOffer,0x13c
0x5e8b60,_ZNK31LogicSetSupportedCreatorCommand14getCommandTypeEv,0x8
0x5e8b68,_ZNK12BattleScreen37getLaserBallFriendTrajectoryIndicatorERP6Sprite,0xc
0x5e8b74,_ZN5UITabD2Ev,0x58
0x5e8bcc,_ZNK20LogicCharacterClient17isWhirlwindActiveEv,0x7c
0x5e8c48,_Java_com_supercell_titan_LocationService_locationChanged,0x4
0x5e8c4c,_Z28decompressBlockTHUMB58HAlphajjPhS_iiii,0x24
0x5e8c70,_ZNK18DoubleClickChecker4getYEv,0x8
0x5e8c78,_ZN16DropGUIContainerC2Ev,0x44
0x5e8cbc,_ZN12GemOfferItemD0Ev,0x24
0x5e8ce0,_ZN13UIHandlerList6handleEP5UICtxi,0x68
0x5e8d48,_utext_next32From_58,0x230
0x5e8f78,_ZN10ByteStream8readLongEP9LogicLong,0x44
0x5e8fbc,_ZN38TencentAntiAddictionInstructionMessage6encodeEv,0xa4
0x5e9060,_ZNK10scPackFile17getFileEntryFlagsERK15scPackFileEntry,0x80
0x5e90e0,_ZNK9xMatrix4410getScalingEv,0x4c
0x5e912c,_uiter_next32_58,0x7c
0x5e91a8,_ZN8Databind16JSONOutReflector10reflectIntEiRK6Stringi,0x8c
0x5e9234,_ZN15LogicDataTables19getCloseButtonSoundEv,0xc
0x5e9240,_ZN15sc3dWorldObject11setPositionEfff,0x78
0x5e92b8,_ZN11UITabButtonD0Ev,0x40
0x5e92f8,_ZN8HomePage9setTickerEP9MovieClipibb,0xec
0x5e93e4,_ZN5tween4Back9easeInOutEffff,0x8c
0x5e9470,_hb_buffer_get_glyph_positions,0x70
0x5e94e0,_ZL13_matchFromSetPKtS0_a,0x1e4
0x5e96c4,_ZN12LoginMessage8destructEv,0xdc
0x5e97a0,_ZNK15FacebookManager18isFriendListLoadedEv,0x8
0x5e97a8,_ZN15LogicDataTables13getTableCountEv,0x8
0x5e97b0,_ZN10HomeScreen13heroLeveledUpEPK18LogicCharacterData,0x50
0x5e9800,_res_getArrayItem_58,0x80
0x5e9880,_ZN29LogicPlayerDataChangedCommandC2Ev,0x30
0x5e98b0,_ZN5lzham12symbol_codec13put_bits_initEj,0x34
0x5e98e4,_ZN6Screen14getScreenModesEv,0x4
0x5e98e8,_ZN18BrawlTvChannelInfoC2Ev,0x10
0x5e98f8,_utrie2_swap_58,0x21c
0x5e9b14,_ZNK6icu_5815RBBISymbolTable14parseReferenceERKNS_13UnicodeStringERNS_13ParsePositionEi,0x140
0x5e9c54,_ZN31MovieClipCacheExportNameAndListC2Ev,0x74
0x5e9cc8,_ZN21scMainThreadTaskQueue19initMainThreadQueueEv,0x30
0x5e9cf8,_Z22herodataSort_sortOrderPK18LogicCharacterDataS1_,0x3c
0x5e9d34,_ZNSt6__ndk110__function6__funcIZN8TestCase10getDoTouchEP13DisplayObjectE3$_6NS_9allocatorIS5_EEFNS_6vectorIfNS6_IfEEEEvEEclEv,0x228
0x5e9f5c,_ZN6icu_5815UnhandledEngineD2Ev,0x94
0x5e9ff0,_ZN15LogicDataTables17getStarPointsDataEv,0xc
0x5e9ffc,_ZN22UnlockAccountOkMessage15removePassTokenEv,0x10
0x5ea00c,_ZN16ChronosFileEntry6decodeEP10ByteStream,0xb0
0x5ea0bc,_ZN10HomeScreen18onProSeasonReceiveEv,0x28
0x5ea0e4,_ZNK17LogicSkinConfData12getHappyAnimEv,0x10
0x5ea0f4,_ZN6icu_5817DictionaryMatcherD2Ev,0x4
0x5ea0f8,_ZN13LogicHomeMode7setHomeEP15LogicClientHome,0xb4
0x5ea1ac,_Java_com_supercell_titan_GameApp_nOnPause,0x88
0x5ea234,_ZN22SettingsLanguageScreen13buttonClickedEP12CustomButton,0x100
0x5ea334,_ZN21RankedTeamSelectPopup13sortHeroItemsEP14LogicArrayListIP14RankedHeroItemE17HeroRankedSorting,0x1b8
0x5ea4ec,_ZN5Stage32exitMaskContentBoundsCalculationEv,0x18
0x5ea504,_ZN11SCIDManager7setItemERK6StringS2_,0x44
0x5ea548,_ZN23SkinPreviewToggleButton13buttonPressedEv,0x4
0x5ea54c,_ZN6icu_5819Normalizer2WithImplD0Ev,0x4
0x5ea550,_ZN39LogicAccountTransferCodeResponseMessage6decodeEv,0x94
0x5ea5e4,_ZN5lzham12lzcompressor12coding_stats5printEv,0x588
0x5eab6c,_ZN15AllianceManager10isTeamSeenEPK9LogicLong,0xac
0x5eac18,_ZNK21LogicCompressedString8hashCodeEv,0x40
0x5eac58,_ZN12SCWFileInput9readFloatEv,0x34
0x5eac8c,_compressBound,0x14
0x5eaca0,_ZN20LogicEmoteBundleData16createReferencesEv,0x40
0x5eace0,_ZN27HeroPowerRewardNotification7getHeroEv,0x8
0x5eace8,_ZN8HomePage15handleDeletionsEv,0x60
0x5ead48,_ZN17CsvPatchRowAction12loadFromJSONEP15LogicJSONObject,0xb0
0x5eadf8,_ures_findSubResource_58,0x104
0x5eaefc,_ZN9EntryInfo12skinUnlockedEPK13LogicSkinData,0x14
0x5eaf10,_ZN29scMultithreadedLoadingManagerC2EbP12scWorkerPoolb,0xf8
0x5eb008,_ZN17AbilityCastingHUDD2Ev,0x4c
0x5eb054,_ZNK14LogicSkillData14getChargeSpeedEv,0x10
0x5eb064,_ZN6icu_586Locale20getSimplifiedChineseEv,0x24
0x5eb088,_ZN20FileDownloadListenerD2Ev,0x50
0x5eb0d8,_ZN23PushNotificationService6deinitEv,0x5c
0x5eb134,_ZNK10GameScreen20getLogicBattleServerEv,0xc
0x5eb140,_ZN21LogicJSONOutReflector9addObjectEv,0x3c
0x5eb17c,_ZN17LogicGamePlayUtil17tweenCubicEaseOutEfff,0x20
0x5eb19c,_ZNSt6__ndk110__function6__funcIZN8TestCase18swipeAllDirectionsEP13DisplayObjectE4$_23NS_9allocatorIS5_EEFbvEE7destroyEv,0x4
0x5eb1a0,_ZN14BattleLogPopupD2Ev,0x18c
0x5eb32c,_ZN8GoalList19getProgressBarTweenEPK14LogicMilestoneP9MovieClipiibb,0x248
0x5eb574,_ZNK9CombatHUD12getMaskAlphaEff,0xe0
0x5eb654,_ZN5titan4java2io4File5mkdirEv,0x7c
0x5eb6d0,_ZN30AdUpdateConversionValueMessage8destructEv,0x24
0x5eb6f4,_Z5clampi,0x14
0x5eb708,_ZN6icu_5813BreakIteratorC2ERKNS_6LocaleES3_,0x38
0x5eb740,_ZN22AllianceChatController12isStreamOpenEv,0x8
0x5eb748,_ZNK11LogicPlayer20getAccessoryUseCountEv,0x40
0x5eb788,_ZN19AllianceRankingData7setNameEP6String,0x44
0x5eb7cc,_ZNK17TeamPostAdMessage14getMessageTypeEv,0x8
0x5eb7d4,_ZN10ByteStreamC2ERK14scMemoryHandle,0xb4
0x5eb888,_ZN11LineManager8bindLineEb,0x100
0x5eb988,_ZN14ShadowRenderer11interpolateEPNS_5PointES1_f,0x24
0x5eb9ac,_ZN7SCWFile19removeObjectFactoryEv,0x10
0x5eb9bc,_ZNK8Sprite3D17getViewportBoundsEv,0xc
0x5eb9c8,_ZN10HomeScreen11pingUpdatedEi,0x4
0x5eb9cc,_ZN6icu_5815RBBIRuleBuilder28createRuleBasedBreakIteratorERKNS_13UnicodeStringEP11UParseErrorR10UErrorCode,0x25c
0x5ebc28,_ZN8DataIcon23replaceInstanceWithIconEP9MovieClipRK6Stringii,0x2b8
0x5ebee0,_ZN11UpgradeItemC2EPK13LogicCardData,0x14
0x5ebef4,_ZN17HighRateUdpSocket6updateEffP33IHighRateUdpSocketMessageListener,0x2f4
0x5ec1e8,_ZN9CombatHUD26refreshChatBubblePositionsEv,0x218
0x5ec400,_ZN23SCIDAccountBoundMessage13setResultCodeEi,0x8
0x5ec408,_Z31hb_ot_layout_table_find_featureP9hb_face_tjjPj,0x188
0x5ec590,_ZNK10NativeFont15baselineFromTopEv,0x1c
0x5ec5ac,_ZN12GUIContainer15destructButtonsEv,0x88
0x5ec634,_ZN15LogicClientHome23isSkinCurrentlyReleasedEPK13LogicSkinData,0xa8
0x5ec6dc,_ZN22ShutdownStartedMessage8destructEv,0x24
0x5ec700,_ZN8RankItemC2EP9RankPopupPK14LogicMilestoneS4_,0xcc
0x5ec7cc,_ZN20LogicCharacterServer11swapSkillToEiPK14LogicSkillData,0x4
0x5ec7d0,_ZNK10StringView7indexOfEi,0x110
0x5ec8e0,_ZN6icu_5810AppendableD2Ev,0x4
0x5ec8e4,_ZN14LogicDailyData30setStarPointSectionOfferViewedEv,0x4c
0x5ec930,_ZNK13AllianceIntro9isPanningEv,0x30
0x5ec960,_ZN16LogicReflectable17reflectAndMigrateER14LogicReflectori,0x4
0x5ec964,_ZNK12LogicVector36encodeEP15ChecksumEncoder,0x58
0x5ec9bc,_ZNK20LogicCharacterServer22getCardValueForPassiveEii,0x8
0x5ec9c4,_ZNK9MovieClip13getFrameLabelEi,0x10
0x5ec9d4,_ZN33LogicInviteBlockingChangedCommandC2Eb,0x34
0x5eca08,_ZN14MessageManager23resetKeepAliveSendTimerEv,0x34
0x5eca3c,_cmemory_cleanup_58,0x28
0x5eca64,_ZN24LocalNotificationManager15addNotificationERKNS_10sNotifDataE,0x9c
0x5ecb00,_ZN10InboxPopup14getTickerCountEv,0x168
0x5ecc68,_ZN17HighRateUdpSocket7connectERK6StringiPKcS2_S2_,0x68
0x5eccd0,_ZNK12TencentLogin18hasLaunchParameterEv,0x14
0x5ecce4,_ZN10TeamStream22removeAllStreamEntriesEv,0x10
0x5eccf4,_ZN13ListContainer21refreshEntryPositionsEifffbb,0x418
0x5ed10c,_ZNSt6__ndk110__function6__funcIZN27BattleEndRankedRankUpScreen14addExecutionToEP18SequencedExecutionE3$_0NS_9allocatorIS5_EEFbvEE7destroyEv,0x4
0x5ed110,_ZN12LocationItem16refreshQuestIconEbb,0x164
0x5ed274,_ZN10InputFieldD2Ev,0xe0
0x5ed354,_ZNSt6__ndk110__function6__funcIZN11scTaskQueue3runIZ62Java_com_supercell_titan_TitanWebView_shouldOverrideUrlLoadingE3$_0EENS_13invoke_resultIT_JEE4typeES6_EUlvE_NS_9allocatorIS9_EEFvvEEclEv,0x40
0x5ed394,_ZN5DecalD0Ev,0x4c
0x5ed3e0,_ZNK18LogicNameColorData12getSortOrderEv,0x10
0x5ed3f0,_ZNK25DeviceLinkMigrationScreen11getLinkCodeEv,0x8
0x5ed3f8,_ZN11Application23getNetworkInterfaceInfoEv,0xc
0x5ed404,_ZN16SCWObjectFactory14createMaterialEP7SCWFile,0x2c
0x5ed430,_ZNK20scCryptoStreamFilter4readEPvm,0x84
0x5ed4b4,_ZN13LogicDataSlot8destructEv,0xc
0x5ed4c0,_ZNK17scFSAndroidAssets10fileExistsEPKc,0x60
0x5ed520,_ZN10GameObject16playEffectNoLoopEPK15LogicEffectDatai,0x138
0x5ed658,_ZN17AvatarStreamEntry8destructEv,0x6c
0x5ed6c4,_ZNK26LookingForATeamMemberPopup12getPopupTypeEv,0x8
0x5ed6cc,_ZNSt6__ndk110__function6__funcIZN19EnvironmentRenderer6renderER9Matrix2x3R14ColorTransformifE3$_3NS_9allocatorIS7_EEFvvEE18destroy_deallocateEv,0x4
0x5ed6d0,_ZN25ChinaLoginExtraTermsPopupD0Ev,0x3c
0x5ed70c,_ZN8GameMain12setHibernateEb,0x10
0x5ed71c,_ZNK31PvpMatchmakeNotificationMessage14getMessageTypeEv,0x8
0x5ed724,_ZN15DownloadManager19addChronosResourcesEiRKNSt6__ndk16vectorIPK16ChronosFileEntryNS0_9allocatorIS4_EEEES9_RK6String,0x124
0x5ed848,_ZNK12BattleScreen22shouldRenderIndicatorsEv,0xa0
0x5ed8e8,_ZN6StringC2ERKS_b,0xf4
0x5ed9dc,_ZNK27LogicSelectStarPowerCommand6encodeEP15ChecksumEncoder,0x2c
0x5eda08,_ZN10LogicGoals14getGoalCountInEii,0xe4
0x5edaec,_ZN8GameMain18deinitBlurRendererEv,0xb4
0x5edba0,_ZN10HomeScreen18coinBoostIncreasedEv,0x24
0x5edbc4,_ZN9AnimationC2ERKS_,0x1c8
0x5edd8c,_ZNK20GoogleServiceManager15isBoundWithGameEv,0x10
0x5edd9c,_ZNK6CSVRow20getColumnIndexByNameERK6String,0x8
0x5edda4,_ZNSt6__ndk110__function6__funcIZ62Java_com_supercell_titan_TitanWebView_shouldOverrideUrlLoadingE3$_0NS_9allocatorIS2_EEFvvEED0Ev,0x30
0x5eddd4,_ZN21GlobalChatLineMessage17setAvatarExpLevelEi,0x8
0x5edddc,_ZN34AskForPlayingTencentFriendsMessage8destructEv,0x78
0x5ede54,_ZNK6icu_5815Normalizer2Impl9decomposeEitRNS_16ReorderingBufferER10UErrorCode,0x228
0x5ee07c,_ZN15ShareImagePopupD2Ev,0x58
0x5ee0d4,_ZN10LoginState13buttonClickedEP12CustomButton,0x94
0x5ee168,_ZN15LogicEffectData16createReferencesEv,0xca0
0x5eee08,_ZNK43LogicBrawlPassAutoCollectWarningSeenCommand6encodeEP15ChecksumEncoder,0x34
0x5eee3c,_ZN29LogicBrawlPassUnlockedCommand8destructEv,0x24
0x5eee60,_ZN19SupercellIdCallback20connectedGamesFailedEP8_jobject,0x1d8
0x5ef038,_ZN21UILocalizedTextSetterD0Ev,0xfc
0x5ef134,_ZN6icu_5813UnicodeString10padLeadingEit,0x140
0x5ef274,_ZN6Screen15getPhysicalDpiYEv,0xc
0x5ef280,_ZNK27KunlunBillingRequestMessage9getProdIdEv,0x8
0x5ef288,_ZNK15GameSCIDManager17promptOnGameLoginEv,0x84
0x5ef30c,_ZNK6icu_5821DictionaryBreakEngine10findBreaksEP5UTextiiaiRNS_6UStackE,0x1d4
0x5ef4e0,_ZN24HighRateUdpPacketHandler20sendHandshakePacketsEv,0x15c
0x5ef63c,_ZN9xMatrix4417multiplyAffine3x3EPKf,0xa0
0x5ef6dc,_ustr_hashUCharsN_58,0x54
0x5ef730,_ZN22DeletePlayerMapMessage8setMapIdERK9LogicLong,0xc
0x5ef73c,_ZNK10GameScreen14getLogicBattleEv,0xc
0x5ef748,_ZNK22scLZMADecompressFilter4sizeEv,0x8
0x5ef750,_ZN6icu_5816RBBITableBuilder12calcNullableEPNS_8RBBINodeE,0xd4
0x5ef824,_ZNK14TencentManager12getChannelIdEv,0x20
0x5ef844,_ZN19TeamInvitationPopupC2EP14TeamInvitation,0x3d0
0x5efc14,_ZNK19LogicProjectileData22getPoisonDamagePercentEv,0x8
0x5efc1c,_ZN4ShopC2EP9MovieClip,0x728
0x5f0344,_ZN17LogicCampaignData8destructEv,0x98
0x5f03dc,_ZNK11LogicQuests16getQuestCountForEbPK18LogicCharacterData,0x15c
0x5f0538,_ZN16OutOfSyncMessage17setClientChecksumEi,0x8
0x5f0540,_ZN10ScrollArea10touchMovedERK5Touch,0x40
0x5f0580,_ZN28DeviceLinkCodeReceivedScreenC2ERK6Stringib,0x320
0x5f08a0,_ZN6icu_5810CharString14ensureCapacityEiiR10UErrorCode,0x14c
0x5f09ec,_ZN9BitStream19readPositiveIntMax3Ev,0x80
0x5f0a6c,_ZN18AddableFriendEntry18removeGameCenterIdEv,0x10
0x5f0a7c,_ZN17HighRateUdpPacket17isHandshakePacketEv,0x20
0x5f0a9c,_ZN22EsportTournamentsPopupC2Ev,0x2ec
0x5f0d88,_ZN6icu_5813BreakIterator18createWordInstanceERKNS_6LocaleER10UErrorCode,0x50
0x5f0dd8,_ZN25MovieClipModifierOriginalD2Ev,0x18
0x5f0df0,_ZNK19LogicAreaEffectData19destroysEnvironmentEv,0x8
0x5f0df8,_ZN6icu_5810UnicodeSet13getInclusionsEiR10UErrorCode,0xac
0x5f0ea4,_ZN9HeroEntryC2Ev,0xc
0x5f0eb0,_ZN20LogicCharacterServer7crippleEi,0x4
0x5f0eb4,_ZNK18LogicCharacterData11getFileNameEv,0xc
0x5f0ec0,_ZN8ShopItem23setBlockedAndProcessingEP9MovieClipb,0x40
0x5f0f00,_ZN22ClientContentValidator8validateEv,0x380
0x5f1280,_ZN8Databind23NlohmannJsonInReflector11getNextLongEv,0xcc
0x5f134c,_ZN6icu_5822RuleBasedBreakIteratorD2Ev,0xe8
0x5f1434,_ZN8Databind23NlohmannJsonInReflector7getLongERK6Stringx,0x188
0x5f15bc,_ZN16ChatOptionsPopupC2Ev,0x1d8
0x5f1794,_ZN11FlyParticle16removeReferencesEPK14GameObjectBase,0x18
0x5f17ac,_ZN10ByteStreamC2Ei,0x60
0x5f180c,_Java_com_supercell_titan_SupercellId_setTutorialComplete,0x8
0x5f1814,_ZN5Shape6renderER9Matrix2x3R14ColorTransformif,0x1e8
0x5f19fc,_ZThn96_N16NameChangeWindow13buttonClickedEP12CustomButton,0x8
0x5f1a04,_ZNSt6__ndk110__function6__funcIZN7GLImage6createEPKc9ImageWrap11ImageFilterE3$_0NS_9allocatorIS7_EEFvvEE18destroy_deallocateEv,0x4
0x5f1a08,_ZNK12LogicVector211getDistanceEPKS_,0x64
0x5f1a6c,_ZNK17LogicGameCalendar9getSecondEv,0x20
0x5f1a8c,_ZN15PromoEventPopup13buttonClickedEP12CustomButton,0x114
0x5f1ba0,_ZNSt6__ndk110__function6__funcIZN7GLImage6createEPKhi9ImageWrap11ImageFilterE3$_5NS_9allocatorIS7_EEFvvEE7destroyEv,0x4
0x5f1ba4,_ZN14HelpshiftTitan15leaveBreadcrumbERK6String,0xac
0x5f1c50,_ZN14BattleEndPopup12getHighlightEv,0x70
0x5f1cc0,_ZN16FramerateManagerC2Ev,0x1c
0x5f1cdc,_ZNSt6__ndk110__function6__funcIZN6Shader4loadEPKcS4_PS4_iE3$_0NS_9allocatorIS6_EEFvvEE18destroy_deallocateEv,0x4
0x5f1ce0,_ZN21LogicBattleModeServer16setBotDifficultyEi,0x8
0x5f1ce8,_ZNK14LogicDailyData15hasSkinOfferForEPK13LogicSkinData,0xa8
0x5f1d90,_Ppmd7_EncodeSymbol,0x8a4
0x5f2634,_ZN8ItemIcon6updateEf,0x4
0x5f2638,_ZNK6Shader25getUniformLocationNoErrorEPKc,0x8
0x5f2640,_ZN9CSVColumn15setIntegerValueEii,0x144
0x5f2784,_ZN8HomePage17eventDataReceivedEP9EventDataS1_b,0x74
0x5f27f8,_ZN12PepperCrypto7Blake2b6updateEPKvi,0x64
0x5f2e30,_ZN27BrawlerSuggestionStreamItem6updateEf,0x4
0x5f2e34,_ZNK15LogicClientHome13getPlayerDataEv,0x8
0x5f2e3c,_ZNK13LogicHintData13getMaxXPLevelEv,0x10
0x5f2e4c,_ZN7GLImage20loadRawImageFromFileEPKcPiS2_S2_i,0x2dc
0x5f3128,_ZN14TitanInputFile3eofEv,0x18
0x5f3140,_ZN14LogicMusicDataC2EP6CSVRowP14LogicDataTable,0x30
0x5f3170,_ZN28RankedMatchHeroPickedMessage6decodeEv,0x64
0x5f31d4,_CrcUpdateT8,0xd8
0x5f32ac,_ZN21GemRewardNotification8destructEv,0x24
0x5f32d0,_ZN11AndroidMain9onRestartEv,0x4
0x5f32d4,_ZNKSt6__ndk110__function6__funcIZN8TestCase9moveTouchER5TouchS3_S3_fE3$_8NS_9allocatorIS5_EEFvvEE11target_typeEv,0xc
0x5f32e0,_ZN5titan3com9supercell5titan11SupercellId16getVersionStringEv,0x7c
0x5f335c,_ZN7Billing11setListenerEP16IBillingListener,0x8
0x5f3364,_ZN5lzham18lzham_decompressor17reset_huff_tablesEv,0x58
0x5f33bc,_ZNK15TeamChatMessage10getMessageEv,0x8
0x5f33c4,_ZL26uloc_acceptLanguageComparePKvS0_S0_,0x28
0x5f33ec,_ZNK18LogicCharacterData8isHealerEv,0x10
0x5f33fc,_ZNK10BitmapFont9isOutlineEv,0x8
0x5f3404,_ZN8Sprite3D14createUniformsEv,0x15c
0x5f3560,_ZN10SCIDWindow12createButtonEP9MovieClipRK6String,0x90
0x5f35f0,_ZNSt6__ndk110__function6__funcIZN11scTaskQueue3runIZN6Shader4loadEPKcS6_PS6_iE3$_0EENS_13invoke_resultIT_JEE4typeESA_EUlvE_NS_9allocatorISD_EEFvvEE7destroyEv,0x4
0x5f35f4,_ZN30SCIDAccountAlreadyBoundMessage14setSupercellIdEP6String,0x8
0x5f35fc,_ZNK29LogicPlayerMapEnvironmentData25getGameModeVariationCountEv,0xc
0x5f3608,_ZN6Kunlun22IsNightTimeForChildrenEPKlii,0xb8
0x5f36c0,_ZN11wendelstein21SimpleGroundComponent15applyConstraintEPNS_8ParticleES2_ff,0xb0
0x5f3770,_ZNKSt6__ndk110__function6__funcIZZN10HeroSprite9HeroEntry15updateAnimationEfENK3$_0clEvEUlvE_NS_9allocatorIS5_EEFvvEE6targetERKSt9type_info,0x1c
0x5f378c,_ZN17HeroSwipeSelector14touchCancelledEi,0x30
0x5f37bc,_ZN12LocationItem15getAltEventSlotEPK9EventData,0x34
0x5f37f0,_ZN22BindLineAccountMessage12removeLineIdEv,0x10
0x5f3800,_lzham_decompress_memory,0x4
0x5f3804,_ZN17ClientInfoMessage8destructEv,0x3c
0x5f3840,_u_getISOComment_58,0x4c
0x5f388c,_ZNSt6__ndk110__function6__funcIZN11scTaskQueue3runIZN8TestCase20drawDebugPercentagesEvE4$_19EENS_13invoke_resultIT_JEE4typeES7_EUlvE_NS_9allocatorISA_EEFvvEED0Ev,0x4
0x5f3890,_ZN16ResourceDataFontD2Ev,0x84
0x5f3914,_ZN20UnlockAccountMessage12setPassTokenEP6String,0x8
0x5f391c,_ZNSt6__ndk110__function6__funcIZN29scMultithreadedLoadingManager6submitEP14scResourceDataRK18scResourceLoadInfoE3$_0NS_9allocatorIS8_EEFvvEEclEv,0x13c
0x5f3a58,_ZN15PromoEventPopupD2Ev,0x88
0x5f3ae0,_ZNK22LogicUnlockSkinCommand14getCommandTypeEv,0x8
0x5f3ae8,_ZN8NewsPage20navigateToCustomPageERK6Stringi,0xb4
0x5f3b9c,_ZNK12BattleScreen12isTallScreenEv,0x44
0x5f3be0,_ZN23LogicCharacterClientOwn22setAttackStartedClientEPK14LogicSkillData,0x1c
0x5f3bfc,_ZN17LogicGameModeUtil17getNumberOfRoundsEi,0x10
0x5f3c0c,_ZN17LogicGameModeUtil18preventWallsOnBaseEi,0x24
0x5f3c30,_ZNSt6__ndk110__function6__funcIZN7GLImage14updateSubImageEPKhiiiE3$_9NS_9allocatorIS5_EEFvvEE18destroy_deallocateEv,0x4
0x5f3c34,_ZNKSt6__ndk110__function6__funcIZN11scTaskQueue3runIZN8TestCase11touchSpriteEP6SpriteE3$_1EENS_13invoke_resultIT_JEE4typeES9_EUlvE_NS_9allocatorISC_EEFvvEE6targetERKSt9type_info,0x1c
0x5f3c50,_ZN23ChronosEventSeenMessage8destructEv,0x24
0x5f3c74,_ZNK20LogicCharacterServer22isPlayerControlRemovedEv,0xa0
0x5f3d14,_ZN15SelectHeroPopup15createHeroItemsEv,0x760
0x5f4474,_ZN5titan3com9supercell5titan19GoogleServiceClient17forNative_signOutEv,0x7c
0x5f44f0,_ZN14RankedHeroItemC2EPK18LogicCharacterDatabb,0x39c
0x5f488c,_ZNKSt6__ndk110__function6__funcIZN7GLImage6createEPKhi9ImageWrap11ImageFilterE3$_3NS_9allocatorIS7_EEFvvEE7__cloneEPNS0_6__baseISA_EE,0x30
0x5f48bc,_ZN13HeroModelItemC2EPK13LogicSkinDataP9MovieClipf,0x1f0
0x5f4aac,_ZN16AllianceSettings13badgeSelectedEPK22LogicAllianceBadgeData,0xe4
0x5f4b90,_ZNK4Mesh11getMaterialEi,0x10
0x5f4ba0,_hb_face_create_for_tables,0x7c
0x5f4c1c,_ZNK25RankedMatchStartedMessage14getMessageTypeEv,0x8
0x5f4c24,_ZN19VisionUpdateMessage9decodeUDPEi,0x13c
0x5f4d60,_ZNK6icu_586Locale15getKeywordValueEPKcPciR10UErrorCode,0x8
0x5f4d68,_ZN15PendingTeamItem18refreshRequestDataEPK9LogicLongRK6String,0xc4
0x5f4e2c,_ZNK25TeamTogglePractiseMessage14getMessageTypeEv,0x8
0x5f4e34,_ZN9QuestItem15showProgressBarEb,0x44
0x5f4e78,_ZN31AskForBattleReplayStreamMessage6encodeEv,0x28
0x5f4ea0,_ZN15LaserBoxManager32createPlayerParamsCallbackStringEb,0x168
0x5f5008,_ZN10TeamStream17removeStreamEntryEPK9LogicLong,0x10
0x5f5018,_ZN8HomePage25playEventCollectAnimationEii,0x8
0x5f5020,_ZN16BattleEndMessage21createDummyTimedQuestEiiiiiRK6Stringiii,0xf4
0x5f5114,_ZN12SoundManager16fadeOutAllSoundsEf,0x74
0x5f5188,_ZN19BrawlPassSeasonDataC2EiiP12LogicBitListS1_bib,0x20
0x5f51a8,_ZN6icu_5811ICU_Utility13isUnprintableEi,0x10
0x5f51b8,_ZNK6icu_5822UCharCharacterIterator7currentEv,0x30
0x5f51e8,_ZNK6String7indexOfERKS_i,0x1c
0x5f5204,_ZN34SetSupportedCreatorResponseMessageC2Ev,0x50
0x5f5254,_ZNSt6__ndk110__function6__funcIZN11scTaskQueue3runIZN11AndroidMain9_gameStopEvE4$_17EENS_13invoke_resultIT_JEE4typeES7_EUlvE_NS_9allocatorISA_EEFvvEE18destroy_deallocateEv,0x4
0x5f5258,_ZN30DeletePlayerMapResponseMessage8destructEv,0x24
0x5f527c,_ZN15sc3dWorldObject13touchReleasedERK5Touch,0x8
0x5f5284,_ZN11RevokePopupC2EP18RevokeNotification,0x258
0x5f54dc,_ZNK33DebugNewbieCoopOverrideSetMessage14getMessageTypeEv,0x8
0x5f54e4,_ZNK31PurchaseOfferBundlePopupHandler35sendAnalyticEventForActionInContextERK6Stringi,0x1c
0x5f5500,_ZN15MovieClipHelper21centerAmountTextFieldEP9TextFieldP13DisplayObject,0x10c
0x5f560c,_ZN9LogicData21getParentTableMutableEv,0x8
0x5f5614,_ZNK11LogicPlayer15getStatInternalEi,0x3c
0x5f5650,_ZN18AllianceWarMessageC2EP9LogicLongiP14LogicArrayListIP15AllianceWarNodeEPS2_IP18AllianceWarFactionE,0x5c
0x5f56ac,_ZNK9BitStream9getLengthEv,0x14
0x5f56c0,_ZNSt6__ndk110__function6__funcIZN19SupercellIdCallback15avatarImageDataEP8_jobjectP11_jbyteArrayiiiRK6StringE4$_18NS_9allocatorISA_EEFvvEED2Ev,0x10
0x5f56d0,_ZN25RankedMatchBanHeroMessage6decodeEv,0x48
0x5f5718,_ZN12BattleScreen20startResourceLoadingEPK21LogicBattleModeClient,0x58
0x5f5770,_ZNK6icu_5815Normalizer2Impl19ensureCanonIterDataER10UErrorCode,0x154
0x5f58c4,_ZN10TeamStreamC2Ev,0x64
0x5f5928,_ZN14AllianceStream11getInstanceEv,0xc
0x5f5934,_CrcUpdate,0xc
0x5f5940,_ZN10Connection10markClosedEv,0x48
0x5f5988,_Java_com_supercell_titan_SupercellId_logOut,0x8
0x5f5990,_ZNK25ClientCapabilitiesMessage14getMessageTypeEv,0x8
0x5f5998,_ZN9EntryInfo19getHeroDisplayLevelEv,0x2c
0x5f59c4,_ZNK14BattleTutorial15shouldPanCameraEv,0x50
0x5f5a14,_ZN21LogicProjectileClient6decodeEP9BitStreamib,0x170
0x5f5b84,_ZNK21LogicGameObjectClient7isAliveEv,0x8
0x5f5b8c,_ZN21TeamInvitationMessageC2Ev,0x38
0x5f5bc4,_ZN13YoozooManager15loginPageOpenedEv,0xb8
0x5f5c7c,_ZN15TeamJoinRequestC2Ev,0xc
0x5f5c88,_ZN8LogicMD54initEv,0x40
0x5f5cc8,_ZNSt6__ndk110__function6__funcIZN19SupercellIdCallback18openSelfHelpPortalEP8_jobjectE4$_12NS_9allocatorIS5_EEFvvEE18destroy_deallocateEv,0x4
0x5f5ccc,_ZNK10HomeScreen9addEffectEPK15LogicEffectDataP13DisplayObjectb,0x4c
0x5f5d18,_ZNK3GUI17getVisiblePopOverEv,0x38
0x5f5d50,_ZN19NotificationFactory6createEi,0x544
0x5f6294,_Java_com_supercell_titan_VirtualKeyboardHandler_inputSelectionChanged,0x54
0x5f62e8,_ZN18LogicMapEditorMode15setGameListenerEP17LogicGameListener,0x18
0x5f6300,_ZNK15LogicJSONObject14getObjectCountEv,0x8
0x5f6308,_ZN5lzham12symbol_codec11encode_bitsEjj,0x150
0x5f6458,_ZNKSt6__ndk110__function6__funcIZN11scTaskQueue3runIZN7GLImage16createWithFormatEiiiiPKv9ImageWrap11ImageFilterRbE3$_8EENS_13invoke_resultIT_JEE4typeESC_EUlvE_NS_9allocatorISF_EEFvvEE7__cloneEPNS0_6__baseISI_EE,0x18
0x5f6470,_ZNK18LogicAccessoryData29getRequiresSpecificActionTextEv,0x10
0x5f6480,_ZN13HTTPMessaging11readMessageEPKv,0xcc
0x5f654c,_ZN9CombatHUD21calculateWorldMoveAimEv,0x138
0x5f6684,_ZN19SupercellIdCallback27isPersonalisedOffersEnabledEP8_jobject,0x8c
0x5f6710,_ZNKSt6__ndk110__function6__funcIZN11scTaskQueue3runIZN7GLImage6createEiiiPKh9ImageWrap11ImageFilterE3$_7EENS_13invoke_resultIT_JEE4typeESB_EUlvE_NS_9allocatorISE_EEFvvEE6targetERKSt9type_info,0x1c
0x5f672c,_ZN46TencentAntiAddictionInstructionExecutedMessage8destructEv,0x9c
0x5f67c8,_ZN6icu_5822UCharCharacterIteratorC2Ev,0x34
0x5f67fc,_ZN15ResourceManager22setShaderConfigurationERK6String,0x14
0x5f6810,_ZN29GamecenterAccountBoundMessageC2Ev,0x38
0x5f6848,_hb_font_set_scale,0x14
0x5f685c,_ZNK18ClientHelloMessage16protocolIsPepperEv,0x14
0x5f6870,_ZNK14LogicDailyData11getIntValueEii,0x44
0x5f68b4,_ZNKSt6__ndk110__function6__funcIZ14getLineProfileP13ILineListenerRK6StringE3$_0NS_9allocatorIS7_EEFvbPKN8linecorp4nova5graph5model7ProfileEPKNSB_5ErrorEEE6targetERKSt9type_info,0x1c
0x5f68d0,_ures_resetIterator_58,0x10
0x5f68e0,_ZN43PurchaseSkinGroupOfferHighlightPopupHandler18setUpHighlightSkinEPK13LogicSkinDataP9MovieClipP10GameButton,0x40
0x5f6920,_ZNK11SoundSystem9loadSoundEPKc,0x204
0x5f6b24,_Z19data_destroy_arabicPv,0x88
0x5f6bac,_ZN13HeroListEntry7getHeroEv,0x8
0x5f6bb4,_ZN29LogicChangeControlModeCommand8destructEv,0x24
0x5f6bd8,_ZNK15GameSCIDManager27isSCIDEnabledForGameAccountEv,0x24
0x5f6bfc,_ZNSt6__ndk110__function6__funcIZ50Java_com_supercell_titan_GameApp_handleDeeplinkURLE3$_1NS_9allocatorIS2_EEFvvEED0Ev,0x30
0x5f6c2c,_ZN8TestCase36testWaitButtonVisibleByAnalyticsNameE6String,0x2e8
0x5f6f14,_ZThn8_N8UIButton13buttonClickedEP12CustomButton,0x1c
0x5f6f30,_ZN24AllianceJoinRequestPopup13buttonClickedEP12CustomButton,0x12c
0x5f705c,_ZN9OutStream8writeI32Ei,0x450
0x5f74ac,_ZN17ChatOptionsSliderC2EP9MovieClipP16ChatOptionsPopup,0x628
0x5f7ad4,_ZN5titan7android4view7Display12getDisplayIdEv,0x7c
0x5f7b50,_ZNK14LogicMusicData10isDisabledEv,0x10
0x5f7b60,_ZN18LogicCarryableData8destructEv,0x4
0x5f7b64,_ZN35AskForPlayingFacebookFriendsMessage6decodeEv,0x1f8
0x5f7d5c,_ZN5lzham12lzcompressor5state14start_of_blockERKNS_18search_acceleratorEjj,0x1c
0x5f7d78,_ZThn328_N10HomeScreen13buttonClickedEP12CustomButton,0x4
0x5f7d7c,_ZNK11DragHandler13getScreenMidXEv,0x8
0x5f7d84,_ZNK6icu_5815Normalizer2Impl19findNextFCDBoundaryEPKtS2_,0xdc
0x5f7e60,_ZN12scFilesystem13callListenersENSt6__ndk18functionIFvPNS_9IListenerEEEE,0x60
0x5f7ec0,_ZN8HeroList11getSortTextEv,0x2c
0x5f7eec,_ZN20LogicCharacterServer21giveDamageAndSizeBuffEii,0x4
0x5f7ef0,_ZN8Animator19setDefaultAnimationEi,0x18
0x5f7f08,_ZNK12BattleScreen19getRangeAddFromHoldEPK14LogicSkillData,0x94
0x5f7f9c,_ZNK15AllianceWarNode6encodeEP10ByteStream,0x10c
0x5f80a8,_ZNK28DeviceLinkConfirmationScreen11getLinkCodeEv,0x8
0x5f80b0,_ZN14AllianceSearch10inputEndedEP14GameInputField,0x14
0x5f80c4,_ZN33SCIDLogoutAllDevicesResultMessage6decodeEv,0x2c
0x5f80f0,_ZNK14LogicEmoteData11getDisabledEv,0x10
0x5f8100,_ZN11SkinPreview10saveImagesEv,0x64
0x5f8164,_ZL25stringIteratorHasPreviousP13UCharIterator,0x10
0x5f8174,_ZNK20LogicCharacterServer6encodeEP9BitStreambiib,0xd88
0x5f8efc,_enumPropertyStartsRange,0x20
0x5f8f1c,_ZN14HelpshiftTitan21setInitialUserMessageERK6String,0xac
0x5f8fc8,_ZN24HighRateUdpReceiveBufferD2Ev,0xa4
0x5f906c,_ZN12TestReporter17testStepToJsonObjEPNS_8TestStepE,0x2ec
0x5f9358,_ZNK14BattleEndPopup8useModalEv,0x8
0x5f9360,_ZN11SCIDAccountC2Ev,0xe8
0x5f9448,_ZN9xMatrix44pLEPKf,0xe4
0x5f952c,_ZN14LogicAccessory22endAccessoryActivationEv,0x4
0x5f9530,_ZN10SCIDConfig8setArrayERK6StringP14LogicJSONArray,0x64
0x5f9594,_ZNSt6__ndk110__function6__funcIZN8TestCase23withFirstSpriteMatchingENS_8functionIFbP6SpriteEEENS3_IFvS5_EEEE4$_13NS_9allocatorISA_EEFS5_vEE7destroyEv,0x7c
0x5f9610,_ZNK6icu_5813BreakIterator11getLocaleIDE18ULocDataLocaleTypeR10UErrorCode,0x2c
0x5f963c,_ZN17PlayerRankingData15setAllianceNameEP6String,0x44
0x5f9680,_ZN20LogicCharacterServer25setItemSummoningVariablesEPK13LogicItemDataiiii,0x18
0x5f9698,_ZN8ItemIcon9setupClipEv,0x470
0x5f9b08,_ZN15BrawlPassButton13getRewardCodeEiii,0x20
0x5f9b28,_ZN8RankItem16isUseLargeLayoutEv,0x1c
0x5f9b44,_ZNK20LogicBattlePlayerMap8getStateEv,0x8
0x5f9b4c,_ZN11PlayerEntry5isBotEv,0x8
0x5f9b54,_ZN8Databind23NlohmannJsonInReflector12getArraySizeEv,0x80
0x5f9bd4,_ZN14TeamMemberItem13getSwapHiliteEv,0x10
0x5f9be4,_ZNK19SuggestBrawlerPopup15getHeroItemModeEv,0x8
0x5f9bec,_ZNK8HomeMode17canHandleMessagesEv,0x8
0x5f9bf4,_ZN15VanityItemEntry7getPropEi,0x40
0x5f9c34,_ZN5Scene7addMeshEP4MeshP4NodeP8Geometry,0x228
0x5f9e5c,_ZNK8Sprite3D7getAABBER7Vector3IfES2_,0x138
0x5f9f94,_ZN6icu_5812PossibleWord10candidatesEP5UTextPNS_17DictionaryMatcherEi,0xc4
0x5fa058,_ZN21LogicBattleModeServer26tickSpawnEventStuffDelayedEv,0x2f0
0x5fa348,_ZN29AllianceMailAvatarStreamEntry20setAllianceBadgeDataEPK22LogicAllianceBadgeData,0x8
0x5fa350,_ZN27KunlunBillingRequestMessage6decodeEv,0xf4
0x5fa444,_ZNK13LogicHomeMode22isBrawlPassHeroReachedEPK18LogicCharacterData,0x68
0x5fa4ac,_lv1_detect_frida_server__ZL26frida_library_guard_threadPv,0x418
0x5fa8c4,_ZN20RankedSeasonEndPopup17backButtonPressedEv,0x14
0x5fa8d8,_ZN14ScreenRecorderC2Ev,0x4
0x5fa8dc,_ZN8DebugHudD0Ev,0x24
0x5fa900,_ZN18DeliveryCardsPopup10rotateHeroEf,0x7c
0x5fa97c,_ZN30LineAccountAlreadyBoundMessage9setAvatarEP17LogicClientAvatar,0x8
0x5fa984,_ZN18DeliveryCardsPopup35prepareHeroLevelUpMaterialExecutionEv,0x238
0x5fabbc,_ZNK14LogicJSONArray14getJSONBooleanEi,0x74
0x5fac30,_ZN11UIComponent6handleEP5UICtxi,0x204
0x5fae34,_ZNSt6__ndk110__function6__funcIZN11AndroidMain23startedFromNotificationERK6StringE3$_8NS_9allocatorIS6_EEFvvEE18destroy_deallocateEv,0x28
0x5fae5c,_ZN12VertexBufferD2Ev,0x94
0x5faef0,_ZN15GameSCIDManager8isNewbieEPK13LogicHomeMode,0x48
0x5faf38,_ZN16NameChangeWindow19getCurrentSubScreenEv,0x1c
0x5faf54,_ZNSt6__ndk110__function6__funcIZN19EnvironmentRenderer6renderER9Matrix2x3R14ColorTransformifE3$_6NS_9allocatorIS7_EEFvvEEclEv,0x60
0x5fafb4,_ZN14LoginOkMessage12removeLineIdEv,0x10
0x5fafc4,_Z13heroEmoteSortPK14LogicEmoteDataS1_,0x144
0x5fb108,_ZN9EntryInfo17closeCustomPopupsEv,0x4
0x5fb10c,_ZNK18LogicChallengeData11getChatItemEv,0x10
0x5fb11c,_ZNKSt6__ndk110__function6__funcIZN19SupercellIdCallback19claimShopItemResultEP8_jobjectRK6StringS7_S7_E4$_22NS_9allocatorIS8_EEFvvEE7__cloneEPNS0_6__baseISB_EE,0x54
0x5fb170,_ZN24SetRegionResponseMessage6decodeEv,0x3c
0x5fb1ac,_ZN6icu_586LocaleaSERKS0_,0x100
0x5fb2ac,_ZN8CSVSaver8destructEv,0x34
0x5fb2e0,_ZN8HomeMode14touchCancelledEi,0x18
0x5fb2f8,_ZN6icu_587UVectorC2EPFvPvEPFa8UElementS4_ER10UErrorCode,0x68
0x5fb360,_ZN23AskPlayerJWTokenMessage18getServiceNodeTypeEv,0x8
0x5fb368,_ZN15GameSCIDManager17doAccountGhostingERK6String,0x10c
0x5fb474,_ZN6icu_5811StringPieceC2ERKS0_ii,0x48
0x5fb4bc,_ZN17LogicGameModeUtil28hasSpawnProtectionInTheStartEi,0x24
0x5fb4e0,_ZN11wendelstein18WendelsteinManager14createInstanceEv,0xd4
0x5fb5b4,_ZN9CombatHUD20setVirtualStickPropsEP13DisplayObjectS1_ffff,0xbc
0x5fb670,_ZN15DraggableButton12touchPressedERK5Touch,0x9c
0x5fb70c,_ZN25LogicOffersChangedCommandC2Ev,0x30
0x5fb73c,_ZN12GameSettings19enableFixedJoystickEb,0x84
0x5fb7c0,_ZN29GetAllianceInviteTokenMessage18getServiceNodeTypeEv,0x8
0x5fb7c8,_ZNSt6__ndk110__function6__funcIZN19EnvironmentRenderer6renderER9Matrix2x3R14ColorTransformifE3$_1NS_9allocatorIS7_EEFvvEED0Ev,0x4
0x5fb7cc,_ZNK18LogicClientGlobals19getReloadSpeedClassEi,0x38
0x5fb804,_ZN11LogicQuestsC2EP10ByteStream,0x19c
0x5fb9a0,_ZN9BitStream22readPositiveIntMax8191Ev,0x300
0x5fbca0,_ZN9TextField15createTextFieldEPK17TextFieldOriginal,0x1b4
0x5fbe54,_ZN17LogicGamePlayUtil35getPlayerCountWithGameModeVariationEi,0x54
0x5fbea8,_ZN7rg_etc117unpack_etc1_blockEPKvPjb,0xa7c
0x5fc924,_ZN14PiranhaMessage17setProxySessionIdEi,0x8
0x5fc92c,_ZN15LogicDataTables23getBillingPackageByNameERK6StringP9LogicData,0x20
0x5fc94c,_ZN33TencentAccountAlreadyBoundMessage12setPassTokenEP6String,0x8
0x5fc954,_ZN14ShadowRenderer16lineIntersectionEPNS_5PointES1_S1_S1_,0x48
0x5fc99c,_ZNK17LogicSkinConfData32getIncendiaryStarPowerAreaEffectEv,0x8
0x5fc9a4,_ZN10NativeFont17freeFallbackFontsEv,0x58
0x5fc9fc,_ZN10HomeScreen14isPromoAllowedEPK22PromoPopupNotificationPK17LogicClientAvatar,0x1c
0x5fca18,_ZN23IAPDeliveryNotification6encodeEP15ChecksumEncoder,0x34
0x5fca4c,_ZN13LogicSkinData12setIntroAnimERK6String,0x8
0x5fca54,_ZN31PurchaseOfferBundlePopupHandler20purchaseButtonTappedEv,0x4a4
0x5fcef8,_ZNSt6__ndk110__function6__funcIZN11wendelstein25makeEmitterParamsMigratorERKNS_6vectorINS_10shared_ptrINS2_17IEmitterComponentEEENS_9allocatorIS6_EEEEE3$_1NS7_ISC_EEFvRNS2_12old_versions15EmitterParamsV0ERNS2_7Emitter13EmitterParamsEEEclESG_SJ_,0x74c
0x5fd644,_ZN28LogicGameObjectManagerServer7preTickEP14LogicArrayListIP11LogicPlayerE,0x1bc
0x5fd800,_ZN5lzham12symbol_codec14start_decodingEPKhmbPFvmPvRS2_RmRbES3_,0x38
0x5fd838,_ZN28BindGamecenterAccountMessage15removeTimestampEv,0x14
0x5fd84c,_hb_font_funcs_create,0x74
0x5fd8c0,_ZN21LogicJSONOutReflector31reflectReflectableReferenceBaseER29LogicReflectableReferenceBasePKci,0xb4
0x5fd974,_ZNKSt6__ndk110__function6__funcIZN19SupercellIdCallback23respondToDonationResultEP8_jobjectRK6StringS7_E4$_24NS_9allocatorIS8_EEFvvEE7__cloneEv,0x54
0x5fd9c8,_ZNK10ScrollArea16getContentBoundsEv,0x8
0x5fd9d0,_ZNSt6__ndk110__function6__funcIZN11scTaskQueue3runIZN8TestCase14getStageHeightEvE3$_9EENS_13invoke_resultIT_JEE4typeES7_EUlvE_NS_9allocatorISA_EEFvvEEclEv,0xa4
0x5fda74,_ZN14VertexAttrType7getSizeENS_4EnumE,0x10
0x5fda84,_ZN12RenderSystem18removeLayerSpritesEv,0x48
0x5fdacc,_hb_set_next,0x7c
0x5fdb48,_ZN9MovieClip6renderER9Matrix2x3R14ColorTransformif,0x150
0x5fdc98,_ZN8Databind15JSONInReflector12reflectFloatEfRK6Stringf,0x64
0x5fdcfc,_ZN16HelpshiftManager24setPushNotificationTokenEPKvi,0x20
0x5fdd1c,_ZNK7CSVNode11getFileNameEv,0xc
0x5fdd28,_ZN17LogicSecurityUtil14randomizeNonceEiPci,0x74
0x5fdd9c,_ZNK17HighRateUdpSocket24isPassAllMessagesEncryptEv,0x8
0x5fdda4,_ZL8snprintfPcU17pass_object_size1mPKcz.15005,0x78
0x5fde1c,_ZN15ResourceManager14clearTmpFolderEv,0x30
0x5fde4c,_ZNK6icu_586Locale14getISO3CountryEv,0x8
0x5fde54,_ZN8HeroList11getIndexForEPK18LogicCharacterData,0x3c
0x5fde90,_ZN6icu_5816RBBITableBuilder6setAddEPNS_7UVectorES2_,0x28c
0x5fe11c,_ZN17SettingsSubScreenD0Ev,0x4
0x5fe120,_ZL12apply_stringI9GSUBProxyEvPN2OT18hb_apply_context_tERKNT_6LookupERK33hb_ot_layout_lookup_accelerator_t,0x414
0x5fe534,_ZN19AllianceListMessage18removeSearchStringEv,0x10
0x5fe544,_ZN11SCIDWebView6updateEf,0x18
0x5fe55c,_ZN16OnlineFriendItem9setPlayerEP12OnlinePlayer,0x3c
0x5fe598,_Z12thread_indexv,0x164
0x5fe6fc,_ZN11OnlinePopup23inviteBlockStateChangedEv,0x8
0x5fe704,_ZN22QuickChatMessageOptionD2Ev,0x18
0x5fe71c,_ZN13HTTPMessaging11nextMessageEv,0x70
0x5fe78c,_ZN5Stage14setOffsetTouchEff,0x8
0x5fe794,_ZNK8CSVTable18getColumnTypeCountEv,0x8
0x5fe79c,_ZNK18LogicAccessoryData22getAllowStunActivationEv,0x10
0x5fe7ac,_ZN38TencentAntiAddictionInstructionMessage18removeInstructionsEv,0x10
0x5fe7bc,_ZN6icu_5815RBBIRuleBuilderD2Ev,0x194
0x5fe950,_ZN17OnlineFriendsList13destructItemsEv,0x134
0x5fea84,_ZN9QuestDataC2EP10ByteStream,0x198
0x5fec1c,_ZN31PvpMatchmakeNotificationMessage13setLevelIndexEi,0x8
0x5fec24,_ZNK18LogicChallengeData18getBattleEndWinTIDEv,0x10
0x5fec34,_ZNK24LogicPlayerThumbnailData19getRequiredExpLevelEv,0x10
0x5fec44,_ZN17SettingsSubScreen11screenShownEv,0x80
0x5fecc4,_ZN11OnlinePopup12touchPressedERK5Touch,0x30
0x5fecf4,_ZL18defaultGetMaxValueRK11IntProperty9UProperty,0x30
0x5fed24,_ZN17LogicSkinConfData16setHappyLoopFaceERK6String,0x14
0x5fed38,_ZN27RankedSeasonEndNotification8destructEv,0x48
0x5fed80,_ZNK19LogicAreaEffectData15dontShowToEnemyEv,0x8
0x5fed88,_ZN18SeasonRewardsPopup12destroyItemsEv,0xf8
0x5fee80,_ZNK24BindYoozooAccountMessage14getMessageTypeEv,0x8
0x5fee88,_ZN13LoadingScreen13touchReleasedERK5Touch,0x8
0x5fee90,_ZN14LineConnection10initializeE6StringS0_,0x128
0x5fefb8,_ZNK12LoginMessage20isAdvertisingEnabledEv,0x8
0x5fefc0,_ZL20doLoadFromCommonDataaPKcS0_S0_S0_S0_S0_S0_PFaPvS0_S0_PK9UDataInfoES1_P10UErrorCodeS8_,0x39c
0x5ff35c,_ZN12TestReporter11addInfoStepE6StringS0_i,0x70
0x5ff3cc,_ZNKSt6__ndk110__function6__funcIZN29scMultithreadedLoadingManager18initResourceThreadEvE3$_2NS_9allocatorIS3_EEFvvEE6targetERKSt9type_info,0x1c
0x5ff3e8,_ZN6icu_5816RBBITableBuilder11calcLastPosEPNS_8RBBINodeE,0xdc
0x5ff4c4,_ZN22UnlockAccountOkMessage6encodeEv,0x38
0x5ff4fc,_ZN31AvatarStreamEntryRemovedMessage6encodeEv,0x28
0x5ff524,_utext_extract_58,0xc
0x5ff530,_ZNK29AllianceMailAvatarStreamEntry20getAllianceBadgeDataEv,0x8
0x5ff538,_ZN4Path8tempPathEv,0x10
0x5ff548,_ZN32RankedMatchPickHeroFailedMessage6decodeEv,0x58
0x5ff5a0,_ZNK5scKey14getNonceStringEv,0x6c
0x5ff60c,_ZNK18HomePageTeamMember23getClipFromParentByNameERK6String,0x5c
0x5ff668,_ZN15LogicPathFinder4signEi,0x10
0x5ff678,_ZN13LogicSkinData19getSkinFeatureIndexERK6String,0x114
0x5ff78c,_ZN21LogicJSONOutReflector10reflectIntEiPKci,0xa0
0x5ff82c,_ZN14BattleEndPopup16getXpRewardsContEv,0x70
0x5ff89c,_ZN6icu_589BytesTrie10branchNextEPKhii,0x2a4
0x5ffb40,_ZN29TeamStreamEntryRemovedMessage6decodeEv,0x3c
0x5ffb7c,_ZN10GameCenter16showAchievementsEv,0x4
0x5ffb80,_ZNK18LogicAccessoryData15getCustomValue1Ev,0x10
0x5ffb90,_ZThn368_N30LookForATeamMemberConfirmPopupD0Ev,0x88
0x5ffc18,_ZN8Databind4Util11getEnumNameEPK13DatabindField,0x234
0x5ffe4c,_ZL18initial_reorderingPK18hb_ot_shape_plan_tP9hb_font_tP11hb_buffer_t,0x634
0x600480,_ZN30AvatarNameCheckResponseMessageC2Ev,0x3c
0x6004bc,_ZNK10StringView6equalsERK6String,0x48
0x600504,_ZNSt6__ndk17__sort5IRZN17TencentLoginState5enterEvE3$_0P14TextLinkButtonEEjT0_S6_S6_S6_S6_T_,0xd4
0x6005d8,_ZNK11LineManager17getLineLoginStateEv,0x48
0x600620,_ZN15PromoEventPopup22isValidForNotificationEP22PromoPopupNotification,0x5c
0x60067c,_uhash_compareIChars_58,0x90
0x60070c,_ZNK20LogicCharacterClient14isShieldActiveEv,0x7c
0x600788,_ZN5lzham12lzcompressor15init_seed_bytesEv,0x8c
0x600814,_ZNK19BrawlTVWaitingPopup28allowClosingFromModalTappingEv,0x8
0x60081c,_ZN10HomeScreen16heroStateChangedEPK18LogicCharacterData,0x40
0x60085c,_ZN18LogicChallengeData12resetStaticsEPK8CSVTable,0x564
0x600dc0,_ZN20LogicCharacterServer10tickSkillsEv,0x68
0x600e28,_ZN24CancelMatchmakingMessage8destructEv,0x4
0x600e2c,_ZN18sc3dAttachedSpriteD2Ev,0x54
0x600e80,_ZN13ShopBgElement21afterWidthCalculationEv,0x58
0x600ed8,_lzham_compress2,0x4
0x600edc,_ZN15OfferBundleItemD0Ev,0x114
0x600ff0,_ZN36GamecenterAccountAlreadyBoundMessage6encodeEv,0x94
0x601084,_ZN9GameUtils24removeColorCodesFromTextERK6String,0x3b4
0x601438,_ZN8HudPrintC2Ev,0xec
0x601524,_ZN11GameWebViewD0Ev,0x24
0x601548,_ulocimp_toBcpKey_58,0x48
0x601590,_ZNK24LogicParticleEmitterData10getMaxLifeEv,0x10
0x6015a0,_ZN16ServerConnection32getServerTypeBasedOnLogicVersionEv,0x38
0x6015d8,_ZNK18LogicCharacterData22getRareSetUpgradeBonusEv,0x10
0x6015e8,_ZN26ChangePlayerMapNameMessage10setMapNameEP6String,0x44
0x60162c,_ZL12nuke_joinersPK18hb_ot_shape_plan_tP9hb_font_tP11hb_buffer_t,0xbc
0x6016e8,_ZNK7PageGUI16getPageIndexByIdEi,0x3c
0x601724,_ZN8HomeMode7keyDownEi,0x8
0x60172c,_ZN14LogicSoundData16createReferencesEv,0x40
0x60176c,_ZN22BindLineAccountMessage8destructEv,0x68
0x6017d4,_ZN6icu_587UObjectD2Ev,0x4
0x6017d8,_ZN26ListBrawlTvChannelsMessageC2Eb,0x40
0x601818,_ZN14BattleEndPopup31displayBattleEndHackDeatchmatchEii,0x6c
0x601884,_ZN10PlayerInfo22refreshPlayerThumbnailEv,0xc4
0x601948,_ZN12LogicVector28subtractEPKS_,0x14
0x60195c,_deflate,0x168c
0x602fe8,_ZThn96_N13BattleLogItem13buttonClickedEP12CustomButton,0x8
0x602ff0,_ZN23AskForFriendListMessage8destructEv,0x4
0x602ff4,_ZN11StringTable11replaceTextEP9MovieClip,0x50
0x603044,_ZN10TeamStream24removeLastSeenMessageIdsEv,0x10
0x603054,_ZL21ures_loc_closeLocalesP12UEnumeration,0x3c
0x603090,_ZNK20LogicBattlePlayerMap20getLocationThemeDataEv,0x18
0x6030a8,_ZN7Shape3dD2Ev,0x38
0x6030e0,_ZN14LogicDailyData16setSeasonalOfferEP10TimedOffer,0x40
0x603120,_ZNK14LogicDailyData14shopHasAdOfferEPK13LogicHomeMode,0x58
0x603178,_ZN22MatchmakeFailedMessage6encodeEv,0x28
0x6031a0,_ZN13TextureSystem15getTextureIndexERK6String,0x38
0x6031d8,_uenum_openFromStringEnumeration_58,0x9c
0x603274,_ZN15BrawlPassButton9isEnabledEv,0x34
0x6032a8,_ZNK11BasePageGUI12getMaxScrollEv,0x2c
0x6032d4,_ZN20CompletionRewardItemD0Ev,0x3c
0x603310,_hb_set_set_user_data,0x38
0x603348,_ZNKSt6__ndk110__function6__funcIZZN10HeroSprite9HeroEntry15updateAnimationEfENK3$_0clEvEUlvE_NS_9allocatorIS5_EEFvvEE11target_typeEv,0xc
0x603354,_ZNK19LogicAreaEffectData26hasParentAreaEffectForSkinEv,0x10
0x603364,_ZN9EmoteIcon6updateEf,0x4c
0x6033b0,_ZNK14LogicSkillData15getAttackEffectEv,0x8
0x6033b8,_ZN13LogicSkinData8destructEv,0x30
0x6033e8,_ZN6icu_586LocaleC2ERKS0_,0x20
0x603408,_ZN22CreatePlayerMapMessage8destructEv,0x48
0x603450,_ZNK6Friend5isNewEv,0x48
0x603498,_ZNK12LogicVector33dotEPKS_,0x20
0x6034b8,_ZNK26LogicRankedMatchRoundState33findMatchingMidSeasonRewardBeforeEPK21LogicPlayerRewardData,0x94
0x60354c,_ZN11LineManager21addFakeOfflineFriendsEv,0x4
0x603550,_ZN18WaitingPopupRanked6updateEf,0x324
0x603874,_ZNSt6__ndk110__function6__funcIZN19SupercellIdCallback12setShopItemsEP8_jobjectP13_jobjectArrayS6_S6_E4$_21NS_9allocatorIS7_EEFvvEE7destroyEv,0x4
0x603878,_ZN9Messaging9sendHelloEP18ClientHelloMessage,0x18
0x603890,_ZN20LogicItemSeenCommand10canExecuteEPK13LogicHomeModePK13LogicCardData,0x40
0x6038d0,_ZN11AndroidMain16createGameConfigEv,0xac
0x60397c,_ubidi_getLevelAt_58,0x98
0x603a14,_ZN9ShopPopup17backButtonPressedEv,0xc
0x603a20,_ZN26ChampionshipChallengePopup12getExtraTypeEv,0x20
0x603a40,_ZN30AvatarNameCheckResponseMessage8destructEv,0x44
0x603a84,_ZNK19LogicProjectileData26getRedGroundGlowExportNameEv,0x10
0x603a94,_ZN6icu_5815RBBIRuleScannerD2Ev,0xec
0x603b80,_ZN12GemOfferItem20setupSkinIconProfileEv,0x198
0x603d18,_ZN30StartLatencyTestRequestMessage8destructEv,0x40
0x603d58,_ZNK22LogicAllianceBadgeData11getCategoryEv,0x10
0x603d68,_ZN10SCTuneImpl15calculateIdHashERK6String,0x60
0x603dc8,_ubidi_getMirror_58,0x100
0x603ec8,_ZN30AdUpdateConversionValueMessageC2Ev,0x34
0x603efc,_uhash_iputi_58,0x24
0x603f20,_ZN13TextureSpriteD2Ev,0x24
0x603f44,_ZNK18LogicClientGlobals17getGlobalDataSafeERK6String,0xbc
0x604000,_ZN12InputTouches13getTouchCountEv,0xc
0x60400c,_ZNSt6__ndk127__insertion_sort_incompleteIRZN26sc3dWorldCombiningRenderer6renderER11RenderQueuePKNS2_5ChunkEiP8MaterialNS2_12OverrideModeENS2_14DepthWriteModeEE3$_0PN11wendelstein21MovieClipRendererData11BucketRangeEEEbT0_SH_T_,0x394
0x6043a0,_ZN12GenericPopup18hideGenericButtonsEv,0xdc
0x60447c,_ZN13NotifyLevelUp6updateEf,0x28
0x6044a4,_ZN12TitanWebView8loadHTMLEPKc,0x44
0x6044e8,_ZNK6CSVRow8getTableEv,0x8
0x6044f0,_ZNSt6__ndk110__function6__funcIZN8TestCase6dragToER5TouchfE4$_16NS_9allocatorIS5_EEFvvEE7destroyEv,0x4
0x6044f4,_Z8symfrandv,0x3c
0x604530,_ZN29SetBlockFriendRequestsMessage6decodeEv,0x30
0x604560,_ZN31PublishPlayerMapResponseMessage18getServiceNodeTypeEv,0x8
0x604568,_ZNK15scFSFingerprint11getFileHashEPKc,0x16c
0x6046d4,_ZN23SendAllianceMailMessageC2Ev,0x38
0x60470c,_ZN23AskPlayerJWTokenMessage8destructEv,0x4
0x604710,_ZN8DataIcon28replaceTimelineChildWithIconEP9MovieClipRK6String,0xe8
0x6047f8,_ZN6Assert6reportEPKcS1_S1_i,0x9c
0x604894,_ZN14TencentManager18friendListReceivedEP14LogicArrayListIP11FriendEntryE,0x360
0x604bf4,_ZN21LogicBattleModeServer18tickEventModifiersEv,0x4
0x604bf8,_ZN9EntryInfo18updateChronosTimerEP9MovieClipi,0xd4
0x604ccc,_ZN21LogicBattleModeClient14setPlayerCountEi,0x18c
0x604e58,_ZN15SelectHeroPopupC2EiP9EventDataiibii,0x3f0
0x605248,_ZN29SkinPreviewClearPreviewButton13buttonPressedEv,0x4
0x60524c,_ZNKSt6__ndk110__function6__funcIZN11scTaskQueue3runIZN8TestCase11pressButtonEP12CustomButtonE3$_0EENS_13invoke_resultIT_JEE4typeES9_EUlvE_NS_9allocatorISC_EEFvvEE7__cloneEv,0x38
0x605284,_ZN33LogicViewInboxNotificationCommand8destructEv,0x24
0x6052a8,_ZNKSt6__ndk110__function6__funcIZN11AndroidMain15recreateSurfaceEvE3$_4NS_9allocatorIS3_EEFvvEE11target_typeEv,0xc
0x6052b4,_ZNK9PopupBase13getNaviHeightEv,0x8
0x6052bc,_ZNKSt6__ndk110__function6__funcIZN19EnvironmentRenderer6renderER9Matrix2x3R14ColorTransformifE3$_4NS_9allocatorIS7_EEFvvEE6targetERKSt9type_info,0x1c
0x6052d8,_ZN3SBMC2Ev,0xc
0x6052e4,_ZL16ures_compareRowsPKvS0_S0_,0x18
0x6052fc,_ZN8CSVTable13setParentNodeEP7CSVNode,0x8
0x605304,_ZN11StringTable17getPercentageTextEi,0xa8
0x6053ac,_ZNK12SupercellSWF10getTextureEi,0x10
0x6053bc,_ZN18AllianceMemberItem14updatePositionEi,0xbc
0x605478,_ZN16BaseNotification6decodeEP10ByteStream,0x7c
0x6054f4,_ZNK17HighRateUdpSocket17isValidConnectionEv,0x2c
0x605520,_ZNK18HighRateUdpMessage6encodeEP10ByteStream,0xa0
0x6055c0,_hb_ot_layout_get_attach_points,0x2bc
0x60587c,_ZNK9LogicData10getValueAtEii,0xb8
0x605934,_ZN13TextureSystem9setLocaleERK6String,0x8
0x60593c,_ZN15ResourceManager8getImageEPKc,0x40
0x60597c,_ZN16SelectableButton13buttonPressedEv,0x38
0x6059b4,_ZN12_GLOBAL__N_112addSprite3DsERNSt6__ndk16vectorIP8Sprite3DNS0_9allocatorIS3_EEEERK6String,0x1f0
0x605ba4,_ZN10ScrollArea11setMinScaleEf,0x8
0x605bac,_ZN17ChatOptionsSlider26refreshOptionItemsCategoryEv,0x48
0x605bf4,_ZN23HomeBattleReplayMessageC2Ev,0x3c
0x605c30,_ZN14BattleEndPopup20setTotalCoinsElementEP9MovieClipii,0x104
0x605d34,_ZN12_GLOBAL__N_15array11typeReflectI7Vector3IfEEEvRN8Databind9ReflectorERT_P16ResourceListener,0x10c
0x605e40,_ZN20CreatePlayerMapPopup13buttonClickedEP12CustomButton,0xec
0x605f2c,_ZNK6String7indexOfEii,0x110
0x60603c,_ZN16RotateHeroButton13setHeroSpriteEP13SceneRenderer,0x10
0x60604c,_ZNK9sc3dWorld15getTileToScreenEfffR7Vector2IfE,0xc
0x606058,_ZNSt6__ndk110__function6__funcIZN19SupercellIdCallback31setPendingRegistrationWithPhoneEP8_jobjectRK6StringE4$_10NS_9allocatorIS8_EEFvvEEclEv,0x10
0x606068,_Z19android_log_warningPKc,0x1c
0x606084,_ZN8NewsPage22refreshMaintenanceInfoEP19MaintenanceModeInfo,0xa0
0x606124,_ZNK24LogicBillingPackagesData16existsOnPlatformEv,0x38
0x60615c,_ZN25TeamTogglePractiseMessage6encodeEv,0x4
0x606160,_ZN6icu_5814CjkBreakEngineC2EPNS_17DictionaryMatcherENS_12LanguageTypeER10UErrorCode,0x22c
0x60638c,_ZNKSt6__ndk110__function6__funcIZN11scTaskQueue3runIZN24DataLoaderLayeredTexture4loadEPKcRKNS_5arrayIiLm4EEEE3$_1EENS_13invoke_resultIT_JEE4typeESD_EUlvE_NS_9allocatorISG_EEFvvEE6targetERKSt9type_info,0x1c
0x6063a8,_ZNK8CSVTable12getRowByNameERK6String,0x64
0x60640c,_ZN17LogicSkinConfData21setBossAutoAttackAnimERK6String,0x14
0x606420,_ZN20AllianceTeamsMessageC2Ev,0x38
0x606458,_ZN33TencentAccountAlreadyBoundMessage6encodeEv,0x7c
0x6064d4,_ZN9EntryInfo15isSkinDisplayedEPK13LogicSkinData,0x50
0x606524,_ZNK19LogicResourceBundle11getAmountAtEi,0xc
0x606530,_ZN9CombatHUD22stopHowToHoldPhoneAnimEv,0x7c
0x6065ac,_ZNK9MovieClip14getChildByNameEPKc,0x94
0x606640,_ZN13YoozooManager6onInitEbi6String,0x1c
0x60665c,_ZN5Stage29increaseLocalToGlobalCapacityEi,0xe8
0x606744,_ZNK21HighRateUdpSendBuffer19getNotAckedMessagesEv,0x8
0x60674c,_ZN20CreateAccountMessageC2Ev,0x40
0x60678c,_hb_ot_shaper_shape_plan_data_destroy,0xb8
0x606844,_ZN9RankPopup11getNextItemEb,0x10
0x606854,_ZNK18LogicGatchaCommand14getCommandTypeEv,0x8
0x60685c,_ZN8TestCase23touchDownCoordinateOfDoEP13DisplayObject,0x4
0x606860,_ZNK5Stage14getBucketIndexEPK15StageDrawBucket,0x1c
0x60687c,_Z10convexHullP7Vector2IfEi,0x19c
0x606a18,_Java_com_supercell_titan_SupercellId_getAccounts,0x8
0x606a20,_ZL25hb_ft_get_variation_glyphP9hb_font_tPvjjPjS1_,0x38
0x606a58,_ZN15MovieClipHelper25setTextVerticallyCenteredEP9TextFieldRK6String,0x50
0x606aa8,_ZN10GameObject20playEffectDontMirrorEPK15LogicEffectData,0x140
0x606be8,_ZN17TeamCreateMessage8destructEv,0x40
0x606c28,_ZN27LogicSelectCharacterCommand8destructEv,0x24
0x606c4c,_ZN13DisplayObject7setSizeEff,0xcc
0x606d18,_ZN17LogicGameModeUtil15isGoalBasedModeEi,0x28
0x606d40,_ZN7WarNode6updateEf,0xf0
0x606e30,_ZN9MovieClip6resumeEv,0x18
0x606e48,_hb_font_make_immutable,0x3c
0x606e84,_ZNK6Shader17setUniformVector3Eifff,0x14
0x606e98,_ZN12ResourceList16createFromAvatarEPK17LogicClientAvatar,0x8c
0x606f24,_ZN9BitStream11readIntMax7Ev,0xf8
0x60701c,_ZN23NameChangeQuestionPopupD0Ev,0x3c
0x607058,_SeqInStream_Read,0x6c
0x6070c4,_hb_face_get_empty,0xc
0x6070d0,_ZN20TeamJoinRequestPopup6updateEf,0xd4
0x6071a4,_ZN7Utility4atoiEPKc,0x80
0x607224,_ZN6icu_5822RuleBasedBreakIterator4lastEv,0x70
0x607294,_u_strcspn_58,0x1c
0x6072b0,_ZN9InputToolC2Ev,0x10
0x6072c0,_ZN18FacebookConnection14requestFriendsEv,0x4
0x6072c4,_ZN11Application10copyStringERK6String,0x4
0x6072c8,_ZN20EventSuggestionPopup18setSelectedDuoItemEP12LocationItem,0x68
0x607330,_ZN11LogicPlayer25increaseDamageDoneForTickEi,0x10
0x607340,_ZN11wendelstein27WendelsteinMovieClipEmitter6renderERNS_21MovieClipRendererDataEib,0x1c
0x60735c,_ZN9Matrix2x313rotateRadiansEfff,0x54
0x6073b0,_ZNK17LogicRewardConfig4copyEv,0x80
0x607430,_ZThn16_N14AllianceStream13buttonClickedEP12CustomButton,0x8
0x607438,_ZN32RankedMatchPickHeroFailedMessageC2EiPK18LogicCharacterDatabS2_,0x60
0x607498,_ZN10LoginState28tryGetLanguagePatchTextByTIDERK6StringS2_PS0_,0xfc
0x607594,_ZThn96_N15SelectHeroPopup13buttonClickedEP12CustomButton,0x90
0x607624,_ZNK12CustomButton21getStateEndFrameLabelEi,0x5c
0x607680,_ZN14RankedHeroItem17saveStartPositionEi,0x58
0x6076d8,_ZNK13LogicItemData11getSCWEnemyEv,0x10
0x6076e8,_ZN14FriendsManager28startSCIDProfileImageLoadingEP9LogicLong,0xb8
0x6077a0,_ZN17TeamCreateMessage18getServiceNodeTypeEv,0x8
0x6077a8,_ZN19AvatarStreamMessage8destructEv,0xa8
0x607850,_ZN17MyAllianceMessageC2Ev,0x3c
0x60788c,_ZN8Databind15JSONInReflector17reflectExitObjectEv,0x4
0x607890,_ZNKSt6__ndk110__function6__funcIZN11AndroidMain17backButtonPressedEvE3$_6NS_9allocatorIS3_EEFvvEE7__cloneEv,0x38
0x6078c8,_ZN18SeasonRewardsPopupD2Ev,0x5c
0x607924,_ZN10TeamStream15destroyInstanceEv,0x48
0x60796c,_ZNK30TriggerStartLatencyTestMessage14getMessageTypeEv,0x8
0x607974,_ZNK12LogicVector28hashCodeEv,0x14
0x607988,_ZN17FriendRequestItem6updateEf,0x4
0x60798c,_ZNK21LogicGameObjectClient8getTileYEv,0x20
0x6079ac,_ZN9LogicUuidC2Ev,0x14
0x6079c0,_ZN10SCTuneImpl6addIntERK6StringPiPKcP20SCTuneChangeListenerib,0x70
0x607a30,_ZN14HelpshiftTitan24setPushNotificationTokenEPKvi,0xb4
0x607ae4,_ZN6icu_5813BreakIteratorD2Ev,0x4
0x607ae8,_ZL13enumSameValuePKvj,0x8
0x607af0,_ZN4ShopD2Ev,0x1b8
0x607ca8,_ZN5titan7android2os5Build13VERSION_CODESC2EP8_jobject,0xbc
0x607d64,_ZNK23LogicCharacterClientOwn12getPosAtTickEiR12LogicVector2S1_b,0x1b8
0x607f1c,_ZN31KakaoAccountAlreadyBoundMessage13removeKakaoIdEv,0x10
0x607f2c,_ZNK12LocationItem12getPlayerMapEv,0xc
0x607f38,_ZN23SCIDAccountBoundMessage6encodeEv,0x38
0x607f70,_ZN5titan7android5media11MediaPlayer10setDisplayERKNS0_4view13SurfaceHolderE,0x124
0x608094,_Java_com_supercell_titan_GameApp_setPushNotificationValues,0xd8
0x60816c,_ZNKSt6__ndk110__function6__funcIZ68Java_com_supercell_titan_PurchaseManager_updateBillingProductDetailsP7_JNIEnvP7_jclassP8_jstringS7_iE3$_1NS_9allocatorIS8_EEFvvEE6targetERKSt9type_info,0x1c
0x608188,_ZN15LogicStringUtil9rawCharAtERK6Stringi,0x18
0x6081a0,_ZN15LogicJSONParser11parseStringERK6StringPi,0x3c
0x6081dc,_ZNKSt6__ndk110__function6__funcIZ68Java_com_supercell_titan_PurchaseManager_updateBillingProductDetailsP7_JNIEnvP7_jclassP8_jstringS7_iE3$_1NS_9allocatorIS8_EEFvvEE11target_typeEv,0xc
0x6081e8,_ZNK8GameMain21isNativeDialogVisibleEv,0x10
0x6081f8,_ZN11GameWebView20webviewDidFinishLoadERK6String,0x160
0x608358,_ZN9RankPopup7setDataEP14PiranhaMessage,0x8
0x608360,_ZNK38TencentBillingProcessedByServerMessage14getMessageTypeEv,0x8
0x608368,_ZN19ProLeagueSeasonDataC2EP10ByteStream,0x4c
0x6083b4,_ZN25SetAllianceCountryMessage8destructEv,0x24
0x6083d8,_ZNK13LogicGemOffer7getSkinEv,0x64
0x60843c,_ZN15LogicDataTables14getSoundByNameERK6StringPK9LogicData,0x20
0x60845c,_tr_flush_block,0x8cc
0x608d28,_ZN15LogicJSONParser8peekCharERK6StringPi,0x28
0x608d50,_Java_com_supercell_titan_SupercellId_forgetAccount,0x70
0x608dc0,_ZN6String12getCodepointEPKcPi,0x74
0x608e34,_ZThn96_N12FriendsPopup13buttonClickedEP12CustomButton,0xa0
0x608ed4,_ZNK10GameObject15getRenderSystemEv,0x8
0x608edc,_ZN17TeamPostAdMessage6encodeEv,0x28
0x608f04,_ZN6Friend13setFacebookIdERK6String,0x8
0x608f0c,_ZNSt6__ndk110__function6__funcIZ68Java_com_supercell_titan_PurchaseManager_updateBillingProductDetailsP7_JNIEnvP7_jclassP8_jstringS7_iE3$_1NS_9allocatorIS8_EEFvvEE7destroyEv,0x8
0x608f14,_ZN10ByteStream20writeStringReferenceERK6String,0x11c
0x609030,_ZNK17LogicClientAvatar12getDataIndexEPK14LogicArrayListIP13LogicDataSlotEPK9LogicData,0x64
0x609094,_ZN24LogicExpressionEvaluator10parseCmpEqEv,0x378
0x60940c,_ubrk_getLocaleByType_58,0x2c
0x609438,_ZN33TencentAccountAlreadyBoundMessage12setTencentIdEP6String,0x8
0x609440,_ZN16RotateHeroButton11resetRotateEv,0xc
0x60944c,_ZNK12KakaoManager18isFriendListLoadedEv,0x8
0x609454,_ZN11wendelstein18WendelsteinManager12onChildAddedERN8Databind18DatabindObjectNodeE,0x4
0x609458,_ZN19SupercellIdCallback10setProfileEP8_jobjectRK6StringS4_i,0x268
0x6096c0,_ZNK17ReplayStreamEntry9hasReplayEv,0x20
0x6096e0,_ZN9QuestData8destructEv,0x28
0x609708,_ZNKSt6__ndk110__function6__funcIZN19SupercellIdCallback31setPendingRegistrationWithEmailEP8_jobjectRK6StringbE3$_9NS_9allocatorIS8_EEFvvEE6targetERKSt9type_info,0x1c
0x609724,_ZN14TweenClipInOut13goToRiseStateEv,0x68
0x60978c,_ZN16ThrophyBonusData6decodeEP10ByteStream,0x84
0x609810,_ZN25HeroLvlUpMaterialPackItemD2Ev,0x80
0x609890,_ZN18AttackRadiusSprite11setDisabledEb,0xc
0x60989c,_ZN30SCIDAccountAlreadyBoundMessage23removeLogicClientAvatarEv,0x10
0x6098ac,_ZN9HeroPopup16heroStateChangedEPK18LogicCharacterData,0x10
0x6098bc,_lzham_z_deflateReset,0x4
0x6098c0,_ZN5Track29addDeviceIdentificationParamsEv,0x4
0x6098c4,_ZN18ClientInputMessageC2Ev,0x4c
0x609910,_ZNK12LogicTileMap25getVisibilityRadiusLogicYEiib,0xcc
0x6099dc,_ZN11TeamManager13hasTeamMemberEPK9LogicLong,0x24
0x609a00,_hb_set_intersect,0x94
0x609a94,_ZN12LogicELOMath19calculateNewKFactorEi,0xc
0x609aa0,_ZN12KakaoManager18getFriendByKakaoIdERK6String,0x68
0x609b08,_ZN10scPackFileC2ERKNSt6__ndk110shared_ptrI11scIKeyStoreEE,0xac
0x609bb4,_ZN4Item6updateEf,0x14ec
0x60b0a0,_ZN6icu_5810UnicodeSet11applyFilterEPFaiPvES1_iR10UErrorCode,0x1ac
0x60b24c,_ZN7Popover9setOffsetEf,0x8
0x60b254,_ZN12InputTouches13clearConsumedEv,0xa4
0x60b2f8,_ZN16GameStateManager10touchMovedERK5Touch,0x18
0x60b310,_ZN14MessageManager40resetKeepAliveServerMessageReceivedTimerEv,0x30
0x60b340,_ZNK24LogicPlayerThumbnailData23getRequiredSeasonPointsEv,0x10
0x60b350,_ZN21LogicGameObjectServer11setPositionEiii,0xc
0x60b35c,_ZN10DataGained3PrtD2Ev,0x48
0x60b3a4,_ZN14ChatStreamItem12refreshEntryEP11StreamEntry,0x2f8
0x60b69c,_uprv_copyAscii_58,0xf0
0x60b78c,_ZN17ReportUserMessage19setReportedAvatarIdEP9LogicLong,0x8
0x60b794,_ZNK18LogicCharacterData19getHealthBarOffsetYEv,0x8
0x60b79c,_ZN18ServerHelloMessage8destructEv,0x34
0x60b7d0,_ZNK13LogicSkinData14getCostInCoinsEv,0x10
0x60b7e0,_ZN10MapPreviewD2Ev,0x108
0x60b8e8,_ZN15AllianceManager12containsTeamEP14LogicArrayListIP17AllianceTeamEntryES2_,0x6c
0x60b954,_ZN7GLImage4bindEv,0x24
0x60b978,_ZN15LogicDataTables12getHeroCountEPK13LogicHomeModePK17LogicClientAvatarib,0x160
0x60bad8,_ZN15sc3dWorldObjectD0Ev,0x24
0x60bafc,_ZN6icu_586BMPSetC2EPKii,0x1ac
0x60bca8,_ZN13FriendsScreen14refreshFriendsEv,0x1a8
0x60be50,_ZNK6Shader18getUniformLocationEPKc,0x8
0x60be58,_ZN26LogicKeyPoolChangedCommandC2Eii,0x40
0x60be98,_ZN21TeamReportChatMessageC2Ei,0x30
0x60bec8,_ZNSt6__ndk110__function6__funcIZN8TestCase11pressButtonEP12CustomButtonE3$_0NS_9allocatorIS5_EEFvvEE18destroy_deallocateEv,0x4
0x60becc,_ZN13LogicFaceData12resetStaticsEPK8CSVTable,0xdc
0x60bfa8,_ZN11Application15checkAppLicenseEv,0x94
0x60c03c,_ZN16BattleLogManager16destructInstanceEv,0x38
0x60c074,_ZN18AskApiTokenMessage8destructEv,0x4
0x60c078,_ZN16ResourceDataJSOND2Ev,0x54
0x60c0cc,_ZN19AvatarStreamManager17constructInstanceEv,0x30
0x60c0fc,_deflateGetDictionary,0xdc
0x60c1d8,_ZN16BattleEndMessage22createDummyTvstPlayersEii,0x380
0x60c558,_ZN11LogicRandom6decodeEP10ByteStream,0x30
0x60c588,_ZN5Stage8clipRectEffffb,0x90
0x60c618,_ZN23GetPlayerProfileMessageC2Ev,0x38
0x60c650,_ZN19VisionUpdateMessage6decodeEv,0xfc
0x60c74c,_ZN11DragHandler17setLimitToBordersEb,0x18
0x60c764,_ZN27TeamJoinOrCreateRoomMessage6encodeEv,0x50
0x60c7b4,_ZN10ScrollArea17resetPanningSpeedEv,0x8
0x60c7bc,_uloc_getISOLanguages_58,0xc
0x60c7c8,_ZN11wendelstein18WendelsteinManager20ensureResourceLoadedERK6String,0x68
0x60c830,_ZNK12LoginMessage12getAndroidIDEv,0x8
0x60c838,_ZN10scPackFile16verifyHashSHA256EPKvS1_m,0x260
0x60ca98,_ZNSt6__ndk110__function6__funcIZN32NativeFacebookConnectionCallback6loggedERK6StringS5_E3$_1NS_9allocatorIS6_EEFvvEED2Ev,0x4c
0x60cae4,_ZN18CharacterAnimation15syncToLogicDataEv,0xcc
0x60cbb0,_ZN22ConfirmChangeClanPopupD0Ev,0x24
0x60cbd4,_ZN27YoozooOrderAvailableMessage6encodeEv,0x64
0x60cc38,_ZL39_hb_ot_layout_collect_lookups_languagesP9hb_face_tjjPKjS2_P8hb_set_t,0xf4
0x60cd2c,_ZNK12LogicTileMap18isLineOfSightClearEiiiibbb,0x14
0x60cd40,_ZNK13LogicCardData11getMetaTypeEv,0x8
0x60cd48,_ZN27ChatAccountBanStatusMessage8destructEv,0x24
0x60cd6c,_ZN27BillingRequestFailedMessage6encodeEv,0x44
0x60cdb0,_ZN19SupercellIdCallback19setTutorialCompleteEP8_jobject,0x1d8
0x60cf88,_ZN10DataGained3PrtD0Ev,0x50
0x60cfd8,_ZN16BufferedReadFile15setReadPositionEm,0x10
0x60cfe8,_lzham_z_deflateEnd,0x4
0x60cfec,_ZN14BattleEndPopup13getGoalRewardEi,0x8
0x60cff4,_ZN8HomeMode13touchReleasedERK5Touch,0x18
0x60d00c,_ZNK27LogicSelectGroupSkinCommand6encodeEP15ChecksumEncoder,0x2c
0x60d038,_ZN9InboxItem21setButtonStateForInfoEv,0x74
0x60d0ac,_ZN11RenderQueue16flushTransparentEv,0x70
0x60d11c,_ZN31SinglePlayerMatchRequestMessageC2Ev,0x38
0x60d154,_ZN13PlayerProfile14setDisplayDataEP17PlayerDisplayData,0x54
0x60d1a8,_ZNK14LogicDataTable25isUsedInCombinedDataTableEv,0x8
0x60d1b0,_ZN6Screen26getProjectionRotationAngleEv,0x8
0x60d1b8,_ZNK15FacebookManager23isFacebookBoundWithGameEv,0x10
0x60d1c8,_ZN21MagicSelectableButton23setDisabledWithHUDPrintEbRK6String,0x3c
0x60d204,_ZNKSt6__ndk110__function6__funcIZN11AndroidMain10_gameStartEvE4$_14NS_9allocatorIS3_EEFvvEE7__cloneEPNS0_6__baseIS6_EE,0x18
0x60d21c,_ZNK17LogicSkinConfData12getLobbyAnimEv,0x10
0x60d22c,_hb_ot_shape,0xe74
0x60e0a0,_ZNK6CSVRow10getValueAtEii,0x10
0x60e0b0,_ZNK19LogicProjectileData15isHomingMissileEv,0x8
0x60e0b8,_ZNK30DeletePlayerMapResponseMessage8getMapIdEv,0x8
0x60e0c0,_ZN6icu_5810UnicodeSet10createFromERKNS_13UnicodeStringE,0x44
0x60e104,_ZN22MapEditorModifierPopup16refreshTeamEntryEP9TeamEntry,0x408
0x60e50c,_ZN20LogicCharacterServer6moveToEiibibb,0x65c
0x60eb68,_ZNK8Sprite3D22getViewportAspectRatioEv,0x28
0x60eb90,_ZNK28LogicSeasonalSkinSectionData19checkDataFromOffersEv,0x10
0x60eba0,_ZN15MovieClipHelper30setTextFieldVerticallyCenteredEP9MovieClipPKc,0x40
0x60ebe0,_ZNK15LogicLocaleData16isBoomboxEnabledEv,0x10
0x60ebf0,_ZNK18LogicCharacterData10getBlueAddEv,0x10
0x60ec00,_ZN8Material20checkResourceLoadingERK6String,0xa4
0x60eca4,_ZNKSt6__ndk110__function6__funcIZ39Java_com_supercell_titan_Kakao_loggedInE3$_0NS_9allocatorIS2_EEFvvEE11target_typeEv,0xc
0x60ecb0,_ZN7PageGUI12touchPressedERK5Touch,0x18
0x60ecc8,_ZN8HomePage11getMoneyHUDEv,0x2c
0x60ecf4,_hb_font_glyph_to_string,0x74
0x60ed68,_ZN34ChangePlayerMapNameResponseMessage12setErrorCodeEi,0x8
0x60ed70,_ZN13YoozooManager13playerCreatedEPK17LogicClientAvatar,0xdc
0x60ee4c,_ZN4MeshD2Ev,0xc0
0x60ef0c,_ZN31BillingCancelledByClientMessageC2Ev,0x34
0x60ef40,_ZN13SceneRendererD2Ev,0x2c8
0x60f208,_ZN14LogicDailyData11addIntValueEii,0x154
0x60f35c,_ZN19EnvironmentRendererD2Ev,0x778
0x60fad4,_ZN14BattleEndPopup24getRankedRankUpExecutionEv,0x70
0x60fb44,_ZN8Settings15getUltiPositionEv,0xc
0x60fb50,_ZN15AllianceManager14isMyAllianceIDEP9LogicLong,0x48
0x60fb98,_ZN19SupercellIdCallback15avatarImageDataEP8_jobjectP11_jbyteArrayiiiRK6String,0x288
0x60fe20,_ZNK18LogicAccessoryData14getChargeCountEv,0x10
0x60fe30,_ZN24LogicAttackSpecialParams8destructEv,0x20
0x60fe50,_ZN6icu_5821RuleCharacterIterator4nextEiRaR10UErrorCode,0x3c8
0x610218,_u_strFoldCase_58,0xb0
0x6102c8,_ZNK6scFile3eofEv,0x50
0x610318,_ZN11VanityItems22getCurrentSlotForEmoteEPK14LogicEmoteData,0x144
0x61045c,_ZNK19LogicProjectileData8getScaleEv,0x10
0x61046c,_ZN5lzham12lzcompressor5state5clearEv,0x6c
0x6104d8,_ZN15DownloadManager15saveFingerprintERK6String,0x2bc
0x610794,_ZN6icu_5816ReorderingBuffer12removeSuffixEi,0x58
0x6107ec,_ZNK18LogicChallengeData12getLogoAssetERK6String,0x74
0x610868,_ZN12NSCIDManager14showErrorPopupERK6String,0x8
0x610870,_ZNK14PiranhaMessage15getMessageBytesEv,0x8
0x610878,_ZN14TencentManager12tryAutoLoginEv,0xd4
0x61094c,_ZNK17LogicResourceData16getCollectEffectEv,0x10
0x61095c,_ustr_hashICharsN_58,0x84
0x6109e0,_ZNSt6__ndk110__function6__funcIZN19EnvironmentRenderer6renderER9Matrix2x3R14ColorTransformifE3$_9NS_9allocatorIS7_EEFvvEE7destroyEv,0x4
0x6109e4,_ZNK23BattleReportStreamEntry16getReplayShardIdEv,0x8
0x6109ec,_ZN17LogicGameCalendar14copyValuesFromEPKS_,0x1c
0x610a08,_ZN9LogicTile7setDataEPK13LogicTileData,0xf4
0x610afc,_ZN12jpeg_decoder17locate_soi_markerEv,0x360
0x610e5c,_ZN27ChallengeRewardNotificationC2EP12LogicRewardsiiP6String,0x60
0x610ebc,_ZN24RankedLeaderboardsScreen16fetchLeaderboardEb,0x90
0x610f4c,_ZNSt6__ndk110__function6__funcIZN5titan3com6google7android4play4core5tasks18OnCompleteListener6invokeEP10_jmethodIDP13_jobjectArrayE3$_0NS_9allocatorISE_EEFvRN8safe_jni5ProxyENS8_4TaskEEED0Ev,0x4
0x610f50,_ZNK12RenderSystem20getRightTilesVisibleEv,0x58
0x610fa8,_ZN14BillingManager13enableBillingEv,0x64
0x61100c,_ZN8TestCase14getTouchOverDoEP13DisplayObjectf,0x110
0x61111c,_Java_com_supercell_titan_SupercellId_purchasesReceivedNotification,0xc
0x611128,_T_CString_toLowerCase_58,0x2c
0x611154,_ZNK14LogicJSONArray13writeToStringEP13StringBuilder,0xa4
0x6111f8,_ZN8HomePage24getButtonByNameAndParentERK6StringP13DisplayObject,0xac
0x6112a4,_ZN6icu_5823UnicodeStringAppendableD2Ev,0x4
0x6112a8,_ZN20PlayerProfileMessage8destructEv,0x7c
0x611324,_ZN15sc3dWorldSprite15collisionRenderER9Matrix2x3,0x21c
0x611540,_ZL25hb_ft_get_glyph_h_advanceP9hb_font_tPvjS1_,0x60
0x6115a0,_ZN14SettingsScreenC2Ev,0x1048
0x6125e8,_ZNK12RankingEntry5getIdEv,0x8
0x6125f0,_ZNK17OnlineFriendsList14onFriendTappedEP16OnlineFriendItem,0x8c
0x61267c,_ZNK18LogicClientGlobals12getBoolValueERK6String,0x18
0x612694,_ZN10InputField8activateEb,0x30
0x6126c4,_ZN12EventTracker7levelUpEi,0xc8
0x61278c,_ZN6icu_5813UnicodeString8allocateEi,0xa0
0x61282c,_ZN6icu_5817StringEnumeration5unextEPiR10UErrorCode,0x8c
0x6128b8,_ZNK6icu_5823StringCharacterIterator5cloneEv,0x84
0x61293c,_uhash_put_58,0xc
0x612948,_ZNSt6__ndk17__sort5IRZN11wendelstein17MovieClipRenderer6updateER5StagebRNS1_23MovieClipRendererBucketERKNS_6vectorINS1_8ParticleENS_9allocatorIS8_EEEEPP9MovieClipiifRK9xMatrix44PK7Vector3IfERSM_fE3$_0PiEEjT0_SS_SS_SS_SS_T_,0x1ec
0x612b34,_ZN22TeamPremadeChatMessage18getServiceNodeTypeEv,0x8
0x612b3c,_ZN16OnlineFriendItem12invitePlayerEb,0x250
0x612d8c,_ZN9TextField8textFitsEv,0x70
0x612dfc,_ubrk_refreshUText_58,0xc
0x612e08,_ZN15DataLoaderFlashC2Ev,0x58
0x612e60,_ZNKSt6__ndk110__function6__funcIZN7GLImage6createEPKhi9ImageWrap11ImageFilterE3$_3NS_9allocatorIS7_EEFvvEE11target_typeEv,0xc
0x612e6c,_ZN11wendelstein19SpriteSheetRenderer6renderEv,0xe4
0x612f50,_ZNK21LogicProjectileServer12getPosAtTickEiR12LogicVector2,0x5d0
0x613520,_ZN5Items15refreshItemTabsEv,0x48
0x613568,_ZN6Kunlun26GetTimeLeftToPlayInSecondsEiiPKlRKNSt6__ndk16vectorIiNS2_9allocatorIiEEEES8_Pb,0x174
0x6136dc,_ZN23AttributionEventMessage8destructEv,0x98
0x613774,_ZThn336_N12LocationItem13buttonClickedEP12CustomButton,0x8
0x61377c,_ZN8TestCase17getStagePointSizeEv,0x3cc
0x613b48,_ZN12LogicBitList11setBitValueEib,0x58
0x613ba0,_ZNK15MapEditorScreen16logicToPixelsNewEiiiRfS0_,0x14c
0x613cec,_ZN16ByteStreamHelper12readGlobalIDEP9BitStream,0x44
0x613d30,_ZNK17LogicClientAvatar16getNameSetByUserEv,0x8
0x613d38,_ZN9EntryInfo12getHighlightEv,0xc8
0x613e00,_ZN18LoginFailedMessage9setReasonEP6String,0x8
0x613e08,_ZN16SelectableButtonC2EP20SelectableButtonList,0x54
0x613e5c,_ZN14LoginOkMessage15setAccountTokenEP6String,0x5c
0x613eb8,_ZNKSt6__ndk110__function6__funcIZN8GameMain14loadAssetAsyncERK6StringbE3$_0NS_9allocatorIS6_EEFvvEE11target_typeEv,0xc
0x613ec4,_ZN14AllianceScreenC2ENS_4TYPEERK6StringS3_,0x4c
0x613f10,_ZNK22EsportTournamentsPopup15getDefaultTitleEv,0xc
0x613f1c,_ZN20NativeSCIDConnection21completeClaimShopItemERK6String,0x8
0x613f24,_ZN6icu_58L19calcNameSetsLengthsEP10UErrorCode,0x4bc
0x6143e0,_ZN11Application24setAppLicensingSignatureERK6StringS2_,0x38
0x614418,_ZN15LogicJSONParser11writeStringEPK6StringP13StringBuilder,0x188
0x6145a0,_ZN15ResourceManager16isResourceLoadedEPKc,0xe8
0x614688,_ZNK19AvatarStreamManager13getEntryByIdxEi,0xc
0x614694,_ZNK31LogicTransactionsRevokedCommand14getCommandTypeEv,0x8
0x61469c,_ZN8RankItem10resolveCtxEv,0x1dc
0x614878,_ZNK24LogicBillingPackagesData11isPromotionEv,0x8
0x614880,_ZN18sc3dPanPinchCamera21getCenterToMatchTouchERK7Vector2IfERK7Vector3IfE,0x104
0x614984,_ZNK13SimpleWebview9wasClosedEv,0x20
0x6149a4,_ZN16UdpPacketHandler23setHeartbeatTimeSettingEf,0x8
0x6149ac,_ZN12SkinListItem20afterSizeCalculationEv,0x30
0x6149dc,_ZN10EmotePanel15createContainerEP9MovieClipRK6Stringb,0xc4
0x614aa0,_ZN5Stage13touchReleasedERK5Touch,0x13c
0x614bdc,_ZL21compareKeywordStructsPKvS0_S0_,0xc
0x614be8,_ZN19hb_ot_map_builder_tC2EP9hb_face_tPK23hb_segment_properties_t,0x100
0x614ce8,_ZN17scCryptoBoxFilterD0Ev,0x24
0x614d0c,_ZN10GameCenter19requestDetailsAsyncEiP6String19GameCenterImageTypeRKS0_,0x4
0x614d10,_ZN8NewsPageD0Ev,0x24
0x614d34,_ZN8GoalList13setupRankIconEP10LogicGoalsiP9MovieClipi,0x218
0x614f4c,_ZNSt6__ndk110__function6__funcIZN19EnvironmentRenderer6renderER9Matrix2x3R14ColorTransformifE3$_3NS_9allocatorIS7_EEFvvEED0Ev,0x4
0x614f50,_ZN14LogicThemeData12resetStaticsEPK8CSVTable,0x2e0
0x615230,_ZN12MovieClipRefC2ERKS_,0x2c
0x61525c,_uprv_strndup_58,0x8c
0x6152e8,_ZN6icu_5810UnicodeSet14ensureCapacityEiR10UErrorCode,0xc0
0x6153a8,_ZNK17LogicShopItemData17getMiniOfferAssetEv,0x10
0x6153b8,_ZNK8Sprite3D17getViewportHeightEv,0x20
0x6153d8,_ZN5titan3com9supercell5titan15ApplicationUtilC2EP8_jobject,0xbc
0x615494,_ZN17TeamCreateMessageC2Ev,0x58
0x6154ec,_ZN28UdpBigMessageFragmentMessage11setFragmentEc,0x8
0x6154f4,_ZN19SupercellIdCallback11getAccountsEP8_jobject,0x3f0
0x6158e4,_ZN6icu_5813UnicodeStringaSERKS0_,0x8
0x6158ec,_ZN14LogicThemeData8destructEv,0x24
0x615910,_ZN21LogicTutorialStepDataC2EP6CSVRowP14LogicDataTable,0x2c
0x61593c,_ZN15ProLeagueScreenD0Ev,0x84
0x6159c0,_ZN4FontD0Ev,0x4
0x6159c4,_ZNK29AvatarNameCheckRequestMessage14getMessageTypeEv,0x8
0x6159cc,_ZN8TailItem7refreshEv,0x1b8
0x615b84,_ZN17PlayerDisplayDataC2ERK6StringiPK24LogicPlayerThumbnailDataPK18LogicNameColorDatai,0x84
0x615c08,_ZN26ChampionshipChallengePopup19getFirstFutureEventEv,0x24
0x615c2c,_ZN27KunlunBillingRequestMessage16setPurchaseTokenERK6String,0x8
0x615c34,_ZN5lzham37raw_quasi_adaptive_huffman_data_model6assignERKS0_,0x2dc
0x615f10,_ZN16ServerConnection16destructInstanceEv,0x38
0x615f48,_ZN17LogicClientAvatar15setFreeDiamondsEi,0x8
0x615f50,_ZN14TitanInputFile4tellEv,0x14
0x615f64,_ZN14ChatStreamItemC2EP11StreamEntryb,0x11c
0x616080,_ZN17LocalNotification20addDebugNotificationERK6String,0x4
0x616084,_ZN5Debug8drawLineERK7Vector3IfES3_jf,0x4
0x616088,_ZN12NSCIDManager12reopenWindowEv,0x1c
0x6160a4,_ZN14PiranhaMessage6decodeEv,0x4
0x6160a8,_ZNK9Animation17hasTransformationEi,0x18
0x6160c0,_ZN23SetTeamChatMutedMessageC2Eb,0x38
0x6160f8,_ZN11SCIDWebView18webviewDidFailLoadERK6String,0x74
0x61616c,_ZNK13LogicItemData18getExportNameEnemyEv,0x10
0x61617c,_ZNKSt6__ndk110__function6__funcIZN10SWFTexture4loadEP12SupercellSWFbibbbbRK6StringE3$_0NS_9allocatorIS8_EEFvvEE7__cloneEPNS0_6__baseISB_EE,0x30
0x6161ac,_ZN15LogicStringUtil5splitERK6StringS2_b,0xe0
0x61628c,_ZN17MatchMakingPlayer8destructEv,0x4c
0x6162d8,_ZNK18LogicCharacterData16getUtilityRatingEv,0x10
0x6162e8,_ZNK27PlayerMapInfoUpdatedMessage14getMessageTypeEv,0x8
0x6162f0,_ZN24LogicPlayerThumbnailDataC2EP6CSVRowP14LogicDataTable,0x30
0x616320,_ZN17LogicSkinConfData14setProfileAnimERK6String,0x14
0x616334,_ZNK19LogicProjectileData19getSteerIgnoreTicksEv,0x8
0x61633c,_ZN17MovementIndicatorD2Ev,0xa4
0x6163e0,_ZN8ItemIcon9setupClipEiRK6String,0x58
0x616438,_hb_blob_destroy,0xc0
0x6164f8,_ZN5titan3com9supercell5titan7tencent11MSDKManager12queryOwnInfoEv,0x5c
0x616554,_ZN17AvatarStreamEntry13setAgeSecondsEi,0x8
0x61655c,_ZN8Databind8Databind7destroyEv,0x1c
0x616578,_res_getTableItemByKey_58,0x2e4
0x61685c,_ZNK27PurchaseSkinGroupOfferPopup18shouldShowResourceEi,0xc
0x616868,_ZN27PersonalBreakStartedMessage18getServiceNodeTypeEv,0x8
0x616870,_ZNK14LogicSkillData24getCastingRangeVisualAddEv,0xdc
0x61694c,_ZNK11LogicPlayer23getDamageDoneToBrawlersEv,0x3c
0x616988,_ZN15EffectManager2D12removeEffectEP6Effect,0xb8
0x616a40,_ZNK23LogicSelectEmoteCommand14getCommandTypeEv,0x8
0x616a48,_ZN17EventDetailsPopup17getRankedTimeClipEv,0x1c
0x616a64,_ZN19JoinAllianceMessage18getServiceNodeTypeEv,0x8
0x616a6c,_ZN9Matrix2x313scaleMultiplyEff,0x20
0x616a8c,_ZN21SetDeviceTokenMessage6encodeEv,0x3c
0x616ac8,_ZN10HomeScreen19updateAgeGateStatusEv,0x78
0x616b40,_ZN13TextureSystem14getNumTexturesEv,0x8
0x616b48,_ZL20utf8IteratorGetStatePK13UCharIterator,0x18
0x616b60,_ZN18LogicCharacterData8destructEv,0xb0
0x616c10,_ZN5titan3com9supercell2id8IdFriend14getSupercellIdEv,0x7c
0x616c8c,_ZN17OnlineFriendsList16setItemPositionsEf,0x1f0
0x616e7c,_ZN21LogicGameObjectServer17resetEventsOnTickEv,0x4
0x616e80,_ZNK23TeamInviteStatusMessage14getMessageTypeEv,0x8
0x616e88,_ZN13UdpSendBuffer21clearNotAckedMessagesEv,0x74
0x616efc,_ZN14HelpshiftTitan13clearMetadataEv,0x98
0x616f94,_Java_com_supercell_titan_SupercellId_isWindowOpen,0x1c
0x616fb0,_ZN6String11setContentsEPKc,0x140
0x6170f0,_ZNK10GameObject19getRenderCoordinateEfffRfS0_,0x58
0x617148,_ZN15AllianceManager19getIndexOfFirstTeamEP14LogicArrayListIP17AllianceTeamEntryE,0x8c
0x6171d4,_ZN3GUI17showFloaterTextAtERK7Vector2IfERK6Stringfi,0x19c
0x617370,_ZN5titan3com9supercell2id15IdConfigurationC2EP8_jobject,0xbc
0x61742c,_ZNSt6__ndk17__sort5IRZN19EnvironmentRenderer6renderER9Matrix2x3R14ColorTransformifE4$_10PNS1_9CharacterEEEjT0_SA_SA_SA_SA_T_,0x1a4
0x6175d0,_ZN10Multitouch9isEnabledEv,0x8
0x6175d8,_ZNKSt6__ndk110__function6__funcIZN32NativeFacebookConnectionCallback6logoutEvE3$_6NS_9allocatorIS3_EEFvvEE7__cloneEv,0x24
0x6175fc,_ZN18HighRateUdpMessage6decodeEP10ByteStreamP19LogicMessageFactory,0xfc
0x6176f8,_ZNSt6__ndk110__function6__funcIZN11scTaskQueue3runIZN7GLImage6createEPKhi9ImageWrap11ImageFilterE3$_4EENS_13invoke_resultIT_JEE4typeESB_EUlvE_NS_9allocatorISE_EEFvvEE7destroyEv,0x4
0x6176fc,_utrie_clone_58,0xfc
0x6177f8,_ZN16RankedPlayerItemD0Ev,0x24
0x61781c,_ZN18ResourceDataLoader4loadEPKcS1_RKNSt6__ndk15arrayIiLm4EEE,0x54
0x617870,_ZN7SCWFile7addNodeEP4Node,0x1b4
0x617a24,_ZN13YoozooManager6logOutEv,0xb8
0x617adc,_ZN17LogicClientAvatar9setHomeIdEPK9LogicLong,0xc
0x617ae8,_ZN14LineConnection9handleURLEPKcS1_,0x8
0x617af0,_ZN9Animation16setAnimationTimeEf,0x68
0x617b58,_ZN22UpdatePlayerMapMessage20setCompressedMapDataEP21LogicCompressedString,0x40
0x617b98,_Z16genSort_trophiesPK18LogicCharacterDataS1_ii,0x98
0x617c30,_u_strCaseCompare_58,0x54
0x617c84,_ZN20GoogleServiceManager32refreshGoogleServiceAchievementsEv,0xc
0x617c90,_ZN14LogicPlayerMap10setMapNameEP6String,0x44
0x617cd4,_ZN5tween7Elastic6easeInEffff,0xc4
0x617d98,_ZN8NewsPage38forceOpenCustomizableLandingPageAndTabEv,0xa8
0x617e40,_inflate_fast,0x74c
0x61858c,_stbi_is_hdr_from_file,0x134
0x6186c0,_ZNSt6__ndk110__function6__funcIZN6Shader4loadEPKcS4_PS4_iE3$_0NS_9allocatorIS6_EEFvvEE7destroyEv,0x4
0x6186c4,_ZN7GLImage11setFileNameERK6String,0x8
0x6186cc,_ZN9Messaging11nextMessageEv,0x74
0x618740,_ZNK9TextField14getNumberValueEv,0x8
0x618748,_ZNK24LogicParticleEmitterData18getParticleGravityEv,0x10
0x618758,_ZNK21LogicAreaEffectServer6encodeEP9BitStreami,0xbc
0x618814,_ZN10BitmapFont13setFamilyNameERK6String,0x8
0x61881c,_ZN33SCIDLogoutAllDevicesResultMessageC2Ev,0x38
0x618854,_ZN24BindYoozooAccountMessage14removeYoozooIdEv,0x10
0x618864,_ZNSt6__ndk110__function6__funcIZN8TestCase20drawDebugPercentagesEvE4$_20NS_9allocatorIS3_EEFvvEEclEv,0x94
0x6188f8,_ZNK20LogicCharacterClient12getSpeedBuffEv,0x8
0x618900,_ZNK26LogicGameModeVariationData17hasBannerOverrideEv,0x58
0x618958,_ZN4Shop12arrangeItemsEb,0x3f8
0x618d50,_ZNKSt6__ndk110__function6__funcIZN19SupercellIdCallback28donationReceivedNotificationEP8_jobjectS4_E4$_25NS_9allocatorIS5_EEFvvEE6targetERKSt9type_info,0x1c
0x618d6c,_ZN19EnvironmentRenderer28mergeMovieClipRendererBucketEPN11wendelstein21MovieClipRendererDataEi,0x270
0x618fdc,_ZNK19LogicProjectileData15getCancelEffectEv,0x8
0x618fe4,_ZN13MapEditorMode11pingUpdatedEf,0xa4
0x619088,_ZN15MapEditorScreenD2Ev,0x228
0x6192b0,_ZN14BattleEndPopup23getRankedRoundExecutionEv,0x1e0
0x619490,_ZN11LogicPlayer12baseDefendedEi,0xc
0x61949c,_ZN11BasePageGUI10touchMovedERK5Touch,0xb0
0x61954c,_ZN20LogicHeroSeenCommand8destructEv,0x28
0x619574,_ZN17ReplayStreamEntry15setOpponentNameEP6String,0x8
0x61957c,_ZN6icu_5810AppendableD0Ev,0x4
0x619580,_ZN30UpdatePlayerMapResponseMessage8setMapIdERK9LogicLong,0xc
0x61958c,_ZN29JoinAllianceUsingTokenMessage18getServiceNodeTypeEv,0x8
0x619594,_ZNSt6__ndk110__function6__funcIZN11scTaskQueue3runIZN7GLImage6createEPKhi9ImageWrap11ImageFilterE3$_3EENS_13invoke_resultIT_JEE4typeESB_EUlvE_NS_9allocatorISE_EEFvvEE18destroy_deallocateEv,0x4
0x619598,_ZN13PlayerProfile6decodeEP10ByteStream,0x368
0x619900,_ZN3GUI23showCenteredFloaterTextERK6Stringfi,0x84
0x619984,_ZN5ModalD0Ev,0x58
0x6199dc,_ZN10LogicGoals15areQuestsLockedEi,0x94
0x619a70,_ZN7XpEntry6decodeEP10ByteStream,0x48
0x619ab8,_ZN16BaseNotification8destructEv,0x54
0x619b0c,_ZN22ConfirmChangeClanPopupD2Ev,0x8c
0x619b98,_ZN23TicketCompensationPopupC2EP30TicketCompensationNotification,0x248
0x619de0,_ZN20GoogleServiceManager19googleServiceSignInEv,0x18c
0x619f6c,_ZN8SettingsD2Ev,0x4
0x619f70,_ZNK31RequestLatencyTestStatusMessage14getMessageTypeEv,0x8
0x619f78,_ZNSt6__ndk110__function6__funcIZN11scTaskQueue3runIZN8TestCase13getStageWidthEvE4$_10EENS_13invoke_resultIT_JEE4typeES7_EUlvE_NS_9allocatorISA_EEFvvEED0Ev,0x4
0x619f7c,_ZN13TitanInStream7readI16Ev,0x48
0x619fc4,_ZN12TencentLogin20removeLaunchPlatformEv,0x10
0x619fd4,_utext_equals_58,0xd0
0x61a0a4,_ZN6icu_5810UnicodeSetaSERKS0_,0x23c
0x61a2e0,_hb_font_funcs_set_glyph_h_kerning_func,0x8c
0x61a36c,_ZNK23HomeLogicStoppedMessage7getTickEv,0x8
0x61a374,_ZN10LogicGoalsC2Ev,0x268
0x61a5dc,_ZN26LogicRankedMatchRoundState12setDebugInfoEP31LogicRankedMatchResultDebugInfo,0x48
0x61a624,_ZN11FriendEntry14setFriendStateEi,0x8
0x61a62c,_ZNK18LogicHealthBarData22getPlayerExportNameBotEv,0x10
0x61a63c,_ZNK10HomeScreen15getRenderSystemEv,0x8
0x61a644,_ZNSt6__ndk110__function6__funcIZN11AndroidMain15_gameForegroundEvE4$_15NS_9allocatorIS3_EEFvvEED0Ev,0x4
0x61a648,_ZN11ScoreChangeC2EP10ByteStream,0x48
0x61a690,_ZNSt6__ndk110__function6__funcIZN8TestCase17getVisibleButtonsEvE3$_3NS_9allocatorIS3_EEFP6SpritevEE18destroy_deallocateEv,0x4
0x61a694,_ZN15LaserBoxManager7Website19processManifestJSONEPK15LogicJSONObject,0x2bc
0x61a950,_ZN6icu_5810UnicodeSet10complementEi,0xd0
0x61aa20,_ZN16ScreenProperties22getScreenRotationAngleEv,0x8
0x61aa28,_ZNK10ByteStream14getDataPointerEv,0x10
0x61aa38,_ZN25AskForAllianceDataMessage13setAllianceIdEP9LogicLong,0x8
0x61aa40,_ZN8DrawMode13getGLDrawmodeENS_4EnumE,0x10
0x61aa50,_ZN6icu_5815RBBIDataWrapperC2EP11UDataMemoryR10UErrorCode,0xcc
0x61ab1c,_ZN21DeviceLinkErrorScreenD2Ev,0x20
0x61ab3c,_ZNK11BasePageGUI9getScrollEv,0x2c
0x61ab68,_ucdn_get_resolved_linebreak_class,0xd4
0x61ac3c,_ZN29TeamInvitationResponseMessage8destructEv,0x34
0x61ac70,_ZN10GameButton7setTextERK6Stringb,0x14c
0x61adbc,_ZN19EnvironmentRenderer14addLookAtNodesEP15sc3dWorldObjecti,0x284
0x61b040,_ZN25BindTencentAccountMessage18setTencentPlatformEi,0x8
0x61b048,_ZN15MovieClipHelper32allChildrenGotoAndStopFrameIndexEP9MovieClipi,0x84
0x61b0cc,_ZNK14TencentManager12resetGuestIdEv,0x8
0x61b0d4,_ZN28TencentBillingRequestMessageC2Ei,0xa0
0x61b174,_ZN14SettingsScreenD2Ev,0xfc
0x61b270,_ZN21LogicJSONOutReflector16reflectLongArrayER14LogicArrayListIxEPKc,0xc8
0x61b338,_ZN14StreamItemList13setAreaHeightEf,0x6c
0x61b3a4,_ZNK15LogicEffectData9getEffectEi,0xc
0x61b3b0,_ZL24override_features_hangulP21hb_ot_shape_planner_t,0x18
0x61b3c8,_ZN6icu_5810UnicodeSet6addAllERKS0_,0xb0
0x61b478,_ZNK10SCIDWindow16getAnalyticsNameEv,0x80
0x61b4f8,_ZNKSt6__ndk110__function6__funcIZ14getLineProfileP13ILineListenerRK6StringE3$_0NS_9allocatorIS7_EEFvbPKN8linecorp4nova5graph5model7ProfileEPKNSB_5ErrorEEE7__cloneEv,0x4c
0x61b544,_ZNK14TouchContainer13validateStackERNSt6__ndk16vectorIP6SpriteNS0_9allocatorIS3_EEEE,0xcc
0x61b610,_ZN9Character30playNoTargetForAutoShootEffectEv,0x3c
0x61b64c,_ZNSt6__ndk110__function6__funcIZN19SupercellIdCallback31setPendingRegistrationWithEmailEP8_jobjectRK6StringbE3$_9NS_9allocatorIS8_EEFvvEEclEv,0x14
0x61b660,_ZNK28LogicSeasonalSkinSectionData24getIncludedCampaignCountEv,0xc
0x61b66c,_ZNK28LogicSendAllianceMailCommand8getTitleEv,0x8
0x61b674,_ZNK14BillingManager7isJapanEv,0x70
0x61b6e4,_ZN9GameUtils18addStretchFillLineER19DynamicVertexBufferI14VertexPosUvColERK7Vector3IfES7_S7_fffffffff,0x624
0x61bd08,_ZN10ByteStream10writeBytesEPci,0xdc
0x61bde4,_ZN11SCIDWebView15stringToBooleanERK6Stringb,0x94
0x61be78,_ZN6icu_586Locale15createCanonicalEPKc,0x48
0x61bec0,_ZN6icu_5815RangeDescriptorC2ERKS0_R10UErrorCode,0x108
0x61bfc8,_hb_buffer_add_codepoints,0x1e8
0x61c1b0,_ZN24DebugHudMessageCollector27combineMessageLinesToStringEv,0xf4
0x61c2a4,_hb_font_funcs_set_font_h_extents_func,0x8c
0x61c330,_ZNK24LoginUsingSessionMessage21getAccountIdHigherIntEv,0x8
0x61c338,_ZNK11FriendEntry19getAllianceExpLevelEv,0x8
0x61c340,_ZNK31AskForBattleReplayStreamMessage14getMessageTypeEv,0x8
0x61c348,_ZN12BlurRendererD0Ev,0x48
0x61c390,_hb_blob_is_immutable,0x8
0x61c398,_ZNK29AllianceMailAvatarStreamEntry6encodeEP15ChecksumEncoder,0xa8
0x61c440,_ZN17LogicSkinConfData10setEnvAnimERK6String,0x14
0x61c454,_ZNK8GameMain18IsIAPWarningNeededEv,0x44
0x61c498,_ZN14StreamItemListD0Ev,0x24
0x61c4bc,_ZN15LogicStringUtil12convertToIntERK6String,0xc
0x61c4c8,_ZNKSt6__ndk110__function6__funcIZN29scMultithreadedLoadingManager6submitEP14scResourceDataRK18scResourceLoadInfoE3$_0NS_9allocatorIS8_EEFvvEE7__cloneEPNS0_6__baseISB_EE,0xd8
0x61c5a0,_ZNSt6__ndk110__function6__funcIZN11AndroidMain11releaseGameEvE3$_5NS_9allocatorIS3_EEFvvEE18destroy_deallocateEv,0x4
0x61c5a4,_ZN31ChangeAllianceMemberRoleMessage10getNewRoleEv,0x8
0x61c5ac,_ZNK13LogicHomeMode32getServerTimeInSecondsSinceEpochEi,0x54
0x61c600,_ZN10ByteStream15readIntInternalEv,0x50
0x61c650,_ZN16DropGUIContainerD2Ev,0x30
0x61c680,_ZN18NotEnoughGemsPopup18customButtonTappedEP10GameButtoni,0x54
0x61c6d4,_ZNK17scFSLayerPackfile6isGoodEv,0x20
0x61c6f4,_ZL17data_create_indicPK18hb_ot_shape_plan_t,0x4c8
0x61cbbc,_ZN19BrawlTVWaitingPopupD2Ev,0x90
0x61cc4c,_ZNK6icu_5818BurmeseBreakEngine23divideUpDictionaryRangeEP5UTextiiRNS_6UStackE,0x584
0x61d1d0,_ZNSt6__ndk110__function6__funcIZN19SupercellIdCallback24setPendingLoginWithPhoneEP8_jobjectRK6StringbE3$_8NS_9allocatorIS8_EEFvvEED2Ev,0x10
0x61d1e0,_ZN23AttributionEventMessage18getServiceNodeTypeEv,0x8
0x61d1e8,_ZN23ProLeagueSeasonEndPopupD0Ev,0x24
0x61d20c,_ZN22CreateAccountOkMessage6decodeEv,0x50
0x61d25c,_ZN13FriendsScreen6getTabEi,0x38
0x61d294,_ZN9xMatrix443setEPKf,0x84
0x61d318,_ZN10HomeScreen16refreshBrawlPassEv,0x94
0x61d3ac,_ZN22BattleEndSubScreenBase10getChildTFERK6String,0x60
0x61d40c,_ZN26LogicVanityItemSeenCommand7executeEP13LogicHomeModeib,0xc4
0x61d4d0,_ZN25EventSuggestionStreamItem12refreshEntryEP11StreamEntry,0x34
0x61d504,_ZN15LogicPathFinder12aStarAddTileEiibb,0x2c0
0x61d7c4,_ZN37PurchaseHeroLvlUpMaterialPopupHandlerD0Ev,0x40
0x61d804,_ZN11RewardEntry8destructEv,0x68
0x61d86c,_ZNKSt6__ndk110__function6__funcIZN11scTaskQueue3runIZN8TestCase10touchStageER5TouchE3$_5EENS_13invoke_resultIT_JEE4typeES9_EUlvE_NS_9allocatorISC_EEFvvEE7__cloneEv,0x38
0x61d8a4,_ZN19GameSliderComponentD2Ev,0x148
0x61d9ec,_ZN18FacebookConnectionD2Ev,0x10
0x61d9fc,_ZN7GLImage14updateSubImageEPKhiii,0x2dc
0x61dcd8,_ZN30CreatePlayerMapResponseMessage8destructEv,0x44
0x61dd1c,_ZN12BattleScreen5enterEv,0x734
0x61e450,_ZN16FramerateManager4swapEv,0x18c
0x61e5dc,_uhash_setKeyComparator_58,0x10
0x61e5ec,_ZN14BattleEndPopup18proceedToNextStateEb,0x284
0x61e870,_ZNSt6__ndk110__function6__funcIZN11AndroidMain15_gameForegroundEvE4$_15NS_9allocatorIS3_EEFvvEE18destroy_deallocateEv,0x4
0x61e874,_ZNK13MapEditorMode8isInitedEv,0x8
0x61e87c,_ZN26BindFacebookAccountMessage22setAuthenticationTokenEP6String,0x8
0x61e884,_ZL7pic_is4P4stbiPKc,0x200
0x61ea84,_ZNK27HomeBattleReplayDataMessage14getMessageTypeEv,0x8
0x61ea8c,_ZNK19LogicProjectileData23isFriendlyHomingMissileEv,0x8
0x61ea94,_ZN12jpeg_decoder11H1V2ConvertEv,0x158
0x61ebec,_ZN20PlayerMapRenamePopupD2Ev,0xa4
0x61ec90,_ZN17HeroSwipeSelectorC2EP9MovieClip,0x1ec
0x61ee7c,_ZN8TestCase27getAllButtonTextFieldValuesE6String,0xc8
0x61ef44,_ZNKSt6__ndk110__function6__funcIZ45Java_com_supercell_titan_Kakao_receivedFriendE3$_1NS_9allocatorIS2_EEFvvEE11target_typeEv,0xc
0x61ef50,_ZN18PlayerCountryPopup14countryChangedEv,0xc
0x61ef5c,_ZN24LogicExpressionEvaluator21expectNextTokenSymbolEi,0x10c
0x61f068,_ZN7SCWFile9getCameraERK6String,0xc0
0x61f128,_ZN20LogicCharacterServer12triggerBlinkEiiPK19LogicAreaEffectDataS2_ii,0x4
0x61f12c,_ZN6icu_589UVector3215insertElementAtEiiR10UErrorCode,0x140
0x61f26c,_CrcUpdateT4,0xd8
0x61f344,_ZN15ResourceManager24setSignatureErrorHandlerEPFvPKcE,0x34
0x61f378,_ZN17SetCountryMessage6encodeEv,0x28
0x61f3a0,_ZN14LoginOkMessage15setGamecenterIdEP6String,0x8
0x61f3a8,_ZN8AnimatorD2Ev,0xc0
0x61f468,_ZN6icu_5820LanguageBreakFactoryC2Ev,0x14
0x61f47c,_ZN13StringBuilder9setCharAtEic,0xc
0x61f488,_hb_font_get_glyph_from_name,0x60
0x61f4e8,_ZN15KakaoConnection5startEv,0x14
0x61f4fc,_ZNK15LogicLocaleData28getStringWithAltChinaVersionEii,0x40
0x61f53c,_ZNK15sc3dWorldObject12getMovieClipEv,0x8
0x61f544,_ZN16ByteStreamHelper20writeObjectRunningIdEP9BitStreami,0x2c
0x61f570,_utext_openConstUnicodeString_58,0x134
0x61f6a4,_ZN8TestCase28getAllMovieClipTimelineNamesEv,0x114
0x61f7b8,_ZNK6icu_5811Normalizer217getCombiningClassEi,0x8
0x61f7c0,_ZN17LogicClientAvatar15addFreeDiamondsEii,0x7c
0x61f83c,_ZN10SCTuneImpl19addAutoRefreshValueEi,0x1d8
0x61fa14,_ZNK9CombatHUD20getMaskAlphaFromTileEfff,0x154
0x61fb68,_ZNSt6__ndk110__function6__funcIZN7GLImage6createEPKhi9ImageWrap11ImageFilterE3$_4NS_9allocatorIS7_EEFvvEE18destroy_deallocateEv,0x4
0x61fb6c,_ZThn96_N26ChampionshipChallengePopup13buttonClickedEP12CustomButton,0x8
0x61fb74,_ZN18FacebookConnection11activateAppEv,0x4
0x61fb78,_ZN20AnalyticEventMessage6encodeEv,0x28
0x61fba0,_ZN3GUI17hideBadConnectionEv,0x14
0x61fbb4,_hb_font_funcs_make_immutable,0x18
0x61fbcc,_ZN19SelectLocationPopup18playerMapsReceivedEP14LogicArrayListIP14LogicPlayerMapE,0x48
0x61fc14,_ZN12UIOpenDialog6handleEP5UICtxi,0x178
0x61fd8c,_ZNK14BattleEndPopup17shouldDisplayRankEv,0x38
0x61fdc4,_ZNK9LogicData17getBooleanValueAtEi,0x3c
0x61fe00,_ZN11wendelstein19SpriteSheetRenderer6updateERKNSt6__ndk16vectorINS_8ParticleENS1_9allocatorIS3_EEEERKNS2_INS_11SpriteSheetENS4_IS9_EEEEi,0xb8c
0x62098c,_ZN24MatchMakingStatusMessage6encodeEv,0x68
0x6209f4,_ZNK16FacebookATTPopup12getPopupTypeEv,0x8
0x6209fc,_ZN35AskForPlayingFacebookFriendsMessage17removeFacebookIdsEv,0x10
0x620a0c,_ZN5lzham12lzcompressor15send_sync_blockE13lzham_flush_t,0x128
0x620b34,_ZN14VideoAdManager11getInstanceEv,0xc
0x620b40,_ZNK13DisplayObject9getShaderEv,0xc
0x620b4c,_ZN29PurchaseGatchaBoxPopupHandler20purchaseButtonTappedEv,0x100
0x620c4c,_ZN9CombatHUD15KilledPlayerHUD35setColorTransformAddRGBFromIntColorER14ColorTransformi,0x18
0x620c64,_ZN26LogicKeyPoolChangedCommand8destructEv,0x24
0x620c88,_ZN21LogicCompressedStringC2EPK6String,0x70
0x620cf8,_ZNK18LogicNameColorData23getRequiredSeasonPointsEv,0x10
0x620d08,_ZN15GravityParticleD2Ev,0x40
0x620d48,_ZN12scFilesystem11addListenerEPNS_9IListenerE,0xf4
0x620e3c,_Java_com_supercell_titan_SupercellId_isSelfHelpPortalAvailable,0x1c
0x620e58,_ZNK16LogicStringTable23getLangColumnIgnoreCaseERK6String,0x64
0x620ebc,_ZN19EnvironmentRenderer16freezeTileShadowEiif,0x190
0x62104c,_ZNK6icu_586Locale8hashCodeEv,0x2c
0x621078,_ZN25PurchaseConfirmationPopup13buttonClickedEP12CustomButton,0xac
0x621124,_ZNK11SCIDManager11isConnectedEv,0x1c
0x621140,_ZN14HelpshiftTitan19HelpshiftConnectionC2Ev,0x28
0x621168,_ZN21LogicBattleModeServer9spawnHeroEPK18LogicCharacterDataP17LogicHeroUpgradesiib,0xcc
0x621234,_ZN9TextInput7setTextERK6String,0x40
0x621274,_ZN22PlayAgainStatusMessageC2Ev,0x34
0x6212a8,_ZNK10NativeFont14getMarginRightEv,0x8
0x6212b0,_ZN31BindGoogleServiceAccountMessage8setForceEb,0xc
0x6212bc,_ZNK17LogicSkinConfData18getTakeDamageSoundEv,0x8
0x6212c4,_ZN8Databind15JSONInReflector15reflectNextLongEx,0x5c
0x621320,_ZN12SupercellSWF15readMatrix2x3_2ER9Matrix2x3,0x408
0x621728,_ZN6icu_586Locale8getChinaEv,0x24
0x62174c,_ZN8Databind16JSONOutReflector17reflectExitObjectEv,0x4
0x621750,_ZNKSt6__ndk110__function6__funcIZN11scTaskQueue3runIZN8TestCase14getStageHeightEvE3$_9EENS_13invoke_resultIT_JEE4typeES7_EUlvE_NS_9allocatorISA_EEFvvEE7__cloneEPNS0_6__baseISD_EE,0x18
0x621768,_ZN4asio6detail22executor_function_view8completeINS0_7binder2INS0_7read_opINS_19basic_stream_socketINS_2ip3tcpENS_15any_io_executorEEENS_17mutable_buffers_1EPKNS_14mutable_bufferENS0_14transfer_all_tEZZN9Messaging15startSocketReadERKNSt6__ndk110shared_ptrIvEEENK3$_3clERKNSG_10error_codeEmEUlSO_mE_EESM_mEEEEvPv,0x10
0x621778,_ZNK11wendelstein18WendelsteinManager10canDestroyER6StringPKNS_19AbstractEmitterDataE,0x8
0x621780,_ZN13SimpleWebview12updateBoundsEv,0x44
0x6217c4,_ZN16HelpshiftManager13showSingleFAQERK6Stringi,0x50
0x621814,_ZN11FriendEntry10setKakaoIdEP6String,0x8
0x62181c,_ZN17MovementIndicator4hideEv,0x78
0x621894,_ZNK21LogicGameObjectClient11getGlobalIDEv,0x8
0x62189c,_ZN35AddFriendByAvatarNameAndCodeMessage18getServiceNodeTypeEv,0x8
0x6218a4,_ZN12FilterEffect12setBoneScaleEf,0x4
0x6218a8,_ZNK10SCIDConfig9getObjectERK6StringP15LogicJSONObject,0x2c
0x6218d4,_ZNKSt6__ndk110__function6__funcIZN11AndroidMain22inputKeyboardDismissedEvE4$_13NS_9allocatorIS3_EEFvvEE6targetERKSt9type_info,0x1c
0x6218f0,_ZN11Shape9Slice11createShapeEPK13ShapeOriginalPK4Rect,0x68
0x621958,_ZN11LogicPlayer9coinsHeldEi,0xc
0x621964,_ZN13LogicConfData8destructEv,0x3a8
0x621d0c,_ZN6icu_5813UnicodeFilterD2Ev,0x4
0x621d10,_ZN26AuthenticationCheckMessage8destructEv,0x4
0x621d14,_ZN13AlliancePopup12touchPressedERK5Touch,0x24
0x621d38,_u_strncpy_58,0x30
0x621d68,_lv1_frida_killer__ZL18frida_guard_threadPv,0xcc4
0x622a2c,_ZN25TuneBrawlTvChannelMessage6encodeEv,0x38
0x622a64,_ZL12getBiDiClassRK11IntPropertyi9UProperty,0x8
0x622a6c,_ZN15LogicEffectData12resetStaticsEPK8CSVTable,0x73c
0x6231a8,_ZN27LogicClaimTailRewardCommand23getUnclaimedRewardCountEPK13LogicHomeModeiii,0x58
0x623200,_ZN6Screen15getPhysicalDpiXEv,0xc
0x62320c,_ZN25ChinaLoginExtraTermsPopupC2EP27IChinaLoginExtraTermsParent,0x204
0x623410,_ZN19NotificationMessageC2Ev,0x34
0x623444,_ZN12LocationItem14isAltEventSlotEi,0x24
0x623468,_ZN30SubmitPlayerMapResponseMessage8destructEv,0x28
0x623490,_ZN15MapEditorScreen19togglePlacementModeEv,0x14
0x6234a4,_ZN6icu_5822RuleBasedBreakIterator14getBinaryRulesERj,0x24
0x6234c8,_ZN12LogicVector33addEPKS_,0x24
0x6234ec,_ZN8Databind24NlohmannJsonOutReflector7addLongEx,0xb0
0x62359c,_ZN21LogicGameObjectServer15resetGameObjectEPK9LogicData,0x6c
0x623608,_ZN20LogicRawOutReflector23reflectCompressedStringER21LogicCompressedStringPKc,0x10
0x623618,_uprv_isInvariantString_58,0x58
0x623670,_ZN19SuggestBrawlerPopup6updateEf,0x50
0x6236c0,_Z23decompressBlockPlanar57jjPhiiii,0x8
0x6236c8,_ZN9AntiCheat6updateEv,0x18
0x6236e0,_ZN5titan3com9supercell5titan11SupercellId18handleNotificationERK6String,0xac
0x62378c,_ZN15ResourceManager19checkForMeshChangesEb,0x8
0x623794,_ZNK6scPath5mkdirEv,0x74
0x623808,_ZN39GoogleServiceAccountAlreadyBoundMessage9setAvatarEP17LogicClientAvatar,0x8
0x623810,_ZNK14LogicSkillData15chargesUpAttackEv,0x8
0x623818,_ZThn96_N14AllianceSearch13buttonClickedEP12CustomButton,0x8
0x623820,_ZN19AllianceListMessage15removeAlliancesEv,0x10
0x623830,_ZN16BattleEndMessage25setDummyMilestoneProgressEPS_,0x108
0x623938,_ZN5titan3com9supercell5titan12TitanWebView6goBackEv,0x7c
0x6239b4,_ZN10NativeFont15NativeFormatter16getModifierRangeEv,0x8
0x6239bc,_ZN22MatchmakeFailedMessage8destructEv,0x28
0x6239e4,_ZN13DisplayObject8setWidthEf,0x48
0x623a2c,_ZNK28LogicGameObjectManagerServer17getGameObjectByIDEiPK9LogicData,0xc8
0x623af4,_SecToLook_Read,0x70
0x623b64,_hb_ot_layout_language_get_required_feature_index,0x8
0x623b6c,_ZN16BattleEndMessage22getProgressedMilestoneEi,0x3c
0x623ba8,_ZN12GUIContainer9addButtonERK6Stringb,0x18
0x623bc0,_ZN7TopItem18updateSpacingWidthEfb,0x4
0x623bc4,_ZN30RemoveAvatarStreamEntryMessage6encodeEv,0x28
0x623bec,_ZN11DragHandler12touchPressedERK5Touch,0x1b4
0x623da0,_ZNK10HomeScreen16canUpgradeHeroesEv,0x8
0x623da8,_ZNSt6__ndk110__function6__funcIZN7GLImage6createEPKcS4_9ImageWrap11ImageFilterE3$_6NS_9allocatorIS7_EEFvvEEclEv,0x1a4
0x623f4c,_ZNK14TencentManager19getLoggedInPlatformEv,0x18
0x623f64,_ZNK15UIListContainer20isBlockingPageScrollEv,0x8
0x623f6c,_ZN29LogicGiveDeliveryItemsCommand6decodeEP10ByteStream,0x24c
0x6241b8,_ZNKSt6__ndk110__function6__funcIZN32NativeFacebookConnectionCallback8userInfoERK6StringE3$_3NS_9allocatorIS6_EEFvvEE7__cloneEPNS0_6__baseIS9_EE,0x64
0x62421c,_ZN14MessageManager16startLatencyTestEP30StartLatencyTestRequestMessage,0x244
0x624460,_ZL24_enumPropertyStartsRangePKviij,0x20
0x624480,_ZN26RequestJoinAllianceMessage13removeMessageEv,0x10
0x624490,_ZNKSt6__ndk110__function6__funcIZN19EnvironmentRenderer6renderER9Matrix2x3R14ColorTransformifE4$_11NS_9allocatorIS7_EEFvvEE6targetERKSt9type_info,0x1c
0x6244ac,_ZNK6scglTF9BufferPtr7getSizeEv,0x8
0x6244b4,_ZN10DataGained15setValueVisibleEb,0x14
0x6244c8,_ZN5titan3com9supercell5titan21NativeFacebookManager14jniActivateAppEv,0x5c
0x624524,_ZN15UIListContainer12clearEntriesEv,0xd0
0x6245f4,_ZN6icu_586Locale14createFromNameEPKc,0xe4
0x6246d8,_ZN8Shader3D17bindSceneUniformsEPK13SceneUniformsPK9xMatrix44,0x164
0x62483c,_UDataMemory_createNewInstance_58,0x64
0x6248a0,_ZN7SBMMesh6unloadEv,0x1c8
0x624a68,_ZNK10GameObject8getTileYEv,0x8
0x624a70,_ZNK12LocationInfo21canPublishAsPlayerMapEv,0x28
0x624a98,_ZN20LogicBattlePlayerMapC2Ev,0x44
0x624adc,_ZN9BitStream15writeIntMax2047Ei,0x8
0x624ae4,_ZNKSt6__ndk110__function6__funcIZN11scTaskQueue3runIZN8TestCase9moveTouchER5TouchS5_S5_fE3$_8EENS_13invoke_resultIT_JEE4typeES9_EUlvE_NS_9allocatorISC_EEFvvEE6targetERKSt9type_info,0x1c
0x624b00,_ZNKSt6__ndk110__function6__funcIZN6scglTF12_GLOBAL__N_111convertGLTFEP7SCWFileRKN2fx4gltf8DocumentERK6StringE3$_0NS_9allocatorISE_EEFvvEE7__cloneEPNS0_6__baseISH_EE,0x18
0x624b18,_ZN17GraphicProperties11makeCurrentEPv,0x38
0x624b50,_uscript_getScript_58,0xe0
0x624c30,_u_strHasMoreChar32Than_58,0x120
0x624d50,_ZNSt6__ndk110__function6__funcIZN19SupercellIdCallback19claimShopItemResultEP8_jobjectRK6StringS7_S7_E4$_22NS_9allocatorIS8_EEFvvEE18destroy_deallocateEv,0x38
0x624d88,_Java_com_supercell_titan_GameApp_dialogDismissed,0x4c
0x624dd4,_ZNK6icu_5822UCharCharacterIterator5cloneEv,0x54
0x624e28,_ZN9BitStream14ensureCapacityEv,0x7c
0x624ea4,_ZN8StatItemC2ERK6StringfS2_,0x158
0x624ffc,_ZN8GoalList10getSoundExERK6String,0x4c
0x625048,_ZN6icu_586Locale16getStaticClassIDEv,0xc
0x625054,_ZN9Animation11setPriorityEi,0x64
0x6250b8,_ZN13LogicGemOffer8destructEv,0xc
0x6250c4,_ZN8StatItemC2ERK6Stringff,0x188
0x62524c,_ZThn8_NK10LoginState16getAnalyticsNameEv,0x80
0x6252cc,_ZN11SCIDManager23setNotificationsAllowedEb,0x14
0x6252e0,_ZN12FilterEffect6renderERN11wendelstein21MovieClipRendererDataEf,0x4
0x6252e4,_ZNK6String10startsWithERKS_,0x54
0x625338,_ZN4Path8dataPathEv,0x10
0x625348,_ZNSt6__ndk110__function6__funcIZN11scTaskQueue3runIZN7GLImage14updateSubImageEPKhiiiE3$_9EENS_13invoke_resultIT_JEE4typeES9_EUlvE_NS_9allocatorISC_EEFvvEE18destroy_deallocateEv,0x4
0x62534c,_ures_getByIndex_58,0x160
0x6254ac,_ZNK18TeamChatController8isTypingEv,0x24
0x6254d0,_ZN15AllianceManager18clearAllianceTeamsEv,0xd8
0x6255a8,_ZNK13LogicJSONNull13writeToStringEP13StringBuilder,0x14
0x6255bc,_ZN16GameStateManagerD0Ev,0x24
0x6255e0,_ZL26hb_font_get_glyph_name_nilP9hb_font_tPvjPcjS1_,0x10
