address,name,size
0x17de40,_sub_17DE40,0x14
0x17de60,_.png_write_zTXt,0x10
0x17de70,_.png_write_bKGD,0x10
0x17de80,_._ZN8safe_jni15static_functionIN6yoozoo3com8supersdk7openapi8SuperSDKEvEclIJ6StringS8_NS1_4java4util3MapEEEEvDpT_,0x10
0x17de90,_._ZN8safe_jni8functionIN18safe_jni_generated3com7android15installreferrer3api15ReferrerDetailsE6StringEclIJEEES7_P8_jobjectDpT_,0x10
0x17dea0,_.FT_Select_Charmap,0x10
0x17deb0,_.ZSTD_decodeLiteralsBlock,0x10
0x17dec0,_.png_set_add_alpha,0x10
0x17ded0,_._ZN8safe_jni4ctorIN18safe_jni_generated4java4lang7IntegerEEclIJiEEEP8_jobjectDpT_,0x10
0x17dee0,_.AAssetManager_fromJava,0x10
0x17def0,_.sentry_set_tag,0x10
0x17df00,_.ZSTD_createDDict_advanced,0x10
0x17df10,_.png_colorspace_set_chromaticities,0x10
0x17df20,_._ZN4FMOD5Sound9getLengthEPjj,0x10
0x17df30,_._ZN6icu_587UMemorynwEm,0x10
0x17df40,_.ZSTD_freeDDict,0x10
0x17df50,_.png_create_info_struct,0x10
0x17df60,_.strtod,0x10
0x17df70,_._ZNSt6__ndk113basic_ostreamIwNS_11char_traitsIwEEE6sentryD2Ev,0x10
0x17df80,_.ZSTD_compress_advanced_internal,0x10
0x17df90,_.png_set_background_fixed,0x10
0x17dfa0,_.strlen,0x10
0x17dfb0,_.ft_glyphslot_free_bitmap,0x10
0x17dfc0,_.pthread_condattr_destroy,0x10
0x17dfd0,_.__strlen_chk,0x10
0x17dfe0,_.png_get_valid,0x10
0x17dff0,_.png_colorspace_sync,0x10
0x17e000,_.png_destroy_gamma_table,0x10
0x17e010,_.HUF_decompress4X_usingDTable_bmi2,0x10
0x17e020,_.closedir,0x10
0x17e030,_.madvise,0x10
0x17e040,_._ZN18safe_jni_generated3com7android15installreferrer3api28InstallReferrerStateListenerC2Ev,0x10
0x17e050,_.strtoull,0x10
0x17e060,_.FTC_CMapCache_New,0x10
0x17e070,_.getcwd,0x10
0x17e080,_.FSE_writeNCount,0x10
0x17e090,_.FT_Matrix_Invert,0x10
0x17e0a0,_.calloc,0x10
0x17e0b0,_._ZNSt6__ndk112__hash_tableINS_17__hash_value_typeIiNS_4pairIPN8safe_jni5ProxyEP8_jobjectEEEENS_22__unordered_map_hasherIiS9_NS_4hashIiEELb1EEENS_21__unordered_map_equalIiS9_NS_8equal_toIiEELb1EEENS_9allocatorIS9_EEE8__rehashEm,0x10
0x17e0c0,_.dlclose,0x10
0x17e0d0,_.sigfillset,0x10
0x17e0e0,_._ZN18safe_jni_generated3com7android15installreferrer3api15ReferrerDetails32getReferrerClickTimestampSecondsEv,0x10
0x17e0f0,_.png_write_cHRM_fixed,0x10
0x17e100,_.FT_Request_Metrics,0x10
0x17e110,_.glUniform2fv,0x10
0x17e120,_.ZSTD_decompressBlock_internal,0x10
0x17e130,_.png_set_unknown_chunks,0x10
0x17e140,_.png_error,0x10
0x17e150,_.tanf,0x10
0x17e160,_.glHint,0x10
0x17e170,_.FT_Stream_TryRead,0x10
0x17e180,_._ZN8safe_jni15SetGlobalJavaVMEP7_JavaVM,0x10
0x17e190,_.ZSTD_buildFSETable,0x10
0x17e1a0,_.png_write_sPLT,0x10
0x17e1b0,_._ZN6yoozoo3com8supersdk7openapi8SuperSDK9lifecycle9onDestroyEv,0x10
0x17e1c0,_._ZN8safe_jni7ConvertIN18safe_jni_generated7android2os20ParcelFileDescriptorEvE12CallFunctionEP10_jmethodIDP8_jobjectz,0x10
0x17e1d0,_.glGenerateMipmap,0x10
0x17e1e0,_._ZNSt6__ndk113random_deviceC2ERKNS_12basic_stringIcNS_11char_traitsIcEENS_9allocatorIcEEEE,0x10
0x17e1f0,_.png_icc_set_sRGB,0x10
0x17e200,_.glClearColor,0x10
0x17e210,_.ZSTD_freeCCtx,0x10
0x17e220,_.eventfd,0x10
0x17e230,_._ZN4asio6detail13posix_tss_ptrINS0_10call_stackINS0_23strand_executor_service11strand_implEhE7contextEEC2Ev,0x10
0x17e240,_.png_read_chunk_header,0x10
0x17e250,_._ZN4FMOD14ChannelControl9getVolumeEPf,0x10
0x17e260,_._ZN4asio2ip20basic_resolver_queryINS0_3tcpEEC2ERKS3_,0x10
0x17e270,_._ZN8linecorp4nova7NovaSDK15getGraphServiceEv,0x10
0x17e280,_.FT_Set_Char_Size,0x10
0x17e290,_._ZN4miit3com3bun8miitmdid7content15SystemParamters13getSdkVersionEv,0x10
0x17e2a0,_._ZNKSt6__ndk16locale4nameEv,0x10
0x17e2b0,_._ZNSt6__ndk16localeD1Ev,0x10
0x17e2c0,_.ZSTD_invalidateRepCodes,0x10
0x17e2d0,_._ZN8linecorp4nova12GraphService10getProfileERKNSt6__ndk18functionIFvbPKNS0_5graph5model7ProfileEPKNS0_5ErrorEEEE,0x10
0x17e2e0,_.ZSTD_sizeof_CCtx,0x10
0x17e2f0,_.png_set_invert_mono,0x10
0x17e300,_.FT_Get_Postscript_Name,0x10
0x17e310,_.glEnableVertexAttribArray,0x10
0x17e320,_._ZN8linecorp4nova11AuthManager6logoutERKNSt6__ndk18functionIFvbPKNS0_5ErrorEEEE,0x10
0x17e330,_.localeconv,0x10
0x17e340,_.HUF_readStats_wksp,0x10
0x17e350,_.FT_Stream_OpenLZW,0x10
0x17e360,_.clock_gettime,0x10
0x17e370,_.ZSTD_ldm_generateSequences,0x10
0x17e380,_._ZNK8linecorp4nova11AuthManager10isLoggedInEv,0x10
0x17e390,_.poll,0x10
0x17e3a0,_._ZN8safe_jni8functionIN18safe_jni_generated3com7android15installreferrer3api21InstallReferrerClientENS5_15ReferrerDetailsEEclIJEEES7_P8_jobjectDpT_,0x10
0x17e3b0,_.glGenBuffers,0x10
0x17e3c0,_.png_set_swap_alpha,0x10
0x17e3d0,_.ZSTD_compressEnd,0x10
0x17e3e0,_.ft_glyphslot_alloc_bitmap,0x10
0x17e3f0,_.png_gamma_significant,0x10
0x17e400,_.strcmp,0x10
0x17e410,_.toupper,0x10
0x17e420,_.system,0x10
0x17e430,_.HUF_decompress4X_hufOnly_wksp_bmi2,0x10
0x17e440,_.png_zfree,0x10
0x17e450,_.ZSTD_ldm_skipSequences,0x10
0x17e460,_.ZSTD_compressBegin_advanced_internal,0x10
0x17e470,_._ZN8safe_jni7ConvertIN6yoozoo3com8supersdk7openapi18OnSuperSDKListenerEvE3SigEv,0x10
0x17e480,_._ZN4asio6detail28reactive_socket_service_base5closeERNS1_24base_implementation_typeERNSt6__ndk110error_codeE,0x10
0x17e490,_.fflush,0x10
0x17e4a0,_.glFlush,0x10
0x17e4b0,_.glGetShaderiv,0x10
0x17e4c0,_._ZNSt6__ndk17promiseIvE9set_valueEv,0x10
0x17e4d0,_.__FD_SET_chk,0x10
0x17e4e0,_._ZNSt6__ndk115recursive_mutexC1Ev,0x10
0x17e4f0,_.ft_hash_num_lookup,0x10
0x17e500,_.png_image_free,0x10
0x17e510,_._ZNSt6__ndk17promiseIvEC1Ev,0x10
0x17e520,_.glUseProgram,0x10
0x17e530,_.pthread_sigmask,0x10
0x17e540,_.png_colorspace_set_endpoints,0x10
0x17e550,_._ZNSt6__ndk121__throw_runtime_errorEPKc,0x10
0x17e560,_._ZN8safe_jni7ConvertIN18safe_jni_generated4java4lang7reflect17InvocationHandlerEvE3SigEv,0x10
0x17e570,_.pthread_cond_destroy,0x10
0x17e580,_.FTC_Manager_RemoveFaceID,0x10
0x17e590,_._ZN6yoozoo8ScYoozoo7onStartEv,0x10
0x17e5a0,_.AAssetManager_openDir,0x10
0x17e5b0,_.png_set_strip_16,0x10
0x17e5c0,_.png_write_flush,0x10
0x17e5d0,_._ZN6icu_5817StringEnumerationC2Ev,0x10
0x17e5e0,_.glDepthFunc,0x10
0x17e5f0,_.png_reciprocal2,0x10
0x17e600,_.ZSTD_compressStream2,0x10
0x17e610,_.png_ascii_from_fp,0x10
0x17e620,_.ft_service_list_lookup,0x10
0x17e630,_.png_get_channels,0x10
0x17e640,_._ZNKSt6__ndk114error_category10equivalentEiRKNS_15error_conditionE,0x10
0x17e650,_._ZN4asio6detail21resolver_service_base16base_notify_forkENS_17execution_context10fork_eventE,0x10
0x17e660,_.glDrawElements,0x10
0x17e670,_._ZN4FMOD14ChannelControl4stopEv,0x10
0x17e680,_._ZN8safe_jni7ConvertIN18safe_jni_generated7android7content7ContextEvE3SigEv,0x10
0x17e690,_._ZN4miit3com3bun8miitmdid10interfaces19IIdentifierListenerC2Ev,0x10
0x17e6a0,_.ZSTDMT_nextInputSizeHint,0x10
0x17e6b0,_.dlopen,0x10
0x17e6c0,_._ZN8safe_jni9GetJniEnvEv,0x10
0x17e6d0,_.fclose,0x10
0x17e6e0,_._ZN4FMOD6System6updateEv,0x10
0x17e6f0,_._ZN6icu_5813UnicodeString7unBogusEv,0x10
0x17e700,_.ZSTDMT_compressStream_generic,0x10
0x17e710,_.FT_Done_Library,0x10
0x17e720,_.__stack_chk_fail,0x10
0x17e730,_._ZN6yoozoo8ScYoozoo17openPrivacyPolicyEv,0x10
0x17e740,_.powf,0x10
0x17e750,_._ZN6yoozoo8ScYoozoo10trackEventERKNS0_9EventTypeEPNS_4java4util7HashMapE,0x10
0x17e760,_._ZNK6icu_5815Normalizer2Impl7composeEPKtS2_aaRNS_16ReorderingBufferER10UErrorCode,0x10
0x17e770,_._ZN6yoozoo3com8supersdk7openapi8SuperSDK9lifecycle6onStopEv,0x10
0x17e780,_._ZN8safe_jni7ConvertIN6yoozoo4java4lang6ObjectEvE3SigEv,0x10
0x17e790,_.png_set_sRGB,0x10
0x17e7a0,_._ZN4miit3com3bun8miitmdid10interfaces10IdSupplier11isSupportedEv,0x10
0x17e7b0,_.FT_Stream_Read,0x10
0x17e7c0,_._ZN6yoozoo8ScYoozoo16onActivityResultEiiP8_jobject,0x10
0x17e7d0,_.png_write_row,0x10
0x17e7e0,_.png_malloc,0x10
0x17e7f0,_.sigemptyset,0x10
0x17e800,_._ZN4miit3com3bun8miitmdid4core13MdidSdkHelper7InitSdkERKNS_7android7content7ContextEbRKNS2_10interfaces19IIdentifierListenerE,0x10
0x17e810,_.stat,0x10
0x17e820,_.png_set_error_fn,0x10
0x17e830,_.FT_Reference_Face,0x10
0x17e840,_._ZSt9terminatev,0x10
0x17e850,_.png_colorspace_set_gamma,0x10
0x17e860,_.png_app_warning,0x10
0x17e870,_._ZNSt13runtime_errorC1EPKc,0x10
0x17e880,_.png_handle_tIME,0x10
0x17e890,_.cos,0x10
0x17e8a0,_.png_save_uint_32,0x10
0x17e8b0,_.ZSTD_customFree,0x10
0x17e8c0,_.FT_Raccess_Get_DataOffsets,0x10
0x17e8d0,_.fgets,0x10
0x17e8e0,_.png_malloc_warn,0x10
0x17e8f0,_.FT_Set_Charmap,0x10
0x17e900,_._ZN4FMOD6System11mixerResumeEv,0x10
0x17e910,_.ft_mem_free,0x10
0x17e920,_._ZN4asio6detail13posix_tss_ptrINS0_10call_stackINS0_14strand_service11strand_implEhE7contextEEC2Ev,0x10
0x17e930,_._ZNK6icu_5815Normalizer2Impl17composeQuickCheckEPKtS2_aP25UNormalizationCheckResult,0x10
0x17e940,_._ZN18safe_jni_generated3com7android15installreferrer3api21InstallReferrerClient18getInstallReferrerEv,0x10
0x17e950,_.realloc,0x10
0x17e960,_.atoll,0x10
0x17e970,_._ZNSt6__ndk118condition_variable15__do_timed_waitERNS_11unique_lockINS_5mutexEEENS_6chrono10time_pointINS5_12system_clockENS5_8durationIxNS_5ratioILl1ELl1000000000EEEEEEE,0x10
0x17e980,_.FT_Vector_Transform,0x10
0x17e990,_.png_read_transform_info,0x10
0x17e9a0,_._ZNSt6__ndk113__assoc_stateIN4miit6ScMiit3IdsEE9set_valueIRKS3_EEvOT_,0x10
0x17e9b0,_._ZN18safe_jni_generated4java4lang11ClassLoaderC2EP8_jobject,0x10
0x17e9c0,_.epoll_ctl,0x10
0x17e9d0,_.ZSTD_ldm_adjustParameters,0x10
0x17e9e0,_._ZN4FMOD7Channel8getIndexEPi,0x10
0x17e9f0,_.png_realloc_array,0x10
0x17ea00,_.unlink,0x10
0x17ea10,_.HUF_decompress1X1_DCtx_wksp_bmi2,0x10
0x17ea20,_._ZN18safe_jni_generated7android7content7ContextC2EP8_jobject,0x10
0x17ea30,_._ZNK6icu_5815Normalizer2Impl17hasDecompBoundaryEia,0x10
0x17ea40,_.ZSTDMT_updateCParams_whileCompressing,0x10
0x17ea50,_.epoll_create1,0x10
0x17ea60,_._ZN6yoozoo8ScYoozoo14showExitScreenEv,0x10
0x17ea70,_.FMOD_Debug_Initialize,0x10
0x17ea80,_._ZNSt6__ndk114__shared_countD2Ev,0x10
0x17ea90,_._ZN8safe_jni4ctorIN18safe_jni_generated3com7android15installreferrer3api21InstallReferrerClient7BuilderEEclIJNS1_7android7content7ContextEEEEP8_jobjectDpT_,0x10
0x17eaa0,_.glViewport,0x10
0x17eab0,_.ZSTDMT_initCStream_internal,0x10
0x17eac0,_.__cxa_call_unexpected,0x10
0x17ead0,_.ZSTD_freeCDict,0x10
0x17eae0,_._ZN6yoozoo4java4util7HashMap4sizeEv,0x10
0x17eaf0,_.png_handle_iCCP,0x10
0x17eb00,_._ZN4asio6detail13epoll_reactor8start_opEiiRPNS1_16descriptor_stateEPNS0_10reactor_opEbb,0x10
0x17eb10,_.FT_Get_Glyph,0x10
0x17eb20,_.ZSTD_ldm_getMaxNbSeq,0x10
0x17eb30,_.FT_GlyphLoader_Prepare,0x10
0x17eb40,_.free,0x10
0x17eb50,_._ZN8safe_jni11ReleaseArgsEP8_jstring,0x10
0x17eb60,_.ZSTD_createCDict_advanced2,0x10
0x17eb70,_.pthread_key_create,0x10
0x17eb80,_._ZN8safe_jni15static_functionIN6yoozoo3com8supersdk7openapi8SuperSDK9lifecycleEvEclIJEEEvDpT_,0x10
0x17eb90,_.nanosleep,0x10
0x17eba0,_._ZNSt6__ndk16thread20hardware_concurrencyEv,0x10
0x17ebb0,_._ZN4FMOD6System18createChannelGroupEPKcPPNS_12ChannelGroupE,0x10
0x17ebc0,_.__android_log_print,0x10
0x17ebd0,_._ZN18safe_jni_generated7android7content3res19AssetFileDescriptorC2EP8_jobject,0x10
0x17ebe0,_.AAsset_close,0x10
0x17ebf0,_.png_write_hIST,0x10
0x17ec00,_._ZNK4asio6detail23reactive_socket_serviceINS_2ip3tcpEE14local_endpointERKNS4_19implementation_typeERNSt6__ndk110error_codeE,0x10
0x17ec10,_._ZN4FMOD7Channel15setChannelGroupEPNS_12ChannelGroupE,0x10
0x17ec20,_.png_zstream_error,0x10
0x17ec30,_._ZN8safe_jni15static_functionIN6yoozoo3com8supersdk7openapi8SuperSDK9lifecycleEvEclIJNS1_7android7content3res13ConfigurationEEEEvDpT_,0x10
0x17ec40,_._ZN6yoozoo8ScYoozoo9onRestartEv,0x10
0x17ec50,_.__FD_ISSET_chk,0x10
0x17ec60,_._ZN4asio10io_contextC2Ev,0x10
0x17ec70,_.memset,0x10
0x17ec80,_.uprv_free_58,0x10
0x17ec90,_.FT_Bitmap_Init,0x10
0x17eca0,_.printf,0x10
0x17ecb0,_.ZSTD_getCParamsFromCCtxParams,0x10
0x17ecc0,_.png_read_finish_row,0x10
0x17ecd0,_._ZN4asio6detail13epoll_reactor32perform_io_cleanup_on_block_exitD2Ev,0x10
0x17ece0,_.pipe,0x10
0x17ecf0,_.FTC_Manager_LookupSize,0x10
0x17ed00,_._ZNSt6__ndk16futureIvED1Ev,0x10
0x17ed10,_._ZN4asio6detail21resolver_service_base13base_shutdownEv,0x10
0x17ed20,_.png_set_bgr,0x10
0x17ed30,_._ZN18safe_jni_generated7android7content7Context14getClassLoaderEv,0x10
0x17ed40,_._ZN4FMOD14ChannelControl9isPlayingEPb,0x10
0x17ed50,_._ZNK6icu_5815Normalizer2Impl16getDecompositionEiPtRi,0x10
0x17ed60,_.pthread_once,0x10
0x17ed70,_.clock,0x10
0x17ed80,_.png_write_pHYs,0x10
0x17ed90,_.ZSTD_getFrameHeader_advanced,0x10
0x17eda0,_.HUF_readCTable,0x10
0x17edb0,_.memchr,0x10
0x17edc0,_.setlocale,0x10
0x17edd0,_.dladdr,0x10
0x17ede0,_._ZN4FMOD6System11createSoundEPKcjP22FMOD_CREATESOUNDEXINFOPPNS_5SoundE,0x10
0x17edf0,_.ZSTD_DDict_dictSize,0x10
0x17ee00,_._ZNSt9exceptionD2Ev,0x10
0x17ee10,_._ZN8safe_jni11SetActivityEP8_jobject,0x10
0x17ee20,_.png_free_data,0x10
0x17ee30,_._ZN8safe_jni7ConvertIN18safe_jni_generated7android7content3res19AssetFileDescriptorEvE3SigEv,0x10
0x17ee40,_._ZN6yoozoo20ScOnSuperSdkListener11setListenerEPNS_16ScYoozooListenerE,0x10
0x17ee50,_.ZSTD_fseBitCost,0x10
0x17ee60,_.ft_mem_alloc,0x10
0x17ee70,_.glClear,0x10
0x17ee80,_.FT_Gzip_Uncompress,0x10
0x17ee90,_.png_set_longjmp_fn,0x10
0x17eea0,_.glTexParameterf,0x10
0x17eeb0,_.png_set_gamma_fixed,0x10
0x17eec0,_.pthread_getschedparam,0x10
0x17eed0,_._ZN4FMOD6System13getNumDriversEPi,0x10
0x17eee0,_.glEnable,0x10
0x17eef0,_.png_set_sCAL_s,0x10
0x17ef00,_.__vsnprintf_chk,0x10
0x17ef10,_._ZN8safe_jni9FindClassEPKc,0x10
0x17ef20,_._ZN6yoozoo8ScYoozoo11getOpGameIdEv,0x10
0x17ef30,_.ZSTD_referenceExternalSequences,0x10
0x17ef40,_.FT_New_GlyphSlot,0x10
0x17ef50,_.ft_module_get_service,0x10
0x17ef60,_._ZNKSt13runtime_error4whatEv,0x10
0x17ef70,_.png_set_expand_gray_1_2_4_to_8,0x10
0x17ef80,_._ZN6icu_5816ReorderingBuffer9appendBMPEthR10UErrorCode,0x10
0x17ef90,_.FT_Load_Sfnt_Table,0x10
0x17efa0,_.strdup,0x10
0x17efb0,_.time,0x10
0x17efc0,_._ZN8linecorp4nova7NovaSDK14getAuthManagerEv,0x10
0x17efd0,_._ZN6yoozoo8ScYoozoo6logoutEv,0x10
0x17efe0,_._ZN8safe_jni7ConvertIN6yoozoo7android3app8ActivityEvE3SigEv,0x10
0x17eff0,_._ZNSt6__ndk14stoiERKNS_12basic_stringIcNS_11char_traitsIcEENS_9allocatorIcEEEEPmi,0x10
0x17f000,_.png_chunk_report,0x10
0x17f010,_.ZSTD_estimateCCtxSize_usingCCtxParams,0x10
0x17f020,_.png_check_fp_string,0x10
0x17f030,_._ZNSt6__ndk17promiseIvED1Ev,0x10
0x17f040,_._ZN6yoozoo3com8supersdk7openapi18OnSuperSDKListenerC2Ev,0x10
0x17f050,_.png_check_fp_number,0x10
0x17f060,_.tolower,0x10
0x17f070,_.select,0x10
0x17f080,_.pthread_mutex_lock,0x10
0x17f090,_._ZNSt13runtime_errorD2Ev,0x10
0x17f0a0,_.HIST_count_simple,0x10
0x17f0b0,_._ZNSt13exception_ptrC1ERKS_,0x10
0x17f0c0,_.__strncpy_chk,0x10
0x17f0d0,_.ZSTD_fillDoubleHashTable,0x10
0x17f0e0,_.eglChooseConfig,0x10
0x17f0f0,_.setsockopt,0x10
0x17f100,_._ZN6yoozoo8ScYoozoo7onPauseEv,0x10
0x17f110,_.FT_New_Memory,0x10
0x17f120,_._ZN6icu_5813UnicodeString13releaseBufferEi,0x10
0x17f130,_._ZNSt6__ndk16futureIvE3getEv,0x10
0x17f140,_.srand,0x10
0x17f150,_.socket,0x10
0x17f160,_.png_set_bKGD,0x10
0x17f170,_.sentry_value_new_string,0x10
0x17f180,_.uprv_malloc_58,0x10
0x17f190,_.__cxa_atexit,0x10
0x17f1a0,_.ZSTD_writeLastEmptyBlock,0x10
0x17f1b0,_._ZN18safe_jni_generated4java4lang7reflect6Method7getNameEv,0x10
0x17f1c0,_._ZNK4asio10io_context19basic_executor_typeINSt6__ndk19allocatorIvEELj4EE7executeINS_6detail17executor_functionEEEvOT_,0x10
0x17f1d0,_.png_write_IHDR,0x10
0x17f1e0,_.glGetBooleanv,0x10
0x17f1f0,_.png_handle_gAMA,0x10
0x17f200,_.sentry_value_new_event,0x10
0x17f210,_._ZN8safe_jni8functionIN4miit3com3bun8miitmdid10interfaces10IdSupplierE6StringEclIJEEES7_P8_jobjectDpT_,0x10
0x17f220,_._ZNSt6__ndk115__thread_structC1Ev,0x10
0x17f230,_._ZN6yoozoo8ScYoozoo9onDestroyEv,0x10
0x17f240,_.difftime,0x10
0x17f250,_.ZSTD_updateTree,0x10
0x17f260,_.ungetc,0x10
0x17f270,_.png_convert_to_rfc1123_buffer,0x10
0x17f280,_.HUF_decompress1X_usingDTable_bmi2,0x10
0x17f290,_._ZN4asio2ip22basic_resolver_resultsINS0_3tcpEE6createEP8addrinfoRKNSt6__ndk112basic_stringIcNS6_11char_traitsIcEENS6_9allocatorIcEEEESE_,0x10
0x17f2a0,_._ZN8safe_jni5GetVmEv,0x10
0x17f2b0,_.ZSTD_customMalloc,0x10
0x17f2c0,_.ERR_getErrorString,0x10
0x17f2d0,_._ZN6yoozoo8ScYoozoo32showGuestModeAntiAddictionPromptEv,0x10
0x17f2e0,_.eglSwapBuffers,0x10
0x17f2f0,_.ANativeWindow_release,0x10
0x17f300,_.png_calculate_crc,0x10
0x17f310,_.png_write_tIME,0x10
0x17f320,_.png_read_image,0x10
0x17f330,_.png_set_tRNS,0x10
0x17f340,_.png_handle_sRGB,0x10
0x17f350,_._ZN4FMOD6System9playSoundEPNS_5SoundEPNS_12ChannelGroupEbPPNS_7ChannelE,0x10
0x17f360,_._Znwm,0x10
0x17f370,_._ZN18safe_jni_generated3com7android15installreferrer3api15ReferrerDetailsC2EP8_jobject,0x10
0x17f380,_.png_set_read_user_transform_fn,0x10
0x17f390,_._ZNK8safe_jni15static_propertyIN6yoozoo3com5youzu5bcore4base10BCoreConst6configE6StringEcvS8_Ev,0x10
0x17f3a0,_.sentry_set_user,0x10
0x17f3b0,_._ZNK6icu_5815Normalizer2Impl19getRawDecompositionEiPtRi,0x10
0x17f3c0,_._ZN4asio6detail10socket_ops7connectEiPK8sockaddrmRNSt6__ndk110error_codeE,0x10
0x17f3d0,_.png_save_int_32,0x10
0x17f3e0,_._ZNK6icu_5815Normalizer2Impl7makeFCDEPKtS2_PNS_16ReorderingBufferER10UErrorCode,0x10
0x17f3f0,_.FT_Get_Glyph_Name,0x10
0x17f400,_._ZNSt6__ndk115future_categoryEv,0x10
0x17f410,_.glStencilMask,0x10
0x17f420,_.png_handle_iTXt,0x10
0x17f430,_.FTC_ImageCache_New,0x10
0x17f440,_.glBlendEquation,0x10
0x17f450,_._ZN8safe_jni8functionIN18safe_jni_generated3com7android15installreferrer3api21InstallReferrerClientEvEclIJNS5_28InstallReferrerStateListenerEEEEvP8_jobjectDpT_,0x10
0x17f460,_.FT_Set_Transform,0x10
0x17f470,_.glActiveTexture,0x10
0x17f480,_.ft_corner_is_flat,0x10
0x17f490,_.FT_Stream_ReadUShort,0x10
0x17f4a0,_._ZN6yoozoo3com8supersdk7openapi8SuperSDK9lifecycle7onPauseEv,0x10
0x17f4b0,_.ZSTD_crossEntropyCost,0x10
0x17f4c0,_._ZdlPv,0x10
0x17f4d0,_.pthread_mutex_destroy,0x10
0x17f4e0,_.FT_Stream_GetUShort,0x10
0x17f4f0,_.FT_Get_Module_Interface,0x10
0x17f500,_._ZN4asio6detail9schedulerC2ERNS_17execution_contextEib,0x10
0x17f510,_.ZSTD_compressBound,0x10
0x17f520,_.wmemchr,0x10
0x17f530,_.__cxa_guard_acquire,0x10
0x17f540,_.strnlen,0x10
0x17f550,_.FT_Get_Module,0x10
0x17f560,_.getpid,0x10
0x17f570,_.png_do_invert,0x10
0x17f580,_._ZNSt6__ndk19to_stringEi,0x10
0x17f590,_.readdir,0x10
0x17f5a0,_.AAssetDir_getNextFileName,0x10
0x17f5b0,_.FT_New_Library,0x10
0x17f5c0,_.glTexParameteri,0x10
0x17f5d0,_.glFramebufferRenderbuffer,0x10
0x17f5e0,_._ZN4FMOD6System17getSoftwareFormatEPiP16FMOD_SPEAKERMODES1_,0x10
0x17f5f0,_._ZN4asio6detail9schedulerD2Ev,0x10
0x17f600,_._ZSt17rethrow_exceptionSt13exception_ptr,0x10
0x17f610,_.rand,0x10
0x17f620,_.FT_Stream_Seek,0x10
0x17f630,_._ZN6icu_5813UnicodeString9getBufferEi,0x10
0x17f640,_.ft_hash_str_insert,0x10
0x17f650,_.FT_Stream_Skip,0x10
0x17f660,_.glStencilOp,0x10
0x17f670,_.png_read_filter_row,0x10
0x17f680,_._ZN6yoozoo8ScYoozoo17openUserAgreementEv,0x10
0x17f690,_.socketpair,0x10
0x17f6a0,_.glBindBuffer,0x10
0x17f6b0,_._ZN8safe_jni8functionIN18safe_jni_generated3com7android15installreferrer3api15ReferrerDetailsElEclIJEEElP8_jobjectDpT_,0x10
0x17f6c0,_._ZN18safe_jni_generated4java4lang6System16identityHashCodeERKNS1_6ObjectE,0x10
0x17f6d0,_.POOL_create_advanced,0x10
0x17f6e0,_.FT_Outline_Done,0x10
0x17f6f0,_._ZN8safe_jni15static_functionIN4miit3com3bun8miitmdid4core13MdidSdkHelperEiEclIJNS1_7android7content7ContextEbNS4_10interfaces19IIdentifierListenerEEEEiDpT_,0x10
0x17f700,_.png_build_gamma_table,0x10
0x17f710,_.recvfrom,0x10
0x17f720,_.png_icc_check_tag_table,0x10
0x17f730,_.__open_2,0x10
0x17f740,_.ft_mem_realloc,0x10
0x17f750,_.FSE_buildCTable_wksp,0x10
0x17f760,_.png_user_version_check,0x10
0x17f770,_.strncpy,0x10
0x17f780,_.strcpy,0x10
0x17f790,_.getenv,0x10
0x17f7a0,_.ZSTD_CCtxParams_getParameter,0x10
0x17f7b0,_.png_muldiv,0x10
0x17f7c0,_.ZSTDMT_createCCtx_advanced,0x10
0x17f7d0,_.FT_Get_Next_Char,0x10
0x17f7e0,_.png_write_tRNS,0x10
0x17f7f0,_.glUniform4fv,0x10
0x17f800,_._ZNSt6__ndk114error_categoryD2Ev,0x10
0x17f810,_.__errno,0x10
0x17f820,_._ZN18safe_jni_generated3com7android15installreferrer3api15ReferrerDetails18getInstallReferrerEv,0x10
0x17f830,_.FT_Stream_ReadUOffset,0x10
0x17f840,_.png_read_start_row,0x10
0x17f850,_.FT_Remove_Module,0x10
0x17f860,_.memmove,0x10
0x17f870,_.HUF_estimateCompressedSize,0x10
0x17f880,_._ZN6yoozoo8ScYoozoo22onConfigurationChangedEP8_jobject,0x10
0x17f890,_.ZSTD_decodeSeqHeaders,0x10
0x17f8a0,_.strtol,0x10
0x17f8b0,_.FT_Done_GlyphSlot,0x10
0x17f8c0,_._ZN8safe_jni8functionIN18safe_jni_generated4java4lang7reflect6MethodE6StringEclIJEEES6_P8_jobjectDpT_,0x10
0x17f8d0,_._ZN4miit3com3bun8miitmdid10interfaces10IdSupplier7getVAIDEv,0x10
0x17f8e0,_._ZNSt6__ndk15mutexD1Ev,0x10
0x17f8f0,_.FSE_readNCount,0x10
0x17f900,_._ZNSt6__ndk115system_categoryEv,0x10
0x17f910,_.fmod,0x10
0x17f920,_.FT_Done_Memory,0x10
0x17f930,_.FT_Done_Face,0x10
0x17f940,_._ZN8safe_jni15static_functionIN6yoozoo3com8supersdk7openapi8SuperSDKE6StringEclIJS6_S6_NS1_4java4util3MapEEEES6_DpT_,0x10
0x17f950,_.sleep,0x10
0x17f960,_.glGenRenderbuffers,0x10
0x17f970,_._ZN4asio6detail13epoll_reactorC2ERNS_17execution_contextE,0x10
0x17f980,_.puts,0x10
0x17f990,_._ZN6icu_5813UnicodeString5setToEaPKti,0x10
0x17f9a0,_._ZN4FMOD12ChannelGroup7releaseEv,0x10
0x17f9b0,_._ZNSt6__ndk15mutex4lockEv,0x10
0x17f9c0,_.ZSTD_customCalloc,0x10
0x17f9d0,_._ZN4asio6detail9scheduler3runERNSt6__ndk110error_codeE,0x10
0x17f9e0,_.pthread_setname_np,0x10
0x17f9f0,_.wcstombs,0x10
0x17fa00,_._ZN8safe_jni17callInterfaceFuncIvJiEJLm0EELi0EEEP8_jobjectRNSt6__ndk18functionIFvRNS_5ProxyEDpT0_EEES6_P13_jobjectArrayNS3_16integer_sequenceImJXspT1_EEEE,0x10
0x17fa10,_.glGetIntegerv,0x10
0x17fa20,_.ZSTD_getDictID_fromDict,0x10
0x17fa30,_.png_read_sig,0x10
0x17fa40,_.ioctl,0x10
0x17fa50,_.FT_GlyphLoader_Rewind,0x10
0x17fa60,_.HUF_decompress1X_DCtx_wksp,0x10
0x17fa70,_._ZN8safe_jni7ConvertINSt6__ndk16vectorIP7_jclassNS1_9allocatorIS4_EEEEvE3SigEv,0x10
0x17fa80,_._ZN4miit6ScMiitC2Ev,0x10
0x17fa90,_.fdopen,0x10
0x17faa0,_.ZSTD_decompress,0x10
0x17fab0,_._ZN18safe_jni_generated4java4lang7IntegerC2EP8_jobject,0x10
0x17fac0,_.glGetProgramiv,0x10
0x17fad0,_._ZNK6icu_5815Normalizer2Impl16makeFCDAndAppendEPKtS2_aRNS_13UnicodeStringERNS_16ReorderingBufferER10UErrorCode,0x10
0x17fae0,_._ZN8linecorp4nova7NovaSDK11getInstanceEv,0x10
0x17faf0,_.POOL_sizeof,0x10
0x17fb00,_.POOL_resize,0x10
0x17fb10,_._ZN8safe_jni7ConvertIN18safe_jni_generated4java4lang11ClassLoaderEvE12CallFunctionEP10_jmethodIDP8_jobjectz,0x10
0x17fb20,_.mbstowcs,0x10
0x17fb30,_.png_set_expand,0x10
0x17fb40,_._ZN8safe_jni8functionIN4miit3com3bun8miitmdid10interfaces10IdSupplierEbEclIJEEEbP8_jobjectDpT_,0x10
0x17fb50,_.png_set_hIST,0x10
0x17fb60,_._ZN8safe_jni8functionIN6yoozoo4java4util7HashMapENS2_4lang6ObjectEEclIJS6_S6_EEES6_P8_jobjectDpT_,0x10
0x17fb70,_.png_handle_unknown,0x10
0x17fb80,_.ZSTD_createDStream,0x10
0x17fb90,_._ZN4asio6detail13epoll_reactor16descriptor_state10perform_ioEj,0x10
0x17fba0,_._ZNSt11logic_errorD2Ev,0x10
0x17fbb0,_.pthread_equal,0x10
0x17fbc0,_.png_set_pCAL,0x10
0x17fbd0,_._ZN8safe_jni6GetCtxEv,0x10
0x17fbe0,_._ZN6yoozoo3com8supersdk7openapi8SuperSDK9lifecycle9onRestartEv,0x10
0x17fbf0,_.FT_Stream_Close,0x10
0x17fc00,_.FT_New_Memory_Face,0x10
0x17fc10,_._ZN8safe_jni8functionIN18safe_jni_generated3com7android15installreferrer3api21InstallReferrerClient7BuilderES6_EclIJEEES6_P8_jobjectDpT_,0x10
0x17fc20,_.mmap,0x10
0x17fc30,_.android_getCpuFeatures,0x10
0x17fc40,_._ZNSt6__ndk15mutex6unlockEv,0x10
0x17fc50,_.__cxa_free_exception,0x10
0x17fc60,_.FT_Bitmap_Convert,0x10
0x17fc70,_._ZN18safe_jni_generated3com7android15installreferrer3api21InstallReferrerClient10newBuilderERKNS_7android7content7ContextE,0x10
0x17fc80,_.HUF_compress1X_repeat,0x10
0x17fc90,_._ZNSt6__ndk119__shared_weak_count4lockEv,0x10
0x17fca0,_.glDeleteRenderbuffers,0x10
0x17fcb0,_._ZN6yoozoo4java4util3MapC2EP8_jobject,0x10
0x17fcc0,_.FMOD_System_Create,0x10
0x17fcd0,_._ZN8safe_jni7ConvertIN18safe_jni_generated7android7net3UriEvE3SigEv,0x10
0x17fce0,_.FT_Get_Sfnt_Name,0x10
0x17fcf0,_._ZN4asio6detail10socket_ops18non_blocking_recv1EiPvmibRNSt6__ndk110error_codeERm,0x10
0x17fd00,_.HUF_writeCTable,0x10
0x17fd10,_.strcasecmp,0x10
0x17fd20,_.FT_GlyphLoader_Done,0x10
0x17fd30,_.openlog,0x10
0x17fd40,_._ZN8safe_jni7ConvertIN4miit3com3bun8miitmdid10interfaces19IIdentifierListenerEvE3SigEv,0x10
0x17fd50,_.png_set_shift,0x10
0x17fd60,_.exp2,0x10
0x17fd70,_.sentry_value_set_by_key,0x10
0x17fd80,_.ZSTD_freeDStream,0x10
0x17fd90,_.pthread_join,0x10
0x17fda0,_.abort,0x10
0x17fdb0,_.sentry_shutdown,0x10
0x17fdc0,_._ZNSt6__ndk112__next_primeEm,0x10
0x17fdd0,_.close,0x10
0x17fde0,_.strcat,0x10
0x17fdf0,_._ZN4FMOD6System13getDriverInfoEiPciP9FMOD_GUIDPiP16FMOD_SPEAKERMODES4_,0x10
0x17fe00,_.png_set_filler,0x10
0x17fe10,_.glGetAttribLocation,0x10
0x17fe20,_.atan2f,0x10
0x17fe30,_.FT_Stream_GetUShortLE,0x10
0x17fe40,_.png_set_PLTE,0x10
0x17fe50,_._ZNSt6__ndk112__hash_tableINS_17__hash_value_typeIiNS_4pairIPN8safe_jni5ProxyEP8_jobjectEEEENS_22__unordered_map_hasherIiS9_NS_4hashIiEELb1EEENS_21__unordered_map_equalIiS9_NS_8equal_toIiEELb1EEENS_9allocatorIS9_EEE6rehashEm,0x10
0x17fe60,_.png_set_write_fn,0x10
0x17fe70,_.glPixelStorei,0x10
0x17fe80,_.FT_Stream_ReadAt,0x10
0x17fe90,_.png_chunk_warning,0x10
0x17fea0,_._ZN4asio6detail9scheduler9init_taskEv,0x10
0x17feb0,_._Znam,0x10
0x17fec0,_.mkdir,0x10
0x17fed0,_.glRenderbufferStorage,0x10
0x17fee0,_.png_write_IEND,0x10
0x17fef0,_.FT_Request_Size,0x10
0x17ff00,_._ZNSt6__ndk115recursive_mutex6unlockEv,0x10
0x17ff10,_.FT_Stream_ReadChar,0x10
0x17ff20,_._ZN4asio2ip20basic_resolver_entryINS0_3tcpEEC2ERKNS0_14basic_endpointIS2_EENSt6__ndk117basic_string_viewIcNS8_11char_traitsIcEEEESC_,0x10
0x17ff30,_._ZN6yoozoo3com8supersdk7openapi18OnSuperSDKListener6invokeEP10_jmethodIDP13_jobjectArray,0x10
0x17ff40,_.__cxa_allocate_exception,0x10
0x17ff50,_._ZN4asio6detail13epoll_reactor16descriptor_stateD2Ev,0x10
0x17ff60,_._ZNK6icu_5815Normalizer2Impl9decomposeEPKtS2_PNS_16ReorderingBufferER10UErrorCode,0x10
0x17ff70,_.fputc,0x10
0x17ff80,_.glVertexAttribPointer,0x10
0x17ff90,_._ZNSt6__ndk19to_stringEm,0x10
0x17ffa0,_.ZSTD_compressSuperBlock,0x10
0x17ffb0,_.ZSTD_ldm_skipRawSeqStoreBytes,0x10
0x17ffc0,_.sendto,0x10
0x17ffd0,_.FT_CMap_New,0x10
0x17ffe0,_.pause,0x10
0x17fff0,_.read,0x10
0x180000,_.png_set_interlace_handling,0x10
0x180010,_.FT_Done_FreeType,0x10
0x180020,_.glBindAttribLocation,0x10
0x180030,_.glDeleteTextures,0x10
0x180040,_.png_read_IDAT_data,0x10
0x180050,_.glGetError,0x10
0x180060,_._ZN8safe_jni7ConvertIN18safe_jni_generated3com7android15installreferrer3api15ReferrerDetailsEvE12CallFunctionEP10_jmethodIDP8_jobjectz,0x10
0x180070,_.__cxa_throw,0x10
0x180080,_.FT_Stream_EnterFrame,0x10
0x180090,_.png_set_mem_fn,0x10
0x1800a0,_.ft_validator_error,0x10
0x1800b0,_._ZNSt6__ndk112system_errorD1Ev,0x10
0x1800c0,_.ZSTD_fillHashTable,0x10
0x1800d0,_.png_muldiv_warn,0x10
0x1800e0,_.eglCreateWindowSurface,0x10
0x1800f0,_._ZNSt6__ndk16chrono12system_clock3nowEv,0x10
0x180100,_._ZN6yoozoo8ScYoozoo8onCreateEv,0x10
0x180110,_.FT_Outline_EmboldenXY,0x10
0x180120,_._ZN6icu_5813UnicodeStringaSERKS0_,0x10
0x180130,_._ZNSt6__ndk16localeC1ERKS0_,0x10
0x180140,_.png_do_read_interlace,0x10
0x180150,_._ZN6icu_5816ReorderingBuffer4initEiR10UErrorCode,0x10
0x180160,_._ZNSt13exception_ptrD1Ev,0x10
0x180170,_.FT_Stream_Free,0x10
0x180180,_._ZN6yoozoo3com9supercell5titan6yoozoo21PurchaseManagerYoozoo19handlePaymentResultEbRK6String,0x10
0x180190,_._ZN8safe_jni8functionIN18safe_jni_generated7android7content3res19AssetFileDescriptorENS2_2os20ParcelFileDescriptorEEclIJEEES7_P8_jobjectDpT_,0x10
0x1801a0,_.FT_Done_Size,0x10
0x1801b0,_.bsearch,0x10
0x1801c0,_.HUF_readDTableX2_wksp,0x10
0x1801d0,_.strchr,0x10
0x1801e0,_._ZN4asio6detail10socket_ops10getsockoptEihiiPvPmRNSt6__ndk110error_codeE,0x10
0x1801f0,_.png_set_text_2,0x10
0x180200,_.AAssetManager_open,0x10
0x180210,_.sentry_clear_modulecache,0x10
0x180220,_.png_set_IHDR,0x10
0x180230,_._ZN6yoozoo3com8supersdk7openapi8SuperSDK9lifecycle22onConfigurationChangedERKNS_7android7content3res13ConfigurationE,0x10
0x180240,_.HUF_optimalTableLog,0x10
0x180250,_.FT_Stream_ExtractFrame,0x10
0x180260,_.pthread_setspecific,0x10
0x180270,_.glDeleteShader,0x10
0x180280,_.png_read_finish_IDAT,0x10
0x180290,_.FT_Outline_New,0x10
0x1802a0,_.png_handle_IEND,0x10
0x1802b0,_.png_init_filter_functions_neon,0x10
0x1802c0,_._ZNK4asio10io_context19basic_executor_typeINSt6__ndk19allocatorIvEELj0EE7executeINS_6detail17executor_functionEEEvOT_,0x10
0x1802d0,_.png_ascii_from_fixed,0x10
0x1802e0,_._ZN8linecorp4nova11AuthManager5loginERKNSt6__ndk18functionIFvbPKcPKNS0_11CredentialsEPKNS0_5ErrorEEEE,0x10
0x1802f0,_._ZN4FMOD6System9setOutputE15FMOD_OUTPUTTYPE,0x10
0x180300,_.ZSTD_getFrameContentSize,0x10
0x180310,_.png_write_sRGB,0x10
0x180320,_._ZN18safe_jni_generated3com7android15installreferrer3api21InstallReferrerClient15startConnectionERKNS3_28InstallReferrerStateListenerE,0x10
0x180330,_.modf,0x10
0x180340,_._ZN8safe_jni15static_functionIN18safe_jni_generated4java4lang6SystemEiEclIJNS3_6ObjectEEEEiDpT_,0x10
0x180350,_._ZN6yoozoo8ScYoozoo14getExtendParamEi,0x10
0x180360,_._ZN4miit6ScMiit6getIdsEv,0x10
0x180370,_.HUF_readDTableX1_wksp_bmi2,0x10
0x180380,_.ft_mem_qalloc,0x10
0x180390,_.png_safecat,0x10
0x1803a0,_.ZSTDMT_getFrameProgression,0x10
0x1803b0,_.glBlendFunc,0x10
0x1803c0,_.FT_Matrix_Multiply_Scaled,0x10
0x1803d0,_.png_destroy_write_struct,0x10
0x1803e0,_.png_compress_IDAT,0x10
0x1803f0,_.FT_Add_Module,0x10
0x180400,_.FT_List_Finalize,0x10
0x180410,_.png_malloc_base,0x10
0x180420,_._ZN8safe_jni7ConvertIN4miit7android7content7ContextEvE3SigEv,0x10
0x180430,_._ZN6yoozoo3com8supersdk7openapi8SuperSDK12invokeStringERK6StringS6_RKNS_4java4util3MapE,0x10
0x180440,_.png_safe_execute,0x10
0x180450,_._ZN4asio6detail13posix_tss_ptrINS0_10call_stackINS0_14thread_contextENS0_16thread_info_baseEE7contextEEC2Ev,0x10
0x180460,_._ZN4asio6detail9scheduler25post_immediate_completionEPNS0_19scheduler_operationEb,0x10
0x180470,_.glUniformMatrix4fv,0x10
0x180480,_.strncat,0x10
0x180490,_.png_handle_tEXt,0x10
0x1804a0,_.glDrawArrays,0x10
0x1804b0,_._ZN6yoozoo20ScOnSuperSdkListenerC2Ev,0x10
0x1804c0,_.gettimeofday,0x10
0x1804d0,_.FT_Stream_ReadFields,0x10
0x1804e0,_.ZSTD_decompressContinue,0x10
0x1804f0,_.getaddrinfo,0x10
0x180500,_.ZSTD_decompressStream,0x10
0x180510,_.glUniform4f,0x10
0x180520,_.png_set_sBIT,0x10
0x180530,_.png_handle_pCAL,0x10
0x180540,_.ZSTD_compressContinue,0x10
0x180550,_._ZN4asio6detail13epoll_reactor3runElRNS0_8op_queueINS0_19scheduler_operationEEE,0x10
0x180560,_._ZN6yoozoo8ScYoozoo4initEPNS_16ScYoozooListenerE,0x10
0x180570,_.FT_Stream_OpenGzip,0x10
0x180580,_.png_do_write_transformations,0x10
0x180590,_.vfprintf,0x10
0x1805a0,_.ZSTD_estimateCStreamSize_usingCParams,0x10
0x1805b0,_.png_write_iCCP,0x10
0x1805c0,_.png_set_gAMA_fixed,0x10
0x1805d0,_.FT_Vector_NormLen,0x10
0x1805e0,_._ZN8linecorp4nova7NovaSDK10initializeERKNS0_17NovaConfigurationE,0x10
0x1805f0,_.FT_Get_Advances,0x10
0x180600,_.FT_Render_Glyph_Internal,0x10
0x180610,_._ZNSt13runtime_errorC2EPKc,0x10
0x180620,_.FTC_ImageCache_LookupScaler,0x10
0x180630,_._ZN8safe_jni7ConvertIN18safe_jni_generated7android2os20ParcelFileDescriptorEvE3SigEv,0x10
0x180640,_.FT_Raccess_Get_HeaderInfo,0x10
0x180650,_.HUF_compress4X_usingCTable,0x10
0x180660,_._ZdaPv,0x10
0x180670,_.png_crc_finish,0x10
0x180680,_._ZN6yoozoo4java4util7HashMap3putERKNS0_4lang6ObjectES6_,0x10
0x180690,_.png_write_tEXt,0x10
0x1806a0,_.png_calloc,0x10
0x1806b0,_._ZN6yoozoo8ScYoozoo11getDeviceIdEv,0x10
0x1806c0,_.qsort,0x10
0x1806d0,_._ZN4FMOD7Channel12getFrequencyEPf,0x10
0x1806e0,_.closelog,0x10
0x1806f0,_.png_gamma_8bit_correct,0x10
0x180700,_._ZN4miit3com3bun8miitmdid10interfaces19IIdentifierListener6invokeEP10_jmethodIDP13_jobjectArray,0x10
0x180710,_.fmodf,0x10
0x180720,_.FT_Outline_New_Internal,0x10
0x180730,_._ZN4FMOD6System19setStreamBufferSizeEjj,0x10
0x180740,_._ZN4miit3com3bun8miitmdid10interfaces10IdSupplierC2EP8_jobject,0x10
0x180750,_.png_chunk_benign_error,0x10
0x180760,_.ZSTD_seqToCodes,0x10
0x180770,_._ZN4miit3com3bun8miitmdid10interfaces10IdSupplier7getAAIDEv,0x10
0x180780,_._ZN4asio10io_context19basic_executor_typeINSt6__ndk19allocatorIvEELj4EED2Ev,0x10
0x180790,_.png_write_sCAL_s,0x10
0x1807a0,_._ZN8safe_jni17callInterfaceFuncIvJ6StringS1_S1_EJLm0ELm1ELm2EELi0EEEP8_jobjectRNSt6__ndk18functionIFvRNS_5ProxyEDpT0_EEES7_P13_jobjectArrayNS4_16integer_sequenceImJXspT1_EEEE,0x10
0x1807b0,_._ZN6yoozoo8ScYoozoo6onStopEv,0x10
0x1807c0,_._ZN18safe_jni_generated26registerJavaNativeFunctionEv,0x10
0x1807d0,_._ZNKSt6__ndk119__shared_weak_count13__get_deleterERKSt9type_info,0x10
0x1807e0,_.HIST_countFast_wksp,0x10
0x1807f0,_.png_do_strip_channel,0x10
0x180800,_._ZN8safe_jni7ConvertIN18safe_jni_generated3com7android15installreferrer3api28InstallReferrerStateListenerEvE3SigEv,0x10
0x180810,_._ZN4FMOD6System5closeEv,0x10
0x180820,_.FT_RoundFix,0x10
0x180830,_.ZSTD_XXH64_digest,0x10
0x180840,_.ft_validator_init,0x10
0x180850,_.glGetProgramInfoLog,0x10
0x180860,_.png_handle_sCAL,0x10
0x180870,_.eglCreateContext,0x10
0x180880,_.FT_MulFix,0x10
0x180890,_.png_handle_PLTE,0x10
0x1808a0,_.acosf,0x10
0x1808b0,_.strftime,0x10
0x1808c0,_.fopen,0x10
0x1808d0,_._ZNSt6__ndk115__thread_structD1Ev,0x10
0x1808e0,_.glUniform1fv,0x10
0x1808f0,_._ZN8safe_jni7ConvertIN18safe_jni_generated7android7content15ContentResolverEvE3SigEv,0x10
0x180900,_.png_flush,0x10
0x180910,_._ZN8safe_jni7ConvertIN18safe_jni_generated3com7android15installreferrer3api21InstallReferrerClientEvE3SigEv,0x10
0x180920,_.__cxa_guard_abort,0x10
0x180930,_.ZSTD_resetSeqStore,0x10
0x180940,_.glCompileShader,0x10
0x180950,_.dlsym,0x10
0x180960,_.fseek,0x10
0x180970,_.__openat_2,0x10
0x180980,_.FT_Outline_Transform,0x10
0x180990,_.FT_GlyphLoader_CheckSubGlyphs,0x10
0x1809a0,_.png_image_error,0x10
0x1809b0,_.syslog,0x10
0x1809c0,_._ZN4FMOD6System4initEijPv,0x10
0x1809d0,_.FT_Init_FreeType,0x10
0x1809e0,_.png_handle_sBIT,0x10
0x1809f0,_._ZN6yoozoo8ScYoozoo16getEventFuncNameERKNS0_9EventTypeE,0x10
0x180a00,_.ZSTD_cycleLog,0x10
0x180a10,_.FT_Vector_Rotate,0x10
0x180a20,_._ZNSt13runtime_errorD1Ev,0x10
0x180a30,_.FT_Stream_Open,0x10
0x180a40,_.ft_lzwstate_io,0x10
0x180a50,_._ZnwmRKSt9nothrow_t,0x10
0x180a60,_.sentry_add_breadcrumb,0x10
0x180a70,_._ZN18safe_jni_generated4java4lang7reflect17InvocationHandlerC2EP8_jobject,0x10
0x180a80,_.getsockname,0x10
0x180a90,_._ZN18safe_jni_generated3com7android15installreferrer3api21InstallReferrerClient7Builder5buildEv,0x10
0x180aa0,_.eglGetDisplay,0x10
0x180ab0,_._ZNSt6__ndk117__assoc_sub_state4waitEv,0x10
0x180ac0,_.ft_property_string_set,0x10
0x180ad0,_.FSE_compress_wksp,0x10
0x180ae0,_._ZN4asio6detail27conditionally_enabled_mutexC2Eb,0x10
0x180af0,_.png_destroy_info_struct,0x10
0x180b00,_.png_set_cHRM_fixed,0x10
0x180b10,_.FT_Stream_ReleaseFrame,0x10
0x180b20,_.png_set_palette_to_rgb,0x10
0x180b30,_._ZN4asio6detail12posix_threadC2INS0_21resolver_service_base21work_scheduler_runnerEEET_j,0x10
0x180b40,_.asinf,0x10
0x180b50,_.opendir,0x10
0x180b60,_.png_create_png_struct,0x10
0x180b70,_._ZN4asio6detail13epoll_reactorD2Ev,0x10
0x180b80,_.vsnprintf,0x10
0x180b90,_.ft_hash_str_lookup,0x10
0x180ba0,_.glUniform1f,0x10
0x180bb0,_.png_set_tIME,0x10
0x180bc0,_.glBufferData,0x10
0x180bd0,_.ZSTD_sizeof_DDict,0x10
0x180be0,_.connect,0x10
0x180bf0,_.png_colorspace_set_ICC,0x10
0x180c00,_.ft_mem_qrealloc,0x10
0x180c10,_.png_set_packing,0x10
0x180c20,_._ZN4asio6detail9scheduler10do_run_oneERNS0_27conditionally_enabled_mutex11scoped_lockERNS0_21scheduler_thread_infoERKNSt6__ndk110error_codeE,0x10
0x180c30,_.localtime_r,0x10
0x180c40,_.sysconf,0x10
0x180c50,_._ZN8safe_jni7ConvertIN18safe_jni_generated3com7android15installreferrer3api21InstallReferrerClient7BuilderEvE3SigEv,0x10
0x180c60,_.__strrchr_chk,0x10
0x180c70,_._ZN4FMOD6System13setFileSystemEPF11FMOD_RESULTPKcPjPPvS5_EPFS1_S5_S5_EPFS1_S5_S5_jS4_S5_EPFS1_S5_jS5_EPFS1_P18FMOD_ASYNCREADINFOS5_ESI_i,0x10
0x180c80,_._ZN18safe_jni_generated7android7content15ContentResolverC2EP8_jobject,0x10
0x180c90,_.png_gamma_16bit_correct,0x10
0x180ca0,_.FT_Select_Size,0x10
0x180cb0,_.pthread_cond_wait,0x10
0x180cc0,_._ZNSt6__ndk18ios_base4InitC2Ev,0x10
0x180cd0,_.popen,0x10
0x180ce0,_.dirfd,0x10
0x180cf0,_._ZN4asio6detail28reactive_socket_service_base16start_connect_opERNS1_24base_implementation_typeEPNS0_10reactor_opEbPK8sockaddrm,0x10
0x180d00,_.png_set_keep_unknown_chunks,0x10
0x180d10,_._ZN4asio6detail10socket_ops10setsockoptEiRhiiPKvmRNSt6__ndk110error_codeE,0x10
0x180d20,_._ZN6yoozoo3com8supersdk7openapi8SuperSDK9lifecycle7onStartEv,0x10
0x180d30,_.png_handle_sPLT,0x10
0x180d40,_.glUniform3f,0x10
0x180d50,_.png_free,0x10
0x180d60,_.png_free_jmpbuf,0x10
0x180d70,_.ft_hash_num_insert,0x10
0x180d80,_.memcmp,0x10
0x180d90,_.eglGetProcAddress,0x10
0x180da0,_.ZSTD_compressLiterals,0x10
0x180db0,_.atof,0x10
0x180dc0,_.png_set_gray_to_rgb,0x10
0x180dd0,_.HUF_compress4X_repeat,0x10
0x180de0,_.eglMakeCurrent,0x10
0x180df0,_.epoll_wait,0x10
0x180e00,_.png_set_scale_16,0x10
0x180e10,_.FT_MulDiv,0x10
0x180e20,_._ZNSt6__ndk112future_errorC1ENS_10error_codeE,0x10
0x180e30,_.pthread_cond_init,0x10
0x180e40,_.png_do_swap,0x10
0x180e50,_.glGetShaderInfoLog,0x10
0x180e60,_._ZN4FMOD14ChannelControl9setPausedEb,0x10
0x180e70,_.glCreateShader,0x10
0x180e80,_.eglGetConfigAttrib,0x10
0x180e90,_.__memcpy_chk,0x10
0x180ea0,_._ZN8safe_jni8functionIN18safe_jni_generated4java4lang7IntegerEiEclIJEEEiP8_jobjectDpT_,0x10
0x180eb0,_._ZNK6icu_5815Normalizer2Impl20hasCompBoundaryAfterEiaa,0x10
0x180ec0,_.FSE_compress_usingCTable,0x10
0x180ed0,_.png_chunk_unknown_handling,0x10
0x180ee0,_.FSE_optimalTableLog_internal,0x10
0x180ef0,_.png_colorspace_set_rgb_coefficients,0x10
0x180f00,_.png_read_row,0x10
0x180f10,_._ZN8safe_jni8functionIN18safe_jni_generated3com7android15installreferrer3api21InstallReferrerClientEvEclIJEEEvP8_jobjectDpT_,0x10
0x180f20,_.png_init_read_transformations,0x10
0x180f30,_.FT_MulDiv_No_Round,0x10
0x180f40,_._ZN6yoozoo4java4lang6ObjectC2EP8_jobject,0x10
0x180f50,_._ZN4asio6detail26eventfd_select_interrupter16open_descriptorsEv,0x10
0x180f60,_.ft_corner_orientation,0x10
0x180f70,_.glColorMask,0x10
0x180f80,_.pthread_exit,0x10
0x180f90,_.png_fixed_error,0x10
0x180fa0,_.ZSTD_XXH64_update,0x10
0x180fb0,_.png_set_invert_alpha,0x10
0x180fc0,_.ZSTD_sizeof_CDict,0x10
0x180fd0,_.pthread_self,0x10
0x180fe0,_.pthread_condattr_init,0x10
0x180ff0,_.ZSTD_compressRleLiteralsBlock,0x10
0x181000,_.af_shaper_get_cluster,0x10
0x181010,_._ZN4FMOD6System12mixerSuspendEv,0x10
0x181020,_._ZN4asio6detail28reactive_socket_service_base7destroyERNS1_24base_implementation_typeE,0x10
0x181030,_._ZN8safe_jni15static_functionIN6yoozoo3com9supercell5titan6yoozoo21PurchaseManagerYoozooEvEclIJb6StringEEEvDpT_,0x10
0x181040,_.strtof,0x10
0x181050,_.FT_GlyphLoader_CheckPoints,0x10
0x181060,_._ZN4asio6detail13epoll_reactor21deregister_descriptorEiRPNS1_16descriptor_stateEb,0x10
0x181070,_.png_fixed,0x10
0x181080,_.ft_hash_str_free,0x10
0x181090,_._ZNSt6__ndk112system_errorC1ENS_10error_codeE,0x10
0x1810a0,_.FT_Get_Char_Index,0x10
0x1810b0,_.glDeleteFramebuffers,0x10
0x1810c0,_.ferror,0x10
0x1810d0,_.glIsEnabled,0x10
0x1810e0,_._ZN6yoozoo8ScYoozoo10startLoginEv,0x10
0x1810f0,_._ZN6yoozoo7android7content3res13ConfigurationC2EP8_jobject,0x10
0x181100,_._ZNK6icu_5815Normalizer2Impl21hasCompBoundaryBeforeEit,0x10
0x181110,_.ZSTD_XXH64_reset,0x10
0x181120,_._ZN8safe_jni7ConvertIN18safe_jni_generated7android7content3res19AssetFileDescriptorEvE12CallFunctionEP10_jmethodIDP8_jobjectz,0x10
0x181130,_.ZSTD_getcBlockSize,0x10
0x181140,_.png_write_chunk,0x10
0x181150,_._ZN18safe_jni_generated3com7android15installreferrer3api21InstallReferrerClient13endConnectionEv,0x10
0x181160,_._ZN4FMOD14ChannelControl9setVolumeEf,0x10
0x181170,_.png_handle_oFFs,0x10
0x181180,_._ZNK6icu_5815Normalizer2Impl20getFCD16FromNormDataEi,0x10
0x181190,_._ZN8safe_jni7ConvertI6StringvE15GetStaticMemberEP7_jclassP9_jfieldID,0x10
0x1811a0,_.glBindFramebuffer,0x10
0x1811b0,_.png_write_oFFs,0x10
0x1811c0,_.png_get_rowbytes,0x10
0x1811d0,_.FT_Get_Kerning,0x10
0x1811e0,_.png_do_check_palette_indexes,0x10
0x1811f0,_._ZN4FMOD14ChannelControl8setPitchEf,0x10
0x181200,_._ZN6yoozoo8ScYoozoo8onResumeEv,0x10
0x181210,_.png_icc_check_header,0x10
0x181220,_.png_combine_row,0x10
0x181230,_.ft_mem_strcpyn,0x10
0x181240,_.__cxa_begin_catch,0x10
0x181250,_.atoi,0x10
0x181260,_._ZN8safe_jni7ConvertIN6yoozoo4java4lang6ObjectEvE12CallFunctionEP10_jmethodIDP8_jobjectz,0x10
0x181270,_.FT_Vector_Length,0x10
0x181280,_.__memset_chk,0x10
0x181290,_._ZNSt6__ndk16thread4joinEv,0x10
0x1812a0,_.png_sig_cmp,0x10
0x1812b0,_.glGetUniformLocation,0x10
0x1812c0,_.png_handle_pHYs,0x10
0x1812d0,_.FT_Stream_Pos,0x10
0x1812e0,_._ZNSt6__ndk112system_errorC1ENS_10error_codeEPKc,0x10
0x1812f0,_._ZNK6icu_5815Normalizer2Impl16composeAndAppendEPKtS2_aaRNS_13UnicodeStringERNS_16ReorderingBufferER10UErrorCode,0x10
0x181300,_.FT_Load_Glyph,0x10
0x181310,_.ZSTD_cParam_getBounds,0x10
0x181320,_.FSE_buildCTable_rle,0x10
0x181330,_.png_longjmp,0x10
0x181340,_.glGenTextures,0x10
0x181350,_.FT_New_Face,0x10
0x181360,_.cbrtf,0x10
0x181370,_.ft_glyphslot_set_bitmap,0x10
0x181380,_._ZNSt6__ndk17promiseIN4miit6ScMiit3IdsEED2Ev,0x10
0x181390,_._ZNSt6__ndk115recursive_mutex4lockEv,0x10
0x1813a0,_._ZNKSt6__ndk18ios_base6getlocEv,0x10
0x1813b0,_.png_read_update_info,0x10
0x1813c0,_.png_write_sig,0x10
0x1813d0,_._ZN4FMOD7Channel11setPositionEjj,0x10
0x1813e0,_._ZN4asio6detail11posix_eventC2Ev,0x10
0x1813f0,_._ZN6yoozoo8ScYoozooC2Ev,0x10
0x181400,_.glGetString,0x10
0x181410,_.png_benign_error,0x10
0x181420,_.TT_New_Context,0x10
0x181430,_._ZN18safe_jni_generated3com5sistr7safejni11NativeProxyC2Ev,0x10
0x181440,_.png_set_packswap,0x10
0x181450,_.glCompressedTexImage2D,0x10
0x181460,_.png_create_read_struct,0x10
0x181470,_.FT_Select_Metrics,0x10
0x181480,_.epoll_create,0x10
0x181490,_.FT_Outline_Copy,0x10
0x1814a0,_._ZN8safe_jni7ConvertIN18safe_jni_generated4java4lang6ObjectEvE18CallStaticFunctionEP10_jmethodIDP7_jclassz,0x10
0x1814b0,_.sentry_capture_event,0x10
0x1814c0,_._ZNKSt6__ndk16locale9use_facetERNS0_2idE,0x10
0x1814d0,_.FT_Stream_ReadUShortLE,0x10
0x1814e0,_.png_set_tRNS_to_alpha,0x10
0x1814f0,_.frexp,0x10
0x181500,_.FT_Stream_OpenMemory,0x10
0x181510,_.png_set_benign_errors,0x10
0x181520,_._ZNSt6__ndk16threadD1Ev,0x10
0x181530,_.pthread_create,0x10
0x181540,_._ZN8safe_jni4ctorIN6yoozoo4java4util7HashMapEEclIJEEEP8_jobjectDpT_,0x10
0x181550,_.glDepthMask,0x10
0x181560,_._ZN6yoozoo7android7content6IntentC2EP8_jobject,0x10
0x181570,_._ZN6yoozoo3com9supercell5titan6yoozoo21PurchaseManagerYoozoo22handlePayOrderIdResultERK6String,0x10
0x181580,_.fseeko,0x10
0x181590,_.ZSTD_selectEncodingType,0x10
0x1815a0,_.eglSurfaceAttrib,0x10
0x1815b0,_._ZN8safe_jni17callInterfaceFuncIvJbN4miit3com3bun8miitmdid10interfaces10IdSupplierEEJLm0ELm1EELi0EEEP8_jobjectRNSt6__ndk18functionIFvRNS_5ProxyEDpT0_EEESC_P13_jobjectArrayNS9_16integer_sequenceImJXspT1_EEEE,0x10
0x1815c0,_._ZN4asio6detail10socket_ops22background_getaddrinfoERKNSt6__ndk18weak_ptrIvEEPKcS8_RK8addrinfoPPS9_RNS2_10error_codeE,0x10
0x1815d0,_.getc,0x10
0x1815e0,_.FTC_Manager_New,0x10
0x1815f0,_.__cxa_demangle,0x10
0x181600,_._ZNK4asio12basic_socketINS_2ip3tcpENS_15any_io_executorEE10get_optionINS_6detail13socket_option7integerILi6ELi2EEEEEvRT_,0x10
0x181610,_.strerror_r,0x10
0x181620,_.FT_Outline_Get_Orientation,0x10
0x181630,_._ZN4asio6detail10socket_ops25set_internal_non_blockingEiRhbRNSt6__ndk110error_codeE,0x10
0x181640,_.FT_Glyph_To_Bitmap,0x10
0x181650,_._ZN4asio2ip20basic_resolver_queryINS0_3tcpEEC2ERKNSt6__ndk112basic_stringIcNS4_11char_traitsIcEENS4_9allocatorIcEEEESC_NS0_13resolver_base5flagsE,0x10
0x181660,_._ZNSt11logic_errorC2EPKc,0x10
0x181670,_.ZSTD_buildCTable,0x10
0x181680,_._ZN4asio6detail12posix_threadC2INS0_9scheduler15thread_functionEEET_j,0x10
0x181690,_.malloc,0x10
0x1816a0,_._ZN8safe_jni15static_functionIN6yoozoo3com9supercell5titan6yoozoo21PurchaseManagerYoozooEvEclIJ6StringEEEvDpT_,0x10
0x1816b0,_.ft_hash_num_init,0x10
0x1816c0,_._ZN4asio6detail9scheduler25post_deferred_completionsERNS0_8op_queueINS0_19scheduler_operationEEE,0x10
0x1816d0,_.android_set_abort_message,0x10
0x1816e0,_.FSE_normalizeCount,0x10
0x1816f0,_.munmap,0x10
0x181700,_.FT_Hypot,0x10
0x181710,_.png_check_keyword,0x10
0x181720,_.png_destroy_read_struct,0x10
0x181730,_._ZN6icu_5813UnicodeString9doReplaceEiiPKtii,0x10
0x181740,_.png_get_IHDR,0x10
0x181750,_.FT_New_Size,0x10
0x181760,_.glPolygonOffset,0x10
0x181770,_._ZN4asio6detail16service_registry14do_use_serviceERKNS_17execution_context7service3keyEPFPS3_PvES8_,0x10
0x181780,_._ZN4FMOD14ChannelControl11setUserDataEPv,0x10
0x181790,_.png_do_write_interlace,0x10
0x1817a0,_.__system_property_get,0x10
0x1817b0,_.__cxa_finalize,0x10
0x1817c0,_.png_set_expand_16,0x10
0x1817d0,_.tzset,0x10
0x1817e0,_.AAsset_getRemainingLength64,0x10
0x1817f0,_._ZNSt6__ndk113random_deviceclEv,0x10
0x181800,_.FT_Stream_ExitFrame,0x10
0x181810,_.ZSTDMT_toFlushNow,0x10
0x181820,_.FT_Done_Glyph,0x10
0x181830,_._ZN8safe_jni8functionIN18safe_jni_generated7android7content15ContentResolverENS3_3res19AssetFileDescriptorEEclIJNS2_3net3UriE6StringEEES6_P8_jobjectDpT_,0x10
0x181840,_.glScissor,0x10
0x181850,_.wmemcpy,0x10
0x181860,_._ZNSt6__ndk18ios_baseD2Ev,0x10
0x181870,_.png_icc_check_length,0x10
0x181880,_.png_destroy_png_struct,0x10
0x181890,_.__cxa_thread_atexit,0x10
0x1818a0,_.ZSTD_ldm_fillHashTable,0x10
0x1818b0,_.__strcat_chk,0x10
0x1818c0,_.glCheckFramebufferStatus,0x10
0x1818d0,_.sin,0x10
0x1818e0,_._ZNK6icu_5815Normalizer2Impl18decomposeAndAppendEPKtS2_aRNS_13UnicodeStringERNS_16ReorderingBufferER10UErrorCode,0x10
0x1818f0,_.png_handle_zTXt,0x10
0x181900,_.if_indextoname,0x10
0x181910,_.gmtime,0x10
0x181920,_.FT_Outline_Decompose,0x10
0x181930,_.png_malloc_array,0x10
0x181940,_._ZN8safe_jni15checkExceptionsEb,0x10
0x181950,_.glReadPixels,0x10
0x181960,_._ZN4FMOD6System7releaseEv,0x10
0x181970,_._ZNKSt6__ndk16locale9has_facetERNS0_2idE,0x10
0x181980,_.vasprintf,0x10
0x181990,_.png_do_packswap,0x10
0x1819a0,_.png_set_read_fn,0x10
0x1819b0,_._ZN6yoozoo3com8supersdk7openapi8SuperSDK6invokeERK6StringS6_RKNS_4java4util3MapE,0x10
0x1819c0,_.FT_Stream_ReadULong,0x10
0x1819d0,_._ZN6icu_5818KeywordEnumerationC2EPKciiR10UErrorCode,0x10
0x1819e0,_._ZN4FMOD14ChannelControl11getUserDataEPPv,0x10
0x1819f0,_.FT_Render_Glyph,0x10
0x181a00,_.png_write_finish_row,0x10
0x181a10,_._ZN18safe_jni_generated4java4lang7reflect5Proxy16newProxyInstanceERKNS1_11ClassLoaderERKNSt6__ndk16vectorIP7_jclassNS7_9allocatorISA_EEEERKNS2_17InvocationHandlerE,0x10
0x181a20,_.ZSTD_ldm_blockCompress,0x10
0x181a30,_.fstat,0x10
0x181a40,_.glGenFramebuffers,0x10
0x181a50,_._ZN8safe_jni15static_functionIN6yoozoo3com8supersdk7openapi8SuperSDK9lifecycleEvEclIJiiNS1_7android7content6IntentEEEEvDpT_,0x10
0x181a60,_._ZNSt6__ndk118condition_variable4waitERNS_11unique_lockINS_5mutexEEE,0x10
0x181a70,_.lv1_memory_guard__ZNSt6__ndk16__treeINS_12__value_typeINS_12basic_stringIcNS_11char_traitsIcEENS_9allocatorIcEEEENS_6vectorI12AddressRangeNS5_IS9_EEEEEENS_19__map_value_compareIS7_SC_NS_4lessIS7_EELb1EEENS5_ISC_EEE7destroyEPNS_11__tree_nodeISC_PvEE,0x10
0x181a80,_._ZN4miit3com3bun8miitmdid7content15SystemParamtersC2Ev,0x10
0x181a90,_.isspace,0x10
0x181aa0,_._ZN4asio6detail13epoll_reactor15do_epoll_createEv,0x10
0x181ab0,_.FT_Stream_GetULongLE,0x10
0x181ac0,_._ZN18safe_jni_generated3com7android15installreferrer3api28InstallReferrerStateListener6invokeEP10_jmethodIDP13_jobjectArray,0x10
0x181ad0,_.png_write_info,0x10
0x181ae0,_.png_read_end,0x10
0x181af0,_.FT_List_Find,0x10
0x181b00,_.ZSTD_createCCtx_advanced,0x10
0x181b10,_._ZN8safe_jni8functionIN18safe_jni_generated7android7content7ContextENS1_4java4lang11ClassLoaderEEclIJEEES7_P8_jobjectDpT_,0x10
0x181b20,_.png_reciprocal,0x10
0x181b30,_.FSE_decompress_wksp_bmi2,0x10
0x181b40,_.png_write_sBIT,0x10
0x181b50,_.png_chunk_error,0x10
0x181b60,_._ZN4FMOD6System17setSoftwareFormatEi16FMOD_SPEAKERMODEi,0x10
0x181b70,_.FT_Open_Face,0x10
0x181b80,_._ZN4asio6detail21resolver_service_baseC2ERNS_17execution_contextE,0x10
0x181b90,_._ZN8linecorp4nova11AuthManager12refreshTokenERKNSt6__ndk18functionIFvbPKNS0_11CredentialsEPKNS0_5ErrorEEEE,0x10
0x181ba0,_.strncmp,0x10
0x181bb0,_.FT_Vector_Transform_Scaled,0x10
0x181bc0,_.pthread_detach,0x10
0x181bd0,_._ZN6icu_5817StringEnumeration8setCharsEPKciR10UErrorCode,0x10
0x181be0,_.FT_Outline_Translate,0x10
0x181bf0,_.sinf,0x10
0x181c00,_.ZSTD_compressBegin_usingCDict_advanced,0x10
0x181c10,_.glBindRenderbuffer,0x10
0x181c20,_.AAsset_seek64,0x10
0x181c30,_.pthread_key_delete,0x10
0x181c40,_._ZNSt6__ndk117__assoc_sub_state10__sub_waitERNS_11unique_lockINS_5mutexEEE,0x10
0x181c50,_._ZN8linecorp4nova12GraphService10getFriendsERKNSt6__ndk18functionIFvbPKNS0_5graph5model21ProfilePagingResponseEPKNS0_5ErrorEEEEii,0x10
0x181c60,_._ZN8safe_jni8functionIN6yoozoo4java4util7HashMapEiEclIJEEEiP8_jobjectDpT_,0x10
0x181c70,_.HUF_validateCTable,0x10
0x181c80,_.fileno,0x10
0x181c90,_.png_reset_crc,0x10
0x181ca0,_._ZN4FMOD5Sound7releaseEv,0x10
0x181cb0,_.POOL_free,0x10
0x181cc0,_.__cxa_pure_virtual,0x10
0x181cd0,_.__cxa_thread_atexit_impl,0x10
0x181ce0,_.FT_Outline_Get_CBox,0x10
0x181cf0,_.glDepthRangef,0x10
0x181d00,_.glFramebufferTexture2D,0x10
0x181d10,_.freeaddrinfo,0x10
0x181d20,_.glStencilFunc,0x10
0x181d30,_.fread,0x10
0x181d40,_._ZNK8safe_jni15static_propertyIN6yoozoo3com5youzu5bcore4base10BCoreConst5youzuE6StringEcvS8_Ev,0x10
0x181d50,_._ZNSt6__ndk115recursive_mutexD1Ev,0x10
0x181d60,_.putchar,0x10
0x181d70,_.png_warning_parameter,0x10
0x181d80,_.png_do_bgr,0x10
0x181d90,_._ZNSt6__ndk119__thread_local_dataEv,0x10
0x181da0,_.png_gamma_correct,0x10
0x181db0,_._ZN18safe_jni_generated4java4lang7reflect6MethodC2EP8_jobject,0x10
0x181dc0,_._ZN18safe_jni_generated4java4lang6ObjectC2EP8_jobject,0x10
0x181dd0,_.glAttachShader,0x10
0x181de0,_.ZSTD_copyDDictParameters,0x10
0x181df0,_.sigaction,0x10
0x181e00,_._ZN8safe_jni8functionIN18safe_jni_generated7android2os20ParcelFileDescriptorEiEclIJEEEiP8_jobjectDpT_,0x10
0x181e10,_.fwprintf,0x10
0x181e20,_.ZSTD_selectBlockCompressor,0x10
0x181e30,_.crc32_buffer_ptr,0x10
0x181e40,_.glTexSubImage2D,0x10
0x181e50,_.sincosf,0x10
0x181e60,_._ZN18safe_jni_generated3com7android15installreferrer3api15ReferrerDetails31getInstallBeginTimestampSecondsEv,0x10
0x181e70,_.FTC_CMapCache_Lookup,0x10
0x181e80,_.bind,0x10
0x181e90,_._ZNSt6__ndk118condition_variable10notify_oneEv,0x10
0x181ea0,_._ZN6yoozoo3com8supersdk7openapi8SuperSDK9lifecycle16onActivityResultEiiRKNS_7android7content6IntentE,0x10
0x181eb0,_.strtoul,0x10
0x181ec0,_._ZN8safe_jni8functionIN4miit3com3bun8miitmdid7content15SystemParamtersE6StringEclIJEEES7_P8_jobjectDpT_,0x10
0x181ed0,_.dl_iterate_phdr,0x10
0x181ee0,_.FSE_optimalTableLog,0x10
0x181ef0,_._ZN6yoozoo7android3app8ActivityC2EP8_jobject,0x10
0x181f00,_.glBufferSubData,0x10
0x181f10,_._ZNSt12length_errorD1Ev,0x10
0x181f20,_.strtoll,0x10
0x181f30,_._ZN4FMOD7Channel12setFrequencyEf,0x10
0x181f40,_.FT_Face_GetCharVariantIndex,0x10
0x181f50,_.sentry_value_new_object,0x10
0x181f60,_.fwrite,0x10
0x181f70,_._ZN8safe_jni7ConvertIN18safe_jni_generated3com7android15installreferrer3api21InstallReferrerClient7BuilderEvE18CallStaticFunctionEP10_jmethodIDP7_jclassz,0x10
0x181f80,_._ZNSt6__ndk18ios_base33__set_badbit_and_consider_rethrowEv,0x10
0x181f90,_._ZN8safe_jni21getAndClearExceptionsEv,0x10
0x181fa0,_.ftello,0x10
0x181fb0,_.glUniform3fv,0x10
0x181fc0,_.sentry_value_new_breadcrumb,0x10
0x181fd0,_.openat,0x10
0x181fe0,_.glClearStencil,0x10
0x181ff0,_.png_set_pHYs,0x10
0x182000,_.FT_Glyph_Copy,0x10
0x182010,_._ZN6yoozoo8ScYoozoo7getOpIdEv,0x10
0x182020,_.FT_Stream_New,0x10
0x182030,_.ftruncate,0x10
0x182040,_.FT_Stream_ReadULongLE,0x10
0x182050,_._ZNKSt11logic_error4whatEv,0x10
0x182060,_.glDisableVertexAttribArray,0x10
0x182070,_.getsockopt,0x10
0x182080,_._ZN18safe_jni_generated4java4lang7Integer8intValueEv,0x10
0x182090,_._ZNSt6__ndk118condition_variableD1Ev,0x10
0x1820a0,_._ZN8safe_jni7ConvertIN6yoozoo7android7content6IntentEvE3SigEv,0x10
0x1820b0,_._ZN4FMOD6System12createStreamEPKcjP22FMOD_CREATESOUNDEXINFOPPNS_5SoundE,0x10
0x1820c0,_._ZN4asio6detail10socket_ops11getsocknameEiP8sockaddrPmRNSt6__ndk110error_codeE,0x10
0x1820d0,_.strncasecmp,0x10
0x1820e0,_.glDeleteProgram,0x10
0x1820f0,_.FT_Get_Sfnt_Name_Count,0x10
0x182100,_.png_get_io_ptr,0x10
0x182110,_.fcntl,0x10
0x182120,_.strerror,0x10
0x182130,_.png_read_data,0x10
0x182140,_.png_set_strip_alpha,0x10
0x182150,_.png_check_IHDR,0x10
0x182160,_._ZN4asio6detail21resolver_service_base16start_resolve_opEPNS0_10resolve_opE,0x10
0x182170,_.eglDestroySurface,0x10
0x182180,_.ft_hash_str_init,0x10
0x182190,_.png_handle_as_unknown,0x10
0x1821a0,_.FSE_readNCount_bmi2,0x10
0x1821b0,_.FT_Lookup_Renderer,0x10
0x1821c0,_._ZNK6icu_5815Normalizer2Impl11composePairEii,0x10
0x1821d0,_.pow,0x10
0x1821e0,_._ZNSt6__ndk120__get_collation_nameEPKc,0x10
0x1821f0,_._ZN4miit7android7content7ContextC2EP8_jobject,0x10
0x182200,_.png_colorspace_set_sRGB,0x10
0x182210,_.glUniform1i,0x10
0x182220,_._ZNSt6__ndk118condition_variable10notify_allEv,0x10
0x182230,_._ZNSt6__ndk119__shared_weak_count14__release_weakEv,0x10
0x182240,_.glShaderSource,0x10
0x182250,_.ZSTDMT_freeCCtx,0x10
0x182260,_._ZN18safe_jni_generated3com7android15installreferrer3api15ReferrerDetails25getGooglePlayInstantParamEv,0x10
0x182270,_.png_handle_hIST,0x10
0x182280,_.FT_DivFix,0x10
0x182290,_.setjmp,0x10
0x1822a0,_.ZSTD_createCDict_advanced,0x10
0x1822b0,_._ZNSt6__ndk113random_deviceD2Ev,0x10
0x1822c0,_.ZSTD_decompressBegin_usingDict,0x10
0x1822d0,_._ZN18safe_jni_generated7android2os20ParcelFileDescriptorC2EP8_jobject,0x10
0x1822e0,_._ZN6yoozoo3com8supersdk7openapi8SuperSDK9lifecycle8onResumeEv,0x10
0x1822f0,_._ZN8safe_jni15static_functionIN18safe_jni_generated3com7android15installreferrer3api21InstallReferrerClientENS6_7BuilderEEclIJNS1_7android7content7ContextEEEES7_DpT_,0x10
0x182300,_._ZNSt6__ndk120__throw_system_errorEiPKc,0x10
0x182310,_._ZNKSt6__ndk114error_category23default_error_conditionEi,0x10
0x182320,_.__vsprintf_chk,0x10
0x182330,_._ZN6yoozoo4java4util7HashMapC2Ev,0x10
0x182340,_._ZN4FMOD7Channel12setLoopCountEi,0x10
0x182350,_._ZNSt6__ndk16localeC1Ev,0x10
0x182360,_.ZSTDMT_sizeof_CCtx,0x10
0x182370,_.FT_Stream_GetULong,0x10
0x182380,_._ZNKSt6__ndk114error_category10equivalentERKNS_10error_codeEi,0x10
0x182390,_.FT_Get_Name_Index,0x10
0x1823a0,_.__memmove_chk,0x10
0x1823b0,_.ldexpf,0x10
0x1823c0,_.exit,0x10
0x1823d0,_._ZN8safe_jni8functionIN18safe_jni_generated3com7android15installreferrer3api15ReferrerDetailsEbEclIJEEEbP8_jobjectDpT_,0x10
0x1823e0,_._ZNSt6__ndk16chrono12steady_clock3nowEv,0x10
0x1823f0,_.png_free_buffer_list,0x10
0x182400,_.png_write_iTXt,0x10
0x182410,_._ZN8safe_jni15static_functionIN6yoozoo3com8supersdk7openapi8SuperSDKEvEclIJNS1_7android3app8ActivityENS1_4java4util3MapENS4_18OnSuperSDKListenerEEEEvDpT_,0x10
0x182420,_.png_handle_cHRM,0x10
0x182430,_.atanf,0x10
0x182440,_.png_get_error_ptr,0x10
0x182450,_._ZN6icu_5813UnicodeString9doReplaceEiiRKS0_ii,0x10
0x182460,_._ZNK6icu_5819Normalizer2WithImpl24normalizeSecondAndAppendERNS_13UnicodeStringERKS1_aR10UErrorCode,0x10
0x182470,_.png_write_end,0x10
0x182480,_._ZN4asio6detail10socket_ops5closeEiRhbRNSt6__ndk110error_codeE,0x10
0x182490,_._ZN4miit3com3bun8miitmdid10interfaces10IdSupplier7getOAIDEv,0x10
0x1824a0,_.POOL_tryAdd,0x10
0x1824b0,_._ZNSt6__ndk115__get_classnameEPKcb,0x10
0x1824c0,_.glDisable,0x10
0x1824d0,_.png_write_pCAL,0x10
0x1824e0,_.ZSTD_CCtxParams_setParameter,0x10
0x1824f0,_.fputs,0x10
0x182500,_.pthread_getspecific,0x10
0x182510,_.png_warning_parameter_signed,0x10
0x182520,_.longjmp,0x10
0x182530,_._ZN6icu_5813UnicodeString10setToBogusEv,0x10
0x182540,_.png_handle_bKGD,0x10
0x182550,_.ZSTD_loadCEntropy,0x10
0x182560,_.write,0x10
0x182570,_.png_read_info,0x10
0x182580,_.ZSTD_getErrorCode,0x10
0x182590,_._ZN8safe_jni11PrepareArgsIJNSt6__ndk16vectorIP7_jclassNS1_9allocatorIS4_EEEEN18safe_jni_generated4java4lang7reflect17InvocationHandlerEEE3valERKS7_RKSC_,0x10
0x1825a0,_.pthread_cond_broadcast,0x10
0x1825b0,_._ZN4asio6detail13epoll_reactor19register_descriptorEiRPNS1_16descriptor_stateE,0x10
0x1825c0,_.FT_Glyph_Get_CBox,0x10
0x1825d0,_.FTC_Manager_LookupFace,0x10
0x1825e0,_.ZSTD_ldm_getTableSize,0x10
0x1825f0,_._ZN8safe_jni4ctorIN4miit3com3bun8miitmdid7content15SystemParamtersEEclIJEEEP8_jobjectDpT_,0x10
0x182600,_._ZN8safe_jni4ctorIN18safe_jni_generated3com5sistr7safejni11NativeProxyEEclIJEEEP8_jobjectDpT_,0x10
0x182610,_.glUniform2f,0x10
0x182620,_.pthread_setschedparam,0x10
0x182630,_._ZN4asio6detail28reactive_socket_service_base7do_openERNS1_24base_implementation_typeEiiiRNSt6__ndk110error_codeE,0x10
0x182640,_.png_colorspace_sync_info,0x10
0x182650,_.FT_Add_Default_Modules,0x10
0x182660,_._ZN4asio6detail9scheduler24post_deferred_completionEPNS0_19scheduler_operationE,0x10
0x182670,_._ZN8safe_jni13DeleteJavaRefEP8_jobject,0x10
0x182680,_.memcpy,0x10
0x182690,_.FT_Stream_GetChar,0x10
0x1826a0,_._ZN6icu_5813UnicodeStringD2Ev,0x10
0x1826b0,_._ZN8safe_jni11GetActivityEv,0x10
0x1826c0,_.dlerror,0x10
0x1826d0,_._ZNK8safe_jni15static_propertyIN6yoozoo3com5youzu5bcore4base9BCoreCodeEiEcviEv,0x10
0x1826e0,_.png_set_swap,0x10
0x1826f0,_.png_app_error,0x10
0x182700,_.ZSTD_compress,0x10
0x182710,_._ZN4asio6detail10socket_ops24translate_addrinfo_errorEi,0x10
0x182720,_._ZN4asio6detail10socket_ops18non_blocking_send1EiPKvmiRNSt6__ndk110error_codeERm,0x10
0x182730,_.AAsset_openFileDescriptor64,0x10
0x182740,_.ZSTD_loadDEntropy,0x10
0x182750,_.ZSTD_noCompressLiterals,0x10
0x182760,_.__strncpy_chk2,0x10
0x182770,_.ZSTD_DDict_dictContent,0x10
0x182780,_.FTC_Manager_Done,0x10
0x182790,_.png_set_rgb_to_gray_fixed,0x10
0x1827a0,_.png_write_start_row,0x10
0x1827b0,_.FT_Activate_Size,0x10
0x1827c0,_.png_set_alpha_mode_fixed,0x10
0x1827d0,_.png_handle_tRNS,0x10
0x1827e0,_._ZN8safe_jni7ConvertIN18safe_jni_generated3com7android15installreferrer3api21InstallReferrerClientEvE12CallFunctionEP10_jmethodIDP8_jobjectz,0x10
0x1827f0,_.ZSTD_checkContinuity,0x10
0x182800,_.sscanf,0x10
0x182810,_._ZN4FMOD6System10getVersionEPj,0x10
0x182820,_._ZNK8safe_jni15static_propertyIN6yoozoo3com5youzu5bcore4base10BCoreConst5toolsE6StringEcvS8_Ev,0x10
0x182830,_.glCreateProgram,0x10
0x182840,_._ZN8safe_jni7ConvertIN18safe_jni_generated4java4lang6ObjectEvE3SigEv,0x10
0x182850,_.png_write_find_filter,0x10
0x182860,_.ZSTD_dedicatedDictSearch_lazy_loadDictionary,0x10
0x182870,_._ZN8safe_jni7ConvertIN6yoozoo7android7content3res13ConfigurationEvE3SigEv,0x10
0x182880,_.pthread_cond_signal,0x10
0x182890,_._ZN8safe_jni7ConvertIN6yoozoo4java4util3MapEvE3SigEv,0x10
0x1828a0,_.png_formatted_warning,0x10
0x1828b0,_.__read_chk,0x10
0x1828c0,_.remove,0x10
0x1828d0,_.glTexImage2D,0x10
0x1828e0,_._ZNSt6__ndk17promiseIvE10get_futureEv,0x10
0x1828f0,_._ZNSt6__ndk18ios_base5clearEj,0x10
0x182900,_._ZN8safe_jni7ConvertIN18safe_jni_generated3com7android15installreferrer3api15ReferrerDetailsEvE3SigEv,0x10
0x182910,_._ZN8safe_jni7ConvertIN18safe_jni_generated4java4lang11ClassLoaderEvE3SigEv,0x10
0x182920,_.wmemset,0x10
0x182930,_.rewind,0x10
0x182940,_.pthread_condattr_setclock,0x10
0x182950,_._ZN4asio6detail16service_registry14do_add_serviceERKNS_17execution_context7service3keyEPS3_,0x10
0x182960,_.ANativeWindow_fromSurface,0x10
0x182970,_.ft_synthesize_vertical_metrics,0x10
0x182980,_.strstr,0x10
0x182990,_.fprintf,0x10
0x1829a0,_._ZN4FMOD6System10getChannelEiPPNS_7ChannelE,0x10
0x1829b0,_._ZN8safe_jni15static_functionIN18safe_jni_generated4java4lang7reflect5ProxyENS3_6ObjectEEclIJNS3_11ClassLoaderENSt6__ndk16vectorIP7_jclassNSA_9allocatorISD_EEEENS4_17InvocationHandlerEEEES6_DpT_,0x10
0x1829c0,_.glLinkProgram,0x10
0x1829d0,_.AAsset_read,0x10
0x1829e0,_.png_format_number,0x10
0x1829f0,_.__cxa_end_catch,0x10
0x182a00,_.__strcpy_chk,0x10
0x182a10,_._ZNSt6__ndk113basic_ostreamIwNS_11char_traitsIwEEE5flushEv,0x10
0x182a20,_.HUF_buildCTable_wksp,0x10
0x182a30,_.HUF_readStats,0x10
0x182a40,_.png_set_oFFs,0x10
0x182a50,_.AAssetDir_close,0x10
0x182a60,_.FT_Set_Pixel_Sizes,0x10
0x182a70,_.png_write_info_before_PLTE,0x10
0x182a80,_._ZN4FMOD7Channel11setPriorityEi,0x10
0x182a90,_.ftell,0x10
0x182aa0,_._ZN8safe_jni8functionIN18safe_jni_generated7android7content7ContextENS3_15ContentResolverEEclIJEEES5_P8_jobjectDpT_,0x10
0x182ab0,_.FT_GlyphLoader_CreateExtra,0x10
0x182ac0,_.glDeleteBuffers,0x10
0x182ad0,_._ZN6yoozoo3com8supersdk7openapi8SuperSDK4initERKNS_7android3app8ActivityERKNS_4java4util3MapERKNS2_18OnSuperSDKListenerE,0x10
0x182ae0,_._ZN6icu_5816ReorderingBuffer10previousCCEv,0x10
0x182af0,_._ZN8linecorp4nova11AuthManager11verifyTokenERKNSt6__ndk18functionIFvbPKNS0_11CredentialsEPKNS0_5ErrorEEEE,0x10
0x182b00,_.ZSTD_insertAndFindFirstIndex,0x10
0x182b10,_.pclose,0x10
0x182b20,_.HUF_getNbBits,0x10
0x182b30,_.png_do_read_transformations,0x10
0x182b40,_.HUF_compress1X_usingCTable,0x10
0x182b50,_.pthread_mutex_unlock,0x10
0x182b60,_.FT_List_Add,0x10
0x182b70,_._ZN6icu_5813UnicodeString8doAppendERKS0_ii,0x10
0x182b80,_._ZSt18uncaught_exceptionv,0x10
0x182b90,_.ft_mem_strdup,0x10
0x182ba0,_.android_getCpuFamily,0x10
0x182bb0,_.eglInitialize,0x10
0x182bc0,_.png_write_gAMA_fixed,0x10
0x182bd0,_.FT_Get_Advance,0x10
0x182be0,_.png_handle_IHDR,0x10
0x182bf0,_.png_write_PLTE,0x10
0x182c00,_._ZNSt6__ndk119__shared_weak_countD2Ev,0x10
0x182c10,_._ZNSt6__ndk112__hash_tableINS_17__hash_value_typeIiNS_4pairIPN8safe_jni5ProxyEP8_jobjectEEEENS_22__unordered_map_hasherIiS9_NS_4hashIiEELb1EEENS_21__unordered_map_equalIiS9_NS_8equal_toIiEELb1EEENS_9allocatorIS9_EEE25__emplace_unique_key_argsIiJRKNS_21piecewise_construct_tENS_5tupleIJRKiEEENSP_IJEEEEEENS2_INS_15__hash_iteratorIPNS_11__hash_nodeIS9_PvEEEEbEERKT_DpOT0_,0x10
0x182c20,_.glBindTexture,0x10
0x182c30,_.__cxa_guard_release,0x10
0x182c40,_.FT_Bitmap_Copy,0x10
0x182c50,_.FT_Match_Size,0x10
0x182c60,_._ZN8safe_jni7ConvertIN18safe_jni_generated7android7content15ContentResolverEvE12CallFunctionEP10_jmethodIDP8_jobjectz,0x10
0x182c70,_.HIST_count_wksp,0x10
0x182c80,_.cosf,0x10
0x182c90,_.FT_Bitmap_Done,0x10
0x182ca0,_.glCullFace,0x10
0x182cb0,_._ZN8safe_jni11ProxyHelper11NewInstanceEPNS_5ProxyEP8_jobjectRNSt6__ndk16vectorIP7_jclassNS5_9allocatorIS8_EEEE,0x10
0x182cc0,_.__gxx_personality_v0,0x10
0x182cd0,_.FT_GlyphLoader_Add,0x10
0x182ce0,_.strrchr,0x10
0x182cf0,_.HUF_decompress4X_hufOnly_wksp,0x10
0x182d00,_.pthread_mutex_init,0x10
0x182d10,_.png_write_data,0x10
0x182d20,_._ZNSt6__ndk117__assoc_sub_state9__executeEv,0x10
0x182d30,_.png_set_sPLT,0x10
0x182d40,_._ZNSt6__ndk18ios_base4initEPv,0x10
0x182d50,_.log,0x10
0x182d60,_.png_warning,0x10
0x182d70,_.ZSTD_encodeSequences,0x10
0x182d80,_.__strchr_chk,0x10
0x182d90,_.AAsset_getLength64,0x10
0x182da0,_GLOBAL__sub_I_HelpshiftManager.cpp,0x16c
0x182f0c,_GLOBAL__sub_I_CSVSaver.cpp,0x7c
0x182f88,_GLOBAL__sub_I_FriendEntry.cpp,0x44
0x182fcc,_GLOBAL__sub_I_scTaskQueue.cpp,0x84
0x183050,__cxx_global_array_dtor.60.12951,0x34
0x183084,_GLOBAL__sub_I_TencentManager.cpp,0x7c
0x183100,_GLOBAL__sub_I_Character3D.cpp,0xf4
0x1831f4,_GLOBAL__sub_I_LoginState.cpp,0x14c
0x183340,_GLOBAL__sub_I_LogicStringUtil.cpp,0x144
0x183484,_GLOBAL__sub_I_String.cpp,0x84
0x183508,_GLOBAL__sub_I_NativeDialog.cpp,0x70
0x183578,_GLOBAL__sub_I_LaserDataLoaderTexture.cpp,0x58
0x1835d0,_GLOBAL__sub_I_LogicData.cpp,0x7c
0x18364c,__cxx_global_array_dtor.56,0xc
0x183658,_GLOBAL__sub_I_BattleTutorial.cpp,0xf4
0x18374c,__cxx_global_array_dtor.47,0x2c
0x183778,_GLOBAL__sub_I_SelectLocationPopup.cpp,0x50
0x1837c8,_GLOBAL__sub_I_KakaoManager.cpp,0x44
0x18380c,_GLOBAL__sub_I_GameMain.cpp,0x100
0x18390c,_GLOBAL__sub_I_AnalyticEvent.cpp,0x7c
0x183988,_GLOBAL__sub_I_HashTagCodeGenerator.cpp,0x7c
0x183a04,_GLOBAL__sub_I_StringTable.cpp,0xa4
0x183aa8,__cxx_global_array_dtor.29.12966,0x44
0x183aec,_GLOBAL__sub_I_TencentTermsPopup.cpp,0x44
0x183b30,_GLOBAL__sub_I_PepperKey.cpp,0x30
0x183b60,__cxx_global_array_dtor.100,0xa4
0x183c04,__cxx_global_array_dtor.43,0x2c
0x183c30,_GLOBAL__sub_I_HeroSprite.cpp,0xa4
0x183cd4,_GLOBAL__sub_I_LocationInfo.cpp,0x44
0x183d18,_GLOBAL__sub_I_GameSCIDManager.cpp,0x44
0x183d5c,_GLOBAL__sub_I_Databind.cpp,0x24c
0x183fa8,_GLOBAL__sub_I_Path.cpp,0xe8
0x184090,_GLOBAL__sub_I_LogicLaserMessageFactory.cpp,0x44
0x1840d4,__cxx_global_array_dtor.62,0x2c
0x184100,_GLOBAL__sub_I_SCIDAccount.cpp,0x16c
0x18426c,_GLOBAL__sub_I_ClientContentValidator.cpp,0x7c
0x1842e8,_GLOBAL__sub_I_ResourceManager.cpp,0x274
0x18455c,_GLOBAL__sub_I_PlayerMapManager.cpp,0x44
0x1845a0,__cxx_global_array_dtor.77,0x44
0x1845e4,_GLOBAL__sub_I_scMultithreadedLoadingManager.cpp,0x1c
0x184600,_GLOBAL__sub_I_DeeplinkManager.cpp,0x48c
0x184a8c,_GLOBAL__sub_I_YoozooLoginState.cpp,0x84
0x184b10,_GLOBAL__sub_I_Stage.cpp,0x74
0x184b84,__cxx_global_array_dtor.22,0x74
0x184bf8,_GLOBAL__sub_I_TopResourceButton.cpp,0x44
0x184c3c,_GLOBAL__sub_I_TeamStream.cpp,0x44
0x184c80,_GLOBAL__sub_I_LogicStringTable.cpp,0xec
0x184d6c,_GLOBAL__sub_I_LogicLocaleData.cpp,0x194
0x184f00,_GLOBAL__sub_I_ServerConnection.cpp,0x2c8
0x1851c8,_GLOBAL__sub_I_StreamItemList.cpp,0x44
0x18520c,_GLOBAL__sub_I_AssetReference.cpp,0x44
0x185250,_GLOBAL__sub_I_scPath.cpp,0x10c
0x18535c,_GLOBAL__sub_I_DebugObjects.cpp,0x4c
0x1853a8,_GLOBAL__sub_I_UnbotifyManager.cpp,0x3c
0x1853e4,_GLOBAL__sub_I_LogicPlayerMapEnvironmentData.cpp,0x44
0x185428,_GLOBAL__sub_I_TencentLoginState.cpp,0x84
0x1854ac,_GLOBAL__sub_I_HomeMode.cpp,0xa4
0x185550,_GLOBAL__sub_I_scWorkerPool.cpp,0x1c
0x18556c,_GLOBAL__sub_I_MovieClipSoundPlayer.cpp,0x50
0x1855bc,__cxx_global_array_dtor.10,0x3c
0x1855f8,_GLOBAL__sub_I_MapEditorHUD.cpp,0xf4
0x1856ec,_GLOBAL__sub_I_Messaging.cpp,0x140
0x18582c,_GLOBAL__sub_I_EnvironmentRenderer.cpp,0x20
0x18584c,__cxx_global_array_dtor.54,0x2c
0x185878,__cxx_global_array_dtor.71,0x6c
0x1858e4,_GLOBAL__sub_I_DataPatchGenerator.cpp,0x11c
0x185a00,_GLOBAL__sub_I_DropGUIContainer.cpp,0x44
0x185a44,_GLOBAL__sub_I_DebugPerformanceHud.cpp,0x80
0x185ac4,_GLOBAL__sub_I_Application.cpp,0xf8
0x185bbc,_GLOBAL__sub_I_EventTracker.cpp,0xd7c
0x186938,_GLOBAL__sub_I_SoundManager.cpp,0x44
0x18697c,_GLOBAL__sub_I_Emitter.cpp,0x1e0
0x186b5c,_GLOBAL__sub_I_PepperPerMessageEncrypter.cpp,0x28
0x186b84,_GLOBAL__sub_I_GameSettings.cpp,0x11c
0x186ca0,_GLOBAL__sub_I_Settings.cpp,0x464
0x187104,__cxx_global_array_dtor.79,0x34
0x187138,_GLOBAL__sub_I_EffectManager2D.cpp,0x1c
0x187154,__cxx_global_array_dtor.29,0x54
0x1871a8,_GLOBAL__sub_I_CustomButton.cpp,0x6c
0x187214,__cxx_global_array_dtor.40,0x34
0x187248,_GLOBAL__sub_I_HomeScreen.cpp,0xf4
0x18733c,_GLOBAL__sub_I_scPackFile.cpp,0x70
0x1873ac,_GLOBAL__sub_I_LaserBoxManager.cpp,0x20c
0x1875b8,_GLOBAL__sub_I_UrlBuilder.cpp,0x44
0x1875fc,_GLOBAL__sub_I_Shader.cpp,0x7c
0x187678,_GLOBAL__sub_I_TextField.cpp,0x44
0x1876bc,__cxx_global_array_dtor.18,0x4c
0x187708,_lv1_memory_guard__GLOBAL__sub_I_AndroidMemoryAnomalyGuard.cpp,0x58
0x187760,_sub_187760,0x60
0x1877c0,_GLOBAL__sub_I_LogicJSONHelper.cpp,0xa4
0x187864,_GLOBAL__sub_I_SCIDWebView.cpp,0x44
0x1878a8,_GLOBAL__sub_I_InstallEvent.cpp,0x44
0x1878ec,_GLOBAL__sub_I_ResourceDataLoader.cpp,0x44
0x187930,_GLOBAL__sub_I_SceneRenderer.cpp,0x20
0x187950,_GLOBAL__sub_I_InitState.cpp,0x44
0x187994,_GLOBAL__sub_I_AntiCheat.cpp,0x3c
0x1879d0,_GLOBAL__sub_I_FacebookConnection.cpp,0x44
0x187a14,__cxx_global_array_dtor.52,0x3c
0x187a50,__cxx_global_array_dtor.9915,0xa4
0x187af4,_GLOBAL__sub_I_Shop.cpp,0x44
0x187b38,_GLOBAL__sub_I_LogicDataSlot.cpp,0x7c
0x187bb4,_GLOBAL__sub_I_DebugInputWindow.cpp,0x44
0x187bf8,_GLOBAL__sub_I_GameWebView.cpp,0x44
0x187c3c,__cxx_global_array_dtor.33.12950,0x2c
0x187c68,_GLOBAL__sub_I_MovieClipHelper.cpp,0x44
0x187cac,_GLOBAL__sub_I_SCWFile.cpp,0xb8
0x187d64,_GLOBAL__sub_I_LogicGlobalData.cpp,0x7c
0x187de0,_GLOBAL__sub_I_NSCIDManager.cpp,0x14c
0x187f2c,_GLOBAL__sub_I_CSVRow.cpp,0x44
0x187f70,_GLOBAL__sub_I_CSVNode.cpp,0xd4
0x188044,_GLOBAL__sub_I_LogicJSONNull.cpp,0x44
0x188088,_GLOBAL__sub_I_Scene.cpp,0x3c
0x1880c4,_GLOBAL__sub_I_LogicResources.cpp,0xcc
0x188190,_GLOBAL__sub_I_Billing.cpp,0xf4
0x188284,_GLOBAL__sub_I_LocalNotification.cpp,0x44
0x1882c8,_GLOBAL__sub_I_GraphicProperties.cpp,0x1c
0x1882e4,_GLOBAL__sub_I_Debugger.cpp,0x2c
0x188310,_GLOBAL__sub_I_LogicCharacterServer.cpp,0x28
0x188338,_GLOBAL__sub_I_ChampionshipChallengePopup.cpp,0x50
0x188388,_GLOBAL__sub_I_LogicHomeMode.cpp,0x7c
0x188404,_GLOBAL__sub_I_MoviePlayer.cpp,0x40
0x188444,_GLOBAL__sub_I_TencentLogin.cpp,0x128
0x18856c,__cxx_global_array_dtor.33,0x54
0x1885c0,_GLOBAL__sub_I_MovieClipRenderer.cpp,0x500
0x188ac0,__cxx_global_array_dtor.60,0xd4
0x188b94,_GLOBAL__sub_I_Selfhelp.cpp,0xcc
0x188c60,_GLOBAL__sub_I_GemOfferItem.cpp,0x11c
0x188d7c,_GLOBAL__sub_I_BillingManager.cpp,0x7c
0x188df8,_GLOBAL__sub_I_SCIDManager.cpp,0x234
0x18902c,_GLOBAL__sub_I_LogicLocalization.cpp,0x13c
0x189168,_GLOBAL__sub_I_EsportTournamentsWebView.cpp,0x44
0x1891ac,_GLOBAL__sub_I_DebugCountryPopup.cpp,0x44
0x1891f0,_GLOBAL__sub_I_LogicDataTables.cpp,0x20
0x189210,_GLOBAL__sub_I_Reflector.cpp,0x44
0x189254,_GLOBAL__sub_I_TestDefines.cpp,0x170
0x1893c4,_GLOBAL__sub_I_ndk_interface.cpp,0x70
0x189434,_GLOBAL__sub_I_BattleMode.cpp,0x20
0x189454,_GLOBAL__sub_I_RenderSystem.cpp,0x2c
0x189480,_GLOBAL__sub_I_NativeFont.cpp,0x24
0x1894a4,__cxx_global_array_dtor.36,0x34
0x1894d8,_GLOBAL__sub_I_scFilesystem.cpp,0x1c
0x1894f4,_GLOBAL__sub_I_HTTPClient.cpp,0x20
0x189514,_GLOBAL__sub_I_CombatHUD.cpp,0xf4
0x189608,_GLOBAL__sub_I_Utility.cpp,0x24
0x18962c,_GLOBAL__sub_I_PageItem.cpp,0x7c
0x1896a8,_GLOBAL__sub_I_SupercellSWF.cpp,0x2c
0x1896d4,_GLOBAL__sub_I_DownloadManager.cpp,0x74
0x189748,_GLOBAL__sub_I_InputTouches.cpp,0x1c
0x189764,_GLOBAL__sub_I_RenderQueue.cpp,0x40
0x1897a4,_GLOBAL__sub_I_DataLoaderLayeredTexture.cpp,0x58
0x1897fc,_GLOBAL__sub_I_KeyCache.cpp,0x2c
0x189828,_GLOBAL__sub_I_LogicMessagingConstants.cpp,0x44
0x18986c,_GLOBAL__sub_I_ExtendedSetEncryptionMessage.cpp,0xa4
0x189910,_GLOBAL__sub_I_AllianceStream.cpp,0x44
0x189954,__cxx_global_array_dtor,0xc
0x189960,_GLOBAL__sub_I_LogicSkinData.cpp,0x44
0x1899a4,_GLOBAL__sub_I_OpenGLContext.cpp,0x24
0x1899c8,__cxx_global_array_dtor.1402,0x44
0x189a0c,_GLOBAL__sub_I_Resources.cpp,0xcc
0x189ad8,_GLOBAL__sub_I_LogicReflector.cpp,0x7c
0x189b54,_GLOBAL__sub_I_SCIDConfig.cpp,0x44
0x189b98,_GLOBAL__sub_I_CSVTable.cpp,0x44
0x189bdc,_GLOBAL__sub_I_BadgeSprite.cpp,0x6c
0x189c48,_GLOBAL__sub_I_RankedGoalItem.cpp,0x44
0x189c8c,_GLOBAL__sub_I_LogicVersion.cpp,0xa4
0x189d30,_GLOBAL__sub_I_ParticleEmitter.cpp,0x1c
0x189d4c,__cxx_global_array_dtor.85,0x34
0x189d80,__cxx_global_array_dtor.83,0x3c
0x189dbc,_GLOBAL__sub_I_Offline.cpp,0x1e4
0x189fa0,_GLOBAL__sub_I_GUIControl.cpp,0x44
0x189fe4,_GLOBAL__sub_I_EsportTournamentsPopup.cpp,0x44
0x18a028,__cxx_global_array_dtor.34,0xc
0x18a034,_GLOBAL__sub_I_CSVColumn.cpp,0x44
0x18a078,__cxx_global_var_init.13,0x58
0x18a0d0,__cxx_global_var_init.15,0x1c
0x18a0ec,__cxx_global_var_init.11,0x58
0x18a144,__cxx_global_var_init.10,0x1c
0x18a160,__cxx_global_var_init.14,0x1c
0x18a17c,__cxx_global_var_init.12,0x1c
0x18a198,__cxx_global_var_init.9,0x1c
0x18a1b4,__cxx_global_var_init.8,0x58
0x18a20c,__GLOBAL__sub_I_java_proxy_helper.cpp,0x2c
0x18a238,__GLOBAL__sub_I_iostream.cpp,0x2c
0x18a264,___on_dlclose,0xc
0x18a270,_nullsub_1,0x4
0x18a274,___on_dlclose_late,0x4
0x18a278,___atexit_handler_wrapper,0xc
0x18a284,_atexit,0x1c
0x18a2a0,_ZNK11TeamManager23isPlayerAllowedToInviteEv,0x78
0x18a318,_ZN11EmoteButtonC2EPK14LogicEmoteDataP9MovieClip,0x8c
0x18a3a4,_ZNKSt6__ndk110__function6__funcIZN14LineConnection6logoutEvE3$_4NS_9allocatorIS3_EEFvbPKN8linecorp4nova5ErrorEEE6targetERKSt9type_info,0x1c
0x18a3c0,_ZN9ShopPopupD0Ev,0x80
0x18a440,_ZN10LZMAReader13readByteArrayEiPh,0xb8
0x18a4f8,_ZNK13EnterAgePopup12getPopupTypeEv,0x8
0x18a500,_ZN6icu_587UVector9retainAllERKS0_,0x18c
0x18a68c,_ZNK19LogicProjectileData18getStunLengthTicksEv,0x8
0x18a694,_ZN9CombatHUD15KilledPlayerHUD9deleteAllEv,0x58
0x18a6ec,_ZN6icu_587UVector10addElementEPvR10UErrorCode,0xac
0x18a798,_ZN12scWorkerPoolD2Ev,0x204
0x18a99c,_ZNK6icu_586UStack6searchEPv,0x30
0x18a9cc,_ZN10GameButton12sethighlightEbi,0x40
0x18aa0c,_hb_buffer_allocation_successful,0xc
0x18aa18,_ZN22ClientContentValidator21validateCharacterDataEPK18LogicCharacterData,0x154
0x18ab6c,_ZNKSt6__ndk110__function6__funcIZN19SupercellIdCallback10setProfileEP8_jobjectRK6StringS7_iE4$_20NS_9allocatorIS8_EEFvvEE7__cloneEPNS0_6__baseISB_EE,0x54
0x18abc0,_ZN12GenericPopupC2ERK6StringbbS0_S0_S0_,0x4c4
0x18b084,_ZNK5Scene7getMeshEi,0x14
0x18b098,_ZN25DeviceLinkMigrationScreen11refreshInfoERK6StringiS2_,0x1c0
0x18b258,_ZN12CustomButton7touchInEi,0x4c
0x18b2a4,_ZN14HelpshiftTitan14setSDKLanguageERK6String,0xac
0x18b350,_ZNK13LogicHintData11getFileNameEv,0x10
0x18b360,_ZNK19LogicResourceBundle7isEmptyEv,0x3c
0x18b39c,_ZN23TeamSetPlayerMapMessage8destructEv,0x44
0x18b3e0,_ZN26RequestJoinAllianceMessage6decodeEv,0x44
0x18b424,_ZN10SCIDWindow5closeEv,0x88
0x18b4ac,_ZNK13LogicSkinData10isGoldSkinEv,0x2c
0x18b4d8,_ZN10HomeScreen17vanityItemChangedEPK9LogicDatai,0x50
0x18b528,_ZNK23SignoffPlayerMapMessage8getMapIdEv,0x8
0x18b530,_ZNK11SCIDManager18createAccountsJsonEb,0x9c
0x18b5cc,_Z12Base64encodePcPKci,0x130
0x18b6fc,_ZN12GameSettingsD0Ev,0x4
0x18b700,_ZN11TeamManager21setMmStartTeamMembersEv,0x234
0x18b934,_ZNK30LogicDeviceLinkResponseMessage15getVillageLevelEv,0x8
0x18b93c,_ZN31AskForPlayingLineFriendsMessage13removeLineIdsEv,0x10
0x18b94c,_ZN12BattleScreen18handleTouchPressedERK5Touch,0x7dc
0x18c128,_ZN18WaitingPopupRanked13buttonClickedEP12CustomButton,0x74
0x18c19c,_ZN32LogicHeroWinQuestsChangedCommand8destructEv,0x50
0x18c1ec,_ZN23BattleReportStreamEntry11setReplayIdEP9LogicLong,0x30
0x18c21c,_ZN4FontD2Ev,0x10
0x18c22c,_ZN15LogicDataTables15getItemCountForEPK13LogicHomeModeiPK18LogicCharacterData,0x17c
0x18c3a8,_ZNSt6__ndk110__function6__funcIZ43Java_com_supercell_titan_Kakao_logoutResultE3$_4NS_9allocatorIS2_EEFvvEED0Ev,0x4
0x18c3ac,_ZNK24RankedLeaderboardsScreen13hasOnlyGlobalEv,0x4
0x18c3b0,_ZNK21LogicTutorialStepData13getEndDelayMSEv,0x10
0x18c3c0,_ZN21NewsPopupNotification8destructEv,0x30
0x18c3f0,_ZN20BattleEndPreviewMenuC2Ev,0x1788
0x18db78,_ZN8TimeUtil23getTicksAsSecondsStringEib,0x64
0x18dbdc,_ZN20UIGetParentMovieClipD2Ev,0x40
0x18dc1c,_ZN13LogicSkinData21setHeroScreenLoopFaceERK6String,0x8
0x18dc24,_ZN17ShopSkinTeaseItem19getTeaseSecondsLeftEPK13LogicSkinData,0x78
0x18dc9c,_ZN14RectangleTimerC2Ev,0x2fc
0x18df98,_ZN18DoubleClickCheckerC2Ev,0x30
0x18dfc8,_ZNKSt6__ndk110__function6__funcIZN27BattleEndRankedRankUpScreen14addExecutionToEP18SequencedExecutionE3$_1NS_9allocatorIS5_EEFbvEE7__cloneEPNS0_6__baseIS8_EE,0x18
0x18dfe0,_ZN21AddableFriendsMessage18getServiceNodeTypeEv,0x8
0x18dfe8,_ZN8Databind15JSONInReflector17reflectNextObjectEv,0x4
0x18dfec,_ZNK20LogicCharacterClient16turnAngleTowardsEfif,0xc4
0x18e0b0,_ZN8Databind23NlohmannJsonInReflector15reflectNextBoolEb,0x4
0x18e0b4,_ZN7SBMMesh10readMatrixEP13TitanInStream,0x178
0x18e22c,_ZN28NameChangeConfirmationScreen6updateEf,0x6c
0x18e298,_ZN23TeamInvitationDataEntry8destructEv,0x48
0x18e2e0,_ZN7Profile12ScopedTiming5printEPKNS0_4InfoEi,0x21c
0x18e4fc,_ZN8Databind23NlohmannJsonInReflectorC2ERKN8nlohmann10basic_jsonINSt6__ndk13mapENS3_6vectorENS3_12basic_stringIcNS3_11char_traitsIcEENS3_9allocatorIcEEEEblmdS9_NS1_14adl_serializerEEE,0x50
0x18e54c,_ZN20CreateAccountMessageC2Ei,0x3c
0x18e588,_ubrk_isBoundary_58,0xc
0x18e594,_ZN22BrawlerSuggestionPopupD0Ev,0x3c
0x18e5d0,_ZN12_GLOBAL__N_17isAssetEPKc,0x670
0x18ec40,_ZNK11FriendEntry13getFacebookIdEv,0x8
0x18ec48,_ZN30LogicGameObjectManagerListener8destructEv,0x4
0x18ec4c,_ZN11scTaskQueue8runTasksEv,0x130
0x18ed7c,_ZNK17scFSLayerPackfile12getFilenamesEPKc,0x30c
0x18f088,_ZNK21LogicGameObjectServer24getLogicBattleModeServerEv,0x8
0x18f090,_ZN14VideoAdManager12isVideoReadyERK6String,0x8
0x18f098,_ZN6scPathdVERKNSt6__ndk112basic_stringIcNS0_11char_traitsIcEENS0_9allocatorIcEEEE,0x74
0x18f10c,_ZN8HomePage23isChampionshipChallengeEv,0x24
0x18f130,_ZN15LogicDataTables16getCrateTileDataEv,0xc
0x18f13c,_ZNK28LogicGameObjectManagerServer24writeGameObjectReferenceEP15ChecksumEncoderPK21LogicGameObjectServer,0x38
0x18f174,_ZN14BattleEndPopup38displayBattleEndHackFriendlyDeathmatchEii,0x5c
0x18f1d0,_ZN26LogicGameModeVariationData16createReferencesEv,0x188
0x18f358,_ZN5titan3com9supercell5titan19ApplicationUtilBase19setKunlunPlayerInfoERK6StringiiS6_bbb,0xe8
0x18f440,_ZN20LogicCharacterServer14setForcedAngleEi,0x2c
0x18f46c,_ZN10HeroSprite22setModelTransformationEiRK9xMatrix44,0x20
0x18f48c,_ZN13ListContainer6updateEf,0x18
0x18f4a4,_ZN25UnbindKakaoAccountMessage18getServiceNodeTypeEv,0x8
0x18f4ac,_ZNK21LogicGameObjectServer14getDeathEffectEv,0x8
0x18f4b4,_ZN15LogicDataTables20getTeleport3TileDataEv,0xc
0x18f4c0,_ZN24DataTableResourcesLoader16destructInstanceEv,0x38
0x18f4f8,_ures_initStackObject_58,0x28
0x18f520,_ZNK10SCIDConfig6getIntERK6String,0x68
0x18f588,_ZNKSt6__ndk110__function6__funcIZN21RankedTeamSelectPopup6updateEfE3$_0NS_9allocatorIS3_EEFP9ExecutionvEE11target_typeEv,0xc
0x18f594,_ZN10PathSprite6renderER9Matrix2x3R14ColorTransformif,0x1e0
0x18f774,_ZThn336_N14TeamMemberItem13buttonClickedEP12CustomButton,0x8
0x18f77c,_hb_font_subtract_glyph_origin_for_direction,0x54
0x18f7d0,_ZN14LogicDailyData20getRelatedQuestCountEP9EventData,0xe0
0x18f8b0,_ZN11TeamManager19onTeamStreamMessageEP17TeamStreamMessage,0x240
0x18faf0,_ZN8RankItem15scrollToElementEbb,0xa4
0x18fb94,_ZNK8LogicMD59hexdigestEv,0x210
0x18fda4,_ZNK11OnlinePopup12getPopupTypeEv,0x8
0x18fdac,_ZN10HomeScreen20joinClanFromDeeplinkEPK9LogicLongPK6String,0x1b4
0x18ff60,_ZNK20AnalyticEventMessage14getMessageTypeEv,0x8
0x18ff68,_ZN12AllianceInfo7setDataEP14PiranhaMessage,0x280
0x1901e8,_ZN25FriendOnlineStatusMessage24setOnlineFriendAvatarIdsEP14LogicArrayListIP9LogicLongE,0x8
0x1901f0,_ZN23TeamMemberStatusMessage6decodeEv,0x2c
0x19021c,_ZN8HomePage12getOwnAvatarEv,0x14
0x190230,_ZN9BitStream19readPositiveIntMax7Ev,0xbc
0x1902ec,_ZN9RankPopup16getPointerOffsetEv,0x34
0x190320,_ZNK12LogicTileMap30getVisibilityRadiusLogicXRightEi,0x8c
0x1903ac,_ZN8KeyCache14existsKeyValueERK6String,0x188
0x190534,_ZN6Friend15setAllianceRankEi,0x8
0x19053c,_ZN20UnlockAccountMessage12setAccountIdEP9LogicLong,0x8
0x190544,_ZNSt6__ndk110__function6__funcIZN11scTaskQueue3runIZN8TestCase6dragToER5TouchfE4$_17EENS_13invoke_resultIT_JEE4typeES9_EUlvE_NS_9allocatorISC_EEFvvEEclEv,0x40
0x190584,_ZN5lzham12symbol_codec17encode_arith_initEv,0x70
0x1905f4,_ZN5titan3com9supercell5titan15UnbotifyManager10endContextEv,0x5c
0x190650,_ZNK25LineAccountUnboundMessage14getMessageTypeEv,0x8
0x190658,_ZNK6icu_5815Normalizer2Impl21isCanonSegmentStarterEi,0x24
0x19067c,_ZN15LogicDataTables15getOpenTileDataEv,0xc
0x190688,_ZN18ProLeagueInfoPopup12destroyItemsEv,0xf8
0x190780,_ZN19GameSliderComponent14setValueBoundsEii,0x8
0x190788,_utrie2_fromUTrie_58,0x1e4
0x19096c,_ZNK17LogicSkinConfData13getMoveEffectEv,0x8
0x190974,_ZN20LogicCharacterServer20aiUseOffensiveSkillsEPS_bbbb,0x670
0x190fe4,_ZN4Shop20addItemsToScrollAreaEv,0x54
0x191038,_hb_font_funcs_set_user_data,0x38
0x191070,_ZN24LatencyTestConfiguration6decodeEP10ByteStream,0x1c4
0x191234,_ZNK9UdpSocket7getPingEv,0x14
0x191248,_ZThn96_N24EsportTournamentsWebViewD0Ev,0x28
0x191270,_ZN10SCTuneImpl16getOriginalValueEPvi,0x124
0x191394,_ZN15LogicStringUtil13getCharLengthEPK6String,0xe0
0x191474,_ZN43PurchaseSkinGroupOfferHighlightPopupHandler19beforeOffersReceiveEP14LogicArrayListIP16LogicOfferBundleE,0x15c
0x1915d0,_ZN18LatencyTestSession5closeEv,0xbc
0x19168c,_ZNSt6__ndk110__function6__funcIZN11scTaskQueue3runIZN7GLImage6createEPKhi9ImageWrap11ImageFilterE3$_5EENS_13invoke_resultIT_JEE4typeESB_EUlvE_NS_9allocatorISE_EEFvvEE7destroyEv,0x4
0x191690,_MatchFinder_NeedMove,0x34
0x1916c4,_ZN10PlayerInfo11refreshTabsEv,0x1c0
0x191884,_ZN8Databind4Util17getNumBitmaskBitsEPvPK13DatabindField,0x540
0x191dc4,_ZN10ByteStream7readIntEv,0x50
0x191e14,_ZN18LoginFailedMessage20removeRedirectDomainEv,0x10
0x191e24,_ucase_toFullFolding_58,0x1b8
0x191fdc,_ZNK12GemOfferItem22shouldUseHeroTransformEv,0x54
0x192030,_ZN18DeliveryCardsPopup26prepareStarPointsExecutionEv,0x238
0x192268,_ZN17ReportUserMessage6decodeEv,0x54
0x1922bc,_ZN10HomeScreen25playEventCollectAnimationEii,0x8
0x1922c4,_ZNK12LogicCommand14getExecuteTickEv,0x8
0x1922cc,_ZN15LogicLocaleData30getPublisherTermsUrlColumnNameERK6String,0x88
0x192354,_utext_setup_58,0x1a4
0x1924f8,_ZN20LogicCharacterServer12setParentGIDEi,0x8
0x192500,_ZN13DebugMenuBase8setTitleEPKc,0x68
0x192568,_ZNK13LogicTileData11getTileCodeEv,0x24
0x19258c,_ZN12CustomButton12setMovieClipEP9MovieClipb,0x10
0x19259c,_ZN12scZstdReader14decompressMoreEv,0x94
0x192630,_ZN9BitStream25readPositiveIntMax2097151Ev,0x6c
0x19269c,_ZNK15ApiTokenMessage13getResultCodeEv,0x8
0x1926a4,_Z44stbi_zlib_decode_malloc_guesssize_headerflagPKciiPii,0xa0
0x192744,_ZNK11LogicAvatar11getChecksumEv,0x78
0x1927bc,_ZN11SCIDManager12accountBoundERK6String,0x50
0x19280c,_ZN27AskForAllianceStreamMessage6encodeEv,0x4
0x192810,_ZN8DataIcon16destructIconClipEv,0x38
0x192848,_ZNK21LogicAreaEffectServer17getAreaEffectDataEv,0x4
0x19284c,_ZN21JoinRequestStreamItem12refreshEntryEP11StreamEntry,0x264
0x192ab0,_ZN13ShopBgElement20beforeInitialArrangeEv,0x58
0x192b08,_ZN15OutlineRenderer13setIterationsEi,0x8
0x192b10,_ZN9TeamPopup12setupMembersERK6StringS2_ib,0x2a4
0x192db4,_ZNK18LogicCarryableData28getPreventPickupInTargetBaseEv,0x10
0x192dc4,_ZN17HighscoreHeroList13buttonClickedEP12CustomButton,0xcc
0x192e90,_ZN10FriendItem12refreshIconsEP9MovieClipP6Friend,0x1a8
0x193038,_Z36hb_ot_layout_position_finish_offsetsP9hb_font_tP11hb_buffer_t,0x6c
0x1930a4,_ZN27AskForAllianceStreamMessage6decodeEv,0x4
0x1930a8,_crc32_z,0x2cc
0x193374,_ZN6icu_5815NoopNormalizer2D0Ev,0x24
0x193398,_ZN22GameCenterUserListener24gameCenterProfilePictureERK6StringP7GLImage,0x4
0x19339c,_ZNK31TeamChangeMemberSettingsMessage14getMessageTypeEv,0x8
0x1933a4,_ZN33RankedMatchHeroDataUpdatedMessageC2Ev,0x34
0x1933d8,_ZN6icu_5810UnicodeSet14releasePatternEv,0x30
0x193408,_ZN11GemPackItemD2Ev,0x84
0x19348c,_ZN8Databind15JSONInReflector25reflectNextObjectOptionalEb,0x4
0x193490,_stbi_is_hdr_from_callbacks,0x130
0x1935c0,_ZN8Animator17addAnimationEventEP9AnimationNS_5EventE,0xdc
0x19369c,_ZN15ParticleEmitter11setLocationEfff,0x10
0x1936ac,_u_strCompareIter_58,0x180
0x19382c,_ZNK9CSVColumn6equalsEPKS_,0x148
0x193974,_ZN15ResourceManager29checkMissingTidsFromMovieClipEPK9MovieClipRK6String,0xe8
0x193a5c,_ZN10LZMAReader7readIntEv,0xa4
0x193b00,_ZN14BattleEndPopup14getLevelUpContEv,0x7c
0x193b7c,_ZN11VanityItemsC2Ev,0x8
0x193b84,_ZN17ChatOptionsSliderD2Ev,0x16c
0x193cf0,_ZN5titan3com9supercell2id9IdAccountC2ERK6StringS6_S6_S6_S6_S6_b,0x100
0x193df0,_ZNK17LogicSkinConfData15getStillEffect2Ev,0x8
0x193df8,_ZNK6icu_5813UnicodeString17getDynamicClassIDEv,0xc
0x193e04,_ZL12repTextCloneP5UTextPKS_aP10UErrorCode,0x70
0x193e74,_hb_font_get_glyph_v_origin,0x28
0x193e9c,_ZNSt6__ndk110__function6__funcIZN19SupercellIdCallback28donationReceivedNotificationEP8_jobjectS4_E4$_25NS_9allocatorIS5_EEFvvEE7destroyEv,0x44
0x193ee0,_ZN27LogicAddNotificationCommand8destructEv,0x54
0x193f34,_ZThn8_NK10GameObject8getTileYEv,0x8
0x193f3c,_ZNK14LogicSkillData17canMoveAtSameTimeEv,0x10
0x193f4c,_ZN19StopSpectateMessage8destructEv,0x4
0x193f50,_u_isJavaIDPart_58,0x138
0x194088,_ZN31KakaoAccountAlreadyBoundMessage15removeAccountIdEv,0x10
0x194098,_ZN10ByteStream9setOffsetEii,0xc
0x1940a4,_ZN18SeasonRewardsPopup7refreshEv,0x28
0x1940cc,_ZN9sc3dWorld20configureEffectLayerEibbffiPK17StencilParameters,0x1a8
0x194274,_ZN21GlobalChatLineMessage9setHomeIdEP9LogicLong,0x8
0x19427c,_ZN8GameMain26reloadGameAndFallbackFontsEv,0x14
0x194290,_ZNK11SCIDManager7getItemERK6String,0x44
0x1942d4,_ZN26AppleBillingRequestMessageC2Ev,0xb0
0x194384,_ZN7SetTextD0Ev,0x3c
0x1943c0,_ZN10NativeFont13setFamilyNameERK6String,0x8
0x1943c8,_ZNK12BattleScreen15getMoveStickBgYEv,0x8
0x1943d0,_ZNKSt6__ndk110__function6__funcIZN19EnvironmentRenderer6renderER9Matrix2x3R14ColorTransformifE3$_4NS_9allocatorIS7_EEFvvEE11target_typeEv,0xc
0x1943dc,_ZN19StartLoadingMessageC2Ev,0x80
0x19445c,_ZNK22LogicLocationThemeData27getMapPreviewSafeExportNameEv,0x10
0x19446c,_ZN16AllianceSettings6updateEf,0x14c
0x1945b8,_ZN18LoginFailedMessage20removeHelpshiftFaqIdEv,0x10
0x1945c8,_ZNKSt6__ndk110__function6__funcIZ68Java_com_supercell_titan_PurchaseManager_updateBillingProductDetailsP7_JNIEnvP7_jclassP8_jstringS7_iE3$_1NS_9allocatorIS8_EEFvvEE7__cloneEPNS0_6__baseISB_EE,0x48
0x194610,_ZN9Character19playUltiReadyEffectEv,0x2c
0x19463c,_Z7projectfffPKfS0_PKiPfS3_S3_,0xd0
0x19470c,_ZNK16LogicMessageData9isEnabledEv,0x28
0x194734,_ZN25RuntimeGeneratedExecution5onTapEv,0x8c
0x1947c0,_ZN30AdUpdateConversionValueMessage6decodeEv,0x2c
0x1947ec,_ZN8RankItem13touchReleasedERK5Touch,0x14
0x194800,_ZNK17LogicClientAvatar22getAvatarUserLevelTierEv,0x34
0x194834,_ZN14BattleLogPopup7refreshEv,0x1e4
0x194a18,_ZN9GameUtils19bounceInterpolationEffffff,0xb4
0x194acc,_ZNK17LogicClientAvatar21validateCommodityTypeEi,0x18
0x194ae4,_ZNK9TextField18getTextFieldBoundsER4Rect,0xc
0x194af0,_ZN21BasicReflectableIdMapC2Ev,0x64
0x194b54,_ZN20PlayerProfileMessage18getServiceNodeTypeEv,0x8
0x194b5c,_ZN8HomePage30refreshTeamMemberSpeechBubblesEv,0xb8
0x194c14,_ZN6icu_5810UCharsTrie8nextImplEPKti,0xa8
0x194cbc,_ZN20LogicCharacterServer12getNextSkillEv,0x60
0x194d1c,_ZNK11DragHandler22isVerticalDragDisabledEb,0x34
0x194d50,_ZN23ChangeAvatarNameMessageC2Ei,0x34
0x194d84,_ZNSt6__ndk110__function6__funcIZN7GLImage6createEPKhi9ImageWrap11ImageFilterE3$_3NS_9allocatorIS7_EEFvvEEclEv,0x120
0x194ea4,_ZN13EffectManager22addLoopingEffectScreenEPK15LogicEffectDataffbbPK14GameObjectBasebi,0xc8
0x194f6c,_ZN24BadgePreviewToggleButtonC2ERK6String,0x44
0x194fb0,_ZN20LogicRawOutReflector40reflectReflectableReferenceArrayInternalER17LogicIntArrayListR14LogicArrayListIP16LogicReflectableEPKci,0x48
0x194ff8,_ZN9LogicMath3powEii,0x30
0x195028,_ZNK19LogicProjectileData13getScaleStartEv,0x14
0x19503c,_ZN5Track6deinitEv,0x4
0x195040,_ZN27HomeBattleReplayDataMessageC2Ev,0x34
0x195074,_ZN12ScMatrixBankD2Ev,0x54
0x1950c8,_ZN9OutStream8writeU16Et,0x244
0x19530c,_ZN20AllianceTeamsMessage11removeTeamsEv,0x10
0x19531c,_ZN23BindKakaoAccountMessage6encodeEv,0x44
0x195360,_ZNK22LogicLocationThemeData21getBlocking3AngleStepEi,0x18
0x195378,_ZNK15LogicItemServer14isSpawnDelayedEi,0x10
0x195388,_ZN20LogicCharacterServer4tickEv,0xe8
0x195470,_ZNK14ChatStreamBase17isRootNodeVisibleEv,0x40
0x1954b0,_ZNKSt6__ndk110__function6__funcIZ50Java_com_supercell_titan_GameApp_handleDeeplinkURLE3$_1NS_9allocatorIS2_EEFvvEE7__cloneEPNS0_6__baseIS5_EE,0x1c
0x1954cc,_ZL26replaceableIteratorCurrentP13UCharIterator,0x3c
0x195508,_ZN13LogicSkinData14setRedSpecularERK6String,0x88
0x195590,_ZN8Settings12getUltiScaleEv,0x98
0x195628,_ZN11BasePageGUI10updateDragERK5Touch,0x138
0x195760,_ZN13ShopBgElement19afterInitialArrangeEv,0x58
0x1957b8,_ZN15LogicStringUtil16hexCharCodeToIntEi,0x74
0x19582c,_ZNK21LogicGameObjectServer11getGlobalIDEv,0x8
0x195834,_ZNK26LogicGameModeVariationData23getGameModeRoomIconNameEv,0x10
0x195844,_ZN19TimedOfferTimerItemD2Ev,0x18
0x19585c,_ZN9BitStream14writeIntMax255Ei,0x8
0x195864,_ZN21MagicSelectableButtonD2Ev,0xcc
0x195930,_fixN0c,0x108
0x195a38,_ZNSt6__ndk110__function6__funcIZN11scTaskQueue3runIZN8TestCase9moveTouchER5TouchS5_S5_fE3$_8EENS_13invoke_resultIT_JEE4typeES9_EUlvE_NS_9allocatorISC_EEFvvEED0Ev,0x4
0x195a3c,_ZNSt6__ndk110__function6__funcIZN7SCWFile4loadER12SCWFileInputE3$_0NS_9allocatorIS5_EEFvvEED0Ev,0x4
0x195a40,_ZN30AvatarNameCheckResponseMessage18removeFilteredNameEv,0x10
0x195a50,_ZN5lzham30lzham_lib_set_memory_callbacksEPFPvS0_mPmjS0_EPFmS0_S0_ES0_,0x4c
0x195a9c,_ZN14BattleEndPopup21setGainedCoinsElementEP18SequencedExecutionP14LogicArrayListIP13DisplayObjectEP9MovieClipiRK6StringSB_b,0x268
0x195d04,_ZN20LogicCharacterServer14giveDamageBuffEii,0x4
0x195d08,_ZN9LogicMath3maxEii,0xc
0x195d14,_ZN10TeamStream15sendChatMessageEv,0x1d4
0x195ee8,_ZN20LogicCharacterServer16setStartPositionEiii,0x4
0x195eec,_ZNK20LogicCharacterClient27hasHealSuppressDebuffClientEv,0x8
0x195ef4,_ubrk_last_58,0xc
0x195f00,_ZN11SkinPreview12hideAllSkinsEv,0x4
0x195f04,_ZplRK6Stringd,0x74
0x195f78,_MyFree,0x4
0x195f7c,_ZNSt6__ndk110__function6__funcIZN19EnvironmentRenderer6renderER9Matrix2x3R14ColorTransformifE3$_9NS_9allocatorIS7_EEFvvEE18destroy_deallocateEv,0x4
0x195f80,_ZN13DisplayObject10setGrayOutEb,0x1c
0x195f9c,_ZNKSt6__ndk110__function6__funcIZN7GLImage6createEPKhi9ImageWrap11ImageFilterE3$_4NS_9allocatorIS7_EEFvvEE7__cloneEPNS0_6__baseISA_EE,0x48
0x195fe4,_ZN12EventTracker16sendBillingEventERK6StringS2_ii,0xc4
0x1960a8,_ZNSt6__ndk110__function6__funcIZN14SceneCharacter6updateEfE3$_0NS_9allocatorIS3_EEFvvEE7destroyEv,0x4
0x1960ac,_ZN20LogicCharacterServer12summonMinionEPK18LogicCharacterDataiiiiiiiP21LogicBattleModeServeriiibbibi,0x770
0x19681c,_ZN11BadgeSpriteC2ERK6Stringff,0x11c
0x196938,_Z13set_addressesP7ifaddrsP9ifaddrmsgPvm,0xa8
0x1969e0,_ZN17OnlineFriendsListD2Ev,0x84
0x196a64,_ZN7Billing10getReceiptEv,0x20
0x196a84,_ZN21LogicAllianceRoleData10findByCodeEi,0x30
0x196ab4,_ZNK12scZstdFilter15getMemoryHandleEv,0x1d8
0x196c8c,_ZN15sc3dWorldObject16setWorldPositionEfff,0xe8
0x196d74,_ZN9sc3dWorld17deleteWorldLayersEv,0xb8
0x196e2c,_ZNK33RankedMatchHeroDataUpdatedMessage14getMessageTypeEv,0x8
0x196e34,_ZN13YoozooManager6updateEf,0x44
0x196e78,_ures_getNextString_58,0x17c
0x196ff4,_ZN36GamecenterAccountAlreadyBoundMessage6decodeEv,0xc0
0x1970b4,_ZN8Databind15JSONInReflector10exitObjectEv,0xf0
0x1971a4,_ZN15LogicDataTables17getLocationByNameERK6StringPK9LogicData,0x20
0x1971c4,_ZN11GameWebView15goToLandingPageEv,0x80
0x197244,_ZN9sc3dWorld22renderGeometryPseudo3DEiPK7Vector3IfEPKiRS2_fP7GLImageRK14ColorTransformi,0x344
0x197588,_ZN25PlaySoundInFrameExecution6updateEf,0x6c
0x1975f4,_ZNK26AuthenticationCheckMessage14getMessageTypeEv,0x8
0x1975fc,_ZN6Kunlun22GetTimePlayedInSecondsEv,0x4
0x197600,_ZN15LogicDataTables27getIncreaseHealthAreaEffectEv,0xc
0x19760c,_ZN12ShopItemAnim11hasBeenSeenEv,0x68
0x197674,_ZN13LayerSprite3D15setOutlineWidthEf,0x1c
0x197690,_ZN27YoozooBillingRequestMessage18getServiceNodeTypeEv,0x8
0x197698,_ZNK18AskApiTokenMessage14getMessageTypeEv,0x8
0x1976a0,_ZN10ByteStream19writeFilteredStringEPK6String,0x68
0x197708,_ZN22BuyChallengeLivesPopupC2Ev,0x3cc
0x197ad4,_ZN26ChampionshipChallengePopup12getStartWinsEi,0xa0
0x197b74,_ZN12GUIContainer17addButtonManuallyEP12CustomButton,0x100
0x197c74,_ZThn336_N21TeamCreatedStreamItem13buttonClickedEP12CustomButton,0x8
0x197c7c,_ZNK16GameStateManager21isCurrentStateLoadingEv,0x34
0x197cb0,_ZNK26AppleBillingRequestMessage20getReceiptDataLengthEv,0x8
0x197cb8,_ZN8TestCase32findVisibleButtonByAnalyticsNameE6String,0x70
0x197d28,_ZN15MapEditorScreen10toggleGridEv,0x14
0x197d3c,_uenum_openCharStringsEnumeration_58,0x90
0x197dcc,_ZN10ConnectionD2Ev,0x78
0x197e44,_ZN6icu_58L14enumGroupNamesEPNS_10UCharNamesEPKtiiPFaPvi15UCharNameChoicePKciES4_S5_,0x3fc
0x198240,_ZN22AskForBattleEndMessage6encodeEv,0x94
0x1982d4,_ZNK10NativeFont15getMarginBottomEv,0x8
0x1982dc,_ZN24StretchableContextBubble12setupForClipEP9MovieClipffP4Rectb,0x130
0x19840c,_ZN30LookForATeamMemberConfirmPopup13buttonClickedEP12CustomButton,0x30
0x19843c,_ZN23OfflineFriendInviteItem11refreshIconERK6Stringb,0x30
0x19846c,_ZNK15LogicItemServer7getTypeEv,0x8
0x198474,_ZN9CombatHUD22setDefaultChatPositionEv,0x164
0x1985d8,_ZN30SCIDAccountAlreadyBoundMessage18getServiceNodeTypeEv,0x8
0x1985e0,_ZN15SuggestionEntry6encodeEP15ChecksumEncoder,0x3c
0x19861c,_ZNK17LogicGameCalendar11getDayIndexEv,0x8
0x198624,_ZN16GameObjectSprite17setShadowSettingsEfffff,0xa0
0x1986c4,_Z27transformPositionNormalNEONiPKcPciiiiiiPK9xMatrix44S4_iiR7Vector3IfES7_,0x254
0x198918,_ZN20LogicHeroSeenCommand7executeEP13LogicHomeModeib,0xa4
0x1989bc,_ZN11hb_buffer_t24guess_segment_propertiesEv,0xe0
0x198a9c,_ZNK13LogicTileData13canShowCracksEv,0x8
0x198aa4,_ZN36GamecenterAccountAlreadyBoundMessage9setOpenIdEP6String,0x8
0x198aac,_ZNKSt6__ndk110__function6__funcIZ61Java_com_supercell_titan_GoogleServiceClient_onSignInCanceledP7_JNIEnvP7_jclassE3$_2NS_9allocatorIS6_EEFvvEE7__cloneEPNS0_6__baseIS9_EE,0x10
0x198abc,_ZN25AccountIdentifiersMessage6decodeEv,0x34
0x198af0,_ZNSt6__ndk110__function6__funcIZN19SupercellIdCallback15avatarImageDataEP8_jobjectP11_jbyteArrayiiiRK6StringE4$_18NS_9allocatorISA_EEFvvEE7destroyEv,0x8
0x198af8,_ZN34PurchaseOfferHighlightPopupHandler11getItemDescEi,0x130
0x198c28,_ZNK19LogicProjectileData19getDamagePercentEndEv,0x14
0x198c3c,_ZN12FriendsPopup12touchPressedERK5Touch,0x50
0x198c8c,_ZN25TeamToggleSettingsMessage6encodeEv,0x28
0x198cb4,_ZN18sc3dPanPinchCamera12touchPressedERK5Touch,0x204
0x198eb8,_ZN5Track11checkpoint_EPKciS1_,0x4
0x198ebc,_ZN10ByteStream15readBytesLengthEv,0x50
0x198f0c,_ZN22ClientContentValidator26validateBillingPackageDataEPK24LogicBillingPackagesData,0x258
0x199164,_ZN19GetBattleLogMessageC2Ev,0x30
0x199194,_ZN10HomeScreen15destructStaticsEv,0x178
0x19930c,_Z17applyAvatarChangeP17LogicClientAvatar,0x4
0x199310,_ZN7rg_etc110etc1_block11pack_color4Ejjjbj,0x70
0x199380,_ZN11SCIDManager16clearPendingDataEv,0x6c
0x1993ec,_ZN15KakaoConnection9hibernateEb,0x18
0x199404,_ZN12RenderTargetC2Ebibbb,0xbc
0x1994c0,_ZN9Messaging20resolveInterfaceNameERKNSt6__ndk110shared_ptrIvEE,0x230
0x1996f0,_ZN15ApiTokenMessage22setTokenRefreshSecondsEi,0x8
0x1996f8,_ZNK13LogicGemOffer7isValidEPK13LogicHomeModeP14LogicArrayListIPS_E,0xb14
0x19a20c,_ZN26RankedTeamSelectionManager7tryPickEPK18LogicCharacterData,0x194
0x19a3a0,_hb_unicode_decompose,0x14
0x19a3b4,_ZN11LatencyData8destructEv,0x9c
0x19a450,_ZNK7PageGUI12getPageWidthEv,0x8
0x19a458,_ZN16AllianceSettingsD0Ev,0x24
0x19a47c,_ZN19LogicRawInReflector13reflectRandomER11LogicRandomPKc,0x34
0x19a4b0,_ZNKSt6__ndk110__function6__funcIZ53Java_com_supercell_titan_GoogleServiceClient_onSignInP7_JNIEnvP7_jclassE3$_0NS_9allocatorIS6_EEFvvEE7__cloneEPNS0_6__baseIS9_EE,0x10
0x19a4c0,_ZN6icu_586Locale10getGermanyEv,0x24
0x19a4e4,_lzham_z_uncompress,0x4
0x19a4e8,_ZN25AvatarOnlineStatusUpdated9setStatusEi,0x8
0x19a4f0,_ZN22ShapeDrawBitmapCommand16scaleCoordinatesEff,0x78
0x19a568,_ZN4NodeD2Ev,0xa8
0x19a610,_ZN8NewsPageD2Ev,0x138
0x19a748,_ZNKSt6__ndk110__function6__funcIZN11AndroidMain21inputSelectionChangedEiiE4$_11NS_9allocatorIS3_EEFvvEE6targetERKSt9type_info,0x1c
0x19a764,_ZN22ClientContentValidator31handlePendingTIDIssuesAsGenericEv,0x180
0x19a8e4,_ZN19AcceptFriendMessageC2Ei,0x2c
0x19a910,_nti_iterator_next_line,0x11cc
0x19badc,_ZN15LogicDailyOffer12getCardCountEP14LogicDailyData,0x8
0x19bae4,_ZN15DoubleCoinsItemD0Ev,0x50
0x19bb34,_ZN6icu_588RBBINode9cloneTreeEv,0x94
0x19bbc8,_ZN10HomeScreen18matchmakeCancelledEv,0x1c
0x19bbe4,_ZN11SocialPopupC2Ei,0x320
0x19bf3c,_ZN6icu_589UVector327setSizeEi,0xd8
0x19c014,_ZN24TicketRewardNotification6decodeEP10ByteStream,0x4c
0x19c060,_ZNK28LogicSeasonalSkinSectionData19getIncludedCampaignEi,0x10
0x19c070,_ZN11ContextMenu16getPopoverSourceEv,0x8
0x19c078,_ZN20LogicCharacterServer16setCarryableLinkEPS_,0x4
0x19c07c,_ZN21MapEditorModifierItem13buttonClickedEP12CustomButton,0x98
0x19c114,_ZNK18LogicCharacterData12getUltiSoundEPK13LogicSkinData,0x44
0x19c158,_ZN11EmoteButton8getEmoteEv,0x18
0x19c170,_ZN21LogicBattleModeServer26tickSpawnEventModifierBossEi,0x4
0x19c174,_ZN17OnlineTeamupPopup6updateEf,0x1f4
0x19c368,_ZN5Track5eventERK6StringS2_S2_S2_S2_S2_S2_S2_S2_S2_S2_S2_S2_S2_S2_S2_S2_,0x4
0x19c36c,_ZThn368_N15SelectHeroPopupD1Ev,0x8
0x19c374,_ZNK23BattleReportStreamEntry17getContentVersionEv,0x8
0x19c37c,_ZN11AndroidMain19updateGameLifecycleEv,0x158
0x19c4d4,_uprv_modf_58,0x4
0x19c4d8,_ZN19SupercellIdCallback24clearPendingRegistrationEP8_jobject,0x1d8
0x19c6b0,_ZN12CustomButton14touchCancelledEi,0x28
0x19c6d8,_ZN12jpeg_decoder11decode_initEP19jpeg_decoder_stream,0x70
0x19c748,_ZN21LogicBattleModeServer33getRandomTileIndexForSpawningHeroEv,0x2b0
0x19c9f8,_ZN15sc3dWorldSprite15loadingFinishedEv,0x10
0x19ca08,_ZN28BindGamecenterAccountMessage12setTimestampEPKci,0x88
0x19ca90,_ZNK18LogicCharacterData10isDisabledEv,0x10
0x19caa0,_ZNSt6__ndk110__function6__funcIZN11scTaskQueue3runIZN8TestCase20drawDebugPercentagesEvE4$_20EENS_13invoke_resultIT_JEE4typeES7_EUlvE_NS_9allocatorISA_EEFvvEE7destroyEv,0x4
0x19caa4,_ZN14BattleEndPopup21refreshPlayAgainTimerEv,0x118
0x19cbbc,_ZThn96_N16NameChangeScreen13buttonClickedEP12CustomButton,0x8
0x19cbc4,_Java_com_supercell_titan_GameApp_nOnConfigurationChanged,0x7c
0x19cc40,_ZN15LogicDataTables27getLaserBallThrowUltiEffectEv,0xc
0x19cc4c,_ZN8SkeletonD2Ev,0x100
0x19cd4c,_ZN8Material16setCustomTextureERK6StringS2_,0x4
0x19cd50,_ZL4get8P4stbi,0x88
0x19cdd8,_ZN15LogicDataTables10getGlobalsEv,0xc
0x19cde4,_ZNK20SelectableButtonList14getButtonIndexEPK16SelectableButton,0x3c
0x19ce20,_ZNK11LogicPlayer17getBoltsCollectedEv,0x3c
0x19ce5c,_ZN8GlobalID14createGlobalIDEii,0x2c
0x19ce88,_ZN17LogicBattleEmotes8destructEv,0x3c
0x19cec4,_ZN14TencentManager22tencentFriendsReceivedEiPK11TencentUser,0x160
0x19d024,_ZNK17TencentLoginState9wrapColorERK6String,0x1c
0x19d040,_ZNK22LogicLocationThemeData13getFragileSCWEi,0x18
0x19d058,_ZN21ChronosResourceHelper19loadChronosResourceEiPK16ChronosFileEntry,0xe4
0x19d13c,_ZNK21LogicProjectileServer10getTargetXEv,0x8
0x19d144,_ZNK22BuyChallengeLivesPopup28allowClosingFromModalTappingEv,0x8
0x19d14c,_ZNK12SoundManager16getMusicDurationEv,0x8
0x19d154,_ZN19SupercellIdCallback22isIngameFriendsEnabledEP8_jobject,0x80
0x19d1d4,_inflateCopy,0x184
0x19d358,_ZN8CSVPatch34parseNumberCsvActionTargetRowIndexERK6StringP8CSVTable,0x58
0x19d3b0,_ZN20LogicCharacterServer8dropThisEv,0x4
0x19d3b4,_ZN17LogicSkinConfData16setReloadingAnimERK6String,0x14
0x19d3c8,_ZN4Node11addInstanceEP8Instance,0x13c
0x19d504,_ZNK18scFSLayerDirectory12getFilenamesEPKc,0x370
0x19d874,_ZN27BattleEndRankedRoundsScreenD0Ev,0x40
0x19d8b4,_ZN12LogicTileMap21pathFinderTileToLogicEib,0x18
0x19d8cc,_ZN20GoogleServiceManager23onTokenValidationFailedEv,0x44
0x19d910,_ZNK12GameSettings23isGoogleFirstLoginTriedEv,0x8
0x19d918,_Z9partitionPfPhiii,0xc0
0x19d9d8,_ZNK12FilterEffect10isFinishedEv,0x8
0x19d9e0,_ZN5lzham25lzham_lib_decompress_initEPK23lzham_decompress_params,0x16c
0x19db4c,_Java_com_supercell_titan_GameApp_nOnStart,0x88
0x19dbd4,_ZNKSt6__ndk110__function6__funcIZN19SupercellIdCallback18openSelfHelpPortalEP8_jobjectE4$_12NS_9allocatorIS5_EEFvvEE7__cloneEPNS0_6__baseIS8_EE,0x18
0x19dbec,_ZNK14TencentManager18getLaunchParameterERK6String,0x174
0x19dd60,_ZL15utf8TextExtractP5UTextllPtiP10UErrorCode,0x348
0x19e0a8,_ZN10GameCenter15showLeaderboardERK6String,0x4
0x19e0ac,_ZNK7SCWFile11getCameraAtEi,0xc
0x19e0b8,_ZN19SupercellIdCallback17clearPendingLoginEP8_jobject,0x1d8
0x19e290,_ZN6icu_586Locale10getChineseEv,0x24
0x19e2b4,_ZN21LogicJSONOutReflector35reflectNextReflectableReferenceBaseER29LogicReflectableReferenceBasei,0x64
0x19e318,_ZNK13LogicGemOffer13isDropForHeroEPK18LogicCharacterData,0x24
0x19e33c,_ZNK17TitanLoginMessage14getMessageTypeEv,0x8
0x19e344,_ZN30RemoveAvatarStreamEntryMessageC2Ev,0x34
0x19e378,_ZN21LogicBattleModeServer11setLocationEPK17LogicLocationData,0x6c
0x19e3e4,_inflateGetDictionary,0xb4
0x19e498,_ZN8Settings10setPvpSeenEv,0x98
0x19e530,_ZN19DebugPerformanceHud16destructInstanceEv,0x38
0x19e568,_ZN12LoginMessage24setUpdateMaintenanceModeEb,0xc
0x19e574,_ZN15LaserBoxManager7Website19updateNewItemsCountEv,0xbc
0x19e630,_ZN5titan3com9supercell5titan7tencent11MSDKManager7loginQQEv,0x5c
0x19e68c,_ZNK15GameSCIDManager22getGameAccountNicknameEv,0x3c
0x19e6c8,_ZN6StringaSERKS_,0xc8
0x19e790,_ZN13LogicSkinData23setUltiLocksAttackAngleEb,0xc
0x19e79c,_hb_font_funcs_set_glyph_v_kerning_func,0x8c
0x19e828,_ZN18DeliveryCardsPopup18getHeroesYetToDropEi,0xac
0x19e8d4,_ZN15MapEditorScreen17refreshTileCountsEv,0x168
0x19ea3c,_ZN20LogicCharacterServer20bossExploreUseSkillsEv,0x4
0x19ea40,_ZL15setup_syllablesPK18hb_ot_shape_plan_tP9hb_font_tP11hb_buffer_t.15114,0x548
0x19ef88,_ZN11AndroidMain21getFontPathByFontNameER6String,0x34
0x19efbc,_ZN17ReportUserMessage22removeReportedAvatarIdEv,0x10
0x19efcc,_ZN33SCIDLogoutAllDevicesResultMessage18getServiceNodeTypeEv,0x8
0x19efd4,_ZN10HomeScreenC2EP8HomeMode,0xa8
0x19f07c,_ZNK13LogicTileData13getBaseCrack2Ev,0x10
0x19f08c,_ZNKSt6__ndk110__function6__funcIZN11Character3D6updateEfE3$_0NS_9allocatorIS3_EEFvvEE7__cloneEv,0x38
0x19f0c4,_ZNK10LoginState6getTIDERK6String,0x18
0x19f0dc,_ZN25TeamToggleSettingsMessageC2Ev,0x34
0x19f110,_ZN14BattleEndPopup15getButtonByNameERK6String,0x70
0x19f180,_ubidi_getClassCallback_58,0x20
0x19f1a0,_ZN34LogicProLeagueSeasonChangedCommand6decodeEP10ByteStream,0x50
0x19f1f0,_Z22crypto_hash_whiteboxedPhPKhy,0xc8c
0x19fe7c,_ZN8Renderer12clearStencilEi,0x4
0x19fe80,_ZN15DraggableButton24updateGlobalPositionInfoEv,0x1c
0x19fe9c,_ZN24DataTableResourcesLoader16reloadDataTablesEv,0x110
0x19ffac,_ZN7SCWFile15clearMeshCachesEv,0x120
0x1a00cc,_ZNK15ChatStreamEntry10getMessageEv,0x8
0x1a00d4,_ZNKSt6__ndk110__function6__funcIZN11scTaskQueue3runIZN8TestCase6dragToER5TouchfE4$_16EENS_13invoke_resultIT_JEE4typeES9_EUlvE_NS_9allocatorISC_EEFvvEE7__cloneEv,0x38
0x1a010c,_ZN9RankPopup14refreshIndicesEv,0x10
0x1a011c,_ZN14BattleEndPopupD2Ev,0x914
0x1a0a30,_ZN16LogicStringTable12removeStringERK6String,0xb0
0x1a0ae0,_ZN22LogicMilestoneProgress8destructEv,0x14
0x1a0af4,_ZN8HeroList15createHeroItemsEv,0x27c
0x1a0d70,_ZNSt6__ndk110__function6__funcIZN11scTaskQueue3runIZN8TestCase20drawDebugPercentagesEvE4$_21EENS_13invoke_resultIT_JEE4typeES7_EUlvE_NS_9allocatorISA_EEFvvEED0Ev,0x4
0x1a0d74,_ZNK19LogicProjectileData19getPushbackStrengthEv,0x8
0x1a0d7c,_ZN11BadgeSprite6deinitEv,0x30
0x1a0dac,_ZNK18LogicChallengeData15getCompletedTIDEv,0x10
0x1a0dbc,_ZNK3GUI32getTotalInInitialStateDataGainedEN10DataGained4TypeENS0_6TargetE,0x2c4
0x1a1080,_ZN16HelpshiftManager17constructInstanceEv,0x40
0x1a10c0,_ZNSt6__ndk110__function6__funcIZN14LineConnection9autologinEvE3$_2NS_9allocatorIS3_EEFvbPKN8linecorp4nova11CredentialsEPKNS7_5ErrorEEE7destroyEv,0x4
0x1a10c4,_ZN26ResourceRewardNotification6encodeEP15ChecksumEncoder,0x5c
0x1a1120,_ZN21LogicBattleModeServer22findOrCreateTeamMemberEi,0x188
0x1a12a8,_ZNK33LogicViewInboxNotificationCommand6encodeEP15ChecksumEncoder,0x48
0x1a12f0,_ZN25SupportCreatorItemHandler23supportedCreatorChangedEv,0x114
0x1a1404,_ZN31TeamChangeMemberSettingsMessage6encodeEv,0x38
0x1a143c,_ZN25RecentButtonTargetHandlerD2Ev,0x58
0x1a1494,_ZN15AllianceManager17getMyAllianceDataEv,0xc
0x1a14a0,_Z16_resolveInternalP7_JNIEnvPKcS2_S2_,0x1d8
0x1a1678,_ZNSt6__ndk110__function6__funcIZ59Java_com_supercell_titan_GoogleServiceClient_onSignInFailedP7_JNIEnvP7_jclassE3$_3NS_9allocatorIS6_EEFvvEE18destroy_deallocateEv,0x4
0x1a167c,_ZN10HomeScreen12refreshInboxEv,0x2c
0x1a16a8,_ZNKSt6__ndk110__function6__funcIZN11AndroidMain18onSurfaceDestroyedEvE3$_2NS_9allocatorIS3_EEFvvEE6targetERKSt9type_info,0x1c
0x1a16c4,_ZN26EnterSupportedCreatorPopupD2Ev,0xac
0x1a1770,_ZNK19DebugCommandMessage14getMessageTypeEv,0x8
0x1a1778,_ZNK15sc3dWorldCamera13isPerspectiveEv,0x10
0x1a1788,_ZN20LogicCharacterServer19bossEngageUseSkillsEPS_S0_b,0x4
0x1a178c,_ZNK17LogicCampaignData6getMapEv,0x10
0x1a179c,_ZN20LogicCharacterServer13dropCarryableEii,0x4
0x1a17a0,_ZNK13LogicConfData21getTimeUntilNextEventEv,0x48
0x1a17e8,_ZNKSt6__ndk110__function6__funcIZN11scTaskQueue3runIZN7GLImage6createEPKc9ImageWrap11ImageFilterE3$_0EENS_13invoke_resultIT_JEE4typeESB_EUlvE_NS_9allocatorISE_EEFvvEE7__cloneEv,0x38
0x1a1820,_ZNK17LogicGameCalendar12getDayOfYearEv,0x8
0x1a1828,_ZN9sc3dWorld21drawShadowsHierarchicEP15sc3dWorldObjectRK9xMatrix44R11RenderQueuePNSt6__ndk16vectorIS1_NS7_9allocatorIS1_EEEE,0x220
0x1a1a48,_ZN21LogicBattleModeServer30addEventModifiersFromMapLoaderEv,0x6c
0x1a1ab4,_ZN17SWFMovieClipCacheD2Ev,0xf8
0x1a1bac,_nti_font_get_postscript_name,0x8c
0x1a1c38,_ZN15LogicDataTables26getNonConstAnimationByNameERK6StringPK9LogicData,0x20
0x1a1c58,_ZN13LogicHomeMode4tickEv,0x38
0x1a1c90,_ZN14SettingsScreen13getPlayerDataEv,0x1c
0x1a1cac,_ZN19LogicLevelUpCommand15getUnlockStatusEPK13LogicHomeModeiiii,0xa0
0x1a1d4c,_ZN20EncryptionKeyManager6updateEv,0x40
0x1a1d8c,_ZN25HeroLvlUpMaterialPackItemD0Ev,0x88
0x1a1e14,_ZN10ScoresPage13buttonClickedEP12CustomButton,0x1c0
0x1a1fd4,_ZN6SpriteC2Es,0x60
0x1a2034,_ZN9InitState16showFloatingTextERK6Stringb,0x158
0x1a218c,_ZN10HomeScreen23displayFriendlyGameRoomEP9TeamEntryP14LogicArrayListIP11StreamEntryE,0x10
0x1a219c,_ZN12GenericPopup14findButtonByIdEi,0x40
0x1a21dc,_ZNK18LogicMapEditorMode10getTileMapEv,0x8
0x1a21e4,_ZN8HomeMode9setPausedEb,0x120
0x1a2304,_ZN19BrawlTVWaitingPopupD0Ev,0x24
0x1a2328,_ZN19SupercellIdCallback13forgetAccountEP8_jobjectRK6StringS4_,0x250
0x1a2578,_ZN15FacebookManager17constructInstanceEv,0x30
0x1a25a8,_ZN14BattleEndPopup12isTeamVsTeamEv,0x14
0x1a25bc,_ZNKSt6__ndk110__function6__funcIZN19SupercellIdCallback12setShopItemsEP8_jobjectP13_jobjectArrayS6_S6_E4$_21NS_9allocatorIS7_EEFvvEE7__cloneEv,0x50
0x1a260c,_ZN15LogicEffectData10parseLayerERK6StringPK9LogicData,0x148
0x1a2754,_ZN25LogicPurchaseOfferCommand17resolveCustomDataEP16LogicOfferBundle,0x24
0x1a2778,_ZNK9LogicData18getParentTableNameEv,0x10
0x1a2788,_ZN23GetPlayerProfileMessage8destructEv,0x34
0x1a27bc,_ZNK14AllianceStream16getAnalyticsNameEv,0xc
0x1a27c8,_ZN9LogicData30getAndAssertBooleanColumnIndexEPK8CSVTableRK6String,0x48
0x1a2810,_ZNK28PlayerMapGreenlightedMessage14getMessageTypeEv,0x8
0x1a2818,_ZN22AccountSwitchedMessage25removeSwitchedToAccountIdEv,0x10
0x1a2828,_ZNK12LogicTileMap32getVisibilityRadiusSubtilesXLeftEi,0x88
0x1a28b0,_ZN15GameSCIDManager16destructInstanceEv,0x34
0x1a28e4,_ZN13StringBuilder9setLengthEi,0xdc
0x1a29c0,_ZN19AllianceListMessage18getServiceNodeTypeEv,0x8
0x1a29c8,_ZNSt6__ndk110__function6__funcIZN6Shader4loadEPKcS4_PS4_iE3$_0NS_9allocatorIS6_EEFvvEEclEv,0x8c
0x1a2a54,_ZNK18LogicGemBundleData25getResourceCountFromThCSVEv,0x8
0x1a2a5c,_ZN5titan3com9supercell5titan7GameAppC2EP8_jobject,0xbc
0x1a2b18,_Java_com_supercell_titan_SupercellId_setPendingRegistrationWithPhone,0x44
0x1a2b5c,_ZN5lzham25adaptive_arith_data_model6updateEj,0x60
0x1a2bbc,_ZL11repTextCopyP5UTextlllaP10UErrorCode,0x1b8
0x1a2d74,_ZN11LogicAvatar18setLogicBattleModeEP21LogicBattleModeClient,0x8
0x1a2d7c,_ZNK9CSVColumn18getRawBooleanValueEi,0xc
0x1a2d88,_ZN15LogicStringUtil15rawStringLengthERK6String,0x4
0x1a2d8c,_ZNK11DragHandler12getMidScreenEb,0x90
0x1a2e1c,_ZN18LogicCarryableData16createReferencesEv,0x40
0x1a2e5c,_ZN8HomePage31isBattlePreventedDueMaintenanceEv,0x6c
0x1a2ec8,_ZN9MovieClip11gotoAndStopEPKc,0xe0
0x1a2fa8,_ZN16ByteStreamHelper18writeDataReferenceEP9BitStreamPK9LogicData,0x70
0x1a3018,_ZNK26LogicKeyPoolChangedCommand6encodeEP15ChecksumEncoder,0x50
0x1a3068,_ZN28LogicGameObjectManagerServer13getCharactersEv,0x8
0x1a3070,_ZN12BadgePreview6toggleERK6String,0x21c
0x1a328c,_ZN17scCryptoBoxFilter13setDownstreamEP10scFileImpl,0x20
0x1a32ac,_ZN11AndroidMain15_gameBackgroundEv,0x24c
0x1a34f8,_ZN13LogicItemDataC2EP6CSVRowP14LogicDataTable,0x6c
0x1a3564,_ZN5Debug8drawRectEffffjf,0x4
0x1a3568,_ZN10PlayerInfo30refreshClanMemberManageButtonsEv,0x178
0x1a36e0,_ZN37SendAllianceInvitationToFriendMessage6encodeEv,0x44
0x1a3724,_ZN11FlyParticle16setHideStartTimeEf,0x8
0x1a372c,_ZN19StartLoadingMessage6encodeEv,0x1c0
0x1a38ec,_ZN15LogicDataTables25getRankedSkinCampaignDataEv,0xc
0x1a38f8,_ZN5titan3com9supercell5titan5Kakao12inviteFriendERK6StringS6_S6_S6_,0xf0
0x1a39e8,_ZN23FriendOnlineStatusEntry6encodeEP10ByteStream,0xa4
0x1a3a8c,_uprv_compareEBCDICPropertyNames_58,0x11c
0x1a3ba8,_ZN17AnimationInstance26setTargettedAnimationWidthEi,0x8
0x1a3bb0,_ZN20RankedSeasonEndPopupD0Ev,0x64
0x1a3c14,_ZN18LatencyTestSession21sendUdpLatencyTestMsgEi,0x124
0x1a3d38,_ZN22FriendLoggedOutMessageC2Ei,0x2c
0x1a3d64,_ZN17LogicRewardConfigC2EP14LogicConditionP13LogicGemOffer,0x14
0x1a3d78,_ZN27MatchMakingCancelledMessage6encodeEv,0x4
0x1a3d7c,_ZN11StringTable18setInitialLanguageEv,0x13c
0x1a3eb8,_ZThn336_N16OnlineFriendItem13buttonClickedEP12CustomButton,0x1c
0x1a3ed4,_ZN26LogicGameModeVariationDataC2EP6CSVRowP14LogicDataTable,0x34
0x1a3f08,_ZNK6String15indexOfInternalEPKciii,0x180
0x1a4088,_ZN12VertexBuffer10destroyVboEv,0x40
0x1a40c8,_ZN9TextField6renderER9Matrix2x3R14ColorTransformif,0x1c4
0x1a428c,_ZN17ReplayStreamEntry10setMessageEP6String,0x8
0x1a4294,_ZN8HomeMode30updateSupportNotificationCountEf,0x4c
0x1a42e0,_ZNK6icu_5810UnicodeSet9toPatternERNS_13UnicodeStringEa,0x6c
0x1a434c,_ZN14BattleEndPopup20shouldShowExitButtonEv,0xbc
0x1a4408,_ZN11DragHandler8setSpeedEff,0xc
0x1a4414,_ZN21LogicAreaEffectServer17setSummonedMinionEPK18LogicCharacterDataii,0xc
0x1a4420,_ZN18DeliveryCardsPopup17getMinDisplayTimeEv,0x8
0x1a4428,_ZN13LogicGemOffer25isHeroPowerPointsMaxedOutEPK13LogicHomeModePK18LogicCharacterData,0x3c
0x1a4464,_Java_com_supercell_titan_NativeFacebookManager_facebookLoginFailedWithError,0x60
0x1a44c4,_ZN8Databind24NlohmannJsonOutReflector8destructEv,0x48
0x1a450c,_ZN6icu_58L19deleteNorm2AllModesEPv,0x2c
0x1a4538,_ZN20NativeSCIDConnection7preloadEv,0x8
0x1a4540,_ZN5titan7android7content2pm14PackageManager14getPackageInfoERK6Stringi,0xc4
0x1a4604,_ZN8GameMain12onBackgroundEv,0x38
0x1a463c,_stbi_load_from_callbacks,0xcc
0x1a4708,_ZNK21LogicProjectileServer17getProjectileDataEv,0x4
0x1a470c,_ZNKSt6__ndk110__function6__funcIZN19SupercellIdCallback20connectedGamesFailedEP8_jobjectE4$_17NS_9allocatorIS5_EEFvvEE11target_typeEv,0xc
0x1a4718,_lv1_detect_frida_server__ZL15parse_proc_mapsPKcS0_PFviE,0x640
0x1a4d58,_ZN9UdpSocket7connectERK6StringiPKcS2_S2_,0x68
0x1a4dc0,_ZN5titan7android5media11MediaPlayer21setOnPreparedListenerERKNS2_18OnPreparedListenerE,0x12c
0x1a4eec,_ZNK24DebugHudMessageCollector10getMessageEi,0x10
0x1a4efc,_ZN18LoginFailedMessage17setRedirectDomainEP6String,0x8
0x1a4f04,_ZN15LogicDataTables20getTeleport1TileDataEv,0xc
0x1a4f10,_ZN6icu_5817CharacterIteratorC2Ev,0x18
0x1a4f28,_ZN14LogicMapLoader15getNumTileCodesEi,0x94
0x1a4fbc,_ZN15TeamSearchPopupC2Ev,0x2e4
0x1a52a0,_ZN9CombatHUD17backButtonPressedEv,0x8
0x1a52a8,_ZNK19VisionUpdateMessage14getMessageTypeEv,0x8
0x1a52b0,_udata_setCommonData_58,0xb0
0x1a5360,_ZNK9Character16getCharacterDataEv,0x14
0x1a5374,_ZN36SkinPreviewModelTransformationButtonC2Eff,0x44
0x1a53b8,_ZN9TextField15collisionRenderER9Matrix2x3,0xb0
0x1a5468,_ZN8InStream7readU32Ev,0x168
0x1a55d0,_ZN14ShadowRenderer25createVisibilityTrianglesEP23LogicCharacterClientOwnf,0xab4
0x1a6084,_ZN11TeamManager18tryShareTeamInviteEv,0x38c
0x1a6410,_ZL24characterIteratorHasNextP13UCharIterator,0x10
0x1a6420,_ZN17TencentLoginState4exitEv,0x4
0x1a6424,_Ppmd7z_RangeEnc_FlushData,0x248
0x1a666c,_ZNK16ServerConnection19getServerTypeStringENS_10ServerTypeE,0x28
0x1a6694,_ZN25DeviceLinkMigrationScreenD2Ev,0xb8
0x1a674c,_ZN34PurchaseOfferHighlightPopupHandler17getGatchaInfoTypeEv,0x7c
0x1a67c8,_ZN25BindTencentAccountMessage15removeTencentIdEv,0x10
0x1a67d8,_ZNK19AllianceMemberEntry16hasLowerRoleThanEi,0x54
0x1a682c,_ZN9DecayItem11isAnimatingEv,0x10
0x1a683c,_ZN25LogicDiamondsAddedCommand19removeTransactionIdEv,0x10
0x1a684c,_ZN14TeamMemberItemC2EiP9TeamPopupP9MovieClip,0x130
0x1a697c,_ZN27HeroPowerRewardNotification6decodeEP10ByteStream,0x60
0x1a69dc,_ZN15sc3dWorldSpriteD2Ev,0x110
0x1a6aec,_ZN15MapEditorScreen8clearAllEv,0x528
0x1a7014,_ZN8GameMainD0Ev,0x24
0x1a7038,_ZN6icu_589UVector3217removeAllElementsEv,0x8
0x1a7040,_ZN21RankedRewardTrackItem13touchReleasedERK5Touch,0x38
0x1a7078,_ZN5titan3com9supercell5titan7GameApp18isPlayingUserMusicEv,0x5c
0x1a70d4,_ZNK7PageGUI13getPageHeightEv,0x8
0x1a70dc,_ZN13OldBoxHandler7refreshEv,0xb4
0x1a7190,_ZN20CreatePlayerMapPopup15setGmvSelectionEi,0x19c
0x1a732c,_ZN13ShaderUtility13createProgramEPjjjPPKci,0x160
0x1a748c,_ZN14DataLoaderSC3D4loadEPKcS1_RKNSt6__ndk15arrayIiLm4EEE,0x4c
0x1a74d8,_ZN5titan3com9supercell5titan12TitanWebView8loadHTMLERK6String,0xac
0x1a7584,_inflateSync,0x24c
0x1a77d0,_u_islower_58,0x7c
0x1a784c,_ZNK31PublishPlayerMapResponseMessage12getErrorCodeEv,0x8
0x1a7854,_Z13vibrateDevicev,0x4
0x1a7858,_ZN16UdpPacketHandler6updateEf,0x1c
0x1a7874,_ZNK14LogicPlayerMap7isValidEv,0x2c
0x1a78a0,_ZNK8GameMain15isMobileVersionEv,0x34
0x1a78d4,_ZN17LogicDebugCommand12loadFromJSONEP15LogicJSONObject,0x9c
0x1a7970,_ZThn96_N14BattleEndPopup13buttonClickedEP12CustomButton,0x8
0x1a7978,_ZNK26CreateAccountFailedMessage14getMessageTypeEv,0x8
0x1a7980,_ZNK6CSVRow12getArraySizeERK6String,0x48
0x1a79c8,_ZNK22LogicLocationThemeData32getDestructableCount_CN_OverrideEv,0x10
0x1a79d8,_ZNK9LogicLong7getLongEv,0x1c
0x1a79f4,_ZNK10StringView18startsWithInternalEPKcii,0x48
0x1a7a3c,_ZN18ClientHelloMessage8setBuildEi,0x8
0x1a7a44,_ZN11RenderQueue21setTransparentSortingENS_7SortingE,0x8
0x1a7a4c,_ZN6icu_586UStackD2Ev,0x4
0x1a7a50,_uprv_maxMantissa_58,0xc
0x1a7a5c,_ZN6icu_5814createUni32SetER10UErrorCode,0xc4
0x1a7b20,_ZNK9ClanPopup11isIntroOpenEv,0x20
0x1a7b40,_Z16_hb_options_initv,0x58
0x1a7b98,_ZN25BindTencentAccountMessageC2Ev,0x38
0x1a7bd0,_ZL7sprintfPcU17pass_object_size1PKcz,0x78
0x1a7c48,_ZN15LogicItemServer8destructEv,0x7c
0x1a7cc4,_ZN19AvatarStreamManager8addEntryEP17AvatarStreamEntry,0x198
0x1a7e5c,_ZN15LogicJSONParser15parseJSONObjectEPK6String,0x9c
0x1a7ef8,_LzmaDec_TryDummy,0x624
0x1a851c,_ZNK9LogicData6getTIDEv,0x10
0x1a852c,_ZNK19LogicProjectileData11getKickBackEv,0x8
0x1a8534,_ZNSt6__ndk110__function6__funcIZN7GLImage6createEPKhi9ImageWrap11ImageFilterE3$_5NS_9allocatorIS7_EEFvvEEclEv,0x8
0x1a853c,_ZN8HomePage14deleteAllPagesEv,0x27c
0x1a87b8,_ZNKSt6__ndk110__function6__funcIZN6Shader4loadEPKcS4_S4_E3$_1NS_9allocatorIS5_EEFvvEE7__cloneEPNS0_6__baseIS8_EE,0x20
0x1a87d8,_ZN13AlliancePopup13buttonClickedEP12CustomButton,0x4c
0x1a8824,_ZN14LogicSkillData16createReferencesEv,0x3dc
0x1a8c00,_ZN16DropGUIContainer17hideAllTextFieldsEP9MovieClip,0xe4
0x1a8ce4,_ZN28NameChangeConfirmationScreen19isInputTextAcceptedEv,0x28
0x1a8d0c,_ZNK18LogicCharacterData33useThrowingRightWeaponBoneScalingEv,0x10
0x1a8d1c,_ZNK16AddFriendMessage14getMessageTypeEv,0x8
0x1a8d24,_uprv_uint32Comparator_58,0x18
0x1a8d3c,_ZN21LogicBattleModeServer18getBotTeamForRoundEi,0x20
0x1a8d5c,_ZN26ChampionshipChallengePopup12getLostLivesEv,0x24
0x1a8d80,_ZN24CancelMatchmakingMessage6decodeEv,0x4
0x1a8d84,_lv1_detect_frida_library__ZL15parse_proc_mapsPKcS0_PFviE,0x680
0x1a9404,_ZN30PurchaseKeyDoublerPopupHandler20purchaseButtonTappedEv,0x158
0x1a955c,_ZN5ModalD2Ev,0x50
0x1a95ac,_ZNKSt6__ndk110__function6__funcIZN11scTaskQueue3runIZN8TestCase10getDoTouchEP13DisplayObjectE3$_6EENS_13invoke_resultIT_JEE4typeES9_EUlvE_NS_9allocatorISC_EEFvvEE11target_typeEv,0xc
0x1a95b8,_ZNSt6__ndk110__function6__funcIZN19EnvironmentRenderer6renderER9Matrix2x3R14ColorTransformifE3$_4NS_9allocatorIS7_EEFvvEED0Ev,0x4
0x1a95bc,_ZNK14LogicSkillData18shouldFaceMovementEv,0x10
0x1a95cc,_ZN10LoginState13updateLoadingEf,0x4
0x1a95d0,_ZN11hb_buffer_t13reverse_rangeEjj,0x128
0x1a96f8,_ZN7GLImage14doGlTexImage2DEiiiiiiiiPKv,0x244
0x1a993c,_ZN26RankedTeamSelectionManager26scheduleNextOfflineMessageEP14PiranhaMessage,0x4
0x1a9940,_Z26crypto_stream_chacha20_xorPhPKhyS1_S1_,0x40
0x1a9980,_sub_1A9980,0x24
0x1a99a4,_sub_1A99A4,0x10
0x1a99b4,_sub_1A99B4,0x10
0x1a99c4,_sub_1A99C4,0x24
0x1a99e8,_sub_1A99E8,0x40
0x1a9a28,_sub_1A9A28,0x1c
0x1a9a44,_sub_1A9A44,0x2c
0x1ab230,_ZN11ReferralURL16createClanInviteEPK9LogicLongRK6String,0x154
0x1ab384,_ZN20FriendSuggestionItem13buttonClickedEP12CustomButton,0x104
0x1ab488,_ZN9TextField11shapeRenderER5StageRK9Matrix2x3RK14ColorTransformib,0x1404
0x1ac88c,_Z28getNextHeroRankedSortingMode17HeroRankedSorting,0xc
0x1ac898,_unorm2_spanQuickCheckYes_58,0xd0
0x1ac968,_ZN8GoalListD0Ev,0x24
0x1ac98c,_ZN9UdpSocket23setHeartbeatTimeSettingEf,0x8
0x1ac994,_ZN17HighRateUdpSocket4initERK6StringiPKc,0x260
0x1acbf4,_ZN7Offline16destructInstanceEv,0x2c
0x1acc20,_ZN12SCWFileInputC2EP10ByteStream,0x2c
0x1acc4c,_ZN12NSCIDManager12accountBoundERK6String,0x8
0x1acc54,_ZN17LogicSkinConfData16setLobbyLoopAnimERK6String,0x14
0x1acc68,_ZNSt6__ndk110__function6__funcIZN21RankedTeamSelectPopup6updateEfE3$_1NS_9allocatorIS3_EEFP9ExecutionvEED0Ev,0x4
0x1acc6c,_ubrk_safeClone_58,0x74
0x1acce0,_ZN20EncryptionKeyManagerC2Ev,0xa0
0x1acd80,_ZN15ResourceManager12freeResourceERK6String,0xd8
0x1ace58,_ZN29JoinAllianceUsingTokenMessage8destructEv,0x4c
0x1acea4,_ZN21RankedTeamSelectPopup13touchReleasedERK5Touch,0x38
0x1acedc,_ZN30SCIDAccountAlreadyBoundMessage6decodeEv,0xb0
0x1acf8c,_ZN8HomeMode4exitEv,0x34
0x1acfc0,_ZNK5lzham12lzcompressor5state20get_full_match_costsERNS_7CLZBaseEjPyjiij,0x230
0x1ad1f0,_ZN15LogicDataTables16getClientGlobalsEv,0xc
0x1ad1fc,_ZN21SignoffPlayerMapPopupC2ERK6StringP23SignoffPlayerMapMessage,0x28c
0x1ad488,_ZN28ExtendedSetEncryptionMessage14setNonceMethodEi,0x8
0x1ad490,_ZN8HomePage23getPlayerScoreContainerEi,0x30
0x1ad4c0,_ZN18SeasonRewardsPopup5setBgEP9MovieClipRK6Stringb,0x2c
0x1ad4ec,_ZNK23SendAllianceMailMessage14getMessageTypeEv,0x8
0x1ad4f4,_ZN17GameCenterManager29gameCenterProfilePictureErrorERK6String,0x4
0x1ad4f8,_ZN35AddFriendByAvatarNameAndCodeMessage6encodeEv,0x38
0x1ad530,_ZN8Material4bindERK14ColorTransform,0x78
0x1ad5a8,_ZNK25BattleReportStreamMessage14getMessageTypeEv,0x8
0x1ad5b0,_ZNK14BillingManager23isWaitingForTransactionEv,0x5c
0x1ad60c,_ZNK12LoginMessage21getClientMajorVersionEv,0x8
0x1ad614,_ZN11Application34appTrackingConsentNeededInPlatformEv,0x8
0x1ad61c,_ZNK6icu_5813UnicodeString8char32AtEi,0xb4
0x1ad6d0,_ZN12CustomButtonD0Ev,0x24
0x1ad6f4,_ZN5titan7android7content6Intent11getIntExtraERK6Stringi,0xbc
0x1ad7b0,_ZN6icu_586Locale8getJapanEv,0x24
0x1ad7d4,_ZNK28LogicClaimDailyRewardCommand14getCommandTypeEv,0x8
0x1ad7dc,_ZN15AllianceManager18removeAllianceTeamEP9LogicLong,0x11c
0x1ad8f8,_ZN21LogicJSONOutReflector23reflectCompressedStringER21LogicCompressedStringPKc,0xdc
0x1ad9d4,_ZNK29LogicPlayerMapEnvironmentData28getLocationThemeForVariationEi,0x78
0x1ada4c,_ZN10LoginState19getLocalizationFileERK6String,0x58
0x1adaa4,_ZN9RankPopup14openPreviewForEPK13LogicSkinData,0xf0
0x1adb94,_hb_set_next_range,0xdc
0x1adc70,_ZN8Databind15JSONInReflector16reflectStringPtrEP6StringRKS1_,0x8c
0x1adcfc,_ZN9BitStream31readPositiveVIntMax255OftenZeroEv,0x50
0x1add4c,_ZN20CreatePlayerMapPopup11isValidNameERK6StringRK4Font,0x88
0x1addd4,_ZN12KakaoManager17showLoginQuestionEv,0x4c
0x1ade20,_ZN19LogicResourceBundle6divideEi,0x70
0x1ade90,_ZNKSt6__ndk110__function6__funcIZN11AndroidMain9_gameStopEvE4$_17NS_9allocatorIS3_EEFvvEE11target_typeEv,0xc
0x1ade9c,_ZN12NSCIDManager24setPendingLoginWithEmailERK6Stringb,0x60
0x1adefc,_ZN9xMatrix449createTRSEPKfS1_S1_,0x11c
0x1ae018,_ZN11ContextMenu18createButtonOfTypeEi,0xa4
0x1ae0bc,_ZNK10GameObject5isOwnEv,0x54
0x1ae110,_ZN27PurchaseSkinGroupOfferPopup19beforeOffersReceiveEP14LogicArrayListIP16LogicOfferBundleE,0x40
0x1ae150,_ZN18LoginFailedMessage12removeReasonEv,0x10
0x1ae160,_ZN13GoogleService11setListenerEP22IGoogleServiceListener,0x80
0x1ae1e0,_ZN6icu_5812PropNameData12containsNameERNS_9BytesTrieEPKc,0xc8
0x1ae2a8,_ZN20LogicCharacterServer19tickBossTownCrusherEv,0x4
0x1ae2ac,_Ppmd7_MakeEscFreq,0xa4
0x1ae350,_ZN11LogicPlayer15resetKillStreakEv,0xc
0x1ae35c,_ZNK6scFile4sizeEv,0x10
0x1ae36c,_ZN11LogicQuests6encodeEP15ChecksumEncoder,0x6c
0x1ae3d8,_ZNK12LogicBitList4saveEv,0xcc
0x1ae4a4,_ZNK6icu_5813UnicodeString9getLengthEv,0x1c
0x1ae4c0,_ZThn96_N9ClanPopup13buttonClickedEP12CustomButton,0xa0
0x1ae560,_ZN5titan3com9supercell5titan19GoogleServiceClient10isSignedInEv,0x7c
0x1ae5dc,_ZNK20EncryptionKeyManager18getEncryptionTokenEv,0xc
0x1ae5e8,_ZN29LogicReflectableReferenceBaseC2EP16LogicReflectable,0x60
0x1ae648,_ZNK12SupercellSWF24getOriginalDisplayObjectEsPKc,0x188
0x1ae7d0,_ZN36AppleBillingProcessedByServerMessage6encodeEv,0x44
0x1ae814,_ZN13SceneRenderer6updateEf,0x23c
0x1aea50,_ZN18DonateNotificationC2Ei,0x30
0x1aea80,_ZN14SessionStatics22setPendingMapToSignoffEPK20LogicBattlePlayerMap,0x54
0x1aead4,_Z60Java_com_supercell_titan_PurchaseManager_sendPurchasingEventP7_JNIEnvP7_jclassP8_jstring,0x4
0x1aead8,_ZN12NSCIDManager7preloadEv,0x8
0x1aeae0,_ZNK10StringView16equalsIgnoreCaseERKS_,0x40
0x1aeb20,_ZN13LogicConfData23getCurrentChallenegeMapEv,0xe0
0x1aec00,_ZN8Selfhelp20webviewDidFinishLoadERK6String,0x40
0x1aec40,_ZN6icu_5822UCharCharacterIterator14first32PostIncEv,0x78
0x1aecb8,_ZN31BindGoogleServiceAccountMessage8getForceEv,0x8
0x1aecc0,_ZN13MapEditorMode8sleepEndEf,0xc
0x1aeccc,_ZN9InitState16initLocalizationEv,0x13c
0x1aee08,_ZN12KakaoManager9bindKakaoEb,0x118
0x1aef20,_ZN29LogicReflectableReferenceBase11setInternalEP16LogicReflectable,0x60
0x1aef80,_uhash_hashIChars_58,0x30
0x1aefb0,_ZN5titan7android2os5Build7VERSIONC2EP8_jobject,0xbc
0x1af06c,_ZL30hb_font_get_font_v_extents_nilP9hb_font_tPvP17hb_font_extents_tS1_,0x14
0x1af080,_ZN28LogicChangeAvatarNameCommand13setAvatarNameERK6String,0x8
0x1af088,_ZN13HTTPMessagingD0Ev,0x24
0x1af0ac,_ZThn96_NK9CombatHUD16getAnalyticsNameEv,0xc
0x1af0b8,_ZNSt6__ndk110__function6__funcIZN19SupercellIdCallback29purchasesReceivedNotificationEP8_jobjectP13_jobjectArrayE4$_26NS_9allocatorIS7_EEFvvEEclEv,0x8c
0x1af144,_ZN17LogicCampaignData12resetStaticsEPK8CSVTable,0x4ec
0x1af630,_ZN6icu_5823UnicodeStringAppendable12appendStringEPKti,0x30
0x1af660,_ZN14MapPreviewMenu6renderER9Matrix2x3R14ColorTransformif,0x4
0x1af664,_ZN11DragHandler17scrollToWithSpeedEffff,0x94
0x1af6f8,_ZN26RankedMidSeasonRewardPopupD2Ev,0x78
0x1af770,_ZN25BrawlTvChannelListMessage6encodeEv,0x6c
0x1af7dc,_ZN24UdpConnectionInfoMessage18getServiceNodeTypeEv,0x8
0x1af7e4,_ZN9TextField22getCachedFontFormatterEffifbf,0x9c
0x1af880,_ZNK12_GLOBAL__N_115scFileImpl_Pack6isOpenEv,0x10
0x1af890,_ZN12TencentLogin21removeLaunchParameterEv,0x4c
0x1af8dc,_ZN10HomeScreen12heroUnlockedEPK18LogicCharacterData,0x4
0x1af8e0,_ZNSt6__ndk110__function6__funcIZN11scTaskQueue3runIZN8TestCase7touchUpEvE4$_18EENS_13invoke_resultIT_JEE4typeES7_EUlvE_NS_9allocatorISA_EEFvvEEclEv,0x40
0x1af920,_ZNKSt6__ndk110__function6__funcIZN19EnvironmentRenderer6renderER9Matrix2x3R14ColorTransformifE3$_7NS_9allocatorIS7_EEFvvEE7__cloneEPNS0_6__baseISA_EE,0x18
0x1af938,_ZN13SceneRenderer11addSprite3DEP8Sprite3DffffNS_16CoordinateSystemENS_10WorldLayerE,0x224
0x1afb5c,_ZN9LogicMath3minExx,0xc
0x1afb68,_ZN9BitStream14readIntMax2047Ev,0x2c8
0x1afe30,_ZN15TeamKickMessage8destructEv,0x28
0x1afe58,_ZNK17AvatarStreamEntry14getSenderLevelEv,0x8
0x1afe60,_ZN10InboxPopup6updateEf,0x7c
0x1afedc,_ZN17LogicDebugCommand7executeEP13LogicHomeModeib,0x1768
0x1b1644,_ZNK36GamecenterAccountAlreadyBoundMessage14getMessageTypeEv,0x8
0x1b164c,_ZN18LoginFailedMessage27setShowContactSupportForBanEb,0xc
0x1b1658,_ZN11SCIDManager18handleNotificationERK6String,0x54
0x1b16ac,_ZN5lzham21lzham_print_mem_statsEv,0x4
0x1b16b0,_ZNK16LogicOfferBundle18isDoubleModelOfferEv,0x60
0x1b1710,_ZN11Character3D21finishUpdateAnimationEv,0xc0
0x1b17d0,_ZNK12LocationInfo20canSubmitAsPlayerMapEv,0x28
0x1b17f8,_ZN19AvatarStreamMessage19removeStreamEntriesEv,0x10
0x1b1808,_ZN6icu_5810UnicodeSet3addEi,0x268
0x1b1a70,_ZN14BlingTextField11renderRangeEiij,0x238
0x1b1ca8,_ZN19DataGainedExecution11setEndStateEN10DataGained5StateE,0x8
0x1b1cb0,_ZN12jpeg_decoder15create_look_upsEv,0xb0
0x1b1d60,_ZNK18LogicChallengeData23getBattleEndWinLabelTIDEv,0x10
0x1b1d70,_ZNK21BasicReflectableIdMap22accessReflectableForIdEi,0xa8
0x1b1e18,_ucase_getCaseLocale_58,0x1b8
0x1b1fd0,_ZN18TextFieldWithLinks16replaceTextFieldEP9MovieClipRK6StringP22ITextFieldLinkListener,0x200
0x1b21d0,_ZN6CSVRowC2EP8CSVTable,0x3c
0x1b220c,_ZNK10NativeFont24getMarginDefaultFontSizeEv,0x8
0x1b2214,_ZN26ChampionshipChallengePopup11getMaxLivesEv,0x18
0x1b222c,_File_Seek,0x54
0x1b2280,_ZN23FriendOnlineStatusEntryC2Ev,0x14
0x1b2294,_ZN12jpeg_decoder13fix_in_bufferEv,0xdc
0x1b2370,_ZN15FacebookManager16unbindFacebookIDEv,0x10
0x1b2380,_ZN18sc3dPanPinchCamera8scrollToEfffffb,0x48
0x1b23c8,_ZThn336_NK12LocationItem16getAnalyticsNameEv,0xc
0x1b23d4,_ZN5lzham12symbol_codec6decodeERNS_25adaptive_arith_data_modelE,0x50
0x1b2424,_ZN27BattleEndRankedRoundsScreenC2EP14BattleEndPopup,0x238
0x1b265c,_ZN10HomeScreen20startControlTutorialEv,0xc
0x1b2668,_ZL18charIterTextAccessP5UTextla,0x1d4
0x1b283c,_ZN10ScrollArea20enableHorizontalDragEb,0x10
0x1b284c,_ZL14utf8TextLengthP5UText,0x50
0x1b289c,_ZN6icu_58L12isDataLoadedEP10UErrorCode,0xe8
0x1b2984,_ZN23LogicReflectableFactory17createReflectableEi,0x80
0x1b2a04,_ZN26RankedTeamSelectionManager21getOfflineTeamForTurnEii,0x30
0x1b2a34,_ZN11BasePageGUID0Ev,0x4c
0x1b2a80,_ZThn96_N8HeroList13buttonClickedEP12CustomButton,0x4
0x1b2a84,_ZNK22CreatePlayerMapMessage20getGameModeVariationEv,0x8
0x1b2a8c,_ZNK4Rect8overlapsERKS_,0x4c
0x1b2ad8,_ZN5Modal15setOwnerTextBoxEP9PopupBase,0x8
0x1b2ae0,_ZN25AvatarOnlineStatusUpdated8destructEv,0x34
0x1b2b14,_ZN10HeroSprite9HeroEntry17changeAnimationToEiif,0x164
0x1b2c78,_ZNKSt6__ndk110__function6__funcIZN8TestCase10touchStageER5TouchE3$_5NS_9allocatorIS5_EEFvvEE11target_typeEv,0xc
0x1b2c84,_OutFile_Open,0x48
0x1b2ccc,_ZN20SeasonRewardsMessage6encodeEv,0xa4
0x1b2d70,_ZN8Shader3D4bindEP8MaterialRK14ColorTransformRi,0x880
0x1b35f0,_ZNK33TencentAccountAlreadyBoundMessage14getMessageTypeEv,0x8
0x1b35f8,_hb_ot_tag_to_language,0x184
0x1b377c,_ZN31LogicTransactionsRevokedCommand8destructEv,0x24
0x1b37a0,_ZN13OutlineFilter6renderEP13DisplayObjectR9Matrix2x3R14ColorTransformif,0x11c
0x1b38bc,_ZN11Highlighter9addTargetEP13DisplayObject,0x14c
0x1b3a08,_ZN4Shop7refreshEv,0x34
0x1b3a3c,_ZN6icu_5822RuleBasedBreakIterator7setTextERKNS_13UnicodeStringE,0xd4
0x1b3b10,_ZN18LogicPlayerMapUtil15isValidTileCodeEii,0x180
0x1b3c90,_ZN9BitStream22readPositiveIntMax2047Ev,0x28c
0x1b3f1c,_ZN11StringTable14stripColorTagsERK6String,0x1a8
0x1b40c4,_ZNK9Character9getShadowEv,0x8
0x1b40cc,_ZNK19AvatarStreamMessage14getMessageTypeEv,0x8
0x1b40d4,_ZN28LogicChangeAvatarNameCommand7executeEP13LogicHomeModeib,0x10c
0x1b41e0,_ZNKSt6__ndk110__function6__funcIZN7GLImage6createEiiiPKh9ImageWrap11ImageFilterE3$_7NS_9allocatorIS7_EEFvvEE11target_typeEv,0xc
0x1b41ec,_ZN5titan3com9supercell5titan11SupercellId10openWindowERK6StringS6_,0xc8
0x1b42b4,_ZN17GameCenterManager9authorizeEv,0x20
0x1b42d4,_ZNK37LogicDeviceLinkNewDeviceLinkedMessage14getMessageTypeEv,0x8
0x1b42dc,_ZN8HomePage17toggleMemberPopupEP15TeamMemberEntryP9MovieClipff,0x11c
0x1b43f8,_Z22herodataSort_powerDescPK18LogicCharacterDataS1_,0x140
0x1b4538,_hb_version_atleast,0x24
0x1b455c,_ZN11GameWebView29decrementStopMusicRequirementEv,0x34
0x1b4590,_ZNK12LoginMessage7getIMEIEv,0x8
0x1b4598,_ZN10HomeScreen22playerNameColorChangedEv,0x50
0x1b45e8,_ZN16GameObjectSprite12setMovieClipEP9MovieClipb,0xac
0x1b4694,_ZN6icu_5822RuleBasedBreakIterator9followingEi,0x284
0x1b4918,_ZN34AllianceOnlineStatusUpdatedMessage6encodeEv,0x74
0x1b498c,_zlibCompileFlags,0x8
0x1b4994,_ZNSt6__ndk110__function6__funcIZN11scTaskQueue3runIZN8TestCase6dragToER5TouchfE4$_17EENS_13invoke_resultIT_JEE4typeES9_EUlvE_NS_9allocatorISC_EEFvvEE18destroy_deallocateEv,0x4
0x1b4998,_ZN15ResourceManager18putMovieClipToPoolEPKcS1_P9MovieClip,0x44
0x1b49dc,_ZN6SpriteD0Ev,0x68
0x1b4a44,_ZNK14BillingManager17printBillingStateEv,0x118
0x1b4b5c,_ZNK19LogicProjectileData24getDistanceAddFromBounceEv,0x8
0x1b4b64,_ZN9MessagingC2Ei,0x35c
0x1b4ec0,_ZN5titan3com9supercell5titan11SupercellId12accountBoundERK6String,0xac
0x1b4f6c,_ZN41CafeBazaarBillingProcessedByServerMessage6setTIDERK6String,0x8
0x1b4f74,_ZNK6icu_5813UnicodeString17hasMoreChar32ThanEiii,0x68
0x1b4fdc,_ZN16SpecialOfferItem22resetBillingCheckTimerEv,0x8
0x1b4fe4,_ZN10SCTuneImpl8addFloatERK6StringPfPKcP20SCTuneChangeListenerib,0x70
0x1b5054,_ZN16DataGainListener13setAnimEffectEb,0x148
0x1b519c,_ZNK14LogicThemeData16getParticleStyleEv,0x10
0x1b51ac,_ZN17LogicGameModeUtil21hasOffScreenIndicatorEi,0x28
0x1b51d4,_uprv_readSwapUInt32,0x8
0x1b51dc,_ZN22ClientContentValidator16validateCardDataEPK13LogicCardData,0x180
0x1b535c,_ZN11GemPackItem22resetBillingCheckTimerEv,0x8
0x1b5364,_ZNK31LogicCancelPurchaseOfferCommand6encodeEP15ChecksumEncoder,0x48
0x1b53ac,_ZN12LoginMessage16setTencentOpenIdERK6String,0x8
0x1b53b4,_ZN16DebugInputWindowD0Ev,0x24
0x1b53d8,_ZN16BattleEndMessage21createDummyDailyQuestEiiiiiRK6Stringi,0xe4
0x1b54bc,_ZN20LogicJSONInReflector15reflectNextBoolEb,0x5c
0x1b5518,_ZNK18LogicClientGlobals19getDefaultFontColorEi,0x28
0x1b5540,_ZNK18LogicCharacterData16getLoopedEffect2Ev,0x8
0x1b5548,_ZN21SetDeviceTokenMessage8destructEv,0x30
0x1b5578,_ZN36GamecenterAccountAlreadyBoundMessage9setAvatarEP17LogicClientAvatar,0x8
0x1b5580,_ZN23LogicReflectableFactory8destructEv,0x8
0x1b5588,_ZN31AskForPlayingLineFriendsMessageC2Ei,0x30
0x1b55b8,_ZNK6icu_5820UnicodeSetStringSpan7spanNotEPKti,0x230
0x1b57e8,_ZN20UIGetParentMovieClip12getMovieClipEP5UICtx,0x28
0x1b5810,_ZN6icu_587UVectorD2Ev,0x84
0x1b5894,_ZNK29LogicPlayerMapEnvironmentData26getMapTemplateForVariationEi,0x8c
0x1b5920,_ZN26EnterSupportedCreatorPopupD0Ev,0xb4
0x1b59d4,_ZNKSt6__ndk110__function6__funcIZN24DataLoaderLayeredTexture4loadEPKcRKNS_5arrayIiLm4EEEE3$_1NS_9allocatorIS9_EEFjvEE7__cloneEPNS0_6__baseISC_EE,0x20
0x1b59f4,_ZN12GemOfferItem8loadClipEPK13LogicGemOfferi,0x5e4
0x1b5fd8,_ZNK6scPath8get_rootEv,0x124
0x1b60fc,_ZNK8GameMain23shouldShowLoadingScreenEv,0x10
0x1b610c,_ZN13EffectPreviewC2Ev,0x3cc
0x1b64d8,_ZN9SCWHeaderC2Eiiii,0x68
0x1b6540,_ZN38TencentAntiAddictionInstructionMessage14addInstructionEP36LogicTencentAntiAddictionInstruction,0x158
0x1b6698,_ZNK11wendelstein18SpawnRateComponent21getMaxEmitterLifetimeERKNS_7EmitterE,0x8
0x1b66a0,_ZN16MovieClipTexture8setFrameEi,0x58
0x1b66f8,_ZNK16LogicStringTable9getStringERK6Stringi,0x20c
0x1b6904,_ZN31ChallengeSkinRewardNotification7getSkinEv,0x8
0x1b690c,_ZN10SetVisible6updateEf,0x14
0x1b6920,_ZN30AskForFriendSuggestionsMessage8destructEv,0x4
0x1b6924,_ZN6icu_58L7getNameEPNS_10UCharNamesEj15UCharNameChoicePct,0x1dc
0x1b6b00,_ZNK28UdpLatencyTestRequestMessage14getMessageTypeEv,0x8
0x1b6b08,_ZN22EsportTournamentsPopupD0Ev,0x5c
0x1b6b64,_ZN19SelectLocationPopup17destroyPlayerMapsEv,0xf8
0x1b6c5c,_ZNK28LogicSendAllianceMailCommand6encodeEP15ChecksumEncoder,0x50
0x1b6cac,_ZN21GetTokenFriendMessage18getServiceNodeTypeEv,0x8
0x1b6cb4,_ZNKSt6__ndk110__function6__funcIZN12scFilesystem10layerAddedERKNS_10shared_ptrI17scAbstractFSLayerEEE3$_2NS_9allocatorIS8_EEFvPNS2_9IListenerEEE11target_typeEv,0xc
0x1b6cc0,_ZN15AllianceManager9showPopupEP14AllianceScreen,0x24
0x1b6ce4,_ZN5tween4Back7easeOutEffff,0x3c
0x1b6d20,_ZThn112_N8GameMain12appRateNeverEv,0x68
0x1b6d88,_ZNK18DeliveryCardsPopup12getChestTypeEv,0x30
0x1b6db8,_ZN18DeliveryCardsPopup16isWaitingForDataEv,0x10
0x1b6dc8,_ZN8Debugger21getMemoryWarningCountEv,0xc
0x1b6dd4,_ZN29HomeBattleReplayViewedMessage6decodeEv,0x50
0x1b6e24,_ZN11SoundSystem31uninitializePlatformAudioSystemEv,0x4
0x1b6e28,_ZN6Friend13setAllianceIdEP9LogicLong,0x30
0x1b6e58,_ZN11LogicRandomC2Ev,0x8
0x1b6e60,_ZNK11LogicPlayer23getDamageDoneToSiegeBotEv,0x3c
0x1b6e9c,_ZNKSt6__ndk110__function6__funcIZN19SupercellIdCallback19claimShopItemResultEP8_jobjectRK6StringS7_S7_E4$_22NS_9allocatorIS8_EEFvvEE11target_typeEv,0xc
0x1b6ea8,_ZN14LoginOkMessage12removeHomeIdEv,0x10
0x1b6eb8,_ZN20SeasonRewardsMessage8destructEv,0xf0
0x1b6fa8,_ZN11PowerUpInfoD2Ev,0x4c
0x1b6ff4,_ZN11SoundSystem11mixerResumeEv,0x64
0x1b7058,_ZL14repTextExtractP5UTextllPtiP10UErrorCode,0x200
0x1b7258,_ZNK16LogicStringTable15getLanguageCodeEi,0x8
0x1b7260,_lv1_detect_frida_library__ZL18frida_guard_threadPv,0xe08
0x1b8068,_ZN9EntryInfo12addIfVisibleEP14LogicArrayListIP13DisplayObjectES2_,0x144
0x1b81ac,_ZN11SentryTitan13addBreadcrumbERK6StringS2_RKNS_15BreadcrumbLevelE,0xe8
0x1b8294,_Z9sprintf_sPcmPKcz,0xa8
0x1b833c,_ZN9sc3dWorld11setDrawModeEbb,0x1c
0x1b8358,_ZNSt6__ndk110__function6__funcIZN19SupercellIdCallback24setPendingLoginWithEmailEP8_jobjectRK6StringbE3$_7NS_9allocatorIS8_EEFvvEE18destroy_deallocateEv,0x28
0x1b8380,_ZNK13LogicHomeMode36getServerTimeSecondsLeftInCurrentDayEi,0x80
0x1b8400,_u_istitle_58,0x7c
0x1b847c,_ZNK37GoogleBillingProcessedByServerMessage13getStatusCodeEv,0x8
0x1b8484,_ZN14HelpshiftTitan19setWithTagsMatchingEPK6Stringi,0xb4
0x1b8538,_ZN10GameObject10playEffectEPK15LogicEffectData,0x134
0x1b866c,_ZNK34LogicDeviceLinkCodeResponseMessage12getErrorCodeEv,0x8
0x1b8674,_ZNK12LogicGlobals28getDefaultGameObjectListenerEv,0x8
0x1b867c,_ZN14ChatStreamBase20closeChatContextMenuEv,0x18
0x1b8694,_ZN25KickAllianceMemberMessageC2Ei,0x30
0x1b86c4,_ZNSt6__ndk110__function6__funcIZN5titan7android5media11MediaPlayer18OnPreparedListener6invokeEP10_jmethodIDP13_jobjectArrayE3$_0NS_9allocatorISB_EEFvRN8safe_jni5ProxyES5_EE7destroyEv,0x4
0x1b86c8,_ZN9EntryInfo8setPowerEP9MovieClipRK6Stringib,0x2b4
0x1b897c,_ZN20LogicJSONInReflector20reflectStringBuilderER13StringBuilderPKc,0x5c
0x1b89d8,_Z18distancePtPolylineRK7Vector2IfEPS1_jRS0_,0xb8
0x1b8a90,_ZNK29LogicClaimRankUpRewardCommand6encodeEP15ChecksumEncoder,0x68
0x1b8af8,_ZN24KakaoAccountBoundMessage18getServiceNodeTypeEv,0x8
0x1b8b00,_ZNK21LogicBattleModeClient16getOwnPlayerTeamEv,0x8
0x1b8b08,_ZN30DeletePlayerMapResponseMessage8setMapIdERK9LogicLong,0xc
0x1b8b14,_ZN13SceneRendererD0Ev,0x24
0x1b8b38,_ZNKSt6__ndk110__function6__funcIZN22scLZMADecompressFilter13setDownstreamEP10scFileImplE3$_0NS_9allocatorIS5_EEFvvEE11target_typeEv,0xc
0x1b8b44,_ZN8HomePage10addSubpageEP13DisplayObject,0x8
0x1b8b4c,_lv1_detect_frida_library__ZL27create_library_guard_threadv,0x94
0x1b8be0,_ZN14ChatStreamBaseD0Ev,0x4
0x1b8be4,_hb_blob_get_empty,0xc
0x1b8bf0,_ZNK18LogicChallengeData21getBattleEndHeaderTIDEv,0x10
0x1b8c00,_ZNKSt6__ndk110__function6__funcIZN8TestCase9moveTouchER5TouchS3_S3_fE3$_7NS_9allocatorIS5_EEFvvEE6targetERKSt9type_info,0x1c
0x1b8c1c,_ZN11QuestsPopup8scrollToEf,0x70
0x1b8c8c,_ZN23TeamMemberStatusMessageC2Ev,0x34
0x1b8cc0,_ZN17LogicGameModeUtil22isSoloModeWithRespawnsEi,0x10
0x1b8cd0,_ZN20NativeSCIDConnection4initEP12NSCIDManager,0x7c
0x1b8d4c,_ZN19SupercellIdCallback25isSelfHelpPortalAvailableEP8_jobject,0x8c
0x1b8dd8,_ZN18LatencyTestSession15sessionIDsMatchEPcS0_,0xac
0x1b8e84,_ZN14LogicCondition7setDataEii,0x8
0x1b8e8c,_uhash_nextElement_58,0x4c
0x1b8ed8,_ZNK22TeamClearInviteMessage14getMessageTypeEv,0x8
0x1b8ee0,_ZN10GameCenterD2Ev,0x8
0x1b8ee8,_Java_com_supercell_titan_NativeFacebookManager_facebookSentAppRequest,0x60
0x1b8f48,_ZNKSt6__ndk110__function6__funcIZN11scTaskQueue3runIZN8TestCase7touchUpEvE4$_18EENS_13invoke_resultIT_JEE4typeES7_EUlvE_NS_9allocatorISA_EEFvvEE7__cloneEPNS0_6__baseISD_EE,0x18
0x1b8f60,_ZNK17LogicSkinConfData14getGadgetModelEv,0x10
0x1b8f70,_Z10safeStringPK15LogicJSONString,0x40
0x1b8fb0,_ZN13LogicGemOffer18setPlayerThumbnailEPK24LogicPlayerThumbnailData,0x38
0x1b8fe8,_ZN6icu_5812PropNameData7getNameEPKci,0x68
0x1b9050,_ZNKSt6__ndk110__function6__funcIZN11scTaskQueue3runIZN7GLImage6createEiiiPKh9ImageWrap11ImageFilterE3$_7EENS_13invoke_resultIT_JEE4typeESB_EUlvE_NS_9allocatorISE_EEFvvEE7__cloneEPNS0_6__baseISH_EE,0x18
0x1b9068,_ulocimp_getLanguage_58,0x228
0x1b9290,_ZN7PageGUI13setPageHeightEf,0x8
0x1b9298,_ZN5tween4Expo6easeInEffff,0x58
0x1b92f0,_ZN25GoHomeFromSpectateMessage6encodeEv,0x4
0x1b92f4,_ZN13MapEditorMode5enterEv,0x88
0x1b937c,_ZN22LogicDataTableResource8destructEv,0x1c
0x1b9398,_ZNK28LogicGameObjectManagerServer17getGameObjectByIDEii,0xcc
0x1b9464,_ZL18stringIteratorMoveP13UCharIteratori19UCharIteratorOrigin,0x74
0x1b94d8,_ZNKSt6__ndk110__function6__funcIZN19SupercellIdCallback10setProfileEP8_jobjectRK6StringS7_iE4$_20NS_9allocatorIS8_EEFvvEE6targetERKSt9type_info,0x1c
0x1b94f4,_ZN5titan3com9supercell5titan7GameApp18createNotificationERK6StringS6_iliS6_S6_S6_S6_S6_S6_,0x194
0x1b9688,_ZN17LogicClientAvatar22getOfflineAvatarIDHighEv,0x8
0x1b9690,_ZN7MainHUD24showTextPopoverWithTitleERK6StringS2_P13DisplayObjectiiifbb,0x2c0
0x1b9950,_ZNK16LogicStringTable22getCSVTableColumnCountEv,0x8
0x1b9958,_ZN6Effect14initRenderableEi,0x588
0x1b9ee0,_ZN13AnalyticEvent8destructEv,0x5c
0x1b9f3c,_ZN16UdpPacketHandlerC2EP9UdpSocketPKc,0x120
0x1ba05c,_ZN11FontManager9loadFontsEP16ResourceListener,0xac
0x1ba108,_ZN15LogicJSONHelper9setStringEP15LogicJSONObjectRK6StringS4_,0x94
0x1ba19c,_ZN3GUI25showFullScreenFloaterTextERK6String,0x70
0x1ba20c,_ZN13StencilSpriteD2Ev,0x8c
0x1ba298,_ubidi_setInverse_58,0x1c
0x1ba2b4,_ZN13LogicSkinDataC2EP6CSVRowP14LogicDataTable,0x64
0x1ba318,_ZNK26LogicLocalNotificationData11getNumTextsEv,0x8
0x1ba320,_ZN26AppleBillingRequestMessage8destructEv,0x70
0x1ba390,_ZN8StatItemC2ERK6StringS2_,0xe0
0x1ba470,_ZN26RankedMatchPickHeroMessageC2EPK18LogicCharacterDatab,0x48
0x1ba4b8,_ZN25PepperPerMessageEncrypterC2ERN12PepperCrypto9SecureKeyILm32EEERNS1_ILm24EEEiiPKhi,0xc8
0x1ba580,_ZN15LogicClientHome10beginClaimEi,0x1b0
0x1ba730,_ZN17ChatOptionsSlider20updateKeyboardOffsetEf,0xe0
0x1ba810,_ZNK17LogicLocalization14isTestLanguageEi,0x28
0x1ba838,_ZNK23LineAccountBoundMessage14getMessageTypeEv,0x8
0x1ba840,_ZN18AllianceWarMessage18getServiceNodeTypeEv,0x8
0x1ba848,_ZN21LogicJSONOutReflector9pushStackEv,0x33c
0x1bab84,_ZN10PlayingSFX6updateEf,0xec
0x1bac70,_ZNK10BattleMode26isPlayingFirstStepTutorialEv,0x20
0x1bac90,_ZN13GatchaBoxItemD2Ev,0x5c
0x1bacec,_ZN12OnlinePlayer14setDisplayDataEP17PlayerDisplayData,0x54
0x1bad40,_ZN6icu_5810CharString6appendEPKciR10UErrorCode,0x1ac
0x1baeec,_ZThn16_NK10TeamStream16getAnalyticsNameEv,0xc
