address,name,size
0x4ed6cc,_sub_4ED6CC,0x10
0x4ed72c,_sub_4ED72C,0x14
0x4ed778,_sub_4ED778,0x24
0x4ed79c,_sub_4ED79C,0xe84
0x4ee620,_sub_4EE620,0x10
0x4ee680,_sub_4EE680,0x14
0x4eed0c,_sub_4EED0C,0x24
0x4eed30,_sub_4EED30,0xe88
0x4efbb8,_sub_4EFBB8,0x14
0x4efc1c,_sub_4EFC1C,0x14
0x4efc60,_sub_4EFC60,0x24
0x4efc84,_sub_4EFC84,0xe58
0x4f0adc,_sub_4F0ADC,0x10
0x4f0b3c,_sub_4F0B3C,0x14
0x4f0b80,_sub_4F0B80,0x24
0x4f0ba4,_sub_4F0BA4,0xe58
0x4f19fc,_sub_4F19FC,0x10
0x4f1a5c,_sub_4F1A5C,0x14
0x4f1aa0,_sub_4F1AA0,0x24
0x4f1ac4,_sub_4F1AC4,0xe58
0x4f291c,_sub_4F291C,0x10
0x4f297c,_sub_4F297C,0x14
0x4f2bb8,_sub_4F2BB8,0x7dec
0x4fa9a4,_sub_4FA9A4,0x370
0x4fad18,_sub_4FAD18,0x70
0x4fadc4,_sub_4FADC4,0x48
0x4faf34,_sub_4FAF34,0x24
0x4fb1a0,_sub_4FB1A0,0xedc
0x4fc07c,_sub_4FC07C,0x18
0x4fc1a4,_sub_4FC1A4,0x1c
0x4fc69c,_sub_4FC69C,0x38
0x4fc714,_sub_4FC714,0x40
0x4fc7c4,_sub_4FC7C4,0x50
0x4fca08,_sub_4FCA08,0x4
0x4fca58,_sub_4FCA58,0x14
0x4fcca4,_sub_4FCCA4,0x1368
0x4fe00c,_sub_4FE00C,0x7c
0x4fe1ec,_sub_4FE1EC,0x24
0x4fe210,_sub_4FE210,0xed4
0x4ff0e4,_sub_4FF0E4,0x10
0x4ff144,_sub_4FF144,0x14
0x4ff18c,_sub_4FF18C,0x8
0x4ff1dc,_ZN14TencentManager18clearInGameFriendsEv,0x7c
0x4ff258,_xmodDetected,0x4
0x4ff25c,_ZN17HeroSwipeSelectorD2Ev,0xd0
0x4ff32c,_ZNSt6__ndk110__function6__funcIZN11scTaskQueue3runIZN7GLImage6createEPKc9ImageWrap11ImageFilterE3$_0EENS_13invoke_resultIT_JEE4typeESB_EUlvE_NS_9allocatorISE_EEFvvEEclEv,0x40
0x4ff36c,_ZN7rg_etc110etc1_block24get_diff_subblock_colorsEPNS_13color_quad_u8Etj,0x188
0x4ff4f4,_ZN8TestCase10dragFromToEP13DisplayObjectS1_,0xc4
0x4ff5b8,_ZN12RenderSystemD0Ev,0x24
0x4ff5dc,_ZNK15LogicBuffServer8isDebuffEv,0x28
0x4ff604,_ZN10HomeScreen19beforeOffersReceiveEP14LogicArrayListIP16LogicOfferBundleE,0x54
0x4ff658,_ZN9EmoteIconD2Ev,0x94
0x4ff6ec,_ZN20LogicCharacterClientC2EPK9LogicData,0x378
0x4ffa64,_ZThn8_N6icu_5810UnicodeSetD1Ev,0x8
0x4ffa6c,_ZN19EnvironmentRenderer7addTileEP8Sprite3Diififbb,0x1a8
0x4ffc14,_uprv_log_58,0x4
0x4ffc18,_ZNK20LogicCharacterClient14getWeaponSkillEv,0x18
0x4ffc30,_ZN18sc3dPanPinchCamera15updateTransformEv,0x5c8
0x5001f8,_ZN22ChronosResourceManager17constructInstanceEv,0x30
0x500228,_ZNSt6__ndk110__function6__funcIZN14SceneCharacter6updateEfE3$_0NS_9allocatorIS3_EEFvvEE18destroy_deallocateEv,0x4
0x50022c,_ZN15sc3dWorldObject19setVisibleRecursiveEb,0x64
0x500290,_ZN5titan3com9supercell5titan23NativeHTTPClientManager16startPostRequestERK6StringS6_RKNSt6__ndk16vectorISt4byteNS7_9allocatorIS9_EEEE,0x11c
0x5003ac,_ZN4Shop11getConfDataEv,0x1c
0x5003c8,_ZN8GeometryD2Ev,0x1dc
0x5005a4,_ZNK6CSVRow17getClampedValueAtEii,0x74
0x500618,_ZN12EventTracker8loggedInERK6StringS2_S2_iiiS2_S2_S2_S2_S2_S2_S2_iS2_S2_,0x370
0x500988,_ZN13EffectManager14addFlyParticleEP11FlyParticle,0x13c
0x500ac4,_ZN15ResourceManager16checkMissingTidsEv,0x2ac
0x500d70,_ZN17MapEditorTileItem12setTileCountEiii,0x1ac
0x500f1c,_ZNK17LogicShopItemData12getIconFrameEi,0xdc
0x500ff8,_ZN37GoogleBillingProcessedByServerMessage6decodeEv,0x98
0x501090,_Z21getDebuggerStacktracebR6String,0x1fc
0x50128c,_ZN15SelectHeroPopup16setHeroPositionsEi,0x110
0x50139c,_ZNK17LogicClientAvatar19getHeroDisplayLevelEPK18LogicCharacterData,0xbc
0x501458,_ZN15LogicItemServer18triggerSpringBoardEP20LogicCharacterServer,0x4
0x50145c,_ZN20PlayerMapRenamePopup6updateEf,0x8c
0x5014e8,_ZN5titan3com9supercell5titan14HelpshiftTitan14showFAQSectionERK6String,0x8c
0x501574,_ZN8GameMain13setRandomSeedEi,0x14
0x501588,_ZN11SocialPopupD0Ev,0x24
0x5015ac,_ZNK18LogicClientGlobals35areGoogleServiceAchievementsEnabledEv,0x8
0x5015b4,_ZN9LogicLong6toLongEii,0x18
0x5015cc,_ZN11RenderQueue23setSceneUniformOverrideEP13SceneUniforms,0x8
0x5015d4,_ZN30LogicGameObjectManagerListenerC2Ev,0x10
0x5015e4,_ZN10LogicGoals8destructEv,0xe8
0x5016cc,_ZNK13LogicTileData21getMapEditorConnectedEv,0x10
0x5016dc,_ZN23SetTeamChatMutedMessageC2Ev,0x34
0x501710,_ZNK10Projectile8getAngleEv,0x1c
0x50172c,_ZN20NativeSCIDConnectionD0Ev,0x24
0x501750,_Java_com_supercell_titan_SupercellId_bindAccount,0xc4
0x501814,_ZN37LogicPurchaseBrawlPassProgressCommand8destructEv,0x24
0x501838,_ZN15KakaoConnection5loginEv,0x14
0x50184c,_ZN13HTTPMessagingD2Ev,0xbc
0x501908,_ZN24RankedLeaderboardsScreen6onDataEP18LeaderboardMessage,0x174
0x501a7c,_ZN14MessageManager25clearBufferedLatencyTestsEv,0x134
0x501bb0,_ZN26RankedTeamSelectionManagerD2Ev,0xa8
0x501c58,_ZN13HeroInfoPopup7refreshEv,0x1f4c
0x503ba4,_ZN21LogicBattleModeClient24setGameModeVariationDataEi,0x20
0x503bc4,_ZN31LogicSetSupportedCreatorCommand6decodeEP10ByteStream,0x7c
0x503c40,_ZN35AddFriendByAvatarNameAndCodeMessage13setAvatarCodeEP6String,0x8
0x503c48,_ZN11Application20getPreferredLanguageEv,0x90
0x503cd8,_ZN13LogicSkinData12setHappyFaceERK6String,0x8
0x503ce0,_ZN10BattleMode9setPausedEb,0x4c
0x503d2c,_ZThn96_N13EnterAgePopup13buttonClickedEP12CustomButton,0x8
0x503d34,_ZN21LogicSkinCampaignDataC2EP6CSVRowP14LogicDataTable,0x2c
0x503d60,_ZNK12BattleScreen32getPixelsToLogicXScaleWithCameraEv,0x10
0x503d70,_ZN8LogicMD523getABTestHashForAccountERK6StringPK9LogicLong,0xf0
0x503e60,_ZNK26AppleBillingRequestMessage14getReceiptDataEv,0x8
0x503e68,_ZN27LogicSelectGroupSkinCommandC2EPK13LogicSkinData,0x34
0x503e9c,_ZNK9LogicData8toStringEv,0x2c
0x503ec8,_ZN8Debugger23isContentValidationModeEv,0xc
0x503ed4,_ZN17LogicGameModeUtil25isBossWithDifferentStagesEiPK18LogicCharacterData,0x58
0x503f2c,_ZN12scZstdReader14readShortArrayEiPs,0xf4
0x504020,_ZNK12BattleScreen16getShootStickBgYEv,0x8
0x504028,_ZNK6icu_5822RuleBasedBreakIterator8getRulesEv,0x60
0x504088,_ZN9UdpPacket6decodeEPvPKciP19LogicMessageFactory,0x3b0
0x504438,_ZN11Application14getKunlunUnameEv,0x4c
0x504484,_ZNK19LogicProjectileData16getSteerLifeTimeEv,0x8
0x50448c,_ZN10HomeScreen23openBrawlTVWaitingPopupEv,0x60
0x5044ec,_ZNK21LogicTutorialStepData20getCompleteConditionEv,0x10
0x5044fc,_ZNK24ClientCryptoErrorMessage14getMessageTypeEv,0x8
0x504504,_ZN12EventTracker15createEventTextERK6StringS2_,0x34
0x504538,_ZN11wendelstein17MovieClipRenderer5resetEb,0x2c
0x504564,_ZN25SetAllianceCountryMessage18getServiceNodeTypeEv,0x8
0x50456c,_ZN12LoginMessage17setYoozooDeviceIdERK6String,0x8
0x504574,_Z13unstuff57bitsjjRjS_,0x50
0x5045c4,_ZNK6scFile7getSHA1Ev,0x208
0x5047cc,_ZN11OnlinePopup10refreshTabEv,0x104
0x5048d0,_ZN15LogicStringUtil6appendER13StringBuilderRK6Stringii,0x4
0x5048d4,_ZNK14AllianceStream9isPanningEv,0x8
0x5048dc,_ZNK28TeamRequestJoinCancelMessage14getMessageTypeEv,0x8
0x5048e4,_ZNK13LogicSkinData18getRawFeaturesListEv,0x10
0x5048f4,_ZN12KakaoManager9addFriendE9KakaoUser,0xb0
0x5049a4,_ZN12BattleScreen30refreshAccessoryRangeIndicatorEb,0x31c
0x504cc0,_ZN10ScoresPage7setDataEP14PiranhaMessage,0x4c
0x504d0c,_ZN14EnterNamePopup19updateConfirmButtonEv,0xfc
0x504e08,_ZNK14StreamItemList9isPanningEv,0x8
0x504e10,_ZL18ucharstrenum_unextP12UEnumerationPiP10UErrorCode,0x58
0x504e68,_Z17get16bits11signediiii,0x98
0x504f00,_ZNSt6__ndk110__function6__funcIZN8TestCase9moveTouchER5TouchS3_S3_fE3$_7NS_9allocatorIS5_EEFvvEED0Ev,0x4
0x504f04,_ZN7WarNode13buttonPressedEv,0x180
0x505084,_ZNSt6__ndk110__function6__funcIZN7GLImage6createEPKcS4_9ImageWrap11ImageFilterE3$_6NS_9allocatorIS7_EEFvvEED0Ev,0x4
0x505088,_ubidi_getRuns_58,0x61c
0x5056a4,_ZN25BattleReportStreamMessage9setHomeIdEP9LogicLong,0x8
0x5056ac,_ZN8Settings19areControlsMirroredEv,0x88
0x505734,_ZN3GUI14closeAllPopupsEv,0x88
0x5057bc,_ZNK16ResourceListener18getLoadingProgressEv,0xc4
0x505880,_ZN13ImpostorAtlasC2Ei,0x130
0x5059b0,_ZN20LogicCharacterServer8chargeToEiiiP15LogicPathFinderP14LogicArrayListIP12LogicVector2E,0x980
0x506330,_ZN29scMultithreadedLoadingManager18initResourceThreadEv,0x274
0x5065a4,_ZThn24_NK17TencentLoginState6getTIDERK6String,0x18
0x5065bc,_ZN10ByteStream9writeByteEc,0x88
0x506644,_ZN12WaitingPopupD0Ev,0x24
0x506668,_ZN15MovieClipHelper15getPixelsWastedEii,0x7c
0x5066e4,_ZNK12LogicVector38isInAreaEiiiiii,0x64
0x506748,_ZN6Sprite10setHitAreaEP4Rect,0x4c
0x506794,_ZN43LogicBrawlPassAutoCollectWarningSeenCommand10canExecuteEPK13LogicHomeModei,0x5c
0x5067f0,_ZN18PlaySoundExecutionD0Ev,0x38
0x506828,_ZN16GameStateManager14touchCancelledEi,0x18
0x506840,_ZNK17LogicSkinConfData17getHappyEnterAnimEv,0x10
0x506850,_ZN14TencentManager10switchUserEb,0x18
0x506868,_ZN7SCWFile23initializeSCWReferencesEv,0x124
0x50698c,_ZN12LogicPinDataC2EP6CSVRowP14LogicDataTable,0x2c
0x5069b8,_ZNK6icu_5820UnicodeSetStringSpan8spanBackEPKti17USetSpanCondition,0x6cc
0x507084,_ZThn8_NK10GameObject8getTileXEv,0x8
0x50708c,_ZN11Application17getReferrerValuesEv,0x724
0x5077b0,_ZNK4Rect6getMinEi,0x10
0x5077c0,_ZNK12BattleScreen13getBlurRedAddEv,0x48
0x507808,_ZN24UnbindLineAccountMessage6decodeEv,0x4
0x50780c,_ZNKSt6__ndk110__function6__funcIZN8TestCase9touchDownER5TouchE4$_15NS_9allocatorIS5_EEFvvEE11target_typeEv,0xc
0x507818,_ZN15HomeStatusEntry20getAttackSecondsLeftEv,0x8
0x507820,_ZN16AllianceSettings18updateScoreAndTypeEv,0xb8
0x5078d8,_ZNK37LogicSetESportsHubNotificationCommand14getCommandTypeEv,0x8
0x5078e0,_ZN25TencentCheckCanPayMessage18getServiceNodeTypeEv,0x8
0x5078e8,_ZN12TencentLogin12tryAutoLoginEv,0x8
0x5078f0,_ZN22RankRewardNotification6encodeEP15ChecksumEncoder,0x48
0x507938,_ZN18AddableFriendEntryC2Ei,0x10
0x507948,_ZN13EnterAgePopup19updateConfirmButtonEv,0x214
0x507b5c,_ZNK13LogicFaceData11getFileNameEv,0x10
0x507b6c,_ZNK24LogicExpressionEvaluator13getInternalFnERK6StringPi,0xc4
0x507c30,_ZNKSt6__ndk110__function6__funcIZ62Java_com_supercell_titan_TitanWebView_shouldOverrideUrlLoadingE3$_0NS_9allocatorIS2_EEFvvEE7__cloneEv,0x4c
0x507c7c,_ZN16ProgressBarTween13setAnimEffectEb,0x140
0x507dbc,_Z19intersectRay2fRay2fRK7Vector2IfES2_S2_S2_Rf,0x114
0x507ed0,_ZN21LogicBattleModeClient11setLocationEPK17LogicLocationData,0x44
0x507f14,_ucase_getType_58,0x90
0x507fa4,_ZN14LogicMusicData16createReferencesEv,0xa0
0x508044,_ZNSt6__ndk112__hash_tableINS_17__hash_value_typeINS_4pairIPKvS4_EEjEENS_22__unordered_map_hasherIS5_S6_ZN7SCWFile7getMeshEPP8GeometryiPK8MaterialSE_PK9xMatrix44E3$_1Lb0EEENS_21__unordered_map_equalIS5_S6_ZNS8_7getMeshESB_iSE_SE_SH_E3$_2Lb0EEENS_9allocatorIS6_EEE6rehashEm,0xe4
0x508128,_ZN22LogicGemOfferContainer8destructEv,0x4
0x50812c,_ZN15LogicDataTables14getSkillByNameERK6StringPK9LogicData,0x20
0x50814c,_ZNKSt6__ndk110__function6__funcIZN19EnvironmentRenderer6renderER9Matrix2x3R14ColorTransformifE3$_0NS_9allocatorIS7_EEFvvEE11target_typeEv,0xc
0x508158,_ZNK9RankPopup12getPopupTypeEv,0x8
0x508160,_ZN6icu_5827ForwardUTrie2StringIterator6next16Ev,0x108
0x508268,_ZN13AllianceIntro10setContentEP14LogicArrayListIP19AllianceHeaderEntryE,0x224
0x50848c,_ZN19NotificationManager17constructInstanceEv,0x40
0x5084cc,_ZNK11SoundSystem14getSoundVolumeEv,0x2c
0x5084f8,_ZN12RC4EncrypterC2ERK6StringS2_,0x48
0x508540,_ZN3GUID0Ev,0x24
0x508564,_ZN6icu_5813CanonIterData13addToStartSetEiiR10UErrorCode,0x10c
0x508670,_ZN6icu_5815RBBIDataWrapperC2EPKNS_14RBBIDataHeaderER10UErrorCode,0x3c
0x5086ac,_ZNKSt6__ndk110__function6__funcIZN8TestCase11pressButtonEP12CustomButtonE3$_0NS_9allocatorIS5_EEFvvEE7__cloneEPNS0_6__baseIS8_EE,0x18
0x5086c4,_ZNSt6__ndk110__function6__funcIZN8TestCase17releaseStageTouchEvE3$_4NS_9allocatorIS3_EEFvvEED0Ev,0x4
0x5086c8,_ZN27FacebookAccountBoundMessage18getServiceNodeTypeEv,0x8
0x5086d0,_ZN11BasePageGUI12scrollToPageEi,0x124
0x5087f4,_ZN17GameCenterManager18clearInGameFriendsEv,0x74
0x508868,_ZNKSt6__ndk110__function6__funcIZN11scTaskQueue3runIZN7GLImage14updateSubImageEPKciiiiiiE4$_10EENS_13invoke_resultIT_JEE4typeES9_EUlvE_NS_9allocatorISC_EEFvvEE11target_typeEv,0xc
0x508874,_ZN10BadgePopup6updateEf,0x10
0x508884,_ZN15sc3dWorldObject14detachSprite3DEv,0x4c
0x5088d0,_ZNK22LogicLocationThemeData15getBlocking4SCWEi,0x18
0x5088e8,_ZN6icu_5813UnicodeStringC2EPKciNS0_10EInvariantE,0x108
0x5089f0,_ZNSt6__ndk110__function6__funcIZN11scTaskQueue3runIZN7GLImage6createEPKc9ImageWrap11ImageFilterE3$_0EENS_13invoke_resultIT_JEE4typeESB_EUlvE_NS_9allocatorISE_EEFvvEED0Ev,0x4
0x5089f4,_ZN13LogicBossData12clearRewardsEv,0x90
0x508a84,_ZN6String7valueOfEy,0x60
0x508ae4,_ZNSt6__ndk110__function6__funcIZN19EnvironmentRenderer6renderER9Matrix2x3R14ColorTransformifE3$_7NS_9allocatorIS7_EEFvvEEclEv,0xc
0x508af0,_ZN5Stage17loadDefaultShaderEi,0x504
0x508ff4,_ZN14StreamItemList20processEntryToScreenEP11StreamEntry,0x454
0x509448,_ZN18DebugCommandButtonD0Ev,0x38
0x509480,_ZN25LogicPurchaseOfferCommand18getDefaultErrorTIDEi,0x10
0x509490,_ZN8CSVTable8destructEv,0x118
0x5095a8,_ZN39GoogleServiceAccountAlreadyBoundMessage12setPassTokenEP6String,0x8
0x5095b0,_ZN16GameStateManager13touchReleasedERK5Touch,0x18
0x5095c8,_ZNK17LogicClientAvatar17hasEnoughDiamondsEib,0x44
0x50960c,_ZNK20QuickChatStreamEntry6encodeEP15ChecksumEncoder,0xa4
0x5096b0,_ZN31LogicRankedSeasonChangedCommandC2Ev,0x30
0x5096e0,_ZN12CustomButton8touchOutEi,0x48
0x509728,_ZNKSt6__ndk110__function6__funcIZN32NativeFacebookConnectionCallback18receivedAppRequestERK6StringE3$_4NS_9allocatorIS6_EEFvvEE6targetERKSt9type_info,0x1c
0x509744,_ZN20LogicCharacterServer18hasActiveAccessoryEii,0x8
0x50974c,_ZNKSt6__ndk110__function6__funcIZN7GLImage6createEPKc9ImageWrap11ImageFilterE3$_1NS_9allocatorIS7_EEFvvEE7__cloneEv,0x48
0x509794,_ZN12_GLOBAL__N_122getReferralExtraParamsEv,0xec
0x509880,_ZN5titan3com9supercell5titan12TitanWebView7loadURLERK6String,0xac
0x50992c,_ZN30DeletePlayerMapResponseMessage6encodeEv,0x38
0x509964,_ZNK9hb_face_t9load_upemEv,0x94
0x5099f8,_ZThn96_N28DeviceLinkConfirmationScreen13buttonClickedEP12CustomButton,0x8
0x509a00,_ZNSt6__ndk110__function6__funcIZN29scMultithreadedLoadingManager18initResourceThreadEvE3$_2NS_9allocatorIS3_EEFvvEEclEv,0x80
0x509a80,_ZN18LogicAnimationData20removeChangeListenerEP20SCTuneChangeListener,0xe0
0x509b60,_ZN16BaseNotificationC2Ei,0x24
0x509b84,_hb_face_get_user_data,0x20
0x509ba4,_ZN31RequestLatencyTestStatusMessage6encodeEv,0x28
0x509bcc,_ZN11wendelstein18WendelsteinManagerC2Ev,0xc4
0x509c90,_ZNK19LogicProjectileData18piercesEnvironmentEv,0x8
0x509c98,_ZN9HeroPopup6updateEf,0x50
0x509ce8,_ZN17AvatarStreamEntry7dismissEv,0x4
0x509cec,_ZNK12LogicVector36equalsEPKv,0x40
0x509d2c,_ZN13AllianceIntro10pageOpenedEv,0x34
0x509d60,_ZN16BattleEndMessage16getCompletedGoalEi,0x3c
0x509d9c,_ZN18LeaderboardMessageC2Ev,0x48
0x509de4,_ZN22BrawlerSuggestionPopup18customButtonTappedEP10GameButtoni,0x38
0x509e1c,_ZN10SCIDConfig4initEP15LogicJSONObject,0x18
0x509e34,_ZN26LogicDeviceLinkDoneMessage12setPassTokenERK6String,0x8
0x509e3c,_ZN31AvatarStreamEntryRemovedMessageC2Ei,0x30
0x509e6c,_ZN11TeamMessage18getServiceNodeTypeEv,0x8
0x509e74,_ZN14FriendsManager6updateEf,0x30
0x509ea4,_ZN15LogicPathFinder22aStarGetCheapest_DEBUGEv,0x80
0x509f24,_ZN10GameButton6wobbleEv,0x3c
0x509f60,_ZNKSt6__ndk110__function6__funcIZN19SupercellIdCallback24setPendingLoginWithEmailEP8_jobjectRK6StringbE3$_7NS_9allocatorIS8_EEFvvEE7__cloneEv,0x50
0x509fb0,_ZThn96_N17OnlineTeamupPopup13buttonClickedEP12CustomButton,0x8
0x509fb8,_ZN14LogicDailyData7getSkinEPK18LogicCharacterData,0x38
0x509ff0,_ZNSt6__ndk110__function6__funcIZN19SupercellIdCallback31setPendingRegistrationWithEmailEP8_jobjectRK6StringbE3$_9NS_9allocatorIS8_EEFvvEE18destroy_deallocateEv,0x28
0x50a018,_ZL17ures_swapResourcePK12UDataSwapperPKjPjjPKcP9TempTableP10UErrorCode,0x6c4
0x50a6dc,_ZN18PlayerCountryPopupC2Ev,0x27c
0x50a958,_ZN8HomeMode12touchPressedERK5Touch,0x18
0x50a970,_ZN10LZMAReaderD2Ev,0x134
0x50aaa4,_ZN30SubmitPlayerMapResponseMessage6encodeEv,0x44
0x50aae8,_ZN22BindLineAccountMessage22setAuthenticationTokenEP6String,0x8
0x50aaf0,_ZNKSt6__ndk110__function6__funcIZN3UIu15displayTestListEvE3$_0NS_9allocatorIS3_EEFRK6StringP5UICtxEE6targetERKSt9type_info,0x1c
0x50ab0c,_ZN8Snowfall6updateEf,0x578
0x50b084,_ZNK8CSVTable20getColumnIndexByNameERK6String,0x6c
0x50b0f0,_uchar_swapNames_58,0x7ec
0x50b8dc,_ZNK22LogicLocationThemeData17getBlocking3CountEv,0x10
0x50b8ec,_ZN12TestReporterC2E6String,0x6dc
0x50bfc8,_ZN8LogicMD51FEiii,0x10
0x50bfd8,_ZN28TeamRequestJoinCancelMessage6decodeEv,0x4
0x50bfdc,_ZN8TestCase8execTestEv,0xb4
0x50c090,_ZN11Application14existsKeyValueERK6String,0x98
0x50c128,_ZN13QuestionPopUp22isAccountStronglyBoundEPK17LogicClientAvatari,0x10
0x50c138,_ZN8Settings20controlsIsSameDeviceEv,0x7c
0x50c1b4,_ZNSt6__ndk110__function6__funcIZN8TestCase7touchUpEvE4$_18NS_9allocatorIS3_EEFvvEE7destroyEv,0x4
0x50c1b8,_ZN31RequestLatencyTestStatusMessage8destructEv,0x28
0x50c1e0,_ZNK12LocationItem15getLocationDataEv,0xc
0x50c1ec,_ZN29scMultithreadedLoadingManager10initializeEbb,0x78
0x50c264,_ZNK9LogicData14testArrayIndexEi,0x70
0x50c2d4,_ZNK28UdpBigMessageFragmentMessage14getMessageTypeEv,0x8
0x50c2dc,_ZN27BattleEndRankedRankUpScreen14addExecutionToEP18SequencedExecution,0x944
0x50cc20,_ZN21RankedTeamSelectPopup7setInfoEv,0x67c
0x50d29c,_ZN24FriendSuggestionsMessage8destructEv,0x98
0x50d334,_ZNK11DragHandler11getMinScaleEv,0x8
0x50d33c,_ZN17LogicSkinConfData12resetStaticsEPK8CSVTable,0x1e80
0x50f1bc,_ZNK14LogicDataTable9getItemAtEi,0xc
0x50f1c8,_ZNK18LogicClientGlobals13getSpecialUrlERK6String,0xa8
0x50f270,_ZN16SpecialOfferItemD2Ev,0x138
0x50f3a8,_ZN30UpdatePlayerMapResponseMessageC2Ev,0x3c
0x50f3e4,_ZNK12LogicCommand6encodeEP15ChecksumEncoder,0x50
0x50f434,_ZNK29LogicClaimRankUpRewardCommand14getCommandTypeEv,0x8
0x50f43c,_ZN23OfflineFriendInviteItem14setInviteStateEi,0xa4
0x50f4e0,_ZN12TestReporter16getTestSuiteNameEv,0xc
0x50f4ec,_ZN10GameObject26playLoopedEffectDontMirrorEPK15LogicEffectDatab,0x174
0x50f660,_Z27getClosestPointPointSegmentRK7Vector2IfERK7SegmentRf,0x4c
0x50f6ac,_ZN14LogicDataTable26setUsedInCombinedDataTableEv,0xc
0x50f6b8,_ZN17ChatOptionsSlider10refreshTabEv,0x84
0x50f73c,_ZN18LogicNameColorData12resetStaticsEPK8CSVTable,0x178
0x50f8b4,_uprv_tzset_58,0x4
0x50f8b8,_ZNK20LogicCharacterClient19getChargedShotCountEv,0x8
0x50f8c0,_ZNK17LogicLocalization8validateEv,0x160
0x50fa20,_ZNK10UdpMessage17getPiranhaMessageEv,0x8
0x50fa28,_ZNK18LogicAccessoryData13getDestroyPetEv,0x10
0x50fa38,_Z20decompressBlockAlphaPhS_iiii,0x8
0x50fa40,_ZN6icu_5821LoadedNormalizer2ImplD2Ev,0x40
0x50fa80,_ZN23SetTeamChatMutedMessage6encodeEv,0x28
0x50faa8,_ZNK15OfferBundleItem23shouldShowBundleBlockedEP16LogicOfferBundle,0x40
0x50fae8,_ZNK12LogicVector311getDistanceEiii,0x98
0x50fb80,_ZN15LogicClientHome16setLogicGameModeEP13LogicHomeMode,0x8
0x50fb88,_ZN21SkinPreviewTypeButtonC2Ei,0x34
0x50fbbc,_ZNK21LogicGameObjectServer7isAliveEv,0x8
0x50fbc4,_ZN17LogicDebugCommand8destructEv,0x3c
0x50fc00,_ZN22TeamClearInviteMessage6decodeEv,0x2c
0x50fc2c,_ZNK13OpenGLContext22isValidInCurrentThreadEv,0x48
0x50fc74,_ZThn224_N16NameChangeScreen11showWarningERK6String,0x3c
0x50fcb0,_ZN10ZipArchive4initEv,0x2dc
0x50ff8c,_ZN12FileTemplateC2Ev,0x10
0x50ff9c,_ZN10BitmapFont15BitmapFormatter16getGlyphFontSizeEv,0xc
0x50ffa8,_ZN15GameSCIDManager26hasSocialFeaturesEnableKeyEv,0x88
0x510030,_ZN8Selfhelp8sendJsonERK6StringP15LogicJSONObject,0xd0
0x510100,_ZN21UILocalizedTextSetter9setTextToEP5UICtxP9TextField,0x154
0x510254,_ZN30LineAccountAlreadyBoundMessage12setPassTokenEP6String,0x8
0x51025c,_Z27hb_ot_layout_position_startP9hb_font_tP11hb_buffer_t,0x3c
0x510298,_ZN5lzham37raw_quasi_adaptive_huffman_data_model13update_tablesEib,0x2b4
0x51054c,_ZN11Application12getAndroidIDEv,0x4
0x510550,_ZNK12LogicTileMap23canPlayerSeeFromToNoLOSEiiiiib,0x120
0x510670,_ZN25KickAllianceMemberMessage18getServiceNodeTypeEv,0x8
0x510678,_ZNK14AllianceStream15actionAvailableEi,0x58
0x5106d0,_ZN15DataLoaderMusic4loadEPKcRKNSt6__ndk15arrayIiLm4EEE,0x12c
0x5107fc,_ZN23RankedRewardsTrackPopup6updateEf,0x1dc
0x5109d8,_ZNK9sc3dWorld13getWorldLayerEi,0x30
0x510a08,_ZNK10SWFTexture8getWidthEv,0x8
0x510a10,_ZN8ItemIcon13disableButtonEb,0x20
0x510a30,_ZN10NativeFont15NativeFormatter12isBaseDirRTLEv,0x1c
0x510a4c,_ZN31CafeBazaarBillingRequestMessage6decodeEv,0x138
0x510b84,_ZN29AuthenticationResponseMessage18getServiceNodeTypeEv,0x8
0x510b8c,_uprv_timezone_58,0x10
0x510b9c,_ZN10scPackFile4initERK6scFile,0x154
0x510cf0,_ZN10ByteStream10readStringEi,0xdc
0x510dcc,_ZNKSt6__ndk110__function6__funcIZN11scTaskQueue3runIZN8TestCase23withFirstSpriteMatchingENS_8functionIFbP6SpriteEEENS5_IFvS7_EEEE4$_13EENS_13invoke_resultIT_JEE4typeESE_EUlvE_NS_9allocatorISH_EEFvvEE11target_typeEv,0xc
0x510dd8,_uhash_compareCaselessUnicodeString_58,0xb4
0x510e8c,_ZN35AddFriendByAvatarNameAndCodeMessage8destructEv,0x64
0x510ef0,_ZN8LogicMD511rotate_leftEii,0xcc
0x510fbc,_ZN15DoubleDropPopup18customButtonTappedEP10GameButtoni,0xc
0x510fc8,_ZN16LogicReflectable21toFormattedJSONStringEv,0x184
0x51114c,_uprv_pathIsAbsolute_58,0x14
0x511160,_ZNSt6__ndk110__function6__funcIZN8TestCase13getStageWidthEvE4$_10NS_9allocatorIS3_EEFivEED0Ev,0x4
0x511164,_ZN15ResourceDataCSVD2Ev,0x6c
0x5111d0,_ZN13HeroInfoPopupD0Ev,0xcc
0x51129c,_ZN22AddFriendFailedMessage6decodeEv,0x2c
0x5112c8,_ZNK17FriendListMessage14getMessageTypeEv,0x8
0x5112d0,_ZL9stdio_eofPv,0x4
0x5112d4,_ZN15LogicStringUtil13getCharLengthERK6String,0xdc
0x5113b0,_ZN11AndroidMain16onSurfaceCreatedEP13ANativeWindow,0x1b4
0x511564,_ZNK11TeamManager20isPendingRequestJoinEv,0x10
0x511574,_ZNK11LogicQuests11hasQuestForEbPK18LogicCharacterData,0x6c
0x5115e0,_ZN18WaitingPopupRanked8onStatusEP24MatchMakingStatusMessage,0xa4
0x511684,_ZN20LogicRawOutReflector11reflectBoolEbPKcb,0x34
0x5116b8,_ZN11DragHandler8setScaleEf,0x8
0x5116c0,_ZN12SupercellSWF9readAsciiEv,0x28
0x5116e8,_ZN20LogicCharacterServer8tickTileEv,0x118
0x511800,_ures_getLocaleInternal_58,0x34
0x511834,_ZNK21LogicBattleModeClient16getPredictedTickEv,0x8
0x51183c,_ZN10SWFTextureC2Ev,0x40
0x51187c,_ZN23LogicCharacterClientOwn9popTargetEv,0xa8
0x511924,_ZN9BitStream32writePositiveVIntMax255OftenZeroEi,0x58
0x51197c,_ZN10HomeScreen17tailRewardClaimedEi,0x34
0x5119b0,_ZN27FacebookAccountBoundMessage13setResultCodeEi,0x8
0x5119b8,_ZN9RankPopup19getFirstCollectableEP14LogicArrayListIP8RankItemE,0x64
0x511a1c,_ZNK29LogicToggleInGameHintsCommand6encodeEP15ChecksumEncoder,0x4
0x511a20,_ZNK24LogicParticleEmitterData21getParticleExportNameEi,0x10
0x511a30,_ZN21LogicSkinCampaignData16createReferencesEv,0x40
0x511a70,_ZN15LogicDataTables21getHealSuppressEffectEv,0xc
0x511a7c,_ZN37GoogleBillingProcessedByServerMessage18getServiceNodeTypeEv,0x8
0x511a84,_ZNKSt6__ndk110__function6__funcIZ42Java_com_supercell_titan_Kakao_loginFailedE3$_3NS_9allocatorIS2_EEFvvEE11target_typeEv,0xc
0x511a90,_ZN24LogicAvatarChangeFactory18decodeAvatarChangeEP10ByteStream,0x8
0x511a98,_ZNK6icu_586BMPSet8spanUTF8EPKhi17USetSpanCondition,0x394
0x511e2c,_ZNK22BindLineAccountMessage14getMessageTypeEv,0x8
0x511e34,_uloc_openKeywords_58,0x280
0x5120b4,_ZNKSt6__ndk110__function6__funcIZN8TestCase9touchDownEP13DisplayObjectE4$_14NS_9allocatorIS5_EEFvvEE7__cloneEv,0x60
0x512114,_ZN17LogicGameCalendar7setWeekEi,0x8
0x51211c,_ZN34PurchaseOfferHighlightPopupHandler13setupItemDescEP9TextFieldi,0x18
0x512134,_ZN31RequestLatencyTestStatusMessageC2Ei,0x38
0x51216c,_ZN15LogicJSONHelper12getLogicDataEPK15LogicJSONObjectRK6String,0x2c
0x512198,_ZN29GamecenterAccountBoundMessage13setResultCodeEi,0x8
0x5121a0,_ZNKSt6__ndk110__function6__funcIZN11AndroidMain23startedFromNotificationERK6StringE3$_8NS_9allocatorIS6_EEFvvEE7__cloneEPNS0_6__baseIS9_EE,0x28
0x5121c8,_ZN11AndroidMain16inputTextChangedERK6String,0x19c
0x512364,_ZN18LogicAccessoryData12resetStaticsEPK8CSVTable,0xd30
0x513104,_ZN30StartLatencyTestRequestMessage27setLatencyTestConfigurationEP24LatencyTestConfiguration,0x5c
0x513160,_ZN9LogicMath3absEi,0xc
0x51316c,_ZN8MainPage11getConfDataEv,0x1c
0x513188,_ZN23LogicCharacterClientOwn37setTargetPositionWithClientPredictionEiiPK21LogicBattleModeClientf,0xa4
0x51322c,_ZN9CombatHUD16removeHintFingerEv,0x44
0x513270,_ZN12LogicCommand6decodeEP10ByteStream,0xf4
0x513364,_ZN26ChampionshipChallengePopup12setWinsTotalEP9TextField,0x19c
0x513500,_ZN26RankedMidSeasonRewardPopup18customButtonTappedEP10GameButtoni,0x8c
0x51358c,_ZNK13MapEditorMode15getLoadingTitleEv,0x10
0x51359c,_ZN17LogicGameModeUtil23hasMultipleDifficultiesEi,0x1c
0x5135b8,_ZN3GUI11removePopupEP9PopupBase,0x128
0x5136e0,_ZNSt6__ndk110__function6__funcIZN11Character3D6updateEfE3$_0NS_9allocatorIS3_EEFvvEEclEv,0xc
0x5136ec,_ZN7SBMMesh12hasTexCoordsEv,0x1c
0x513708,_ZN15LogicDataTables18getLowHealthEffectEv,0xc
0x513714,_ZN17LogicGamePlayUtil22getClosestAnyCollisionEiiiiPK12LogicTileMapP12LogicVector2bbbb,0x148
0x51385c,_ZN5Stage18pushGlobalInstanceEPS_,0x60
0x5138bc,_ZN9RankPopup7getHomeEv,0x18
0x5138d4,_ZN34ChangePlayerMapNameResponseMessage6decodeEv,0x50
0x513924,_ZN9Animation11setPriorityERK6String,0x2b4
0x513bd8,_ZNK31SkinPurchaseOptionDonationPopup12getPopupTypeEv,0x8
0x513be0,_ZN21UnbotifyReportMessageC2Ev,0x38
0x513c18,_ZN8Renderer18renderTexturedQuadERK9xMatrix44RK9Texture2Dffi,0x104
0x513d1c,_ZN30LookForATeamMemberConfirmPopup12onConfChangeEv,0x64
0x513d80,_ZN16TrophyRoadButtonD2Ev,0x70
0x513df0,_ZN13LogicConfData10isModuloOnEii,0x68
0x513e58,_ZN24LogicLaserMessageFactory19createMessageByTypeEi,0x2474
0x5162cc,_ZN20LogicCharacterServer11tickEffectsEv,0x4
0x5162d0,_ZN20LogicJSONInReflector29reflectNextReflectablePointerEPK16LogicReflectablei,0xb4
0x516384,_ZNK16LogicOfferBundle29getTotalCountOfHeroesAndSkinsEv,0x48
0x5163cc,_ZN9xMatrix4417transformVector3fEPKfR7Vector3IfE,0x54
0x516420,_ZN14LineConnectionC2Ev,0xac
0x5164cc,_ZN16ChatOptionsPopup12touchPressedERK5Touch,0x50
0x51651c,_deflate_stored,0x5dc
0x516af8,_ZN11UIListEntry13buttonClickedEP12CustomButton,0xa0
0x516b98,_ZN8HomePage12touchPressedERK5Touch,0x38
0x516bd0,_ZN13PlayAnimation6updateEf,0x158
0x516d28,_ZN16LobbyInfoMessage6decodeEv,0x1b4
0x516edc,_ZN15LogicPathFinder14removeSmallestEv,0xc4
0x516fa0,_ZN12RenderSystem13processFence2EPK13LogicTileDataiiiii,0x290
0x517230,_ZN8GameMain4drawEf,0x258
0x517488,_hb_font_get_parent,0x8
0x517490,_ZN6icu_587UVector5sortiER10UErrorCode,0x38
0x5174c8,_ZNK12LogicCommand21getCommandDiamondCostEPK13LogicHomeMode,0x8
0x5174d0,_ZN10ByteStream11writeStringEPK6String,0x140
0x517610,_ZN25EventSuggestionStreamItem15isPlayerMapSlotEi,0x10
0x517620,_ZN19LogicRawInReflector16reflectExitArrayEv,0x38
0x517658,_ZN35RespondToAllianceJoinRequestMessage6decodeEv,0x40
0x517698,_ZN19SelectLocationPopup17setEntryPositionsEP14LogicArrayListIP12LocationItemEPfS5_S5_bb,0x2e4
0x51797c,_ZNK6icu_5810UnicodeSet12spanBackUTF8EPKci17USetSpanCondition,0x238
0x517bb4,_ZN5titan3com9supercell2id15IdConnectedGameC2EP8_jobject,0xbc
0x517c70,_ZN17LogicGameCalendar9setMinuteEi,0x8
0x517c78,_ZN25DeviceLinkMigrationScreen13buttonClickedEP12CustomButton,0x120
0x517d98,_ZN25RequestMatchCancelMessage6decodeEv,0x4
0x517d9c,_ZN24EsportTournamentsWebView12getExtensionERK6String,0xe0
0x517f64,_ZNKSt6__ndk110__function6__funcIZN32NativeFacebookConnectionCallback20loginFailedWithErrorERK6StringS5_E3$_0NS_9allocatorIS6_EEFvvEE7__cloneEPNS0_6__baseIS9_EE,0x28
0x517f8c,_ZN6icu_5822RuleBasedBreakIterator10isBoundaryEi,0xf0
0x51807c,_ZNK25TuneBrawlTvChannelMessage14getMessageTypeEv,0x8
0x518084,_ZN12RenderSystem18destroyTileInstantEii,0x104
0x518188,_ZN10HomeScreen16setMainUiVisibleEb,0x18
0x5181a0,_ZThn8_N6icu_5810UnicodeSet7matchesERKNS_11ReplaceableERiia,0x8
0x5181a8,_ZN4Mesh11computeAABBEPKciiP7Vector3IfES4_,0x98
0x518240,_ZN9Character21lockTargetAngleAttackEv,0x50
0x518290,_ZN17OnlineTeamupPopup24getCurrentTeamCodeStringEv,0x94
0x518324,_ZN27AskForAddableFriendsMessage6decodeEv,0x3ac
0x5186d0,_hb_buffer_reverse_clusters,0x4
0x5186d4,_ZNSt6__ndk110__function6__funcIZ61Java_com_supercell_titan_GoogleServiceClient_onSignInCanceledP7_JNIEnvP7_jclassE3$_2NS_9allocatorIS6_EEFvvEEclEv,0x1c
0x5186f0,_ZNKSt6__ndk110__function6__funcIZN8TestCase11touchSpriteEP6SpriteE3$_1NS_9allocatorIS5_EEFvvEE7__cloneEv,0x60
0x518750,_ZN20AnalyticEventManager13validateEventEP13AnalyticEvent,0x118
0x518868,_ZN13BattleLogItem19setDeathmatchResultEi,0x148
0x5189b0,_ZN9TextInputD2Ev,0xc4
0x518a74,_ZN14LogicPlayerMap10setMapDataEP6String,0x5c
0x518ad0,_ZNK15ProLeagueScreen13hasOnlyGlobalEv,0x4
0x518ad4,_ZNK19AllianceHeaderEntry16getRequiredScoreEv,0x8
0x518adc,_hb_font_set_user_data,0x38
0x518b14,_ZN13CcTeaserPopupD0Ev,0x58
0x518b6c,_utext_openUChars_58,0xc8
0x518c34,_ucdn_paired_bracket,0x64
0x518c98,_ZN18SequencedExecution13onFastforwardEv,0x58
0x518cf0,_ZN19LogicMappedCSVTable8destructEv,0x3c
0x518d2c,_ZNK37JoinAllianceResponseAvatarStreamEntry6encodeEP15ChecksumEncoder,0xc0
0x518dec,_ZNK18LogicGemBundleData17getResourceCountsEv,0x8
0x518df4,_ZN12KakaoManager21addFakeOfflineFriendsEv,0x4
0x518df8,_ZN18LogicAnimationData10setLoopingEb,0x80
0x518e78,_ZN17LogicLocalization11setCSVTableEPK8CSVTable,0x520
0x519398,_ZN9DebugMenu6updateEf,0x3a8
0x519740,_hb_unicode_decompose_compatibility,0x50
0x519790,_ZN21LogicBattleModeServer10getTileMapEv,0x8
0x519798,_ZN11SCIDWebViewD0Ev,0x24
0x5197bc,_ZN11wendelstein18WendelsteinManager11getInstanceEv,0xc
0x5197c8,_ZN16NameChangeScreen10poppedBackEv,0x34
0x5197fc,_ZNKSt6__ndk110__function6__funcIZN19SupercellIdCallback23respondToDonationResultEP8_jobjectRK6StringS7_E4$_24NS_9allocatorIS8_EEFvvEE11target_typeEv,0xc
0x519808,_ZN9EntryInfo15displaySkinInfoEP12CustomButtonRK6String,0x68
0x519870,_ZNKSt6__ndk110__function6__funcIZN19EnvironmentRenderer6renderER9Matrix2x3R14ColorTransformifE3$_5NS_9allocatorIS7_EEFvvEE7__cloneEv,0x40
0x5198b0,_ZN18PreRenderedTexture17updateSubViewportEffffPP13DisplayObjecti,0x360
0x519c10,_ZN19BattleEndTeamMember8setAngleEf,0x24
0x519c34,_ZN26ChangePlayerMapNameMessage6decodeEv,0x44
0x519c78,_ZN29DeviceLinkSuccesfullOldScreenD0Ev,0x3c
0x519cb4,_ZNK20LogicCharacterServer18isBullChargeActiveEv,0x20
0x519cd4,_ZN22TeamRequestJoinMessage18getServiceNodeTypeEv,0x8
0x519cdc,_ZN9QuestItem18refreshHiliteStateEv,0xa0
0x519d7c,_ures_countArrayItems_58,0xe0
0x519e5c,_ZThn96_N9TeamPopup13buttonClickedEP12CustomButton,0x8
0x519e64,_ZN13LoadingScreen31setupChinaVersionItemVisibilityEP9MovieClip,0x30
0x519e94,_ZN24EsportTournamentsWebView29incrementStopMusicRequirementEv,0x24
0x519eb8,_ZN13FriendsScreen12refreshItemsEfP14LogicArrayListIP6FriendEPS0_IP10FriendItemE,0x25c
0x51a114,_ZN14TencentManager15clearSignInDataEv,0xd4
0x51a1e8,_ZN30SupercellIdNotificationMessage18getServiceNodeTypeEv,0x8
0x51a1f0,_ZNK13LogicConfData11getIntValueEi,0x44
0x51a234,_ZN31AvatarStreamEntryRemovedMessage16setStreamEntryIdEP9LogicLong,0x8
0x51a23c,_ZN5lzham23lzham_lib_compress_initEPK21lzham_compress_params,0x1ac
0x51a3e8,_ZN20PlayerNameColorPopup6updateEf,0x10
0x51a3f8,_ZNK5lzham11lzham_timer14get_elapsed_usEv,0x60
0x51a458,_ZN20LogicBattlePlayerMap12setAccountIdERK9LogicLong,0xc
0x51a464,_ZNKSt6__ndk110__function6__funcIZN19SupercellIdCallback19claimShopItemResultEP8_jobjectRK6StringS7_S7_E4$_22NS_9allocatorIS8_EEFvvEE6targetERKSt9type_info,0x1c
0x51a480,_ZN13MapEditorMode10touchMovedERK5Touch,0x18
0x51a498,_ZNK18LogicClientGlobals33getGlobalDataPlatformOverrideSafeERK6String,0x1a4
0x51a63c,_ZNK26LogicGameModeVariationData12getVariationEv,0x10
0x51a64c,_ZN8HomePage18updateVisibleItemsEv,0x910
0x51af5c,_ZN8Databind16JSONOutReflector7setBoolERK6Stringbb,0x90
0x51afec,_lzham_decompress_deinit,0x4
0x51aff0,_ZNKSt6__ndk110__function6__funcIZN11AndroidMain16inputTextChangedERK6StringE4$_10NS_9allocatorIS6_EEFvvEE6targetERKSt9type_info,0x1c
0x51b00c,_ZL28utf8_nextCharSafeBodyPointerPPKhS0_i,0x188
0x51b194,_ZN19ProLeagueSeasonData8destructEv,0x8
0x51b19c,_ZN27BattleEndRankedRoundsScreen6updateEff,0x140
0x51b2dc,_ZN14BrawlPassPopup11getNextItemEbi,0x150
0x51b42c,_ZNK22CreatePlayerMapMessage14getMessageTypeEv,0x8
0x51b434,_ZN14TencentManager20saveLoggedInPlatformEv,0x13c
0x51b570,_ZN27GoogleBillingRequestMessage8destructEv,0x6c
0x51b5dc,_ZN19ScrollingInputFieldC2EP9TextField,0x17c
0x51b758,_ZN6icu_5822RuleBasedBreakIterator5resetEv,0x34
0x51b78c,_ZN9EntryInfo15getSkinInfoTextEPK13LogicSkinDataPK21LogicSkinCampaignData,0x144
0x51b8d0,_ZN8Databind23NlohmannJsonInReflector11getNextBoolEv,0xb0
0x51b980,_ZN12GameSettingsC2Ev,0x148
0x51bac8,_ZN11OnlinePopupD2Ev,0xb0
0x51bb78,_ZN18LatencyTestSession5abortEv,0x7c
0x51bbf4,_ZNK24LogicPlayerThumbnailData8isRewardEv,0x10
0x51bc04,_ZN17ChatOptionsSlider14setClipVisibleEb,0x10
0x51bc14,_ZN8Databind23NlohmannJsonInReflector15enterNextObjectEv,0x64
0x51bc78,_hb_ot_layout_lookup_would_substitute,0xbc
0x51bd34,_ZN18LeaderboardMessageC2EiiPK9LogicDataP6StringP14LogicArrayListIP12RankingEntryEiiiiS4_,0x9c
0x51bdd0,_ZN16HelpshiftManager14updateMetadataEv,0x9b0
0x51c780,_ZNK15LogicLocaleData30getLaserboxCommunityStagingUrlEv,0x48
0x51c7c8,_ZN9OutStream13writeInternalEh,0x138
0x51c900,_deflateInit_,0x1c
0x51c91c,_ZN6icu_5813UnicodeString9doReplaceEiiPKtii,0x3dc
0x51ccf8,_ZNK28TencentBillingRequestMessage14getMessageTypeEv,0x8
0x51cd00,_ZN16ServerConnection24debugResetAllAccountDataEv,0x50
0x51cd50,_ZN8SkinItemD2Ev,0x14
0x51cd64,_ZNK3GUI12getNamePopupEv,0x98
0x51cdfc,_ZN14LoginOkMessage21removeGoogleServiceIdEv,0x10
0x51ce0c,_ZN9MovieClip21gotoAndStopFrameIndexEi,0x78
0x51ce84,_ZN16DebugInputWindow11onTextInputERK6String,0x50
0x51ced4,_ZNSt6__ndk110__function6__funcIZN11scTaskQueue3runIZN8TestCase17getStagePointSizeEvE4$_11EENS_13invoke_resultIT_JEE4typeES7_EUlvE_NS_9allocatorISA_EEFvvEEclEv,0xb0
0x51cf84,_ZN10HomeScreen20heroStarPowerChangedEPK18LogicCharacterDataPK13LogicCardData,0x8c
0x51d010,_ZN12TencentLogin9wGOpenUrlE6String,0x4
0x51d014,_ZN13ShopBgElement14isFullyVisibleEv,0x84
0x51d098,_ZN9AntiCheatC2Ev,0xbc
0x51d154,_ZN10ScoreEntry6encodeEP15ChecksumEncoder,0x6c
0x51d1c0,_ZN5UITabD0Ev,0x58
0x51d218,_ZN11SocialPopup6addBtnEP16DropGUIContainerRK6StringS4_P9MovieClip,0x84
0x51d29c,_ZN6icu_5813UnicodeString9getBufferEi,0x68
0x51d304,_ZL24collect_features_myanmarP21hb_ot_shape_planner_t,0x1e0
0x51d4e4,_ZN12DeleteScreenD2Ev,0x44
0x51d528,_ZN10DoubleItemD2Ev,0x8c
0x51d5b4,_ZNK14LogicDataTable11getCSVTableEv,0x8
0x51d5bc,_ZN14ShadowRenderer5sweepEf,0x3cc
0x51d988,_ZNK22LogicLocationThemeData22getRespawningForestSCWEv,0x10
0x51d998,_ZNK26LogicDeviceLinkDoneMessage12getAccountIDEv,0x8
0x51d9a0,_ZN14LogicDataTable9loadTableEP8CSVTable,0xc8
0x51da68,_ZN25DeviceLinkEnterCodeScreenD0Ev,0x78
0x51dae0,_ZNK6icu_5810UCharsTrie7currentEv,0x38
0x51db18,_Z13_markJavaFuncP8JavaFunc,0x70
0x51db88,_ZNK20LogicHeroSeenCommand6encodeEP15ChecksumEncoder,0x40
0x51dbc8,_ZN17RemoveFriendPopupD2Ev,0x44
0x51dc0c,_ZNSt6__ndk110__function6__funcIZN19SupercellIdCallback12setShopItemsEP8_jobjectP13_jobjectArrayS6_S6_E4$_21NS_9allocatorIS7_EEFvvEE18destroy_deallocateEv,0x4
0x51dc10,_ZN4Shop28refreshShortcutNotificationsEb,0x1b8
0x51ddc8,_ZN11StringTable23getExistingTidOrDefaultEPKcS1_,0x40
0x51de08,_ZN5titan3com9supercell5titan11SupercellId14showErrorPopupERK6String,0xac
0x51deb4,_utrie_close_58,0x50
0x51df04,_ZN5Debug13hasPrimitivesEv,0x8
0x51df0c,_ZNKSt6__ndk110__function6__funcIZN11AndroidMain15_gameForegroundEvE4$_15NS_9allocatorIS3_EEFvvEE7__cloneEPNS0_6__baseIS6_EE,0x18
0x51df24,_ZN15sc3dWorldSprite26renderWendelsteinParticlesEP5Stage,0x168
0x51e08c,_ZN17LogicGameModeUtil21revealMapWhenGameOverEi,0x28
0x51e0b4,_ZN16LogicSkillServer24getSkillRangeAddFromHoldEPK14LogicSkillDatai,0x7c
0x51e130,_ZN15ResourceManager7getMeshEPKcS1_,0x8
0x51e138,_ZNK18LogicCharacterData13getShadowSkewEv,0x8
0x51e140,_ZN12ShopItemAnimD2Ev,0x4c
0x51e18c,_ZN16FacebookATTPopupC2Ev,0x1c8
0x51e354,_ZN15MovieClipHelper19centerMultilineTextEP9TextFieldb,0x6c
0x51e3c0,_u_versionFromString_58,0xc4
0x51e484,_ZN24LocalNotificationManager16destructInstanceEv,0xc0
0x51e544,_ZN24StretchableContextBubbleD0Ev,0x44
0x51e588,_ZN11SoundSystem16externalPostInitEv,0x40
0x51e5c8,_ZN11AndroidMain7onStartEv,0xf8
0x51e6c0,_ZN11BasePageGUI9setScrollEf,0xf0
0x51e7b0,_ZN23LineAccountBoundMessageC2Ev,0x38
0x51e7e8,_ZNKSt6__ndk110__function6__funcIZN11AndroidMain9_gameStopEvE4$_17NS_9allocatorIS3_EEFvvEE6targetERKSt9type_info,0x1c
0x51e804,_ZN5DecalC2EiiiiiP12RenderSystemRK6String,0x10c
0x51e910,_ZN9BitStream13writeIntMax31Ei,0x8
0x51e918,_ZNK30LogicDeleteNotificationCommand6encodeEP15ChecksumEncoder,0x48
0x51e960,_ZN15LogicDataTables16getDataFromTableEii,0x30
0x51e990,_ZL24characterIteratorCurrentP13UCharIterator,0x5c
0x51e9ec,_ZNK11LatencyData24selectNextConnectionTypeEix,0x3c
0x51ea28,_ZN31LogicCancelPurchaseOfferCommandC2Eii,0x40
0x51ea68,_ZN16ServerConnection11saveAccountENS_10ServerTypeERK6Stringii,0x260
0x51ecc8,_ZN8KeyCache14removeKeyValueERK6String,0x118
0x51ede0,_ZN27YoozooBillingRequestMessageC2Ei,0x40
0x51ee20,_ZN17LogicLocalization17constructInstanceEPK8CSVTable,0xbc
0x51eedc,_ZN15FacebookManagerD0Ev,0x24
0x51ef00,_ZN9TeamEntry18getMemberCountSideEi,0x98
0x51ef98,_ZN9Animation15initializeBonesEv,0xc
0x51efa4,_ZN24NativeHTTPClientCallback11getFinishedEbiPKvii,0xc8
0x51f06c,_ZN26LookingForATeamMemberPopup6updateEf,0xbc
0x51f128,_ZN15ResourceManager15checkForUpdatesEPK15LogicJSONObjectPNSt6__ndk16vectorI6StringNS3_9allocatorIS5_EEEE,0x3f8
0x51f520,_ZN9Character25getCharacterTeamColorTypeEii,0x9c
0x51f5bc,_nti_iterator_get_line_char_offset,0x1fc
0x51f7b8,_ZL11record_prefPK18hb_ot_shape_plan_tP9hb_font_tP11hb_buffer_t,0xe8
0x51f8a0,_ZNSt6__ndk110__function6__funcIZN19SupercellIdCallback31setPendingRegistrationWithPhoneEP8_jobjectRK6StringE4$_10NS_9allocatorIS8_EEFvvEE7destroyEv,0x8
0x51f8a8,_ZN13DebugMenuBaseC2EPKcS1_,0x3f4
0x51fc9c,_ZN12LoginMessage12removeDeviceEv,0x10
0x51fcac,_ZN22TeamClearInviteMessageC2Ev,0x34
0x51fce0,_ZN11LogicPlayer10setPrevPosEii,0x8
0x51fce8,_ZN6CSVRow8destructEv,0xc
0x51fcf4,_ZN22LogicUnlockSkinCommand6decodeEP10ByteStream,0x30
0x51fd24,_ZN6scFileC2EPKcim,0x8
0x51fd2c,_ZNKSt6__ndk110__function6__funcIZN32NativeFacebookConnectionCallback6loggedERK6StringS5_E3$_1NS_9allocatorIS6_EEFvvEE7__cloneEPNS0_6__baseIS9_EE,0x6c
0x51fd98,_ZNK20LogicCharacterClient8getStateEv,0x8
0x51fda0,_hb_set_destroy,0x9c
0x51fe3c,_ZN18LatencyTestSessionC2EP24LatencyTestConfigurationPK9LogicLong,0xe4
0x51ff20,_XzCheck_Update,0x64
0x51ff84,_ZN12TencentLogin10switchUserEb,0x1c
0x51ffa0,_ZN12LogicTileMap21fillTeleportPositionsEv,0x514
0x5204b4,_ZNK20EndClientTurnMessage14getMessageTypeEv,0x8
0x5204bc,_ZNK16QuestListHandler12getQuestItemEi,0x28
0x5204e4,_ZN15sc3dWorldObject19setProjectionOffsetEfff,0x44
0x520528,_ZN20LogicBattlePlayerMap6decodeEP10ByteStream,0x258
0x520780,_ZNK16ServerConnection17isAnyAccountSavedEv,0x34
0x5207b4,_ZNK10BattleMode17isPlayingTutorialEv,0x30
0x5207e4,_ZN16ByteStreamHelper19decodeLogicLongListEP10ByteStreami,0x26c
0x520a50,_ZN14ChatStreamBaseD2Ev,0x78
0x520ac8,_ZN16ScreenProperties26getProjectionRotationAngleEv,0x8
0x520ad0,_ZL31hb_font_get_glyph_v_kerning_nilP9hb_font_tPvjjS1_,0x8
0x520ad8,_ures_getUInt_58,0x4c
0x520b24,_ZN12LoginMessage21setClientMajorVersionEi,0x8
0x520b2c,_ZN19AllianceHeaderEntry8setScoreEi,0x8
0x520b34,_ZN19AllianceDataMessage8destructEv,0x44
0x520b78,_ZN15MapEditorScreen5enterEv,0xf98
0x521b10,_ZNK26RankedMatchPickHeroMessage14getMessageTypeEv,0x8
0x521b18,_Java_com_supercell_titan_GameApp_setTencentUserInfo,0x384
0x521e9c,_ZN11wendelstein23ComponentListSerializer7reflectERN8Databind9ReflectorEP16ResourceListenerPvPK13DatabindField,0x2ec
0x522188,_ZN31PurchaseOfferBundlePopupHandlerD0Ev,0xf8
0x522280,_ZN10PlayerIconD2Ev,0x40
0x5222c0,_ZNKSt6__ndk110__function6__funcIZ43Java_com_supercell_titan_Kakao_inviteResultE3$_2NS_9allocatorIS2_EEFvvEE7__cloneEPNS0_6__baseIS5_EE,0x28
0x5222e8,_ZN23FloaterTextNotification6encodeEP15ChecksumEncoder,0x4
0x5222ec,_ZNSt6__ndk110__function6__funcIZN10HeroSprite9HeroEntry15updateAnimationEfE3$_0NS_9allocatorIS4_EEFNS_8functionIFvvEEEvEED0Ev,0x4
0x5222f0,_ZNK19LogicCommandManager30isCommandAllowedInCurrentStateEP12LogicCommand,0xf8
0x5223e8,_ZN9ShopPopup17playerDataChangedEv,0x8
0x5223f0,_ZN8Databind15JSONInReflector8popStackEv,0xe0
0x5224d0,_ZN10LogicGoals8getLevelEiii,0xc0
0x522590,_ZN9CSVColumn11addIntValueEi,0x134
0x5226c4,_ZN20AllianceTeamsMessage6encodeEv,0x80
0x522744,_ZNK16LogicSkillServer6encodeEP9BitStreambPK20LogicCharacterServer,0xd4
0x522818,_ZN6StringC2ERKS_S1_,0x70
0x522888,_ZN14LogicPlayerMapC2Ev,0x4c
0x5228d4,_ZN18LoginFailedMessage17setContentURLListEP14LogicArrayListIP6StringE,0x8
0x5228dc,_ZN29CoinDoublerRewardNotification8destructEv,0x24
0x522900,_ZN10HeroSpriteD2Ev,0xc4
0x5229c4,_ZN14BattleEndPopup17isChallengeDefeatEv,0x64
0x522a28,_ZN43LogicBrawlPassAutoCollectWarningSeenCommand6decodeEP10ByteStream,0x38
0x522a60,_ZN14BattleTutorial6updateEfP23LogicCharacterClientOwn,0x2b0
0x522d10,_ZN14HelpshiftTitan7showFAQEv,0x98
0x522da8,_ZN5lzham25adaptive_arith_data_model17reset_update_rateEv,0x4
0x522dac,_ZN5titan7android7content7Context16getSystemServiceERK6String,0xb4
0x522e60,_ZN15MapEditorScreen11getInstanceEv,0xc
0x522e6c,_ZN17OnlineTeamupPopupC2Eii,0x720
0x52358c,_Z28getClosestPointPointTriangleRK7Vector2IfES2_S2_S2_RS0_,0x238
0x5237c4,_ZN11StringTable15getEnglishIndexEv,0x74
0x523838,_ZNK17ChatOptionsSlider19isSliderAnimPlayingEv,0x20
0x523858,_ZNK6icu_5822UCharCharacterIterator9current32Ev,0x9c
0x5238f4,_ZN17MyAllianceMessage6decodeEv,0x7c
0x523970,_ZNSt6__ndk110__function6__funcIZN19SupercellIdCallback11loadAccountEP8_jobjectRK6StringS7_S7_bE3$_2NS_9allocatorIS8_EEFvvEE18destroy_deallocateEv,0x38
0x5239a8,_ZNK8HomePage19shouldShowTeamItemsEv,0xb4
0x523a5c,_hb_ot_layout_lookup_substitute_closure,0x18c
0x523be8,_ZN25UnbindKakaoAccountMessage8destructEv,0x4
0x523bec,_ZN19SuggestBrawlerPopup7refreshEv,0x1d0
0x523dbc,_ZNK12LogicVector37isEqualEPKS_,0x40
0x523dfc,_ZN22AskForBattleEndMessage8destructEv,0x78
0x523e74,_ZN11AndroidMainC2Ev,0x74
0x523ee8,_ZN9xMatrix4429getRayThroughPixelPerspectiveEffffRKS_S1_R7Vector3IfES4_,0x154
0x52403c,_ZN22BuyChallengeLivesPopupD0Ev,0x58
0x524094,_ZNK12BattleScreen14getShootStickYEv,0x8
0x52409c,_ZN5lzham18lzham_decompressor32reset_huffman_table_update_ratesEv,0x58
0x5240f4,_ZN18LogicClientGlobals16createReferencesEv,0x4ed8
0x528fcc,_ZNK15LogicEffectData20getShakeScreenOthersEv,0x8
0x528fd4,_ZN23LogicMessagingConstantsC2Ev,0x4
0x528fd8,_uhash_setResizePolicy_58,0x68
0x529040,_ZNK16GameStateManager14isChangingModeEv,0x10
0x529050,_ZN12jpeg_decoder18check_quant_tablesEv,0x50
0x5290a0,_ZN16LogicSkillClient10getNameTIDEv,0x8
0x5290a8,_ZN31TeamAllianceMemberInviteMessage6encodeEv,0x44
0x5290ec,_ZN15MapEditorScreen4redoEv,0x10c
0x5291f8,_ZN5tween4Expo7easeOutEffff,0x5c
0x529254,_ZNK10SCIDConfig9getObjectERK6String,0x5c
0x5292b0,_ZN11RenderQueue10sortChunksERNSt6__ndk16vectorINS_5ChunkENS0_9allocatorIS2_EEEEiNS_7SortingE,0x74
0x529324,_ZN35AllianceInvitationAvatarStreamEntry13setAllianceIdEP9LogicLong,0x8
0x52932c,_ZN8TestCase17touchStageAtCoordEff,0x68
0x529394,_ZN12LocationItem13buttonClickedEP12CustomButton,0x204
0x529598,_ZL18data_create_hangulPK18hb_ot_shape_plan_t,0x124
0x5296bc,_ZN17LogicSkinConfData19setGadgetActiveAnimERK6String,0x14
0x5296d0,_ZN17scCryptoBoxFilterD2Ev,0xf4
0x5297c4,_ZNSt6__ndk110__function6__funcIZN10SWFTexture4loadEP12SupercellSWFbibbbbRK6StringE3$_0NS_9allocatorIS8_EEFvvEE7destroyEv,0x4
0x5297c8,_ZN17HighscoreHeroList15createHeroItemsEv,0x320
0x529ae8,_ZN15MapEditorScreen11refreshTileEii,0xb8
0x529ba0,_lv1_detect_frida_server__ZL23create_detection_threadv,0x9c
0x529c3c,_ZN13DisplayObjectC2Ev,0x48
0x529c84,_ZNKSt6__ndk110__function6__funcIZN11scTaskQueue3runIZN7GLImage6createEPKhi9ImageWrap11ImageFilterE3$_5EENS_13invoke_resultIT_JEE4typeESB_EUlvE_NS_9allocatorISE_EEFvvEE7__cloneEPNS0_6__baseISH_EE,0x18
0x529c9c,_ZN21AddableFriendsMessage19removeFriendEntriesEv,0x10
0x529cac,_ZN12GenericPopup21moveCloseButtonToLeftEv,0x54
0x529d00,_ZN10HomeScreen15doOfflineGatchaEiPK18LogicCharacterDataPK13LogicSkinData,0x2118
0x52be18,_ZN8SelfhelpC2Ev,0x80
0x52be98,_ZN14AllianceScreenD2Ev,0x20
0x52beb8,_ZN5tween7Tweener11removeTweenEPNS_12TweenerParamE,0x114
0x52bfcc,_ZN26LogicVanityItemSeenCommandC2Ev,0x30
0x52bffc,_ZN15LogicLocaleData8destructEv,0x24
0x52c020,_ZN14scMemoryHandle12createBufferEm,0xb8
0x52c0d8,_ZN18LogicCarryableDataC2EP6CSVRowP14LogicDataTable,0x2c
0x52c104,_ZNK20AllianceTeamsMessage14getMessageTypeEv,0x8
0x52c10c,_ZN7SCWFile14clearMeshCacheEv,0x84
0x52c190,_ZN14RankedGoalItem11getRankTextEi,0x2c
0x52c1bc,_ZN9Character19setDefault2DOutlineEv,0x70
0x52c22c,_ZNK23GetPlayerProfileMessage14getMessageTypeEv,0x8
0x52c234,_ZN15TeamChatMessage8destructEv,0x3c
0x52c270,_ZN18AddableFriendEntry16removeFacebookIdEv,0x10
0x52c280,_ZNK18LogicCharacterData22getShowPetInHeroScreenEv,0x10
0x52c290,_ZN12BattleScreen15markSpawnPointsEiPK12LogicTileMap,0x1a0
0x52c430,_hb_ot_layout_table_get_script_tags,0x1a8
0x52c5d8,_ZNK6scFile8readByteEv,0x34
0x52c60c,_ZNK5Scene23getCameraTransformationEi,0x14
0x52c620,_hb_face_reference_blob,0x30
0x52c650,_ZN14AllianceStream15setAllianceInfoEPK19AllianceHeaderEntry,0x4
0x52c654,_ZN17TencentLoginState21toggleCheckAgreementsEv,0xdc
0x52c730,_stbi_set_unpremultiply_on_load,0xc
0x52c73c,_ZN14SettingsScreen16isTencentEnabledEv,0x38
0x52c774,_ZN46TencentAntiAddictionInstructionExecutedMessage6decodeEv,0x2b4
0x52ca28,_Z24latencyDataSortByLatencyP11LatencyDataS0_,0x10
0x52ca38,_ZN30LookForATeamMemberConfirmPopupD2Ev,0x7c
0x52cab4,_ZN28scHapticFeedbackImpl_Android7prepareEv,0x4
0x52cab8,_ZN29ChangeAllianceSettingsMessage15getAllianceTypeEv,0x8
0x52cac0,_ZN8KeyCache5clearEv,0x3c
0x52cafc,_SecToRead_Read,0xc
0x52cb08,_ZN17GameObjectManagerC2EPK28LogicGameObjectManagerClientP12RenderSystem,0x40
0x52cb48,_ZL11isNormInertRK14BinaryPropertyi9UProperty,0x84
0x52cbcc,_lv1_detect_frida_server__ZL8snprintfPcU17pass_object_size1mPKcz,0x104
0x52ccd0,_ZN6icu_589BytesTrie18getNextBranchBytesEPKhiRNS_8ByteSinkE,0x1f4
0x52cec4,_ZN13NotifyLevelUpD2Ev,0x14
0x52ced8,_ZN25PepperPerMessageEncrypter9calcNonceERN12PepperCrypto9SecureKeyILm24EEEPKh,0x2f4
0x52d1cc,_ZN11StringTable11replaceTextEP9TextFieldRK6String,0xdc
0x52d2a8,_ZN26AllianceKickOutStreamEntryC2Ev,0x38
0x52d2e0,_ZNK11LogicPlayer5cloneEv,0xd8
0x52d3b8,_ZNK24LogicParticleEmitterData19getParticleMaxAngleEv,0x10
0x52d3c8,_ZThn96_N16ClanMessagePopup13buttonClickedEP12CustomButton,0x8
0x52d3d0,_ZN20LogicRawOutReflector13reflectObjectEPKc,0x28
0x52d3f8,_ZN20LogicJSONInReflector14reflectJSONPtrEP13LogicJSONNodePKc,0xd4
0x52d4cc,_ZN15DownloadManager16destructInstanceEv,0x34
0x52d500,_ZN16ServerConnection24isScidLoginPromptEnabledEv,0x98
0x52d598,_ZN33RankedMatchBanHeroResponseMessage6encodeEv,0x50
0x52d5e8,_ZN9BitStream24readPositiveIntMax131071Ev,0x3e8
0x52d9d0,_ZN20UIGetParentMovieClipD0Ev,0x40
0x52da10,_ZThn96_N12MapEditorHUD13buttonClickedEP12CustomButton,0x8
0x52da18,_Java_com_supercell_titan_SupercellId_avatarImageData,0x78
0x52da90,_unorm2_append_58,0xc
0x52da9c,_ZNK12BattleScreen10isModeOverEi,0xac
0x52db48,_ZN6FriendC2Ev,0xd8
0x52dc20,_ZN13ListContainerC2EP9MovieClipiiiRK6StringS4_S4_,0x4b4
0x52e0d4,_ZN18ServerHelloMessageC2Ei,0x34
0x52e108,_ZNSt6__ndk110__function6__funcIZZN10HeroSprite9HeroEntry15updateAnimationEfENK3$_0clEvEUlvE_NS_9allocatorIS5_EEFvvEED0Ev,0x4
0x52e10c,_ZN16LogicOfferBundleC2EP10ByteStream,0x354
0x52e460,_ZN15DraggableButton10updateDragEv,0x4
0x52e464,_ZNK18LogicAnimationData10getLoopingEv,0x8
0x52e46c,_ZN19AllianceListMessage6encodeEv,0x94
0x52e500,_ZN25DeviceLinkEnterCodeScreen6updateEf,0x7c
0x52e57c,_ZN9TextField25getInsertPointForPositionEff,0xd8
0x52e654,_ZN15LogicDataTables11getDustDataEv,0xc
0x52e660,_ZN18LogicMapEditorMode15setPlayerAvatarEPK17LogicClientAvatar,0x8
0x52e668,_ZNK8CSVSaver18getLineStartBlanksEi,0x70
0x52e6d8,_ZN15LaserBoxManager15getPlayerParamsERNSt6__ndk16vectorI6StringNS0_9allocatorIS2_EEEEb,0x9e0
0x52f0b8,_ZN8Databind12DatabindTree4loadEv,0x8
0x52f0c0,_ZNKSt6__ndk110__function6__funcIZN11scTaskQueue3runIZN8TestCase17getStagePointSizeEvE4$_11EENS_13invoke_resultIT_JEE4typeES7_EUlvE_NS_9allocatorISA_EEFvvEE6targetERKSt9type_info,0x1c
0x52f0dc,_ZN3MD56encodeEPhPKjj,0x54
0x52f130,_ZN29JoinAllianceUsingTokenMessage13setAllianceIdEP9LogicLong,0x8
0x52f138,_ZN11SkinPreview12setAnimationEii,0x88
0x52f1c0,_ZN22LaserDataLoaderTexture15TextureModifier22getAvailableOperationsEv,0x7c
0x52f23c,_ZNKSt6__ndk110__function6__funcIZN19SupercellIdCallback18openSelfHelpPortalEP8_jobjectE4$_12NS_9allocatorIS5_EEFvvEE7__cloneEv,0x38
0x52f274,_ZN11SocialPopup7refreshEv,0x210
0x52f484,_ZNK23AttributionEventMessage14getMessageTypeEv,0x8
0x52f48c,_ZN11LogicQuests15moveAllQuestsToEPS_,0x1e0
0x52f66c,_ZNK17scCryptoBoxFilter4readEPvm,0x84
0x52f6f0,_ZN25BrawlTvChannelListMessage8destructEv,0x98
0x52f788,_ZN10HomeScreen21removeTeamStreamEntryEPK9LogicLong,0x38
0x52f7c0,_ZN17LogicSkinConfData16setHappyLoopAnimERK6String,0x14
0x52f7d4,_ZN22BattleEndSubScreenBase20initScreenContainersERK6String,0x1cc
0x52f9a0,_ZN20LogicCharacterServer19aiUpdateSeenEnemiesEv,0x38c
0x52fd2c,_ZNKSt6__ndk110__function6__funcIZN8TestCase18swipeAllDirectionsEP13DisplayObjectE4$_23NS_9allocatorIS5_EEFbvEE7__cloneEv,0x38
0x52fd64,_ZN8Databind16JSONOutReflector13reflectObjectERK6String,0x6c
0x52fdd0,_ZN10GameButton19setDiamondPriceTextEP9TextFieldii,0x84
0x52fe54,_ZN15LogicDataTables23getRankedRankDataByRankEi,0x90
0x52fee4,_ZN28UdpBigMessageFragmentMessageC2Ei,0x40
0x52ff24,_ZN11VanityItems10isSelectedEPK9LogicData,0x7c
0x52ffa0,_ZN13QuestionPopUp6updateEf,0x140
0x5300e0,_ZN19DebugPerformanceHud5clearEv,0x38
0x530118,_ZN13EffectManager21addEffectNoLoopScreenEPK15LogicEffectDataffbbPK14GameObjectBasebi,0xc8
0x5301e0,_ZN25ClientCapabilitiesMessage6encodeEv,0x28
0x530208,_ZN11wendelstein17MovieClipRendererC2Ev,0x7c
0x530284,_ZN13BattleLogItem27getOwnTeamMemberPlayerEntryEi,0xac
0x530330,_ZNSt6__ndk110__function6__funcIZ50Java_com_supercell_titan_GameApp_handleDeeplinkURLE3$_0NS_9allocatorIS2_EEFbvEE18destroy_deallocateEv,0x4
0x530334,_ZN11CustomEventC2EP10ByteStream,0xa0
0x5303d4,_ZN10SCTuneImpl8addColorEPK6CSVRowiRK6StringPiPKcP20SCTuneChangeListenerib,0x68
0x53043c,_uhash_put,0x3bc
0x5307f8,_ZN13LogicSkinData18getConfDataMutableEv,0x8
0x530800,_ZN19AvatarStreamMessageC2Ei,0x30
0x530830,_ZN5titan3com9supercell5titan15UnbotifyManager11setAppTokenERK6String,0x8c
0x5308bc,_ZN16LogicReflectable18getReflectableNameEPKS_,0x80
0x53093c,_ZN17OnlineFriendsListD0Ev,0x6c
0x5309a8,_ZN11AndroidMain12onTouchEventE14TouchEventTypeiii,0x3dc
0x530d84,_ZN26ChampionshipChallengePopup17getRemainingLivesEv,0x48
0x530dcc,_ZNK16QuestListHandler17getCompletedCountEv,0x9c
0x530e68,_ZN14ChatStreamBase15returnOwnershipEPK21ChatStreamOwnerHandle,0x48
0x530eb0,_ZN15ResourceManager18hasQueuedResourcesEv,0x14
0x530ec4,_hb_buffer_guess_segment_properties,0xe0
0x530fa4,_ZN9Character18playUltiGainEffectEv,0x2c
0x530fd0,_ZN29AvatarNameCheckRequestMessage8destructEv,0x3c
0x53100c,_ZN5lzham22generate_huffman_codesEPvjPKtPhRjS4_,0x854
0x531860,_ZNK18LogicCharacterData19getAttackSpeedTicksEv,0x8
0x531868,_ZN29LogicReflectableContainerBase16removeItemActionEP16LogicReflectable,0x4
0x53186c,_ZN10HomeScreen12heroSelectedEPK18LogicCharacterData,0x10
0x53187c,_ZNK14StreamItemList9isVisibleEv,0x44
0x5318c0,_ZN11RenderQueue11flushChunksERNSt6__ndk16vectorINS_5ChunkENS0_9allocatorIS2_EEEEiNS_14DepthWriteModeEP8MaterialNS_12OverrideModeEiPNS_14CustomRendererE,0x898
0x532158,_ZNK18LogicCharacterData6isHeroEv,0x10
0x532168,_ZNK12LogicRewards18getItemCountInTypeEi,0x94
0x5321fc,_IA64_Convert,0x49c
0x532698,_ZN5lzham12symbol_codec15record_put_bitsEjj,0x98
0x532730,_ubidi_getMemory_58,0x84
0x5327b4,_ZN14BattleEndPopup16deleteQuestIconsEv,0xc8
0x53287c,_ZL31hb_font_get_glyph_h_advance_nilP9hb_font_tPvjS1_,0x8
0x532884,_ZNK12MovieClipRef10getSWFNameEv,0x4
0x532888,_ZN5titan4java4util7HashMap3putERKNS0_4lang6ObjectES6_,0x1c4
0x532a4c,_Z22extractLinkFromSchemesRK6String,0x29c
0x532ce8,_ZN16TeamLeaveMessageC2Ev,0x30
0x532d18,_uhash_geti_58,0x11c
0x532e34,_ZNK12RenderSystem10getTileMapEv,0x40
0x532e74,_ZNK19LogicProjectileData17piercesCharactersEv,0x8
0x532e7c,_ZN7PageGUI10switchPageEi,0xc4
0x532f40,_ZN16DropGUIContainer15createContainerEP9MovieClipRK6String,0x84
0x532fc4,_ZN22SubmitPlayerMapMessage18getServiceNodeTypeEv,0x8
0x532fcc,_ZNSt6__ndk110__function6__funcIZN11scTaskQueue3runIZN8TestCase17releaseStageTouchEvE3$_4EENS_13invoke_resultIT_JEE4typeES7_EUlvE_NS_9allocatorISA_EEFvvEED0Ev,0x4
0x532fd0,_ZThn336_NK19SuggestBrawlerPopup18getTopMarginHeightEv,0x8
0x532fd8,_ZNK21LogicSkinCampaignData10getInfoTIDEv,0x10
0x532fe8,_ZNKSt6__ndk110__function6__funcIZN32NativeFacebookConnectionCallback20loginFailedWithErrorERK6StringS5_E3$_0NS_9allocatorIS6_EEFvvEE7__cloneEv,0x48
0x533030,_ZN10InboxPopup16getEntriesForTabEi,0x464
0x533494,_ZNK6icu_586UStack17getDynamicClassIDEv,0xc
0x5334a0,_ZNK6icu_5813UnicodeString14getChar32StartEi,0x84
0x533524,_ZNK18LogicHealthBarData24getYourTeamExportNameTopEv,0x10
0x533534,_ZN11HighlighterD2Ev,0x34
0x533568,_uprv_fmax_58,0x60
0x5335c8,_ZN16DeviceLinkWindow16isFeatureEnabledEv,0x8
0x5335d0,_ZN6icu_5816ReorderingBuffer12skipPreviousEv,0x40
0x533610,_ZN8Renderer18renderTestTriangleEfff,0xd8
0x5336e8,_ZN9Animation18forceCurrentWeightEf,0x8
0x5336f0,_ZN12SoundManager9playSoundEPK14LogicSoundDataffifi,0x7e0
0x533ed0,_ZNK9LogicTile20isPassablePathFinderEiiibb,0x70
0x533f40,_ZNK14LogicEmoteData23getIsDefaultBattleEmoteEv,0x10
0x533f50,_ZN15MovieClipHelper32allChildrenGotoAndPlayFrameIndexEP9MovieClipii,0x94
0x533fe4,_ZN6icu_5813Norm2AllModes18getNFKC_CFInstanceER10UErrorCode,0x12c
0x534110,_ZN19LogicRawInReflector15reflectNextBoolEb,0x10
0x534120,_ZNSt6__ndk110__function6__funcIZN11scTaskQueue3runIZN7GLImage6createEPKcS6_9ImageWrap11ImageFilterE3$_6EENS_13invoke_resultIT_JEE4typeESB_EUlvE_NS_9allocatorISE_EEFvvEEclEv,0x40
0x534160,_ZN26ChampionshipChallengePopup28getCompletionRewardFromEventEv,0x44
0x5341a4,_ZNKSt6__ndk110__function6__funcIZN19SupercellIdCallback31setPendingRegistrationWithEmailEP8_jobjectRK6StringbE3$_9NS_9allocatorIS8_EEFvvEE11target_typeEv,0xc
0x5341b0,_ZN20PlayerMapRenamePopup10inputEndedEP14GameInputField,0x98
0x534248,_ZNK22AccountSwitchedMessage22isMoveOpenIdIfPossibleEv,0x8
0x534250,_ZN14SettingsScreen15hasWechatButtonEv,0x64
0x5342b4,_ZN22TeamSetLocationMessage6encodeEv,0x44
0x5342f8,_ZN31LogicPurchaseDoubleCoinsCommand8destructEv,0x4
0x5342fc,_ZN8HeroList24createDefaultHeroItemsToEP14LogicArrayListIP8HeroItemE,0x394
0x534690,_ZN15ChecksumEncoder12writeBooleanEb,0x2c
0x5346bc,_ZN20LogicCharacterServer17triggerAreaEffectEPK19LogicAreaEffectDataiiii,0xbc
0x534778,_ZN12KakaoManager9hibernateEb,0x64
0x5347dc,_ZN19LogicSkinRarityData8destructEv,0x4
0x5347e0,_ZNK22ClientContentValidator25flushValidationOutputLineERK6StringP7__sFILE,0xbc
0x53489c,_inflateInit2__0,0xf0
0x53498c,_ZN9EntryInfo21setSkinInfoVisibilityEP9MovieClipPK13LogicSkinDataib,0x9c
0x534a28,_ZN26ChampionshipChallengePopup13buttonClickedEP12CustomButton,0x258
0x534c80,_ZN17LocalNotification15addNotificationERK6StringS2_iS2_,0x254
0x534ed4,_ZN8HomePage17isPvpTeamShowdownEv,0x70
0x534f44,_ZpliRK6String,0xe8
0x53502c,_ZN11FaceTexture9preRenderEv,0x304
0x535330,_ZN15LogicDataTables18getCardForMetaTypeEPK18LogicCharacterDatai,0xc4
0x5353f4,_ZN13SceneRenderer13initShadowMapEv,0x2a8
0x53569c,_ZNK13LogicDataSlot8toStringEv,0x98
0x535734,_ZN6Friend11setAvatarIdEP9LogicLong,0x30
0x535764,_ZN5titan3com9supercell5titan15PurchaseManager10addProductERK6StringS6_iiS6_iS6_,0x110
0x535874,_ZNK12LogicVector224getDistanceSquaredHelperEii,0x5c
0x5358d0,_ZNKSt6__ndk110__function6__funcIZN19EnvironmentRenderer6renderER9Matrix2x3R14ColorTransformifE3$_2NS_9allocatorIS7_EEFvvEE7__cloneEPNS0_6__baseISA_EE,0x20
0x5358f0,_uprv_tzname_58,0x208
0x535af8,_ZN6Kunlun9IsWeekendEPKl,0x54
0x535b4c,_ZN6icu_589UVector325_initEiR10UErrorCode,0x80
0x535bcc,_ZN6Kunlun15IsForcedWorkdayEPKlRKNSt6__ndk16vectorIiNS2_9allocatorIiEEEE,0x9c
0x535c68,_ZN16ServerConnection16changeAvatarNameERK6String,0x9c
0x535d04,_ZNK21LogicGameObjectClient11getPositionEv,0x8
0x535d0c,_ZN19TeamSetEventMessage8destructEv,0x24
0x535d30,_ZN18DeliveryCardsPopup20prepareGemsExecutionEv,0x238
0x535f68,_ZNK6icu_5813UnicodeString23doCompareCodePointOrderEiiPKtii,0xbc
0x536024,_ZNK10MapPreview22getForegroundTileClipsEiiPK13LogicTileDataRP9MovieClipRK6StringiiPK22LogicLocationThemeDataPK14LogicMapLoaderi,0x10e0
0x537104,_ZNSt6__ndk110__function6__funcIZ68Java_com_supercell_titan_PurchaseManager_updateBillingProductDetailsP7_JNIEnvP7_jclassP8_jstringS7_iE3$_1NS_9allocatorIS8_EEFvvEED0Ev,0x30
0x537134,_ZN15sc3dWorldCamera14isSphereInViewERK7Vector3IfEf,0x58
0x53718c,_ZNK17ReplayStreamEntry15getOpponentNameEv,0x8
0x537194,_ZN4Mesh9beginDrawEP11DynamicMesh,0x164
0x5372f8,_ZL19utf16BEIteratorNextP13UCharIterator,0x40
0x537338,_ZN20scResourceLoadResultC2EPKc,0xa0
0x5373d8,_ZN9xMatrix4435createExpandedPerspectiveProjectionEffffff,0x110
0x5374e8,_ZNK6icu_5821RuleCharacterIterator8_currentEv,0x4c
0x537534,_ZN11AndroidMain19keyboardSizeChangedEff,0x1c0
0x5376f4,_ZNK9CombatHUD13getChatButtonEv,0x8
0x5376fc,_ZNSt6__ndk110__function6__funcIZN8TestCase9touchDownER5TouchE4$_15NS_9allocatorIS5_EEFvvEED0Ev,0x4
0x537700,_ZN12CustomButton17setButtonListenerEP15IButtonListener,0x8
0x537708,_ZN16PlayerMapManager16signoffPlayerMapEPK20LogicBattlePlayerMap,0x9c
0x5377a4,_ZL22_load_installedLocalesv,0x184
0x537928,_ZThn96_N8GameMain12touchPressedERK5Touch,0x8
0x537930,_ZN24UdpConnectionInfoMessage8destructEv,0x5c
0x53798c,_ZN8Databind4Util9getStringEPvPK13DatabindField,0x194
0x537b20,_ZNK15LogicJSONObject3getERK6String,0x80
0x537ba0,_ZN8Databind15JSONInReflector13reflectStringERK6StringS3_S3_,0x64
0x537c04,_ZNSt6__ndk110__function6__funcIZN11wendelstein25makeEmitterParamsMigratorERKNS_6vectorINS_10shared_ptrINS2_17IEmitterComponentEEENS_9allocatorIS6_EEEEE3$_1NS7_ISC_EEFvRNS2_12old_versions15EmitterParamsV0ERNS2_7Emitter13EmitterParamsEEED0Ev,0xa4
0x537ca8,_ZN8DebugHud12showMessagesEb,0xc
0x537cb4,_ZNK21TeamInvitationMessage14getMessageTypeEv,0x8
0x537cbc,_ZN29RankedMatchPickStartedMessageC2Ev,0x4c
0x537d08,_ZN27StarPowerRewardNotification6encodeEP15ChecksumEncoder,0x48
0x537d50,_ZN26QuickChatMessageOptionBase6updateEf,0x64
0x537db4,_ZN29HomeBattleReplayViewedMessage11setReplayIdEP9LogicLong,0x30
0x537de4,_ZN17LogicPoisonServer4tickEP20LogicCharacterServer,0x9c
0x537e80,_ZN13LoadingScreen10touchMovedERK5Touch,0x8
0x537e88,_ZNK14TencentManager43sendAntiAddictionInstructionExecutedMessageERK6StringS2_,0x88
0x537f10,_ZN15GameSCIDManager6logOutEv,0x1c0
0x5380d0,_ZN11Application7openURLERK6String,0x58
0x538128,_ZN12BattleScreen5getXYEPK16GameObjectSpriteRfS3_,0x64
0x53818c,_ZNK9EventData11getLocationEv,0x8
0x538194,_ZN34AskForPlayingTencentFriendsMessageC2Ei,0x30
0x5381c4,_ZN9EntryInfo21displayAbilityPopoverEP12CustomButtoni,0x44c
0x538610,_ZN22TeamRequestJoinMessage8destructEv,0x44
0x538654,_ZN27BattleEndRankedRankUpScreenD2Ev,0xb8
0x53870c,_ZN37AskForPlayingGamecenterFriendsMessage18getServiceNodeTypeEv,0x8
0x538714,_ZN7Profile12ScopedTiming5stackEv,0x1c
0x538730,_ZN16ServerConnection22removeSCIDGuestAccountENS_10ServerTypeE,0x15c
0x53888c,_ZN11SCIDManager17debugClearAllDataERK6String,0x184
0x538a10,_lv1_detect_frida_library__ZL15parse_proc_unixPKcS0_PFviE,0x328
0x538d38,_ZN20SeasonRewardsMessage18getServiceNodeTypeEv,0x8
0x538d40,_ZN18LogicMapEditorMode6updateEff,0x20
0x538d60,_ZNK18DeliveryCardsPopup28allowClosingFromModalTappingEv,0x8
0x538d68,_ZN29LogicToggleInGameHintsCommand8destructEv,0x4
0x538d6c,_ZNK17AllianceTeamEntry6encodeEP10ByteStream,0x1ac
0x538f18,_ZNK17LogicSkinConfData21getHeroScreenLoopAnimEv,0x10
0x538f28,_ZN9CSVColumn13addEmptyValueEv,0x280
0x5391a8,_ZN19DeviceLinkSubScreenC2ERK6StringS2_S2_bS2_,0xc4
0x53926c,_ZN23BattleReportStreamEntry14setRevengeUsedEb,0xc
0x539278,_ZN20NativeSCIDConnection12accountBoundERK6String,0x8
0x539280,_ZNK17scFSAndroidAssets11assetExistsEPKc,0x2c
0x5392ac,_ZN5tween5Quart9easeInOutEffff,0x54
0x539300,_ZN20OnlineFriendsManager6updateEf,0x1b0
0x5394b0,_unorm2_isInert_58,0xc
0x5394bc,_ZNK16LogicRankedMatch9getPlayerEii,0x54
0x539510,_ZNKSt6__ndk110__function6__funcIZN11AndroidMain19keyboardSizeChangedEffE3$_7NS_9allocatorIS3_EEFvvEE7__cloneEPNS0_6__baseIS6_EE,0x18
0x539528,_ZN9CombatHUD26getTextFieldFromContainersERK6String,0x60
0x539588,_ZN26RankedTeamSelectionManager11prePickHeroEPK18LogicCharacterData,0x16c
0x5396f4,_ZNK29LogicPlayerMapEnvironmentData14getMapTemplateEi,0x18
0x53970c,_ZNSt6__ndk110__function6__funcIZN11scTaskQueue3runIZN8TestCase17getVisibleButtonsEvE3$_3EENS_13invoke_resultIT_JEE4typeES7_EUlvE_NS_9allocatorISA_EEFvvEE18destroy_deallocateEv,0x4
0x539710,_ZNKSt6__ndk110__function6__funcIZN7GLImage6createEPKcS4_9ImageWrap11ImageFilterE3$_6NS_9allocatorIS7_EEFvvEE7__cloneEv,0x48
0x539758,_ZN17TextFieldOriginal5cloneEPK12SupercellSWFPK4Rect,0x4
0x53975c,_ZN6icu_5813UnicodeStringC2Ei,0x58
0x5397b4,_uloc_getCurrentLanguageID_58,0xb8
0x53986c,_ZN12KakaoManager17constructInstanceEv,0xcc
0x539938,_ZN22ClientContentValidator18loadLogicResourcesEv,0x1fc
0x539b34,_ZpldRK6String,0x64
0x539b98,_ZN19AcceptFriendMessage8destructEv,0x4
0x539b9c,_ZN11AndroidMain14destroySurfaceEv,0x248
0x539de4,_ZN7UserTapD2Ev,0x14
0x539df8,_ZL11pic_readvalP4stbiiPh,0x2b0
0x53a0a8,_Java_com_supercell_titan_SupercellId_friends,0xc
0x53a0b4,_ZThn96_N17AnimationInstance10setLoopingEb,0xc
0x53a0c0,_ZN24TextInputVirtualKeyboard12showKeyboardEv,0x64
0x53a124,_hb_buffer_get_segment_properties,0xc
0x53a130,_ZN14TencentManager16destructInstanceEv,0x34
0x53a164,_ZNKSt6__ndk110__function6__funcIZN6Shader4loadEPKcS4_PS4_iE3$_0NS_9allocatorIS6_EEFvvEE11target_typeEv,0xc
0x53a170,_ZN14BattleEndPopup6updateEf,0x40c
0x53a57c,_ZNK6String8endsWithEPKc,0x68
0x53a5e4,_ZN6StringaSEOS_,0x40
0x53a624,_ZN9sc3dWorld11drawShadowsERK9xMatrix44PNSt6__ndk16vectorIP15sc3dWorldObjectNS3_9allocatorIS6_EEEE,0x298
0x53a8bc,_ZN12GemOfferItem11setupEmotesEP14LogicArrayListIPK14LogicEmoteDataE,0x738
0x53aff4,_ZN26BindFacebookAccountMessage8getForceEv,0x8
0x53affc,_ZN15LogicJSONHelper12getLogicLongEPK15LogicJSONObjectRK6String,0x4c
0x53b048,_ZN7rg_etc110etc1_block23get_abs_subblock_colorsEPNS_13color_quad_u8Etj,0x184
0x53b1cc,_ZN13StringBuilder8allocateEi,0x5c
0x53b228,_ZN9NameInput8sendNameEv,0x16c
0x53b394,_ZN18ClientInputMessage8addInputEP11ClientInput,0x13c
0x53b4d0,_hb_font_get_glyph_origin_for_direction,0x4
0x53b4d4,_ZL30hb_unicode_combining_class_nilP18hb_unicode_funcs_tjPv,0x8
0x53b4dc,_ZN11FriendEntry14setSupercellIdEP6String,0x8
0x53b4e4,_ZN8ImageSet11loadMissingEv,0x80
0x53b564,_uprv_tzname_clear_cache_58,0x4
0x53b568,_ZN12scFilesystem15processPackFileERK6scFileRKNSt6__ndk110shared_ptrI11scIKeyStoreEERKNS4_I17scAbstractFSLayerEE,0x2dc
0x53b844,_ZNSt6__ndk110__function6__funcIZZN10HeroSprite9HeroEntry15updateAnimationEfENK3$_0clEvEUlvE_NS_9allocatorIS5_EEFvvEE18destroy_deallocateEv,0x4
0x53b848,_ZN37LogicGemNameChangeStateChangedCommandC2Ev,0x30
0x53b878,_ZN10TeamStream6updateEf,0x1b4
0x53ba2c,_hb_buffer_set_unicode_funcs,0x4c
0x53ba78,_ZNKSt6__ndk110__function6__funcIZN11wendelstein25makeEmitterParamsMigratorERKNS_6vectorINS_10shared_ptrINS2_17IEmitterComponentEEENS_9allocatorIS6_EEEEE3$_1NS7_ISC_EEFvRNS2_12old_versions15EmitterParamsV0ERNS2_7Emitter13EmitterParamsEEE11target_typeEv,0xc
0x53ba84,_ZN16DataGainListenerC2EN10DataGained4TypeEbP9MovieClipP9TextFieldiiiRK6StringS8_iS3_S3_bbS3_S8_,0x214
0x53bc98,_ZN23HomeLogicStoppedMessageC2Ei,0x30
0x53bcc8,_ZN12LoginMessage16setClientVersionERK6String,0x8
0x53bcd0,_ZN6Friend14setDisplayDataEP17PlayerDisplayData,0x54
0x53bd24,_ZN9BitStream8writeIntEii,0x2cc
0x53bff0,_ZN32GoogleServiceAccountBoundMessage8destructEv,0x28
0x53c018,_ubidi_getReorderingOptions_58,0xc
0x53c024,_ZN12LocationItem9setupClipEP9EventDataP9MovieClip,0x354
0x53c378,_ZN36GamecenterAccountAlreadyBoundMessage12setAccountIdEP9LogicLong,0x8
0x53c380,_ZN12jpeg_decoder17locate_sof_markerEv,0x68
0x53c3e8,_ZN8HomeMode11loadOfflineEv,0x4
0x53c3ec,_ZNK8CSVTable12isEmptyValueERK6Stringi,0x9c
0x53c488,_ZN17HighscoreHeroList15getSelectedHeroEv,0x18
0x53c4a0,_ZN15MovieClipHelper19setDiamondPriceTextEP9TextFieldiiPKc,0xec
0x53c58c,_ZN18LogicAccessoryData8destructEv,0x4
0x53c590,_ZN9BitStream17writePositiveVIntEii,0x254
0x53c7e4,_ZN10PlayerInfo13touchReleasedERK5Touch,0x2c
0x53c810,_ZN17LogicSkinConfData16setSignatureAnimERK6String,0x14
0x53c824,_ZN11StreamEntry8destructEv,0x60
0x53c884,_ZNSt6__ndk110__function6__funcIZN11AndroidMain14inputOkPressedEvE4$_12NS_9allocatorIS3_EEFvvEE18destroy_deallocateEv,0x4
0x53c888,_ZN22ClientContentValidator15validateCSVNodeEPK7CSVNode,0x174
0x53c9fc,_ZN9EntryInfo17backButtonPressedEv,0xc
0x53ca08,_ZN12LogicPinData16createReferencesEv,0x40
0x53ca48,_ZNK14LogicDailyData11getAdStatusEi,0x3c
0x53ca84,_ZNK10StreamItem13getItemHeightEv,0x20
0x53caa4,_ZN9CombatHUD21pressReplayControlZapEi,0x100
0x53cba4,_ZN14StreamItemList12getEntryByIdEPK9LogicLong,0x94
0x53cc38,_ZN24AllianceEventStreamEntry8destructEv,0x5c
0x53cc94,_ZN7rg_etc110etc1_block13unpack_color4Etbj,0x40
0x53ccd4,_ZNK14LogicMilestone9getLeagueEv,0x10
0x53cce4,_ZN27PlayerMapInfoUpdatedMessage18getServiceNodeTypeEv,0x8
0x53ccec,_LzmaDec_Free,0x48
0x53cd34,_ZN6StringC2ERKS_,0x68
0x53cd9c,_ZN19SupercellIdCallback19claimShopItemResultEP8_jobjectRK6StringS4_S4_,0x288
0x53d024,_hb_set_get_empty,0xc
0x53d030,_ZN13LoadingScreen13updateLoadingEf,0x4
0x53d034,_ZN2OTL13collect_glyphEP8hb_set_tRKNS_7IntTypeItLj2EEEPKv,0x3c
0x53d070,_ZN9QuestItemD2Ev,0x48
0x53d0b8,_ZN18sc3dPanPinchCameraC2Effff,0x1f8
0x53d2b0,_ZN29DeviceLinkSuccesfullNewScreenD2Ev,0x24
0x53d2d4,_ZN23FloaterTextNotification8destructEv,0x4
0x53d2d8,_ZN9MovieClip21setFrameTimeRecursiveEf,0x88
0x53d360,_ZN17scCryptoBoxFilter5writeEPKvm,0x54
0x53d3b4,_ZN22ClientContentValidator29validateGameModeVariationDataEPK26LogicGameModeVariationData,0x63c
0x53d9f0,_ZN5titan3com9supercell5titan5Kakao9hibernateEb,0x7c
0x53da6c,_u_iscntrl_58,0x80
0x53daec,_ZN10GameObject18playTargetedEffectEPK15LogicEffectDataPK14GameObjectBase,0x158
0x53dc44,_ZN15OfferBundleItem15getForcedBoundsEv,0xa4
0x53dce8,_ZN17LogicGameModeUtil19playersCollectBoltsEi,0xc
0x53dcf4,_ZNK7SCWFile14debugPrintGeosEv,0x1f4
0x53dee8,_ZNK21LogicAreaEffectServer14shouldDestructEv,0x8
0x53def0,_ZN26RankedMatchPickHeroMessage8destructEv,0x28
0x53df18,_ZNSt6__ndk110__function6__funcIZN7SCWFile4loadER12SCWFileInputE3$_0NS_9allocatorIS5_EEFvvEE18destroy_deallocateEv,0x4
0x53df1c,_ZN16SetRegionMessage6encodeEv,0x28
0x53df44,_ZNSt6__ndk110__function6__funcIZ50Java_com_supercell_titan_GameApp_handleDeeplinkURLE3$_1NS_9allocatorIS2_EEFvvEE18destroy_deallocateEv,0x28
0x53df6c,_ZN17DataLoaderFactoryD2Ev,0x4
0x53df70,_ZN12MovieClipRef10setSWFNameERK6String,0x4
0x53df74,_ZNK13DisplayObject15getGlobalBoundsEP4Rectb,0x84
0x53dff8,_ZNK17LogicResourceData15getResourceTypeEv,0xc
0x53e008,_ZN20CreatePlayerMapPopup6updateEf,0x160
0x53e168,_ZNK6icu_5810UnicodeSet13getRangeCountEv,0x14
0x53e17c,_hb_font_get_glyph_kerning_for_direction,0x74
0x53e1f0,_ZN21CreateAllianceMessageC2Ev,0x40
0x53e230,_ZN12RenderSystem12refreshFenceEii,0x54
0x53e284,_ZNK11DragHandler4getXEv,0x20
0x53e2a4,_u_memrchr_58,0x9c
0x53e340,_Java_com_supercell_titan_GameApp_nSetKunlunSwitchAccountRequested,0x40
0x53e380,_ZNK25TeamSetMemberReadyMessage14getMessageTypeEv,0x8
0x53e388,_ZNK17LogicSkinConfData14getBoneEffect4Ev,0x8
0x53e390,_Z21heroItemSort_trophiesP8HeroItemS0_,0xa4
0x53e434,_ZNK29LogicPlayerMapEnvironmentData28isSupportedGameModeVariationEi,0x78
0x53e4ac,_ZNK8Databind8Databind12getObjectDefEm,0x48
0x53e4f4,_ZNK14LogicAccessory33checkCurrentAccessoryAvailabilityEP20LogicCharacterServer,0x8
0x53e4fc,_ZNK25GoHomeFromSpectateMessage14getMessageTypeEv,0x8
0x53e504,_ZN20GoogleServiceManagerC2Ev,0xec
0x53e5f0,_ZN23GetSeasonRewardsMessageC2Ei,0x38
0x53e628,_uprv_trunc_58,0x40
0x53e668,_ZN16YoozooLoginState9destroyUIEv,0xd4
0x53e73c,_ZN18DailyEventsMessage18getServiceNodeTypeEv,0x8
0x53e744,_ZN3GUI17moveToScreenRightEP13DisplayObject,0x94
0x53e7d8,_ZN15LogicDataTables14getItemByIndexEPK13LogicHomeModeiPK18LogicCharacterDatai,0x180
0x53e958,_ZN24LatencyTestResultMessage8destructEv,0x50
0x53e9a8,_ZNK15LaserBoxManager7Website20getLastSeenTimestampERKNS_4PageE,0xd0
0x53ea78,_ZNKSt6__ndk110__function6__funcIZN8TestCase20drawDebugPercentagesEvE4$_20NS_9allocatorIS3_EEFvvEE7__cloneEPNS0_6__baseIS6_EE,0x20
0x53ea98,_ZN17ClientInfoMessage6encodeEv,0x28
0x53eac0,_ZNK21LogicBattleModeServer14getLogicRandomEv,0x8
0x53eac8,_ZNK25AccountIdentifiersMessage14getMessageTypeEv,0x8
0x53ead0,_res_getIntVector_58,0x50
0x53eb20,_ZNK26AllianceTeamRemovedMessage14getMessageTypeEv,0x8
0x53eb28,_ZN13EffectManager12removeEffectEi,0x148
0x53ec70,_ZNK12BattleScreen20shouldShowIntroArrowEv,0x74
0x53ece4,_ZN20RankedSeasonEndPopupD2Ev,0x5c
0x53ed40,_ZN6icu_589UVector32D0Ev,0x44
0x53ed84,_ZN12BattleScreen15updateAutoshootEP23LogicCharacterClientOwn,0x808
0x53f58c,_ZN5lzham12lzcompressor16send_zlib_headerEv,0x2bc
0x53f848,_ZN15LogicDataTables25getIntervalDamageTileDataEv,0xc
0x53f854,_ZN8HomeMode10touchMovedERK5Touch,0x18
0x53f86c,_Z4swapPfPhiii,0x108
0x53f974,_ZNKSt6__ndk110__function6__funcIZN19SupercellIdCallback17clearPendingLoginEP8_jobjectE3$_4NS_9allocatorIS5_EEFvvEE11target_typeEv,0xc
0x53f980,_ZN19CachedFontFormatter12getLineBeginEv,0x18
0x53f998,_ZN8Renderer5clearEi,0x1c
0x53f9b4,_ZNK17ReplayStreamEntry6encodeEP15ChecksumEncoder,0xd4
0x53fa88,_ZN6Shader6unloadEv,0x68
0x53faf0,_ZN12LogicVersion10isLoadtestEv,0x8
0x53faf8,_ZN14LogicDailyData23setTicketPackOfferStateEi,0x1c
0x53fb14,_ZN20LogicCharacterServer20handleHealFromDamageEibPS_PK9LogicData,0x4
0x53fb18,_ZN13DebugMenuBase12updateLayoutEv,0x604
0x54011c,_ZN15LaserBoxManager6setEnvENS_3EnvE,0x100
0x54021c,_ZN16ServerConnection22debugClearAllKeyValuesEv,0x4
0x540220,_ZNK12LogicTileMap17getPathFinderCostEiiibb,0x80
0x5402a0,_ZN13CooldownEntry6encodeEP15ChecksumEncoder,0x50
0x5402f0,_nti_load_font_mem,0x78
0x540368,_ZNK14BattleTutorial17canShowShootStickEv,0x70
0x5403d8,_ZN2OTL28reverse_cursive_minor_offsetEP19hb_glyph_position_tj14hb_direction_tj,0xc0
0x540498,_ZN6icu_586UStack16getStaticClassIDEv,0xc
0x5404a4,_ZN15SpriteToTextureC2Eii,0xf0
0x540594,_ZThn96_N8GameMain10touchMovedERK5Touch,0x8
0x54059c,_ZN5Items14createItemIconEv,0x70
0x54060c,_ZN9ShopPopup28heroUpgradeMaterialPurchasedEi,0x8
0x540614,_ZN31AvatarStreamEntryRemovedMessage6decodeEv,0x2c
0x540640,_ZNK24LogicExpressionEvaluator8peekCharEv,0x24
0x540664,_ZNK14BattleEndPopup13isRankedRoundEv,0x14
0x540678,_ZN21SectionShortcutButton26updateNotificationPositionEv,0x58
0x5406d0,_Z13unstuff59bitsjjRjS_,0x24
0x5406f4,_ZNKSt6__ndk110__function6__funcIZN19EnvironmentRenderer6renderER9Matrix2x3R14ColorTransformifE4$_11NS_9allocatorIS7_EEFvvEE7__cloneEPNS0_6__baseISA_EE,0x18
0x54070c,_ZN29PurchaseGatchaBoxPopupHandler13setupItemDescEP9TextFieldi,0x90
0x54079c,_ZNKSt6__ndk110__function6__funcIZN8TestCase9touchDownER5TouchE4$_15NS_9allocatorIS5_EEFvvEE6targetERKSt9type_info,0x1c
0x5407b8,_ZThn96_N19SelectLocationPopup13buttonClickedEP12CustomButton,0x8
0x5407c0,_ZN14RankedHeroItemD0Ev,0x68
0x540828,_ZNK27GoogleBillingRequestMessage8getPriceEv,0x8
0x540830,_ZN31BindGoogleServiceAccountMessage21removeGoogleServiceIdEv,0x10
0x540840,_ZN18AddableFriendEntry8destructEv,0x78
0x5408b8,_ZN8Shader3D11bindTextureEjj,0x3c
0x5408f4,_ZN18DecoratedTextField12getOrReplaceEP9MovieClipRK6String,0xb8
0x5409ac,_ZN12LogicCommand14setExecuteTickEi,0x8
0x5409b4,_ZNK22LogicLocationThemeData15getRopeFenceSCWEv,0x10
0x5409c4,_ZN15PlayerScoreItemC2Ev,0x14
0x5409d8,_ZNK24LogicPlayerThumbnailData24getRequiredTotalTrophiesEv,0x10
0x5409e8,_ZN23AskForFriendListMessage18getServiceNodeTypeEv,0x8
0x5409f0,_ZNKSt6__ndk110__function6__funcIZN11scTaskQueue3runIZN8TestCase28getAllSpritesVisibleMatchingI12CustomButtonZNS4_28getButtonsWithTextFieldValueE6StringbbS7_E4$_22EENS_6vectorIPT_NS_9allocatorISB_EEEET0_EUlvE_EENS_13invoke_resultISA_JEE4typeESA_EUlvE_NSC_ISK_EEFvvEE7__cloneEPNS0_6__baseISM_EE,0x18
0x540a08,_ZNK28LogicSeasonalSkinSectionData29isLastChanceSectionSeparatelyEv,0x10
0x540a18,_ZN21LogicJSONOutReflector8addFloatEf,0x5c
0x540a74,_ZNK19LogicAreaEffectData29shouldShowEvenIfOutsideScreenEv,0x10
0x540a84,_ZN8Databind24NlohmannJsonOutReflector9endObjectEv,0xc8
0x540b4c,_ZN29GetAllianceInviteTokenMessage8destructEv,0x4
0x540b50,_ZNK13BattleLogItem14hasContextMenuEv,0x34
0x540b84,_ZN34JoinAllianceUsingInvitationMessage8destructEv,0x30
0x540bb4,_ZN18LogicAnimationData12valueChangedEi,0x6c
0x540c20,_ZNK11TeamManager13isPlayerReadyEv,0x60
0x540c80,_ZN30SubmitPlayerMapResponseMessage11setMapStateEi,0x8
0x540c88,_ZNK9TextField21calculateBendedBoundsERfS0_S0_S0_RK9Matrix2x3PK19CachedFontFormatter,0x458
0x5410e0,_uloc_toUnicodeLocaleType_58,0x4c
0x54112c,_ZN17StatusChangeEntry8destructEv,0x30
0x54115c,_ZN9EmoteIcon7getAnimEv,0x8
0x541164,_ZNK16LogicOfferBundle20getHeroCountInRarityEPK13LogicHomeModei,0x44
0x5411a8,_ZN12jpeg_decoder15process_restartEv,0x14c
0x5412f4,_ZN6icu_5818UStringEnumerationD0Ev,0x70
0x541364,_ZNK12BattleScreen25canShowTutorialShootStickEv,0x10
0x541374,_ZN14LogicMapLoaderC2EPK6Stringi,0x4ac
0x541820,_u_strFromUTF32WithSub_58,0x240
0x541a60,_ZN11Character3D17overrideMaterialsEP8Material,0xf4
0x541b54,_ubidi_getLength_58,0x30
0x541b84,_ZNK12LogicPinData9getRarityEv,0x10
0x541b94,_ZN11SCIDManager27logOutFromAllDevicesSuccessEv,0x34
0x541bc8,_ZL20collect_features_useP21hb_ot_shape_planner_t,0x36c
0x541f34,_ZN16LogicXpLevelDataC2EP6CSVRowP14LogicDataTable,0x2c
0x541f60,_ZN14BattleLogEntry18setRankedMatchInfoEP9LogicUuidbii,0x5c
0x541fbc,_ZN18AttackRadiusSprite12setConeAngleEf,0x34
0x541ff0,_ZN20PlayerNameColorPopup22playerNameColorChangedEv,0xc
0x541ffc,_ZN17GameCenterManager22sendBindAccountMessageERK6Stringb,0x13c
0x542138,_ZN8HeroItem13touchReleasedERK5Touch,0x14
0x54214c,_ZN23AskPlayerJWTokenMessage6decodeEv,0x4
0x542150,_ZN8Settings19setControlsMirroredEb,0x28
0x542178,_ZN15LogicDataTables11getWinMusicEv,0xc
0x542184,_ZNK17PlayerDisplayData18getPlayerThumbnailEv,0x14
0x542198,_ZNK12VertexFormat18getAttributeOffsetEN10VertexAttr4EnumE,0x40
0x5421d8,_ZN13OldBoxHandlerC2EP14BrawlPassPopupRK6Stringi,0x15c
0x542334,_ZN22StarPointsNotification6encodeEP15ChecksumEncoder,0x70
0x5423a4,_ZN5lzham18adaptive_bit_modelC2Ef,0x20
0x5423c4,_ZNK19LogicProjectileData10getBlueSCWEv,0x10
0x5423d4,_ZN6icu_5810UnicodeSetC2ERKS0_,0x1a0
0x542574,_ZN8Databind16JSONOutReflector8addArrayEi,0xa0
0x542614,_ZN26ChangePlayerMapNameMessage18getServiceNodeTypeEv,0x8
0x54261c,_ZN9Character15updateHealthBarEf,0xdfc
0x543418,_ZN29ChangeAllianceSettingsMessage8destructEv,0x44
0x54345c,_ZNK8CSVTable13getColumnTypeEi,0xc
0x543468,_ZThn96_N17UnlockAccountMenu13buttonClickedEP12CustomButton,0x8
0x543470,_ZN12scZstdFilterC2Ev,0x30
0x5434a0,_ZN15StageDrawBucket11fixLastRectERK5StagePK15StageBucketRect,0x6c
0x54350c,_ZNK18ClientInputManager16getOverrideGroupEi,0x20
0x54352c,_ZN31PurchaseOfferBundlePopupHandler10createItemEi,0x178
0x5436a4,_ZNK19LogicProjectileData13grapplesEnemyEv,0x8
0x5436ac,_ZNK16LogicMessageData11getFileNameEv,0x10
0x5436bc,_ZN13QuestionPopUpD0Ev,0x24
0x5436e0,_ZNK15LogicJSONObject7getKeysEv,0x8
0x5436e8,_ZNSt6__ndk110__function6__funcIZN19SupercellIdCallback31setPendingRegistrationWithPhoneEP8_jobjectRK6StringE4$_10NS_9allocatorIS8_EEFvvEE18destroy_deallocateEv,0x28
0x543710,_ZN19GameSliderComponent12touchPressedERK5Touch,0xdc
0x5437ec,_ZN14LoginOkMessage21setServerMajorVersionEi,0x8
0x5437f4,_ZN11AboutScreenD0Ev,0x3c
0x543830,_ZN14TeamInvitationC2Ev,0x8
0x543838,_ZN10HomeScreen13onConfReceiveEv,0x1bc
0x5439f4,_ZN20GoogleServiceManager7signOutEv,0x50
0x543a44,_ZN19SelectLocationPopup28refreshShortcutNotificationsEb,0x90
0x543ad4,_ZN14MessageManager14receiveMessageEP14PiranhaMessageb,0x57dc
0x5492b0,_hb_unicode_eastasian_width,0xc
0x5492bc,_ZN30PurchaseKeyDoublerPopupHandlerD0Ev,0x40
0x5492fc,_ZN5Stage17removeAllChildrenEv,0x8
0x549304,_uenum_unext_58,0x34
0x549338,_ZN16AddFriendMessageC2Ei,0x30
0x549368,_ZN32AskForPlayingKakaoFriendsMessage18getServiceNodeTypeEv,0x8
0x549370,_ZN26EnterSupportedCreatorPopup6updateEf,0xe8
0x549458,_ZNKSt6__ndk110__function6__funcIZN11scTaskQueue3runIZN8TestCase6dragToER5TouchfE4$_17EENS_13invoke_resultIT_JEE4typeES9_EUlvE_NS_9allocatorISC_EEFvvEE11target_typeEv,0xc
0x549464,_ZN14TencentManager22tencentOwnInfoReceivedERK11TencentUser,0x4c
0x5494b0,_ZL10init_entryPKcS0_P10UErrorCode,0x3ec
0x54989c,_nti_iterator_get_glyph_advance,0x8
0x5498a4,_ZN27BattleEndRankedRankUpScreen13setupRankIconERK6Stringi,0x30
0x5498d4,_ZN9CombatHUD12prepareIntroEv,0x1370
0x54ac44,_ZN15sc3dWorldCamera13isPointInViewERK7Vector3IfE,0x58
0x54ac9c,_ZN37AskForPlayingGamecenterFriendsMessageC2Ei,0x30
0x54accc,_ZN15LogicDataTables16getBurningEffectEv,0xc
0x54acd8,_ZN14LogicDailyData14destructOffersEv,0x108
0x54ade0,_ZNK13LogicCardData12getCardValueEi,0x38
0x54ae18,_hb_ft_font_create,0x78
0x54ae90,_ZN14QualifiedPopup13initParticlesEv,0xb0
0x54af40,_ZN14ChatStreamItem7combineEP11StreamEntry,0xf4
0x54b034,_ZNK20GoogleServiceManager16showAchievementsEv,0x4
0x54b038,_ZNK19LogicProjectileData17visualizeEndPointEv,0x8
0x54b040,_ZN5lzham12symbol_codec5resetEv,0x4c
0x54b08c,_ZN24SkinCampaignGroupHandlerC2EPK28LogicSeasonalSkinSectionData14LogicArrayListIP16LogicOfferBundleE,0x144
0x54b1d0,_Z18WidestringToStringRKNSt6__ndk112basic_stringIwNS_11char_traitsIwEENS_9allocatorIwEEEERKNS0_IcNS1_IcEENS3_IcEEEE,0x604
0x54b7d4,_ZNK15LogicLocaleData14getSelfHelpUrlEv,0x44
0x54b818,_ZN9BitStream14writeIntMax511Ei,0x8
0x54b820,_ZN21LogicJSONOutReflector14reflectNextIntEi,0x64
0x54b884,_ZNK12GameSettings28isGoogleManuallyDisconnectedEv,0x8
0x54b88c,_ZN9Character17enableBoneEffectsEb,0x318
0x54bba4,_ZN28LogicGameObjectManagerClient8destructEv,0x9c
0x54bc40,_ZN10ByteStream5resetEv,0xc
0x54bc4c,_isRegionSubtag,0xa4
0x54bcf0,_ZN26AllianceKickOutStreamEntry6decodeEP10ByteStream,0xa4
0x54bd94,_ZN20LogicCharacterServer6attackEPS_iiiiPK19LogicProjectileDataibii,0x1904
0x54d698,_ZN13QuestListItem20setupRankedQuestClipEP9MovieClip,0x3c4
0x54da5c,_ZN34LogicDeviceLinkCodeResponseMessage8destructEv,0x30
0x54da8c,_ZN15LogicJSONHelper12setLogicDataEP15LogicJSONObjectRK6StringPK9LogicData,0x6c
0x54daf8,_ZN14FriendsManager12clearfriendsEv,0x64
0x54db5c,_ZNK12RenderSystem25screenToLogicClampToWorldEffRiS0_,0x11c
0x54dc78,_ZN9BitStream11readBooleanEv,0x48
0x54dcc0,_ZN18PreRenderedTexture6renderER11RenderQueuePP13DisplayObjectiR14ColorTransform,0x78
0x54dd38,_ZNK17LogicCampaignData16getAllowedHeroesEv,0x268
0x54dfa0,_ZN28DeviceLinkCodeReceivedScreenD2Ev,0x84
0x54e024,_ZN17LogicGamePlayUtil16canUseFastTravelEP20LogicCharacterServer,0x40
0x54e064,_ZN10GameButton15createNewButtonERK6StringS2_P15IButtonListenerS2_,0xb0
0x54e114,_ZN8HomeMode16hibernateStartedEv,0x4
0x54e118,_ZN23ChangeAvatarNameMessage6decodeEv,0x44
0x54e15c,_ZNK20LogicCharacterServer21isJumpingChargeActiveEv,0x18
0x54e174,_ZN15LogicDataTables15isHeroAvailableEPK13LogicHomeModePK18LogicCharacterData,0x6c
0x54e1e0,_ZNK24LogicParticleEmitterData20getParticleMaxRadiusEv,0x10
0x54e1f0,_ZN15TeamLeftMessage6encodeEv,0x28
0x54e218,_ZN6icu_5813CanonIterDataD2Ev,0x28
0x54e240,_ZNK12scFilesystem22getLatestVersionStringEv,0x80
0x54e2c0,_ZN15DoubleCoinsItemD2Ev,0x48
0x54e308,_ZN7PopoverC2Ebi,0x78
0x54e380,_ZNKSt6__ndk110__function6__funcIZN19EnvironmentRenderer6renderER9Matrix2x3R14ColorTransformifE3$_6NS_9allocatorIS7_EEFvvEE11target_typeEv,0xc
0x54e38c,_ZNK5scKey12getKeyStringEv,0x6c
0x54e3f8,_Z19for_each_line_in_fdiPFbPKcS0_PFviEES2_,0x148
0x54e540,_ZN21LogicProjectileServer4initEiiP20LogicCharacterServerPK21LogicGameObjectServeriiPK15LogicEffectDataiiiiii,0x348
0x54e888,_ZN6icu_5812PatternProps20isSyntaxOrWhiteSpaceEi,0x90
0x54e918,_ZN13LogicSkinData27setBossAutoAttackRecoilAnimERK6String,0x8
0x54e920,_ZNSt6__ndk110__function6__funcIZN11scTaskQueue3runIZN7GLImage6createEPKhi9ImageWrap11ImageFilterE3$_5EENS_13invoke_resultIT_JEE4typeESB_EUlvE_NS_9allocatorISE_EEFvvEE18destroy_deallocateEv,0x4
0x54e924,_ZN23PublishPlayerMapMessageC2Ev,0x34
0x54e958,_ZN12TencentLoginC2Ev,0xc
0x54e964,_ZNK17TencentLoginState18openLocaleTermsUrlERK6String,0xf0
0x54ea54,_ZNK21TeamReportChatMessage14getMessageTypeEv,0x8
0x54ea5c,_ZN16LocationCategory15hasActiveEventsEv,0xc0
0x54eb1c,_ZN9Messaging15startSocketReadERKNSt6__ndk110shared_ptrIvEE,0x23c
0x54ed58,_ZN6icu_5814CjkBreakEngineD0Ev,0x84
0x54eddc,_ZN19SelectLocationPopup23returnFromModeSelectionEv,0x108
0x54eee4,_ZN32LogicDeviceLinkConfirmYesMessage6encodeEv,0x50
0x54ef34,_ZN13ListContainer24refreshEntryPositionsHorEv,0xa4
0x54efd8,_ZN13ShaderUtility13createProgramEPjjj,0x308
0x54f2e0,_ZN29LookForGameRoomRequestMessage6decodeEv,0x3c
0x54f31c,_ZNSt6__ndk110__function6__funcIZN11scTaskQueue3runIZN7GLImage6createEPKhi9ImageWrap11ImageFilterE3$_3EENS_13invoke_resultIT_JEE4typeESB_EUlvE_NS_9allocatorISE_EEFvvEED0Ev,0x4
0x54f320,_ZNKSt6__ndk110__function6__funcIZN11scTaskQueue3runIZN8TestCase10getDoTouchEP13DisplayObjectE3$_6EENS_13invoke_resultIT_JEE4typeES9_EUlvE_NS_9allocatorISC_EEFvvEE7__cloneEPNS0_6__baseISF_EE,0x18
0x54f338,_ZN10FriendItemD0Ev,0x24
0x54f35c,_ZN11Character3D15updateAnimationEf,0xc58
0x54ffb4,_ZNK14LogicPlayerMap6encodeEP15ChecksumEncoder,0x114
0x5500c8,_ZN18TeamChatController12isStreamOpenEv,0x8
0x5500d0,_ZN29SendAllianceInvitationMessage6encodeEv,0x28
0x5500f8,_ZN11LogicPlayer8gameDrawEv,0xc
0x550104,_ZN5lzham20lzham_lib_z_compressEPhPmPKhm,0x8
0x55010c,_ZplcRK6String,0x64
0x550170,_uiter_setReplaceable_58,0x94
0x550204,_ZN20EndClientTurnMessage7setTickEi,0x8
0x55020c,_ZN20CreatePlayerMapPopup19updateConfirmButtonEv,0x100
0x55030c,_ZN18ProLeagueInfoPopup12refreshItemsEv,0x7f4
0x550b00,_ZN19LinkNewDeviceScreen13buttonClickedEP12CustomButton,0xdc
0x550bdc,_ZNKSt6__ndk110__function6__funcIZN11AndroidMain14inputOkPressedEvE4$_12NS_9allocatorIS3_EEFvvEE7__cloneEPNS0_6__baseIS6_EE,0x10
0x550bec,_ZNK11StreamEntry6encodeEP15ChecksumEncoder,0x88
0x550c74,_ZN43PurchaseSkinGroupOfferHighlightPopupHandler10setupPriceEP10GameButtonP9TextField,0x1b4
0x550e28,_ZN11hb_buffer_t14replace_glyphsEjjPKj,0x124
0x550f4c,_ZN19SupercellIdCallback11toIdAccountERK6StringS2_S2_S2_S2_S2_b,0xb4
0x551000,_ZNSt6__ndk110__function6__funcIZN19SupercellIdCallback13friendsFailedEP8_jobjectE4$_15NS_9allocatorIS5_EEFvvEED0Ev,0x4
0x551004,_get_crc_table,0xc
0x551010,_ZN37LogicPurchaseBrawlPassProgressCommand19getTokensToNextTierEPK13LogicHomeModei,0x80
0x551090,_ZN22AccountSwitchedMessage18isDeleteOldAccountEv,0x8
0x551098,_ZN20LogicCharacterServer27updateSpellCastingDirectionEii,0xbc
0x551154,_uhash_hashCaselessUnicodeString_58,0x7c
0x5511d0,_ZNKSt6__ndk110__function6__funcIZN14LineConnection5loginEvE3$_3NS_9allocatorIS3_EEFvbPKcPKN8linecorp4nova11CredentialsEPKNS9_5ErrorEEE11target_typeEv,0xc
0x5511dc,_ZN31TeamChangeMemberSettingsMessage6decodeEv,0x3c
0x551218,_ZN14BrawlPassPopup13destructRanksEv,0x258
0x551470,_ZNK13LogicItemData6getSCWEv,0x10
0x551480,_ZN13SimpleWebviewD0Ev,0x74
0x5514f4,_ZN7SBMMesh15getVertexBufferEv,0x84
0x551578,_ZN31ChangeAllianceMemberRoleMessage6decodeEv,0x3c
0x5515b4,_ZN11RewardEntry6encodeEP10ByteStream,0xb0
0x551664,_ZN19VisionUpdateMessage8destructEv,0x58
0x5516bc,_ZN6scglTF14matrixFromNodeERKN2fx4gltf4NodeE,0x68
0x551724,_ZN20UIMultiViewContainerD0Ev,0xe8
0x55180c,_ZN12LogicTileMap23destructSpecialSequenceEv,0x124
0x551930,_ZN8Databind23NlohmannJsonInReflector16reflectNextFloatEf,0x4
0x551934,_ZN5Stage21popRenderStencilStateEi,0x70
0x5519a4,_ZN12LogicBitList4loadEPK15LogicJSONObject,0x180
0x551b24,_ZN21LogicJSONOutReflector15reflectNextLongEx,0x64
0x551b88,_ZN24ResourceReferenceManager11decRefCountERK6String,0x1a8
0x551d30,_ZN25AskForAllianceDataMessage6encodeEv,0x5c
0x551d8c,_ZNK13LogicCardData7getTypeEv,0x8
0x551d94,_ZNK21LogicGameObjectServer8getTileYEv,0x20
0x551db4,_u_unescapeAt_58,0x4c8
0x55227c,_ZN9CombatHUD18setDefaultStickPosEbbbb,0x588
0x552804,_ZNK14TencentManager12isAuthorizedEv,0xbc
0x5528c0,_ZN13BattleLogItem9addPlayerEiP20BattleLogPlayerEntry,0x200
0x552b68,_ZN12InputTouches8setTouchEiii,0xd8
0x552c40,_ZN32YoozooOrderDeliveryFailedMessage6encodeEv,0x38
0x552c78,_ZN18LoginFailedMessage8destructEv,0x1c4
0x552e3c,_ZN5titan3com9supercell2id9IdAccountC2EP8_jobject,0xbc
0x552ef8,_ZNK17TeamStreamMessage14getMessageTypeEv,0x8
0x552f00,_ZNK14TencentManager20isLoggedInQQorWeChatEv,0x48
0x552f48,_nti_cache_create,0xbc
0x553004,_ZNK17LogicSkinConfData13getStartSoundEv,0x8
0x55300c,_ZNK25asio_execution_execute_fn4implclIN4asio15any_io_executorENS2_6detail7binder1INS4_16range_connect_opINS2_2ip3tcpES3_NS7_22basic_resolver_resultsIS8_EENS4_25default_connect_conditionEZZN9Messaging7connectERK6StringSF_ENK3$_2clERKNSt6__ndk110error_codeESA_EUlSK_RKT_E_EESI_EEEENSH_9enable_ifIXeqsr11call_traitsIS0_SL_FvT0_EEE8overloadLNS_13overload_typeE0EENS_11call_traitsIS0_SL_ST_vvvvvE11result_typeEE4typeEOSL_OSS_,0x26c
0x553278,_ZN18LogicAnimationData11setEndFrameEi,0x80
0x5532f8,_ZN12OnlinePlayerD0Ev,0x24
0x55331c,_ZN15MapEditorScreen18handleTouchPressedERK5Touch,0x238
0x553554,_ZN7CSVNodeC2Ev,0xa0
0x5535f4,_ZN17MyAllianceMessage8destructEv,0x48
0x55363c,_ZN20QuickChatStreamEntry8destructEv,0x50
0x55368c,_ZN8Databind24NlohmannJsonOutReflector12reflectArrayEiRK6String,0x28
0x5536b4,_ZN21LogicAreaEffectServer26setLifeTimeConsumedPercentEi,0x4c
0x553700,_ZN26TencentAccountBoundMessage6encodeEv,0x28
0x553728,_ZNK19LogicRankedRankData11getHexColorEv,0x8
0x553730,_Z10socketCastRKNSt6__ndk110shared_ptrIvEE,0x64
0x553794,_ZN22TeamPremadeChatMessage8destructEv,0x38
0x5537cc,_ZN8GameMain16onVideoAdStartedEv,0x5c
0x553828,_ZN14AllianceStream22sendOfflineAllianceMsgEv,0x4
0x55382c,_ZN12SupercellSWF22addCacheIndividualFileERK6String,0x18
0x553844,_ZN10DataGained3PrtC2ERK6StringS3_,0x84
0x5538c8,_ZN6Shader8loadFileEPKc,0x130
0x5539f8,_ZN11AndroidMain11startUpdateEv,0x48
0x553a40,_ZNK6icu_589UVector327indexOfEii,0x34
0x553a74,_ZN17LogicDebugCommand27setNextOfflineDebugDeliveryEP12DeliveryUnit,0x4
0x553a78,_ZN14TweenClipInOutD2Ev,0x64
0x553adc,_ZN10SCTuneImpl4initERK6String,0x68
0x553b44,_ZNK17LogicClientAvatar5cloneEv,0x12c
0x553c70,_ZN9Animation9updateImpEf,0x1b0
0x553e20,_ZNSt6__ndk110__function6__funcIZN32NativeFacebookConnectionCallback6logoutEvE3$_6NS_9allocatorIS3_EEFvvEE18destroy_deallocateEv,0x4
0x553e24,_ZN5titan3com9supercell2id21IdShopClaimInProgress13getClaimTokenEv,0x7c
0x553ea0,_ZNK29RankedMatchPickStartedMessage14getMessageTypeEv,0x8
0x553ea8,_ZN6icu_5816ReorderingBuffer12appendZeroCCEPKtS2_R10UErrorCode,0x13c
0x553fe4,_ZNK13TimelineValue8durationEv,0x2c
0x554010,_ZN29DeviceLinkSuccesfullNewScreenD0Ev,0x44
0x554054,_ZN5scKey11calculateIdERKNSt6__ndk15arrayIhLm32EEERKNS1_IhLm24EEE,0x68
0x5540bc,_ZNK24TitanDisconnectedMessage9getReasonEv,0x8
0x5540c4,_ZNKSt6__ndk110__function6__funcIZN19EnvironmentRenderer6renderER9Matrix2x3R14ColorTransformifE3$_6NS_9allocatorIS7_EEFvvEE7__cloneEPNS0_6__baseISA_EE,0x20
0x5540e4,_ZN31CafeBazaarBillingRequestMessage8setPriceERK6String,0x8
0x5540ec,_ZN21RankedRewardTrackItem13buttonClickedEP12CustomButton,0x64
0x554150,_ZN12DeliveryUnitC2EP10ByteStream,0x1c8
0x554318,_ZNK18LogicAnimationData13getStartFrameEv,0x8
0x554320,_ZN18CryptoErrorMessageC2Ev,0x34
0x554354,_Z18reflectCubicBezierRN8Databind9ReflectorER11CubicBezierIfERK6String,0x9c
0x5543f0,_ZNK13LogicHomeMode15getPlayerAvatarEv,0x8
0x5543f8,_Hc3Zip_MatchFinder_Skip,0xd8
0x5544d0,_ZNSt6__ndk110__function6__funcIZN8TestCase20drawDebugPercentagesEvE4$_20NS_9allocatorIS3_EEFvvEE7destroyEv,0x4
0x5544d4,_ZN20PlayerJWTokenMessage18getServiceNodeTypeEv,0x8
0x5544dc,_ZNK6scPath11is_absoluteEv,0xdc
0x5545b8,_ZNK6scglTF8MeshData11getVerticesEv,0x8
0x5545c0,_uprv_isNegativeInfinity_58,0x28
0x5545e8,_ZNK6Sprite9isTouchInEv,0x10
0x5545f8,_ZNK12BattleScreen11getPullRopeEiRP6Sprite,0x10
0x554608,_ZN22AccountSwitchedMessage6encodeEv,0x7c
0x554684,_ZN8Databind16JSONOutReflector11reflectBoolEbRK6Stringb,0x8c
0x554710,_ZN12ShopItemAnim16initAnimPlaybackEv,0x8c
0x55479c,_ZN13LoadingScreen24getLoadingJingleFilePathEv,0x10
0x5547ac,_ZN35GetAllianceInviteTokenResultMessage8destructEv,0x40
0x5547ec,_ZNKSt6__ndk110__function6__funcIZN7GLImage6createEiiiPKh9ImageWrap11ImageFilterE3$_7NS_9allocatorIS7_EEFvvEE7__cloneEv,0x50
0x55483c,_u_getIntPropertyMaxValue_58,0x54
0x554890,_ZN25AvatarOnlineStatusUpdated11setAvatarIdEP9LogicLong,0x8
0x554898,_ZNKSt6__ndk110__function6__funcIZN11scTaskQueue3runIZN8TestCase6dragToER5TouchfE4$_16EENS_13invoke_resultIT_JEE4typeES9_EUlvE_NS_9allocatorISC_EEFvvEE11target_typeEv,0xc
0x5548a4,_ZNK9PopupBase8isActiveEv,0x10
0x5548b4,_ZNK6Effect11getEffectIdEv,0x8
0x5548bc,_ZN19DebugPerformanceHud8drawTextERK6Stringffi,0x3ec
0x554ca8,_ZL17unistrTextReplaceP5UTextllPKtiP10UErrorCode,0x160
0x554e08,_ZN15LogicDataTables13getHealEffectEv,0xc
0x554e14,_ZN10ByteStream9readInt16Ev,0x34
0x554e48,_ZN22TeamRequestJoinMessage6decodeEv,0x3c
0x554e84,_ZL36hb_font_get_nominal_glyph_trampolineP9hb_font_tPvjPjS1_,0x18
0x554e9c,_ZN12LocationItem23getGameModeRoomIconNameEi,0x14
0x554eb0,_ZL25postprocess_glyphs_arabicPK18hb_ot_shape_plan_tP11hb_buffer_tP9hb_font_t,0x3d0
0x555280,_ZNSt6__ndk17__sort4IRZN13TimelineValue11fromBuilderERKNS1_7BuilderEE3$_0PNS2_3KeyEEEjT0_S9_S9_S9_T_,0x240
0x5554c0,_ZN22BattleEndSubScreenBaseC2EP14BattleEndPopup,0x54
0x555514,_ZN9Character25playCanNotAutoShootEffectEv,0x3c
0x555550,_ZNK10BattleMode30getOfflineBattleRoyaleTeamRankEv,0x254
0x5557a4,_Z8safe_shlxx,0x8
0x5557ac,_ZN9Character19playOutOfAmmoEffectEv,0x34
0x5557e0,_ZNK16GameObjectSprite12getMovieClipEv,0x8
0x5557e8,_ZN13DebugMenuBase6addRowEPP10GameButtoniPP13DisplayObjectiPKcS7_,0x3c0
0x555ba8,_ZN9PopupBase14setBackgroundXEf,0x54
0x555bfc,_ZN37LogicDeviceLinkNewDeviceLinkedMessage13setDeviceNameERK6String,0x8
0x555c04,_ZNK18LogicGemBundleData12isTimedOfferEv,0x20
0x555c24,_ZN16DeviceLinkWindow23isAvailableFromSettingsEv,0x8
0x555c2c,_ZN14BillingManager23checkCancelledPurchasesEv,0x550
0x55617c,_ZN15DownloadedImageD2Ev,0x9c
0x556218,_hb_script_get_horizontal_direction,0x28c
0x5564a4,_ZN10TimedOffer8destructEv,0x8
0x5564ac,_ZN17PlayerMapsMessage12addPlayerMapEP14LogicPlayerMap,0x158
0x556604,_ZN34AskForPlayingTencentFriendsMessage6encodeEv,0x88
0x55668c,_ZN21LogicBattleModeServer23increaseBotDamageToBaseEii,0x15c
0x5567e8,_ZN16OnlineFriendItem8setOwnerEP22IOnlineFriendItemOwner,0x8
0x5567f0,_ZNK16AllianceSettings5allOKEb,0xe0
0x5568d0,_ZN23TeamInviteStatusMessage18getServiceNodeTypeEv,0x8
0x5568d8,_ZN6StringC2ERK10StringView,0x88
0x556960,_ZN33AllianceStreamEntryRemovedMessage8destructEv,0x30
0x556990,_ZN15LaserBoxManager17createStringParamERK6StringS2_,0xe4
0x556a74,_ZN29PurchaseGatchaBoxPopupHandlerC2Ei,0x18
0x556a8c,_ZNSt6__ndk110__function6__funcIZ45Java_com_supercell_titan_Kakao_receivedFriendE3$_1NS_9allocatorIS2_EEFvvEED0Ev,0x44
0x556ad0,_ZNK17TencentLoginState23getLoginAgreementNoticeEv,0x258
0x556d28,_ucase_isSoftDotted_58,0xc0
0x556de8,_ZN14LoginOkMessage18getServiceNodeTypeEv,0x8
0x556df0,_ZplfRK6String,0x68
0x556e58,_ZN15AllianceManager9refreshUIEb,0x3c
0x556e94,_ZN9TextTween8setValueEi,0xac
0x556f40,_ZN31AskForPlayingLineFriendsMessage8destructEv,0x98
0x556fd8,_ZN15sc3dWorldSprite10createMeshEv,0x2f8
0x5572d0,_ZN17LogicGameModeUtil25hasOffScreenBossIndicatorEi,0x30
0x557300,_ZNK24LogicPlayerThumbnailData15getRequiredHeroEv,0x8
0x557308,_ZN14SceneCharacter6updateEf,0x54c
0x557854,_ZN12LogicVersion14isChinaVersionEv,0x8
0x55785c,_ZN8Settings11setLastPageEi,0x9c
0x5578f8,_uloc_getAvailable_58,0x44
0x55793c,_ZN21LogicBattleModeServer28isPlayFieldMirroredForPlayerEii,0x30
0x55796c,_ZN13LayerSprite3D15setOutlineColorEffff,0xc
0x557978,_ZN10HomeScreenD2Ev,0x100
0x557a78,_ZNK22LogicLocationThemeData18getDestructableSCWEi,0x18
0x557a90,_ZNK6String18startsWithInternalEPKcii,0x54
0x557ae4,_uncompress2,0x16c
0x557c50,_ZN7GLImage9ktxRead32EPKhRii,0x70
0x557cc0,_ZNK17LogicSkinConfData18getIntroCameraFileEv,0x10
0x557cd0,_ZL25utf8TextMapOffsetToNativePK5UText,0x24
0x557cf4,_ZN11AndroidMain16onSurfaceChangedEii,0x240
0x557f34,_ZN17LogicClientAvatar14getCommodityAtEi,0x3c
0x557f70,_ZN6icu_5813UnicodeString9removeRefEv,0x1c
0x557f8c,_ZN10ScrollAreaC2EPK13DisplayObjecti,0xc8
0x558054,_ZN8Settings16storeCoordinatesERK6Stringff,0x80
0x5580d4,_ZNK25KickAllianceMemberMessage14getMessageTypeEv,0x8
0x5580dc,_ZNK19LogicProjectileData15getChainBulletsEv,0x8
0x5580e4,_ZNKSt6__ndk110__function6__funcIZN14MessageManager34sendLoginAttributionAnalyticsEventEvE3$_0NS_9allocatorIS3_EEFvvEE11target_typeEv,0xc
0x5580f0,_ZNKSt6__ndk110__function6__funcIZN7GLImage6createEPKcS4_9ImageWrap11ImageFilterE3$_6NS_9allocatorIS7_EEFvvEE7__cloneEPNS0_6__baseISA_EE,0x28
0x558118,_ZN11BadgeSprite6updateEf,0x230
0x558348,_ZN9Character28switchRapidFireWeaponCounterEv,0x14
0x55835c,_ZN9hb_font_t8has_funcEj,0x78
0x5583d4,_ZN15GameSCIDManagerC2Ev,0x60
0x558434,_ZN12LogicBitList8unsetBitEi,0x44
0x558478,_ZN21SignoffPlayerMapPopupD0Ev,0x6c
0x5584e4,_ZN18OwnHomeDataMessageC2Ev,0x38
0x55851c,_ZN36AppleBillingProcessedByServerMessage6setTIDERK6String,0x8
0x558524,_ZN29AvailableServerCommandMessageC2Ei,0x30
0x558554,_ZN26RankedMatchBanEndedMessageC2Ev,0x64
0x5585b8,_ZN5titan3com9supercell5titan19NativeDialogManager22nativeDialogDismissAllEv,0x5c
0x558614,_ZN31KakaoAccountAlreadyBoundMessage9setAvatarEP17LogicClientAvatar,0x8
0x55861c,_ubrk_countAvailable_58,0x4
0x558620,_ZN19TeamInvitationPopupD0Ev,0x6c
0x55868c,_ZNK21LogicGameObjectServer25getLogicGameObjectManagerEv,0x8
0x558694,_ZN17HighRateUdpSocket17setMessageFactoryEP19LogicMessageFactory,0x8
0x55869c,_ZN32BrawlPassAutoCollectRewardsPopupC2Ei,0x3e0
0x558a7c,_ZN32BrawlPassPointRewardNotification8destructEv,0x24
0x558aa0,_ZN10NativeFont16setFallbackFontsEPK6Stringib,0x1dc
0x558c7c,_Z23isMoviePlaybackFinishedv,0x3c
0x558cb8,_ZNK29scMultithreadedLoadingManager16isMultithreadingEv,0x20
0x558cd8,_ZN15ProLeagueScreen16refreshSeasonTabEv,0x160
0x558e38,_ZN38TencentBillingProcessedByServerMessage9setProdIdERK6String,0x8
0x558e40,_ZNK26BindFacebookAccountMessage14getMessageTypeEv,0x8
0x558e48,_ZNK9MovieClip13getFrameIndexEPKc,0x78
0x558ec0,_ZN37YoozooBillingProcessedByServerMessage6decodeEv,0xc0
0x558f80,_ZN17LogicClientAvatar22getOfflineAccountIDLowEv,0x8
0x558f88,_ZN11DragHandler14setScreenCoordEff,0x8
0x558f90,_ZL24clear_substitution_flagsPK18hb_ot_shape_plan_tP9hb_font_tP11hb_buffer_t,0x78
0x559008,_ZNK17ReplayStreamEntry8getBuildEv,0x8
0x559010,_ZN8InStream8readBoolEv,0x88
0x559098,_ZN28NameChangeConfirmationScreen10poppedBackEv,0x4
0x55909c,_ZN15AllianceManager19isJoinableForPlayerEP17AllianceTeamEntry,0x78
0x559114,_ZN22GameCenterUserListener24gameCenterAuthenticationEbP16GameCenterPlayerP19GameCenterSignature,0x4
0x559118,_ZN10GameButton8touchOutEi,0x4
0x55911c,_ZNK6icu_587UVector11containsAllERKS0_,0x100
0x55921c,_ZL16ucstrTextExtractP5UTextllPtiP10UErrorCode,0x1f4
0x559410,_ZNKSt6__ndk110__function6__funcIZN11scTaskQueue3runIZN7GLImage6createEPKhi9ImageWrap11ImageFilterE3$_2EENS_13invoke_resultIT_JEE4typeESB_EUlvE_NS_9allocatorISE_EEFvvEE11target_typeEv,0xc
0x55941c,_ZN9BitStream25readPositiveIntMax1048575Ev,0x6c
0x559488,_ZN35BuyBundleBillingPackResponseMessage8destructEv,0x28
0x5594b0,_ZN13PlayerProfile7setStatEii,0x40
0x5594f0,_ZNK34JoinAllianceUsingInvitationMessage22getAvatarStreamEntryIdEv,0x8
0x5594f8,_ZNKSt6__ndk110__function6__funcIZN29scMultithreadedLoadingManager6submitEP14scResourceDataRK18scResourceLoadInfoE3$_1NS_9allocatorIS8_EEFvvEE11target_typeEv,0xc
0x559504,_ZN26ChampionshipChallengePopupD2Ev,0x170
0x559674,_ZNK10BattleMode8isPausedEv,0x28
0x55969c,_ZN6Effect7setTextERK6String,0x8
0x5596a4,_ZN22GatchaDropOverviewItem6updateEf,0x10
0x5596b4,_ZN15AllianceManager23checkSeenOnlineStatusesEv,0xac
0x5598d8,_ZN9PopupBaseC2Ev,0xcc
0x5599a4,_ZN15LogicDataTables16isEmoteAvailableEPK13LogicHomeModePK14LogicEmoteData,0x7c
0x559a20,_unorm2_getNFCInstance_58,0xbc
0x559adc,_ZN25RequestMatchCancelMessage8destructEv,0x4
0x559ae0,_ZN14AssetReference5parseERK6String,0x24c
0x559d2c,_ZNSt6__ndk110__function6__funcIZN14LineConnection14requestFriendsEvE3$_5NS_9allocatorIS3_EEFvbPKN8linecorp4nova5graph5model21ProfilePagingResponseEPKNS7_5ErrorEEED0Ev,0x4
0x559d30,_ZThn336_N27BrawlerSuggestionStreamItem13buttonClickedEP12CustomButton,0x68
0x559d98,_ZNK11TeamManager31getNewStreamItemFromOthersCountEv,0x60
0x559df8,_ZN6icu_58L15sortiComparatorEPKvS1_S1_,0x18
0x559e10,_Java_com_supercell_titan_SupercellId_setNotificationBadge,0x18
0x559e28,_ZN7rg_etc110etc1_block11pack_color5ERKNS_13color_quad_u8Ebj,0x7c
0x559ea4,_ZN7SCWFile14mergeSkeletonsERK14LogicArrayListI6StringE,0xd9c
0x55ac40,_ZN16ProgressBarTween7setTextEP9TextFieldRK6Stringiib,0x10c
0x55ad4c,_ZNK18LogicAccessoryData20getMissingTargetTextEv,0x10
0x55ad5c,_ZNK15ApiTokenMessage8getTokenEv,0x8
0x55ad64,_ZNK22LogicLocationThemeData15getWaterTileSCWEi,0x18
0x55ad7c,_ZN15FacebookManager12bindFacebookEb,0xd8
0x55ae54,_ZN16ServerConnection21debugResetAccountDataENS_10ServerTypeE,0x130
0x55af84,_ZThn96_N22EsportTournamentsPopup13buttonClickedEP12CustomButton,0x50
0x55afd4,_ZN10PlayerInfo6updateEf,0x15c
0x55b130,_ZN6icu_589UVector3212setElementAtEii,0x1c
0x55b14c,_ZNK20LogicCharacterClient9isShockedEv,0x3c
0x55b188,_ZN13EnterAgePopup15handleOkPressedEv,0x38
0x55b1c0,_ZN24HighRateUdpPacketHandler4sendEv,0x198
0x55b358,_ZN8HudPrint6updateEf,0x15c
0x55b4b4,_ZNK24TextInputVirtualKeyboard7getTextEv,0x4
0x55b4b8,_u_setMemoryFunctions_58,0x4c
0x55b504,_ZThn96_N16DeviceLinkWindow13buttonClickedEP12CustomButton,0x78
0x55b57c,_ZNK15LogicItemServer6encodeEP9BitStreami,0xcc
0x55b648,_ZN9CombatHUD15KilledPlayerHUD35setColorTransformMulRGBFromIntColorER14ColorTransformi,0x18
0x55b660,_ZN17TencentLoginState5enterEv,0x10ec
0x55c74c,_u_totitle_58,0x14
0x55c760,_ZN4asio6detail23reactive_socket_recv_opINS_17mutable_buffers_1ENS0_7read_opINS_19basic_stream_socketINS_2ip3tcpENS_15any_io_executorEEES2_PKNS_14mutable_bufferENS0_14transfer_all_tEZZN9Messaging15startSocketReadERKNSt6__ndk110shared_ptrIvEEENK3$_3clERKNSE_10error_codeEmEUlSM_mE_EES7_E11do_completeEPvPNS0_19scheduler_operationESM_m,0x3d4
0x55cb34,_ZNK12MapEditorHUD16getAnalyticsNameEv,0xc
0x55cb40,_ZN10GameButton12touchPressedERK5Touch,0x20
0x55cb60,_ZNK3GUI8getLayerENS_5LayerE,0xc
0x55cb6c,_ZNKSt6__ndk110__function6__funcIZN7GLImage6createEPKhi9ImageWrap11ImageFilterE3$_3NS_9allocatorIS7_EEFvvEE7__cloneEv,0x50
0x55cbbc,_ZN10GameButton16setGoldPriceTextEPKciS1_,0xc0
0x55cc7c,_ZN19SuggestBrawlerPopup15handleDeletionsEv,0x60
0x55ccdc,_ZN11FlyParticleC2ERK6StringS2_,0xac
0x55cd88,_ZNK21LogicProjectileServer9getStartYEv,0x8
0x55cd90,_ZN13SettingsPopupD2Ev,0xc0
0x55ce50,_ZNK15ChecksumEncoder17isCheckSumEnabledEv,0x8
0x55ce58,_ZN19NotificationMessage6encodeEv,0x50
0x55cea8,_ZN13ShapeOriginal5cloneEPK12SupercellSWFPK4Rect,0x68
0x55cf10,_ZN20LogicCharacterServer10chargeUltiEibbP11LogicPlayerPS_,0xe0
0x55cff0,_ZN18DeliveryCardsPopup22fadeToGachaMusicVolumeEv,0x20
0x55d010,_ZNK14LogicPlayerMap20getCompressedMapDataEv,0x8
0x55d018,_ZNK14LogicSkillData19getButtonExportNameEv,0x10
0x55d028,_ZNK24LogicParticleEmitterData18getParticleMinLifeEv,0x10
0x55d038,_ZNKSt6__ndk110__function6__funcIZN11AndroidMain15recreateSurfaceEvE3$_4NS_9allocatorIS3_EEFvvEE7__cloneEPNS0_6__baseIS6_EE,0x10
0x55d048,_ZN16UdpReceiveBuffer11checkBufferER14LogicArrayListIP10UdpMessageE,0x324
0x55d36c,_ZN13HTTPMessaging9onRequestEv,0xe4
0x55d450,_ZNK13LogicDataSlot5cloneEv,0x34
0x55d484,_ZNK11LogicPlayer25getHealingDoneToTeamMatesEv,0x3c
0x55d4c0,_ZNKSt6__ndk110__function6__funcIZN32NativeFacebookConnectionCallback14sentAppRequestERK6StringS5_E3$_5NS_9allocatorIS6_EEFvvEE11target_typeEv,0xc
0x55d4cc,_ZN20PlayerJWTokenMessageC2Ei,0x40
0x55d50c,_ZNK9MovieClip14getTotalFramesEv,0x8
0x55d514,_ZN10InputFieldC2EP9TextField,0x90
0x55d5a4,_ZN9AntiCheat14hasHackerToolsEv,0x1c
0x55d5c0,_ZN12SupercellSWF18clearMovieClipPoolEv,0x38
0x55d5f8,_ZN6icu_586UStackC2EPFvPvEPFa8UElementS4_ER10UErrorCode,0x30
0x55d628,_ZN12AllianceInfo12refreshTitleEP18DecoratedTextField,0x8c
0x55d6b4,_ZNK13LogicGemOffer4copyEv,0x34
0x55d6e8,_ZN10HomeScreen4exitEv,0xb8
0x55d7a0,_ZThn96_N8MainPage13buttonClickedEP12CustomButton,0x8
0x55d7a8,_ZN9LogicMath5clampEiii,0x14
0x55d7bc,_ZNK18LogicCharacterData18getOutOfAmmoEffectEv,0x8
0x55d7c4,_ZN6icu_5812PropNameData26findPropertyValueNameGroupEii,0xb4
0x55d878,_ZN10RewardItem10setVisibleERK6Stringbf,0x5c
0x55d8d4,_ZN11LogicPlayer21resetCooldownsOnDeathEv,0x8
0x55d8dc,_Z15p_detachConsolev,0x4
0x55d8e0,_ZNKSt6__ndk110__function6__funcIZN7GLImage6createEPKc9ImageWrap11ImageFilterE3$_0NS_9allocatorIS7_EEFvvEE6targetERKSt9type_info,0x1c
0x55d8fc,_ZN21LogicGameObjectServer23changeFadeCounterServerEii,0x48
0x55d944,_ZN8HeroList13sortHeroItemsEP14LogicArrayListIP8HeroItemE,0x39c
0x55dce0,_ZNK29LogicPlayerMapEnvironmentData27isValidForGameModeVariationEi,0x138
0x55de18,_ZN16BattleEndMessage18createDummyMessageEbiP21LogicBattleModeServeriibi,0x41c
0x55e234,_ZN6icu_589BytesTrie15findUniqueValueEPKhaRi,0x18c
0x55e3c0,_ZNK14LogicSkillData17getDamageModifierEv,0x8
0x55e3c8,_ZN11wendelstein19AbstractEmitterDataC2Ev,0xb4
0x55e47c,_deflateSetHeader,0x88
0x55e504,_ZNK14LogicDataTable13getTableIndexEv,0x8
0x55e50c,_ZN5Track15clearCheckpointEv,0x4
0x55e510,_ZN8Animator14updateSkeletonEP8Skeleton,0x1a8
0x55e6b8,_uprv_isPositiveInfinity_58,0x28
0x55e6e0,_ZN13SettingsPopup17backButtonPressedEv,0x28
0x55e708,_ZNKSt6__ndk110__function6__funcIZN11scTaskQueue3runIZN10SWFTexture4loadEP12SupercellSWFbibbbbRK6StringE3$_0EENS_13invoke_resultIT_JEE4typeESC_EUlvE_NS_9allocatorISF_EEFvvEE7__cloneEv,0x38
0x55e740,_ZN11Application12getTimestampEv,0x5c
0x55e79c,_ZNK12LogicBitList15getBitsSetCountEv,0x8
0x55e7a4,_ZN16ChronosTextEntry6decodeEP10ByteStream,0x94
0x55e838,_ZN10HomeScreen10closePopupEi,0x40
0x55e878,_ZN6icu_5815RBBIDataWrapper12addReferenceEv,0x18
0x55e890,_ZNK12scZlibFilter4seekEm,0x8
0x55e898,_ZN14MessageManager25resetBadConnectionForHomeEv,0x60
0x55e8f8,_ZNK16LogicMessageData15getSortPriorityEv,0x10
0x55e908,_Z18intersectRay3fAabbRK7Vector3IfES2_S2_S2_Rf,0x1a8
0x55eab0,_ZNK21ChronosResourceFolder25getChronosSchemeCachePathERK6String,0x104
0x55ebb4,_ZN10HomeScreen16heroSelectFailedEv,0x50
0x55ec04,_ZNSt6__ndk110__function6__funcIZN19SupercellIdCallback15avatarImageDataEP8_jobjectP11_jbyteArrayiiiRK6StringE4$_18NS_9allocatorISA_EEFvvEED0Ev,0x30
0x55ec34,_ZNK16DebugInputWindow16getAnalyticsNameEv,0xc
0x55ec40,_ZN5titan3com9supercell2id15IdConfigurationC2ERK6StringS6_S6_S6_S6_S6_S6_S6_S6_llbbS6_S6_S6_S6_S6_bbbS6_,0x29c
0x55eedc,_ZN17OnlineTeamupPopup17goToFriendsScreenEv,0x58
0x55ef34,_ZN13LogicSkinData11setWalkFaceERK6String,0x8
0x55ef3c,_ZN26AppleBillingRequestMessage9setProdIDERK6String,0x8
0x55ef44,_ZN12NSCIDManager15setWindowClosedEv,0x18
0x55ef5c,_ZNK28LogicSeasonalSkinSectionData7getModeEv,0x10
0x55ef6c,_ZN10SCTuneImpl18onConnectionFailedEP10Connection,0x24
0x55ef90,_ZN12GenericPopup9setTitle2ERK6String,0x68
0x55eff8,_ZN17AllianceFullEntry18getAllianceMembersEv,0x8
0x55f000,_ZN18DeliveryCardsPopup12clearContentEv,0x1d4
0x55f1d4,_ZN14AllianceStream10initializeEf,0x364
0x55f538,_ZN10SCTuneImpl6addIntEPK6CSVRowiRK6StringPiPKcP20SCTuneChangeListenerib,0x68
0x55f5a0,_ZN10HomeScreen19showDebugMenuButtonEv,0x8
0x55f5a8,_ZNKSt6__ndk110__function6__funcIZN11scTaskQueue3runIZN8TestCase28getAllSpritesVisibleMatchingI12CustomButtonZNS4_28getButtonsWithTextFieldValueE6StringbbS7_E4$_22EENS_6vectorIPT_NS_9allocatorISB_EEEET0_EUlvE_EENS_13invoke_resultISA_JEE4typeESA_EUlvE_NSC_ISK_EEFvvEE7__cloneEv,0x38
0x55f5e0,_ZN21LogicBattleModeClient15setGameListenerEP17LogicGameListener,0x18
0x55f5f8,_ZN16AddFriendMessage9getReasonEv,0x8
0x55f600,_ZN6icu_5811Normalizer215getNFKDInstanceER10UErrorCode,0x20
0x55f620,_ZN9PopupBase10modalCloseEv,0xc
0x55f62c,_ZN15SpriteToTexture15getGlTexImage2DEPv,0xe8
0x55f714,_ZN5titan3com6google7android4play4core6review13ReviewManagerC2EP8_jobject,0xbc
0x55f7d0,_ZN24HighRateUdpPacketHandler23sendHandShakeReceivedOkEi,0x5c
0x55f82c,_ZN16BattleLogMessage6decodeEv,0x1d8
0x55fa04,_ZN16DebugInputWindow6updateEf,0x10
0x55fa14,_ZNK18LogicAccessoryData16getInterruptableEv,0x10
0x55fa24,_ZNSt6__ndk16__sortIRZN11wendelstein10flushLayerERNS1_21MovieClipRendererDataEiE3$_0PNS2_11BucketRangeEEEvT0_S8_T_,0x788
0x5601ac,_ZThn8_NK24SkinCampaignGroupHandler16getAnalyticsNameEv,0x80
0x56022c,_ZN11CountryItemD2Ev,0x14
0x560240,_ZN14LoginOkMessage13setServerTimeEP6String,0x8
0x560248,_ZNK18LogicCharacterData16getOffenseRatingEv,0x10
0x560258,_ZNK15DraggableButton10isDraggingEv,0x8
0x560260,_ZN10HomeScreen12skinUnlockedEPK13LogicSkinData,0x54
0x5602b4,_ZN11TeamManager15clearTeamStreamEv,0x14c
0x560400,_ZNK14ChatStreamItem15getMessageCountEv,0x14
0x560414,_outputUString,0x174
0x560588,_ZN26sc3dWorldCombiningRenderer6renderER11RenderQueuePKNS0_5ChunkEiP8MaterialNS0_12OverrideModeENS0_14DepthWriteModeE,0x1b4
0x56073c,_ZN18StreamEntryFactoryC2Ev,0x4
0x560740,_ZN35AddFriendByAvatarNameAndCodeMessageC2Ev,0x34
0x560774,_ZN16ClanMessagePopup6updateEf,0xf0
0x560864,_ZN13DisplayObject5setXYERK7Vector2IfE,0xc
0x560870,_ZN8Databind16JSONOutReflector8popStackEv,0xe0
0x560950,_ZN20BattleEndPreviewMenu6renderER9Matrix2x3R14ColorTransformif,0x4
0x560954,_ZNK26EnterSupportedCreatorPopup12getPopupTypeEv,0x8
0x56095c,_Buf_Init,0x8
0x560964,_ZN14SettingsScreenD0Ev,0x24
0x560988,_ZN14ShadowRendererD0Ev,0x24
0x5609ac,_ZNK17LogicLocationData19getBannerExportNameEv,0x80
0x560a2c,_ZThn16_N17TencentLoginState15dialogDidCancelEi,0x1c
0x560a48,_ZN8Databind8DatabindD2Ev,0x1f4
0x560c3c,_ZN6icu_58L20segmentStarterMapperEPKvj,0x8
0x560c44,_ZN24EsportTournamentsWebView4showEv,0xc4
0x560d08,_ZNK21LogicTutorialStepData20getAnimationClipSWF2Ev,0x10
0x560d18,_ZNK8CSVTable6equalsEPKS_,0x128
0x560e40,_ZNKSt6__ndk110__function6__funcIZZN11AndroidMain16onSurfaceChangedEiiENK3$_1clEvEUlvE_NS_9allocatorIS4_EEFvvEE7__cloneEPNS0_6__baseIS7_EE,0x18
0x560e58,_u_isUAlphabetic_58,0x84
0x560edc,_ZN11RankIndices7refreshEii,0x7c
0x560f58,_ZN10NativeFont14setGlyphMarginEjjjjj,0x78
0x560fd0,_ZN16LogicOfferBundle15createMiniOfferEiiP13LogicGemOffer,0x220
0x5611f0,_ZN19NotificationMessage15setNotificationEP16BaseNotification,0x8
0x5611f8,_ZNK3GUI11getTopPopupEv,0x20
0x561218,_ZN6icu_5822RuleBasedBreakIterator16refreshInputTextEP5UTextR10UErrorCode,0x98
0x5612b0,_ZN12LogicGlobals8destructEv,0x9c
0x56134c,_ZN12RenderSystem12touchPressedERK5Touch,0x68
0x5613b4,_ZNKSt6__ndk110__function6__funcIZN19SupercellIdCallback16windowDidDismissEP8_jobjectE3$_0NS_9allocatorIS5_EEFvvEE11target_typeEv,0xc
0x5613c0,_ZNK6icu_5810UnicodeSet13addMatchSetToERS0_,0x10
0x5613d0,_ZNK16GameStateManager16getHomeGameStateEv,0x8
0x5613d8,_ZN15GameSCIDManager17debugClearAllDataERK6String,0x24
0x5613fc,_ZN14LoginOkMessage26setDaysSinceStartedPlayingEi,0x8
0x561404,_ZN32NativeFacebookConnectionCallback30convertFacebookUserFromFQLDataEPK15LogicJSONObjectR12FacebookUser,0x210
0x561614,_ZN26ListBrawlTvChannelsMessage6encodeEv,0x38
0x56164c,_ZNK8Databind14IDatabindTable18canDeleteChildNodeER6StringRKNS_16DatabindTreeNodeE,0xa8
0x5616f4,_ZN11SCIDManager19clearCurrentAccountEv,0x6c
0x561760,_ZN33DebugNewbieCoopOverrideSetMessageC2Ei,0x38
0x561798,_ZN10ScrollArea12setAreaWidthEf,0x8
0x5617a0,_ZNK17AnimationInstance20isTargettedAnimationEv,0x10
0x5617b0,_ZN25LogicOffersChangedCommand7executeEP13LogicHomeModeib,0x8c
0x56183c,_ZN6icu_5813UnicodeString19getTerminatedBufferEv,0xf8
0x561934,_ZN12LoginMessageC2Ei,0x8c
0x5619c0,_ZNK32BrawlPassAutoCollectRewardsPopup12getPopupTypeEv,0x8
0x5619c8,_ZN33RankedMatchHeroDataUpdatedMessage18getServiceNodeTypeEv,0x8
0x5619d0,_ZNK9CombatHUD20isLeavePromptAllowedEP21LogicBattleModeClient,0x74
0x561a44,_ZNK20EventSuggestionPopup12getPopupTypeEv,0x8
0x561a4c,_ZNK13QuestListItem11isCompletedEv,0x30
0x561a7c,_ZN19LogicLevelUpCommand7getCostEPK13LogicHomeModePK18LogicCharacterData,0x40
0x561abc,_ZN4Rect6setMinEif,0x10
0x561acc,_ZN8Databind23NlohmannJsonInReflector17reflectExitObjectEv,0x4
0x561ad0,_ZN11SoundSystem11stopChannelEj,0x3c
0x561b0c,_ZN14SettingsScreen17shouldUseSelfhelpEv,0x38
0x561b44,_ZN10BattleMode6updateEff,0x398
0x561edc,_ZNK11InputSystem11getFreeSlotEv,0xc8
0x561fa4,_ZN21LogicProjectileServer4tickEv,0x41c
0x5623c0,_ZNK22SubmitPlayerMapMessage8getMapIdEv,0x8
0x5623c8,_ZN20LogicCharacterServer8destructEv,0x1fc
0x5625c4,_ZN13EffectManager16removeReferencesEPK14GameObjectBasei,0x98
0x56265c,_ZN15LaserBoxManager8isSubURLERK6StringS2_,0x1ac
0x562808,_ZNK17LogicCampaignData11getNumBasesEv,0x10
0x562818,_ZNK6Sprite8containsEPK13DisplayObject,0x10
0x562828,_ZNK10HomeScreen19getDebugCommandSkinEi,0x44
0x56286c,_ZN10GameObject26playEffectNoLoopDontMirrorEPK15LogicEffectDatai,0x140
0x5629ac,_ZN18DataPatchGeneratorC2Ev,0x4
0x5629b0,_ZN39GoogleServiceAccountAlreadyBoundMessageC2Ev,0x40
0x5629f0,_ZN5titan3com9supercell5titan21NativeFacebookManager17jniRequestFriendsEv,0x5c
0x562a4c,_ZN15MovieClipHelper21getMovieClipRecursiveEP9MovieClipRK6String,0x44
0x562a90,_ZNSt6__ndk110__function6__funcIZN11scTaskQueue3runIZN11AndroidMain14destroySurfaceEvE3$_3EENS_13invoke_resultIT_JEE4typeES7_EUlvE_NS_9allocatorISA_EEFvvEE18destroy_deallocateEv,0x4
0x562a94,_ZN16UdpReceiveBufferC2Ev,0x14
0x562aa8,_ZN8Databind23NlohmannJsonInReflector25reflectNextObjectOptionalEb,0x64
0x562b0c,_ZNK22LogicLocationThemeData19getBannerExportNameEv,0x10
0x562b1c,_ZNSt6__ndk110__function6__funcIZN19SupercellIdCallback24setPendingLoginWithPhoneEP8_jobjectRK6StringbE3$_8NS_9allocatorIS8_EEFvvEE7destroyEv,0x8
0x562b24,_ZN27TeamJoinOrCreateRoomMessageC2Ev,0x5c
0x562b80,_ZN12BattleScreen17backButtonPressedEv,0x30
0x562bb0,_ZN8HomePage23addPlayerScoreContainerEP9MovieClipi,0xac
0x562c5c,_ZNK30SubmitPlayerMapResponseMessage11getMapStateEv,0x8
0x562c64,_ZN6Friend19initFromFriendEntryEP11FriendEntry,0x1f8
0x562e5c,_ZN7Billing32setDeferredPurchaseExpirySecondsEi,0x4
0x562e60,_ZN21LogicJSONOutReflector20reflectStringBuilderER13StringBuilderPKc,0x54
0x562eb4,_ZN12SoundManager9stopMusicEv,0x48
0x562efc,_ZN13HTTPMessaging12writeMessageEP14PiranhaMessagePKv,0x9c
0x562f98,_ZN22GatchaDropOverviewItemC2EP10GatchaDropi,0x60
0x562ff8,_ZNK14MessageManager26isWaitingKeepAliveResponseEv,0x10
0x563008,_ZN26BattleLogViewReplayMessage6encodeEv,0x38
0x563040,_ZL17getNormQuickCheckRK11IntPropertyi9UProperty,0x14
0x563054,_ZN13LogicGemOffer16canEmotePackDropEP14LogicArrayListIPK14LogicEmoteDataE,0xac
0x563100,_ures_getByKeyWithFallback_58,0x42c
0x56352c,_ZN9HeroEntry8destructEv,0xc
0x563538,_ZN29ChangeAllianceSettingsMessage25removeAllianceDescriptionEv,0x10
0x563548,_ZN20RankedSeasonEndPopupC2EP27RankedSeasonEndNotification,0x26c
0x5637b4,_ZN15LogicItemServerC2EPK13LogicItemData,0xe8
0x56389c,_ZN8Databind24NlohmannJsonOutReflector15reflectIntArrayER14LogicArrayListIiERK6String,0x104
0x5639a0,_ZN10HomeScreen17avatarNameChangedEb,0xe8
0x563a88,_ZNK22LogicColorGradientData8getScaleEv,0x34
0x563abc,_ZNK37KunlunBillingProcessedByServerMessage13getStatusCodeEv,0x8
0x563ac4,_ZN15LogicDataTables16getBerserkEffectEv,0xc
0x563ad0,_ZN12TitanWebView6reloadEv,0xc
0x563adc,_ZN31KakaoAccountAlreadyBoundMessage6encodeEv,0x7c
0x563b58,_ZNSt6__ndk110__function6__funcIZN6scglTF12_GLOBAL__N_111convertGLTFEP7SCWFileRKN2fx4gltf8DocumentERK6StringE3$_0NS_9allocatorISE_EEFvvEE7destroyEv,0x4
0x563b5c,_ZNK21LogicProjectileServer6encodeEP9BitStreambii,0x1dc
0x563d38,_ZN12jpeg_decoder5beginEv,0x90
0x563dc8,_ZN9LogicData22clearReferencedBooleanEv,0x8
0x563dd0,_ZN8Sprite3DC2Ev,0x84
0x563e54,_ZN11Character3D12preloadModelEP16ResourceListenerPK13LogicSkinDatab,0xb0
0x563f04,_ZL9hashEntry8UElement,0x38
0x563f3c,_ZN28PushNotificationQueueElementC2Ev,0xc
0x563f48,_ZN11InputSystem20setTouchForceEnabledEb,0x34
0x563f7c,_ZThn96_N20PlayerThumbnailPopup13buttonClickedEP12CustomButton,0x8
0x563f84,_ZN19StartMissionMessage6encodeEv,0x4
0x563f88,_prot_ctor_44838203_a45f_46c9_9ec2_b0f70bb8a77f_1_ctor,0x77c
0x564704,_ZN14LogicMusicData12resetStaticsEPK8CSVTable,0x2f0
0x5649f4,_ZN11StringTable12getMovieClipERK6StringS2_,0x60
0x564a54,_ZN6icu_5813UnicodeString10setToBogusEv,0x5c
0x564ab0,_ZNK8CSVTable14getArraySizeAtEPK6CSVRowi,0xb0
0x564b60,_ZN6icu_5815RBBIDataWrapper15removeReferenceEv,0x74
0x564bd4,_ZN8GameMain6updateEff,0x33c
0x564f10,_ZNKSt6__ndk110__function6__funcIZN8TestCase17releaseStageTouchEvE3$_4NS_9allocatorIS3_EEFvvEE11target_typeEv,0xc
0x564f1c,_ZN17LogicGameCalendar12setDayOfYearEi,0xbc
0x564fd8,_ZN23GetPlayerProfileMessageC2EP9LogicLongP20BattleLogPlayerEntryi,0x4c
0x565024,_ZN18FacebookConnection9handleURLEPKcS1_,0x8
0x56502c,_ZN10LogicOffer6decodeEP10ByteStream,0x28
0x565054,_ZNK14TencentManager16canAskForFriendsEv,0x78
0x5650cc,_ZN27LogicPlayerRankedSeasonData26getSeasonHighestPermillageEv,0x38
0x565104,_ZN17LogicGamePlayUtil29getClosestPathfinderCollisionEiiiiiP15LogicPathFinderP12LogicVector2bb,0xfc
0x565200,_ZN6icu_587UVector16getStaticClassIDEv,0xc
0x56520c,_ZN14BlingTextField13spawnParticleEi,0x198
0x5653a4,_nti_font_get_cap_height,0x98
0x56543c,_ZN10ByteStream10readStringERK6Stringi,0x108
0x565544,_ZNK14LogicSoundData17getPadEmpyToEndMsEv,0x10
0x565554,_ZN20AvatarProfilePictureD0Ev,0x24
0x565578,_ZNK20LogicCharacterClient21getSnakeOilStackCountEv,0x94
0x56560c,_ZN18DecoratedTextFieldD2Ev,0x40
0x56564c,_ZN14BattleEndPopup29getDefaultExitButtonExecutionEv,0x58
0x5656a4,_umtx_condSignal_58,0x4
0x5656a8,_ZN9xMatrix445scaleERK7Vector3IfE,0x58
0x565700,_ZNKSt6__ndk110__function6__funcIZN19SupercellIdCallback13forgetAccountEP8_jobjectRK6StringS7_E3$_3NS_9allocatorIS8_EEFvvEE7__cloneEPNS0_6__baseISB_EE,0x48
0x565748,_ZN12UIOpenDialogD0Ev,0x74
0x5657bc,_ZNK18LogicCarryableData7getMaxZEv,0x10
0x5657cc,_ZN9MovieClip15createMovieClipEP17MovieClipOriginalPK12SupercellSWF,0x1dc
0x5659a8,_ZN10ByteStream9writeInt8Ei,0x88
0x565a30,_ZNK14VideoAdManager24videoAdsEnabledForPlayerEPK13LogicHomeMode,0x8
0x565a38,_ZN9BitStream16writeIntMax65535Ei,0x8
0x565a40,_ZN22TeamRequestJoinMessageC2Ev,0x34
0x565a74,_ZNK15MapEditorScreen12touchToLogicERK5TouchRiS3_,0x208
0x565c7c,_ZN21RankedTeamSelectPopup13buttonClickedEP12CustomButton,0x28c
0x565f08,_ZN7SCWFile26findAndValidateSourceArrayEPP8GeometryiPKci,0x25c
0x566164,_ZNK6Shader17setUniformVector2EPKcff,0x44
0x5661a8,_ZN13DisplayObject9getHeightEv,0x90
0x566238,_ZNKSt6__ndk110__function6__funcIZ14getLineProfileP13ILineListenerRK6StringE3$_0NS_9allocatorIS7_EEFvbPKN8linecorp4nova5graph5model7ProfileEPKNSB_5ErrorEEE11target_typeEv,0xc
0x566244,_ZN10SCTuneImpl10addBooleanEPK6CSVRowRK6StringPbPKcP20SCTuneChangeListenerib,0x7c
0x5662c0,_Java_com_supercell_titan_SupercellId_completeClaimShopItemResult,0x70
0x566330,_ZN8RankItemD0Ev,0x68
0x566398,_ZN8Databind24NlohmannJsonOutReflector11addIntArrayEPK14LogicArrayListIiE,0x140
0x5664d8,_ZN20PlayerThumbnailPopupD2Ev,0xa8
0x566580,_ZNK23TeamMemberStatusMessage14getMessageTypeEv,0x8
0x566588,_ZN8AdStatus6decodeEP10ByteStream,0x5c
0x5665e4,_ZN4Path8savePathEv,0x10
0x5665f4,_ZN18AttackRadiusSprite12initArcShapeEv,0x454
0x566a48,_ZN20EndClientTurnMessage18getServiceNodeTypeEv,0x8
0x566a50,_ZN13LogicSkinData16setLobbyLoopAnimERK6String,0x8
0x566a58,_ZN37YoozooBillingProcessedByServerMessage6encodeEv,0x50
0x566aa8,_ZNSt6__ndk110__function6__funcIZN11scTaskQueue3runIZN8TestCase23withFirstSpriteMatchingENS_8functionIFbP6SpriteEEENS5_IFvS7_EEEE4$_13EENS_13invoke_resultIT_JEE4typeESE_EUlvE_NS_9allocatorISH_EEFvvEE7destroyEv,0x4
0x566aac,_ZNK15MapEditorScreen15getRenderSystemEv,0x8
0x566ab4,_ZN23LogicCharacterClientOwn19updateMoveDirectionEP12LogicVector2S1_ii,0xfc
0x566bb0,_ZN39GoogleServiceAccountAlreadyBoundMessage8destructEv,0xac
0x566c5c,_ZNK15LaserBoxManager6getURLEiRK6String,0x2c
0x566c88,_ZN10NativeFont15NativeFormatterD2Ev,0x34
0x566cbc,_ZN6Effect9setTargetEPK14GameObjectBase,0x8
0x566cc4,_ZN24UdpConnectionInfoMessage16removeServerHostEv,0x10
0x566cd4,_ZN15sc3dWorldSprite18setRenderToTextureEbii,0xa0
0x566d74,_utrie_set32_58,0xac
0x566e20,_ZN26AllianceStreamEntryMessage6encodeEv,0x50
0x566e70,_ZN9QuestItemC2EP11QuestsPopupP9QuestData,0x4d8
0x567348,_ZN15LogicPathFinder11isReachableEiiibb,0x2c
0x567374,_ZN8Databind16JSONOutReflector11reflectLongExRK6Stringx,0x8c
0x567400,_ZN12LoginMessage15setTencentTokenERK6String,0x8
0x567408,_ZNKSt6__ndk110__function6__funcIZ61Java_com_supercell_titan_GoogleServiceClient_onSignInCanceledP7_JNIEnvP7_jclassE3$_2NS_9allocatorIS6_EEFvvEE11target_typeEv,0xc
0x567414,_ZN26LogicDeviceLinkDoneMessage8destructEv,0x34
0x567448,_ZN10Multitouch13getTouchCountEv,0x18
0x567460,_ZN8SelfhelpD0Ev,0x60
0x5674c0,_ZN25LogicClaimAdRewardCommandC2Ev,0x30
0x5674f0,_ZN11DragHandler11setMaxScaleEf,0x8
0x5674f8,_lzham_z_deflateBound,0x4
0x5674fc,_ZN29SendAllianceInvitationMessage18getServiceNodeTypeEv,0x8
0x567504,_ZNK15LaserBoxManager19isEsportsTabEnabledEv,0x3c
0x567540,_ZN17PlayerMapsMessage16removePlayerMapsEv,0x10
0x567550,_ZN14AllianceSearch13buttonClickedEP12CustomButton,0x190
0x5676e0,_ZN18DeliveryCardsPopup7refreshEv,0xaf0
0x5681d0,_ZN11LogicPlayer12killedPlayerEii,0x23c
0x56840c,_ZN14BrawlPassPopup26getTextFieldFromContainersERK6String,0x7c
0x568488,_ZN16LogicStringTable9setStringERK6StringRK14LogicArrayListIS0_E,0x194
0x56861c,_ZN20NativeSCIDConnectionD2Ev,0x94
0x5686b0,_ZN30AvatarNameCheckResponseMessage12setErrorCodeEi,0x8
0x5686b8,_ZNK18LogicAnimationData13getAutoFadeMsEv,0x8
0x5686c0,_ZN5tween5Quint6easeInEffff,0x18
0x5686d8,_ZNK16LogicSkillServer20isOkToReduceCooldownEP20LogicCharacterServerP28LogicGameObjectManagerServer,0x8
0x5686e0,_ZN7Offline15setPreviewAnimsEii,0xa0
0x568780,_ZN18LogicAccessoryDataC2EP6CSVRowP14LogicDataTable,0x2c
0x5687ac,_ZN12BattleScreen9debugDrawEv,0x4
0x5687b0,_ZN21LogicBattleModeServer24isLeaveBattleSupportedInEi,0x4
0x5687b4,_ZNKSt6__ndk110__function6__funcIZN19SupercellIdCallback24clearPendingRegistrationEP8_jobjectE3$_5NS_9allocatorIS5_EEFvvEE11target_typeEv,0xc
0x5687c0,_ZN14LoginOkMessage21getServerMajorVersionEv,0x8
0x5687c8,_ucase_hasBinaryProperty_58,0x574
0x568d3c,_uprv_readSwapUInt16,0xc
0x568d48,_ZN14BattleEndPopup22getDeathmatchExecutionEv,0x8c0
0x569608,_ZN11DragHandlerC2Effffff,0x140
0x569748,_ZN15MovieClipHelper21createScreenContainerEP6SpriteRK6Stringi,0x2c8
0x569a10,_ZNK15LaserBoxManager18getLandingPageSiteEv,0x8
0x569a18,_ZNSt6__ndk110__function6__funcIZN14LineConnection9autologinEvE3$_1NS_9allocatorIS3_EEFvbPKN8linecorp4nova11CredentialsEPKNS7_5ErrorEEED0Ev,0x4
0x569a1c,_ZN23AllianceEventStreamItemC2EP11StreamEntryb,0x144
0x569b60,_ZN15OutlineRendererD0Ev,0x3c
0x569b9c,_ZN8Debugger5errorEPKc,0xb8
0x569c54,_ZNK18LoginFailedMessage18getMaintenanceTypeEv,0x8
0x569c5c,_ZN14LoginOkMessage30setSecondsUntilAccountDeletionEi,0x8
0x569c64,_ZN9PopupBase9destroyBgEv,0x50
0x569cb4,_ZN24ClientCryptoErrorMessage8destructEv,0x24
0x569cd8,_ZNK17LogicCampaignData13getTowerLevelEv,0x10
0x569ce8,_ZN9FlashUtil14replaceEffectsEP6Spriteb,0x31c
0x56a004,_ZN24LogicExpressionEvaluator7parseOrEv,0x368
0x56a36c,_ZNK13DisplayObject9getScaleXEv,0x8
0x56a374,_ZNK37LogicDeviceLinkCodeDeactivatedMessage14getMessageTypeEv,0x8
0x56a37c,_ZNK14BrawlTvManager19getCurrentChannelIdEv,0x8
0x56a384,_ZN17FriendListMessageC2Ei,0x3c
0x56a3c0,_ZNK14LogicMusicData11getFileNameEi,0x38
0x56a3f8,_ZN12jpeg_decoder10word_clearEPvtj,0x5c
0x56a454,_ZN21BasicReflectableIdMap16destroyChildMapsEv,0x70
0x56a4c4,_ZN23SignoffPlayerMapMessage8destructEv,0x4
0x56a4c8,_hb_ot_layout_table_find_script,0x38c
0x56a854,_ZN27FacebookAccountBoundMessage13getResultCodeEv,0x8
0x56a85c,_ZN20AllianceTeamsMessage18getServiceNodeTypeEv,0x8
0x56a864,_ZN34FacebookAccountAlreadyBoundMessage9setAvatarEP17LogicClientAvatar,0x8
0x56a86c,_ZNK19LogicAreaEffectData19getExportNameTopRedEv,0x10
0x56a87c,_ZN6Screen18getSafeMarginRightEv,0x10
0x56a88c,_ZNK17LogicGameCalendar19getRemainingSecondsEPS_,0x74
0x56a900,_ZN17PlayerDisplayDataC2EP10ByteStream,0xc4
0x56a9c4,_ZN13AlliancePopup16pushAllianceInfoEPK9LogicLong,0x88
0x56aa4c,_ZN27LogicSelectCharacterCommand10canExecuteEPK13LogicHomeModePK18LogicCharacterData,0x58
0x56aaa4,_ZN19QualifyNotification8destructEv,0x4
0x56aaa8,_ZN5titan3com9supercell5titan15PurchaseManager6addSkuERK6Stringb,0x9c
0x56ab44,_ZNSt6__ndk110__function6__funcIZN11scTaskQueue3runIZN7GLImage6createEiiiPKh9ImageWrap11ImageFilterE3$_7EENS_13invoke_resultIT_JEE4typeESB_EUlvE_NS_9allocatorISE_EEFvvEEclEv,0x40
0x56ab84,_ZNK3GUI21isFullScreenPopupOpenEb,0x98
0x56ac1c,_ZNK20SelectableButtonList16getSelectedIndexEv,0x1c
0x56ac38,_Z28isHeroItemSortingModeEnabled15HeroItemSorting,0xc
0x56ac44,_ZN24LogicExpressionEvaluator14trackEvalStackEi,0x30
0x56ac74,_ZNSt6__ndk110__function6__funcIZN11scTaskQueue3runIZN6Shader4loadEPKcS6_PS6_iE3$_0EENS_13invoke_resultIT_JEE4typeESA_EUlvE_NS_9allocatorISD_EEFvvEE18destroy_deallocateEv,0x4
0x56ac78,_ZN22PurchaseBrawlPassPopup12setupSectionERK6StringS2_b,0x25c
0x56aed4,_ZN18sc3dPanPinchCamera11updateShakeEf,0xc0
0x56af94,_ZN11Application23appTrackingCanTrackUserEv,0x8
0x56af9c,_ZNK14BillingManager15isPlayerCountryERK6String,0x10c
0x56b0a8,_ZN14TencentManager12queryOwnInfoEv,0x14
0x56b0bc,_ZN29HomeBattleReplayViewedMessageC2Ev,0x38
0x56b0f4,_ZNK6String9substringEii,0x21c
0x56b310,_ZN9ClanPopup9onMessageEP14PiranhaMessage,0x54
0x56b364,_ZN22UpdatePlayerMapMessage8destructEv,0x40
0x56b3a4,_ZN27ClaimRankRewardPopupHandler13setupItemDescEP9TextFieldi,0x14
0x56b3b8,_ZNK13DisplayObject20getBounds_deprecatedEPK6SpriteP4Rectb,0x74
0x56b42c,_ZN12SupercellSWF8readBoolEv,0x104
0x56b530,_ZN5Stage13renderBucketsEv,0x98c
0x56bebc,_ZN18HomePageTeamMember25onChatBubbleButtonPressedEP10GameButton,0x8c
0x56bf48,_ZN17EventDetailsPopup14displayPopoverEP12CustomButtoniRK6Stringii,0x8c
0x56bfd4,_ZN15LaserBoxManager14createIntParamERK6Stringi,0xc8
0x56c09c,_ZN15ResourceManager15getSupercellSWFEPKcS1_,0x15c
0x56c1f8,_ZN12scZstdReader16readUnsignedCharEv,0xfc
0x56c2f4,_ZNK8NewsPage20getNewsTabOrderIndexENS_7TabTypeE,0x40
0x56c334,_Range_DecodeBit,0xa4
0x56c3d8,_ZN6icu_5813ParsePosition16getStaticClassIDEv,0xc
0x56c3e4,_ZN6Friend21setLoadedFromFacebookEb,0xc
0x56c3f0,_ZN7PageGUI14setCurrentPageEi,0xc0
0x56c4b0,_ZN8HomePage22refreshPlayerThumbnailEv,0x8
0x56c4b8,_ZN6icu_5810UnicodeSetC2EPKtiNS0_14ESerializationER10UErrorCode,0x344
0x56c7fc,_ZNSt6__ndk110__function6__funcIZ68Java_com_supercell_titan_PurchaseManager_updateBillingProductDetailsP7_JNIEnvP7_jclassP8_jstringS7_iE3$_1NS_9allocatorIS8_EEFvvEED2Ev,0x10
0x56c80c,_ZNKSt6__ndk110__function6__funcIZN32NativeFacebookConnectionCallback7friendsERK6StringE3$_2NS_9allocatorIS6_EEFvvEE7__cloneEPNS0_6__baseIS9_EE,0x18
0x56c824,_ZN5titan7android7content2pm11SigningInfo21getApkContentsSignersEv,0x7c
0x56c8a0,_ZN25SupportCreatorItemHandlerD2Ev,0x80
0x56c920,_ZN21LogicProjectileClient37copyDataFromForFirstTickInterpolationEPS_,0x7c
0x56c99c,_ZN17HighRateUdpPacket24getHandshakeOkPacketSizeEv,0x8
0x56c9a4,_ZNK8CSVTable15getIntegerValueERK6Stringi,0x9c
0x56ca40,_ZN19LogicResourceBundle22setResourcesFromStringERK6StringPK9LogicData,0x214
0x56cc54,_ZN22UpdatePlayerMapMessage8setMapIdERK9LogicLong,0xc
0x56cc60,_ZN12jpeg_decoder15make_huff_tableEiP15huff_tables_tag,0xd30
0x56d990,_ZN26LogicKeyPoolChangedCommand6decodeEP10ByteStream,0x50
0x56d9e0,_uprv_writeSwapUInt32,0xc
0x56d9ec,_ZN12LogicTileMap37calculateCollisionForLargerCharactersEv,0x540
0x56df2c,_ZN12GUIContainer12setMovieClipEP9MovieClip,0x70
0x56df9c,_ZN5lzham11lzham_timer4initEv,0x4c
0x56dfe8,_ZNK15RankRewardPopup12getPopupTypeEv,0x8
0x56dff0,_ZNK24EsportTournamentsWebView13isInternalURLERK6StringS2_,0x124
0x56e114,_ZNK19LogicResourceBundle9getAmountEPK17LogicResourceData,0x2c
0x56e140,_ZN11LogicPlayer10playerDiedEi,0x3c
0x56e17c,_ZN12scZstdReader9readShortEv,0xfc
0x56e278,_ZN15TeamLeftMessageC2Ei,0x38
0x56e2b0,_ZN17BrawlBoxInfoPopup18customButtonTappedEP10GameButtoni,0xc
0x56e2bc,_ZNK10HomeScreen17getHomeScreenHeroEv,0x18
0x56e2d4,_ZN20QuickChatStreamEntry19setTargetPlayerNameEP6String,0x44
0x56e318,_ZN22LogicMilestoneProgressC2Ev,0x14
0x56e32c,_ZNK14LogicSkillData12getEndEffectEv,0x8
0x56e334,_ZNKSt6__ndk110__function6__funcIZN5titan7android5media11MediaPlayer18OnPreparedListener6invokeEP10_jmethodIDP13_jobjectArrayE3$_0NS_9allocatorISB_EEFvRN8safe_jni5ProxyES5_EE11target_typeEv,0xc
0x56e340,_ZN18LogicCharacterData12resetStaticsEPK8CSVTable,0x211c
0x57045c,_ZN22AccountSwitchedMessage6decodeEv,0x80
0x5704dc,_ZN11SCIDManager12loadAccountsEv,0x234
0x570710,_ZN15LaserBoxManager11setSiteSeenEi,0xc
0x57071c,_ZN6icu_5813UnicodeString20handleReplaceBetweenEiiRKS0_,0x4c
0x570768,_ZN9PopupBase17setUpScreenHeaderEv,0x198
0x570900,_ZNSt6__ndk110__function6__funcIZN19EnvironmentRenderer6renderER9Matrix2x3R14ColorTransformifE3$_9NS_9allocatorIS7_EEFvvEEclEv,0x5c
0x57095c,_ZNK21LogicProjectileServer10getTargetYEv,0x8
0x570964,_ZNK11wendelstein20MovieClipEmitterData13createEmitterEv,0x54
0x5709b8,_ZN9AntiCheatD2Ev,0x7c
0x570a34,_ZNK10InputField12getInputTextEv,0x8
0x570a3c,_ZNK12LogicTileMap29getVisibilityRadiusLogicXLeftEi,0x8c
0x570ac8,_hb_unicode_funcs_make_immutable,0x18
0x570ae0,_ZN13ListContainer12populateListEv,0x50
0x570b30,_ZN10SetupQuestD2Ev,0x14
0x570b44,_ZN8Animator29copyLastUpdatedAnimationStateERNSt6__ndk16vectorIP9AnimationNS0_9allocatorIS3_EEEEPS3_,0x1e4
0x570d28,_ZNK28LogicGameObjectManagerServer24getGameObjectByDataIndexEPK9LogicDatai,0x94
0x570dbc,_hb_font_funcs_destroy,0x190
0x570f4c,_ZN8CSVSaver9saveTableEPK8CSVTableiP14LogicArrayListI6StringE,0x4a4
0x5713f0,_ZN6icu_5810UnicodeSet6removeERKNS_13UnicodeStringE,0x11c
0x57150c,_ZNK14LogicPlayerMap20getLocationThemeDataEv,0x18
0x571524,_ZN32NativeFacebookConnectionCallback6logoutEv,0x190
0x5716b4,_ZNSt6__ndk110__function6__funcIZN11scTaskQueue3runIZN8TestCase11pressButtonEP12CustomButtonE3$_0EENS_13invoke_resultIT_JEE4typeES9_EUlvE_NS_9allocatorISC_EEFvvEE7destroyEv,0x4
0x5716b8,_ZNK22LogicLocationThemeData16getBlocking1MeshEi,0x18
0x5716d0,_ZNK15LogicEffectData19isFollowParentAngleEv,0x8
0x5716d8,_ZN12CustomButton12touchPressedERK5Touch,0x60
0x571738,_ZNKSt6__ndk110__function6__funcIZ68Java_com_supercell_titan_PurchaseManager_updateBillingProductDetailsP7_JNIEnvP7_jclassP8_jstringS7_iE3$_0NS_9allocatorIS8_EEFvvEE6targetERKSt9type_info,0x1c
0x571754,_ZNK9CombatHUD23getAccessoryStickRadiusEv,0x38
0x57178c,_ZN14LogicSkillData8destructEv,0x54
0x5717e0,_ZNK27LogicChangeResourcesCommand6encodeEP15ChecksumEncoder,0x50
0x571830,_ZNK6scPath6existsEv,0x7c
0x5718ac,_ZN3SBM4readEP13TitanInStreami,0xf8
0x5719a4,_ZNK20LogicCharacterServer8isMovingEv,0x2c
0x5719d0,_stbi_loadf_from_callbacks,0xc4
0x571a94,_ZNK14PiranhaMessage17getMessageVersionEv,0x14
0x571aa8,_sub_571AA8,0x4c
0x571af4,_ZN8ItemIcon7refreshEv,0x46c
0x571f60,_ZN25PurchaseConfirmationPopup13touchReleasedERK5Touch,0x38
0x571f98,_ZN24LatencyTestConfigurationC2EiibbiiiiiP6StringiPciS2_iS1_i,0x150
0x5720e8,_ZN13LoadingScreen6updateEff,0x100
0x5721e8,_ZNK13EnterAgePopup9getAvatarEv,0x20
0x572208,_ZNK21LogicGameObjectClient15getDamageEffectEv,0x8
0x572210,_ZN9TeamEntry12getInviteForEii,0xe8
0x5722f8,_ZNK23DeviceLinkedStreamEntry6encodeEP15ChecksumEncoder,0x4
0x5722fc,_ZNKSt6__ndk110__function6__funcIZN7GLImage6createEPKhi9ImageWrap11ImageFilterE3$_5NS_9allocatorIS7_EEFvvEE7__cloneEPNS0_6__baseISA_EE,0x30
0x57232c,_ZNK3GUI20getNameChangeHandlerEv,0x1fc
0x572528,_ZN6icu_5813UnicodeString14copyFieldsFromERS0_a,0x78
0x5725a0,_ZNK14SceneCharacter8getAngleEv,0x18
0x5725b8,_ZN11SoundSystem14setMusicVolumeEjf,0x88
0x572640,_ZN12scZlibFilterC2Ev,0x30
0x572670,_ZN17LogicSkinConfData17setHeroScreenFaceERK6String,0x14
0x572684,_ustrcase_internalFold_58,0x2f0
0x572974,_ures_getStringByKey_58,0x214
0x572b88,_ZN26LogicRankedMatchRoundState6decodeEP10ByteStream,0x4ac
0x573034,_ZN8GameMain13touchReleasedERK5Touch,0x8
0x57303c,_ZZN6Shader4loadEPKcS1_S1_ENK3$_1clEv,0x220
0x57325c,_ZNSt6__ndk112__hash_tableINS_17__hash_value_typeINS_4pairIPKvS4_EEjEENS_22__unordered_map_hasherIS5_S6_ZN7SCWFile7getMeshEPP8GeometryiPK8MaterialSE_PK9xMatrix44E3$_1Lb0EEENS_21__unordered_map_equalIS5_S6_ZNS8_7getMeshESB_iSE_SE_SH_E3$_2Lb0EEENS_9allocatorIS6_EEE8__rehashEm,0x254
0x5734b0,_nti_surface_free,0x4
0x5734b4,_ZN33AllianceStreamEntryRemovedMessage6encodeEv,0x28
0x5734dc,_ZN13GoHomeMessage18getServiceNodeTypeEv,0x8
0x5734e4,_ZNK22ShapeDrawBitmapCommand4getYEi,0x14
0x5734f8,_ZNK22SCIDBindAccountMessage12getBindTokenEv,0x10
0x573508,_ZN14BrawlPassPopup13getTargetIconEi,0x10
0x573518,_ZN11ClientInputC2EPS_,0x44
0x57355c,_Hc3Zip_MatchFinder_GetMatches,0x198
0x5736f4,_ZN13DisplayObjectD0Ev,0x4
0x5736f8,_ZN11SkinPreview10updateTimeEff,0xc
0x573704,_ZNSt6__ndk110__function6__funcIZN21RankedTeamSelectPopup6updateEfE3$_0NS_9allocatorIS3_EEFP9ExecutionvEEclEv,0x40
0x573744,_ZN21SectionShortcutButton22setNotificationVisibleEb,0x68
0x5737ac,_ZN6icu_5810CharString27ensureEndsWithFileSeparatorER10UErrorCode,0x90
0x57383c,_ZN13FriendsScreen13touchReleasedERK5Touch,0x4c
0x573888,_ZN9RankPopup21getBarStartExtraWidthEv,0x1c
0x5738a4,_ZNK11InputSystem8getTouchEiN10TouchState4EnumE,0x12c
0x5739d0,_ZN20AnalyticEventManager9sendEventEP13AnalyticEvent,0x5c
0x573a2c,_ZNK12LogicVector28isInAreaEiiii,0x44
0x573a70,_ZN16ByteStreamHelper24readConstantSizeIntArrayEP10ByteStreamPii,0x50
0x573ac0,_ZN8TestCase14getSwipeFromDoEP13DisplayObjectff,0x70
0x573b30,_ZNK6icu_5815Normalizer2Impl20findNextCompBoundaryEPKtS2_,0x5c
0x573b8c,_ZN12BadgePreview13setBadgeScaleEf,0x8
0x573b94,_ZN25RuntimeGeneratedExecution22getOrGenerateExecutionEv,0x74
0x573c08,_unorm2_composePair_58,0xc
0x573c14,_ZN15LogicGlobalData8destructEv,0x48
0x573c5c,_ZN11EmoteButton13buttonPressedEv,0x94
0x573cf0,_u_isWhitespace_58,0xc8
0x573db8,_ZN18WaitingPopupRanked17matchmakeCanceledEv,0x88
0x573e40,_ZN27LogicSelectStarPowerCommandC2EPK13LogicCardData,0x34
0x573e74,_ZN11LogicQuests6removeEi,0x114
0x573f88,_ZNK6icu_5820UnicodeSetStringSpan4spanEPKti17USetSpanCondition,0x684
0x57460c,_ZNSt6__ndk110__function6__funcIZN11scTaskQueue3runIZN8TestCase9moveTouchER5TouchS5_S5_fE3$_7EENS_13invoke_resultIT_JEE4typeES9_EUlvE_NS_9allocatorISC_EEFvvEE7destroyEv,0x4
0x574610,_ZNK13AlliancePopup11isScrollingEv,0x68
0x574678,_ZNSt6__ndk110__function6__funcIZN11scTaskQueue3runIZN8TestCase9touchDownER5TouchE4$_15EENS_13invoke_resultIT_JEE4typeES9_EUlvE_NS_9allocatorISC_EEFvvEEclEv,0x40
0x5746b8,_ZN15AllianceManager20getMyAllianceMessageEv,0x8
0x5746c0,_ZN17ShopSkinTeaseItem17shouldShowForSkinEPK13LogicSkinData,0xac
0x57476c,_ZNK9Character11isCharacterEv,0x8
0x574774,_ZN12RenderTarget10readPixelsEPviiii,0x9c
0x574810,_ZN14FriendsManager30isExternalFriendRequestEnabledENS_25ExternalFriendRequestTypeE,0x14
0x574824,_Java_com_supercell_titan_GoogleAppLicensing_licenseSignatureReceived,0x60
0x574884,_ZN16AllianceSettingsC2Eb,0x738
0x574fbc,_ZNSt6__ndk110__function6__funcIZN19EnvironmentRenderer6renderER9Matrix2x3R14ColorTransformifE3$_8NS_9allocatorIS7_EEFvvEED0Ev,0x4
0x574fc0,_ZN8Databind15JSONInReflector10enterArrayERK6String,0x64
0x575024,_ZNK8Sprite3D14getTotalFramesEv,0x14
0x575038,_ZNSt6__ndk110__function6__funcIZN19SupercellIdCallback17clearPendingLoginEP8_jobjectE3$_4NS_9allocatorIS5_EEFvvEE7destroyEv,0x4
0x57503c,_ZN6icu_5820RBBISymbolTableEntryC2Ev,0x20
0x57505c,_deflateCopy,0x21c
0x575278,_ZN27KunlunBillingRequestMessage6setTIDERK6String,0x8
0x575280,_ZN20LogicJSONInReflector31reflectReflectableReferenceBaseER29LogicReflectableReferenceBasePKci,0x1b8
0x575438,_ZN21LogicBattleModeServer13tickBrawlBallEv,0x4
0x57543c,_ZNK22LogicLocationThemeData20getCampaignGroundSCWEv,0x10
0x57544c,_ZThn336_NK9HeroPopup26getCharacterToShowSelectedEv,0x24
0x575470,_ZN11PlayerEntry6decodeEP10ByteStream,0x118
0x575588,_stbi_load_from_scfile,0x84
0x57560c,_ZN12BlurRenderer14stopBlurRenderEv,0x684
0x575c90,_ZNKSt6__ndk110__function6__funcIZN6Shader4loadEPKcS4_PS4_iE3$_0NS_9allocatorIS6_EEFvvEE7__cloneEPNS0_6__baseIS9_EE,0x28
0x575cb8,_ZN15FacebookManager18friendListReceivedEP14LogicArrayListIP11FriendEntryE,0x304
0x575fbc,_ZN6icu_588RBBINodeC2ENS0_8NodeTypeE,0x118
0x5760d4,_ZN8Material20initializeReferencesEv,0x2f8
0x5763cc,_ZN12jpeg_decoderD2Ev,0x54
0x576420,_ZN9RankPopup19getFirstCollectableEv,0x64
0x576484,_ZN18PlaySoundExecution6updateEf,0x6c
0x5764f0,_ZN15MapEditorScreen18resetPreviewCameraEv,0x180
0x576670,_ZN15LogicDataTables23getUltiButtonClickSoundEv,0xc
0x57667c,_ZNK6CSVRow22getClampedIntegerValueERK6Stringi,0x84
0x576700,_ZNK23PublishPlayerMapMessage8getMapIdEv,0x8
0x576708,_Z13printGLStringPKcj,0x38
0x576740,_ZN9TeamEntry12setPlayerMapEP20LogicBattlePlayerMap,0x48
0x576788,_ZNK24LogicParticleEmitterData19getParticleMaxSpeedEv,0x10
0x576798,_ZNK20LeaveAllianceMessage14getMessageTypeEv,0x8
0x5767a0,_ZNK18LogicCharacterData13getAreaEffectEv,0x8
0x5767a8,_ZN8ImageSetD2Ev,0x1f0
0x576998,_ZN15ParticleEmitter10setLoopingEb,0x10
0x5769a8,_ZNKSt6__ndk110__function6__funcIZN8TestCase9moveTouchER5TouchS3_S3_fE3$_8NS_9allocatorIS5_EEFvvEE7__cloneEPNS0_6__baseIS8_EE,0x40
0x5769e8,_ZN14LogicDailyData29addUnlockedSkinPurchaseOptionEPK13LogicSkinData,0x13c
0x576b24,_ZN14LineConnection6logoutEv,0x7c
0x576ba0,_ZNK23ProLeagueSeasonEndPopup12getPopupTypeEv,0x8
0x576ba8,_ZN5titan3com9supercell5titan21NativeFacebookManager9jniLogoutEv,0x5c
0x576c04,_ZN9BitStream25readPositiveIntMax8388607Ev,0x6c
0x576c70,_ZN6StringC2EPKcii,0x90
0x576d00,_ZNK19LogicProjectileData18getSuppressHealingEv,0x8
0x576d08,_ZNK14StreamItemList12getTopMarginEv,0x8
0x576d10,_ZN12NSCIDManager24setPendingLoginWithPhoneERK6Stringb,0x60
0x576d70,_ZN6icu_5815UnhandledEngineC2ER10UErrorCode,0x20
0x576d90,_ZN20GoogleServiceManager8exitGameEv,0x8
0x576d98,_ZN8RankItem17showRewardPreviewEv,0x244
0x576fdc,_ZN12RenderTarget18detachDepthTextureEv,0xb8
0x577094,_ZN9xMatrix449translateEfff,0x20
0x5770b4,_ZN43PurchaseSkinGroupOfferHighlightPopupHandler21formatSkinFeatureTextEPK13LogicSkinData,0x360
0x577414,_ZNK41RankedMatchFinalPreparationStartedMessage14getMessageTypeEv,0x8
0x57741c,_ZN5titan3com9supercell5titan19ApplicationUtilBase17getPlatformDetailEi,0x80
0x57749c,_ZN21LogicBattleModeServer15isValidModifierEi,0x24
0x5774c0,_ZN10NativeFont17clearCachedGlyphsEv,0x88
0x577548,_ZNK11SourceArray12getDataArrayEiiiPf,0x110
0x577658,_ZN22LogicTeamMemberElementC2Ev,0x14
0x57766c,_ZL15biDiGetMaxValueRK11IntProperty9UProperty,0x24
0x577690,_ZN8UIButtonD0Ev,0xac
0x57773c,_ZN9xMatrix448multiplyEPKS_S1_PS_,0xac
0x5777e8,_ZN4Game16gameOnBackgroundEv,0x78
0x577860,_ZN10HeroSprite7setClipEffff,0x14
0x577874,_ZN9TextField12getTextWidthEv,0xbc
0x577930,_ZN29LogicGiveDeliveryItemsCommandC2Ev,0x40
0x577970,_ZN24LogicExpressionEvaluator24consumeIfNextTokenSymbolEi,0x70
0x5779e0,_ZN9LogicTileC2EPK13LogicTileDataiiP12LogicTileMap,0xb8
0x577a98,_ZN15sc3dWorldCamera16cancelAllTouchesEv,0x4
0x577a9c,_ZNSt6__ndk110__function6__funcIZN11scTaskQueue3runIZN7GLImage14updateSubImageEPKhiiiE3$_9EENS_13invoke_resultIT_JEE4typeES9_EUlvE_NS_9allocatorISC_EEFvvEEclEv,0x40
0x577adc,_ZNK9CombatHUD16getAnalyticsNameEv,0xc
0x577ae8,_Z44crypto_secretbox_xsalsa20poly1305_tweet_openPhPKhyS1_S1_i,0x80
0x577b68,_sub_577B68,0x9d68
0x5818d0,_ZN5titan3com9supercell5titan7GameApp24openNotificationSettingsEv,0x5c
0x58192c,_ZN20EventSuggestionPopupD2Ev,0xa8
0x5819d4,_Bt4_MatchFinder_GetMatches,0x480
0x581e54,_ZNSt6__ndk110__function6__funcIZN11scTaskQueue3runIZN10SWFTexture4loadEP12SupercellSWFbibbbbRK6StringE3$_1EENS_13invoke_resultIT_JEE4typeESC_EUlvE_NS_9allocatorISF_EEFvvEEclEv,0x40
0x581e94,_ZN29LogicReflectableReferenceBase14resolvePointerEPK16ReflectableIdMap,0x58
0x581eec,_ZN14BattleEndPopup17getStateExecutionEi,0x9c
0x581f88,_ZN19ResetAccountMessage16setAccountPresetEi,0x8
0x581f90,_ZNSt6__ndk16__sortIRZN18DataPatchGenerator24generateTextPatchForTIDsERK6StringE3$_0PNS_4pairIS2_iEEEEvT0_SA_T_,0x55c
0x5824ec,_ZN21LogicBattleModeServer12getRandomIntEi,0x8
0x5824f4,_ZN11UpgradeItem12setLabelIntoEP9TextFieldbb,0x178
0x58266c,_ZN17LogicGameModeUtil25playersCollectBountyStarsEi,0x18
0x582684,_ZN6icu_5815ThaiBreakEngineD2Ev,0x84
0x582708,_ZN10GameButton22setNotificationCounterEi,0x60
0x582768,_ZNK6Friend9canAttackEb,0x8
0x582770,_ZN15LogicDataTables21getCollectSpeedEffectEv,0xc
0x58277c,_ZN14RankedHeroItem6updateEf,0xc4
0x582840,_ZN14LoginOkMessageC2Ev,0x88
0x5828c8,_ZN9TeamPopup13touchReleasedERK5Touch,0x40
0x582908,_ZN5lzham12lzcompressor10state_base15partial_advanceERKNS0_10lzdecisionE,0x110
0x582a18,_ZNSt6__ndk110__function6__funcIZN7GLImage6createEPKhi9ImageWrap11ImageFilterE3$_5NS_9allocatorIS7_EEFvvEE18destroy_deallocateEv,0x4
0x582a1c,_ZN8Material21getLightmapDiffuseTexEv,0x38
0x582a54,_ZNK18LogicCharacterData15isTownCrushBossEv,0x10
0x582a64,_ZN9EntryInfo10setAbilityERK6StringS2_S2_,0x170
0x582bd4,_ZNK12DeliveryUnit19hasOnlySummaryItemsEv,0x40
0x582c14,_ZNSt6__ndk110__function6__funcIZN8TestCase17releaseStageTouchEvE3$_4NS_9allocatorIS3_EEFvvEE7destroyEv,0x4
0x582c18,_ZN21LogicProjectileServer21updateTrailAreaEffectEv,0x4
0x582c1c,_ZN12SoundManagerD2Ev,0x2cc
0x582ee8,_ZN20LogicCharacterServer28calculateCarryableWallBounceEbiib,0x4
0x582eec,_ZN22LogicIAPChangedCommand6decodeEP10ByteStream,0x70
0x582f5c,_ZN43PurchaseSkinGroupOfferHighlightPopupHandler13setupItemDescEP9TextField,0x44
0x582fa0,_ZN15DownloadManager15addFilesToQueueEPNS_13DownloadQueueERK6Stringb,0x284
0x583224,_ZN26BattleLogViewReplayMessage6decodeEv,0x3c
0x583260,_ZN8Settings19setScreenDimensionsEff,0x80
0x5832e0,_ZN19LogicImmunityServer8destructEv,0x8
0x5832e8,_ZNK15sc3dWorldObject16isAttachedToBoneEv,0x20
0x583308,_ZNK17LogicSkinConfData20getChargedShotEffectEv,0x8
0x583310,_ZNK24SkinCampaignGroupHandler16getAnalyticsNameEv,0x80
0x583390,_ZNSt6__ndk110__function6__funcIZN7GLImage6createEPKhi9ImageWrap11ImageFilterE3$_3NS_9allocatorIS7_EEFvvEED0Ev,0x4
0x583394,_ZN17CharacterMaterial17bindModelUniformsEPK13ModelUniforms,0x10
0x5833a4,_ZN28UnbindFacebookAccountMessageC2Ev,0x30
0x5833d4,_ZNK25TuneBrawlTvChannelMessage20getPreferredRegionIdEv,0x8
0x5833dc,_ZN12WaitingPopup14incrementStateEi,0x74
0x583450,_ZN9DecayItemD2Ev,0x64
0x5834b4,_ures_close_58,0xbc
0x583570,_ZN12TestReporter16setTestCompletedEb,0xc
0x58357c,_ZN19DebugPerformanceHud7addLineERK7Vector3IfES3_j,0x188
0x583704,_ZN18DebugCommandButton13buttonPressedEv,0x4
0x583708,_ZN15LogicDataTables7hasHeroEPK17LogicClientAvatarPK18LogicCharacterData,0x84
0x58378c,_ZN16TrophyRoadButton12refreshScoreEb,0x704
0x583e90,_ZN19LogicProjectileData17createReferences2Ev,0x4
0x583e94,_ZN12GenericPopup9addButtonERK6StringP12LogicCommand,0x1a0
0x584034,_ZNK14BattleEndPopup23hasPlayerMapContextMenuEv,0x44
0x584078,_ZN17AbilityCastingHUD15cancelTargetingEv,0x4
0x58407c,_ZN13FriendsScreenC2Ev,0x958
0x5849d4,_ZThn8_NK9Character15getBonePositionERK6StringRfS3_S3_S3_,0x10
0x5849e4,_ZN38LogicAccountTransferCodeRequestMessage8destructEv,0x4
0x5849e8,_ZN11LogicPlayer12playerKilledEv,0xbc
0x584aa4,_ZNK9InitState15resourcesLoadedEv,0x10
0x584ab4,_Z14addPointToAabbR7Vector3IfES1_RKS0_,0x44
0x584af8,_ZN14TencentManager6updateEf,0x39c
0x584e94,_ZN6icu_589BytesTrie9readValueEPKhi,0x94
0x584f28,_ZN5Stage12touchPressedERK5Touch,0x1d8
0x585100,_ZN20NativeSCIDConnection19accountAlreadyBoundEv,0x8
0x585108,_ZN12SCWFileInput4openERK6String,0x98
0x5851a0,_ZN14LogicDataTable8destructEv,0x88
0x585228,_ZNK19LogicProjectileData21shouldHideFromEnemiesEv,0x8
0x585230,_ZN12NSCIDManager31setPendingRegistrationWithPhoneERK6String,0x54
0x585284,_ZNK13LogicGemOffer7isValidEPK13LogicHomeModePK22LogicGemOfferContainer,0x6f8
0x58597c,_ZN11SocialPopup13buttonClickedEP12CustomButton,0xc8
0x585a44,_ZNK22ReportPlayerMapMessage14getMessageTypeEv,0x8
0x585a4c,_hb_unicode_funcs_create,0x98
0x585ae4,_ZN8ItemIcon13setLockedAnimEv,0x6c
0x585b50,_ZN5lzham12lzcompressor5clearEv,0x408
0x585f58,_ZN15AllianceManager15addFriendStatusEP23FriendOnlineStatusEntry,0x284
0x5861dc,_ZNK17LogicShopItemData12getConfirmBgEv,0x10
0x5861ec,_ZN9EntryInfo12getSkinIndexEPK13LogicSkinData,0x1d4
0x5863c0,_ZN12PepperCrypto8box_openEPKvmPvmRKNS_9SecureKeyILm24EEERKNS3_ILm32EEE,0xa8
0x586468,_Z9scFNV1a32PKvm,0x30
0x586498,_ZN13AnalyticEventC2Ev,0x5c
0x5864f4,_ZN16MovieClipTextureC2ERK6String,0x30c
0x586800,_adler32_z,0x340
0x586b40,_ZNK20LogicCharacterServer16scaleStatToLevelEi,0x8
0x586b48,_hb_shape_plan_get_empty,0xc
0x586b54,_ZN8HomePage18getCurrentLocationEv,0x94
0x586be8,_ZN11Application14removeKeyValueERK6String,0x60
0x586c48,_ZN23OfflineFriendInviteItem9setStatusEbRK6String,0xd4
0x586d1c,_ZN20PlayerJWTokenMessage8setTokenERK6String,0x8
0x586d24,_ZN9CombatHUDD0Ev,0x24
0x586d48,_ZN15ResourceManager19getAllDeferredFilesEv,0x154
0x586e9c,_hb_buffer_get_unicode_funcs,0x8
0x586ea4,_ZNSt6__ndk110__function6__funcIZN11scTaskQueue3runIZN8TestCase17getStagePointSizeEvE4$_11EENS_13invoke_resultIT_JEE4typeES7_EUlvE_NS_9allocatorISA_EEFvvEED0Ev,0x4
0x586ea8,_res_getResource_58,0x54
0x586efc,_ZN10HomeScreen18onCooldownReceivedEP13CooldownEntry,0x24
0x586f20,_ZNKSt6__ndk110__function6__funcIZ39Java_com_supercell_titan_Kakao_loggedInE3$_0NS_9allocatorIS2_EEFvvEE7__cloneEPNS0_6__baseIS5_EE,0x64
0x586f84,_ZN11LineManagerC2Ev,0x128
0x5870ac,_ZN6icu_587UVector15removeElementAtEi,0x88
0x587134,_ZN29LogicToggleInGameHintsCommandC2Ev,0x2c
0x587160,_ZN33TencentAccountAlreadyBoundMessage18getServiceNodeTypeEv,0x8
0x587168,_ZN16HelpshiftManager24requestNotificationCountEv,0x10
0x587178,_hb_font_funcs_is_immutable,0x8
0x587180,_ZN13UIListHandlerD0Ev,0x24
0x5871a4,_ZNK12LogicVector211getDistanceEii,0x5c
0x587200,_ZNK19LogicProjectileData10getBlueAddEv,0x10
0x587210,_ZN3GUI22isBadConnectionVisibleEv,0x20
0x587230,_ZN18TextFieldWithLinks16wrapWithColorTagERK6Stringj,0x20
0x587250,_ZN12RenderSystem6renderER9Matrix2x3R14ColorTransformif,0x14
0x587264,_ZN10HomeScreen23brawlPassProgressGainedEii,0x44
0x5872a8,_ZN11GameWebView11showLoadingEb,0x1c
0x5872c4,_ZN10Projectile8destructEv,0x15c
0x587420,_ZNKSt6__ndk110__function6__funcIZN14LineConnection9autologinEvE3$_2NS_9allocatorIS3_EEFvbPKN8linecorp4nova11CredentialsEPKNS7_5ErrorEEE6targetERKSt9type_info,0x1c
0x58743c,_ZN9CombatHUD13toggleEditingEb,0x77c
0x587bb8,_ZN9EventSlot6encodeEP15ChecksumEncoder,0x18
0x587bd0,_ZN11TeamManager18onTeamErrorMessageEP16TeamErrorMessage,0x16c
0x587d3c,_ZN11LogicPlayer13gemsCollectedEi,0xc
0x587d48,_ZNK28LogicGameObjectManagerClient12getRoboStageEi,0x18
0x587d60,_ZN8LogicMD51IEiii,0xc
0x587d6c,_ZNKSt6__ndk110__function6__funcIZN11scTaskQueue3runIZN6Shader4loadEPKcS6_S6_E3$_1EENS_13invoke_resultIT_JEE4typeES9_EUlvE_NS_9allocatorISC_EEFvvEE6targetERKSt9type_info,0x1c
0x587d88,_ZN7SetText6updateEf,0x3c
0x587dc4,_ZN32NativeFacebookConnectionCallback18receivedAppRequestERK6String,0x414
0x5881d8,_ZThn8_N17TencentLoginState13buttonClickedEP12CustomButton,0x8
0x5881e0,_ZNK23AskPlayerJWTokenMessage14getMessageTypeEv,0x8
0x5881e8,_ZN10HomeScreen18postDiamondsBoughtEv,0x4
0x5881ec,_ZN21LogicGameObjectServer28attachLogicGameObjectManagerEP28LogicGameObjectManagerServer,0x1a4
0x588390,_ZN8Databind8Databind22registerObjectInstanceEPK14DatabindObjectRK6StringPv,0x1c
0x5883ac,_ZN29LogicClaimRankUpRewardCommand7executeEP13LogicHomeModeib,0x188
0x588534,_ZN15LogicDataTables16createReferencesEv,0x1650
0x589b84,_ZN14UdpLaserSocketD2Ev,0xd8
0x589c5c,_ZN9PopupBase17addNaviHomeButtonEv,0xa4
0x589d00,_Z25decompressBlockAlpha16bitPhS_iiii,0x8
0x589d08,_ZN41RankedMatchFinalPreparationStartedMessage18getServiceNodeTypeEv,0x8
0x589d10,_ZN10HomeScreen13getPlayerDataEv,0x38
0x589d48,_ZN12KakaoManager5loginEv,0x104
0x589e4c,_ZN20StopHomeLogicMessage6decodeEv,0x4
0x589e50,_ZN4asio6detail22executor_function_view8completeINS0_7binder1INS0_16range_connect_opINS_2ip3tcpENS_15any_io_executorENS5_22basic_resolver_resultsIS6_EENS0_25default_connect_conditionEZZN9Messaging7connectERK6StringSE_ENK3$_2clERKNSt6__ndk110error_codeES9_EUlSJ_RKT_E_EESH_EEEEvPv,0xc
0x589e5c,_ZN19LogicRawInReflector10reflectIntEiPKci,0x50
0x589eac,_ZN9BitStream11resetOffsetEv,0xc
0x589eb8,_ZNKSt6__ndk110__function6__funcIZN8TestCase11pressButtonEP12CustomButtonE3$_0NS_9allocatorIS5_EEFvvEE11target_typeEv,0xc
0x589ec4,_ZN17TencentLoginState31shouldShowSplashOnLoadingScreenEv,0x14
0x589ed8,_ZN16LocationCategory15scrollToElementEv,0x68
0x589f40,_ZN11SCIDWebView4showEv,0x20
0x589f60,_ZNKSt6__ndk110__function6__funcIZN8TestCase28getAllSpritesVisibleMatchingI12CustomButtonZNS2_28getButtonsWithTextFieldValueE6StringbbS5_E4$_22EENS_6vectorIPT_NS_9allocatorIS9_EEEET0_EUlvE_NSA_ISE_EEFP6SpritevEE6targetERKSt9type_info,0x1c
0x589f7c,_ZN29HomeBattleReplayFailedMessageC2Ei,0x30
0x589fac,_ZN11FriendEntry22setFriendReasonDetailsEi,0x8
0x589fb4,_ZN12CustomButton13setNumberTextEib,0x4c
0x58a000,_ZN17LogicGameCalendarC2Ev,0x10
0x58a010,_ZN25AvatarOnlineStatusUpdated6encodeEv,0x38
0x58a048,_ZN10FriendItem13buttonPressedEv,0x7c
0x58a0c4,_ZN16OnlineFriendItemC2EP9MovieClip,0x134
0x58a1f8,_ZN11ContextMenu6updateEf,0x108
0x58a300,_ZNK4Rect18getDistanceToPointEff,0x2c
0x58a32c,_ZNK13WVSCIDManager6getUrlEv,0x5c
0x58a388,_ZN24LatencyTestConfiguration8destructEv,0x9c
0x58a424,_ZL19charIterTextExtractP5UTextllPtiP10UErrorCode,0x1a4
0x58a5c8,_ZN28LogicSendAllianceMailCommand10setMessageEP6String,0x8
0x58a5d0,_ZN10NativeFont20getFallbackFontCountEv,0x18
0x58a5e8,_ZN6icu_5811Normalizer223getNFKCCasefoldInstanceER10UErrorCode,0x20
0x58a608,_ZN33TencentAccountAlreadyBoundMessage12setAccountIdEP9LogicLong,0x8
0x58a610,_ZN10GameButton12setTextByTIDERK6String,0x78
0x58a688,_ZN8ImageSet7releaseERK6String,0x94
0x58a71c,_ZN22GameCenterUserListener17gameCenterFriendsEiP6String,0x4
0x58a720,_ZL17path_quadratic_toPvffff,0x24
0x58a744,_ZN13SimpleWebview7loadUrlE6String,0xf4
0x58a838,_ZN5titan3com9supercell5titan23NativeHTTPClientManager15startGetRequestERK6StringS6_S6_S6_,0xf8
0x58a930,_ZN18WaitingPopupRanked14incrementStateEi,0x74
0x58a9a4,_ZN15LogicDataTables7absDiffEii,0xc
0x58a9b0,_ZNK6icu_5814CjkBreakEngine23divideUpDictionaryRangeEP5UTextiiRNS_6UStackE,0xf60
0x58b910,_ZN6icu_5810UnicodeSetD2Ev,0xa4
0x58b9b4,_ZN20PlayerMapRenamePopupD0Ev,0xac
0x58ba60,_ZN32LogicHeroWinQuestsChangedCommand6decodeEP10ByteStream,0x88
0x58bae8,_ZNK17MovementIndicator13getPathLengthEP14LogicArrayListIiES2_,0xa0
0x58bb88,_ZThn184_N16AllianceSettings13badgeSelectedEPK22LogicAllianceBadgeData,0x8
0x58bb90,_ZN23GetPlayerProfileMessage6decodeEv,0x68
0x58bbf8,_ZN33LogicInviteBlockingChangedCommand6decodeEP10ByteStream,0x40
0x58bc38,_ZN19DebugPerformanceHud8addGenIDENS_22DebugPerformanceIDTypeEj,0x4
0x58bc3c,_udata_setFileAccess_58,0xc
0x58bc48,_ZNSt6__ndk110__function6__funcIZN11AndroidMain16onSurfaceCreatedEP13ANativeWindowE3$_0NS_9allocatorIS5_EEFvvEEclEv,0x18c
0x58bdd4,_ZN18DataPatchGenerator19savePatchJSONToFileEP15LogicJSONObjectRK6String,0x4
0x58bdd8,_ZN15sc3dWorldObject10set3dLayerEi,0x48
0x58be20,_ZN10DataGained24setParticleSpawnDurationEf,0x8
0x58be28,_ZN37KunlunBillingProcessedByServerMessage9setProdIdERK6String,0x8
0x58be30,_ZN15LogicStringUtil17getContainsAmountEPKcS1_ii,0xac
0x58bedc,_ZN18ServerErrorMessage6decodeEv,0x2c
0x58bf08,_ZN11DragHandlerD2Ev,0x120
0x58c028,_ZN23LogicCharacterClientOwn8destructEv,0x8c
0x58c0b4,_inflateBackInit_,0xe4
0x58c198,_ZNK14BattleLogEntry14getLocationTIDEv,0x48
0x58c1e0,_ZNKSt6__ndk110__function6__funcIZN11scTaskQueue3runIZN8TestCase20drawDebugPercentagesEvE4$_19EENS_13invoke_resultIT_JEE4typeES7_EUlvE_NS_9allocatorISA_EEFvvEE7__cloneEv,0x38
0x58c218,_ZN9Animation6verifyEPK8SkeletonPK7SCWFile,0x68
0x58c280,_ZN14CommandStorage8destructEv,0x160
0x58c3e0,_ZThn96_N24EsportTournamentsWebView20webviewDidFinishLoadERK6String,0x98
0x58c478,_ZN8Debugger7warningERK6String,0x14
0x58c48c,_ZN7FadeOutD2Ev,0x1c
0x58c4a8,_ZNK17LogicSkinConfData12getUltiSoundEv,0x8
0x58c4b0,_ZNKSt6__ndk110__function6__funcIZN22scLZMADecompressFilter13setDownstreamEP10scFileImplE3$_0NS_9allocatorIS5_EEFvvEE7__cloneEv,0x38
0x58c4e8,_ZNSt6__ndk110__function6__funcIZN19SupercellIdCallback11bindAccountEP8_jobjectRK6StringS7_S7_S7_bE3$_1NS_9allocatorIS8_EEFvvEEclEv,0x40
0x58c528,_ZN24LocalNotificationManager18resetNotificationsEv,0x110
0x58c638,_Z13isAlmostEqualffj,0x48
0x58c680,_ZN17EventDetailsPopup17setAutoCloseStateEb,0x30
0x58c6b0,_Z5irandv,0x10
0x58c6c0,_ZN12VertexBufferC2EPKvjPK15VertexAttributej,0x114
0x58c7d4,_ZNK26ChangePlayerMapNameMessage10getMapNameEv,0x8
0x58c7dc,_ZN14ColorTransform8setAlphaEf,0x34
0x58c810,_ZNSt6__ndk110__function6__funcIZN7GLImage6createEPKc9ImageWrap11ImageFilterE3$_1NS_9allocatorIS7_EEFvvEE7destroyEv,0x4
0x58c814,_ZN8Debugger11getDebugHudEv,0xc
0x58c820,_ZN8DebugHudC2ERK6String,0x410
0x58cc30,_ZN18DeliveryCardsPopup13getBoxCounterEv,0x1c
0x58cc4c,_ZN17LogicGameCalendarC2Ei,0x10
0x58cc5c,_ZN5lzham18search_accelerator13advance_bytesEj,0x20
0x58cc7c,_ZNK12LogicVector28toStringEv,0x10
0x58cc8c,_ZN13AllianceIntroD0Ev,0xb4
0x58cd40,_ZN12BattleScreen22createBattleEndMessageEii,0x170
0x58ceb0,_ZN9sc3dWorld12isAabbInViewERK7Vector3IfES3_,0x4c
0x58cefc,_ZN12SCWFileInput6readU8Ev,0x30
0x58cf2c,_ZN16ThrophyBonusData6encodeEP15ChecksumEncoder,0x80
0x58cfac,_ZNK21LogicPlayerRewardData4copyEv,0x60
0x58d00c,_ZN21TeamCreatedStreamItemC2EP11StreamEntry,0x13c
0x58d148,_ZN11InputSystemC2Ev,0x8
0x58d150,_ZN30LogicSetPlayerThumbnailCommand10canExecuteEPK13LogicHomeModePK24LogicPlayerThumbnailData,0x108
0x58d258,_ZNKSt6__ndk110__function6__funcIZN12scFilesystem10layerAddedERKNS_10shared_ptrI17scAbstractFSLayerEEE3$_2NS_9allocatorIS8_EEFvPNS2_9IListenerEEE7__cloneEv,0x58
0x58d2b0,_ZN9sc3dWorld9preRenderEv,0x34
0x58d2e4,_ZN14AssetReference6decodeEP10ByteStream,0x64
0x58d348,_ZN6icu_5815RBBIRuleScanner10findSetForERKNS_13UnicodeStringEPNS_8RBBINodeEPNS_10UnicodeSetE,0x1f4
0x58d53c,_ZN9TextField17setHighlightRangeEii,0x8
0x58d544,_ZNK15LaserBoxManager22getNotificationTypeMaxEi,0x10
0x58d554,_ZN34FacebookAccountAlreadyBoundMessage6decodeEv,0x98
0x58d5ec,_ZN12VertexBuffer16updateVboSubDataEPKvij,0x60
0x58d64c,_ZN20LogicJSONInReflector12reflectFloatEfPKcf,0x8c
0x58d6d8,_ZN10PlayerInfo13closePopoversEv,0x2c
0x58d704,_ZN33RankedMatchHeroDataUpdatedMessage6encodeEv,0x54
0x58d758,_ZN6icu_5815RBBIRuleScanner5errorE10UErrorCode,0x34
0x58d78c,_ZNK6icu_5815Normalizer2Impl19getRawDecompositionEiPtRi,0x238
0x58d9c4,_ZN28LogicClaimDailyRewardCommandC2Ev,0x30
0x58d9f4,_ZNK11wendelstein20SpawnPlanarComponent14getFeatureBitsEv,0x8
0x58d9fc,_bracketProcessChar,0x5a0
0x58df9c,_ZN15AllianceManager34cancelPendingExternalInviteRequestEv,0x8
0x58dfa4,_ZN34FacebookAccountAlreadyBoundMessage8destructEv,0xa8
0x58e04c,_ZN16LogicSkillServer14setNumUpgradesEi,0x8
0x58e054,_ZN20StopHomeLogicMessageC2Ev,0x30
0x58e084,_ZNK12SupercellSWF13hasExportNameEPKc,0x90
0x58e114,_ZN5titan7android7content7Context17getPackageManagerEv,0x7c
0x58e190,_ZNK16LogicSkillServer9canCancelEP20LogicCharacterServeri,0x8
0x58e198,_ZN4Mesh7releaseEv,0x58
0x58e1f0,_ZNK28LogicSeasonalSkinSectionData16getGroupShopItemEv,0x10
0x58e200,_ZNK6icu_5810UnicodeSet9getStringEi,0x8
0x58e208,_ZN7CSVNode9parseLineERK10StringViewiii,0x5e4
0x58e7ec,_ZN17UnlockAccountMenu12touchPressedERK5Touch,0x18
0x58e804,_ZN22LogicIAPChangedCommand8destructEv,0x48
0x58e84c,_ZN8MaterialD2Ev,0x114
0x58e960,_ZN3GUI16destructInstanceEv,0x34
0x58e994,_ZN6icu_5812PossibleWord6backUpEP5UText,0x4c
0x58e9e0,_ZNK6String16equalsIgnoreCaseERKS_,0x54
0x58ea34,_ZN20LogicJSONInReflector7getLongEPKcx,0x84
0x58eab8,_ZN20CreatePlayerMapPopup26adjustEnvironmentSelectionEi,0xc0
0x58eb78,_ZN13LogicConfData25createBrawlPassTailRewardEv,0x2c
0x58eba4,_ZN10StreamItem5fixTFEP9TextField,0xc0
0x58ec64,_ZNK25AskForAvatarStreamMessage14getMessageTypeEv,0x8
0x58ec6c,_ZN9InitState6updateEff,0xfc
0x58ed68,_ZN19AllianceDataMessage23removeAllianceFullEntryEv,0x10
0x58ed78,_ZN6Sprite7touchInEi,0x18
0x58ed90,_ZN11GameWebView18handleSendJWTParamEv,0x68
0x58edf8,_ZNKSt6__ndk110__function6__funcIZN11scTaskQueue3runIZN7GLImage6createEPKhi9ImageWrap11ImageFilterE3$_2EENS_13invoke_resultIT_JEE4typeESB_EUlvE_NS_9allocatorISE_EEFvvEE7__cloneEPNS0_6__baseISH_EE,0x18
0x58ee10,_ZN12_GLOBAL__N_113consoleLoggerEN8Databind8LogLevelEPKc,0x120
0x58ef30,_ZN31KakaoAccountAlreadyBoundMessage6decodeEv,0x98
0x58efc8,_bracketAddOpening,0x118
0x58f0e0,_ZThn96_N28NameChangeConfirmationScreen13buttonClickedEP12CustomButton,0x8
0x58f0e8,_ZN19DebugPerformanceHud7setNameENS_27DebugPerformanceCounterTypeERK6String,0x4
0x58f0ec,_ZNK35AllianceInvitationAvatarStreamEntry15getSenderHomeIdEv,0x8
0x58f0f4,_ZN13DebugMenuBase11startSearchEv,0x90
0x58f184,_ZN11LogicPlayer11starsGainedEi,0xc
0x58f190,_ZN9HeroPopupD2Ev,0x114
0x58f2a4,_ZNK34LogicDeviceLinkCodeResponseMessage14getMessageTypeEv,0x8
0x58f2ac,_ZN15LogicDataTables22getSpawnPoint1TileDataEv,0xc
0x58f2b8,_ZN9CombatHUD18checkEditingBoundsEP13DisplayObjectff,0x57c
0x58f834,_ZN9MathUtils15clampSegmentEndERK7Vector2IfES3_ff,0x5c
0x58f890,_ZN9CombatHUD14showContainersEb,0x38
0x58f8c8,_ZN13PlayAnimation13onFastforwardEv,0x5c
0x58f924,_ZN18AddableFriendEntry6decodeEP10ByteStream,0xb0
0x58f9d4,_ZN16BattleLogManager9onMessageEP31BattleLogReplayAvailableMessage,0x9c
0x58fa70,_ZNK6scPath16remove_extensionEv,0x134
0x58fba4,_ZN23AttributionEventMessage6decodeEv,0x1cc
0x58fd70,_ZN5lzham12symbol_codec10flush_bitsEv,0xd4
0x58fe44,_ZN9TeamEntryC2EibiP9LogicLongibbPK17LogicLocationDataP14LogicArrayListIP15TeamMemberEntryEPS5_IP15TeamInviteEntryEPS5_IP15TeamJoinRequestEPS5_IiEP20LogicBattlePlayerMap,0x64
0x58fea8,_ZN15UIListContainer13refreshBoundsEf,0xa8
0x58ff50,_ZN8Animator15removeAnimationEi,0x150
0x5900a0,_ZN21SpectateFailedMessageC2Ev,0x34
0x5900d4,_ZN6icu_5810UnicodeSet7compactEv,0x74
0x590148,_ZN18PreRenderedTexture17renderSubViewportEffPP13DisplayObjectiP8Material,0xf0
0x590238,_ZN5lzham18search_accelerator5resetEv,0x6c
0x5902a4,_ZN21LogicProjectileServer13targetReachedEi,0x694
0x590938,_ZNK12LogicVector318getDistanceSquaredEPKS_,0xa4
0x5909dc,_ZN14BattleEndPopup15isDeathmatchWinEv,0x9c
0x590a78,_ZNK43LogicBrawlPassAutoCollectWarningSeenCommand14getCommandTypeEv,0x8
0x590a80,_ZNK13LogicSkinData10getShopTIDEv,0x10
0x590a90,_ZN15MapEditorScreen4undoEv,0x3fc
0x590e8c,_uprv_round_58,0x10
0x590e9c,_ZNK6icu_5822RuleBasedBreakIterator7getTextEv,0x8
0x590ea4,_ZN10SCTuneImpl16addEditableValueERK6StringPviPKc,0x4a0
0x591344,_ZN19QualifyNotificationC2Ev,0x30
0x591374,_ZN16ScreenProperties20getCurrentScreenModeEv,0xa0
0x591414,_ZN8Databind16JSONOutReflector6addIntEi,0x5c
0x591470,_ZN34AllianceOnlineStatusUpdatedMessageC2Ei,0x3c
0x5914ac,_ZN10SCIDWindow17safeLoadMovieClipERK6StringS2_,0x1c8
0x591674,_ZN20LogicJSONInReflector11getNextLongEv,0x5c
0x5916d0,_ZN15LogicDataTables19getBuffShieldEffectEv,0xc
0x5916dc,_ZN20GameSelectableButton16resetScaleValuesEv,0x120
0x5917fc,_umtx_condBroadcast_58,0x4
0x591800,_ZThn96_N24EsportTournamentsWebViewD1Ev,0x8
0x591808,_ZN23PushNotificationService23queueRemoteNotificationEPKvb,0x4
0x59180c,_ZN12LoginMessage7setIMEIERK6String,0x8
0x591814,_ZN11TeamMessage8destructEv,0x24
0x591838,_ZN10GameScreenC2EP8HomeModeP10BattleModeP13MapEditorMode,0x70
0x5918a8,_ZN24NativeHTTPClientCallback12postFinishedEbiPKvii,0x74
0x59191c,_ZN6icu_5822RuleBasedBreakIterator22getLanguageBreakEngineEi,0x2d8
0x591bf4,_ZNK19LogicProjectileData23getSpawnAreaEffectTrailEv,0x8
0x591bfc,_ZNKSt6__ndk110__function6__funcIZN19SupercellIdCallback14connectedGamesEP8_jobjectP13_jobjectArrayE4$_16NS_9allocatorIS7_EEFvvEE7__cloneEv,0x40
0x591c3c,_ZNK15DataLoaderFlash6getSWFEv,0x98
0x591cd4,_ZNK32LogicHeroWinQuestsChangedCommand6encodeEP15ChecksumEncoder,0x54
0x591d28,_ZN10GameButton13removeHitAreaEv,0x3c
0x591d64,_ZN12SupercellSWF16readUnsignedCharEv,0xac
0x591e10,_ZNK21LogicBattleModeServer12getLogicTimeEv,0x8
0x591e18,_ZN10LoginState15moveToNextStateEv,0x2c
0x591e44,_ZN15RankRewardPopupD2Ev,0x4
0x591e48,_ZNK6icu_587UVector7toArrayEPPv,0x34
0x591e7c,_ZNSt6__ndk110__function6__funcIZN7GLImage6createEPKhi9ImageWrap11ImageFilterE3$_4NS_9allocatorIS7_EEFvvEEclEv,0x8
0x591e84,_ZNK9PopupBase11hasFadedOutEv,0x10
0x591e94,_ZN21LogicBattleModeServer4tickEv,0x98
0x591f2c,_ZNK26ChampionshipChallengePopup18shouldShowResourceEi,0x20
0x591f4c,_ZN17LogicClientAvatar11useDiamondsEiP15LogicClientHome,0x5c
0x591fa8,_ZN5lzham12symbol_codec6encodeEjRNS_18adaptive_bit_modelEb,0x1c8
0x592170,_ZNK6Effect8getTileYEv,0x5c
0x5921cc,_ZN13HeroInfoPopup13getRangeClassEi,0x8c
0x592258,_ZThn104_N16DebugInputWindow11onTextInputERK6String,0x50
0x5922a8,_ZNK6icu_5813UnicodeString11getChar32AtEi,0xb4
0x59235c,_ZN18sc3dPanPinchCamera16cancelAllTouchesEv,0x48
0x5923a4,_ZN17HighscoreHeroList11setSelectedEPK18LogicCharacterData,0xac
0x592450,_ZNKSt6__ndk110__function6__funcIZN11scTaskQueue3runIZN7GLImage6createEPKc9ImageWrap11ImageFilterE3$_1EENS_13invoke_resultIT_JEE4typeESB_EUlvE_NS_9allocatorISE_EEFvvEE7__cloneEPNS0_6__baseISH_EE,0x18
0x592468,_ZN31AntiAddictionDataUpdatedMessageC2Ei,0x30
0x592498,_ZL15unistrTextCloseP5UText,0x3c
0x5924d4,_ZN14CommandStorage14removeCommandsEv,0x48
0x59251c,_FileSeqInStream_CreateVTable,0x10
0x59252c,_ZNKSt6__ndk110__function6__funcIZN19EnvironmentRenderer6renderER9Matrix2x3R14ColorTransformifE3$_6NS_9allocatorIS7_EEFvvEE7__cloneEv,0x40
0x59256c,_ZNK11GameWebView9isLoadingEv,0x20
0x59258c,_ZN14TouchContainer10touchMovedERK5Touch,0x98
0x592624,_ZN9MovieClip8setStateENS_14MovieClipStateE,0x18
0x59263c,_ZNK13StringBuilder6lengthEv,0xc
0x592648,_ZN15MapEditorScreen5keyUpEi,0x4
0x59264c,_ZN27AskForAddableFriendsMessageC2Ei,0x30
0x59267c,_ZNK6icu_5810UnicodeSet12containsNoneEii,0x74
0x5926f0,_ZN11SCIDWebView26logOutFromAllDevicesFailedEv,0x8c
0x59277c,_lv1_detect_frida_server__ZL22thread_control_handleriP7siginfoPv,0x68
0x5927e4,_ZN15LogicDataTables12getPinByNameERK6StringPK9LogicData,0x20
0x592804,_ZN7TopItemC2EP9MovieClipiPK17LogicResourceData,0x118
0x59291c,_ZNK12BattleScreen15getBlurStrengthEv,0x20
0x59293c,_ZNKSt6__ndk110__function6__funcIZN19EnvironmentRenderer6renderER9Matrix2x3R14ColorTransformifE3$_3NS_9allocatorIS7_EEFvvEE7__cloneEv,0x40
0x59297c,_ulocimp_getScript_58,0x108
0x592a84,_ZN18LoginFailedMessage28setOptionalTargetedAccountIdEP9LogicLong,0x8
0x592a8c,_ZNK8HomePage26isEventInfoButtonAvailableEv,0x20
0x592aac,_ZN23LogicCharacterClientOwn18getNextSkillClientEP11LogicPlayer,0x44
0x592af0,_ultag_isUnicodeLocaleKey_58,0x8c
0x592b7c,_ZN21SpectateFailedMessage6decodeEv,0x2c
0x592ba8,_ZN5ShapeD0Ev,0x24
0x592bcc,_ZN18AttackRadiusSprite15initCircleShapeEv,0x110
0x592cdc,_ZNKSt6__ndk110__function6__funcIZN32NativeFacebookConnectionCallback6loggedERK6StringS5_E3$_1NS_9allocatorIS6_EEFvvEE7__cloneEv,0x7c
0x592d58,_ZN23MatchmakeRequestMessage6encodeEv,0x5c
0x592db4,_ZN18ProLeagueInfoPopup7refreshEv,0x28
0x592ddc,_ZNK30SubmitPlayerMapResponseMessage14getMessageTypeEv,0x8
0x592de4,_ZN4Shop41isSeasonalLastChanceSkinSectionSeparatelyEi,0x40
0x592e24,_ZN27ReportAllianceStreamMessage19setReportedAvatarIdEP9LogicLong,0x8
0x592e2c,_u_strToUTF32_58,0x10
0x592e3c,_ZN16NameChangeWindow26getNameChangeHandlerScreenEv,0x64
0x592ea0,_ZN15LogicClientHome11finishClaimEi,0x154
0x592ff4,_res_unload_58,0x2c
0x593020,_ZN20LogicJSONInReflector23reflectCompressedStringER21LogicCompressedStringPKc,0xe4
0x593104,_ZN12BattleScreen16handleTouchMovedERK5Touch,0x1b4
0x5932b8,_ZN13DisplayObject9setHeightEf,0x48
0x593300,_ZN12RenderSystemD2Ev,0x140
0x593440,_ZNK20LogicCharacterClient24getPrimarySkillCoodownMsEv,0x24
0x593464,_unorm_getFCD16_58,0x130
0x593594,_ZN18LogicServerCommand8destructEv,0x28
0x5935bc,_ZN22CreatePlayerMapMessage21setMapEnvironmentDataEPK29LogicPlayerMapEnvironmentData,0x8
0x5935c4,_ZN4Shop13canBuyProductEPK24LogicBillingPackagesData,0x5c
0x593620,_ZN6icu_5815RBBISymbolTableC2EPNS_15RBBIRuleScannerERKNS_13UnicodeStringER10UErrorCode,0x84
0x5936a4,_ZN11RenderQueue15sortTransparentEv,0x7c
0x593720,_ZN16ChronosTextEntryC2EiRK6String,0x58
0x593778,_ZNK19LogicProjectileData17getHomingDistanceEv,0x8
0x593780,_ZN27PersonalBreakStartedMessage6decodeEv,0x2c
0x5937ac,_ZN30SupercellIdNotificationMessageC2EP21LogicCompressedString,0x38
0x5937e4,_ZNK12LogicVector324getDistanceSquaredHelperEiii,0x98
