address,name,size
0xa05d24,_ZNK14AllianceScreen13getScreenTypeEv,0x8
0xa05d2c,_ZNK26OfferPurchaseQuestionPopup15showResourceHUDEv,0x8
0xa05d34,_ZNK2OT7Feature8sanitizeEPNS_21hb_sanitize_context_tEPKNS_6RecordIS0_E18sanitize_closure_tE,0x208
0xa05f3c,_ZNSt6__ndk114__split_bufferIPNS_10shared_ptrI14scAbstractTaskEERNS_9allocatorIS4_EEE10push_frontERKS4_,0x138
0xa06074,_ZNK8Databind4Util13ArrayAccessorI12LogicVector2NSt6__ndk16vectorIS2_NS3_9allocatorIS2_EEEEE8getArrayEv,0x8
0xa0607c,_ZN31LogicRankedMatchResultDebugInfoD0Ev,0x4
0xa06080,_ZNSt6__ndk120__shared_ptr_pointerIP14LogicArrayListI12LogicVector2ENS_14default_deleteIS3_EENS_9allocatorIS3_EEED0Ev,0x24
0xa060a4,_ZN16BattleLogMessageD0Ev,0xc0
0xa06164,_ZNSt6__ndk16__treeINS_12__value_typeIPKcN8Databind16ObjectTypeTraitsEEENS_19__map_value_compareIS3_S6_NS_4lessIS3_EELb1EEENS_9allocatorIS6_EEE7destroyEPNS_11__tree_nodeIS6_PvEE,0x78
0xa061dc,_ZNSt6__ndk120__shared_ptr_emplaceIN8nlohmann6detail20input_buffer_adapterENS_9allocatorIS3_EEED0Ev,0x24
0xa06200,_ZN14HelpshiftTitan27HelpshiftConnectionFallback21closeHelpshiftSessionEv,0x4
0xa06204,_ZNSt6__ndk127__insertion_sort_incompleteIRPFbPK15LogicLocaleDataS3_EPS3_EEbT0_S8_T_,0x330
0xa06534,_ZN5tween6BounceD0Ev,0x4
0xa06538,_ZN8Databind4Util13ArrayAccessorINSt6__ndk112basic_stringIcNS2_11char_traitsIcEENS2_9allocatorIcEEEE14LogicArrayListIS8_EE15addDefaultValueEv,0x90
0xa065c8,_ZNSt6__ndk16__treeINS_12__value_typeI6StringPN15DownloadManager13DownloadQueue13DownloadEntryEEENS_19__map_value_compareIS2_S7_NS_4lessIS2_EELb1EEENS_9allocatorIS7_EEE25__emplace_unique_key_argsIS2_JNS_4pairIS2_S6_EEEEENSG_INS_15__tree_iteratorIS7_PNS_11__tree_nodeIS7_PvEElEEbEERKT_DpOT0_,0x114
0xa066dc,_ZNSt6__ndk16__treeINS_12__value_typeINS_4pairIiiEEiEENS_19__map_value_compareIS3_S4_NS_4lessIS3_EELb1EEENS_9allocatorIS4_EEE7destroyEPNS_11__tree_nodeIS4_PvEE,0x40
0xa0671c,_ZN4asio9execution6detail17any_executor_base10require_fnINS0_12any_executorIJNS0_12context_as_tIRNS_17execution_contextEEENS1_8blocking7never_tILi0EEENS0_11prefer_onlyINS9_10possibly_tILi0EEEEENSC_INS1_16outstanding_work9tracked_tILi0EEEEENSC_INSG_11untracked_tILi0EEEEENSC_INS1_12relationship6fork_tILi0EEEEENSC_INSN_14continuation_tILi0EEEEEEEENS_10io_context19basic_executor_typeINSt6__ndk19allocatorIvEELj4EEESB_EET_PKvS13_,0xa4
0xa067c0,_ZNK10Projectile14getGroundBasisEv,0x8
0xa067c8,_ZN15LogicEffectDataD0Ev,0x24
0xa067ec,_ZN27BrawlTvChannelNextUpMessageD2Ev,0xd0
0xa068bc,_ZN4asio6detail16service_registry6createINS0_23reactive_socket_serviceINS_2ip3tcpEEENS_10io_contextEEEPNS_17execution_context7serviceEPv,0x8c
0xa06948,_ZNSt6__ndk110__function6__funcIZN8Databind8Migrator16addMigrationStepIN11wendelstein12old_versions15EmitterParamsV0ENS5_7Emitter13EmitterParamsEEEviNS_8functionIFvRT_RT0_EEEEUlvE_NS_9allocatorISH_EEFNS_10unique_ptrIvPFvPvEEEvEE7destroyEv,0x4
0xa0694c,_ZN8safe_jni7ConvertI6StringvE18CallStaticFunctionEP10_jmethodIDP7_jclassz,0x104
0xa06a50,_ZN8safe_jni15static_functionIN5titan3com9supercell5titan22VirtualKeyboardHandlerEvEclIJb6StringEEEvDpT_,0x1c4
0xa06c14,_ZNSt6__ndk120__shared_ptr_emplaceI6StringNS_9allocatorIS1_EEE21__on_zero_shared_weakEv,0x4
0xa06c18,_ZNK37DefaultExpressionEvaluatorEnvironment15mapFunctionNameERK6StringPi,0x8
0xa06c20,_ZNKSt6__ndk120__shared_ptr_pointerIPN8Databind23DefaultObjectTypeTraitsIN11wendelstein7Emitter13EmitterParamsEEENS_14default_deleteIS6_EENS_9allocatorIS6_EEE13__get_deleterERKSt9type_info,0x1c
0xa06c3c,_ZN8nlohmann6detail28json_sax_dom_callback_parserINS_10basic_jsonINSt6__ndk13mapENS3_6vectorENS3_12basic_stringIcNS3_11char_traitsIcEENS3_9allocatorIcEEEEblmdS9_NS_14adl_serializerEEEEC2ERSD_NS3_8functionIFbiNS0_6parserISD_E13parse_event_tESF_EEEb,0x108
0xa06d44,_ZN13DataLoaderCSVD2Ev,0x70
0xa06db4,_ZN10GameScreenD0Ev,0x4
0xa06db8,_ZN4asio6detail12posix_threadC2INS0_9scheduler15thread_functionEEET_j,0xf0
0xa06ea8,_ZNSt6__ndk16vectorIN2fx4gltf6CameraENS_9allocatorIS3_EEE7reserveEm,0x1d0
0xa07078,_ZN8safe_jni11PrepareArgsIJ6StringS1_iiS1_iS1_EE3valERKS1_S4_RKiS6_S4_S6_S4_,0x17c
0xa071f4,_ZN11wendelstein17IEmitterComponentD2Ev,0x4
0xa071f8,_ZN6Friend17initializeMembersEv,0xe0
0xa072d8,_ZN4Game21onReachabilityChangedEi,0x4
0xa072dc,_ZN19NameChangeSubScreen7keyDownEi,0x8
0xa072e4,_ZN4asio9execution6detail17any_executor_base9prefer_fnINS0_12any_executorIJNS0_12context_as_tIRNS_17execution_contextEEENS1_8blocking7never_tILi0EEENS0_11prefer_onlyINS9_10possibly_tILi0EEEEENSC_INS1_16outstanding_work9tracked_tILi0EEEEENSC_INSG_11untracked_tILi0EEEEENSC_INS1_12relationship6fork_tILi0EEEEENSC_INSN_14continuation_tILi0EEEEEEEENS_10io_context19basic_executor_typeINSt6__ndk19allocatorIvEELj0EEESQ_EET_PKvS13_,0x38
0xa0731c,_ZN4asio6detail21resolver_service_base13base_shutdownEv,0x1e8
0xa07504,_ZN24SetRegionResponseMessageD0Ev,0xc0
0xa075c4,_ZN10GameObjectD0Ev,0x4c
0xa07610,_ZN8Databind23NlohmannJsonInReflectorD2Ev,0x4c
0xa0765c,_ZNSt6__ndk120__shared_ptr_pointerIP14LogicArrayListI6StringENS_14default_deleteIS3_EENS_9allocatorIS3_EEED0Ev,0x24
0xa07680,_ZNSt6__ndk16vectorIN8nlohmann10basic_jsonINS_3mapES0_NS_12basic_stringIcNS_11char_traitsIcEENS_9allocatorIcEEEEblmdS7_NS1_14adl_serializerEEENS7_ISB_EEE24__emplace_back_slow_pathIJRS9_EEEvDpOT_,0x140
0xa077c0,_ZN8Databind23DefaultObjectTypeTraitsIN11wendelstein18CurlNoiseComponentEE9constructEv,0x94
0xa07854,_ZN8Databind23DefaultObjectTypeTraitsIN11wendelstein15SpringComponentEE9constructEv,0xbc
0xa07910,_ZN28VanityItemRewardNotificationD0Ev,0x4
0xa07914,_ZNKSt6__ndk115basic_stringbufIcNS_11char_traitsIcEENS_9allocatorIcEEE3strEv,0x20c
0xa07b20,_ZNSt6__ndk114__split_bufferINS_12basic_stringIcNS_11char_traitsIcEENS_9allocatorIcEEEERNS4_IS6_EEE9push_backEOS6_,0x238
0xa07d58,_ZN26ISCIDManagerImplementation17respondToDonationERK6Stringb,0x4
0xa07d5c,_ZN10NativeFont10setOutlineEb,0xc
0xa07d68,_ZN25LogicAvatarChangeListenerD2Ev,0x4
0xa07d6c,_ZNKSt6__ndk110__function6__funcIZN11wendelstein16ComponentFactory14addConstructorINS2_21SimpleGroundComponentEEEvvEUlvE_NS_9allocatorIS6_EEFNS_10shared_ptrINS2_17IEmitterComponentEEEvEE6targetERKSt9type_info,0x1c
0xa07d88,_ZN2fx4gltf6detail17ReadOptionalFieldINSt6__ndk15arrayIfLm16EEEEEvNS3_17basic_string_viewIcNS3_11char_traitsIcEEEERKN8nlohmann10basic_jsonINS3_3mapENS3_6vectorENS3_12basic_stringIcS8_NS3_9allocatorIcEEEEblmdSF_NSA_14adl_serializerEEERT_,0x188
0xa07f10,_ZN14HelpshiftTitan23HelpshiftConnectionImpl19setCustomIssueFieldERK6StringS3_S3_,0x10
0xa07f20,_ZN22BindLineAccountMessageD0Ev,0xc0
0xa07fe0,_ZN20TicketPacksTimerItemD0Ev,0x4
0xa07fe4,_ZN15TeamKickMessageD0Ev,0xc0
0xa080a4,_ZN23TeamSetPlayerMapMessageD0Ev,0xc4
0xa08168,_ZNSt6__ndk119__throw_regex_errorILNS_15regex_constants10error_typeE14EEEvv,0xc
0xa08174,_ZN8Databind23DefaultObjectTypeTraitsIN11wendelstein15GroundComponentEE7destroyEPv,0x18
0xa0818c,_ZTv0_n24_NSt6__ndk119basic_istringstreamIcNS_11char_traitsIcEENS_9allocatorIcEEED0Ev,0x84
0xa08210,_ZN8Databind4Util17ArrayAccessorBaseINSt6__ndk112basic_stringIcNS2_11char_traitsIcEENS2_9allocatorIcEEEE14LogicArrayListIS8_EE6addPtrEPKv,0xc
0xa0821c,_ZNK13WVSCIDManager10getManagerEv,0x8
0xa08224,_ZNSt6__ndk115basic_stringbufIcNS_11char_traitsIcEENS_9allocatorIcEEED0Ev,0x58
0xa0827c,_ZN8Databind23DefaultObjectTypeTraitsIN11wendelstein24TangentVelocityComponentEE6assignEPvPKv,0x44
0xa082c0,_ZNSt6__ndk120__shared_ptr_emplaceIN11wendelstein15GroundComponentENS_9allocatorIS2_EEE16__on_zero_sharedEv,0xc
0xa082cc,_ZN30SkinPreviewToggleOutlineButtonD0Ev,0x24
0xa082f0,_ZTv0_n24_NSt6__ndk114basic_ofstreamIcNS_11char_traitsIcEEED0Ev,0x54
0xa08344,_ZN8safe_jni15static_functionIN5titan3com9supercell5titan7tencent11MSDKManagerEvEclIJ6StringiiNSt6__ndk16vectorISt4byteNSA_9allocatorISC_EEEEiEEEvDpT_,0x1d4
0xa08518,_ZN29RankedMatchPickStartedMessageD2Ev,0xc4
0xa085dc,_ZNSt6__ndk16vectorINS_4pairIPK18LogicCharacterDataNS0_IPK13LogicSkinDataNS_9allocatorIS7_EEEEEENS8_ISB_EEE7reserveEm,0x10c
0xa086e8,_ZN8Databind6detail17AccessorNonRefSetIf18BezierInterpolatorI7Vector3IfEEE4nameEv,0xc
0xa086f4,_ZN12RecentButtonD0Ev,0x34
0xa08728,_ZNK6icu_5819Normalizer2WithImpl17getCombiningClassEi,0xd8
0xa08800,_ZN8Databind4Util17ArrayAccessorBaseIfNSt6__ndk16vectorIfNS2_9allocatorIfEEEEE10cloneArrayEv,0x6c
0xa0886c,_ZN8Databind23DefaultObjectTypeTraitsIN11wendelstein17MovieClipRenderer6ParamsEE7destroyEPv,0x30
0xa0889c,_ZNSt6__ndk112__hash_tableINS_17__hash_value_typeIPv6StringEENS_22__unordered_map_hasherIS2_S4_NS_4hashIS2_EELb1EEENS_21__unordered_map_equalIS2_S4_NS_8equal_toIS2_EELb1EEENS_9allocatorIS4_EEE8__rehashEm,0x1f0
0xa08a8c,_ZN4asio6detail9scheduler25post_deferred_completionsERNS0_8op_queueINS0_19scheduler_operationEEE,0x17c
0xa08c08,_ZNKSt6__ndk120__shared_ptr_pointerIP14LogicArrayListIfENS_14default_deleteIS2_EENS_9allocatorIS2_EEE13__get_deleterERKSt9type_info,0x1c
0xa08c24,_ZN26hb_get_subtables_context_t8apply_toIN2OT19ChainContextFormat2EEEbPKvPNS1_18hb_apply_context_tE,0x4
0xa08c28,_Z16downscaleTextureIsEviiiPT_S1_,0x1634
0xa0a25c,_ZN4Game7keyDownEi,0x4
0xa0a260,_ZN23ChronosEventSeenMessageD0Ev,0xc0
0xa0a320,_ZNSt6__ndk113__assoc_stateI6StringED0Ev,0x54
0xa0a374,_ZN25LogicAvatarChangeListener16goldPurchaseMadeEiiii,0x4
0xa0a378,_ZNK6icu_5815MaybeStackArrayIcLi40EEixEl,0xc
0xa0a384,_ZN17LogicGameListener19beforeOffersReceiveEP14LogicArrayListIP16LogicOfferBundleE,0x4
0xa0a388,_ZN8safe_jni8functionIN5titan3com9supercell5titan11SupercellIdEvEclIJ6StringS8_EEEvP8_jobjectDpT_,0x1f8
0xa0a580,_ZNSt6__ndk127__insertion_sort_incompleteIRPFbPKN13DebugMenuBase8CategoryES4_EPPS2_EEbT0_SA_T_,0x330
0xa0a8b0,_ZNKSt6__ndk110__function6__funcIZN8Databind8Migrator16addMigrationStepIN11wendelstein12old_versions15EmitterParamsV0ENS5_7Emitter13EmitterParamsEEEviNS_8functionIFvRT_RT0_EEEEUlvE0_NS_9allocatorISH_EEFNS_10unique_ptrIvPFvPvEEEvEE6targetERKSt9type_info,0x1c
0xa0a8cc,_ZN8Databind4Util13ArrayAccessorI6StringNSt6__ndk16vectorIS2_NS3_9allocatorIS2_EEEEE6resizeEm,0x78
0xa0a944,_ZN8safe_jni8functionIN5titan4java4util7HashMapENS2_4lang6ObjectEEclIJS6_S6_EEES6_P8_jobjectDpT_,0x178
0xa0aabc,_ZN4asio9execution6detail17any_executor_base8query_fnINS_10io_context19basic_executor_typeINSt6__ndk19allocatorIvEELj4EEENS1_8blocking7never_tILi0EEEEEvPvPKvSF_,0x38
0xa0aaf4,_ZN8Databind4Util17ArrayAccessorBaseI12LogicVector214LogicArrayListIS2_EE6addPtrEPKv,0xc
0xa0ab00,_ZN8Databind4Util13ArrayAccessorIi14LogicArrayListIiEE6resizeEm,0x108
0xa0ac08,_ZN14PlayerRankItemC2EP12RankingEntryiiPK18LogicCharacterData,0x42c
0xa0b034,_ZN4asio9execution6detail17any_executor_base9move_voidERS2_S3_,0x8
0xa0b03c,_ZN26ResourceRewardNotification19getNotificationTypeEv,0x8
0xa0b044,_ZN14PlayerRankItemD0Ev,0x50
0xa0b094,_ZNSt6__ndk120__shared_ptr_pointerIP14LogicArrayListI12LogicVector3ENS_14default_deleteIS3_EENS_9allocatorIS3_EEED0Ev,0x24
0xa0b0b8,_ZNSt6__ndk120__shared_ptr_emplaceI18scFSLayerDirectoryNS_9allocatorIS1_EEED0Ev,0x38
0xa0b0f0,_ZN4asio6detail12posix_threadC2INS0_21resolver_service_base21work_scheduler_runnerEEET_j,0xf0
0xa0b1e0,_ZN27FacebookAccountBoundMessageD0Ev,0xc0
0xa0b2a0,_ZN18BezierInterpolatorI7Vector3IfEE5setToES1_,0xc
0xa0b2ac,_ZNK4asio5error6detail13misc_category7messageEi,0x128
0xa0b3d4,_ZN4asio6detail28reactive_socket_service_base7destroyERNS1_24base_implementation_typeE,0xec
0xa0b4c0,_ZN33LogicInviteBlockingChangedCommandD0Ev,0x4
0xa0b4c4,_ZN17LogicGameListener12pathfindDoneEi,0x4
0xa0b4c8,_ZN30TicketCompensationNotification19getNotificationTypeEv,0x8
0xa0b4d0,_ZN8Databind4Util17ArrayAccessorBaseIiNSt6__ndk16vectorIiNS2_9allocatorIiEEEEE6setPtrEmPKv,0xc
0xa0b4dc,_ZNK2OT8Sequence5applyEPNS_18hb_apply_context_tE,0x124
0xa0b600,_ZN25DeviceLinkMigrationScreen16getSubScreenTypeEv,0x8
0xa0b608,_ZNKSt6__ndk110__function6__funcIZN11wendelstein16ComponentFactory14addConstructorINS2_18CurlNoiseComponentEEEvvEUlvE_NS_9allocatorIS6_EEFNS_10shared_ptrINS2_17IEmitterComponentEEEvEE11target_typeEv,0xc
0xa0b614,_ZN21UnbotifyReportMessageD0Ev,0xc0
0xa0b6d4,_ZN8safe_jni7ConvertIivE18CallStaticFunctionEP10_jmethodIDP7_jclassz,0xa8
0xa0b77c,_ZN14HelpshiftTitan27HelpshiftConnectionFallback13clearMetadataEv,0x4
0xa0b780,_ZNK21TypedResourceDataBaseILi5EE7getTypeEv,0x8
0xa0b788,_ZNSt6__ndk118basic_stringstreamIcNS_11char_traitsIcEENS_9allocatorIcEEED1Ev,0x74
0xa0b7fc,_ZNSt6__ndk120__shared_ptr_emplaceI17scFSAndroidAssetsNS_9allocatorIS1_EEED2Ev,0x30
0xa0b82c,_ZNSt6__ndk16__treeINS_12__value_typeINS_12basic_stringIcNS_11char_traitsIcEENS_9allocatorIcEEEEbEENS_19__map_value_compareIS7_S8_NS_4lessIS7_EELb1EEENS5_IS8_EEE12__find_equalIS7_EERPNS_16__tree_node_baseIPvEERPNS_15__tree_end_nodeISJ_EERKT_,0x120
0xa0b94c,_ZNSt6__ndk16vectorIN13TimelineValue8KeyFrameENS_9allocatorIS2_EEE12emplace_backIJRS2_EEES7_DpOT_,0x150
0xa0ba9c,_ZN8Databind4Util13ArrayAccessorI12LogicVector3NSt6__ndk16vectorIS2_NS3_9allocatorIS2_EEEEE8capacityEm,0x8
0xa0baa4,_ZNK22scLZMADecompressFilter13getFilterNameEv,0xc
0xa0bab0,_ZN8Databind4Util13ArrayAccessorIb14LogicArrayListIbEE4swapEmm,0x24
0xa0bad4,_ZN8nlohmann6detail20from_json_array_implINS_10basic_jsonINSt6__ndk13mapENS3_6vectorENS3_12basic_stringIcNS3_11char_traitsIcEENS3_9allocatorIcEEEEblmdS9_NS_14adl_serializerEEENS5_ISB_NS9_ISB_EEEEEEDTcmcmcldtfp0_7reserveclsr3stdE7declvalINT0_9size_typeEEEEcldtfp_3getINSG_10value_typeEEEcvv_EERKT_RSG_NS0_12priority_tagILj1EEE,0x100
0xa0bbd4,_ZNK2OT9PosLookup8sanitizeEPNS_21hb_sanitize_context_tE,0x16c
0xa0bd40,_ZN32BrawlPassPointRewardNotification19getNotificationTypeEv,0x8
0xa0bd48,_ZNSt6__ndk116__owns_one_stateIcED0Ev,0x40
0xa0bd88,_ZN14scPackagedTaskINSt6__ndk14pairIb6StringEEED0Ev,0x11c
0xa0bea4,_ZNSt6__ndk124__buffered_inplace_mergeIRZN14LogicArrayListIP12LocationItemE9sortArrayIPFiS3_S3_EEEvRKT_EUlRKS3_SC_E_PS3_EEvT0_SG_SG_S8_NS_15iterator_traitsISG_E15difference_typeESJ_PNSI_10value_typeE,0x27c
0xa0c120,_ZThn368_NK11OnlinePopup29isInFriendlyRoomInviteContextEv,0x10
0xa0c130,_ZNSt6__ndk120__shared_ptr_pointerIPNS_6vectorI12LogicVector3NS_9allocatorIS2_EEEENS_14default_deleteIS5_EENS3_IS5_EEE16__on_zero_sharedEv,0x40
0xa0c170,_ZN27HeroPowerRewardNotificationD0Ev,0x4
0xa0c174,_ZNSt6__ndk120__shared_ptr_pointerIP14LogicArrayListIbENS_14default_deleteIS2_EENS_9allocatorIS2_EEE21__on_zero_shared_weakEv,0x4
0xa0c178,_ZNSt6__ndk114__split_bufferIPNS_7__stateIcEERNS_9allocatorIS3_EEE10push_frontERKS3_,0x138
0xa0c2b0,_ZN8safe_jni11PrepareArgsIJ6StringiliS1_S1_S1_S1_S1_S1_EE3valERKS1_RKiRKlS6_S4_S4_S4_S4_S4_S4_,0x16c
0xa0c41c,_ZN8Databind18DatabindObjectNodeD2Ev,0xb0
0xa0c4cc,_ZN4asio6detail13epoll_reactorC2ERNS_17execution_contextE,0x128
0xa0c5f4,_ZNSt6__ndk16__treeINS_12__value_typeI6StringP4NodeEENS_19__map_value_compareIS2_S5_NS_4lessIS2_EELb1EEENS_9allocatorIS5_EEE25__emplace_unique_key_argsIS2_JRKNS_21piecewise_construct_tENS_5tupleIJRKS2_EEENSH_IJEEEEEENS_4pairINS_15__tree_iteratorIS5_PNS_11__tree_nodeIS5_PvEElEEbEERKT_DpOT0_,0x110
0xa0c704,_ZN22ResourceDataLoaderImplI15ResourceDataCSVED2Ev,0x5c
0xa0c760,_ZN8Databind23DefaultObjectTypeTraitsIN11wendelstein12EmitterBurstEE9constructEv,0x1c
0xa0c77c,_ZN11wendelstein27WendelsteinMovieClipEmitter5resetEv,0xf8
0xa0c874,_ZNK25PepperPerMessageEncrypter21getEncryptionOverheadEv,0xc
0xa0c880,_ZN18ClientHelloMessageD2Ev,0xd0
0xa0c950,_ZN22HeroRewardNotification19getNotificationTypeEv,0x8
0xa0c958,_ZN8nlohmann6detail20from_json_array_implINS_10basic_jsonINSt6__ndk13mapENS3_6vectorENS3_12basic_stringIcNS3_11char_traitsIcEENS3_9allocatorIcEEEEblmdS9_NS_14adl_serializerEEEfLm3EEEDTcmcldtfp_3getIT0_EEcvv_EERKT_RNS3_5arrayISE_XT1_EEENS0_12priority_tagILj2EEE,0x184
0xa0cadc,_ZNKSt6__ndk110__function6__funcIZN11wendelstein16ComponentFactory14addConstructorINS2_18SpawnConeComponentEEEvvEUlvE_NS_9allocatorIS6_EEFNS_10shared_ptrINS2_17IEmitterComponentEEEvEE11target_typeEv,0xc
0xa0cae8,_ZN8safe_jni8functionIN5titan3com9supercell5titan12TitanWebViewEvEclIJEEEvP8_jobjectDpT_,0x118
0xa0cc00,_ZN5titan7android2os5Build7VERSIOND0Ev,0x38
0xa0cc38,_ZNSt6__ndk118__back_ref_collateIcNS_12regex_traitsIcEEED2Ev,0x54
0xa0cc8c,_ZN8Databind23DefaultObjectTypeTraitsIN11wendelstein12EmitterBurstEED0Ev,0x4
0xa0cc90,_ZNSt6__ndk16__treeI6StringNS_4lessIS1_EENS_9allocatorIS1_EEE7destroyEPNS_11__tree_nodeIS1_PvEE,0x48
0xa0ccd8,_ZN5lzham12lzcompressorD2Ev,0x258
0xa0cf30,_ZN31PublishPlayerMapResponseMessageD0Ev,0xc4
0xa0cff4,_ZNSt6__ndk16vectorI13QuestSortDataNS_9allocatorIS1_EEE6assignIPS1_EENS_9enable_ifIXaasr21__is_forward_iteratorIT_EE5valuesr16is_constructibleIS1_NS_15iterator_traitsIS8_E9referenceEEE5valueEvE4typeES8_S8_,0x1b8
0xa0d1ac,_ZN8nlohmann6detail5lexerINS_10basic_jsonINSt6__ndk13mapENS3_6vectorENS3_12basic_stringIcNS3_11char_traitsIcEENS3_9allocatorIcEEEEblmdS9_NS_14adl_serializerEEEE13get_codepointEv,0x128
0xa0d2d4,_ZNSt6__ndk1ltIhLm32EEEbRKNS_5arrayIT_XT0_EEES5_,0x3fc
0xa0d6d0,_ZN5titan3com9supercell5titan19GoogleServiceClientD0Ev,0x38
0xa0d708,_ZN8Databind4Util13ArrayAccessorIbNSt6__ndk16vectorIbNS2_9allocatorIbEEEEED0Ev,0x4
0xa0d70c,_ZNSt6__ndk120__shared_ptr_emplaceIN11wendelstein21SimpleGroundComponentENS_9allocatorIS2_EEED0Ev,0x24
0xa0d730,_ZN25LogicAvatarChangeListener38debugChampionshipChallengeSetQualifiedEv,0x4
0xa0d734,_ZN8safe_jni7ConvertIN5titan4java8security13MessageDigestEvE18CallStaticFunctionEP10_jmethodIDP7_jclassz,0x13c
0xa0d870,_ZN17ClientInfoMessage18getServiceNodeTypeEv,0x8
0xa0d878,_ZNK22ResourceDataLoaderImplI16ResourceDataJSONE7getTypeEv,0x8
0xa0d880,_ZN4asio10io_contextC2Ev,0x160
0xa0d9e0,_ZNSt6__ndk120__shared_ptr_emplaceIN11wendelstein26EmitterBurstListSerializerENS_9allocatorIS2_EEED0Ev,0x24
0xa0da04,_ZNK16AllianceWarPopup12getPopupTypeEv,0x8
0xa0da0c,_ZNSt6__ndk120__shared_ptr_emplaceIN11wendelstein24TangentVelocityComponentENS_9allocatorIS2_EEE16__on_zero_sharedEv,0xc
0xa0da18,_ZN11wendelstein17IEmitterComponent23setDatabindObjectFieldsEP14DatabindObjectm,0x16c
0xa0db84,_ZN35RespondToAllianceJoinRequestMessageD0Ev,0xc0
0xa0dc44,_ZN12scFileFilter5writeEPKvm,0x10
0xa0dc54,_ZN8safe_jni15static_functionIN5titan3com9supercell5titan6kunlun13GameAppKunlunEiEclIJEEEiDpT_,0x138
0xa0dd8c,_ZN35AllianceInvitationSendFailedMessageD0Ev,0xc0
0xa0de4c,_ZN24TextFieldLinkHitDetectorD0Ev,0x34
0xa0de80,_ZNSt6__ndk120__shared_ptr_pointerIPNS_6vectorI12LogicVector2NS_9allocatorIS2_EEEENS_14default_deleteIS5_EENS3_IS5_EEE16__on_zero_sharedEv,0x40
0xa0dec0,_ZN26hb_get_subtables_context_t8apply_toIN2OT21AlternateSubstFormat1EEEbPKvPNS1_18hb_apply_context_tE,0x4
0xa0dec4,_ZN7_JNIEnv16CallObjectMethodEP8_jobjectP10_jmethodIDz,0x70
0xa0df34,_ZN8Databind4Util13ArrayAccessorI6String14LogicArrayListIS2_EE6resizeEm,0x2c
0xa0df60,_ZN17LogicClientAvatarD0Ev,0x30
0xa0df90,_ZN8Databind6detail22AccessorNonRefGetConstIf18BezierInterpolatorI7Vector3IfEEE4nameEv,0xc
0xa0df9c,_ZN21AppRateDialogListenerD0Ev,0x4
0xa0dfa0,_ZN11wendelstein21DecelerationComponent23setDatabindObjectFieldsEP14DatabindObjectm,0x244
0xa0e1e4,_ZNSt6__ndk16__treeIP7SCWFileNS_4lessIS2_EENS_9allocatorIS2_EEE7destroyEPNS_11__tree_nodeIS2_PvEE,0x40
0xa0e224,_ZN24LogicSetPlayerAgeCommandD0Ev,0x4
0xa0e228,_ZN27ClaimRankRewardPopupHandler15showResourceHUDEv,0x8
0xa0e230,_ZN8Databind4Util17ArrayAccessorBaseIf14LogicArrayListIfEE6addPtrEPKv,0xc
0xa0e23c,_ZN8PageItem12stateChangedENS_5StateES0_,0x4
0xa0e240,_ZNSt6__ndk120__shared_ptr_pointerIPN8Databind23DefaultObjectTypeTraitsIN11wendelstein20SpawnPlanarComponentEEENS_14default_deleteIS5_EENS_9allocatorIS5_EEE16__on_zero_sharedEv,0x18
0xa0e258,_ZN8Databind4Util13ArrayAccessorI7Vector2IfE14LogicArrayListIS3_EE8setArrayEPv,0x8
0xa0e260,_ZN27TeamToggleMemberSideMessageD0Ev,0xe0
0xa0e340,_ZNSt6__ndk118__insertion_sort_3IRPFbPK13LogicSkinDataS3_EPS3_EEvT0_S8_T_,0x15c
0xa0e49c,_ZN17LogicGameListener30onBrawlPassSeasonAutoCollectedEi,0x4
0xa0e4a0,_ZN8Databind4Util17ArrayAccessorBaseI12LogicVector3NSt6__ndk16vectorIS2_NS3_9allocatorIS2_EEEEE10cloneArrayEv,0x6c
0xa0e50c,_ZN8safe_jni15static_functionIN5titan3com9supercell5titan14HelpshiftTitanEvEclIJ6StringS8_S8_EEEvDpT_,0x27c
0xa0e788,_ZN4asio6detail16service_registry14do_add_serviceERKNS_17execution_context7service3keyEPS3_,0x128
0xa0e8b0,_ZN4asio6detail16resolver_serviceINS_2ip3tcpEE8shutdownEv,0x8
0xa0e8b8,_ZNSt6__ndk110__function6__funcIZN11wendelstein16ComponentFactory14addConstructorINS2_13DragComponentEEEvvEUlvE_NS_9allocatorIS6_EEFNS_10shared_ptrINS2_17IEmitterComponentEEEvEED0Ev,0x4
0xa0e8bc,_ZN8Databind4Util13ArrayAccessorIi14LogicArrayListIiEE8capacityEm,0x104
0xa0e9c0,_ZN22RankRewardNotification19getNotificationTypeEv,0x8
0xa0e9c8,_ZN4Game38onCurrentConnectionReachabilityChangedEi,0x4
0xa0e9cc,_ZN8LogicMapIbED2Ev,0x8
0xa0e9d4,_ZN22LogicDayChangedCommandD0Ev,0x4
0xa0e9d8,_ZNK15scFileImpl_Mmap14isMemoryMappedEv,0x8
0xa0e9e0,_ZN4asio6detail9scheduler9init_taskEv,0x144
0xa0eb24,_ZNK17scFSLayerPackfile10isPackfileEv,0x8
0xa0eb2c,_ZNSt6__ndk114__split_bufferIPNS_10shared_ptrI14scAbstractTaskEENS_9allocatorIS4_EEE9push_backEOS4_,0x138
0xa0ec64,_ZN8safe_jni8functionIN5titan7android5media11MediaPlayerEvEclIJiEEEvP8_jobjectDpT_,0x13c
0xa0eda0,_ZNK6icu_5818ComposeNormalizer27isInertEi,0x14
0xa0edb4,_ZN21LogicGameObjectServerD2Ev,0x4
0xa0edb8,_ZN28TeamRequestJoinCancelMessageD0Ev,0xc0
0xa0ee78,_ZNK9GameState17isUpdatingContentEv,0x8
0xa0ee80,_ZN32BrawlPassPointRewardNotificationD0Ev,0x4
0xa0ee84,_ZN14LogicThemeDataD0Ev,0x40
0xa0eec4,_ZNK22ResourceDataLoaderImplI17ResourceDataMusicE7getTypeEv,0x8
0xa0eecc,_ZN17LogicRankedSeasonD0Ev,0x4c
0xa0ef18,_ZNSt6__ndk113basic_ostreamIcNS_11char_traitsIcEEE5writeEPKcl,0x104
0xa0f01c,_ZNSt6__ndk120__shared_ptr_pointerIPN8Databind6detail23DatabindAccessorWrapperI7Vector3IfEEENS_14default_deleteIS6_EENS_9allocatorIS6_EEE21__on_zero_shared_weakEv,0x4
0xa0f020,_ZN14LogicDataTableD2Ev,0x4c
0xa0f06c,_ZN29ChangeAllianceSettingsMessageD0Ev,0xc0
0xa0f12c,_ZN27MatchMakingCancelledMessageD0Ev,0xc0
0xa0f1ec,_ZNSt6__ndk16vectorIN2fx4gltf9Animation7ChannelENS_9allocatorIS4_EEE7reserveEm,0x1a0
0xa0f38c,_ZN31ChangeAllianceSettingsOkMessageD0Ev,0xc0
0xa0f44c,_ZN8safe_jni15static_functionIN5titan3com9supercell5titan15UnbotifyManagerEvEclIJbibEEEvDpT_,0x1b0
0xa0f5fc,_ZNKSt6__ndk120__shared_ptr_pointerIPN8Databind23DefaultObjectTypeTraitsIN11wendelstein15GroundComponentEEENS_14default_deleteIS5_EENS_9allocatorIS5_EEE13__get_deleterERKSt9type_info,0x1c
0xa0f618,_ZN8nlohmann6detail11parse_errorD0Ev,0x38
0xa0f650,_ZNSt6__ndk16__sortIRPFbP13LogicGemOfferS2_EPS2_EEvT0_S7_T_,0x624
0xa0fc74,_ZN14LogicArrayListINSt6__ndk112basic_stringIcNS0_11char_traitsIcEENS0_9allocatorIcEEEEE14ensureCapacityEi,0x180
0xa0fdf4,_ZNSt6__ndk110__function6__funcIZN11wendelstein16ComponentFactory14addConstructorINS2_21DecelerationComponentEEEvvEUlvE_NS_9allocatorIS6_EEFNS_10shared_ptrINS2_17IEmitterComponentEEEvEE7destroyEv,0x4
0xa0fdf8,_ZNKSt6__ndk120__shared_ptr_pointerIPN8Databind23DefaultObjectTypeTraitsIN11wendelstein21DecelerationComponentEEENS_14default_deleteIS5_EENS_9allocatorIS5_EEE13__get_deleterERKSt9type_info,0x1c
0xa0fe14,_ZNSt6__ndk114__split_bufferIPNS_10shared_ptrI14scAbstractTaskEENS_9allocatorIS4_EEE10push_frontEOS4_,0x138
0xa0ff4c,_ZNSt6__ndk118__input_arithmeticIjcNS_11char_traitsIcEEEERNS_13basic_istreamIT0_T1_EES7_RT_,0xb8
0xa10004,_ZN11wendelstein21SimpleGroundComponent5cloneEv,0x54
0xa10058,_ZNK10SkinsPopup15showResourceHUDEv,0x8
0xa10060,_ZNK14EnterNamePopup15isFadeInEnabledEv,0x8
0xa10068,_ZNK11DragHandler14getTotalHeightEv,0x8
0xa10070,_ZN8safe_jni15static_functionIN5titan3com9supercell5titan7GameAppEvEclIJNSt6__ndk16vectorISt4byteNS8_9allocatorISA_EEEEEEEvDpT_,0x168
0xa101d8,_ZN15NativeFontCache9findOrAddEiP10nti_font_tP14FormattedGlyphPK10NativeFontf,0x680
0xa10858,_ZNSt6__ndk16vectorIN2fx4gltf6CameraENS_9allocatorIS3_EEE26__swap_out_circular_bufferERNS_14__split_bufferIS3_RS5_EEPS3_,0x190
0xa109e8,_ZN17LogicGameListener25inGameHintsEnabledToggledEb,0x4
0xa109ec,_ZN8Databind4Util17ArrayAccessorBaseI12LogicVector3NSt6__ndk16vectorIS2_NS3_9allocatorIS2_EEEEE6addPtrEPKv,0xc
0xa109f8,_ZNSt6__ndk16__treeINS_12__value_typeI6StringP4NodeEENS_19__map_value_compareIS2_S5_NS_4lessIS2_EELb1EEENS_9allocatorIS5_EEE7destroyEPNS_11__tree_nodeIS5_PvEE,0x48
0xa10a40,_ZN26hb_get_subtables_context_t8apply_toIN2OT19ChainContextFormat1EEEbPKvPNS1_18hb_apply_context_tE,0x4
0xa10a44,_ZNKSt6__ndk110__function6__funcIZN11wendelstein16ComponentFactory14addConstructorINS2_15SpringComponentEEEvvEUlvE_NS_9allocatorIS6_EEFNS_10shared_ptrINS2_17IEmitterComponentEEEvEE6targetERKSt9type_info,0x1c
0xa10a60,_ZN23scFileImpl_MemoryHandle5writeEPKvm,0x7c
0xa10adc,_ZN29LogicReflectableContainerBaseD0Ev,0x4
0xa10ae0,_ZN8Databind4Util17ArrayAccessorBaseI12LogicVector3NSt6__ndk16vectorIS2_NS3_9allocatorIS2_EEEEE6getPtrEm,0xc
0xa10aec,_ZN8Databind23DefaultObjectTypeTraitsIN11wendelstein12old_versions22MovieClipEmitterDataV0EE9constructEv,0x180
0xa10c6c,_ZN20PlayerJWTokenMessageD2Ev,0xd0
0xa10d3c,_ZN8Databind4Util17ArrayAccessorBaseI7Vector2IfE14LogicArrayListIS3_EE6setPtrEmPKv,0xc
0xa10d48,_ZN9PopupBase16onHudCloseButtonEv,0x4
0xa10d4c,_ZNSt6__ndk112basic_stringIcNS_11char_traitsIcEENS_9allocatorIcEEEaSERKS5_,0xdc
0xa10e28,_ZN4asio9execution6detail17any_executor_base10require_fnINS0_12any_executorIJNS0_12context_as_tIRNS_17execution_contextEEENS1_8blocking7never_tILi0EEENS0_11prefer_onlyINS9_10possibly_tILi0EEEEENSC_INS1_16outstanding_work9tracked_tILi0EEEEENSC_INSG_11untracked_tILi0EEEEENSC_INS1_12relationship6fork_tILi0EEEEENSC_INSN_14continuation_tILi0EEEEEEEENS_10io_context19basic_executor_typeINSt6__ndk19allocatorIvEELj4EEESF_EET_PKvS13_,0x24
0xa10e4c,_ZN9CharacterD0Ev,0x8c
0xa10ed8,_ZN11wendelstein20SpawnPlanarComponent20getDatabindObjectDefEv,0x310
0xa111e8,_ZN13LogicItemDataD2Ev,0x4c
0xa11234,_ZN17LogicGameListenerD2Ev,0x4
0xa11238,_ZN4asio9execution6detail17any_executor_base8query_fnIvNS0_11prefer_onlyINS1_16outstanding_work11untracked_tILi0EEEEEEEvPvPKvSB_,0x30
0xa11268,_ZN6icu_5815MaybeStackArrayIcLi40EEeqERKS1_,0x8
0xa11270,_ZN5titan4java4lang4LongD0Ev,0x38
0xa112a8,_ZN27KunlunBillingRequestMessageD0Ev,0xe8
0xa11390,_ZNSt6__ndk19transformIN8nlohmann6detail9iter_implIKNS1_10basic_jsonINS_3mapENS_6vectorENS_12basic_stringIcNS_11char_traitsIcEENS_9allocatorIcEEEEblmdSA_NS1_14adl_serializerEEEEENS_15insert_iteratorINS6_IN2fx4gltf9PrimitiveENSA_ISK_EEEEEEZNS2_20from_json_array_implISE_SM_EEDTcmcmcldtfp0_7reserveclsr3stdE7declvalINT0_9size_typeEEEEcldtfp_3getINSP_10value_typeEEEcvv_EERKT_RSP_NS2_12priority_tagILj1EEEEUlRSF_E_EESP_ST_ST_SP_T1_,0x1b0
0xa11540,_ZN8Databind4Util13ArrayAccessorI12LogicVector314LogicArrayListIS2_EE5eraseEm,0x54
0xa11594,_ZN4asio9execution6detail17any_executor_base9prefer_fnINS0_12any_executorIJNS0_12context_as_tIRNS_17execution_contextEEENS1_8blocking7never_tILi0EEENS0_11prefer_onlyINS9_10possibly_tILi0EEEEENSC_INS1_16outstanding_work9tracked_tILi0EEEEENSC_INSG_11untracked_tILi0EEEEENSC_INS1_12relationship6fork_tILi0EEEEENSC_INSN_14continuation_tILi0EEEEEEEENS_10io_context19basic_executor_typeINSt6__ndk19allocatorIvEELj0EEESJ_EET_PKvS13_,0xa0
0xa11634,_ZN17ClientInfoMessageD0Ev,0xc0
0xa116f4,_ZN36LogicTencentAntiAddictionInstructionD0Ev,0x50
0xa11744,_ZN8safe_jni7ConvertIN5titan7android7content2pm14PackageManagerEvE3SigEv,0xd8
0xa1181c,_ZN22SelectLocationShortcutD0Ev,0x38
0xa11854,_ZN20OpenGLContextAndroid17setCurrentContextEv,0x2c
0xa11880,_ZN8linecorp4nova17NovaConfigurationC2ERKNSt6__ndk112basic_stringIcNS2_11char_traitsIcEENS2_9allocatorIcEEEESA_NS0_7logging8LogLevelE,0x164
0xa119e4,_ZNK2OT19ChainContextFormat35applyEPNS_18hb_apply_context_tE,0x55c
0xa11f40,_ZNK2OT19ChainContextFormat111would_applyEPNS_24hb_would_apply_context_tE,0x368
0xa122a8,_ZN8ShopItem13getFilterTypeEv,0x8
0xa122b0,_ZN23LogicRankedLocationDataD0Ev,0x40
0xa122f0,_ZNSt6__ndk16__treeINS_12__value_typeI6StringN5Align4EnumEEENS_19__map_value_compareIS2_S5_NS_4lessIS2_EELb1EEENS_9allocatorIS5_EEE25__emplace_unique_key_argsIS2_JRKNS_21piecewise_construct_tENS_5tupleIJOS2_EEENSH_IJEEEEEENS_4pairINS_15__tree_iteratorIS5_PNS_11__tree_nodeIS5_PvEElEEbEERKT_DpOT0_,0x110
0xa12400,_ZN8Databind23DefaultObjectTypeTraitsIN11wendelstein18CurlNoiseComponentEE7destroyEPv,0x18
0xa12418,_ZNK12GUIContainer14isGUIContainerEv,0x8
0xa12420,_ZN8safe_jni7ConvertIN5titan7android4view7SurfaceEvE3SigEv,0xd8
0xa124f8,_ZN23LogicSelectEmoteCommandD0Ev,0x4
0xa124fc,_ZNK13SimpleWebview12getPopupTypeEv,0x8
0xa12504,_ZN14DataLoaderGLTFD0Ev,0x24
0xa12528,_ZN5titan3com9supercell2id13IdShopProductD0Ev,0x38
0xa12560,_ZNK2OT7Context8dispatchINS_20hb_closure_context_tEEENT_8return_tEPS3_,0x130
0xa12690,_ZNSt6__ndk110__function6__funcIZN11wendelstein16ComponentFactory14addConstructorINS2_24TangentVelocityComponentEEEvvEUlvE_NS_9allocatorIS6_EEFNS_10shared_ptrINS2_17IEmitterComponentEEEvEE18destroy_deallocateEv,0x4
0xa12694,_ZN8safe_jni15static_functionIN5titan3com9supercell5titan21NativeFacebookManagerEvEclIJ6StringEEEvDpT_,0x1a0
0xa12834,_ZNK11wendelstein21DecelerationComponent11getCategoryEv,0x8
0xa1283c,_ZN8Databind4Util13ArrayAccessorI12LogicVector314LogicArrayListIS2_EE6resizeEm,0xd4
0xa12910,_ZN14LogicArrayListI9KakaoUserE14ensureCapacityEi,0x148
0xa12a58,_ZN8safe_jni7ConvertIN5titan4java2io14FileDescriptorEvE3SigEv,0xd8
0xa12b30,_ZN8Databind4Util13ArrayAccessorIiNSt6__ndk16vectorIiNS2_9allocatorIiEEEEE4swapEmm,0x24
0xa12b54,_ZN17scFileImpl_AAssetD2Ev,0x178
0xa12ccc,_ZNKSt6__ndk111__lookaheadIcNS_12regex_traitsIcEEE6__execERNS_7__stateIcEE,0x1a4
0xa12e70,_ZN25SetCountryResponseMessageD0Ev,0xc0
0xa12f30,_ZN8safe_jni15static_functionIN5titan3com9supercell5titan7GameAppE6StringEclIJEEES6_DpT_,0x148
0xa13078,_ZN19TeamStreamContainerD0Ev,0x24
0xa1309c,_ZNK8Databind4Util13ArrayAccessorINSt6__ndk112basic_stringIcNS2_11char_traitsIcEENS2_9allocatorIcEEEE14LogicArrayListIS8_EE8getArrayEv,0x8
0xa130a4,_ZNK15scFileImpl_Mmap4sizeEv,0x8
0xa130ac,_ZN17LogicGameListener8itemSeenEPK13LogicCardData,0x4
0xa130b0,_ZNSt6__ndk110__function6__funcIZN11wendelstein16ComponentFactory14addConstructorINS2_18SpawnRateComponentEEEvvEUlvE_NS_9allocatorIS6_EEFNS_10shared_ptrINS2_17IEmitterComponentEEEvEE7destroyEv,0x4
0xa130b4,_ZNSt6__ndk114__split_bufferIiRNS_9allocatorIiEEE9push_backEOi,0x1b4
0xa13268,_ZNSt6__ndk16__treeINS_12__value_typeINS_12basic_stringIcNS_11char_traitsIcEENS_9allocatorIcEEEEN11wendelstein16ComponentFactory8MapEntryEEENS_19__map_value_compareIS7_SB_NS_4lessIS7_EELb1EEENS5_ISB_EEE12__find_equalIS7_EERPNS_16__tree_node_baseIPvEERPNS_15__tree_end_nodeISM_EERKT_,0x120
0xa13388,_ZNSt6__ndk114__split_bufferIN2fx4gltf9Animation7SamplerERNS_9allocatorIS4_EEE9push_backEOS4_,0x1fc
0xa13584,_ZN8LogicMapIP6CSVRowE6removeERK6String,0x108
0xa1368c,_ZN32LogicDeviceLinkConfirmYesMessageD0Ev,0xe4
0xa13770,_ZNSt6__ndk16__treeINS_12__value_typeINS_12basic_stringIcNS_11char_traitsIcEENS_9allocatorIcEEEEN8nlohmann10basic_jsonINS_3mapENS_6vectorES7_blmdS5_NS8_14adl_serializerEEEEENS_19__map_value_compareIS7_SE_NS_4lessIvEELb1EEENS5_ISE_EEE4findINS_17basic_string_viewIcS4_EEEENS_15__tree_iteratorISE_PNS_11__tree_nodeISE_PvEElEERKT_,0x10c
0xa1387c,_ZNK8Databind4Util13ArrayAccessorIf14LogicArrayListIfEE8getArrayEv,0x8
0xa13884,_ZN13LightInstanceD2Ev,0x10
0xa13894,_ZN16UIHorizontalListD0Ev,0x4
0xa13898,_ZN8Databind6detail23DatabindAccessorWrapperI7Vector3IfEE10setterTypeEv,0x10
0xa138a8,_ZNSt6__ndk13mapINS_12basic_stringIcNS_11char_traitsIcEENS_9allocatorIcEEEEiNS_4lessIS6_EENS4_INS_4pairIKS6_iEEEEED2Ev,0x8
0xa138b0,_ZN16LobbyInfoMessageD2Ev,0xe0
0xa13990,_ZN11SCIDManager12windowClosedEv,0x4
0xa13994,_ZN29LogicPlayerMapEnvironmentDataD0Ev,0x40
0xa139d4,_ZNK8safe_jni15static_propertyIN5titan7android7content6IntentEiEcviEv,0xc8
0xa13a9c,_ZN8Databind4Util13ArrayAccessorIiNSt6__ndk16vectorIiNS2_9allocatorIiEEEEE6resizeEm,0x30
0xa13acc,_ZNKSt6__ndk16__treeINS_12__value_typeINS_12basic_stringIcNS_11char_traitsIcEENS_9allocatorIcEEEEN8nlohmann10basic_jsonINS_3mapENS_6vectorES7_blmdS5_NS8_14adl_serializerEEEEENS_19__map_value_compareIS7_SE_NS_4lessIvEELb1EEENS5_ISE_EEE13__count_multiIA6_cEEmRKT_,0x248
0xa13d14,_ZNKSt6__ndk16__nodeIcE6__execERNS_7__stateIcEE,0x4
0xa13d18,_ZNSt6__ndk115basic_stringbufIcNS_11char_traitsIcEENS_9allocatorIcEEE9underflowEv,0x50
0xa13d68,_ZNSt6__ndk120__shared_ptr_pointerIPN8Databind23DefaultObjectTypeTraitsIN11wendelstein15VortexComponentEEENS_14default_deleteIS5_EENS_9allocatorIS5_EEE21__on_zero_shared_weakEv,0x4
0xa13d6c,_ZN8safe_jni7ConvertIN5titan7android4view7Display4ModeEvE3SigEv,0xd8
0xa13e44,_ZNSt6__ndk16vectorIiNS_9allocatorIiEEE6insertENS_11__wrap_iterIPKiEEOi,0x284
0xa140c8,_ZN8Databind23DefaultObjectTypeTraitsIN11wendelstein12EmitterBurstEE7destroyEPv,0x10
0xa140d8,_ZN8safe_jni8functionIN5titan7android5media11MediaPlayerEvEclIJNS4_18OnPreparedListenerEEEEvP8_jobjectDpT_,0x140
0xa14218,_ZNK11OnlinePopup14onFriendTappedEP16OnlineFriendItem,0x4
0xa1421c,_ZNSt6__ndk110__function6__funcIZN10SWFTexture21loadDownscaledTextureIsEEvP12SupercellSWFiiiibbEUlvE_NS_9allocatorIS6_EEFvvEED0Ev,0x4
0xa14220,_ZN8safe_jni15static_functionIN5titan3com9supercell5titan19ApplicationUtilBaseEvEclIJ6StringEEEvDpT_,0x1a0
0xa143c0,_ZN6SCTune8addFloatEPK6CSVRowiRK6StringPfPKcP20SCTuneChangeListenerib,0x34
0xa143f4,_ZN16IWebViewListener20webviewDidFinishLoadEv,0x4
0xa143f8,_ZN8nlohmann6detail20from_json_array_implINS_10basic_jsonINSt6__ndk13mapENS3_6vectorENS3_12basic_stringIcNS3_11char_traitsIcEENS3_9allocatorIcEEEEblmdS9_NS_14adl_serializerEEENS5_IN2fx4gltf5ImageENS9_ISG_EEEEEEDTcmcmcldtfp0_7reserveclsr3stdE7declvalINT0_9size_typeEEEEcldtfp_3getINSJ_10value_typeEEEcvv_EERKT_RSJ_NS0_12priority_tagILj1EEE,0x100
0xa144f8,_ZN25LogicAvatarChangeListener42debugSetHeroScoreSumRewardClaimedUpToLevelEi,0x4
0xa144fc,_ZNSt6__ndk113basic_filebufIcNS_11char_traitsIcEEE7seekposENS_4fposI9mbstate_tEEj,0x70
0xa1456c,_ZNSt6__ndk110__function6__funcIZN11wendelstein16ComponentFactory14addConstructorINS2_22SpawnLocationComponentEEEvvEUlvE_NS_9allocatorIS6_EEFNS_10shared_ptrINS2_17IEmitterComponentEEEvEED0Ev,0x4
0xa14570,_ZN13scFSLayerBase10removeFileEPKc,0x4
0xa14574,_ZN4asio5error6detail13misc_categoryD0Ev,0x24
0xa14598,_ZNSt6__ndk113basic_filebufIcNS_11char_traitsIcEEEC2Ev,0x11c
0xa146b4,_ZN25AcceptFriendFailedMessage18getServiceNodeTypeEv,0x8
0xa146bc,_ZNK12scZstdFilter13getFilterNameEv,0xc
0xa146c8,_ZN23LogicHomeChangeListener21startIapOfferPurchaseEP16LogicOfferBundlePK18LogicCharacterData,0x4
0xa146cc,_ZN8Databind4Util17ArrayAccessorBaseIfNSt6__ndk16vectorIfNS2_9allocatorIfEEEEE6getPtrEm,0xc
0xa146d8,_ZN27LogicCooldownExpiredCommandD0Ev,0x4
0xa146dc,_ZN4ItemD0Ev,0x78
0xa14754,_ZNSt6__ndk120__shared_ptr_emplaceI17scFSLayerPackfileNS_9allocatorIS1_EEE16__on_zero_sharedEv,0xc
0xa14760,_ZN4asio9execution6detail17any_executor_base8query_fnIvNS0_12context_as_tIRNS_17execution_contextEEEEEvPvPKvSA_,0x30
0xa14790,_ZNSt6__ndk110__function6__baseIFP9ExecutionvEED2Ev,0x4
0xa14794,_ZN22StarPointsNotificationD0Ev,0x38
0xa147cc,_ZN19LogicSkinRarityDataD0Ev,0x40
0xa1480c,_ZN4asio9execution6detail17any_executor_base11move_objectINS_10io_context19basic_executor_typeINSt6__ndk19allocatorIvEELj4EEEEEvRS2_SA_,0x20
0xa1482c,_ZN8Databind23DefaultObjectTypeTraitsIN11wendelstein7Emitter13EmitterParamsEED0Ev,0x4
0xa14830,_ZN4asio6detail13posix_tss_ptrINS0_10call_stackINS0_14strand_service11strand_implEhE7contextEED2Ev,0x8
0xa14838,_ZN22ResourceDataLoaderImplI19ResourceDataTextureED2Ev,0x8c
0xa148c4,_ZNK8Databind17DatabindTableBaseIN11wendelstein19AbstractEmitterDataEE17canDeleteInstanceER6StringPKv,0xc
0xa148d0,_ZN26hb_get_subtables_context_t8apply_toIN2OT17MarkLigPosFormat1EEEbPKvPNS1_18hb_apply_context_tE,0x4
0xa148d4,_ZN8Databind4Util17ArrayAccessorBaseIiNSt6__ndk16vectorIiNS2_9allocatorIiEEEEE6addPtrEPKv,0xc
0xa148e0,_ZNK11scTaskQueue11inRunThreadEv,0xb4
0xa14994,_ZN15LogicItemServerD2Ev,0x38
0xa149cc,_ZN10SWFTexture21loadDownscaledTextureIhEEvP12SupercellSWFiiiibb,0x32c
0xa14cf8,_ZN18scAbstractTreeNode11removeChildERKNSt6__ndk112basic_stringIcNS0_11char_traitsIcEENS0_9allocatorIcEEEE,0xe0
0xa14dd8,_ZN8Databind4Util13ArrayAccessorINSt6__ndk112basic_stringIcNS2_11char_traitsIcEENS2_9allocatorIcEEEE14LogicArrayListIS8_EE5eraseEm,0x118
0xa14ef0,_ZN28BindGamecenterAccountMessageD0Ev,0xc0
0xa14fb0,_ZN9hb_font_t17glyph_from_stringEPKciPj,0x210
0xa151c0,_ZN35AddFriendByAvatarNameAndCodeMessageD0Ev,0xc0
0xa15280,_ZNSt6__ndk16__treeINS_12__value_typeINS_12basic_stringIcNS_11char_traitsIcEENS_9allocatorIcEEEEiEENS_19__map_value_compareIS7_S8_N8Databind16DatabindEnumBase7CaseCmpELb1EEENS5_IS8_EEE16__construct_nodeIJRKNS_4pairIKS7_iEEEEENS_10unique_ptrINS_11__tree_nodeIS8_PvEENS_22__tree_node_destructorINS5_ISP_EEEEEEDpOT_,0xec
0xa1536c,_ZN5lzham18lzham_decompressor10decompressILb0EEE25lzham_decompress_status_tv,0x51b0
0xa1a51c,_ZN15HeroRewardPopupD0Ev,0x24
0xa1a540,_ZNK8hb_set_t7get_minEv,0x22c
0xa1a76c,_ZNSt6__ndk16vectorIN2fx4gltf6BufferENS_9allocatorIS3_EEE6insertENS_11__wrap_iterIPKS3_EEOS3_,0x420
0xa1ab8c,_ZNSt6__ndk16vectorIN2fx4gltf6CameraENS_9allocatorIS3_EEE13__move_assignERS6_NS_17integral_constantIbLb1EEE,0xc4
0xa1ac50,_ZNSt6__ndk119__throw_regex_errorILNS_15regex_constants10error_typeE9EEEvv,0xc
0xa1ac5c,_ZN8Databind4Util13ArrayAccessorI12LogicVector3NSt6__ndk16vectorIS2_NS3_9allocatorIS2_EEEEE4sizeEv,0x20
0xa1ac7c,_ZN8safe_jni8functionIN5titan7android7content6IntentEbEclIJ6StringEEEbP8_jobjectDpT_,0x18c
0xa1ae08,_ZN16IBillingListener14receiveReceiptE14scMemoryHandle,0x4
0xa1ae0c,_ZNSt6__ndk113__assoc_stateINS_6vectorIfNS_9allocatorIfEEEEE4moveEv,0xa4
0xa1aeb0,_ZNK18scAbstractTreeNode8getChildERKNSt6__ndk112basic_stringIcNS0_11char_traitsIcEENS0_9allocatorIcEEEE,0x3c
0xa1aeec,_ZN11wendelstein13DragComponent23setDatabindObjectFieldsEP14DatabindObjectm,0x244
0xa1b130,_ZNK18SeasonRewardsPopup12getPopupTypeEv,0x8
0xa1b138,_ZN8Databind6detail22AbstractDatabindSetterI7Vector3IfEED2Ev,0x4
0xa1b13c,_ZThn8_N10AreaEffectD0Ev,0x78
0xa1b1b4,_ZNK22LogicGemOfferContainer13hasItemOfTypeEi,0x8
0xa1b1bc,_ZN8nlohmann6detail20from_json_array_implINS_10basic_jsonINSt6__ndk13mapENS3_6vectorENS3_12basic_stringIcNS3_11char_traitsIcEENS3_9allocatorIcEEEEblmdS9_NS_14adl_serializerEEENS5_IN2fx4gltf7SamplerENS9_ISG_EEEEEEDTcmcmcldtfp0_7reserveclsr3stdE7declvalINT0_9size_typeEEEEcldtfp_3getINSJ_10value_typeEEEcvv_EERKT_RSJ_NS0_12priority_tagILj1EEE,0x100
0xa1b2bc,_ZNK22MessageDataStreamEntry18getStreamEntryTypeEv,0x8
0xa1b2c4,_ZNK11DragHandler14isPinchEnabledEv,0x8
0xa1b2cc,_ZNSt6__ndk110__function6__baseIFRK6StringP5UICtxEED2Ev,0x4
0xa1b2d0,_ZN9InputTool7getTypeEv,0x10
0xa1b2e0,_ZN11wendelstein19SpriteSheetRenderer5resetEb,0x20
0xa1b300,_ZN9TextInput11textChangedERK6String,0x4
0xa1b304,_ZNSt6__ndk120__shared_ptr_pointerIPNS_6vectorI7Vector3IfENS_9allocatorIS3_EEEENS_14default_deleteIS6_EENS4_IS6_EEE16__on_zero_sharedEv,0x40
0xa1b344,_ZNK2OT8OffsetToINS_10AttachListENS_7IntTypeItLj2EEEE8sanitizeEPNS_21hb_sanitize_context_tEPKv,0x1bc
0xa1b500,_ZNSt6__ndk113basic_filebufIcNS_11char_traitsIcEEE9underflowEv,0x27c
0xa1b77c,_ZN14HelpshiftTitan23HelpshiftConnectionImpl5loginERK6StringS3_S3_,0x10
0xa1b78c,_ZNK2OT30ReverseChainSingleSubstFormat18sanitizeEPNS_21hb_sanitize_context_tE,0x1d0
0xa1b95c,_ZN14LogicArrayListIP19DynamicVertexBufferI14VertexPosUvColEED2Ev,0x2c
0xa1b988,_ZN31PvpMatchmakeNotificationMessageD0Ev,0xc0
0xa1ba48,_ZN30LookForATeamMemberConfirmPopup23onLocationSelectionDoneEv,0x4
0xa1ba4c,_ZN17LogicGameListener16ticketsPurchasedEi,0x4
0xa1ba50,_ZN4asio9execution6detail17any_executor_base10require_fnINS0_12any_executorIJNS0_12context_as_tIRNS_17execution_contextEEENS1_8blocking7never_tILi0EEENS0_11prefer_onlyINS9_10possibly_tILi0EEEEENSC_INS1_16outstanding_work9tracked_tILi0EEEEENSC_INSG_11untracked_tILi0EEEEENSC_INS1_12relationship6fork_tILi0EEEEENSC_INSN_14continuation_tILi0EEEEEEEEvSQ_EET_PKvSX_,0x50
0xa1baa0,_ZNSt6__ndk111basic_regexIcNS_12regex_traitsIcEEE23__parse_ERE_dupl_symbolIPKcEET_S7_S7_PNS_16__owns_one_stateIcEEjj,0x744
0xa1c1e4,_ZNSt6__ndk120__shared_ptr_pointerIPN8Databind23DefaultObjectTypeTraitsIN11wendelstein12EmitterBurstEEENS_14default_deleteIS5_EENS_9allocatorIS5_EEED0Ev,0x24
0xa1c208,_ZN21BasicReflectableIdMapD0Ev,0x4c
0xa1c254,_ZNSt6__ndk120__shared_ptr_pointerIPNS_6vectorI7Vector3IfENS_9allocatorIS3_EEEENS_14default_deleteIS6_EENS4_IS6_EEE21__on_zero_shared_weakEv,0x4
0xa1c258,_ZN8safe_jni8functionIN5titan7android7content3res19AssetFileDescriptorElEclIJEEElP8_jobjectDpT_,0x118
0xa1c370,_ZN8safe_jni15static_functionIN5titan3com9supercell5titan19ApplicationUtilBaseE6StringEclIJEEES6_DpT_,0x148
0xa1c4b8,_ZN14scPackagedTaskINSt6__ndk14pairIb6StringEEEC2ENS0_8functionIFS3_vEEE,0x128
0xa1c5e0,_ZNSt6__ndk16vectorIN2fx4gltf9PrimitiveENS_9allocatorIS3_EEE7reserveEm,0x1c8
0xa1c7a8,_ZN19LogicRankedRankDataD0Ev,0x40
0xa1c7e8,_ZN8safe_jni15static_functionIN5titan3com9supercell5titan15PurchaseManagerEvEclIJ6StringbEEEvDpT_,0x1c4
0xa1c9ac,_ZNSt6__ndk119basic_istringstreamIcNS_11char_traitsIcEENS_9allocatorIcEEED1Ev,0x70
0xa1ca1c,_ZNSt6__ndk110__function6__funcIZN10SWFTexture11loadTextureIhEEvP12SupercellSWFiiiibbEUlvE_NS_9allocatorIS6_EEFvvEE18destroy_deallocateEv,0x4
0xa1ca20,_ZN26hb_get_subtables_context_t8apply_toIN2OT30ReverseChainSingleSubstFormat1EEEbPKvPNS1_18hb_apply_context_tE,0x4
0xa1ca24,_ZNK8nlohmann10basic_jsonINSt6__ndk13mapENS1_6vectorENS1_12basic_stringIcNS1_11char_traitsIcEENS1_9allocatorIcEEEEblmdS7_NS_14adl_serializerEE3getIS9_S9_Li0EEET0_v,0xb8
0xa1cadc,_ZN2OT11SubstLookup18apply_recurse_funcEPNS_18hb_apply_context_tEj,0x25c
0xa1cd38,_ZNSt6__ndk16__treeINS_12__value_typeIN12TestReporter10TestResultE6StringEENS_19__map_value_compareIS3_S5_NS_4lessIS3_EELb1EEENS_9allocatorIS5_EEE7destroyEPNS_11__tree_nodeIS5_PvEE,0x48
0xa1cd80,_ZNK6icu_5815MaybeStackArrayIcLi40EE11getCapacityEv,0x8
0xa1cd88,_ZNSt6__ndk117__repeat_one_loopIcED0Ev,0x4
0xa1cd8c,_ZNK18BezierInterpolatorIfE5getX2Ev,0x8
0xa1cd94,_ZNK2OT8OffsetToINS_7PairSetENS_7IntTypeItLj2EEEE8sanitizeIPNS1_18sanitize_closure_tEEEbPNS_21hb_sanitize_context_tEPKvT_,0x1bc
0xa1cf50,_ZN22ResourceDataLoaderImplI18ResourceDataStringE10loadFailedEv,0xa0
0xa1cff0,_ZNSt6__ndk16vectorIN2fx4gltf9PrimitiveENS_9allocatorIS3_EEE6insertENS_11__wrap_iterIPKS3_EEOS3_,0x294
0xa1d284,_ZN34LogicBrawlPassSeasonChangedCommandD0Ev,0x4
0xa1d288,_ZN13LogicFaceDataD0Ev,0x40
0xa1d2c8,_ZN15LogicItemServerD0Ev,0x38
0xa1d300,_ZN14scPackagedTaskINSt6__ndk18functionIFvvEEEEC2ENS1_IFS3_vEEE,0x128
0xa1d428,_ZNSt6__ndk16__treeINS_12__value_typeIPK18LogicCharacterDataNS_6vectorIPK13LogicSkinDataNS_9allocatorIS8_EEEEEENS_19__map_value_compareIS4_SC_NS_4lessIS4_EELb1EEENS9_ISC_EEE7destroyEPNS_11__tree_nodeISC_PvEE,0x50
0xa1d478,_ZN12LogicCommandD2Ev,0x14
0xa1d48c,_ZN11wendelstein19AbstractEmitterData20getDatabindObjectDefEv,0x2f0
0xa1d77c,_ZN8safe_jni4ctorIN5titan4java4lang7IntegerEEclIJiEEEP8_jobjectDpT_,0x158
0xa1d8d4,_ZNK6icu_5819Normalizer2WithImpl19getRawDecompositionEiRNS_13UnicodeStringE,0xc4
0xa1d998,_ZN8Databind23DefaultObjectTypeTraitsI24LaserParticleEmitterDataE6assignEPvPKv,0x84
0xa1da1c,_ZN27StarPowerRewardNotification19getNotificationTypeEv,0x8
0xa1da24,_ZN26AllianceKickOutStreamEntryD0Ev,0x4
0xa1da28,_ZN11wendelstein23MovieClipRendererBucketD2Ev,0x50
0xa1da78,_ZNKSt6__ndk110__function6__funcIZN10SWFTexture21loadDownscaledTextureIhEEvP12SupercellSWFiiiibbEUlvE_NS_9allocatorIS6_EEFvvEE7__cloneEPNS0_6__baseIS9_EE,0x30
0xa1daa8,_ZN8nlohmann6detail20from_json_array_implINS_10basic_jsonINSt6__ndk13mapENS3_6vectorENS3_12basic_stringIcNS3_11char_traitsIcEENS3_9allocatorIcEEEEblmdS9_NS_14adl_serializerEEENS5_IN2fx4gltf8MaterialENS9_ISG_EEEEEEDTcmcmcldtfp0_7reserveclsr3stdE7declvalINT0_9size_typeEEEEcldtfp_3getINSJ_10value_typeEEEcvv_EERKT_RSJ_NS0_12priority_tagILj1EEE,0x100
0xa1dba8,_ZNSt6__ndk110__function6__funcIZN11wendelstein16ComponentFactory14addConstructorINS2_22SpawnVelocityComponentEEEvvEUlvE_NS_9allocatorIS6_EEFNS_10shared_ptrINS2_17IEmitterComponentEEEvEEclEv,0xdc
0xa1dc84,_ZNSt6__ndk120__shared_ptr_emplaceIN11wendelstein15SpringComponentENS_9allocatorIS2_EEE21__on_zero_shared_weakEv,0x4
0xa1dc88,_ZN12DeliveryUnitD0Ev,0x38
0xa1dcc0,_ZN4asio2ip20basic_resolver_entryINS0_3tcpEEC2ERKNS0_14basic_endpointIS2_EENSt6__ndk117basic_string_viewIcNS8_11char_traitsIcEEEESC_,0x118
0xa1ddd8,_ZNSt6__ndk16vectorIN2fx4gltf8AccessorENS_9allocatorIS3_EEE7reserveEm,0xd8
0xa1deb0,_ZN8Databind23DefaultObjectTypeTraitsIN11wendelstein22SpawnVelocityComponentEE7destroyEPv,0x18
0xa1dec8,_ZN4asio9execution6detail17any_executor_base10require_fnINS0_12any_executorIJNS0_12context_as_tIRNS_17execution_contextEEENS1_8blocking7never_tILi0EEENS0_11prefer_onlyINS9_10possibly_tILi0EEEEENSC_INS1_16outstanding_work9tracked_tILi0EEEEENSC_INSG_11untracked_tILi0EEEEENSC_INS1_12relationship6fork_tILi0EEEEENSC_INSN_14continuation_tILi0EEEEEEEENS_10io_context19basic_executor_typeINSt6__ndk19allocatorIvEELj0EEESM_EET_PKvS13_,0x24
0xa1deec,_ZNK11DragHandler12isPanEnabledEv,0x8
0xa1def4,_ZN11scTaskQueue3runIZN10SWFTexture11loadTextureIhEEvP12SupercellSWFiiiibbEUlvE_EENSt6__ndk113invoke_resultIT_JEE4typeES8_,0x104
0xa1dff8,_ZNSt6__ndk16__treeINS_12__value_typeI6StringbEENS_19__map_value_compareIS2_S3_NS_4lessIS2_EELb1EEENS_9allocatorIS3_EEE25__emplace_unique_key_argsIS2_JRKNS_21piecewise_construct_tENS_5tupleIJRKS2_EEENSF_IJEEEEEENS_4pairINS_15__tree_iteratorIS3_PNS_11__tree_nodeIS3_PvEElEEbEERKT_DpOT0_,0x110
0xa1e108,_ZNSt6__ndk16vectorI6StringNS_9allocatorIS1_EEE24__emplace_back_slow_pathIJS1_EEEvDpOT_,0x118
0xa1e220,_ZNKSt6__ndk110__function6__funcIZN8Databind8Migrator16addMigrationStepIN11wendelstein12old_versions15EmitterParamsV0ENS5_7Emitter13EmitterParamsEEEviNS_8functionIFvRT_RT0_EEEEUlvE0_NS_9allocatorISH_EEFNS_10unique_ptrIvPFvPvEEEvEE7__cloneEv,0x24
0xa1e244,_ZN27GetTokenFriendResultMessageD0Ev,0xc0
0xa1e304,_ZN22AccountSwitchedMessageD0Ev,0xc0
0xa1e3c4,_ZN31AskForPlayingLineFriendsMessageD0Ev,0xc0
0xa1e484,_ZN8nlohmann6detail9exception4nameERKNSt6__ndk112basic_stringIcNS2_11char_traitsIcEENS2_9allocatorIcEEEEi,0x144
0xa1e5c8,_ZN25LogicAvatarChangeListener17debugScoreChangedEPK18LogicCharacterDatai,0x4
0xa1e5cc,_ZN13WVSCIDManager15allowOpenWindowEv,0x8
0xa1e5d4,_ZN17LogicGameListener28heroUpgradeMaterialPurchasedEi,0x4
0xa1e5d8,_ZN6SCTune8addFloatERK6StringPfPKcP20SCTuneChangeListenerib,0x30
0xa1e608,_ZN8Databind4Util17ArrayAccessorBaseI12LogicVector2NSt6__ndk16vectorIS2_NS3_9allocatorIS2_EEEEE6getPtrEm,0xc
0xa1e614,_ZNK9Character15cacheMovieClipsEv,0x8
0xa1e61c,_ZN8Databind4Util13ArrayAccessorIfNSt6__ndk16vectorIfNS2_9allocatorIfEEEEED0Ev,0x4
0xa1e620,_ZN11scRingQueueI7Vector3IfEED2Ev,0x2c
0xa1e64c,_ZN23LogicHomeChangeListener25inGameHintsEnabledToggledEb,0x4
0xa1e650,_ZN22LogicSelectSkinCommandD0Ev,0x4
0xa1e654,_ZN21FriendLoggedInMessageD0Ev,0xc0
0xa1e714,_ZNSt6__ndk120__shared_ptr_pointerIPvZN15scFileImpl_MmapC1EPKcimEUlS1_E_NS_9allocatorIvEEE21__on_zero_shared_weakEv,0x4
0xa1e718,_ZN8Databind4Util17ArrayAccessorBaseI7Vector3IfENSt6__ndk16vectorIS3_NS4_9allocatorIS3_EEEEE6addPtrEPKv,0xc
0xa1e724,_ZNSt6__ndk16vectorIN5Scene12MeshInstanceENS_9allocatorIS2_EEE7reserveEm,0xd4
0xa1e7f8,_ZNK22ResourceDataLoaderImplI16ResourceDataFontE7getTypeEv,0x8
0xa1e800,_ZN18AllianceWarMessageD0Ev,0xc0
0xa1e8c0,_ZNKSt6__ndk110__function6__funcIZN11wendelstein16ComponentFactory14addConstructorINS2_13DragComponentEEEvvEUlvE_NS_9allocatorIS6_EEFNS_10shared_ptrINS2_17IEmitterComponentEEEvEE11target_typeEv,0xc
0xa1e8cc,_ZNKSt6__ndk120__shared_ptr_pointerIPN8Databind23DefaultObjectTypeTraitsIN11wendelstein13DragComponentEEENS_14default_deleteIS5_EENS_9allocatorIS5_EEE13__get_deleterERKSt9type_info,0x1c
0xa1e8e8,_ZNKSt6__ndk110__function6__funcIZN8Databind18DatabindObjectNodeC1EPNS2_14IDatabindTableENS_10shared_ptrINS2_14ObjectInstanceEEEEUlbE_NS_9allocatorIS9_EEFvbEE6targetERKSt9type_info,0x1c
0xa1e904,_ZNSt6__ndk16vectorIhNS_9allocatorIhEEE8__appendEm,0x110
0xa1ea14,_ZNK6icu_5820DecomposeNormalizer213getQuickCheckEi,0xb4
0xa1eac8,_ZN4asio5error6detail17addrinfo_categoryD0Ev,0x24
0xa1eaec,_ZN8safe_jni7ConvertINSt6__ndk16vectorIN5titan7android7content2pm9SignatureENS1_9allocatorIS7_EEEEvE8toCppValEP13_jobjectArray,0x174
0xa1ec60,_ZN25PurchaseOfferPopupHandler18setUpHighlightItemEiP9MovieClip,0x4
0xa1ec64,_ZN13LogicSkinDataD0Ev,0x80
0xa1ece4,_ZNSt6__ndk120__shared_ptr_pointerIP14scPackagedTaskINS_4pairIb6StringEEENS_14default_deleteIS5_EENS_9allocatorIS5_EEE16__on_zero_sharedEv,0x18
0xa1ecfc,_ZN14AssetReferenceD0Ev,0x48
0xa1ed44,_ZNK12BadgePreview11getMenuTypeEv,0x8
0xa1ed4c,_ZN8Databind4Util13ArrayAccessorIb14LogicArrayListIbEED0Ev,0x4
0xa1ed50,_ZNSt6__ndk124__buffered_inplace_mergeIRZN14LogicArrayListIP10GatchaDropE9sortArrayIPFiS3_S3_EEEvRKT_EUlRKS3_SC_E_PS3_EEvT0_SG_SG_S8_NS_15iterator_traitsISG_E15difference_typeESJ_PNSI_10value_typeE,0x27c
0xa1efcc,_ZN8safe_jni13InterfaceFuncIvJN5titan7android5media11MediaPlayerEEE4callERNS_5ProxyEP13_jobjectArray,0x8
0xa1efd4,_ZN9GameState10touchMovedERK5Touch,0x8
0xa1efdc,_ZN17IFacebookListener22facebookSentAppRequestERK6StringS2_,0x4
0xa1efe0,_ZN3ColILi3EE4idctEPhPKi,0x164
0xa1f144,_ZN15DownloadManager13DownloadQueue21fileDownloadSucceededEPK6String,0xa0
0xa1f1e4,_ZNK2OT14ContextFormat15applyEPNS_18hb_apply_context_tE,0x2e4
0xa1f4c8,_ZN8safe_jni7ConvertINSt6__ndk16vectorIN5titan7android4view7Display4ModeENS1_9allocatorIS7_EEEEvE3SigEv,0xb8
0xa1f580,_ZN8nlohmann6detail20from_json_array_implINS_10basic_jsonINSt6__ndk13mapENS3_6vectorENS3_12basic_stringIcNS3_11char_traitsIcEENS3_9allocatorIcEEEEblmdS9_NS_14adl_serializerEEENS5_IN2fx4gltf6BufferENS9_ISG_EEEEEEDTcmcmcldtfp0_7reserveclsr3stdE7declvalINT0_9size_typeEEEEcldtfp_3getINSJ_10value_typeEEEcvv_EERKT_RSJ_NS0_12priority_tagILj1EEE,0x100
0xa1f680,_ZN11wendelstein18SpawnConeComponent4nameEv,0x2c
0xa1f6ac,_ZN26UnlockAccountFailedMessageD0Ev,0xc0
0xa1f76c,_ZNSt6__ndk16vectorISt4byteNS_9allocatorIS1_EEE6assignIPS1_EENS_9enable_ifIXaasr21__is_forward_iteratorIT_EE5valuesr16is_constructibleIS1_NS_15iterator_traitsIS8_E9referenceEEE5valueEvE4typeES8_S8_,0x12c
0xa1f898,_ZZN8nlohmann6detail20from_json_array_implINS_10basic_jsonINSt6__ndk13mapENS3_6vectorENS3_12basic_stringIcNS3_11char_traitsIcEENS3_9allocatorIcEEEEblmdS9_NS_14adl_serializerEEENS5_IN2fx4gltf9AnimationENS9_ISG_EEEEEEDTcmcmcldtfp0_7reserveclsr3stdE7declvalINT0_9size_typeEEEEcldtfp_3getINSJ_10value_typeEEEcvv_EERKT_RSJ_NS0_12priority_tagILj1EEEENKUlRKSD_E_clESU_,0x16c
0xa1fa04,_ZNSt6__ndk110shared_ptrI12scKeyManagerED2Ev,0x58
0xa1fa5c,_ZNSt6__ndk110__function6__funcIZN11wendelstein16ComponentFactory14addConstructorINS2_22SpawnVelocityComponentEEEvvEUlvE_NS_9allocatorIS6_EEFNS_10shared_ptrINS2_17IEmitterComponentEEEvEED0Ev,0x4
0xa1fa60,_ZN23SignoffPlayerMapMessageD0Ev,0xc8
0xa1fb28,_ZN39LogicAccountTransferCodeResponseMessageD0Ev,0xd0
0xa1fbf8,_ZN8Databind4Util13ArrayAccessorI7Vector3IfE14LogicArrayListIS3_EE4copyERS5_,0x10c
0xa1fd04,_ZNSt6__ndk111basic_regexIcNS_12regex_traitsIcEEE21__parse_basic_reg_expIPKcEET_S7_S7_,0x138
0xa1fe3c,_ZN25LogicAvatarChangeListener15adRewardClaimedEi,0x4
0xa1fe40,_ZN8safe_jni7ConvertI6StringvE12CallFunctionEP10_jmethodIDP8_jobjectz,0x104
0xa1ff44,_ZN13scFSLayerBaseC2ERK6scPathPNS_9IListenerEPKc,0x144
0xa20088,_ZNKSt6__ndk110__function6__funcIZN8Databind18DatabindObjectNodeC1EPNS2_14IDatabindTableENS_10shared_ptrINS2_14ObjectInstanceEEEEUlbE_NS_9allocatorIS9_EEFvbEE7__cloneEPNS0_6__baseISC_EE,0x18
0xa200a0,_ZNSt6__ndk110__function6__funcIZN11scTaskQueue3runIZN10SWFTexture21loadDownscaledTextureIsEEvP12SupercellSWFiiiibbEUlvE_EENS_13invoke_resultIT_JEE4typeESA_EUlvE_NS_9allocatorISD_EEFvvEE7destroyEv,0x4
0xa200a4,_ZNSt6__ndk120__shared_ptr_emplaceIN11wendelstein18CurlNoiseComponentENS_9allocatorIS2_EEED0Ev,0x24
0xa200c8,_ZNK10BitmapFont15baselineFromTopEv,0x8
0xa200d0,_ZNSt6__ndk16__treeINS_12__value_typeIN24DataLoaderLayeredTexture15TextureModifier9OperationENS_4pairIffEEEENS_19__map_value_compareIS4_S7_NS_4lessIS4_EELb1EEENS_9allocatorIS7_EEE12__find_equalIS4_EERPNS_16__tree_node_baseIPvEENS_21__tree_const_iteratorIS7_PNS_11__tree_nodeIS7_SH_EElEERPNS_15__tree_end_nodeISJ_EESK_RKT_,0x1c8
0xa20298,_ZN5titan4java8security13MessageDigestD0Ev,0x38
0xa202d0,_ZN21TeamCreatedStreamItemD0Ev,0x24
0xa202f4,_ZN14scPackagedTaskINSt6__ndk18functionIFvvEEEED0Ev,0x144
0xa20438,_ZN18ClientInputMessageD0Ev,0xc0
0xa204f8,_ZNSt6__ndk114__split_bufferIPNS_10shared_ptrI14scAbstractTaskEERNS_9allocatorIS4_EEE9push_backEOS4_,0x138
0xa20630,_ZNKSt6__ndk126__end_marked_subexpressionIcE6__execERNS_7__stateIcEE,0x38
0xa20668,_ZN23LogicHomeChangeListener24brawlPassProgressDonatedEii,0x4
0xa2066c,_ZNK20PlayerMapRenamePopup17showOnlinePlayersEv,0x8
0xa20674,_ZNSt6__ndk110__function6__funcIZN11wendelstein16ComponentFactory14addConstructorINS2_18CurlNoiseComponentEEEvvEUlvE_NS_9allocatorIS6_EEFNS_10shared_ptrINS2_17IEmitterComponentEEEvEE7destroyEv,0x4
0xa20678,_ZN25PurchaseOfferPopupHandler7hasDescEv,0x8
0xa20680,_ZN26ResourceRewardNotification9getAmountEv,0x8
0xa20688,_ZN14HelpshiftTitan23HelpshiftConnectionImpl22handlePushNotificationEPKvb,0x4
0xa2068c,_ZN5titan7android4view9ViewGroupD0Ev,0x38
0xa206c4,_ZN11wendelstein21SimpleGroundComponent4nameEv,0x2c
0xa206f0,_ZN9BitStreamD0Ev,0x4
0xa206f4,_ZN11wendelstein19SpawnBurstComponent23setDatabindObjectFieldsEP14DatabindObjectm,0x478
0xa20b6c,_ZN23LogicHomeChangeListener11deliverSkinEPK13LogicSkinDatab,0x4
0xa20b70,_ZN2fx4gltf9from_jsonERKN8nlohmann10basic_jsonINSt6__ndk13mapENS3_6vectorENS3_12basic_stringIcNS3_11char_traitsIcEENS3_9allocatorIcEEEEblmdS9_NS1_14adl_serializerEEERNS0_4NodeE,0x5d4
0xa21144,_ZN28UdpBigMessageFragmentMessageD0Ev,0xc0
0xa21204,_ZN15UIVerticalTableD0Ev,0x4
0xa21208,_ZN34LogicDeviceLinkCodeResponseMessageD0Ev,0xd0
0xa212d8,_ZN8safe_jni7ConvertIN5titan7android7content3res19AssetFileDescriptorEvE3SigEv,0xd8
0xa213b0,_ZN18LogicAnimationDataD2Ev,0x54
0xa21404,_ZN17LogicGameListener12refreshInboxEv,0x4
0xa21408,_ZNSt6__ndk16vectorINS_4pairIPK18LogicCharacterDataNS0_IPK13LogicSkinDataNS_9allocatorIS7_EEEEEENS8_ISB_EEE24__emplace_back_slow_pathIJRKNS1_IKS4_SA_EEEEEvDpOT_,0x1e0
0xa215e8,_ZN13TitanInStreamD0Ev,0x4
0xa215ec,_ZN8Databind4Util13ArrayAccessorI6String14LogicArrayListIS2_EED0Ev,0x4
0xa215f0,_ZN14LogicArrayListIPK9LogicDataED2Ev,0x2c
0xa2161c,_ZN22ResourceDataLoaderImplI16ResourceDataJSONED0Ev,0x9c
0xa216b8,_ZN14AllianceScreen13touchReleasedERK5Touch,0x8
0xa216c0,_ZNSt6__ndk120__shared_ptr_pointerIPNS_6vectorIN4asio2ip20basic_resolver_entryINS3_3tcpEEENS_9allocatorIS6_EEEENS_14default_deleteIS9_EENS7_IS9_EEE21__on_zero_shared_weakEv,0x4
0xa216c4,_ZN8Material13setDiffuseTexEP7GLImage,0x8
0xa216cc,_ZN17PlayerMapsMessageD0Ev,0xc0
0xa2178c,_ZThn192_NK24RankedLeaderboardsScreen16shouldAdjustSizeEv,0x10
0xa2179c,_ZNKSt6__ndk120__shared_ptr_pointerIPvZN15scFileImpl_MmapC1EPKcimEUlS1_E_NS_9allocatorIvEEE13__get_deleterERKSt9type_info,0x1c
0xa217b8,_ZNSt6__ndk120__shared_ptr_pointerIPN8Databind14ObjectInstanceENS_14default_deleteIS2_EENS_9allocatorIS2_EEE21__on_zero_shared_weakEv,0x4
0xa217bc,_ZN15DownloadManager8Manifest19addOnDemandResourceERK6StringS3_b,0x154
0xa21910,_ZN31BindGoogleServiceAccountMessageD0Ev,0xc0
0xa219d0,_ZNSt6__ndk112__hash_tableINS_17__hash_value_typeIPvS2_EENS_22__unordered_map_hasherIS2_S3_NS_4hashIS2_EELb1EEENS_21__unordered_map_equalIS2_S3_NS_8equal_toIS2_EELb1EEENS_9allocatorIS3_EEE6rehashEm,0xe4
0xa21ab4,_ZN8Databind4Util13ArrayAccessorI12LogicVector214LogicArrayListIS2_EE5eraseEm,0x98
0xa21b4c,_ZN26TencentAccountBoundMessageD0Ev,0xc0
0xa21c0c,_ZN8Databind23DefaultObjectTypeTraitsIN11wendelstein19SpawnBurstComponentEE7destroyEPv,0x18
0xa21c24,_ZN22LogicAllianceBadgeDataD0Ev,0x40
0xa21c64,_ZNSt6__ndk16vectorIN21scMainThreadTaskQueue13PredicateTaskENS_9allocatorIS2_EEE21__push_back_slow_pathIS2_EEvOT_,0x230
0xa21e94,_ZNSt6__ndk16__treeINS_12__value_typeIj10MusicTrackEENS_19__map_value_compareIjS3_NS_4lessIjEELb1EEENS_9allocatorIS3_EEE7destroyEPNS_11__tree_nodeIS3_PvEE,0x40
0xa21ed4,_ZN21ScidLifecycleListener12onForegroundEv,0x8
0xa21edc,_ZNSt6__ndk16__treeINS_12basic_stringIcNS_11char_traitsIcEENS_9allocatorIcEEEENS_4lessIS6_EENS4_IS6_EEE12__find_equalIS6_EERPNS_16__tree_node_baseIPvEERPNS_15__tree_end_nodeISF_EERKT_,0x120
0xa21ffc,_ZNK6icu_5819Normalizer2WithImpl13getQuickCheckEi,0x8
0xa22004,_ZN18LogicAnimationDataD0Ev,0x68
0xa2206c,_ZN22ResourceDataLoaderImplI18ResourceDataShaderED0Ev,0x7c
0xa220e8,_ZN8Databind4Util13ArrayAccessorI7Vector2IfENSt6__ndk16vectorIS3_NS4_9allocatorIS3_EEEEED0Ev,0x4
0xa220ec,_ZN8Databind4Util13ArrayAccessorIi14LogicArrayListIiEED0Ev,0x4
0xa220f0,_ZN14HelpshiftTitan27HelpshiftConnectionFallback19setCustomIssueFieldERK6StringS3_S3_,0x4
0xa220f4,_ZN8safe_jni15static_functionIN5titan3com9supercell5titan15PurchaseManagerEbEclIJEEEbDpT_,0x13c
0xa22230,_ZNSt6__ndk110__function6__funcIZN11wendelstein16ComponentFactory14addConstructorINS2_22SpawnLocationComponentEEEvvEUlvE_NS_9allocatorIS6_EEFNS_10shared_ptrINS2_17IEmitterComponentEEEvEEclEv,0xbc
0xa222ec,_ZN14LogicArrayListIPK18LogicCharacterDataED2Ev,0x2c
0xa22318,_ZNK24RankedLeaderboardsScreen16shouldAdjustSizeEv,0x10
0xa22328,_ZThn16_NSt6__ndk118basic_stringstreamIcNS_11char_traitsIcEENS_9allocatorIcEEED1Ev,0x78
0xa223a0,_ZN8safe_jni15static_functionIN5titan3com9supercell5titan14HelpshiftTitanEvEclIJ6StringEEEvDpT_,0x1a0
0xa22540,_ZN19TouchableScrollArea13touchReleasedERK5Touch,0x3c
0xa2257c,_ZN14AllianceCreate24canDisplayTeamInvitationEv,0x8
0xa22584,_ZNSt6__ndk16vectorIN8nlohmann10basic_jsonINS_3mapES0_NS_12basic_stringIcNS_11char_traitsIcEENS_9allocatorIcEEEEblmdS7_NS1_14adl_serializerEEENS7_ISB_EEE24__emplace_back_slow_pathIJRbEEEvDpOT_,0x138
0xa226bc,_ZN8Databind4Util13ArrayAccessorIbNSt6__ndk16vectorIbNS2_9allocatorIbEEEEE4swapEmm,0x34
0xa226f0,_ZN4SHA18toStringENSt6__ndk15arrayIhLm20EEE,0x3b8
0xa22aa8,_ZNSt6__ndk120__shared_ptr_pointerIPvZN15scFileImpl_MmapC1EPKcimEUlS1_E_NS_9allocatorIvEEED0Ev,0x24
0xa22acc,_ZN11wendelstein17MovieClipRenderer6Params20getDatabindObjectDefEv,0x2f0
0xa22dbc,_ZN8Databind17DatabindTableBaseIN11wendelstein19AbstractEmitterDataEE4loadEv,0x4
0xa22dc0,_ZN8Databind4Util13ArrayAccessorIbNSt6__ndk16vectorIbNS2_9allocatorIbEEEEE8setArrayEPv,0x8
0xa22dc8,_ZNKSt6__ndk110__function6__funcIZN11wendelstein16ComponentFactory14addConstructorINS2_13DragComponentEEEvvEUlvE_NS_9allocatorIS6_EEFNS_10shared_ptrINS2_17IEmitterComponentEEEvEE7__cloneEPNS0_6__baseISC_EE,0x10
0xa22dd8,_ZNSt6__ndk120__shared_ptr_emplaceIN11wendelstein18SpawnConeComponentENS_9allocatorIS2_EEE21__on_zero_shared_weakEv,0x4
0xa22ddc,_ZN8Databind23DefaultObjectTypeTraitsIN11wendelstein13DragComponentEE9constructEv,0x60
0xa22e3c,_ZNSt6__ndk110__function6__baseIFfvEED2Ev,0x4
0xa22e40,_ZNK21TypedResourceDataBaseILi7EE7getTypeEv,0x8
0xa22e48,_ZNKSt6__ndk117__assoc_sub_state8wait_forIxNS_5ratioILl1ELl1000EEEEENS_13future_statusERKNS_6chrono8durationIT_T0_EE,0x160
0xa22fa8,_ZN6icu_5815MaybeStackArrayIcLi40EED2Ev,0x14
0xa22fbc,_ZN8Databind4Util17ArrayAccessorBaseIb14LogicArrayListIbEE6addPtrEPKv,0xc
0xa22fc8,_ZNSt6__ndk110__function6__funcIZN8Databind18DatabindObjectNodeC1EPNS2_14IDatabindTableENS_10shared_ptrINS2_14ObjectInstanceEEEEUlbE_NS_9allocatorIS9_EEFvbEE7destroyEv,0x4
0xa22fcc,_ZN34AllianceOnlineStatusUpdatedMessageD2Ev,0xe0
0xa230ac,_ZN5titan4java4lang6ObjectD0Ev,0x38
0xa230e4,_ZNK8Databind4Util13ArrayAccessorIi14LogicArrayListIiEE8getArrayEv,0x8
0xa230ec,_ZNK16scFileImpl_Posix3eofEv,0x34
0xa23120,_ZN17LogicGameListener12onIAPReceiveEi,0x4
0xa23124,_ZNK15ProLeagueScreen15getGlobalScrollEv,0x8
0xa2312c,_ZNSt6__ndk16vectorINS_10shared_ptrIN11wendelstein17IEmitterComponentEEENS_9allocatorIS4_EEE8__appendEm,0x188
0xa232b4,_ZN10ByteStreamD0Ev,0xb4
0xa23368,_ZN11wendelstein7Emitter19findComponentByTypeINS_18SpawnConeComponentEEENSt6__ndk110shared_ptrIT_EEv,0x210
0xa23578,_ZNSt6__ndk17promiseINS_4pairIb6StringEEED2Ev,0x94
0xa2360c,_ZN24jpeg_decoder_file_stream4readEPhiPb,0x7c
0xa23688,_ZNSt6__ndk120__shared_ptr_emplaceIN11wendelstein20SpawnPlanarComponentENS_9allocatorIS2_EEED0Ev,0x24
0xa236ac,_ZN12scKeyManagerD2Ev,0x34
0xa236e0,_ZN32LogicDeviceLinkMenuClosedMessageD0Ev,0xc0
0xa237a0,_ZN12NSCIDManager15allowOpenWindowEv,0x8
0xa237a8,_ZN8safe_jni7ConvertIN5titan7android4view13WindowManagerEvE12CallFunctionEP10_jmethodIDP8_jobjectz,0xb4
0xa2385c,_ZN8safe_jni15static_functionIN5titan3com9supercell5titan19ApplicationUtilBaseEvEclIJ6StringS8_EEEvDpT_,0x20c
0xa23a68,_ZN4Game12onForegroundEv,0x10
0xa23a78,_ZNK2OT14ContextFormat27closureEPNS_20hb_closure_context_tE,0x21c
0xa23c94,_ZN8Databind23DefaultObjectTypeTraitsIN11wendelstein12old_versions22MovieClipEmitterDataV0EE6assignEPvPKv,0x154
0xa23de8,_ZNK9EntryInfo12getPopupTypeEv,0x8
0xa23df0,_ZN19AvatarStreamMessageD0Ev,0xc0
0xa23eb0,_ZNKSt6__ndk110__function6__funcIZN11scTaskQueue3runIZN10SWFTexture11loadTextureIiEEvP12SupercellSWFiiiibbEUlvE_EENS_13invoke_resultIT_JEE4typeESA_EUlvE_NS_9allocatorISD_EEFvvEE6targetERKSt9type_info,0x1c
0xa23ecc,_ZNSt6__ndk110__function6__funcIZN11scTaskQueue3runIZN10SWFTexture21loadDownscaledTextureIhEEvP12SupercellSWFiiiibbEUlvE_EENS_13invoke_resultIT_JEE4typeESA_EUlvE_NS_9allocatorISD_EEFvvEEclEv,0x40
0xa23f0c,_ZN8Material22setLightmapSpecularTexEP7GLImage,0x8
0xa23f14,_ZN27DonationReceivedStreamEntryD0Ev,0x4
0xa23f18,_ZN4asio6detail13epoll_reactor16descriptor_state10perform_ioEj,0x248
0xa24160,_ZNKSt6__ndk110__function6__funcIZN10SWFTexture21loadDownscaledTextureIiEEvP12SupercellSWFiiiibbEUlvE_NS_9allocatorIS6_EEFvvEE6targetERKSt9type_info,0x1c
0xa2417c,_ZN8Databind4Util13ArrayAccessorIb14LogicArrayListIbEE5clearEv,0xc
0xa24188,_ZN27JoinableAllianceListMessageD0Ev,0xc0
0xa24248,_ZNK2OT8OffsetToINS_12OffsetListOfINS_11SubstLookupEEENS_7IntTypeItLj2EEEE8sanitizeEPNS_21hb_sanitize_context_tEPKv,0x160
0xa243a8,_ZNKSt6__ndk110__function6__funcIZN11wendelstein16ComponentFactory14addConstructorINS2_15SpringComponentEEEvvEUlvE_NS_9allocatorIS6_EEFNS_10shared_ptrINS2_17IEmitterComponentEEEvEE7__cloneEPNS0_6__baseISC_EE,0x10
0xa243b8,_ZN9ShopPopup27canHandleNotificationOfTypeEi,0x8
0xa243c0,_ZNSt6__ndk19transformIN8nlohmann6detail9iter_implIKNS1_10basic_jsonINS_3mapENS_6vectorENS_12basic_stringIcNS_11char_traitsIcEENS_9allocatorIcEEEEblmdSA_NS1_14adl_serializerEEEEENS_15insert_iteratorINS6_ISC_NSA_ISC_EEEEEEZNS2_20from_json_array_implISE_SJ_EEDTcmcmcldtfp0_7reserveclsr3stdE7declvalINT0_9size_typeEEEEcldtfp_3getINSM_10value_typeEEEcvv_EERKT_RSM_NS2_12priority_tagILj1EEEEUlRSF_E_EESM_SQ_SQ_SM_T1_,0x16c
0xa2452c,_ZN16LogicMessageDataD0Ev,0x40
0xa2456c,_ZN14CameraInstanceD2Ev,0x10
0xa2457c,_ZN11wendelstein18SpawnRateComponentD0Ev,0x4
0xa24580,_ZNSt6__ndk17__sort4IRPFbPKN14ShadowRenderer8EndPointES4_EPPS2_EEjT0_SA_SA_SA_T_,0x184
0xa24704,_ZN2fx4gltf6detail17ReadRequiredFieldINS0_6Camera11PerspectiveEEEvNSt6__ndk117basic_string_viewIcNS5_11char_traitsIcEEEERKN8nlohmann10basic_jsonINS5_3mapENS5_6vectorENS5_12basic_stringIcS8_NS5_9allocatorIcEEEEblmdSF_NSA_14adl_serializerEEERT_,0x100
0xa24804,_ZNSt6__ndk128__begin_marked_subexpressionIcED0Ev,0x40
0xa24844,_ZNK2OT10CaretValue8sanitizeEPNS_21hb_sanitize_context_tE,0x158
0xa2499c,_ZThn192_NK15ProLeagueScreen15getGlobalScrollEv,0x8
0xa249a4,_ZNK2OT18MarkBasePosFormat18sanitizeEPNS_21hb_sanitize_context_tE,0x100
0xa24aa4,_ZNK2OT14ContextFormat214collect_glyphsEPNS_27hb_collect_glyphs_context_tE,0x204
0xa24ca8,_ZN8Databind4Util13ArrayAccessorINSt6__ndk112basic_stringIcNS2_11char_traitsIcEENS2_9allocatorIcEEEE14LogicArrayListIS8_EE4sizeEv,0xc
0xa24cb4,_ZN18LogicClientGlobalsD0Ev,0x24
0xa24cd8,_ZNSt6__ndk110__function6__funcIZN8Databind8Migrator16addMigrationStepIN11wendelstein12old_versions15EmitterParamsV0ENS5_7Emitter13EmitterParamsEEEviNS_8functionIFvRT_RT0_EEEEUlvE0_NS_9allocatorISH_EEFNS_10unique_ptrIvPFvPvEEEvEEclEv,0x194
0xa24e6c,_ZNSt6__ndk118__stable_sort_moveIRZN14LogicArrayListIP10GatchaDropE9sortArrayIPFiS3_S3_EEEvRKT_EUlRKS3_SC_E_PS3_EEvT0_SG_S8_NS_15iterator_traitsISG_E15difference_typeEPNSI_10value_typeE,0x334
0xa251a0,_ZNK23GameConfigIpadLandscape15isMSAASupportedEv,0x8
0xa251a8,_ZNSt6__ndk113__empty_stateIcED0Ev,0x40
0xa251e8,_ZNK13DebugMenuBase16getAnalyticsNameEv,0x8
0xa251f0,_ZN9InputTool12touchPressedERK5Touch,0x8
0xa251f8,_ZNK2OT8OffsetToINS_12RecordListOfINS_7FeatureEEENS_7IntTypeItLj2EEEE8sanitizeEPNS_21hb_sanitize_context_tEPKv,0x1b0
0xa253a8,_ZN41CafeBazaarBillingProcessedByServerMessageD2Ev,0xd8
0xa25480,_ZNSt6__ndk120__shared_ptr_pointerIPN8Databind23DefaultObjectTypeTraitsIN11wendelstein18SpawnRateComponentEEENS_14default_deleteIS5_EENS_9allocatorIS5_EEE16__on_zero_sharedEv,0x18
0xa25498,_ZN24FriendSuggestionsMessageD0Ev,0xc0
0xa25558,_ZN5tween4SineD0Ev,0x4
0xa2555c,_ZNKSt6__ndk110__function6__funcIZN11wendelstein16ComponentFactory14addConstructorINS2_15SpringComponentEEEvvEUlvE_NS_9allocatorIS6_EEFNS_10shared_ptrINS2_17IEmitterComponentEEEvEE11target_typeEv,0xc
0xa25568,_ZNSt6__ndk117__owns_two_statesIcED0Ev,0x60
0xa255c8,_ZN4asio9execution6detail17any_executor_base12execute_voidERKS2_ONS_6detail17executor_functionE,0x30
0xa255f8,_ZN8Databind4Util13ArrayAccessorI7Vector2IfE14LogicArrayListIS3_EE4copyERS5_,0x150
0xa25748,_ZNK8Databind16DatabindTreeNode7isTableEv,0x8
0xa25750,_ZNSt6__ndk120__shared_ptr_pointerIPhZN17scFileImpl_AAssetC1EPKciEUlPvE_NS_9allocatorIhEEE16__on_zero_sharedEv,0xc
0xa2575c,_ZN8Databind4Util17ArrayAccessorBaseI6StringNSt6__ndk16vectorIS2_NS3_9allocatorIS2_EEEEE6addPtrEPKv,0xc
0xa25768,_ZN32YoozooOrderDeliveryFailedMessageD0Ev,0xd0
0xa25838,_ZNSt6__ndk113__assoc_stateINS_4pairIb6StringEEE4copyEv,0x90
0xa258c8,_ZN9ChatInputD2Ev,0x10
0xa258d8,_ZN25PurchaseOfferPopupHandler13isDisplayTimeEv,0x8
0xa258e0,_ZNK10GameConfig25getStickVariableRangeLeftEv,0x8
0xa258e8,_ZNSt6__ndk119__throw_regex_errorILNS_15regex_constants10error_typeE5EEEvv,0xc
0xa258f4,_ZN14AllianceScreen13refreshTitle2EP18DecoratedTextField,0x4
0xa258f8,_ZThn368_NK17OnlineTeamupPopup7getSideEv,0x8
0xa25900,_ZNSt6__ndk120__shared_ptr_pointerIP14LogicArrayListI7Vector2IfEENS_14default_deleteIS4_EENS_9allocatorIS4_EEED0Ev,0x24
0xa25924,_ZNSt6__ndk120__shared_ptr_pointerIP14LogicArrayListI7Vector2IfEENS_14default_deleteIS4_EENS_9allocatorIS4_EEE16__on_zero_sharedEv,0x3c
0xa25960,_ZNK2OT14ContextFormat114collect_glyphsEPNS_27hb_collect_glyphs_context_tE,0x1e4
0xa25b44,_ZN11wendelstein23MovieClipRendererBucket9addVertexEfftthhhhhhhh,0x48
0xa25b8c,_ZN6icu_5815MaybeStackArrayIcLi40EEixEl,0xc
0xa25b98,_ZN8nlohmann10basic_jsonINSt6__ndk13mapENS1_6vectorENS1_12basic_stringIcNS1_11char_traitsIcEENS1_9allocatorIcEEEEblmdS7_NS_14adl_serializerEE6createINS3_ISB_NS7_ISB_EEEEJPKNS_6detail8json_refISB_EESJ_EEEPT_DpOT0_,0xe8
0xa25c80,_ZNSt6__ndk14pairIKNS_12basic_stringIcNS_11char_traitsIcEENS_9allocatorIcEEEEN8nlohmann10basic_jsonINS_3mapENS_6vectorES6_blmdS4_NS8_14adl_serializerEEEEC2ERKSE_,0xc0
0xa25d40,_ZN3UIu6dynTxtERK6StringNSt6__ndk18functionIFS2_P5UICtxEEE,0x1b4
0xa25ef4,_ZN26ISCIDManagerImplementation21requestConnectedGamesEv,0x4
0xa25ef8,_ZNSt6__ndk120__shared_ptr_emplaceIN11wendelstein26EmitterBurstListSerializerENS_9allocatorIS2_EEE16__on_zero_sharedEv,0xc
0xa25f04,_ZN8safe_jni15static_functionIN5titan3com9supercell5titan22VirtualKeyboardHandlerEvEclIJiiEEEvDpT_,0x188
0xa2608c,_ZN8safe_jni8functionIN5titan3com9supercell5titan11SupercellIdEvEclIJEEEvP8_jobjectDpT_,0x118
0xa261a4,_ZNK9PopupBase10closeInputEv,0x4
0xa261a8,_ZNSt6__ndk16vectorI16SCIDShopDonationNS_9allocatorIS1_EEE21__push_back_slow_pathIRKS1_EEvOT_,0x1e4
0xa2638c,_ZN18LogicServerCommandD0Ev,0xc
0xa26398,_ZN32GoHomeFromOfflinePractiseMessageD0Ev,0xc0
0xa26458,_ZNK20PlayerMapDeletePopup15isFadeInEnabledEv,0x8
0xa26460,_ZNSt6__ndk16__treeINS_12__value_typeINS_12basic_stringIcNS_11char_traitsIcEENS_9allocatorIcEEEEiEENS_19__map_value_compareIS7_S8_NS_4lessIS7_EELb1EEENS5_IS8_EEE4findIS7_EENS_15__tree_iteratorIS8_PNS_11__tree_nodeIS8_PvEElEERKT_,0x114
0xa26574,_ZN19hb_ot_map_builder_t14feature_info_t3cmpEPKS0_S2_,0x3c
0xa265b0,_ZNK22LogicGemOfferContainer12containsHeroEPK18LogicCharacterData,0x8
0xa265b8,_ZN30LogicGameObjectManagerListener11respawnTileEii,0x4
0xa265bc,_ZNSt6__ndk110__function6__funcIZN8Databind8Migrator16addMigrationStepIN11wendelstein12old_versions15EmitterParamsV0ENS5_7Emitter13EmitterParamsEEEviNS_8functionIFvRT_RT0_EEEEUlPvSH_E_NS_9allocatorISI_EEFvSH_SH_EED2Ev,0x40
0xa265fc,_ZN17LogicGameListener15projectileAddedEv,0x4
0xa26600,_ZN30SupercellIdNotificationMessageD0Ev,0xc0
0xa266c0,_ZN19scTypedMemoryHandleIhED0Ev,0xa8
0xa26768,_ZN5lzham18search_acceleratorD2Ev,0x84
0xa267ec,_ZN14LogicReflector8destructEv,0x4
0xa267f0,_ZN25LogicAvatarChangeListener22playerThumbnailChangedEPK24LogicPlayerThumbnailData,0x4
0xa267f4,_ZN35AskForPlayingFacebookFriendsMessageD0Ev,0xc0
0xa268b4,_ZN4asio6detail13posix_tss_ptrINS0_10call_stackINS0_23strand_executor_service11strand_implEhE7contextEEC2Ev,0xac
0xa26960,_ZNK18DeliveryCardsPopup12getPopupTypeEv,0x8
0xa26968,_ZN24CancelMatchmakingMessageD0Ev,0xc0
0xa26a28,_ZN23LogicHomeChangeListener19deliverRankUpRewardEiiP13LogicGemOfferPK18LogicCharacterDatai,0x4
0xa26a2c,_ZN11SCIDManager20connectedGamesFailedEv,0x4
0xa26a30,_ZNKSt6__ndk118__back_ref_collateIcNS_12regex_traitsIcEEE6__execERNS_7__stateIcEE,0x98
0xa26ac8,_ZN2fx4gltf8DocumentD2Ev,0x614
0xa270dc,_ZN8safe_jni8functionIN5titan3com9supercell5titan11SupercellIdEvEclIJlEEEvP8_jobjectDpT_,0x13c
0xa27218,_ZNSt6__ndk110__function6__funcIZN8Databind18DatabindObjectNodeC1EPNS2_14IDatabindTableENS_10shared_ptrINS2_14ObjectInstanceEEEEUlbE_NS_9allocatorIS9_EEFvbEEclEOb,0x20
0xa27238,_ZNSt6__ndk115basic_streambufIcNS_11char_traitsIcEEE4syncEv,0x8
0xa27240,_ZNK13DebugMenuBase8Category16getAnalyticsNameEv,0x8
0xa27248,_ZNSt6__ndk120__shared_ptr_emplaceIN11wendelstein24TangentVelocityComponentENS_9allocatorIS2_EEE21__on_zero_shared_weakEv,0x4
0xa2724c,_ZN29FacebookAccountUnboundMessageD0Ev,0xc0
0xa2730c,_ZThn368_N10ItemsPopup12itemEquippedEPK13LogicCardData,0x10
0xa2731c,_ZN31AntiAddictionDataUpdatedMessageD0Ev,0xc0
0xa273dc,_ZN25FriendOnlineStatusMessageD0Ev,0xc0
0xa2749c,_ZN18LogicHealthBarDataD0Ev,0x40
0xa274dc,_ZNSt6__ndk16vectorINS_7__stateIcEENS_9allocatorIS2_EEE21__push_back_slow_pathIS2_EEvOT_,0x1e8
0xa276c4,_ZN10SwipeEntry13touchReleasedERK5Touch,0x18
0xa276dc,_ZNSt6__ndk16__treeINS_12__value_typeI6StringPK6CSVRowEENS_19__map_value_compareIS2_S6_NS_4lessIS2_EELb1EEENS_9allocatorIS6_EEE25__emplace_unique_key_argsIS2_JRKNS_21piecewise_construct_tENS_5tupleIJRKS2_EEENSI_IJEEEEEENS_4pairINS_15__tree_iteratorIS6_PNS_11__tree_nodeIS6_PvEElEEbEERKT_DpOT0_,0x110
0xa277ec,_ZN31LogicRankedMatchResultDebugInfoD2Ev,0x4
0xa277f0,_ZN8Databind23DefaultObjectTypeTraitsIN11wendelstein12EmitterBurstEE6assignEPvPKv,0xc
0xa277fc,_ZN18BezierInterpolatorI7Vector3IfEE5setX2Ef,0x8
0xa27804,_ZN18ILocationItemOwner17canSwitchAltModesEv,0x8
0xa2780c,_ZNSt6__ndk120__shared_ptr_pointerIPN8Databind23DefaultObjectTypeTraitsIN11wendelstein22SpawnVelocityComponentEEENS_14default_deleteIS5_EENS_9allocatorIS5_EEE16__on_zero_sharedEv,0x18
0xa27824,_ZN26QuickChatMessageOptionBaseD2Ev,0x14
0xa27838,_ZNSt6__ndk110__function6__funcIZN11wendelstein16ComponentFactory14addConstructorINS2_24TangentVelocityComponentEEEvvEUlvE_NS_9allocatorIS6_EEFNS_10shared_ptrINS2_17IEmitterComponentEEEvEED0Ev,0x4
0xa2783c,_ZN11wendelstein22SpawnLocationComponent9objectDefEv,0x4
0xa27840,_ZN5titan7android7content6IntentD0Ev,0x38
0xa27878,_ZN13DatabindFieldD2Ev,0x134
0xa279ac,_ZN8safe_jni7ConvertIN5titan7android4view7DisplayEvE3SigEv,0xd8
0xa27a84,_ZN8Databind4Util13ArrayAccessorI7Vector3IfENSt6__ndk16vectorIS3_NS4_9allocatorIS3_EEEEE15addDefaultValueEv,0x7c
0xa27b00,_ZNSt6__ndk120__shared_ptr_pointerIPhNS_14default_deleteIA_hEENS_9allocatorIhEEED0Ev,0x24
0xa27b24,_ZN4Game10mouseWheelEi,0x4
0xa27b28,_ZN8Databind4Util13ArrayAccessorIf14LogicArrayListIfEED0Ev,0x4
0xa27b2c,_ZNSt6__ndk120__shared_ptr_pointerIP14scPackagedTaskINS_8functionIFvvEEEENS_14default_deleteIS5_EENS_9allocatorIS5_EEED0Ev,0x24
0xa27b50,_ZN2fx4gltf6detail17ReadOptionalFieldINSt6__ndk16vectorINS0_5ImageENS3_9allocatorIS5_EEEEEEvNS3_17basic_string_viewIcNS3_11char_traitsIcEEEERKN8nlohmann10basic_jsonINS3_3mapES4_NS3_12basic_stringIcSB_NS6_IcEEEEblmdS6_NSD_14adl_serializerEEERT_,0x174
0xa27cc4,_ZN11SCIDManager13forgetAccountERK6String,0x4
0xa27cc8,_ZNKSt6__ndk110__function6__funcIZN8Databind8Migrator16addMigrationStepIN11wendelstein12old_versions15EmitterParamsV0ENS5_7Emitter13EmitterParamsEEEviNS_8functionIFvRT_RT0_EEEEUlvE_NS_9allocatorISH_EEFNS_10unique_ptrIvPFvPvEEEvEE11target_typeEv,0xc
0xa27cd4,_ZNK11DebugLevels11getMenuTypeEv,0x8
0xa27cdc,_ZNK16ChatOptionsPopup10showTopHUDEv,0x8
0xa27ce4,_ZN14HelpshiftTitan23HelpshiftConnectionImpl15leaveBreadcrumbERK6String,0x8
0xa27cec,_ZNSt6__ndk19transformIN8nlohmann6detail9iter_implIKNS1_10basic_jsonINS_3mapENS_6vectorENS_12basic_stringIcNS_11char_traitsIcEENS_9allocatorIcEEEEblmdSA_NS1_14adl_serializerEEEEENS_15insert_iteratorINS6_IN2fx4gltf6CameraENSA_ISK_EEEEEEZNS2_20from_json_array_implISE_SM_EEDTcmcmcldtfp0_7reserveclsr3stdE7declvalINT0_9size_typeEEEEcldtfp_3getINSP_10value_typeEEEcvv_EERKT_RSP_NS2_12priority_tagILj1EEEEUlRSF_E_EESP_ST_ST_SP_T1_,0x1ec
0xa27ed8,_ZN8Databind4Util17ArrayAccessorBaseINSt6__ndk112basic_stringIcNS2_11char_traitsIcEENS2_9allocatorIcEEEENS2_6vectorIS8_NS6_IS8_EEEEE10cloneArrayEv,0x6c
0xa27f44,_ZNSt6__ndk120__shared_ptr_pointerIPhZN17scFileImpl_AAssetC1EPKciEUlPvE_NS_9allocatorIhEEED0Ev,0x24
0xa27f68,_ZNK6icu_5819Normalizer2WithImpl17spanQuickCheckYesERKNS_13UnicodeStringER10UErrorCode,0x94
0xa27ffc,_ZN8Databind4Util13ArrayAccessorI7Vector3IfENSt6__ndk16vectorIS3_NS4_9allocatorIS3_EEEEE4sizeEv,0x20
0xa2801c,_ZN18LogicHelpshiftDataD2Ev,0x4c
0xa28068,_ZN8Databind17DatabindTableNode17drawNodeExtraInfoEPKc,0x4
0xa2806c,_ZN8Databind4Util17ArrayAccessorBaseIf14LogicArrayListIfEE10cloneArrayEv,0x68
0xa280d4,_ZN6SCTune6addIntEPK6CSVRowRK6StringPiPKcP20SCTuneChangeListenerib,0x30
0xa28104,_ZN9randutils11auto_seededINS_11seed_seq_feILm4EjLm1EEEE9crushto32ImEEjT_,0x20
0xa28124,_ZN16DropGUIContainer19inputFieldOkPressedEP14GameInputField,0x4
0xa28128,_ZN25LogicAvatarChangeListener15debugAddTicketsEi,0x4
0xa2812c,_ZNSt6__ndk16vectorIN2fx4gltf8MaterialENS_9allocatorIS3_EEE26__swap_out_circular_bufferERNS_14__split_bufferIS3_RS5_EEPS3_,0x2f0
0xa2841c,_ZNSt6__ndk120__shared_ptr_emplaceI16ReceivingMessageNS_9allocatorIS1_EEE21__on_zero_shared_weakEv,0x4
0xa28420,_ZNSt6__ndk112__hash_tableINS_17__hash_value_typeINS_11__thread_idEiEENS_22__unordered_map_hasherIS2_S3_NS_4hashIS2_EELb1EEENS_21__unordered_map_equalIS2_S3_NS_8equal_toIS2_EELb1EEENS_9allocatorIS3_EEE8__rehashEm,0x260
0xa28680,_ZN12CancelButton6handleEP5UICtxi,0x90
0xa28710,_ZNSt6__ndk110__function6__funcIZN11scTaskQueue3runIZN10SWFTexture11loadTextureIiEEvP12SupercellSWFiiiibbEUlvE_EENS_13invoke_resultIT_JEE4typeESA_EUlvE_NS_9allocatorISD_EEFvvEED0Ev,0x4
0xa28714,_ZN44DebugPlayerMapReviewResultOverrideSetMessageD0Ev,0xc0
0xa287d4,_ZN37KunlunBillingProcessedByServerMessageD0Ev,0xd8
0xa288ac,_ZNSt6__ndk110__function6__funcIZN11wendelstein16ComponentFactory14addConstructorINS2_15VortexComponentEEEvvEUlvE_NS_9allocatorIS6_EEFNS_10shared_ptrINS2_17IEmitterComponentEEEvEEclEv,0x8c
0xa28938,_ZN8Databind4Util13ArrayAccessorI6String14LogicArrayListIS2_EE4copyERS4_,0x84
0xa289bc,_ZN2fx6base649TryDecodeENSt6__ndk117basic_string_viewIcNS1_11char_traitsIcEEEERNS1_6vectorIhNS1_9allocatorIhEEEE,0x1d0
0xa28b8c,_ZNSt6__ndk16vectorIN19EnvironmentRenderer10LookAtNodeENS_9allocatorIS2_EEE24__emplace_back_slow_pathIJS2_EEEvDpOT_,0x19c
0xa28d28,_ZN2fx4gltf8MaterialD2Ev,0x7c
0xa28da4,_ZN9GameState9debugDrawEv,0x4
0xa28da8,_ZN11wendelstein27IWendelsteinParticleEmitter11setLocationEfff,0x4
0xa28dac,_ZN2fx4gltf6detail17ReadOptionalFieldINSt6__ndk16vectorINS0_5SceneENS3_9allocatorIS5_EEEEEEvNS3_17basic_string_viewIcNS3_11char_traitsIcEEEERKN8nlohmann10basic_jsonINS3_3mapES4_NS3_12basic_stringIcSB_NS6_IcEEEEblmdS6_NSD_14adl_serializerEEERT_,0x164
0xa28f10,_ZN5lzham13prefix_coding14decoder_tables6assignERKS1_,0x1a4
0xa290b4,_ZNK2OT14PairPosFormat28sanitizeEPNS_21hb_sanitize_context_tE,0x1e0
0xa29294,_ZN4asio9execution6detail17any_executor_base10require_fnINS0_12any_executorIJNS0_12context_as_tIRNS_17execution_contextEEENS1_8blocking7never_tILi0EEENS0_11prefer_onlyINS9_10possibly_tILi0EEEEENSC_INS1_16outstanding_work9tracked_tILi0EEEEENSC_INSG_11untracked_tILi0EEEEENSC_INS1_12relationship6fork_tILi0EEEEENSC_INSN_14continuation_tILi0EEEEEEEEvST_EET_PKvSX_,0x50
0xa292e4,_ZNSt6__ndk16vectorI23SCIDShopClaimInProgressNS_9allocatorIS1_EEE21__push_back_slow_pathIRKS1_EEvOT_,0x1a4
0xa29488,_ZNKSt6__ndk120__shared_ptr_pointerIPN8Databind23DefaultObjectTypeTraitsIN11wendelstein18CurlNoiseComponentEEENS_14default_deleteIS5_EENS_9allocatorIS5_EEE13__get_deleterERKSt9type_info,0x1c
0xa294a4,_ZN13GoHomeMessageD0Ev,0xc0
0xa29564,_ZNK20LogicCharacterServer7getTypeEv,0x8
0xa2956c,_ZN18RevokeNotificationD0Ev,0x4
0xa29570,_ZN29CoinDoublerRewardNotification19getNotificationTypeEv,0x8
0xa29578,_ZNSt6__ndk16__treeINS_12__value_typeINS_12basic_stringIcNS_11char_traitsIcEENS_9allocatorIcEEEEPK15scPackFileEntryEENS_19__map_value_compareIS7_SB_NS_4lessIS7_EELb1EEENS5_ISB_EEE7destroyEPNS_11__tree_nodeISB_PvEE,0x50
0xa295c8,_ZN17LogicShopItemDataD0Ev,0x40
0xa29608,_ZN11wendelstein18SpawnConeComponent20getDatabindObjectDefEv,0x310
0xa29918,_ZNSt6__ndk16vectorINS_10unique_ptrI13OpenGLContextNS_14default_deleteIS2_EEEENS_9allocatorIS5_EEE21__push_back_slow_pathIS5_EEvOT_,0x114
0xa29a2c,_ZN17LogicGameListener17preDiamondsBoughtEii,0x4
0xa29a30,_ZN27AskForAllianceStreamMessageD0Ev,0xc0
0xa29af0,_ZNSt6__ndk113__assoc_stateINS_4pairIb6StringEEE16__on_zero_sharedEv,0x38
0xa29b28,_ZNK16LogicReflectable16getReflectableIdEv,0x8
0xa29b30,_ZNK17scFileImpl_AAsset6isOpenEv,0x10
0xa29b40,_ZN4asio5error6detail14netdb_categoryD0Ev,0x24
0xa29b64,_ZNK2OT12ChainContext8dispatchINS_21hb_sanitize_context_tEEENT_8return_tEPS3_,0x140
0xa29ca4,_ZNSt6__ndk120__shared_ptr_pointerIPN8Databind23DefaultObjectTypeTraitsIN11wendelstein12old_versions15EmitterParamsV0EEENS_14default_deleteIS6_EENS_9allocatorIS6_EEED0Ev,0x24
0xa29cc8,_ZNK18scAbstractTreeNode8hasChildERKNSt6__ndk112basic_stringIcNS0_11char_traitsIcEENS0_9allocatorIcEEEE,0x24
0xa29cec,_ZN25AcceptFriendFailedMessageD0Ev,0xc0
0xa29dac,_ZN4asio6detail13epoll_reactor8shutdownEv,0x1f0
0xa29f9c,_ZN6scPathC2EPKc,0xa4
0xa2a040,_ZNK22ResourceDataLoaderImplI18ResourceDataShaderE7getTypeEv,0x8
0xa2a048,_ZNSt6__ndk120__shared_ptr_pointerIPN8Databind23DefaultObjectTypeTraitsIN11wendelstein24TangentVelocityComponentEEENS_14default_deleteIS5_EENS_9allocatorIS5_EEE16__on_zero_sharedEv,0x18
0xa2a060,_ZN14HelpshiftTitan23HelpshiftConnectionImpl13clearMetadataEv,0x4
0xa2a064,_ZN24TicketRewardNotification19getNotificationTypeEv,0x8
0xa2a06c,_ZNSt6__ndk120__shared_ptr_pointerIPNS_6vectorI6StringNS_9allocatorIS2_EEEENS_14default_deleteIS5_EENS3_IS5_EEE21__on_zero_shared_weakEv,0x4
0xa2a070,_ZN30DeletePlayerMapResponseMessageD2Ev,0xc4
0xa2a134,_ZN17LogicGameListener6onDropEP14LogicArrayListIP12DeliveryUnitEbi,0x4
0xa2a138,_ZNK10StreamItem27allowOpenDefaultContextMenuEv,0x8
0xa2a140,_ZN8Databind4Util17ArrayAccessorBaseI7Vector2IfENSt6__ndk16vectorIS3_NS4_9allocatorIS3_EEEEE10cloneArrayEv,0x6c
0xa2a1ac,_ZNK8Databind4Util13ArrayAccessorI7Vector2IfE14LogicArrayListIS3_EE8getArrayEv,0x8
0xa2a1b4,_ZNSt6__ndk19transformIN8nlohmann6detail9iter_implIKNS1_10basic_jsonINS_3mapENS_6vectorENS_12basic_stringIcNS_11char_traitsIcEENS_9allocatorIcEEEEblmdSA_NS1_14adl_serializerEEEEENS_15insert_iteratorINS6_IN2fx4gltf9Animation7ChannelENSA_ISL_EEEEEEZNS2_20from_json_array_implISE_SN_EEDTcmcmcldtfp0_7reserveclsr3stdE7declvalINT0_9size_typeEEEEcldtfp_3getINSQ_10value_typeEEEcvv_EERKT_RSQ_NS2_12priority_tagILj1EEEEUlRSF_E_EESQ_SU_SU_SQ_T1_,0x1dc
0xa2a390,_ZN14LogicArrayListIN9EntryInfo14SkinGroupEntryEE14ensureCapacityEi,0x118
0xa2a4a8,_ZN2fx4gltf9from_jsonERKN8nlohmann10basic_jsonINSt6__ndk13mapENS3_6vectorENS3_12basic_stringIcNS3_11char_traitsIcEENS3_9allocatorIcEEEEblmdS9_NS1_14adl_serializerEEERNS0_5AssetE,0x150
0xa2a5f8,_ZN28DeviceLinkConfirmationScreen16getSubScreenTypeEv,0x8
0xa2a600,_ZNKSt6__ndk120__shared_ptr_pointerIPN8Databind6detail23DatabindAccessorWrapperI7Vector3IfEEENS_14default_deleteIS6_EENS_9allocatorIS6_EEE13__get_deleterERKSt9type_info,0x1c
0xa2a61c,_ZNK26EnterSupportedCreatorPopup17showOnlinePlayersEv,0x8
0xa2a624,_ZN25LogicAvatarChangeListener19diamondPurchaseMadeEiiiiii,0x4
0xa2a628,_ZNSt6__ndk13mapINS_4pairIiiEEiNS_4lessIS2_EENS_9allocatorINS1_IKS2_iEEEEED2Ev,0x8
0xa2a630,_ZN8Databind4Util13ArrayAccessorI7Vector3IfENSt6__ndk16vectorIS3_NS4_9allocatorIS3_EEEEE5eraseEm,0x60
0xa2a690,_ZN26SetSupportedCreatorMessageD0Ev,0xd0
0xa2a760,_ZN26hb_get_subtables_context_t8apply_toIN2OT16SinglePosFormat2EEEbPKvPNS1_18hb_apply_context_tE,0x4
0xa2a764,_ZN8Databind4Util13ArrayAccessorI7Vector3IfENSt6__ndk16vectorIS3_NS4_9allocatorIS3_EEEEE4copyERS8_,0x98
0xa2a7fc,_ZN12DCT_Upsample3P_QILi5ELi5EE4calcERNS_8Matrix44ES3_PKs,0x2c0
0xa2aabc,_ZNK12scFileFilter15getMemoryHandleEv,0x10
0xa2aacc,_ZNK13DisplayObject19isMovieClipModifierEv,0x8
0xa2aad4,_ZNSt6__ndk120__shared_ptr_emplaceIN11wendelstein21DecelerationComponentENS_9allocatorIS2_EEED2Ev,0x4
0xa2aad8,_ZN23ChangeAvatarNameMessageD0Ev,0xc0
0xa2ab98,_ZN17scFSLayerPackfile7refreshEv,0x4
0xa2ab9c,_ZN4SHA18toStringEv,0x3a0
0xa2af3c,_ZN11wendelstein23MovieClipRendererBucket16prepareBucketForEP7GLImagei,0x19c
0xa2b0d8,_ZNSt6__ndk16__treeINS_12__value_typeIN22LaserDataLoaderTexture15TextureModifier9OperationENS_4pairIffEEEENS_19__map_value_compareIS4_S7_NS_4lessIS4_EELb1EEENS_9allocatorIS7_EEE12__find_equalIS4_EERPNS_16__tree_node_baseIPvEENS_21__tree_const_iteratorIS7_PNS_11__tree_nodeIS7_SH_EElEERPNS_15__tree_end_nodeISJ_EESK_RKT_,0x1c8
0xa2b2a0,_ZNKSt6__ndk16__loopIcE12__exec_splitEbRNS_7__stateIcEE,0xcc
0xa2b36c,_ZN21scMainThreadTaskQueue19insertPredicateTaskENSt6__ndk18functionIFbvEEERKNS0_10shared_ptrI14scAbstractTaskEE,0x1b8
0xa2b524,_ZNK4Shop14showLeftTopHUDEv,0x8
0xa2b52c,_ZNSt6__ndk16__treeINS_12__value_typeI6StringNS_6vectorIN9Animation4BoneENS_9allocatorIS5_EEEEEENS_19__map_value_compareIS2_S9_NS_4lessIS2_EELb1EEENS6_IS9_EEE25__emplace_unique_key_argsIS2_JRKNS_21piecewise_construct_tENS_5tupleIJOS2_EEENSK_IJEEEEEENS_4pairINS_15__tree_iteratorIS9_PNS_11__tree_nodeIS9_PvEElEEbEERKT_DpOT0_,0x114
0xa2b640,_ZNKSt6__ndk110__function6__funcIZN11scTaskQueue3runIZN10SWFTexture21loadDownscaledTextureIiEEvP12SupercellSWFiiiibbEUlvE_EENS_13invoke_resultIT_JEE4typeESA_EUlvE_NS_9allocatorISD_EEFvvEE11target_typeEv,0xc
0xa2b64c,_ZN29SetBlockFriendRequestsMessageD0Ev,0xc0
0xa2b70c,_ZN5titan3com9supercell2id14IdShopDonationD0Ev,0x38
0xa2b744,_ZNK2OT14PairPosFormat114collect_glyphsEPNS_27hb_collect_glyphs_context_tE,0x150
0xa2b894,_ZNK22ResourceDataLoaderImplI17ResourceDataSoundE7getTypeEv,0x8
0xa2b89c,_ZN29LogicPurchaseBrawlPassCommandD0Ev,0x4
0xa2b8a0,_ZN36LogicTeamChatMuteStateChangedCommandD0Ev,0x4
0xa2b8a4,_ZNSt6__ndk110__function6__funcIZN11wendelstein16ComponentFactory14addConstructorINS2_22SpawnLocationComponentEEEvvEUlvE_NS_9allocatorIS6_EEFNS_10shared_ptrINS2_17IEmitterComponentEEEvEE7destroyEv,0x4
0xa2b8a8,_ZN21GemRewardNotification19getNotificationTypeEv,0x8
0xa2b8b0,_ZN13scFSLayerBaseD0Ev,0x4
0xa2b8b4,_ZN16scMutexContainerINSt6__ndk13setIP7SCWFileNS0_4lessIS3_EENS0_9allocatorIS3_EEEEED2Ev,0x2c
0xa2b8e0,_ZNKSt6__ndk110__function6__funcIZN11wendelstein16ComponentFactory14addConstructorINS2_21SimpleGroundComponentEEEvvEUlvE_NS_9allocatorIS6_EEFNS_10shared_ptrINS2_17IEmitterComponentEEEvEE7__cloneEPNS0_6__baseISC_EE,0x10
0xa2b8f0,_ZN4asio6detail23reactive_socket_serviceINS_2ip3tcpEED0Ev,0x4
0xa2b8f4,_ZN8Databind4Util13ArrayAccessorI12LogicVector2NSt6__ndk16vectorIS2_NS3_9allocatorIS2_EEEEE8capacityEm,0xa8
0xa2b99c,_ZN8Databind23DefaultObjectTypeTraitsIN11wendelstein12old_versions22MovieClipEmitterDataV0EED0Ev,0x4
0xa2b9a0,_ZNKSt6__ndk16__treeINS_12__value_typeINS_12basic_stringIcNS_11char_traitsIcEENS_9allocatorIcEEEEPK15scPackFileEntryEENS_19__map_value_compareIS7_SB_NS_4lessIS7_EELb1EEENS5_ISB_EEE4findIS7_EENS_21__tree_const_iteratorISB_PNS_11__tree_nodeISB_PvEElEERKT_,0x114
0xa2bab4,_ZN8Databind4Util13ArrayAccessorIf14LogicArrayListIfEE8capacityEm,0x104
0xa2bbb8,_ZNSt6__ndk120__shared_ptr_pointerIPN8Databind23DefaultObjectTypeTraitsIN11wendelstein20SpawnPlanarComponentEEENS_14default_deleteIS5_EENS_9allocatorIS5_EEED0Ev,0x24
0xa2bbdc,_ZN8Databind6detail23DatabindAccessorWrapperI7Vector3IfEE10getterTypeEv,0x10
0xa2bbec,_ZN2fx4gltf6detail17ReadOptionalFieldINS0_8Material7TextureEEEvNSt6__ndk117basic_string_viewIcNS5_11char_traitsIcEEEERKN8nlohmann10basic_jsonINS5_3mapENS5_6vectorENS5_12basic_stringIcS8_NS5_9allocatorIcEEEEblmdSF_NSA_14adl_serializerEEERT_,0x124
0xa2bd10,_ZNSt6__ndk16vectorIP18AllianceMemberItemNS_9allocatorIS2_EEE6insertENS_11__wrap_iterIPKS2_EERS7_,0x214
0xa2bf24,_ZN8Databind17DatabindTableBaseIN11wendelstein19AbstractEmitterDataEE12onChildAddedERNS_18DatabindObjectNodeE,0x4
0xa2bf28,_ZN8Databind23DefaultObjectTypeTraitsIN11wendelstein24TangentVelocityComponentEE9constructEv,0x7c
0xa2bfa4,_ZNSt6__ndk16__treeINS_12__value_typeINS_12basic_stringIcNS_11char_traitsIcEENS_9allocatorIcEEEEiEENS_19__map_value_compareIS7_S8_N8nlohmann16fifo_map_compareIS7_EELb0EEENS5_IS8_EEE16__construct_nodeIJRKNS_4pairIKS7_iEEEEENS_10unique_ptrINS_11__tree_nodeIS8_PvEENS_22__tree_node_destructorINS5_ISP_EEEEEEDpOT_,0xec
0xa2c090,_ZN8safe_jni4ctorIN5titan4java2io4FileEEclIJ6StringEEEP8_jobjectDpT_,0x19c
0xa2c22c,_ZNKSt6__ndk110__function6__funcIZN11wendelstein16ComponentFactory14addConstructorINS2_15VortexComponentEEEvvEUlvE_NS_9allocatorIS6_EEFNS_10shared_ptrINS2_17IEmitterComponentEEEvEE7__cloneEv,0x24
0xa2c250,_ZN8safe_jni8functionIN5titan7android4view7DisplayEfEclIJEEEfP8_jobjectDpT_,0x11c
0xa2c36c,_ZN15TeamChatMessageD0Ev,0xc0
0xa2c42c,_ZN13DataLoaderCSVD0Ev,0x78
0xa2c4a4,_ZN4asio6detail9schedulerC2ERNS_17execution_contextEib,0x138
0xa2c5dc,_ZN25PurchaseOfferPopupHandler8isGlowBgEv,0x8
0xa2c5e4,_ZN23LogicGameObjectListenerD0Ev,0x4
0xa2c5e8,_ZNK13SceneUniforms14isRebindNeededEPKS_P8Material,0x8
0xa2c5f0,_ZNSt6__ndk115basic_streambufIcNS_11char_traitsIcEEE8overflowEi,0x8
0xa2c5f8,_ZNSt6__ndk16vectorIN11wendelstein12EmitterBurstENS_9allocatorIS2_EEE8__appendEm,0x12c
0xa2c724,_ZNK17EventDetailsPopup28allowClosingFromModalTappingEv,0x10
0xa2c734,_ZNSt6__ndk16vectorINS_10shared_ptrI17scAbstractFSLayerEENS_9allocatorIS3_EEE24__emplace_back_slow_pathIJRKS3_EEEvDpOT_,0x158
0xa2c88c,_ZN20OpenGLContextAndroid11getImplDataEv,0x8
0xa2c894,_ZN10ProjectileD2Ev,0x6c
0xa2c900,_ZNKSt6__ndk110__function6__funcIZN11wendelstein16ComponentFactory14addConstructorINS2_24TangentVelocityComponentEEEvvEUlvE_NS_9allocatorIS6_EEFNS_10shared_ptrINS2_17IEmitterComponentEEEvEE6targetERKSt9type_info,0x1c
0xa2c91c,_ZN4asio6detail13posix_tss_ptrINS0_10call_stackINS0_14strand_service11strand_implEhE7contextEEC2Ev,0xac
0xa2c9c8,_ZNSt6__ndk112__hash_tableINS_12basic_stringIcNS_11char_traitsIcEENS_9allocatorIcEEEENS_4hashIS6_EENS_8equal_toIS6_EENS4_IS6_EEE21__construct_node_hashIRKS6_JEEENS_10unique_ptrINS_11__hash_nodeIS6_PvEENS_22__hash_node_destructorINS4_ISJ_EEEEEEmOT_DpOT0_,0xf0
0xa2cab8,_ZNSt6__ndk19transformINS_20__map_const_iteratorINS_21__tree_const_iteratorINS_12__value_typeINS_12basic_stringIcNS_11char_traitsIcEENS_9allocatorIcEEEEN8nlohmann10basic_jsonINS_3mapENS_6vectorES9_blmdS7_NSA_14adl_serializerEEEEEPNS_11__tree_nodeISG_PvEElEEEENS_15insert_iteratorINS_13unordered_mapIS9_jNS_4hashIS9_EENS_8equal_toIS9_EENS7_INS_4pairIKS9_jEEEEEEEEZNSA_6detail9from_jsonISF_SX_Li0EEEvRKT_RT0_EUlRKNST_ISU_SF_EEE_EES14_S11_S11_S14_T1_,0x1b4
0xa2cc6c,_ZNK8Shader3D9getShaderEv,0x8
0xa2cc74,_ZN29GamecenterAccountBoundMessageD0Ev,0xc0
0xa2cd34,_ZN8Databind4Util13ArrayAccessorINSt6__ndk112basic_stringIcNS2_11char_traitsIcEENS2_9allocatorIcEEEENS2_6vectorIS8_NS6_IS8_EEEEE5clearEv,0x60
0xa2cd94,_ZNSt6__ndk16vectorIN8nlohmann10basic_jsonINS_3mapES0_NS_12basic_stringIcNS_11char_traitsIcEENS_9allocatorIcEEEEblmdS7_NS1_14adl_serializerEEENS7_ISB_EEE24__emplace_back_slow_pathIJPKcEEEvDpOT_,0x140
0xa2ced4,_ZNK18BezierInterpolatorI7Vector3IfEE5getY2Ev,0x8
0xa2cedc,_ZN8Material13setStencilTexEP7GLImage,0x8
0xa2cee4,_ZN15scFileImpl_MmapD0Ev,0xd0
0xa2cfb4,_ZNSt6__ndk120__shared_ptr_pointerIP14LogicArrayListINS_12basic_stringIcNS_11char_traitsIcEENS_9allocatorIcEEEEENS_14default_deleteIS8_EENS5_IS8_EEE21__on_zero_shared_weakEv,0x4
0xa2cfb8,_ZThn336_N7UIPopup5closeEv,0x10
0xa2cfc8,_ZNSt6__ndk13mapIPKcN8Databind12CustomEditorENS_4lessIS2_EENS_9allocatorINS_4pairIKS2_S4_EEEEED2Ev,0x8
0xa2cfd0,_ZN14DataLoaderFontD0Ev,0x24
0xa2cff4,_ZN31CafeBazaarBillingRequestMessageD0Ev,0x24
0xa2d018,_ZN19LogicMessageFactoryD2Ev,0x4
0xa2d01c,_ZN4asio6detail13epoll_reactor15do_epoll_createEv,0xf8
0xa2d114,_ZN26LogicGameModeVariationDataD0Ev,0x40
0xa2d154,_ZN26RequestJoinAllianceMessageD0Ev,0xc0
0xa2d214,_ZNSt6__ndk120__shared_ptr_pointerIPNS_6vectorIbNS_9allocatorIbEEEENS_14default_deleteIS4_EENS2_IS4_EEE21__on_zero_shared_weakEv,0x4
0xa2d218,_ZN9LogicDataD2Ev,0x34
0xa2d24c,_ZN14scMemoryHandleD2Ev,0xa8
0xa2d2f4,_ZNK6icu_5819Normalizer2WithImpl6appendERNS_13UnicodeStringERKS1_R10UErrorCode,0xc
0xa2d300,_ZNSt6__ndk120__shared_ptr_pointerIP14scPackagedTaskINS_8functionIFvvEEEENS_14default_deleteIS5_EENS_9allocatorIS5_EEE16__on_zero_sharedEv,0x18
0xa2d318,_ZN8Databind23DefaultObjectTypeTraitsIN11wendelstein13DragComponentEE7destroyEPv,0x18
0xa2d330,_ZN8Databind23DefaultObjectTypeTraitsIN11wendelstein18SpawnConeComponentEE6assignEPvPKv,0x1c
0xa2d34c,_ZN14LogicArrayListIP30NativeDialogCallbackParametersED2Ev,0x2c
0xa2d378,_ZN16GeometryInstanceD0Ev,0x78
0xa2d3f0,_ZNK21RankedTeamSelectPopup12getPopupTypeEv,0x8
0xa2d3f8,_ZN23LogicHomeChangeListener17donateOfferBundleEP16LogicOfferBundle,0x4
0xa2d3fc,_ZNSt6__ndk16vectorIN2fx4gltf10BufferViewENS_9allocatorIS3_EEE6insertENS_11__wrap_iterIPKS3_EEOS3_,0x348
0xa2d744,_ZN10BitmapFont15BitmapFormatter12isBaseDirRTLEv,0x8
0xa2d74c,_ZNSt6__ndk16__treeINS_12__value_typeINS_12basic_stringIcNS_11char_traitsIcEENS_9allocatorIcEEEEN8nlohmann10basic_jsonINS_3mapENS_6vectorES7_blmdS5_NS8_14adl_serializerEEEEENS_19__map_value_compareIS7_SE_NS_4lessIvEELb1EEENS5_ISE_EEE4findIA11_cEENS_15__tree_iteratorISE_PNS_11__tree_nodeISE_PvEElEERKT_,0x12c
0xa2d878,_ZNK11wendelstein22SpawnVelocityComponent11getCategoryEv,0x8
0xa2d880,_ZN8safe_jni8functionIN5titan7android4view13WindowManagerENS3_7DisplayEEclIJEEES5_P8_jobjectDpT_,0x120
0xa2d9a0,_ZNSt6__ndk16__treeINS_12__value_typeI6StringS2_EENS_19__map_value_compareIS2_S3_NS_4lessIS2_EELb1EEENS_9allocatorIS3_EEE25__emplace_unique_key_argsIS2_JRKNS_21piecewise_construct_tENS_5tupleIJRKS2_EEENSF_IJEEEEEENS_4pairINS_15__tree_iteratorIS3_PNS_11__tree_nodeIS3_PvEElEEbEERKT_DpOT0_,0x114
0xa2dab4,_ZNK21SpeechBubbleCharacter15isFadeInEnabledEv,0x8
0xa2dabc,_ZN30LookForATeamMemberConfirmPopup17canSwitchAltModesEv,0x8
0xa2dac4,_ZN11wendelstein18SpawnRateComponent9stateFromENSt6__ndk110shared_ptrINS_17IEmitterComponentEEE,0x1e8
0xa2dcac,_ZNSt6__ndk114__split_bufferIN2fx4gltf9Animation7ChannelERNS_9allocatorIS4_EEE9push_backEOS4_,0x35c
0xa2e008,_ZN27ChatToAllianceStreamMessageD0Ev,0xc0
0xa2e0c8,_ZN22ResourceDataLoaderImplI18ResourceDataStringE12loadFinishedENSt6__ndk110unique_ptrIS0_NS2_14default_deleteIS0_EEEE,0x98
0xa2e160,_ZN11wendelstein19SpriteSheetRenderer6removeERNS_7EmitterEiRNS_8ParticleE,0x50
0xa2e1b0,_ZNKSt6__ndk120__shared_ptr_pointerIPNS_6vectorIN4asio2ip20basic_resolver_entryINS3_3tcpEEENS_9allocatorIS6_EEEENS_14default_deleteIS9_EENS7_IS9_EEE13__get_deleterERKSt9type_info,0x1c
0xa2e1cc,_ZNK2OT11ValueFormat11apply_valueEP9hb_font_t14hb_direction_tPKvPKNS_7IntTypeItLj2EEER19hb_glyph_position_t,0x658
0xa2e824,_ZNK20PlayerMapDeletePopup16isFadeOutEnabledEv,0x8
0xa2e82c,_ZNK2OT18MarkMarkPosFormat15applyEPNS_18hb_apply_context_tE,0x508
0xa2ed34,_ZN8Material11getShader3DEv,0x8
0xa2ed3c,_ZNSt6__ndk110__function6__funcIZN10SWFTexture11loadTextureIsEEvP12SupercellSWFiiiibbEUlvE_NS_9allocatorIS6_EEFvvEE18destroy_deallocateEv,0x4
0xa2ed40,_ZN31KakaoAccountAlreadyBoundMessageD0Ev,0xc0
0xa2ee00,_ZThn336_NK14TeamMemberItem16getAnalyticsNameEv,0x8
0xa2ee08,_ZN11BasePageGUI11pageChangedEii,0x4
0xa2ee0c,_ZN8safe_jni15static_functionIN5titan3com9supercell5titan19ApplicationUtilBaseE6StringEclIJS6_EEES6_DpT_,0x1a8
0xa2efb4,_ZNK6icu_5818ComposeNormalizer218normalizeAndAppendEPKtS2_aRNS_13UnicodeStringERNS_16ReorderingBufferER10UErrorCode,0x1c
0xa2efd0,_ZNSt6__ndk16vectorIN2fx4gltf4MeshENS_9allocatorIS3_EEE6insertENS_11__wrap_iterIPKS3_EEOS3_,0x2cc
0xa2f29c,_ZNSt6__ndk118__insertion_sort_3IRPFbPKN14ShadowRenderer8EndPointES4_EPPS2_EEvT0_SA_T_,0x15c
0xa2f3f8,_ZN2fx4gltf6detail17ReadOptionalFieldINS0_8Material20PBRMetallicRoughnessEEEvNSt6__ndk117basic_string_viewIcNS5_11char_traitsIcEEEERKN8nlohmann10basic_jsonINS5_3mapENS5_6vectorENS5_12basic_stringIcS8_NS5_9allocatorIcEEEEblmdSF_NSA_14adl_serializerEEERT_,0x204
0xa2f5fc,_ZNSt6__ndk16vectorIN2fx4gltf9AnimationENS_9allocatorIS3_EEE6insertENS_11__wrap_iterIPKS3_EEOS3_,0x2e4
0xa2f8e0,_ZNSt6__ndk13mapI6StringP4MeshNS_4lessIS1_EENS_9allocatorINS_4pairIKS1_S3_EEEEED2Ev,0x8
0xa2f8e8,_ZN20ShopBgElementHandlerD2Ev,0x4
0xa2f8ec,_ZNKSt6__ndk120__shared_ptr_pointerIPNS_6vectorINS_12basic_stringIcNS_11char_traitsIcEENS_9allocatorIcEEEENS5_IS7_EEEENS_14default_deleteIS9_EENS5_IS9_EEE13__get_deleterERKSt9type_info,0x1c
0xa2f908,_ZN9PopupBase14usesHintFingerEv,0x8
0xa2f910,_ZNSt6__ndk19transformIN8nlohmann6detail9iter_implIKNS1_10basic_jsonINS_3mapENS_6vectorENS_12basic_stringIcNS_11char_traitsIcEENS_9allocatorIcEEEEblmdSA_NS1_14adl_serializerEEEEENS_15insert_iteratorINS6_IN2fx4gltf6BufferENSA_ISK_EEEEEEZNS2_20from_json_array_implISE_SM_EEDTcmcmcldtfp0_7reserveclsr3stdE7declvalINT0_9size_typeEEEEcldtfp_3getINSP_10value_typeEEEcvv_EERKT_RSP_NS2_12priority_tagILj1EEEEUlRSF_E_EESP_ST_ST_SP_T1_,0x1cc
0xa2fadc,_ZN26ISCIDManagerImplementation14requestFriendsEv,0x4
0xa2fae0,_ZN4asio6detail13posix_tss_ptrINS0_10call_stackINS0_14thread_contextENS0_16thread_info_baseEE7contextEEC2Ev,0xac
0xa2fb8c,_ZNSt6__ndk16vectorIN8nlohmann10basic_jsonINS_3mapES0_NS_12basic_stringIcNS_11char_traitsIcEENS_9allocatorIcEEEEblmdS7_NS1_14adl_serializerEEENS7_ISB_EEE24__emplace_back_slow_pathIJRmEEEvDpOT_,0x138
0xa2fcc4,_ZNKSt6__ndk110__function6__funcIZN10SWFTexture21loadDownscaledTextureIsEEvP12SupercellSWFiiiibbEUlvE_NS_9allocatorIS6_EEFvvEE7__cloneEv,0x50
0xa2fd14,_ZN8safe_jni15static_functionIN5titan3com9supercell5titan15ApplicationUtilEbEclIJEEEbDpT_,0x13c
0xa2fe50,_ZNK23NameChangeQuestionPopup12getPopupTypeEv,0x8
0xa2fe58,_ZN31IExpressionEvaluatorEnvironmentD0Ev,0x4
0xa2fe5c,_ZNSt6__ndk16__treeINS_12__value_typeINS_12basic_stringIcNS_11char_traitsIcEENS_9allocatorIcEEEEPK15scPackFileEntryEENS_19__map_value_compareIS7_SB_NS_4lessIS7_EELb1EEENS5_ISB_EEE12__find_equalIS7_EERPNS_16__tree_node_baseIPvEERPNS_15__tree_end_nodeISM_EERKT_,0x120
0xa2ff7c,_ZNSt6__ndk120__shared_ptr_pointerIP14LogicArrayListI12LogicVector2ENS_14default_deleteIS3_EENS_9allocatorIS3_EEE16__on_zero_sharedEv,0x3c
0xa2ffb8,_ZNSt6__ndk114__split_bufferIN11wendelstein17MovieClipRenderer13ParticleStateERNS_9allocatorIS3_EEE9push_backEOS3_,0x19c
0xa30154,_ZNSt6__ndk124uniform_int_distributionIjEclINS_20discard_block_engineINS_23mersenne_twister_engineImLm32ELm624ELm397ELm31ELm2567483615ELm11ELm4294967295ELm7ELm2636928640ELm15ELm4022730752ELm18ELm1812433253EEELm10ELm1EEEEEjRT_RKNS1_10param_typeE,0x60
0xa301b4,_sub_A301B4,0x4aa8
0xa34c5c,_ZN8safe_jni7ConvertIN5titan4java2io14FileDescriptorEvE12CallFunctionEP10_jmethodIDP8_jobjectz,0xb4
0xa34d10,_ZNK11wendelstein18SpawnRateComponent17isInfiniteEmitterEv,0x8
0xa34d18,_ZN11wendelstein19SpawnBurstComponent20getDatabindObjectDefEv,0x310
0xa35028,_ZNSt6__ndk16vectorIN11wendelstein12EmitterBurstENS_9allocatorIS2_EEE6assignIPS2_EENS_9enable_ifIXaasr21__is_forward_iteratorIT_EE5valuesr16is_constructibleIS2_NS_15iterator_traitsIS9_E9referenceEEE5valueEvE4typeES9_S9_,0x158
0xa35180,_ZN14HelpshiftTitan27HelpshiftConnectionFallback24setPushNotificationTokenEPKvi,0x4
0xa35184,_ZNKSt6__ndk110__function6__funcIZN10SWFTexture21loadDownscaledTextureIhEEvP12SupercellSWFiiiibbEUlvE_NS_9allocatorIS6_EEFvvEE7__cloneEv,0x50
0xa351d4,_ZN8Databind4Util13ArrayAccessorIiNSt6__ndk16vectorIiNS2_9allocatorIiEEEEE8setArrayEPv,0x8
0xa351dc,_ZNK6icu_5820DecomposeNormalizer27isInertEi,0xcc
0xa352a8,_ZNK8Databind4Util13ArrayAccessorI6StringNSt6__ndk16vectorIS2_NS3_9allocatorIS2_EEEEE8getArrayEv,0x8
0xa352b0,_ZN16BattleEndMessageD0Ev,0xc0
0xa35370,_ZNK4asio10io_context19basic_executor_typeINSt6__ndk19allocatorIvEELj0EE7executeINS_6detail17executor_functionEEEvOT_,0x110
0xa35480,_ZNSt6__ndk110shared_ptrI14scPackagedTaskIvEE11make_sharedIJZN11scTaskQueue3runIZN10SWFTexture11loadTextureIsEEvP12SupercellSWFiiiibbEUlvE_EENS_13invoke_resultIT_JEE4typeESD_EUlvE_EEES3_DpOT_,0x108
0xa35588,_ZN30DeletePlayerMapResponseMessageD0Ev,0xc4
0xa3564c,_ZN25LogicAvatarChangeListener25debugProLeaguePointsAddedEii,0x4
0xa35650,_ZN8safe_jni8functionIN5titan7android5media11MediaPlayerEvEclIJNS2_4view13SurfaceHolderEEEEvP8_jobjectDpT_,0x140
0xa35790,_ZN39LogicClearESportsHubNotificationCommandD0Ev,0x4
0xa35794,_ZNK15GameSCIDManager19getGameAccountTokenEv,0x8
0xa3579c,_ZNK2OT8OffsetToINS_6ScriptENS_7IntTypeItLj2EEEE8sanitizeIPKNS_6RecordIS1_E18sanitize_closure_tEEEbPNS_21hb_sanitize_context_tEPKvT_,0x154
0xa358f0,_ZN23CreateGameFailedMessage18getServiceNodeTypeEv,0x8
0xa358f8,_ZNK2OT8OffsetToINS_8CoverageENS_7IntTypeItLj2EEEE8sanitizeEPNS_21hb_sanitize_context_tEPKv,0x148
0xa35a40,_ZN14LogicArrayListI6StringED2Ev,0x5c
0xa35a9c,_ZNSt6__ndk120__shared_ptr_pointerIP14LogicArrayListIfENS_14default_deleteIS2_EENS_9allocatorIS2_EEE21__on_zero_shared_weakEv,0x4
0xa35aa0,_ZNSt6__ndk110__function6__funcIZN10SWFTexture11loadTextureIiEEvP12SupercellSWFiiiibbEUlvE_NS_9allocatorIS6_EEFvvEE7destroyEv,0x4
0xa35aa4,_ZN13LightInstanceD0Ev,0x30
0xa35ad4,_ZNSt6__ndk120__shared_ptr_pointerIPhZN17scFileImpl_AAssetC1EPKciEUlPvE_NS_9allocatorIhEEE21__on_zero_shared_weakEv,0x4
0xa35ad8,_ZN15LogicLocaleData17initializeMembersEv,0xb8
0xa35b90,_ZNK2OT8OffsetToINS_7RuleSetENS_7IntTypeItLj2EEEE8sanitizeEPNS_21hb_sanitize_context_tEPKv,0x1b0
0xa35d40,_ZN8Databind4Util13ArrayAccessorIfNSt6__ndk16vectorIfNS2_9allocatorIfEEEEE8setArrayEPv,0x8
0xa35d48,_ZNSt6__ndk16vectorINS_10shared_ptrIN11wendelstein17IEmitterComponentEEENS_9allocatorIS4_EEE6assignIPS4_EENS_9enable_ifIXaasr21__is_forward_iteratorIT_EE5valuesr16is_constructibleIS4_NS_15iterator_traitsISB_E9referenceEEE5valueEvE4typeESB_SB_,0x2b0
0xa35ff8,_ZN19AllianceRankingDataD0Ev,0x4
0xa35ffc,_ZNSt6__ndk115basic_streambufIcNS_11char_traitsIcEEE9underflowEv,0x8
0xa36004,_ZN21ScidLifecycleListener7onStartEv,0x1c
0xa36020,_ZN8safe_jni15static_functionIN5titan3com9supercell5titan15PurchaseManagerEvEclIJ6StringS8_EEEvDpT_,0x20c
0xa3622c,_ZNSt6__ndk16__treeINS_12__value_typeINS_12basic_stringIcNS_11char_traitsIcEENS_9allocatorIcEEEENS_10unique_ptrI14scResourceDataNS_14default_deleteIS9_EEEEEENS_19__map_value_compareIS7_SD_NS_4lessIS7_EELb1EEENS5_ISD_EEE5eraseENS_21__tree_const_iteratorISD_PNS_11__tree_nodeISD_PvEElEE,0xc8
0xa362f4,_ZNSt6__ndk114__split_bufferIP18scResourceLoadInfoNS_9allocatorIS2_EEE9push_backERKS2_,0x138
0xa3642c,_ZN8Databind4Util13ArrayAccessorI7Vector3IfE14LogicArrayListIS3_EE6resizeEm,0xd8
0xa36504,_ZNSt6__ndk13setI6StringNS_4lessIS1_EENS_9allocatorIS1_EEED2Ev,0x8
0xa3650c,_ZN13LogicCardDataD0Ev,0x40
0xa3654c,_ZN17ReportUserMessage18getServiceNodeTypeEv,0x8
0xa36554,_ZN11wendelstein22SpawnVelocityComponent4nameEv,0x2c
0xa36580,_ZNK23ReportUserStatusMessage14getMessageTypeEv,0x8
0xa36588,_ZN11wendelstein21DecelerationComponent9objectDefEv,0x4
0xa3658c,_ZN8safe_jni8functionIN5titan3com6google7android4play4core5tasks4TaskES8_EclIJNS7_18OnCompleteListenerEEEES8_P8_jobjectDpT_,0x150
0xa366dc,_ZN14HelpshiftTitan23HelpshiftConnectionImpl13showSingleFAQERK6String,0x8
0xa366e4,_ZN24TextFieldLinkHitDetector12touchPressedERK5Touch,0x18
0xa366fc,_ZN24LogicBillingPackagesDataD2Ev,0x64
0xa36760,_ZN21TeamReportChatMessageD0Ev,0xc0
0xa36820,_ZN19DisconnectedMessageD0Ev,0xc0
0xa368e0,_ZN11wendelstein12EmitterBurst23setDatabindObjectFieldsEP14DatabindObjectm,0x298
0xa36b78,_ZNK2OT17MarkLigPosFormat18sanitizeEPNS_21hb_sanitize_context_tE,0x1dc
0xa36d54,_ZNSt6__ndk16vectorINS_9sub_matchIPKcEENS_9allocatorIS4_EEE6assignIPS4_EENS_9enable_ifIXaasr21__is_forward_iteratorIT_EE5valuesr16is_constructibleIS4_NS_15iterator_traitsISB_E9referenceEEE5valueEvE4typeESB_SB_,0x198
0xa36eec,_ZN23LogicHomeChangeListener18controlModeChangedEi,0x4
0xa36ef0,_ZNK18BezierInterpolatorIfE5getY2Ev,0x8
0xa36ef8,_ZN25LogicAvatarChangeListener11skinChangedEPK13LogicSkinData,0x4
0xa36efc,_ZN8Databind15DatabindReflectIN11wendelstein12old_versions22MovieClipEmitterDataV0EED0Ev,0x4
0xa36f00,_ZN18AskApiTokenMessageD0Ev,0xc0
0xa36fc0,_ZN5titan3com9supercell2id14IdLoginDetailsD0Ev,0x38
0xa36ff8,_ZNK8Databind16DatabindEnumBase24getValueByNameIgnoreCaseERKNSt6__ndk112basic_stringIcNS1_11char_traitsIcEENS1_9allocatorIcEEEE,0x14c
0xa37144,_ZNK2OT9MarkArray5applyEPNS_18hb_apply_context_tEjjRKNS_12AnchorMatrixEjj,0x160
0xa372a4,_ZNSt6__ndk112__hash_tableINS_17__hash_value_typeINS_12basic_stringIcNS_11char_traitsIcEENS_9allocatorIcEEEEmEENS_22__unordered_map_hasherIS7_S8_NS_4hashIS7_EELb1EEENS_21__unordered_map_equalIS7_S8_NS_8equal_toIS7_EELb1EEENS5_IS8_EEE4findIS7_EENS_15__hash_iteratorIPNS_11__hash_nodeIS8_PvEEEERKT_,0x21c
0xa374c0,_ZN10GameScreen11pingUpdatedEi,0x4
0xa374c4,_ZN23LineAccountBoundMessageD0Ev,0xc0
0xa37584,_ZNSt6__ndk120__shared_ptr_emplaceI16ReceivingMessageNS_9allocatorIS1_EEE16__on_zero_sharedEv,0x10
0xa37594,_ZN17SettingsSubScreen5closeEv,0x4
0xa37598,_ZN8Databind4Util13ArrayAccessorI6String14LogicArrayListIS2_EE5eraseEm,0x90
0xa37628,_ZNSt6__ndk16__treeI6StringNS_4lessIS1_EENS_9allocatorIS1_EEE25__emplace_unique_key_argsIS1_JRKS1_EEENS_4pairINS_15__tree_iteratorIS1_PNS_11__tree_nodeIS1_PvEElEEbEERKT_DpOT0_,0x10c
0xa37734,_ZN2fx4gltf9from_jsonERKN8nlohmann10basic_jsonINSt6__ndk13mapENS3_6vectorENS3_12basic_stringIcNS3_11char_traitsIcEENS3_9allocatorIcEEEEblmdS9_NS1_14adl_serializerEEERNS0_8Material7TextureE,0x1c4
0xa378f8,_ZNSt6__ndk1plIcNS_11char_traitsIcEENS_9allocatorIcEEEENS_12basic_stringIT_T0_T1_EEPKS6_RKS9_,0xe0
0xa379d8,_ZNSt6__ndk120__shared_ptr_pointerIPN8Databind23DefaultObjectTypeTraitsIN11wendelstein19SpawnBurstComponentEEENS_14default_deleteIS5_EENS_9allocatorIS5_EEE21__on_zero_shared_weakEv,0x4
0xa379dc,_ZN9PopupBase17closeCustomPopupsEv,0x4
0xa379e0,_ZN10SwipeEntry12touchPressedERK5Touch,0x18
0xa379f8,_ZNSt6__ndk114__split_bufferIN2fx4gltf7TextureERNS_9allocatorIS3_EEE9push_backEOS3_,0x2d4
0xa37ccc,_ZN18LogicGatchaCommandD0Ev,0x4
0xa37cd0,_ZNSt6__ndk120__shared_ptr_emplaceI17scFSLayerPackfileNS_9allocatorIS1_EEED0Ev,0xa0
0xa37d70,_ZN8Databind4Util13ArrayAccessorI12LogicVector3NSt6__ndk16vectorIS2_NS3_9allocatorIS2_EEEEED0Ev,0x4
0xa37d74,_ZN14PlayerRankItemD2Ev,0x48
0xa37dbc,_ZN23CombiningCustomRendererD0Ev,0x4
0xa37dc0,_ZNSt6__ndk16vectorIN2fx4gltf4SkinENS_9allocatorIS3_EEE12__move_rangeEPS3_S7_S7_,0x1d4
0xa37f94,_ZN8Databind4Util13ArrayAccessorI7Vector3IfENSt6__ndk16vectorIS3_NS4_9allocatorIS3_EEEEE8setArrayEPv,0x8
0xa37f9c,_ZN8nlohmann6detail28json_sax_dom_callback_parserINS_10basic_jsonINSt6__ndk13mapENS3_6vectorENS3_12basic_stringIcNS3_11char_traitsIcEENS3_9allocatorIcEEEEblmdS9_NS_14adl_serializerEEEE12handle_valueIRSB_EENS3_4pairIbPSD_EEOT_b,0x20c
0xa381a8,_ZNK13EnterAgePopup16isFadeOutEnabledEv,0x8
0xa381b0,_ZN8nlohmann6detail5lexerINS_10basic_jsonINSt6__ndk13mapENS3_6vectorENS3_12basic_stringIcNS3_11char_traitsIcEENS3_9allocatorIcEEEEblmdS9_NS_14adl_serializerEEEE3getEv,0x13c
0xa382ec,_ZNK9GameState15getLoadingTitleEv,0x10
0xa382fc,_ZN8safe_jni8functionIN5titan3com9supercell5titan7GameAppEbEclIJEEEbP8_jobjectDpT_,0x11c
0xa38418,_ZN11wendelstein18CurlNoiseComponentD0Ev,0x4
0xa3841c,_ZN38BrawlPassAutoCollectSeasonNotificationD0Ev,0x4
0xa38420,_ZN8safe_jni8functionIN5titan7android7content6IntentES4_EclIJ6StringEEES4_P8_jobjectDpT_,0x194
0xa385b4,_ZN23LogicHomeChangeListener18brawlPassPurchasedEi,0x4
0xa385b8,_ZN26hb_get_subtables_context_t8apply_toIN2OT18SingleSubstFormat2EEEbPKvPNS1_18hb_apply_context_tE,0x4
0xa385bc,_ZNK14EnterNamePopup17showOnlinePlayersEv,0x8
0xa385c4,_ZN8safe_jni15static_functionIN5titan3com9supercell5titan19NativeDialogManagerEiEclIJ6StringS8_S8_S8_S8_EEEiDpT_,0x2b8
0xa3887c,_ZNK13EnterAgePopup17showOnlinePlayersEv,0x8
0xa38884,_ZN8Databind4Util13ArrayAccessorIiNSt6__ndk16vectorIiNS2_9allocatorIiEEEEE3getEm,0x10
0xa38894,_ZN8safe_jni7ConvertIvvE18CallStaticFunctionEP10_jmethodIDP7_jclassz,0xa0
0xa38934,_ZN23LogicReflectableFactoryD0Ev,0x38
0xa3896c,_ZN17LogicGameListener20heroStarPowerChangedEPK18LogicCharacterDataPK13LogicCardData,0x4
0xa38970,_ZN14IHeroListOwner17hasCustomItemListEv,0x8
0xa38978,_ZN11wendelstein27IWendelsteinParticleEmitterD0Ev,0x4
0xa3897c,_ZN5titan3com9supercell2id14IdPendingLoginD0Ev,0x38
0xa389b4,_ZNSt6__ndk113unordered_mapINS_11__thread_idEiNS_4hashIS1_EENS_8equal_toIS1_EENS_9allocatorINS_4pairIKS1_iEEEEED2Ev,0x4c
0xa38a00,_ZNSt6__ndk16vectorIN8nlohmann10basic_jsonINS_3mapES0_NS_12basic_stringIcNS_11char_traitsIcEENS_9allocatorIcEEEEblmdS7_NS1_14adl_serializerEEENS7_ISB_EEE24__emplace_back_slow_pathIJRlEEEvDpOT_,0x138
0xa38b38,_ZNK12scFileFilter4tellEv,0x10
0xa38b48,_ZNSt6__ndk16vectorINS_12basic_stringIcNS_11char_traitsIcEENS_9allocatorIcEEEENS4_IS6_EEE7reserveEm,0x110
0xa38c58,_ZN8nlohmann6detail6parserINS_10basic_jsonINSt6__ndk13mapENS3_6vectorENS3_12basic_stringIcNS3_11char_traitsIcEENS3_9allocatorIcEEEEblmdS9_NS_14adl_serializerEEEE5parseEbRSD_,0x4b0
0xa39108,_ZNSt6__ndk120__shared_ptr_emplaceIN4asio2ip14basic_resolverINS2_3tcpENS1_15any_io_executorEEENS_9allocatorIS6_EEED0Ev,0xb8
0xa391c0,_ZN8Databind4Util17ArrayAccessorBaseIiNSt6__ndk16vectorIiNS2_9allocatorIiEEEEE10cloneArrayEv,0x6c
0xa3922c,_ZN5titan3com9supercell5titan16TitanInstantAppsD0Ev,0x38
0xa39264,_ZN16TeamLeaveMessageD0Ev,0xc0
0xa39324,_ZNSt6__ndk16vectorI12LogicVector3NS_9allocatorIS1_EEE8__appendEm,0x168
0xa3948c,_ZN5titan3com6google7android4play4core6review13ReviewManagerD0Ev,0x38
0xa394c4,_ZNKSt6__ndk120__shared_ptr_pointerIPNS_6vectorIiNS_9allocatorIiEEEENS_14default_deleteIS4_EENS2_IS4_EEE13__get_deleterERKSt9type_info,0x1c
0xa394e0,_ZN38LogicAccountTransferCodeRequestMessageD0Ev,0xc0
0xa395a0,_ZN22ResourceDataLoaderImplI16ResourceDataSC3DE12loadFinishedENSt6__ndk110unique_ptrIS0_NS2_14default_deleteIS0_EEEE,0x90
0xa39630,_ZN8safe_jni7ConvertIN5titan3com6google7android4play4core6review13ReviewManagerEvE3SigEv,0xd8
0xa39708,_ZN16SetRegionMessageD0Ev,0xc0
0xa397c8,_ZN10BadgePopup24canDisplayTeamInvitationEv,0x8
0xa397d0,_ZN25LogicAvatarChangeListener12heroSelectedEPK18LogicCharacterData,0x4
0xa397d4,_ZNSt6__ndk110__function6__funcIZN11wendelstein16ComponentFactory14addConstructorINS2_20SpawnPlanarComponentEEEvvEUlvE_NS_9allocatorIS6_EEFNS_10shared_ptrINS2_17IEmitterComponentEEEvEE18destroy_deallocateEv,0x4
0xa397d8,_ZNSt6__ndk120__shared_ptr_pointerIPNS_6vectorIbNS_9allocatorIbEEEENS_14default_deleteIS4_EENS2_IS4_EEED0Ev,0x24
0xa397fc,_ZNKSt6__ndk110__function6__funcIZN11wendelstein16ComponentFactory14addConstructorINS2_21DecelerationComponentEEEvvEUlvE_NS_9allocatorIS6_EEFNS_10shared_ptrINS2_17IEmitterComponentEEEvEE11target_typeEv,0xc
0xa39808,_ZNK12scFileFilter6isOpenEv,0x10
0xa39818,_ZN11wendelstein22SpawnLocationComponent20getDatabindObjectDefEv,0x310
0xa39b28,_ZNKSt6__ndk110__function6__funcIZN11wendelstein16ComponentFactory14addConstructorINS2_15GroundComponentEEEvvEUlvE_NS_9allocatorIS6_EEFNS_10shared_ptrINS2_17IEmitterComponentEEEvEE7__cloneEPNS0_6__baseISC_EE,0x10
0xa39b38,_ZNSt6__ndk111basic_regexIcNS_12regex_traitsIcEEE20__parse_class_escapeIPKcEET_S7_S7_RNS_12basic_stringIcNS_11char_traitsIcEENS_9allocatorIcEEEEPNS_20__bracket_expressionIcS2_EE,0x2c0
0xa39df8,_ZNSt6__ndk16vectorIP5StageNS_9allocatorIS2_EEED2Ev,0x18
0xa39e10,_ZN27ViewReplayByStringIdMessageD2Ev,0xd0
0xa39ee0,_ZNK11CubicBezierIfE10solveValueEffff,0x274
0xa3a154,_ZNSt6__ndk16vectorINS_12basic_stringIcNS_11char_traitsIcEENS_9allocatorIcEEEENS4_IS6_EEE21__push_back_slow_pathIRKS6_EEvOT_,0x1f0
0xa3a344,_ZNSt6__ndk110__function6__baseIFbvEED2Ev,0x4
0xa3a348,_ZN18BezierInterpolatorIfE20getDatabindObjectDefEv,0x2f0
0xa3a638,_ZN12ReachabilityD0Ev,0x4
0xa3a63c,_ZNK11wendelstein15VortexComponent11getCategoryEv,0x8
0xa3a644,_ZN4asio6detail13epoll_reactorD2Ev,0xd4
0xa3a718,_ZN4asio9execution6detail17any_executor_base12destroy_voidERS2_,0x4
0xa3a71c,_ZN8Databind23DefaultObjectTypeTraitsIN11wendelstein15VortexComponentEE7destroyEPv,0x18
0xa3a734,_ZNK20TeamJoinRequestPopup28allowClosingFromModalTappingEv,0x8
0xa3a73c,_ZNK14AllianceScreen11isScrollingEv,0x8
0xa3a744,_ZN33RankedMatchBanHeroResponseMessageD0Ev,0xc0
0xa3a804,_ZN14HelpshiftTitan23HelpshiftConnectionImplD0Ev,0x24
0xa3a828,_ZNSt6__ndk120__shared_ptr_pointerIPN8Databind6detail23DatabindAccessorWrapperI7Vector3IfEEENS_14default_deleteIS6_EENS_9allocatorIS6_EEE16__on_zero_sharedEv,0x18
0xa3a840,_ZN23DeviceLinkedStreamEntryD0Ev,0x4
0xa3a844,_ZNKSt6__ndk110__function6__funcIZN11scTaskQueue3runIZN10SWFTexture21loadDownscaledTextureIhEEvP12SupercellSWFiiiibbEUlvE_EENS_13invoke_resultIT_JEE4typeESA_EUlvE_NS_9allocatorISD_EEFvvEE7__cloneEPNS0_6__baseISG_EE,0x18
0xa3a85c,_ZN8safe_jni15static_functionIN5titan3com9supercell5titan15UnbotifyManagerEvEclIJ6StringS8_EEEvDpT_,0x20c
0xa3aa68,_ZN17LogicGameListener13chestsChangedEv,0x4
0xa3aa6c,_ZN18LogicChallengeDataD2Ev,0x104
0xa3ab70,_ZNK10ScoresPage18getTargetMovieClipEv,0x4
0xa3ab74,_ZN15DownloadManager8ManifestC2EPK15LogicJSONObjectRKNSt6__ndk16vectorI6StringNS4_9allocatorIS6_EEEE,0x464
0xa3afd8,_ZThn192_NK24RankedLeaderboardsScreen15getGlobalScrollEv,0x8
0xa3afe0,_ZN6icu_5815MaybeStackArrayIcLi40EE13orphanOrCloneEiRi,0xa0
0xa3b080,_ZNK10EmotePanel16getAnalyticsNameEv,0x8
0xa3b088,_ZN21scMainThreadTaskQueue15createRunThreadEPKc,0x8
0xa3b090,_ZN23BattleReportStreamEntryD0Ev,0x4
0xa3b094,_ZN8Databind4Util13ArrayAccessorI7Vector2IfE14LogicArrayListIS3_EE3addEPKS3_,0x140
0xa3b1d4,_ZNSt6__ndk16__treeINS_4pairI6StringS2_EENS_4lessIS3_EENS_9allocatorIS3_EEE12__find_equalIS3_EERPNS_16__tree_node_baseIPvEERPNS_15__tree_end_nodeISD_EERKT_,0xe8
0xa3b2bc,_ZNKSt6__ndk112__hash_tableINS_17__hash_value_typeINS_11__thread_idEiEENS_22__unordered_map_hasherIS2_S3_NS_4hashIS2_EELb1EEENS_21__unordered_map_equalIS2_S3_NS_8equal_toIS2_EELb1EEENS_9allocatorIS3_EEE4findIS2_EENS_21__hash_const_iteratorIPNS_11__hash_nodeIS3_PvEEEERKT_,0x13c
0xa3b3f8,_ZNSt6__ndk111basic_regexIcNS_12regex_traitsIcEEE12__parse_grepIPKcEET_S7_S7_,0x1a4
0xa3b59c,_ZN46TencentAntiAddictionInstructionExecutedMessageD2Ev,0xd0
0xa3b66c,_ZN23TeamInviteStatusMessageD0Ev,0xc0
0xa3b72c,_ZZN8Databind8Migrator16addMigrationStepIN11wendelstein12old_versions15EmitterParamsV0ENS2_7Emitter13EmitterParamsEEEviNSt6__ndk18functionIFvRT_RT0_EEEENKUlPvSF_E_clESF_SF_,0x198
0xa3b8c4,_ZN26KakaoAccountUnboundMessageD0Ev,0xc0
0xa3b984,_ZN8safe_jni7ConvertIN5titan7android4view7SurfaceEvE12CallFunctionEP10_jmethodIDP8_jobjectz,0xb4
0xa3ba38,_ZN8safe_jni8functionIN5titan4java2io4FileEbEclIJEEEbP8_jobjectDpT_,0x11c
0xa3bb54,_ZN2fx4gltf6detail17ReadOptionalFieldINSt6__ndk16vectorINS0_9AnimationENS3_9allocatorIS5_EEEEEEvNS3_17basic_string_viewIcNS3_11char_traitsIcEEEERKN8nlohmann10basic_jsonINS3_3mapES4_NS3_12basic_stringIcSB_NS6_IcEEEEblmdS6_NSD_14adl_serializerEEERT_,0x138
0xa3bc8c,_ZNKSt6__ndk120__shared_ptr_pointerIP14scPackagedTaskINS_4pairIb6StringEEENS_14default_deleteIS5_EENS_9allocatorIS5_EEE13__get_deleterERKSt9type_info,0x1c
0xa3bca8,_ZNSt6__ndk16__sortIRPFbPK13LogicSkinDataS3_EPS3_EEvT0_S8_T_,0x624
0xa3c2cc,_ZNSt6__ndk114__split_bufferIN2fx4gltf4MeshERNS_9allocatorIS3_EEE17__destruct_at_endEPS3_,0xc0
0xa3c38c,_ZThn8_N10GameObjectD0Ev,0x48
0xa3c3d4,_ZNSt6__ndk18distanceIN4asio2ip23basic_resolver_iteratorINS2_3tcpEEEEENS_15iterator_traitsIT_E15difference_typeES7_S7_,0x214
0xa3c5e8,_ZNSt6__ndk110__function6__funcIZN11scTaskQueue3runIZN10SWFTexture21loadDownscaledTextureIhEEvP12SupercellSWFiiiibbEUlvE_EENS_13invoke_resultIT_JEE4typeESA_EUlvE_NS_9allocatorISD_EEFvvEE18destroy_deallocateEv,0x4
0xa3c5ec,_ZN18scAbstractTreeNode5clearEv,0xf0
0xa3c6dc,_ZN4asio9execution6detail17any_executor_base10require_fnINS0_12any_executorIJNS0_12context_as_tIRNS_17execution_contextEEENS1_8blocking7never_tILi0EEENS0_11prefer_onlyINS9_10possibly_tILi0EEEEENSC_INS1_16outstanding_work9tracked_tILi0EEEEENSC_INSG_11untracked_tILi0EEEEENSC_INS1_12relationship6fork_tILi0EEEEENSC_INSN_14continuation_tILi0EEEEEEEEvSB_EET_PKvSX_,0x50
0xa3c72c,_ZNKSt6__ndk113__empty_stateIcE6__execERNS_7__stateIcEE,0x14
0xa3c740,_ZNK12scFileFilter11getFilenameEv,0x10
0xa3c750,_ZNSt6__ndk16vectorIN2fx4gltf7SamplerENS_9allocatorIS3_EEE7reserveEm,0x164
0xa3c8b4,_ZNK2OT7Context8dispatchINS_24hb_would_apply_context_tEEENT_8return_tEPS3_,0x1f0
0xa3caa4,_ZNKSt6__ndk112__hash_tableINS_17__hash_value_typeIPvPKcEENS_22__unordered_map_hasherIS2_S5_NS_4hashIS2_EELb1EEENS_21__unordered_map_equalIS2_S5_NS_8equal_toIS2_EELb1EEENS_9allocatorIS5_EEE4findIS2_EENS_21__hash_const_iteratorIPNS_11__hash_nodeIS5_S2_EEEERKT_,0x114
0xa3cbb8,_ZNSt6__ndk16vectorIN11wendelstein21MovieClipRendererData11BucketRangeENS_9allocatorIS3_EEE24__emplace_back_slow_pathIJRliiEEEvDpOT_,0x10c
0xa3ccc4,_ZN12BattleScreen17initializeMembersEv,0x2d4
0xa3cf98,_ZN30ProLeagueSeasonEndNotificationD0Ev,0x4
0xa3cf9c,_ZNSt6__ndk110__function6__baseIFvRN8safe_jni5ProxyEN5titan7android5media11MediaPlayerEEED2Ev,0x4
0xa3cfa0,_ZNSt6__ndk120__shared_ptr_pointerIPNS_6vectorI7Vector3IfENS_9allocatorIS3_EEEENS_14default_deleteIS6_EENS4_IS6_EEED0Ev,0x24
0xa3cfc4,_ZNK9ClanPopup12getPopupTypeEv,0x8
0xa3cfcc,_ZNKSt6__ndk110__function6__funcIZN10SWFTexture11loadTextureIhEEvP12SupercellSWFiiiibbEUlvE_NS_9allocatorIS6_EEFvvEE6targetERKSt9type_info,0x1c
0xa3cfe8,_ZN8nlohmann6detail20from_json_array_implINS_10basic_jsonINSt6__ndk13mapENS3_6vectorENS3_12basic_stringIcNS3_11char_traitsIcEENS3_9allocatorIcEEEEblmdS9_NS_14adl_serializerEEENS5_IiNS9_IiEEEEEEDTcmcmcldtfp0_7reserveclsr3stdE7declvalINT0_9size_typeEEEEcldtfp_3getINSG_10value_typeEEEcvv_EERKT_RSG_NS0_12priority_tagILj1EEE,0x17c
0xa3d164,_ZN9GameState14touchCancelledEi,0x4
0xa3d168,_ZNK23scFileImpl_MemoryHandle4readEPvm,0x6c
0xa3d1d4,_ZNSt6__ndk114__split_bufferIN2fx4gltf5ImageERNS_9allocatorIS3_EEE9push_backEOS3_,0x260
0xa3d434,_ZN26LogicRankedMatchRoundStateD0Ev,0x4
0xa3d438,_ZNK31BillingCancelledByClientMessage14getMessageTypeEv,0x8
0xa3d440,_ZNSt6__ndk113__assoc_stateI19InstallReferrerDataE4copyEv,0x90
0xa3d4d0,_ZNSt6__ndk111basic_regexIcNS_12regex_traitsIcEEE11__push_charEc,0xf4
0xa3d5c4,_ZN28RankedMatchTerminatedMessageD0Ev,0xe0
0xa3d6a4,_ZNK14BattleLogPopup12getPopupTypeEv,0x8
0xa3d6ac,_ZN11BasePageGUI6onPeekEiff,0x4
0xa3d6b0,_ZN25SendGlobalChatLineMessageD0Ev,0xc0
0xa3d770,_ZN24LogicLaserMessageFactoryD0Ev,0x4
0xa3d774,_ZNK21TypedResourceDataBaseILi11EE7getTypeEv,0x8
0xa3d77c,_ZN14HelpshiftTitan23HelpshiftConnectionImpl5startERK6StringS3_S3_,0x10
0xa3d78c,_ZN4asio6detail9schedulerD2Ev,0x190
0xa3d91c,_ZNSt6__ndk112__hash_tableINS_12basic_stringIcNS_11char_traitsIcEENS_9allocatorIcEEEENS_4hashIS6_EENS_8equal_toIS6_EENS4_IS6_EEE6rehashEm,0xe4
0xa3da00,_ZN4asio9execution6detail17any_executor_base9prefer_fnINS0_12any_executorIJNS0_12context_as_tIRNS_17execution_contextEEENS1_8blocking7never_tILi0EEENS0_11prefer_onlyINS9_10possibly_tILi0EEEEENSC_INS1_16outstanding_work9tracked_tILi0EEEEENSC_INSG_11untracked_tILi0EEEEENSC_INS1_12relationship6fork_tILi0EEEEENSC_INSN_14continuation_tILi0EEEEEEEENS_10io_context19basic_executor_typeINSt6__ndk19allocatorIvEELj4EEESB_EET_PKvS13_,0xa4
0xa3daa4,_ZN6SCTune10addBooleanEPK6CSVRowiRK6StringPbPKcP20SCTuneChangeListenerib,0x34
0xa3dad8,_ZN4asio2ip22basic_resolver_resultsINS0_3tcpEE6createEP8addrinfoRKNSt6__ndk112basic_stringIcNS6_11char_traitsIcEENS6_9allocatorIcEEEESE_,0x2e4
0xa3ddbc,_ZNSt6__ndk120__shared_ptr_pointerIPN8Databind23DefaultObjectTypeTraitsIN11wendelstein18SpawnRateComponentEEENS_14default_deleteIS5_EENS_9allocatorIS5_EEED0Ev,0x24
0xa3dde0,_ZN34SetSupportedCreatorResponseMessageD0Ev,0xd0
0xa3deb0,_ZN11TencentUserD2Ev,0x30
0xa3dee0,_ZN12DCT_Upsample3R_SILi5ELi6EE4calcERNS_8Matrix44ES3_PKs,0x290
0xa3e170,_ZNK11DragHandler13getTotalWidthEv,0x8
0xa3e178,_ZNSt6__ndk113__assoc_stateIN4miit6ScMiit3IdsEE4copyEv,0x90
0xa3e208,_ZNK17OnlineFriendsList7getSideEv,0x10
0xa3e218,_ZTv0_n24_NSt6__ndk113basic_istreamIcNS_11char_traitsIcEEED1Ev,0x14
0xa3e22c,_ZNSt6__ndk19transformIN8nlohmann6detail9iter_implIKNS1_10basic_jsonINS_3mapENS_6vectorENS_12basic_stringIcNS_11char_traitsIcEENS_9allocatorIcEEEEblmdSA_NS1_14adl_serializerEEEEENS_15insert_iteratorINS6_IN2fx4gltf4MeshENSA_ISK_EEEEEEZNS2_20from_json_array_implISE_SM_EEDTcmcmcldtfp0_7reserveclsr3stdE7declvalINT0_9size_typeEEEEcldtfp_3getINSP_10value_typeEEEcvv_EERKT_RSP_NS2_12priority_tagILj1EEEEUlRSF_E_EESP_ST_ST_SP_T1_,0x1e8
0xa3e414,_ZNSt6__ndk112__hash_tableINS_17__hash_value_typeIPvS2_EENS_22__unordered_map_hasherIS2_S3_NS_4hashIS2_EELb1EEENS_21__unordered_map_equalIS2_S3_NS_8equal_toIS2_EELb1EEENS_9allocatorIS3_EEE8__rehashEm,0x1f0
0xa3e604,_ZNK15scFileImpl_Mmap4tellEv,0x8
0xa3e60c,_ZNK13QuestionPopUp12getPopupTypeEv,0x8
0xa3e614,_ZN20EndClientTurnMessageD0Ev,0xc0
0xa3e6d4,_ZNSt6__ndk120__shared_ptr_emplaceIN4asio19basic_stream_socketINS1_2ip3tcpENS1_15any_io_executorEEENS_9allocatorIS6_EEED2Ev,0x4c
0xa3e720,_ZN18ILocationItemOwner20isInMapEditorContextEv,0x8
0xa3e728,_ZNSt6__ndk16__treeINS_12__value_typeIPKcN7Profile12ScopedTiming4InfoEEENS_19__map_value_compareIS3_S7_NS_4lessIS3_EELb1EEENS_9allocatorIS7_EEE7destroyEPNS_11__tree_nodeIS7_PvEE,0x5c
0xa3e784,_ZNSt6__ndk16__treeINS_12__value_typeIN11TestDefines10DefineKeysENS2_10DefinitionEEENS_19__map_value_compareIS3_S5_NS_4lessIS3_EELb1EEENS_9allocatorIS5_EEE7destroyEPNS_11__tree_nodeIS5_PvEE,0x40
0xa3e7c4,_ZN29RankedMatchPickStartedMessageD0Ev,0xc4
0xa3e888,_ZN18ILocationItemOwner17supportsTallItemsEv,0x8
0xa3e890,_ZNSt6__ndk120__shared_ptr_pointerIPN8Databind23DefaultObjectTypeTraitsI24LaserParticleEmitterDataEENS_14default_deleteIS4_EENS_9allocatorIS4_EEED0Ev,0x24
0xa3e8b4,_ZNK23TicketCompensationPopup28allowClosingFromModalTappingEv,0x8
0xa3e8bc,_ZNKSt6__ndk110__function6__funcIZN10SWFTexture11loadTextureIiEEvP12SupercellSWFiiiibbEUlvE_NS_9allocatorIS6_EEFvvEE7__cloneEPNS0_6__baseIS9_EE,0x30
0xa3e8ec,_ZN8Databind6detail17AccessorNonRefSetIf18BezierInterpolatorI7Vector3IfEEE3setEPvRKf,0x1c
0xa3e908,_ZN23LogicHomeChangeListener18notificationViewedEP16BaseNotification,0x4
0xa3e90c,_ZN23RankedRewardsTrackPopup17backButtonPressedEv,0xc
0xa3e918,_ZN14LogicEmoteDataD0Ev,0x40
0xa3e958,_ZNSt6__ndk16__treeINS_12__value_typeINS_4pairIiiEEiEENS_19__map_value_compareIS3_S4_NS_4lessIS3_EELb1EEENS_9allocatorIS4_EEE14__erase_uniqueIS3_EEmRKT_,0x124
0xa3ea7c,_ZN19LogicMessageFactoryD0Ev,0x4
0xa3ea80,_ZN12LogicGlobalsD2Ev,0x60
0xa3eae0,_ZNSt6__ndk112basic_stringIwNS_11char_traitsIwEENS_9allocatorIwEEE21__grow_by_and_replaceEmmmmmmPKw,0x144
0xa3ec24,_ZNK9PopupBase28shouldKeepTopHUDInBackgroundEv,0x8
0xa3ec2c,_ZN26AllianceTeamRemovedMessageD0Ev,0xc0
0xa3ecec,_ZN8Databind23DefaultObjectTypeTraitsIN11wendelstein15VortexComponentEED0Ev,0x4
0xa3ecf0,_ZNSt6__ndk16vectorIN2fx4gltf4NodeENS_9allocatorIS3_EEE26__swap_out_circular_bufferERNS_14__split_bufferIS3_RS5_EEPS3_,0x200
0xa3eef0,_ZNK6icu_5818ComposeNormalizer210quickCheckERKNS_13UnicodeStringER10UErrorCode,0xbc
0xa3efac,_ZN8Databind4Util17ArrayAccessorBaseI12LogicVector314LogicArrayListIS2_EE6setPtrEmPKv,0xc
0xa3efb8,_ZNSt6__ndk113basic_filebufIcNS_11char_traitsIcEEED0Ev,0x24
0xa3efdc,_ZNK6icu_5819Normalizer2WithImpl24normalizeSecondAndAppendERNS_13UnicodeStringERKS1_aR10UErrorCode,0x1cc
0xa3f1a8,_ZNSt6__ndk120__shared_ptr_emplaceIN11wendelstein15VortexComponentENS_9allocatorIS2_EEE16__on_zero_sharedEv,0xc
0xa3f1b4,_ZNK10SkinsPopup12getPopupTypeEv,0x8
0xa3f1bc,_ZNSt6__ndk120__shared_ptr_emplaceIN11wendelstein18CurlNoiseComponentENS_9allocatorIS2_EEED2Ev,0x4
0xa3f1c0,_ZN35AllianceInvitationAvatarStreamEntryD0Ev,0x4
0xa3f1c4,_ZN33LogicViewInboxNotificationCommandD0Ev,0x4
0xa3f1c8,_ZNSt6__ndk111basic_regexIcNS_12regex_traitsIcEEE23__parse_QUOTED_CHAR_EREIPKcEET_S7_S7_,0x94
0xa3f25c,_ZN4asio6detail10socket_ops22background_getaddrinfoERKNSt6__ndk18weak_ptrIvEEPKcS8_RK8addrinfoPPS9_RNS2_10error_codeE,0x108
0xa3f364,_ZN8Databind4Util17ArrayAccessorBaseI12LogicVector314LogicArrayListIS2_EE10cloneArrayEv,0x68
0xa3f3cc,_ZNSt6__ndk16vectorIN2fx4gltf9Animation7SamplerENS_9allocatorIS4_EEE7reserveEm,0x108
0xa3f4d4,_ZN5titan7android5media11MediaPlayer18OnPreparedListenerD0Ev,0x38
0xa3f50c,_ZN29HomeBattleReplayViewedMessageD0Ev,0xc0
0xa3f5cc,_ZN13LogicSkinDataD2Ev,0x6c
0xa3f638,_ZNKSt6__ndk16__treeINS_12__value_typeINS_12basic_stringIcNS_11char_traitsIcEENS_9allocatorIcEEEENS_10shared_ptrI17scAbstractFSLayerEEEENS_19__map_value_compareIS7_SB_NS_4lessIS7_EELb1EEENS5_ISB_EEE4findIS7_EENS_21__tree_const_iteratorISB_PNS_11__tree_nodeISB_PvEElEERKT_,0x114
0xa3f74c,_ZNK21TypedResourceDataBaseILi8EE7getTypeEv,0x8
0xa3f754,_ZN8Databind4Util17ArrayAccessorBaseI7Vector3IfE14LogicArrayListIS3_EE6setPtrEmPKv,0xc
0xa3f760,_ZN2fx4gltf9AnimationD2Ev,0xf4
0xa3f854,_ZN8Databind12DatabindEnumD2Ev,0xa4
0xa3f8f8,_ZN27LogicDeviceLinkErrorMessageD0Ev,0xc0
0xa3f9b8,_ZNK15GameSCIDManager10useCAPTCHAEv,0x8
0xa3f9c0,_ZN9PopupBase26removeGameObjectReferencesEP10GameObject,0x4
0xa3f9c4,_ZN18LogicClientGlobalsD2Ev,0x240
0xa3fc04,_ZN11wendelstein21SimpleGroundComponent20getDatabindObjectDefEv,0x310
0xa3ff14,_ZNK6icu_5815NoopNormalizer26appendERNS_13UnicodeStringERKS1_R10UErrorCode,0x68
0xa3ff7c,_ZN14HelpshiftTitan27HelpshiftConnectionFallback15setMetadataTagsEPK6Stringi,0x4
0xa3ff80,_ZNK17TencentTermsPopup12getPopupTypeEv,0x8
0xa3ff88,_ZN8nlohmann6detail19json_sax_dom_parserINS_10basic_jsonINSt6__ndk13mapENS3_6vectorENS3_12basic_stringIcNS3_11char_traitsIcEENS3_9allocatorIcEEEEblmdS9_NS_14adl_serializerEEEE12handle_valueIRmEEPSD_OT_,0x110
0xa40098,_ZN10SCTuneImpl9isEnabledEv,0x8
0xa400a0,_ZN5titan7android7content2pm11SigningInfoD0Ev,0x38
0xa400d8,_ZN14CameraInstanceD0Ev,0x30
0xa40108,_ZNSt6__ndk113basic_filebufIcNS_11char_traitsIcEEE9pbackfailEi,0x60
0xa40168,_ZNK17scFileImpl_AAsset4sizeEv,0x8
0xa40170,_ZN11wendelstein13DragComponentD0Ev,0x4
0xa40174,_ZN8Databind4Util13ArrayAccessorI7Vector3IfE14LogicArrayListIS3_EE8capacityEm,0xd4
0xa40248,_ZN8Databind14IDatabindTable15unregisterTableEv,0x14
0xa4025c,_ZNK10GameConfig15isMSAASupportedEv,0x8
0xa40264,_ZN20OnlineChatController6updateEf,0x4
0xa40268,_ZN8Databind4Util13ArrayAccessorI12LogicVector214LogicArrayListIS2_EE4swapEmm,0x24
0xa4028c,_ZN22LogicColorGradientDataD0Ev,0x40
0xa402cc,_ZN11wendelstein18SpawnConeComponent23setDatabindObjectFieldsEP14DatabindObjectm,0x38c
0xa40658,_ZNK22TeamCreatedStreamEntry18getStreamEntryTypeEv,0x8
0xa40660,_ZNK2OT14AlternateSubst8dispatchINS_24hb_would_apply_context_tEEENT_8return_tEPS3_,0x198
0xa407f8,_ZN27TeamJoinOrCreateRoomMessageD2Ev,0xd0
0xa408c8,_ZN17LogicGameListener24teamChatMuteStateChangedEv,0x4
0xa408cc,_ZN11SCIDManager11loadAccountERK6StringS2_b,0x4
0xa408d0,_ZN8TestCaseD2Ev,0x44
0xa40914,_ZN2fx4gltf6detail17ReadOptionalFieldINSt6__ndk16vectorINS0_6BufferENS3_9allocatorIS5_EEEEEEvNS3_17basic_string_viewIcNS3_11char_traitsIcEEEERKN8nlohmann10basic_jsonINS3_3mapES4_NS3_12basic_stringIcSB_NS6_IcEEEEblmdS6_NSD_14adl_serializerEEERT_,0x190
0xa40aa4,_ZNK18BezierInterpolatorI7Vector3IfEE5getX2Ev,0x8
0xa40aac,_ZN17scFSLayerPackfileD0Ev,0x8c
0xa40b38,_ZN28AllianceMemberRemovedMessageD0Ev,0xc0
0xa40bf8,_ZN8Databind4Util13ArrayAccessorIiNSt6__ndk16vectorIiNS2_9allocatorIiEEEEE5eraseEm,0x4c
0xa40c44,_ZNSt6__ndk120__shared_ptr_pointerIPN8Databind23DefaultObjectTypeTraitsIN11wendelstein18SpawnConeComponentEEENS_14default_deleteIS5_EENS_9allocatorIS5_EEED0Ev,0x24
0xa40c68,_ZNSt6__ndk16vectorIbNS_9allocatorIbEEE6resizeEmb,0x144
0xa40dac,_ZN32GoogleServiceAccountBoundMessageD0Ev,0xc0
0xa40e6c,_ZNSt6__ndk120__shared_ptr_emplaceIN11wendelstein15SpringComponentENS_9allocatorIS2_EEED0Ev,0x24
0xa40e90,_ZNSt6__ndk16vectorINS_10shared_ptrIN11wendelstein17IEmitterComponentEEENS_9allocatorIS4_EEE24__emplace_back_slow_pathIJS4_EEEvDpOT_,0x138
0xa40fc8,_ZNSt6__ndk120__shared_ptr_pointerIP14scPackagedTaskINS_8functionIFvvEEEENS_14default_deleteIS5_EENS_9allocatorIS5_EEE21__on_zero_shared_weakEv,0x4
0xa40fcc,_ZN21scMainThreadTaskQueueD2Ev,0xd8
0xa410a4,_ZN36GamecenterAccountAlreadyBoundMessageD0Ev,0xc0
0xa41164,_ZN6SCTune9isEnabledEv,0x8
0xa4116c,_ZN11wendelstein15GroundComponent23setDatabindObjectFieldsEP14DatabindObjectm,0x2b0
0xa4141c,_ZN14LogicDailyDataD2Ev,0xec
0xa41508,_ZN8Databind4Util13ArrayAccessorI12LogicVector314LogicArrayListIS2_EE8capacityEm,0xd0
0xa415d8,_ZN27SCIDLogoutAllDevicesMessageD0Ev,0xc0
0xa41698,_ZNK2OT9MarkArray8sanitizeEPNS_21hb_sanitize_context_tE,0x150
0xa417e8,_ZN8Databind4Util17ArrayAccessorBaseIbNSt6__ndk16vectorIbNS2_9allocatorIbEEEEE6setPtrEmPKv,0xc
0xa417f4,_ZN8Databind4Util13ArrayAccessorIbNSt6__ndk16vectorIbNS2_9allocatorIbEEEEE5eraseEm,0xe4
0xa418d8,_ZN8Databind18DatabindObjectNodeD0Ev,0xac
0xa41984,_ZN17UILogicDataObjectD2Ev,0x10
0xa41994,_ZN8Databind4Util17ArrayAccessorBaseIbNSt6__ndk16vectorIbNS2_9allocatorIbEEEEE10cloneArrayEv,0x6c
0xa41a00,_ZN8Databind4Util13ArrayAccessorINSt6__ndk112basic_stringIcNS2_11char_traitsIcEENS2_9allocatorIcEEEENS2_6vectorIS8_NS6_IS8_EEEEE3setEmPKS8_,0x44
0xa41a44,_ZN8Databind17DatabindTableBaseIN11wendelstein19AbstractEmitterDataEE14createInstanceEPKc,0x50
0xa41a94,_ZThn368_N20EventSuggestionPopup17canSwitchAltModesEv,0x8
0xa41a9c,_ZN8Databind4Util13ArrayAccessorI7Vector2IfE14LogicArrayListIS3_EE4sizeEv,0xc
0xa41aa8,_ZNK2OT17PosLookupSubTable8dispatchINS_25hb_add_coverage_context_tI24hb_set_digest_combiner_tI27hb_set_digest_lowest_bits_tImLj4EES3_IS4_ImLj0EES4_ImLj9EEEEEEEENT_8return_tEPSB_j,0x184
0xa41c2c,_ZN8Databind23DefaultObjectTypeTraitsIN11wendelstein13DragComponentEE6assignEPvPKv,0x2c
0xa41c58,_ZNSt6__ndk120__shared_ptr_emplaceIN11wendelstein19SpawnBurstComponentENS_9allocatorIS2_EEE21__on_zero_shared_weakEv,0x4
0xa41c5c,_ZN8nlohmann6detail20from_json_array_implINS_10basic_jsonINSt6__ndk13mapENS3_6vectorENS3_12basic_stringIcNS3_11char_traitsIcEENS3_9allocatorIcEEEEblmdS9_NS_14adl_serializerEEEfLm4EEEDTcmcldtfp_3getIT0_EEcvv_EERKT_RNS3_5arrayISE_XT1_EEENS0_12priority_tagILj2EEE,0x1fc
0xa41e58,_ZNK14AllianceScreen12isScrollableEv,0x8
0xa41e60,_ZNK9GameState18getLoadingProgressEv,0x8
0xa41e68,_ZN8Databind4Util13ArrayAccessorIfNSt6__ndk16vectorIfNS2_9allocatorIfEEEEE4sizeEv,0x14
0xa41e7c,_ZN19TouchableScrollAreaD0Ev,0x34
0xa41eb0,_ZNSt6__ndk110__function6__baseIFvvEED2Ev,0x4
0xa41eb4,_ZN4asio9execution6detail17any_executor_base14destroy_objectINS_10io_context19basic_executor_typeINSt6__ndk19allocatorIvEELj4EEEEEvRS2_,0x4
0xa41eb8,_ZN27GoogleBillingRequestMessageD2Ev,0xf8
0xa41fb0,_ZNSt6__ndk16vectorIN2fx4gltf9Animation7ChannelENS_9allocatorIS4_EEE12__move_rangeEPS4_S8_S8_,0x1e0
0xa42190,_ZN8nlohmann10basic_jsonINSt6__ndk13mapENS1_6vectorENS1_12basic_stringIcNS1_11char_traitsIcEENS1_9allocatorIcEEEEblmdS7_NS_14adl_serializerEE12emplace_backIJNS_6detail7value_tEEEEvDpOT_,0xfc
0xa4228c,_ZN13OpenGLContext11dropContextEv,0x4
0xa42290,_ZN22ResourceDataLoaderImplI17ResourceDataFlashE12loadFinishedENSt6__ndk110unique_ptrIS0_NS2_14default_deleteIS0_EEEE,0xac
0xa4233c,_ZN5titan3com9supercell2id14IdIngameFriendD0Ev,0x38
0xa42374,_ZN8Databind23DefaultObjectTypeTraitsIN11wendelstein20MovieClipEmitterDataEE7destroyEPv,0x18
0xa4238c,_ZThn336_NK19SuggestBrawlerPopup13getCustomSortEv,0x8
0xa42394,_ZNSt6__ndk16vectorI12LogicVector2NS_9allocatorIS1_EEE8__appendEm,0x130
0xa424c4,_ZN7UserTap5onTapEv,0x20
0xa424e4,_ZNK5Shape7isShapeEv,0x8
0xa424ec,_ZN18ProLeagueInfoPopup18customButtonTappedEP10GameButtoni,0xc
0xa424f8,_ZNK10GameConfig13isMSAAEnabledEv,0x1c
0xa42514,_ZN8Databind4Util17ArrayAccessorBaseIbNSt6__ndk16vectorIbNS2_9allocatorIbEEEEE6addPtrEPKv,0xc
0xa42520,_ZNSt6__ndk114__split_bufferIN2fx4gltf4SkinERNS_9allocatorIS3_EEE9push_backEOS3_,0x380
0xa428a0,_ZThn192_NK10ScoresPage14getLocalScrollEv,0x8
0xa428a8,_ZNK23GameConfigIpadLandscape25getStickVariableRangeLeftEv,0x10
0xa428b8,_ZNK31AntiAddictionDataUpdatedMessage14getMessageTypeEv,0x8
0xa428c0,_ZNK18QuitMapEditorPopup17showOnlinePlayersEv,0x8
0xa428c8,_ZN5titan7android7content2pm14PackageManagerD0Ev,0x38
0xa42900,_ZNSt6__ndk112__hash_tableINS_17__hash_value_typeIi11log_contextEENS_22__unordered_map_hasherIiS3_NS_4hashIiEELb1EEENS_21__unordered_map_equalIiS3_NS_8equal_toIiEELb1EEENS_9allocatorIS3_EEE8__rehashEm,0x1f0
0xa42af0,_ZN13SceneUniformsD0Ev,0x4
0xa42af4,_ZN24jpeg_decoder_file_streamD0Ev,0x44
0xa42b38,_ZN4asio6detail26eventfd_select_interrupter16open_descriptorsEv,0x16c
0xa42ca4,_ZNSt6__ndk120__shared_ptr_emplaceI6StringNS_9allocatorIS1_EEED2Ev,0x30
0xa42cd4,_ZNSt6__ndk15dequeI18scResourceLoadInfoNS_9allocatorIS1_EEE9push_backERKS1_,0x150
0xa42e24,_ZNSt6__ndk14listI6StringNS_9allocatorIS1_EEE6__sortINS_6__lessIS1_S1_EEEENS_15__list_iteratorIS1_PvEESA_SA_mRT_,0x240
0xa43064,_ZNKSt6__ndk120__shared_ptr_pointerIPN8Databind23DefaultObjectTypeTraitsIN11wendelstein22SpawnLocationComponentEEENS_14default_deleteIS5_EENS_9allocatorIS5_EEE13__get_deleterERKSt9type_info,0x1c
0xa43080,_ZNSt6__ndk16vectorIN2fx4gltf9AnimationENS_9allocatorIS3_EEE26__swap_out_circular_bufferERNS_14__split_bufferIS3_RS5_EEPS3_,0x180
0xa43200,_ZNK2OT18SingleSubstFormat15applyEPNS_18hb_apply_context_tE,0x1d4
0xa433d4,_ZNSt6__ndk16__treeINS_12basic_stringIcNS_11char_traitsIcEENS_9allocatorIcEEEENS_4lessIS6_EENS4_IS6_EEE7destroyEPNS_11__tree_nodeIS6_PvEE,0x50
0xa43424,_ZNKSt6__ndk120__shared_ptr_pointerIPN8Databind6detail23DatabindAccessorWrapperIfEENS_14default_deleteIS4_EENS_9allocatorIS4_EEE13__get_deleterERKSt9type_info,0x1c
0xa43440,_ZN8safe_jni7ConvertIN5titan3com6google7android4play4core5tasks4TaskEvE12CallFunctionEP10_jmethodIDP8_jobjectz,0xb4
0xa434f4,_ZN5tween4ExpoD0Ev,0x4
0xa434f8,_ZNSt6__ndk16vectorIN2fx4gltf4NodeENS_9allocatorIS3_EEE7reserveEm,0x22c
0xa43724,_ZNSt6__ndk115basic_streambufIcNS_11char_traitsIcEEE6setbufEPcl,0x4
0xa43728,_ZNK12scFileFilter3eofEv,0x10
0xa43738,_ZN16LogicJSONBooleanD0Ev,0x4
0xa4373c,_ZNK2OT19SubstLookupSubTable8dispatchI26hb_get_subtables_context_tEENT_8return_tEPS3_j,0x4f4
0xa43c30,_ZN11wendelstein19SpriteSheetRendererD2Ev,0x84
0xa43cb4,_ZN30StarPointMigrationNotificationD0Ev,0x4
0xa43cb8,_ZNKSt6__ndk110__function6__funcIZN10SWFTexture21loadDownscaledTextureIiEEvP12SupercellSWFiiiibbEUlvE_NS_9allocatorIS6_EEFvvEE11target_typeEv,0xc
0xa43cc4,_ZN25LogicAvatarChangeListener10debugSetXpEi,0x4
0xa43cc8,_ZN8safe_jni15static_functionIN5titan3com9supercell5titan14HelpshiftTitanEiEclIJEEEiDpT_,0x138
0xa43e00,_ZN8Databind6detail22AccessorNonRefGetConstI7Vector3IfE18BezierInterpolatorIS3_EE4nameEv,0xc
0xa43e0c,_ZNK20QuickChatStreamEntry18getStreamEntryTypeEv,0x8
0xa43e14,_ZN17TitanLoginMessageD0Ev,0x4
0xa43e18,_ZNSt6__ndk120__shared_ptr_emplaceIN11wendelstein15GroundComponentENS_9allocatorIS2_EEE21__on_zero_shared_weakEv,0x4
0xa43e1c,_ZNK13DisplayObject11isMovieClipEv,0x8
0xa43e24,_ZNKSt6__ndk116__back_ref_icaseIcNS_12regex_traitsIcEEE6__execERNS_7__stateIcEE,0x108
0xa43f2c,_ZN23LogicReflectableFactoryD2Ev,0x38
0xa43f64,_ZN23LogicHomeChangeListener22cancelIapOfferPurchaseEP16LogicOfferBundlei,0x4
0xa43f68,_ZNSt6__ndk16vectorINS_12basic_stringIcNS_11char_traitsIcEENS_9allocatorIcEEEENS4_IS6_EEE6insertINS_11__wrap_iterIPS6_EEEENS_9enable_ifIXaasr21__is_forward_iteratorIT_EE5valuesr16is_constructibleIS6_NS_15iterator_traitsISE_E9referenceEEE5valueESC_E4typeENSA_IPKS6_EESE_SE_,0x528
0xa44490,_ZNK17scFileImpl_AAsset4seekEm,0xc
0xa4449c,_ZN8safe_jni15static_functionIN5titan3com9supercell5titan18GoogleAppLicensingEvEclIJEEEvDpT_,0x138
0xa445d4,_ZNK2OT7Context8dispatchINS_27hb_collect_glyphs_context_tEEENT_8return_tEPS3_,0x128
0xa446fc,_ZN18ServerHelloMessageD0Ev,0xc0
0xa447bc,_ZN17LogicGameListener16onKeyPoolReceiveEv,0x4
0xa447c0,_ZNSt6__ndk120__shared_ptr_pointerIPN8Databind14ObjectInstanceENS_14default_deleteIS2_EENS_9allocatorIS2_EEED0Ev,0x24
0xa447e4,_ZNSt6__ndk111basic_regexIcNS_12regex_traitsIcEEE26__parse_bracket_expressionIPKcEET_S7_S7_,0x13c
0xa44920,_ZNKSt6__ndk120__shared_ptr_pointerIPNS_6vectorI12LogicVector3NS_9allocatorIS2_EEEENS_14default_deleteIS5_EENS3_IS5_EEE13__get_deleterERKSt9type_info,0x1c
0xa4493c,_ZN29TeamRequestJoinApproveMessageD0Ev,0xc0
0xa449fc,_ZNSt6__ndk16vectorIN11wendelstein8ParticleENS_9allocatorIS2_EEE7reserveEm,0xd4
0xa44ad0,_ZN22PurchaseBrawlPassPopupD0Ev,0x24
0xa44af4,_ZNKSt6__ndk110__function6__funcIZN11scTaskQueue3runIZN10SWFTexture11loadTextureIsEEvP12SupercellSWFiiiibbEUlvE_EENS_13invoke_resultIT_JEE4typeESA_EUlvE_NS_9allocatorISD_EEFvvEE7__cloneEv,0x38
0xa44b2c,_ZNK2OT20LigatureSubstFormat111would_applyEPNS_24hb_would_apply_context_tE,0x2a0
0xa44dcc,_ZN11wendelstein20SpawnPlanarComponent4nameEv,0x2c
0xa44df8,_ZNSt6__ndk16__treeINS_12__value_typeINS_5arrayIhLm32EEE5scKeyEENS_19__map_value_compareIS3_S5_NS_4lessIS3_EELb1EEENS_9allocatorIS5_EEE25__emplace_unique_key_argsIS3_JNS_4pairIS3_S4_EEEEENSE_INS_15__tree_iteratorIS5_PNS_11__tree_nodeIS5_PvEElEEbEERKT_DpOT0_,0x128
0xa44f20,_ZN11wendelstein19SpawnBurstComponent4nameEv,0x2c
0xa44f4c,_ZN15LogicJSONNumberD0Ev,0x4
0xa44f50,_ZN8Databind4Util13ArrayAccessorIfNSt6__ndk16vectorIfNS2_9allocatorIfEEEEE3addEPKf,0x24
0xa44f74,_ZN8Databind4Util17ArrayAccessorBaseI6String14LogicArrayListIS2_EE6getPtrEm,0xc
0xa44f80,_ZN15TeamLeftMessageD0Ev,0xc0
0xa45040,_ZN8Databind4Util13ArrayAccessorI12LogicVector2NSt6__ndk16vectorIS2_NS3_9allocatorIS2_EEEEE3getEm,0x10
0xa45050,_ZNSt6__ndk112__hash_tableINS_17__hash_value_typeIPv6StringEENS_22__unordered_map_hasherIS2_S4_NS_4hashIS2_EELb1EEENS_21__unordered_map_equalIS2_S4_NS_8equal_toIS2_EELb1EEENS_9allocatorIS4_EEE25__emplace_unique_key_argsIS2_JRKNS_21piecewise_construct_tENS_5tupleIJRKS2_EEENSK_IJEEEEEENS_4pairINS_15__hash_iteratorIPNS_11__hash_nodeIS4_S2_EEEEbEERKT_DpOT0_,0x270
0xa452c0,_ZN8nlohmann6detail28json_sax_dom_callback_parserINS_10basic_jsonINSt6__ndk13mapENS3_6vectorENS3_12basic_stringIcNS3_11char_traitsIcEENS3_9allocatorIcEEEEblmdS9_NS_14adl_serializerEEEE3keyERSB_,0x200
0xa454c0,_ZN22UnlockAccountOkMessageD0Ev,0xc0
0xa45580,_ZNK19SuggestBrawlerPopup13getCustomSortEv,0x8
0xa45588,_ZN18AttributionMessageD2Ev,0x1ac
0xa45734,_ZN27BadgePreviewAnimationButtonD0Ev,0x24
0xa45758,_ZN19QualifyNotificationD0Ev,0x4
0xa4575c,_ZNK9LogicData19isEnabledByCalendarEv,0x8
0xa45764,_ZN15SkinRewardPopupD0Ev,0x24
0xa45788,_ZNKSt6__ndk110__function6__funcIZN8Databind8Migrator16addMigrationStepIN11wendelstein12old_versions15EmitterParamsV0ENS5_7Emitter13EmitterParamsEEEviNS_8functionIFvRT_RT0_EEEEUlPvSH_E_NS_9allocatorISI_EEFvSH_SH_EE11target_typeEv,0xc
0xa45794,_ZNSt6__ndk120__shared_ptr_pointerIPN8Databind23DefaultObjectTypeTraitsIN11wendelstein18CurlNoiseComponentEEENS_14default_deleteIS5_EENS_9allocatorIS5_EEED0Ev,0x24
0xa457b8,_ZNK2OT19SubstLookupSubTable8dispatchINS_21hb_sanitize_context_tEEENT_8return_tEPS3_j,0x278
0xa45a30,_ZN29LogicChangeControlModeCommandD0Ev,0x4
0xa45a34,_ZNSt6__ndk120__shared_ptr_emplaceI16ReceivingMessageNS_9allocatorIS1_EEED0Ev,0x40
0xa45a74,_ZN25LogicAvatarChangeListenerD0Ev,0x4
0xa45a78,_ZN8nlohmann10basic_jsonINSt6__ndk13mapENS1_6vectorENS1_12basic_stringIcNS1_11char_traitsIcEENS1_9allocatorIcEEEEblmdS7_NS_14adl_serializerEE10json_valueC2ERKS9_,0xc8
0xa45b40,_ZN15DownloadManager8Manifest14removeListenerEPK20FileDownloadListener,0x17c
0xa45cbc,_ZNKSt6__ndk110__function6__funcIZN11wendelstein16ComponentFactory14addConstructorINS2_19SpawnBurstComponentEEEvvEUlvE_NS_9allocatorIS6_EEFNS_10shared_ptrINS2_17IEmitterComponentEEEvEE7__cloneEv,0x24
0xa45ce0,_ZN8safe_jni7ConvertIivE12CallFunctionEP10_jmethodIDP8_jobjectz,0xa8
0xa45d88,_ZNK11DragHandler15getWindowHeightEv,0x8
0xa45d90,_ZN11wendelstein22SpawnVelocityComponent9objectDefEv,0x4
0xa45d94,_ZNK8Databind4Util13ArrayAccessorI6String14LogicArrayListIS2_EE8getArrayEv,0x8
0xa45d9c,_ZN20ShopBgElementHandler13getFilterTypeEv,0x8
0xa45da4,_ZN8safe_jni15static_functionIN5titan3com9supercell5titan7GameAppEvEclIJEEEvDpT_,0x138
0xa45edc,_ZNSt6__ndk110__function6__baseIFNS_10unique_ptrIvPFvPvEEEvEED2Ev,0x4
0xa45ee0,_ZN11wendelstein22SpawnVelocityComponent20getDatabindObjectDefEv,0x310
0xa461f0,_ZN8Databind4Util13ArrayAccessorI12LogicVector2NSt6__ndk16vectorIS2_NS3_9allocatorIS2_EEEEED0Ev,0x4
0xa461f4,_ZN21LogicJSONOutReflectorD0Ev,0x4c
0xa46240,_ZNSt6__ndk15dequeINS_7__stateIcEENS_9allocatorIS2_EEE19__add_back_capacityEv,0x1b4
0xa463f4,_Z8readTileIiEvP12SupercellSWFiiibiPT_,0x2c0
0xa466b4,_ZN28PlayerMapGreenlightedMessageD0Ev,0xc4
0xa46778,_ZN4asio6detail13epoll_reactor11notify_forkENS_17execution_context10fork_eventE,0x230
0xa469a8,_ZN8nlohmann10basic_jsonINSt6__ndk13mapENS1_6vectorENS1_12basic_stringIcNS1_11char_traitsIcEENS1_9allocatorIcEEEEblmdS7_NS_14adl_serializerEE5eraseINS_6detail9iter_implISB_EELi0EEET_SG_,0x160
0xa46b08,_ZNSt6__ndk120__shared_ptr_emplaceI12scKeyManagerNS_9allocatorIS1_EEE21__on_zero_shared_weakEv,0x4
0xa46b0c,_ZN8safe_jni11PrepareArgsIJ6StringS1_S1_S1_NSt6__ndk16vectorISt4byteNS2_9allocatorIS4_EEEES1_EE3valERKS1_SA_SA_SA_RKS7_SA_,0x170
0xa46c7c,_ZNSt6__ndk114__split_bufferIN2fx4gltf8MaterialERNS_9allocatorIS3_EEE9push_backEOS3_,0x3d8
0xa47054,_ZN8Databind4Util13ArrayAccessorI6String14LogicArrayListIS2_EE4sizeEv,0xc
0xa47060,_ZN11SCIDManager9playSoundERK6String,0x4
0xa47064,_ZNK12scFileFilter10isWritableEv,0x10
0xa47074,_ZNSt6__ndk120__shared_ptr_pointerIPN8Databind23DefaultObjectTypeTraitsIN11wendelstein13DragComponentEEENS_14default_deleteIS5_EENS_9allocatorIS5_EEE21__on_zero_shared_weakEv,0x4
0xa47078,_ZNK6icu_5814FCDNormalizer216hasBoundaryAfterEi,0x84
0xa470fc,_ZNSt6__ndk115basic_streambufIcNS_11char_traitsIcEEE9pbackfailEi,0x8
0xa47104,_ZN8Databind4Util13ArrayAccessorIf14LogicArrayListIfEE15addDefaultValueEv,0x74
0xa47178,_ZN17AvatarStreamEntryD0Ev,0x4
0xa4717c,_ZN8Databind4Util13ArrayAccessorI7Vector2IfE14LogicArrayListIS3_EE8capacityEm,0x118
0xa47294,_ZNK2OT11SingleSubst8dispatchI26hb_get_subtables_context_tEENT_8return_tEPS3_,0x230
0xa474c4,_ZN15scFileImpl_MmapD2Ev,0xd4
0xa47598,_ZN6icu_5818KeywordEnumeration4nextEPiR10UErrorCode,0x74
0xa4760c,_ZN13LogicLinkDataD0Ev,0x24
0xa47630,_ZNK8safe_jni15static_propertyIN5titan7android7content6IntentE6StringEcvS5_Ev,0x164
0xa47794,_ZThn96_N13DebugMenuBase13buttonClickedEP12CustomButton,0x4
0xa47798,_ZN5titan3com9supercell5titan19NativeDialogManagerD0Ev,0x38
0xa477d0,_ZN34AskForJoinableAlliancesListMessageD0Ev,0xc0
0xa47890,_ZN37YoozooBillingProcessedByServerMessageD0Ev,0xe0
0xa47970,_ZN6icu_5818KeywordEnumerationC2EPKciiR10UErrorCode,0xe4
0xa47a54,_ZN18safe_jni_generated3com7android15installreferrer3api21InstallReferrerClientD0Ev,0x38
0xa47a8c,_ZN10SWFTexture21loadDownscaledTextureIsEEvP12SupercellSWFiiiibb,0x334
0xa47dc0,_ZN8Databind4Util13ArrayAccessorI7Vector3IfENSt6__ndk16vectorIS3_NS4_9allocatorIS3_EEEEE3addEPKS3_,0x128
0xa47ee8,_ZN37DefaultExpressionEvaluatorEnvironment4callEiPK17LogicIntArrayListii,0x8
0xa47ef0,_ZNSt6__ndk110__function6__funcIZN11wendelstein16ComponentFactory14addConstructorINS2_15GroundComponentEEEvvEUlvE_NS_9allocatorIS6_EEFNS_10shared_ptrINS2_17IEmitterComponentEEEvEED0Ev,0x4
0xa47ef4,_ZN4asio9execution6detail17any_executor_base8equal_exINS_10io_context19basic_executor_typeINSt6__ndk19allocatorIvEELj0EEEEEbRKS2_SB_,0x34
0xa47f28,_ZN8Databind23DefaultObjectTypeTraitsIN11wendelstein15SpringComponentEE7destroyEPv,0x18
0xa47f40,_ZN8Databind4Util13ArrayAccessorINSt6__ndk112basic_stringIcNS2_11char_traitsIcEENS2_9allocatorIcEEEENS2_6vectorIS8_NS6_IS8_EEEEE5eraseEm,0xd4
0xa48014,_ZNSt6__ndk110__function6__funcIZN10SWFTexture11loadTextureIsEEvP12SupercellSWFiiiibbEUlvE_NS_9allocatorIS6_EEFvvEEclEv,0x34
0xa48048,_ZN8Databind4Util13ArrayAccessorI6String14LogicArrayListIS2_EE4swapEmm,0x64
0xa480ac,_ZN5titan3com9supercell5titan14HelpshiftTitanD0Ev,0x38
0xa480e4,_ZNKSt6__ndk111basic_regexIcNS_12regex_traitsIcEEE21__match_at_start_ecmaINS_9allocatorINS_9sub_matchIPKcEEEEEEbS8_S8_RNS_13match_resultsIS8_T_EENS_15regex_constants15match_flag_typeEb,0x440
0xa48524,_ZNSt6__ndk120__shared_ptr_pointerIPNS_6vectorIfNS_9allocatorIfEEEENS_14default_deleteIS4_EENS2_IS4_EEE21__on_zero_shared_weakEv,0x4
0xa48528,_ZNK8Databind4Util13ArrayAccessorI7Vector2IfENSt6__ndk16vectorIS3_NS4_9allocatorIS3_EEEEE8getArrayEv,0x8
0xa48530,_ZN22LaserDataLoaderFactoryD0Ev,0x24
0xa48554,_ZNSt6__ndk120__shared_ptr_pointerIPN8Databind23DefaultObjectTypeTraitsIN11wendelstein22SpawnLocationComponentEEENS_14default_deleteIS5_EENS_9allocatorIS5_EEED0Ev,0x24
0xa48578,_ZN17LogicGameListener23challengeLivesPurchasedEv,0x4
0xa4857c,_ZN28LogicClearShopTickersCommandD0Ev,0x4
0xa48580,_ZN5titan3com9supercell5titan22VirtualKeyboardHandlerD0Ev,0x38
0xa485b8,_ZNSt6__ndk114__split_bufferIPNS_7__stateIcEENS_9allocatorIS3_EEE9push_backEOS3_,0x138
0xa486f0,_ZN25UdpCheckConnectionMessage18getServiceNodeTypeEv,0x8
0xa486f8,_ZNK27BattleEndRankedRoundsScreen16getSubScreenTypeEv,0x8
0xa48700,_ZN14scPackagedTaskIvED0Ev,0x74
0xa48774,_ZNKSt6__ndk110__function6__funcIZN10SWFTexture21loadDownscaledTextureIiEEvP12SupercellSWFiiiibbEUlvE_NS_9allocatorIS6_EEFvvEE7__cloneEPNS0_6__baseIS9_EE,0x30
0xa487a4,_ZNSt6__ndk110shared_ptrIN11wendelstein19SpawnBurstComponentEE11make_sharedIJRS2_EEES3_DpOT_,0xcc
0xa48870,_ZN8Databind4Util13ArrayAccessorIf14LogicArrayListIfEE5eraseEm,0x98
0xa48908,_ZN8nlohmann6detail6parserINS_10basic_jsonINSt6__ndk13mapENS3_6vectorENS3_12basic_stringIcNS3_11char_traitsIcEENS3_9allocatorIcEEEEblmdS9_NS_14adl_serializerEEEE17exception_messageENS0_5lexerISD_E10token_typeERKSB_,0x50c
0xa48e14,_ZN8Databind4Util17ArrayAccessorBaseI7Vector3IfE14LogicArrayListIS3_EE6addPtrEPKv,0xc
0xa48e20,_ZNSt6__ndk112__hash_tableINS_17__hash_value_typeINS_12basic_stringIcNS_11char_traitsIcEENS_9allocatorIcEEEE20CachedClassReferenceEENS_22__unordered_map_hasherIS7_S9_NS_4hashIS7_EELb1EEENS_21__unordered_map_equalIS7_S9_NS_8equal_toIS7_EELb1EEENS5_IS9_EEE4findIS7_EENS_15__hash_iteratorIPNS_11__hash_nodeIS9_PvEEEERKT_,0x21c
0xa4903c,_ZN8Databind4Util13ArrayAccessorI7Vector3IfENSt6__ndk16vectorIS3_NS4_9allocatorIS3_EEEEED0Ev,0x4
0xa49040,_ZN23ReportUserStatusMessageD0Ev,0xc0
0xa49100,_ZN27LogicCommandManagerListenerD2Ev,0x4
0xa49104,_ZNK2OT14ContextFormat35applyEPNS_18hb_apply_context_tE,0x22c
0xa49330,_ZN9TextInput17setCursorPositionEi,0x4
0xa49334,_ZThn368_N17OnlineTeamupPopup15onProfileOpenedEv,0x10
0xa49344,_ZN2fx4gltf6detail17ReadOptionalFieldINSt6__ndk16vectorIjNS3_9allocatorIjEEEEEEvNS3_17basic_string_viewIcNS3_11char_traitsIcEEEERKN8nlohmann10basic_jsonINS3_3mapES4_NS3_12basic_stringIcSA_NS5_IcEEEEblmdS5_NSC_14adl_serializerEEERT_,0x108
0xa4944c,_ZN15DownloadManager8Manifest11addListenerERNS0_5EntryEP20FileDownloadListener,0x274
0xa496c0,_ZNK22SettingsLanguageScreen12getPopupTypeEv,0x8
0xa496c8,_ZNSt6__ndk110__function6__funcIZN11scTaskQueue3runIZN10SWFTexture21loadDownscaledTextureIsEEvP12SupercellSWFiiiibbEUlvE_EENS_13invoke_resultIT_JEE4typeESA_EUlvE_NS_9allocatorISD_EEFvvEEclEv,0x40
0xa49708,_ZNSt6__ndk120__shared_ptr_emplaceI14scPackagedTaskIvENS_9allocatorIS2_EEE16__on_zero_sharedEv,0xc
0xa49714,_ZN21SetDeviceTokenMessageD0Ev,0xc0
0xa497d4,_ZN16AddFriendMessageD0Ev,0xc0
0xa49894,_ZN15LogicRegionDataD2Ev,0x4c
0xa498e0,_ZN8Databind4Util13ArrayAccessorI12LogicVector214LogicArrayListIS2_EE8capacityEm,0x124
0xa49a04,_ZNK21TypedResourceDataBaseILi3EE7getTypeEv,0x8
0xa49a0c,_ZN8Databind4Util21AbstractArrayAccessorD2Ev,0x4
0xa49a10,_ZNSt6__ndk16vectorI14BillingProductNS_9allocatorIS1_EEE21__push_back_slow_pathIRKS1_EEvOT_,0x238
0xa49c48,_ZNKSt6__ndk112__hash_tableINS_17__hash_value_typeIPvS2_EENS_22__unordered_map_hasherIS2_S3_NS_4hashIS2_EELb1EEENS_21__unordered_map_equalIS2_S3_NS_8equal_toIS2_EELb1EEENS_9allocatorIS3_EEE4findIS2_EENS_21__hash_const_iteratorIPNS_11__hash_nodeIS3_S2_EEEERKT_,0x114
0xa49d5c,_ZN31LogicDeviceLinkEnterCodeMessageD0Ev,0xd0
0xa49e2c,_ZN8Databind4Util13ArrayAccessorIiNSt6__ndk16vectorIiNS2_9allocatorIiEEEEE4copyERS6_,0x84
0xa49eb0,_ZN5titan7android7content2pm9SignatureD0Ev,0x38
0xa49ee8,_ZNKSt6__ndk112regex_traitsIcE20__lookup_collatenameIPcEENS_12basic_stringIcNS_11char_traitsIcEENS_9allocatorIcEEEET_SA_c,0x340
0xa4a228,_ZNSt6__ndk110__function6__funcIZN11wendelstein16ComponentFactory14addConstructorINS2_18SpawnRateComponentEEEvvEUlvE_NS_9allocatorIS6_EEFNS_10shared_ptrINS2_17IEmitterComponentEEEvEED0Ev,0x4
0xa4a22c,_ZN11wendelstein21DecelerationComponent4nameEv,0x2c
0xa4a258,_ZNK11StreamEntry10isAgeGatedEv,0x8
0xa4a260,_ZN8safe_jni11PrepareArgsIJNSt6__ndk16vectorISt4byteNS1_9allocatorIS3_EEEEiEE3valERKS6_RKi,0xb4
0xa4a314,_ZN9LogicUuidD0Ev,0x4
0xa4a318,_ZNSt6__ndk114__split_bufferIP18scResourceLoadInfoNS_9allocatorIS2_EEE9push_backEOS2_,0x138
0xa4a450,_ZN11scTaskQueue10insertTaskERKNSt6__ndk110shared_ptrI14scAbstractTaskEE,0xec
0xa4a53c,_ZN4Game8onResizeEii,0x4
0xa4a540,_ZN14AllianceScreen7setDataEP14PiranhaMessage,0x8
0xa4a548,_ZNSt6__ndk16__treeINS_12__value_typeI6StringP4MeshEENS_19__map_value_compareIS2_S5_NS_4lessIS2_EELb1EEENS_9allocatorIS5_EEE25__emplace_unique_key_argsIS2_JRKNS_21piecewise_construct_tENS_5tupleIJRKS2_EEENSH_IJEEEEEENS_4pairINS_15__tree_iteratorIS5_PNS_11__tree_nodeIS5_PvEElEEbEERKT_DpOT0_,0x110
0xa4a658,_ZN33LogicDeviceLinkCodeRequestMessageD0Ev,0xc0
0xa4a718,_ZNK23CreateGameFailedMessage14getMessageTypeEv,0x8
0xa4a720,_ZNSt6__ndk120__shared_ptr_emplaceI12scKeyManagerNS_9allocatorIS1_EEED0Ev,0x54
0xa4a774,_ZN9TextTweenC2EP9TextFieldiifRK6StringS4_S4_P9MovieClip,0x10c
0xa4a880,_ZN8Databind4Util13ArrayAccessorI12LogicVector314LogicArrayListIS2_EE3getEm,0x14
0xa4a894,_ZN17LogicRewardConfigD2Ev,0x4
0xa4a898,_ZN25LogicAvatarChangeListener12heroUnlockedEPK18LogicCharacterData,0x4
0xa4a89c,_ZNSt6__ndk16__treeINS_12__value_typeI6StringiEENS_19__map_value_compareIS2_S3_NS_4lessIS2_EELb1EEENS_9allocatorIS3_EEE7destroyEPNS_11__tree_nodeIS3_PvEE,0x48
0xa4a8e4,_ZN8safe_jni7ConvertIN5titan7android7content7ContextEvE3SigEv,0xd8
0xa4a9bc,_ZN22ResourceDataLoaderImplI16ResourceDataJSONED2Ev,0x94
0xa4aa50,_ZN23FloaterTextNotification19getNotificationTypeEv,0x8
0xa4aa58,_ZN5titan4java4lang5ClassD0Ev,0x38
0xa4aa90,_ZN26GoHomeFromMapEditorMessageD0Ev,0xc0
0xa4ab50,_ZN8safe_jni8functionIN5titan3com9supercell5titan7GameAppEvEclIJlEEEvP8_jobjectDpT_,0x13c
0xa4ac8c,_ZN11DragHandler14setPanningDampEf,0x10
0xa4ac9c,_ZNSt6__ndk16vectorIP8Sprite3DNS_9allocatorIS2_EEE6insertINS_11__wrap_iterIPS2_EEEENS_9enable_ifIXaasr21__is_forward_iteratorIT_EE5valuesr16is_constructibleIS2_NS_15iterator_traitsISB_E9referenceEEE5valueES9_E4typeENS7_IPKS2_EESB_SB_,0x288
0xa4af24,_ZNSt6__ndk120__shared_ptr_pointerIPN8Databind23DefaultObjectTypeTraitsIN11wendelstein12old_versions15EmitterParamsV0EEENS_14default_deleteIS6_EENS_9allocatorIS6_EEE21__on_zero_shared_weakEv,0x4
0xa4af28,_ZN2fx4gltf6detail17ReadOptionalFieldINS0_8Material13NormalTextureEEEvNSt6__ndk117basic_string_viewIcNS5_11char_traitsIcEEEERKN8nlohmann10basic_jsonINS5_3mapENS5_6vectorENS5_12basic_stringIcS8_NS5_9allocatorIcEEEEblmdSF_NSA_14adl_serializerEEERT_,0x134
0xa4b05c,_ZN21SkinPreviewSaveButtonD0Ev,0x24
0xa4b080,_ZNSt6__ndk16__treeINS_4pairI6StringS2_EENS_4lessIS3_EENS_9allocatorIS3_EEE7destroyEPNS_11__tree_nodeIS3_PvEE,0x54
0xa4b0d4,_ZNSt6__ndk16vectorIN2fx4gltf10BufferViewENS_9allocatorIS3_EEE7reserveEm,0x138
0xa4b20c,_ZN8Databind4Util13ArrayAccessorIi14LogicArrayListIiEE4swapEmm,0x24
0xa4b230,_ZN11wendelstein18CurlNoiseComponent5cloneEv,0x8c
0xa4b2bc,_ZN25LogicAvatarChangeListener17paidDiamondsAddedEii,0x4
0xa4b2c0,_ZNK11EmotesPopup12getPopupTypeEv,0x8
0xa4b2c8,_ZN16AllianceRankItem13buttonPressedEv,0x4c
0xa4b314,_ZN17LogicLocationDataD0Ev,0x40
0xa4b354,_ZNK9DebugInfo11getMenuTypeEv,0x8
0xa4b35c,_ZN17BrawlTvIntroPopupD0Ev,0x24
0xa4b380,_ZN17IFacebookListener26facebookReceivedAppRequestERK6StringS2_S2_,0x4
0xa4b384,_ZNSt6__ndk113basic_istreamIcNS_11char_traitsIcEEED0Ev,0x28
0xa4b3ac,_ZNK9GameState8isInitedEv,0x8
0xa4b3b4,_ZN14HelpshiftTitan27HelpshiftConnectionFallback21setInitialUserMessageERK6String,0x4
0xa4b3b8,_ZNSt6__ndk16vectorI12LogicVector3NS_9allocatorIS1_EEE7reserveEm,0xc8
0xa4b480,_ZN8Databind4Util17ArrayAccessorBaseI6StringNSt6__ndk16vectorIS2_NS3_9allocatorIS2_EEEEE6getPtrEm,0xc
0xa4b48c,_ZNSt6__ndk16vectorIPN14ShadowRenderer7SegmentENS_9allocatorIS3_EEE6insertENS_11__wrap_iterIPKS3_EERS8_,0x214
0xa4b6a0,_ZN9PopupBase8getWidthEv,0x8
0xa4b6a8,_ZNKSt6__ndk110__back_refIcE6__execERNS_7__stateIcEE,0xc4
0xa4b76c,_ZNKSt6__ndk110__function6__funcIZN11scTaskQueue3runIZN10SWFTexture11loadTextureIsEEvP12SupercellSWFiiiibbEUlvE_EENS_13invoke_resultIT_JEE4typeESA_EUlvE_NS_9allocatorISD_EEFvvEE6targetERKSt9type_info,0x1c
0xa4b788,_Z16downscaleTextureIiEviiiPT_S1_,0xdf4
0xa4c57c,_ZN14AllianceScreen17backButtonPressedEv,0x8
0xa4c584,_ZN26AppleBillingRequestMessageD2Ev,0xe8
0xa4c66c,_ZNSt6__ndk120__shared_ptr_pointerIP14LogicArrayListIbENS_14default_deleteIS2_EENS_9allocatorIS2_EEED0Ev,0x24
0xa4c690,_ZNSt6__ndk16vectorI12MovieClipRefNS_9allocatorIS1_EEE8__appendEm,0x174
0xa4c804,_ZN8ShopItem20beforeInitialArrangeEv,0x4
0xa4c808,_ZNK10GameObject8getAngleEv,0x8
0xa4c810,_ZN38TencentAntiAddictionInstructionMessageD0Ev,0xd0
0xa4c8e0,_ZN25PurchaseOfferPopupHandler18popupButtonPressedEi,0x4
0xa4c8e4,_ZNK16scFileImpl_Posix4tellEv,0x8
0xa4c8ec,_ZNSt6__ndk19transformIN8nlohmann6detail9iter_implIKNS1_10basic_jsonINS_3mapENS_6vectorENS_12basic_stringIcNS_11char_traitsIcEENS_9allocatorIcEEEEblmdSA_NS1_14adl_serializerEEEEENS_15insert_iteratorINS6_IN2fx4gltf8AccessorENSA_ISK_EEEEEEZNS2_20from_json_array_implISE_SM_EEDTcmcmcldtfp0_7reserveclsr3stdE7declvalINT0_9size_typeEEEEcldtfp_3getINSP_10value_typeEEEcvv_EERKT_RSP_NS2_12priority_tagILj1EEEEUlRSF_E_EESP_ST_ST_SP_T1_,0x240
0xa4cb2c,_ZNSt6__ndk114__split_bufferIP18scResourceLoadInfoRNS_9allocatorIS2_EEE10push_frontERKS2_,0x138
0xa4cc64,_ZNSt6__ndk16vectorIN2fx4gltf9AnimationENS_9allocatorIS3_EEE7reserveEm,0x190
0xa4cdf4,_ZNK8Databind4Util13ArrayAccessorI7Vector3IfE14LogicArrayListIS3_EE8getArrayEv,0x8
0xa4cdfc,_ZN6SCTune9addStringERK6StringPS0_PKcP20SCTuneChangeListenerib,0x30
0xa4ce2c,_ZNSt6__ndk19transformIN8nlohmann6detail9iter_implIKNS1_10basic_jsonINS_3mapENS_6vectorENS_12basic_stringIcNS_11char_traitsIcEENS_9allocatorIcEEEEblmdSA_NS1_14adl_serializerEEEEENS_15insert_iteratorINS6_IN2fx4gltf4NodeENSA_ISK_EEEEEEZNS2_20from_json_array_implISE_SM_EEDTcmcmcldtfp0_7reserveclsr3stdE7declvalINT0_9size_typeEEEEcldtfp_3getINSP_10value_typeEEEcvv_EERKT_RSP_NS2_12priority_tagILj1EEEEUlRSF_E_EESP_ST_ST_SP_T1_,0x248
0xa4d074,_ZNKSt6__ndk120__shared_ptr_pointerIP14LogicArrayListINS_12basic_stringIcNS_11char_traitsIcEENS_9allocatorIcEEEEENS_14default_deleteIS8_EENS5_IS8_EEE13__get_deleterERKSt9type_info,0x1c
0xa4d090,_ZNSt6__ndk16vectorI7Vector3IfENS_9allocatorIS2_EEE12emplace_backIJS2_EEERS2_DpOT_,0x124
0xa4d1b4,_ZN17LogicGameListener16removeReferencesEPK21LogicGameObjectClienti,0x4
0xa4d1b8,_ZNSt6__ndk110__function6__funcIZN11scTaskQueue3runIZN10SWFTexture11loadTextureIsEEvP12SupercellSWFiiiibbEUlvE_EENS_13invoke_resultIT_JEE4typeESA_EUlvE_NS_9allocatorISD_EEFvvEEclEv,0x40
0xa4d1f8,_ZNK35AllianceInvitationAvatarStreamEntry18getStreamEntryTypeEv,0x8
0xa4d200,_ZN8safe_jni4ctorIN5titan3com9supercell2id14IdLoginDetailsEEclIJ6StringS8_bbEEEP8_jobjectDpT_,0x258
0xa4d458,_ZNK17scFSLayerPackfile10hasVersionEv,0x8
0xa4d460,_ZNSt6__ndk16__treeINS_12__value_typeI6StringP19GameSCIDAvatarImageEENS_19__map_value_compareIS2_S5_NS_4lessIS2_EELb1EEENS_9allocatorIS5_EEE7destroyEPNS_11__tree_nodeIS5_PvEE,0x48
0xa4d4a8,_ZN4asio9execution6detail17any_executor_base8query_fnINS_10io_context19basic_executor_typeINSt6__ndk19allocatorIvEELj0EEENS0_11prefer_onlyINS1_16outstanding_work11untracked_tILi0EEEEEEEvPvPKvSH_,0x2c
0xa4d4d4,_ZN8nlohmann6detail28json_sax_dom_callback_parserINS_10basic_jsonINSt6__ndk13mapENS3_6vectorENS3_12basic_stringIcNS3_11char_traitsIcEENS3_9allocatorIcEEEEblmdS9_NS_14adl_serializerEEEE10end_objectEv,0x178
0xa4d64c,_ZNSt6__ndk120__shared_ptr_pointerIPNS_13__empty_stateIcEENS_14default_deleteIS2_EENS_9allocatorIS2_EEED0Ev,0x24
0xa4d670,_ZNSt6__ndk120__shared_ptr_pointerIPN8Databind23DefaultObjectTypeTraitsIN11wendelstein20SpawnPlanarComponentEEENS_14default_deleteIS5_EENS_9allocatorIS5_EEE21__on_zero_shared_weakEv,0x4
0xa4d674,_ZN8nlohmann6detail20from_json_array_implINS_10basic_jsonINSt6__ndk13mapENS3_6vectorENS3_12basic_stringIcNS3_11char_traitsIcEENS3_9allocatorIcEEEEblmdS9_NS_14adl_serializerEEENS5_IN2fx4gltf6CameraENS9_ISG_EEEEEEDTcmcmcldtfp0_7reserveclsr3stdE7declvalINT0_9size_typeEEEEcldtfp_3getINSJ_10value_typeEEEcvv_EERKT_RSJ_NS0_12priority_tagILj1EEE,0x100
0xa4d774,_ZNKSt6__ndk110__function6__funcIZN11wendelstein16ComponentFactory14addConstructorINS2_24TangentVelocityComponentEEEvvEUlvE_NS_9allocatorIS6_EEFNS_10shared_ptrINS2_17IEmitterComponentEEEvEE7__cloneEv,0x24
0xa4d798,_ZNK2OT9ChainRule14collect_glyphsEPNS_27hb_collect_glyphs_context_tERNS_38ChainContextCollectGlyphsLookupContextE,0x1a8
0xa4d940,_ZN17LogicGameListener18coinBoostIncreasedEv,0x4
0xa4d944,_ZN8safe_jni7ConvertINSt6__ndk16vectorIN5titan7android4view7Display4ModeENS1_9allocatorIS7_EEEEvE18CallStaticFunctionEP10_jmethodIDP7_jclassz,0xd4
0xa4da18,_ZNK10Projectile8getLayerEv,0x8
0xa4da20,_ZNK17TencentTermsPopup28allowClosingFromModalTappingEv,0x8
0xa4da28,_ZN12RecentButtonD2Ev,0x14
0xa4da3c,_ZNSt6__ndk112basic_stringIcNS_11char_traitsIcEENS_9allocatorIcEEE9__grow_byEmmmmmm,0x114
0xa4db50,_ZN28LogicSeasonalSkinSectionDataD2Ev,0x34
0xa4db84,_ZN5titan7android4view13SurfaceHolderD0Ev,0x38
0xa4dbbc,_ZN12RankingEntryD0Ev,0x4
0xa4dbc0,_ZN17LogicGameListener23brawlPassProgressGainedEii,0x4
0xa4dbc4,_ZN8Databind4Util13ArrayAccessorI7Vector2IfENSt6__ndk16vectorIS3_NS4_9allocatorIS3_EEEEE3setEmPKS3_,0x30
0xa4dbf4,_ZN8Databind4Util13ArrayAccessorI6String14LogicArrayListIS2_EE3getEm,0x14
0xa4dc08,_ZN22LogicRankedMatchPlayerD2Ev,0x10
0xa4dc18,_ZN8Databind6detail23DatabindAccessorWrapperI7Vector3IfEED0Ev,0x54
0xa4dc6c,_ZN18SeasonRewardsPopup18customButtonTappedEP10GameButtoni,0xc
0xa4dc78,_ZNSt6__ndk16vectorINS0_IN15MapEditorScreen14EditorTileStepENS_9allocatorIS2_EEEENS3_IS5_EEE8__appendEm,0x1dc
0xa4de54,_ZNSt6__ndk120__shared_ptr_pointerIPN8Databind23DefaultObjectTypeTraitsIN11wendelstein7Emitter13EmitterParamsEEENS_14default_deleteIS6_EENS_9allocatorIS6_EEED0Ev,0x24
0xa4de78,_ZNK2OT8OffsetToINS_12ChainRuleSetENS_7IntTypeItLj2EEEE8sanitizeEPNS_21hb_sanitize_context_tEPKv,0x160
0xa4dfd8,_ZNK8UIButton16getAnalyticsNameEv,0xc
0xa4dfe4,_ZN11wendelstein15VortexComponent20getDatabindObjectDefEv,0x310
0xa4e2f4,_ZN11wendelstein22SpawnLocationComponent4nameEv,0x2c
0xa4e320,_ZThn96_NK9InfoPopup16getAnalyticsNameEv,0x8
0xa4e328,_ZN8Databind4Util13ArrayAccessorIi14LogicArrayListIiEE15addDefaultValueEv,0x74
0xa4e39c,_ZN18GoToBattleEndStateD0Ev,0x3c
0xa4e3d8,_ZNSt6__ndk115basic_streambufIcNS_11char_traitsIcEEE7seekposENS_4fposI9mbstate_tEEj,0xc
0xa4e3e4,_ZN22SearchAlliancesMessageD0Ev,0xc0
0xa4e4a4,_ZN11wendelstein19SpawnBurstComponentD0Ev,0x3c
0xa4e4e0,_ZN6SCTuneD0Ev,0x4
0xa4e4e4,_ZNK8NewsPage12getPopupTypeEv,0x8
0xa4e4ec,_ZN26SkinPreviewAnimationButtonD0Ev,0x24
0xa4e510,_ZN2OT6Lookup9serializeEPNS_22hb_serialize_context_tEjjj,0x168
0xa4e678,_ZN28UdpLatencyTestRequestMessageD0Ev,0xc0
0xa4e738,_ZN16LogicReflectableD0Ev,0x4
0xa4e73c,_ZN25TencentCheckCanPayMessageD0Ev,0xc0
0xa4e7fc,_ZNSt6__ndk112__hash_tableINS_17__hash_value_typeINS_12basic_stringIcNS_11char_traitsIcEENS_9allocatorIcEEEE20CachedClassReferenceEENS_22__unordered_map_hasherIS7_S9_NS_4hashIS7_EELb1EEENS_21__unordered_map_equalIS7_S9_NS_8equal_toIS7_EELb1EEENS5_IS9_EEE8__rehashEm,0x304
0xa4eb00,_ZNK26OfferPurchaseQuestionPopup12getPopupTypeEv,0x8
0xa4eb08,_ZZN8nlohmann6detail20from_json_array_implINS_10basic_jsonINSt6__ndk13mapENS3_6vectorENS3_12basic_stringIcNS3_11char_traitsIcEENS3_9allocatorIcEEEEblmdS9_NS_14adl_serializerEEENS5_IN2fx4gltf5SceneENS9_ISG_EEEEEEDTcmcmcldtfp0_7reserveclsr3stdE7declvalINT0_9size_typeEEEEcldtfp_3getINSJ_10value_typeEEEcvv_EERKT_RSJ_NS0_12priority_tagILj1EEEENKUlRKSD_E_clESU_,0x14c
0xa4ec54,_ZN8safe_jni4ctorIN5titan3com9supercell2id15IdConfigurationEEclIJ6StringS8_S8_S8_S8_S8_S8_S8_S8_llbbS8_S8_S8_S8_S8_bbbS8_EEEP8_jobjectDpT_,0x390
0xa4efe4,_ZNSt6__ndk113__stable_sortIRZN14LogicArrayListIP10GatchaDropE9sortArrayIPFiS3_S3_EEEvRKT_EUlRKS3_SC_E_PS3_EEvT0_SG_S8_NS_15iterator_traitsISG_E15difference_typeEPNSI_10value_typeEl,0x350
0xa4f334,_ZN8Databind4Util13ArrayAccessorIfNSt6__ndk16vectorIfNS2_9allocatorIfEEEEE5clearEv,0x10
0xa4f344,_ZN8Databind4Util17ArrayAccessorBaseIi14LogicArrayListIiEE10cloneArrayEv,0x68
0xa4f3ac,_ZN6icu_5818KeywordEnumeration5resetER10UErrorCode,0xc
0xa4f3b8,_ZNK17OnlineTeamupPopup29isInFriendlyRoomInviteContextEv,0x10
0xa4f3c8,_ZNSt6__ndk120__shared_ptr_pointerIPN8Databind16ObjectTypeTraitsENS_14default_deleteIS2_EENS_9allocatorIS2_EEED0Ev,0x24
0xa4f3ec,_ZN31CafeBazaarBillingRequestMessageD2Ev,0xf8
0xa4f4e4,_ZNSt6__ndk120__shared_ptr_emplaceIN11wendelstein23ComponentListSerializerENS_9allocatorIS2_EEE21__on_zero_shared_weakEv,0x4
0xa4f4e8,_ZNSt6__ndk120__shared_ptr_pointerIP14scPackagedTaskIvENS_14default_deleteIS2_EENS_9allocatorIS2_EEED0Ev,0x24
0xa4f50c,_ZNKSt6__ndk120__shared_ptr_pointerIPNS_13__empty_stateIcEENS_14default_deleteIS2_EENS_9allocatorIS2_EEE13__get_deleterERKSt9type_info,0x1c
0xa4f528,_ZNK2OT21AlternateSubstFormat15applyEPNS_18hb_apply_context_tE,0x258
0xa4f780,_ZN8safe_jni15static_functionIN5titan3com9supercell5titan7GameAppENS1_7android4view7Display4ModeEEclIJEEES9_DpT_,0x148
0xa4f8c8,_ZN12CancelButtonD0Ev,0x4
0xa4f8cc,_ZNSt6__ndk17__sort4IRPFbPK13LogicSkinDataS3_EPS3_EEjT0_S8_S8_S8_T_,0x184
0xa4fa50,_ZNK25PurchaseOfferPopupHandler26sendAnalyticEventForActionERK6String,0x4
0xa4fa54,_ZN11hb_ot_map_t13feature_map_t3cmpEPKS0_S2_,0x18
0xa4fa6c,_ZNK11DragHandler9isPanningEv,0x8
0xa4fa74,_ZN8ShopItem13markInspectedEv,0x4
0xa4fa78,_ZN8ShopItem21beforeSizeCalculationEv,0x4
0xa4fa7c,_ZN21LogicGameObjectClientD0Ev,0x4
0xa4fa80,_ZNSt6__ndk113__assoc_stateIjE4moveEv,0x90
0xa4fb10,_ZN11scTaskQueue3runIZN10SWFTexture11loadTextureIsEEvP12SupercellSWFiiiibbEUlvE_EENSt6__ndk113invoke_resultIT_JEE4typeES8_,0x104
0xa4fc14,_ZNK9HeroPopup12getPopupTypeEv,0x8
0xa4fc1c,_ZN8safe_jni7ConvertIN5titan7android3net3UriEvE18CallStaticFunctionEP10_jmethodIDP7_jclassz,0x13c
0xa4fd58,_ZNSt6__ndk110__function6__baseIFvRN8safe_jni5ProxyEN5titan3com6google7android4play4core5tasks4TaskEEED2Ev,0x4
0xa4fd5c,_ZN5titan3com9supercell5titan18GoogleAppLicensingD0Ev,0x38
0xa4fd94,_ZN17LogicGameListener19beforeQuestsChangedEv,0x4
0xa4fd98,_ZN8nlohmann6detail28json_sax_dom_callback_parserINS_10basic_jsonINSt6__ndk13mapENS3_6vectorENS3_12basic_stringIcNS3_11char_traitsIcEENS3_9allocatorIcEEEEblmdS9_NS_14adl_serializerEEEE9end_arrayEv,0x130
0xa4fec8,_ZN8Databind23DefaultObjectTypeTraitsIN11wendelstein18SpawnConeComponentEED0Ev,0x4
0xa4fecc,_ZNSt6__ndk111__lookaheadIcNS_12regex_traitsIcEEED2Ev,0x90
0xa4ff5c,_ZN8nlohmann6detail20from_json_array_implINS_10basic_jsonINSt6__ndk13mapENS3_6vectorENS3_12basic_stringIcNS3_11char_traitsIcEENS3_9allocatorIcEEEEblmdS9_NS_14adl_serializerEEENS5_IN2fx4gltf9AnimationENS9_ISG_EEEEEEDTcmcmcldtfp0_7reserveclsr3stdE7declvalINT0_9size_typeEEEEcldtfp_3getINSJ_10value_typeEEEcvv_EERKT_RSJ_NS0_12priority_tagILj1EEE,0x100
0xa5005c,_ZN2fx4gltf6detail17ReadOptionalFieldINSt6__ndk16vectorINS0_6CameraENS3_9allocatorIS5_EEEEEEvNS3_17basic_string_viewIcNS3_11char_traitsIcEEEERKN8nlohmann10basic_jsonINS3_3mapES4_NS3_12basic_stringIcSB_NS6_IcEEEEblmdS6_NSD_14adl_serializerEEERT_,0x164
0xa501c0,_ZN8nlohmann6detail20from_json_array_implINS_10basic_jsonINSt6__ndk13mapENS3_6vectorENS3_12basic_stringIcNS3_11char_traitsIcEENS3_9allocatorIcEEEEblmdS9_NS_14adl_serializerEEENS5_IN2fx4gltf4MeshENS9_ISG_EEEEEEDTcmcmcldtfp0_7reserveclsr3stdE7declvalINT0_9size_typeEEEEcldtfp_3getINSJ_10value_typeEEEcvv_EERKT_RSJ_NS0_12priority_tagILj1EEE,0x100
0xa502c0,_ZNSt6__ndk16__treeINS_4pairI6StringS2_EENS_4lessIS3_EENS_9allocatorIS3_EEE30__emplace_hint_unique_key_argsIS3_JRKS3_EEENS_15__tree_iteratorIS3_PNS_11__tree_nodeIS3_PvEElEENS_21__tree_const_iteratorIS3_SG_lEERKT_DpOT0_,0xdc
0xa5039c,_ZNKSt6__ndk110__function6__funcIZN11wendelstein16ComponentFactory14addConstructorINS2_18SpawnRateComponentEEEvvEUlvE_NS_9allocatorIS6_EEFNS_10shared_ptrINS2_17IEmitterComponentEEEvEE7__cloneEv,0x24
0xa503c0,_ZN4asio9execution6detail17any_executor_base11copy_objectINS_10io_context19basic_executor_typeINSt6__ndk19allocatorIvEELj0EEEEEvRS2_RKS2_,0x18
0xa503d8,_ZN10SWFTexture11loadTextureIsEEvP12SupercellSWFiiiibb,0x2b0
0xa50688,_ZNSt6__ndk16vectorI6StringNS_9allocatorIS1_EEE21__push_back_slow_pathIS1_EEvOT_,0x118
0xa507a0,_ZN14HelpshiftTitan23HelpshiftConnectionImpl14setSDKLanguageERK6String,0x8
0xa507a8,_ZNK6icu_5818ComposeNormalizer216hasBoundaryAfterEi,0x14
0xa507bc,_ZNSt6__ndk116__copy_unalignedINS_6vectorIbNS_9allocatorIbEEEELb0EEENS_14__bit_iteratorIT_Lb0EXLi0EEEENS5_IS6_XT0_EXLi0EEEES8_S7_,0x238
0xa509f4,_ZNSt6__ndk16vectorI12LogicVector2NS_9allocatorIS1_EEE21__push_back_slow_pathIRKS1_EEvOT_,0xe8
0xa50adc,_ZN27PlayerMapInfoUpdatedMessageD2Ev,0xc4
0xa50ba0,_ZN8Databind4Util13ArrayAccessorIf14LogicArrayListIfEE5clearEv,0xc
0xa50bac,_ZNKSt6__ndk16__loopIcE6__execERNS_7__stateIcEE,0x1f0
0xa50d9c,_ZNSt6__ndk15dequeINS_10shared_ptrI14scAbstractTaskEENS_9allocatorIS3_EEE19__add_back_capacityEv,0x194
0xa50f30,_ZN8safe_jni7ConvertIN5titan4java8security13MessageDigestEvE3SigEv,0xd8
0xa51008,_ZNSt6__ndk110__function6__funcIZN11wendelstein16ComponentFactory14addConstructorINS2_22SpawnVelocityComponentEEEvvEUlvE_NS_9allocatorIS6_EEFNS_10shared_ptrINS2_17IEmitterComponentEEEvEE7destroyEv,0x4
0xa5100c,_ZN8nlohmann10basic_jsonINSt6__ndk13mapENS1_6vectorENS1_12basic_stringIcNS1_11char_traitsIcEENS1_9allocatorIcEEEEblmdS7_NS_14adl_serializerEE10json_value7destroyENS_6detail7value_tE,0xb8
0xa510c4,_ZN8nlohmann6detail9exceptionD2Ev,0x30
0xa510f4,_ZN22ReportPlayerMapMessageD0Ev,0xc4
0xa511b8,_ZNSt6__ndk110__function6__funcIZN10SWFTexture21loadDownscaledTextureIhEEvP12SupercellSWFiiiibbEUlvE_NS_9allocatorIS6_EEFvvEED0Ev,0x4
0xa511bc,_ZN8Databind4Util13ArrayAccessorI12LogicVector3NSt6__ndk16vectorIS2_NS3_9allocatorIS2_EEEEE4copyERS7_,0x98
0xa51254,_ZNK8Databind23NlohmannJsonInReflector9isInArrayEv,0x10
0xa51264,_ZN4SHA19getDigestEv,0x2f8
0xa5155c,_ZN4asio9execution6detail17any_executor_base10require_fnINS0_12any_executorIJNS0_12context_as_tIRNS_17execution_contextEEENS1_8blocking7never_tILi0EEENS0_11prefer_onlyINS9_10possibly_tILi0EEEEENSC_INS1_16outstanding_work9tracked_tILi0EEEEENSC_INSG_11untracked_tILi0EEEEENSC_INS1_12relationship6fork_tILi0EEEEENSC_INSN_14continuation_tILi0EEEEEEEENS_10io_context19basic_executor_typeINSt6__ndk19allocatorIvEELj0EEESJ_EET_PKvS13_,0x24
0xa51580,_ZN6icu_5815MaybeStackArrayIcLi40EEC2Ev,0x18
0xa51598,_ZN2fx4gltf4NodeaSEOS1_,0x160
0xa516f8,_ZN8Databind4Util13ArrayAccessorI7Vector2IfENSt6__ndk16vectorIS3_NS4_9allocatorIS3_EEEEE3getEm,0x10
0xa51708,_ZNSt6__ndk120__shared_ptr_emplaceI18scFSLayerDirectoryNS_9allocatorIS1_EEED2Ev,0x30
0xa51738,_ZNSt6__ndk110__function6__funcIZN8Databind8Migrator16addMigrationStepIN11wendelstein12old_versions15EmitterParamsV0ENS5_7Emitter13EmitterParamsEEEviNS_8functionIFvRT_RT0_EEEEUlvE0_NS_9allocatorISH_EEFNS_10unique_ptrIvPFvPvEEEvEE7destroyEv,0x4
0xa5173c,_ZN27RankedSeasonEndNotification19getNotificationTypeEv,0x8
0xa51744,_ZN8Databind4Util17ArrayAccessorBaseI6String14LogicArrayListIS2_EE10cloneArrayEv,0x68
0xa517ac,_ZNSt6__ndk120__shared_ptr_pointerIPNS_6vectorIfNS_9allocatorIfEEEENS_14default_deleteIS4_EENS2_IS4_EEED0Ev,0x24
0xa517d0,_ZN8safe_jni8functionIN5titan3com9supercell5titan19GoogleServiceClientEvEclIJbEEEvP8_jobjectDpT_,0x13c
0xa5190c,_ZN12DCT_Upsample3P_QILi5ELi6EE4calcERNS_8Matrix44ES3_PKs,0x2fc
0xa51c08,_ZN8safe_jni8functionIN5titan7android7content2pm9SignatureENSt6__ndk16vectorISt4byteNS6_9allocatorIS8_EEEEEclIJEEESB_P8_jobjectDpT_,0x120
0xa51d28,_ZN4asio9execution6detail17any_executor_base10require_fnINS0_12any_executorIJNS0_12context_as_tIRNS_17execution_contextEEENS1_8blocking7never_tILi0EEENS0_11prefer_onlyINS9_10possibly_tILi0EEEEENSC_INS1_16outstanding_work9tracked_tILi0EEEEENSC_INSG_11untracked_tILi0EEEEENSC_INS1_12relationship6fork_tILi0EEEEENSC_INSN_14continuation_tILi0EEEEEEEENS_10io_context19basic_executor_typeINSt6__ndk19allocatorIvEELj4EEEST_EET_PKvS13_,0x24
0xa51d4c,_ZN19TeamSpectateMessageD0Ev,0xc0
0xa51e0c,_ZNK7Popover14getPopoverTypeEv,0x8
0xa51e14,_ZN22LaserDataLoaderTextureD0Ev,0x24
0xa51e38,_ZNKSt6__ndk120__shared_ptr_pointerIP14LogicArrayListIbENS_14default_deleteIS2_EENS_9allocatorIS2_EEE13__get_deleterERKSt9type_info,0x1c
0xa51e54,_ZNKSt6__ndk110__function6__funcIZN11wendelstein16ComponentFactory14addConstructorINS2_15GroundComponentEEEvvEUlvE_NS_9allocatorIS6_EEFNS_10shared_ptrINS2_17IEmitterComponentEEEvEE6targetERKSt9type_info,0x1c
0xa51e70,_ZN11wendelstein27MovieClipEmitterDataFactoryD0Ev,0x4
0xa51e74,_ZNK8Sprite3D10isSprite3DEv,0x8
0xa51e7c,_ZNKSt6__ndk110__function6__funcIZN11wendelstein16ComponentFactory14addConstructorINS2_18SpawnRateComponentEEEvvEUlvE_NS_9allocatorIS6_EEFNS_10shared_ptrINS2_17IEmitterComponentEEEvEE6targetERKSt9type_info,0x1c
0xa51e98,_ZN25LogicAvatarChangeListener18battlePartyChangedEv,0x4
0xa51e9c,_ZN25PurchaseOfferPopupHandler20getIndexOfModelOfferEi,0x8
0xa51ea4,_ZNSt6__ndk16vectorI16SCIDShopDonationNS_9allocatorIS1_EEE7reserveEm,0x1a8
0xa5204c,_ZN16KeepAliveMessageD0Ev,0xc0
0xa5210c,_ZN14HelpshiftTitan23HelpshiftConnectionImpl24requestNotificationCountEv,0x4
0xa52110,_ZNSt6__ndk13mapINS_12basic_stringIcNS_11char_traitsIcEENS_9allocatorIcEEEEiN8Databind16DatabindEnumBase7CaseCmpENS4_INS_4pairIKS6_iEEEEE6insertINS_14__map_iteratorINS_15__tree_iteratorINS_12__value_typeIS6_iEEPNS_11__tree_nodeISJ_PvEElEEEEEEvT_SQ_,0x120
0xa52230,_ZN24KakaoAccountBoundMessageD0Ev,0xc0
0xa522f0,_ZN8safe_jni11PrepareArgsIJNSt6__ndk16vectorISt4byteNS1_9allocatorIS3_EEEEEE3valERKS6_,0xa8
0xa52398,_ZNK2OT13AnchorFormat210get_anchorEP9hb_font_tjPiS3_,0x1fc
0xa52594,_ZNK12scFileFilter4readEPvm,0x10
0xa525a4,_ZN4asio6detail16service_registry6createINS0_9schedulerENS_17execution_contextEEEPNS4_7serviceEPv,0x3c
0xa525e0,_ZN36SkinPurchaseOptionRewardNotification19getNotificationTypeEv,0x8
0xa525e8,_ZThn192_NK10ScoresPage16shouldAdjustSizeEv,0x10
0xa525f8,_ZN25LogicAvatarChangeListener22brawlpassPointsClaimedEii,0x4
0xa525fc,_ZNK2OT19ChainContextFormat314collect_glyphsEPNS_27hb_collect_glyphs_context_tE,0x1e0
0xa527dc,_ZN26ISCIDManagerImplementation31requestImageDataForAvatarStringERK6String,0x4
0xa527e0,_ZNK11wendelstein17IEmitterComponent17isInfiniteEmitterEv,0x8
0xa527e8,_ZNSt6__ndk16vectorIPKcNS_9allocatorIS2_EEED2Ev,0x18
0xa52800,_ZN8safe_jni8functionIN5titan3com9supercell2id13IdShopProductE6StringEclIJEEES6_P8_jobjectDpT_,0x120
0xa52920,_ZN14LogicDataTableD0Ev,0x4c
0xa5296c,_ZN9GameState5keyUpEi,0x8
0xa52974,_ZNSt6__ndk16__treeINS_12__value_typeImPK14DatabindObjectEENS_19__map_value_compareImS5_NS_4lessImEELb1EEENS_9allocatorIS5_EEE7destroyEPNS_11__tree_nodeIS5_PvEE,0x40
0xa529b4,_ZNSt6__ndk18__rotateIPP11LatencyDataEET_S4_S4_S4_NS_26random_access_iterator_tagE,0x1c8
0xa52b7c,_ZN22KeepAliveServerMessage8destructEv,0x4
0xa52b80,_ZNSt6__ndk125__throw_bad_function_callEv,0xc
0xa52b8c,_ZNSt6__ndk120__shared_ptr_pointerIPN8Databind23DefaultObjectTypeTraitsIN11wendelstein22SpawnLocationComponentEEENS_14default_deleteIS5_EENS_9allocatorIS5_EEE16__on_zero_sharedEv,0x18
0xa52ba4,_ZN8Databind4Util13ArrayAccessorI6StringNSt6__ndk16vectorIS2_NS3_9allocatorIS2_EEEEE5eraseEm,0x78
0xa52c1c,_ZNSt6__ndk127__insertion_sort_incompleteIRPFbP14RankedHeroItemS2_EPS2_EEbT0_S7_T_,0x330
0xa52f4c,_ZNSt6__ndk115basic_streambufIcNS_11char_traitsIcEEED2Ev,0x14
0xa52f60,_ZNK2OT8OffsetToINS_12RecordListOfINS_6ScriptEEENS_7IntTypeItLj2EEEE8sanitizeEPNS_21hb_sanitize_context_tEPKv,0x15c
0xa530bc,_ZN8Databind4Util17ArrayAccessorBaseI6StringNSt6__ndk16vectorIS2_NS3_9allocatorIS2_EEEEE10cloneArrayEv,0x6c
0xa53128,_ZN5titan3com9supercell5titan17GL2JNISurfaceViewD0Ev,0x38
0xa53160,_ZNK23scFileImpl_MemoryHandle15getMemoryHandleEv,0x8
0xa53168,_ZN27RankedSeasonEndNotificationD0Ev,0x4
0xa5316c,_ZN25PurchaseOfferPopupHandler23isDisplayPurchaseButtonEv,0x8
0xa53174,_ZNSt6__ndk110__function6__funcIZN11wendelstein16ComponentFactory14addConstructorINS2_15SpringComponentEEEvvEUlvE_NS_9allocatorIS6_EEFNS_10shared_ptrINS2_17IEmitterComponentEEEvEEclEv,0xe8
0xa5325c,_ZN18LogicAccessoryDataD0Ev,0x40
0xa5329c,_ZNSt6__ndk111basic_regexIcNS_12regex_traitsIcEEE22__parse_RE_dupl_symbolIPKcEET_S7_S7_PNS_16__owns_one_stateIcEEjj,0x454
0xa536f0,_ZN14scPackagedTaskINSt6__ndk14pairIb6StringEEED2Ev,0xa0
0xa53790,_ZN21hb_ot_shape_planner_t7compileER18hb_ot_shape_plan_t,0x21c
0xa539ac,_ZN11wendelstein22SpawnLocationComponentD0Ev,0x4
0xa539b0,_ZN8Databind23DefaultObjectTypeTraitsIN11wendelstein22SpawnVelocityComponentEED0Ev,0x4
0xa539b4,_ZN8Databind4Util17ArrayAccessorBaseINSt6__ndk112basic_stringIcNS2_11char_traitsIcEENS2_9allocatorIcEEEE14LogicArrayListIS8_EE6getPtrEm,0xc
0xa539c0,_ZNSt6__ndk16vectorIN24LocalNotificationManager10sNotifDataENS_9allocatorIS2_EEE21__push_back_slow_pathIRKS2_EEvOT_,0x1c8
0xa53b88,_ZN11wendelstein7Emitter19findComponentByTypeINS_22SpawnVelocityComponentEEENSt6__ndk110shared_ptrIT_EEv,0x20c
0xa53d94,_ZN17LogicGameListener18bonusRewardClaimedEv,0x4
0xa53d98,_ZN8Databind23DefaultObjectTypeTraitsIN11wendelstein15GroundComponentEED0Ev,0x4
0xa53d9c,_ZNSt6__ndk16vectorIN5titan7android7content2pm9SignatureENS_9allocatorIS5_EEE26__swap_out_circular_bufferERNS_14__split_bufferIS5_RS7_EE,0x148
0xa53ee4,_ZN11wendelstein21SimpleGroundComponent9objectDefEv,0x4
0xa53ee8,_ZNSt6__ndk110__function6__baseIFvbPKN8linecorp4nova5ErrorEEED2Ev,0x4
0xa53eec,_ZN8Databind4Util13ArrayAccessorI12LogicVector2NSt6__ndk16vectorIS2_NS3_9allocatorIS2_EEEEE3setEmPKS2_,0x30
0xa53f1c,_ZN8nlohmann6detail20input_buffer_adapterD0Ev,0x4
0xa53f20,_ZN3UIu12getMovieClipERK6String,0x16c
0xa5408c,_ZN4asio6detail12posix_thread4funcINS0_21resolver_service_base21work_scheduler_runnerEE3runEv,0x3c
0xa540c8,_ZNK11wendelstein21SimpleGroundComponent11getCategoryEv,0x8
0xa540d0,_ZN11wendelstein15GroundComponent5cloneEv,0x8c
0xa5415c,_ZN17LogicClientAvatarD2Ev,0x38
0xa54194,_ZNSt6__ndk110__list_impIP8JavaFuncNS_9allocatorIS2_EEED2Ev,0x5c
0xa541f0,_ZNSt6__ndk117__owns_two_statesIcED2Ev,0x64
0xa54254,_ZN5titan3com9supercell5titan18PushMessageServiceD0Ev,0x38
0xa5428c,_ZNK8Databind18DatabindObjectNode23getAsDatabindObjectNodeEv,0x4
0xa54290,_ZN8Databind4Util13ArrayAccessorI7Vector2IfENSt6__ndk16vectorIS3_NS4_9allocatorIS3_EEEEE3addEPKS3_,0x24
0xa542b4,_ZN18BezierInterpolatorI7Vector3IfEE8recreateEv,0xe0
0xa54394,_ZNSt6__ndk120__shared_ptr_emplaceI17scFSAndroidAssetsNS_9allocatorIS1_EEE16__on_zero_sharedEv,0xc
0xa543a0,_ZN8nlohmann6detail28json_sax_dom_callback_parserINS_10basic_jsonINSt6__ndk13mapENS3_6vectorENS3_12basic_stringIcNS3_11char_traitsIcEENS3_9allocatorIcEEEEblmdS9_NS_14adl_serializerEEEE12handle_valueIRlEENS3_4pairIbPSD_EEOT_b,0x1fc
0xa5459c,_ZN27YoozooBillingRequestMessageD0Ev,0xd0
0xa5466c,_ZNSt6__ndk16vectorIN2fx4gltf8AccessorENS_9allocatorIS3_EEE26__swap_out_circular_bufferERNS_14__split_bufferIS3_RS5_EE,0x15c
0xa547c8,_ZN24LaserParticleEmitterDataD2Ev,0x34
0xa547fc,_ZN8Databind4Util13ArrayAccessorI12LogicVector314LogicArrayListIS2_EE4copyERS4_,0x118
0xa54914,_ZNSt6__ndk112__hash_tableINS_17__hash_value_typeINS_12basic_stringIcNS_11char_traitsIcEENS_9allocatorIcEEEEjEENS_22__unordered_map_hasherIS7_S8_NS_4hashIS7_EELb1EEENS_21__unordered_map_equalIS7_S8_NS_8equal_toIS7_EELb1EEENS5_IS8_EEE21__construct_node_hashINS_4pairIKS7_jEEJEEENS_10unique_ptrINS_11__hash_nodeIS8_PvEENS_22__hash_node_destructorINS5_ISQ_EEEEEEmOT_DpOT0_,0xf8
0xa54a0c,_ZNSt6__ndk16vectorIiNS_9allocatorIiEEE8__appendEm,0x120
0xa54b2c,_ZN26ListBrawlTvChannelsMessageD0Ev,0xc0
0xa54bec,_ZN27LogicAddNotificationCommandD0Ev,0x4
0xa54bf0,_ZNK6icu_5815NoopNormalizer216hasBoundaryAfterEi,0x8
0xa54bf8,_ZN8Databind4Util13ArrayAccessorINSt6__ndk112basic_stringIcNS2_11char_traitsIcEENS2_9allocatorIcEEEENS2_6vectorIS8_NS6_IS8_EEEEE4swapEmm,0x4c
0xa54c44,_ZN30LogicGameObjectManagerListener26removeGameObjectReferencesEPK21LogicGameObjectClienti,0x4
0xa54c48,_ZN17LogicGameListener16refreshEventListEv,0x4
0xa54c4c,_ZN8Databind4Util13ArrayAccessorIiNSt6__ndk16vectorIiNS2_9allocatorIiEEEEE8capacityEm,0xa8
0xa54cf4,_ZN4asio9execution6detail17any_executor_base9prefer_fnINS0_12any_executorIJNS0_12context_as_tIRNS_17execution_contextEEENS1_8blocking7never_tILi0EEENS0_11prefer_onlyINS9_10possibly_tILi0EEEEENSC_INS1_16outstanding_work9tracked_tILi0EEEEENSC_INSG_11untracked_tILi0EEEEENSC_INS1_12relationship6fork_tILi0EEEEENSC_INSN_14continuation_tILi0EEEEEEEEvSF_EET_PKvSX_,0x50
0xa54d44,_ZN8safe_jni4ctorIN5titan3com9supercell2id21IdPendingRegistrationEEclIJ6StringS8_bEEEP8_jobjectDpT_,0x234
0xa54f78,_ZN5titan7android4view7Display4ModeD0Ev,0x38
0xa54fb0,_ZN25LogicAvatarChangeListener27permanentShopOfferPurchasedEiii,0x4
0xa54fb4,_ZNK30JoinRequestAllianceStreamEntry18getStreamEntryTypeEv,0x8
0xa54fbc,_ZN22StarPointsNotification19getNotificationTypeEv,0x8
0xa54fc4,_ZN14LogicConditionD0Ev,0x4
0xa54fc8,_ZNSt6__ndk114__split_bufferI11scRingQueueI7Vector3IfEERNS_9allocatorIS4_EEE9push_backEOS4_,0x290
0xa55258,_ZNK11wendelstein15GroundComponent11getCategoryEv,0x8
0xa55260,_ZNSt6__ndk114__copy_alignedINS_6vectorIbNS_9allocatorIbEEEELb1EEENS_14__bit_iteratorIT_Lb0EXLi0EEEENS5_IS6_XT0_EXLi0EEEES8_S7_,0x148
0xa553a8,_ZN8nlohmann10basic_jsonINSt6__ndk13mapENS1_6vectorENS1_12basic_stringIcNS1_11char_traitsIcEENS1_9allocatorIcEEEEblmdS7_NS_14adl_serializerEE5parseEONS_6detail13input_adapterENS1_8functionIFbiNSC_6parserISB_E13parse_event_tERSB_EEEb,0x220
0xa555c8,_ZNSt6__ndk16vectorIN2fx4gltf9Animation7SamplerENS_9allocatorIS4_EEE6insertENS_11__wrap_iterIPKS4_EEOS4_,0x360
0xa55928,_ZN11wendelstein13DragComponent4nameEv,0x24
0xa5594c,_ZN21GemRewardNotificationD0Ev,0x4
0xa55950,_ZN11SCIDManager20setNotificationBadgeEbi,0x10
0xa55960,_ZN16ImpostorMaterialD0Ev,0x24
0xa55984,_ZN4asio6detail16service_registry6createINS0_16resolver_serviceINS_2ip3tcpEEENS_10io_contextEEEPNS_17execution_context7serviceEPv,0x5c
0xa559e0,_ZN2fx4gltf6detail17ReadOptionalFieldINSt6__ndk113unordered_mapINS3_12basic_stringIcNS3_11char_traitsIcEENS3_9allocatorIcEEEEjNS3_4hashISA_EENS3_8equal_toISA_EENS8_INS3_4pairIKSA_jEEEEEEEEvNS3_17basic_string_viewIcS7_EERKN8nlohmann10basic_jsonINS3_3mapENS3_6vectorESA_blmdS8_NSM_14adl_serializerEEERT_,0x144
0xa55b24,_ZN8safe_jni15static_functionIN5titan3com9supercell5titan19NativeDialogManagerEvEclIJ6StringS8_EEEvDpT_,0x20c
0xa55d30,_ZN25PurchaseOfferPopupHandler8setTitleEP9TextField,0x8
0xa55d38,_ZNK13OpenGLContext13isCoreContextEv,0x8
0xa55d40,_ZNKSt6__ndk16__treeINS_12__value_typeINS_12basic_stringIcNS_11char_traitsIcEENS_9allocatorIcEEEEN11wendelstein16ComponentFactory8MapEntryEEENS_19__map_value_compareIS7_SB_NS_4lessIS7_EELb1EEENS5_ISB_EEE4findIS7_EENS_21__tree_const_iteratorISB_PNS_11__tree_nodeISB_PvEElEERKT_,0x114
0xa55e54,_ZN8Databind6detail22AbstractDatabindSetterIfED2Ev,0x4
0xa55e58,_ZN6SCTune5startEv,0x4
0xa55e5c,_ZN27ViewReplayByStringIdMessageD0Ev,0xd0
0xa55f2c,_ZN29LogicDecreaseHeroScoreCommandD0Ev,0x38
0xa55f64,_ZNK10BitmapFont10getLeadingEv,0x8
0xa55f6c,_ZN8safe_jni15static_functionIN5titan3com9supercell5titan15PurchaseManagerE6StringEclIJS6_EEES6_DpT_,0x1a8
0xa56114,_ZN17LogicCampaignDataD0Ev,0x60
0xa56174,_ZNK23scFileImpl_MemoryHandle3eofEv,0x30
0xa561a4,_ZN4asio9execution6detail17any_executor_base9prefer_fnINS0_12any_executorIJNS0_12context_as_tIRNS_17execution_contextEEENS1_8blocking7never_tILi0EEENS0_11prefer_onlyINS9_10possibly_tILi0EEEEENSC_INS1_16outstanding_work9tracked_tILi0EEEEENSC_INSG_11untracked_tILi0EEEEENSC_INS1_12relationship6fork_tILi0EEEEENSC_INSN_14continuation_tILi0EEEEEEEEvS8_EET_PKvSX_,0x50
0xa561f4,_ZNKSt6__ndk111basic_regexIcNS_12regex_traitsIcEEE27__match_at_start_posix_subsINS_9allocatorINS_9sub_matchIPKcEEEEEEbS8_S8_RNS_13match_resultsIS8_T_EENS_15regex_constants15match_flag_typeEb,0x5b4
0xa567a8,_ZN25LogicAvatarChangeListener17tailRewardClaimedEiiiP13LogicGemOffer,0x4
0xa567ac,_ZNK6icu_5815NoopNormalizer217hasBoundaryBeforeEi,0x8
0xa567b4,_ZNSt6__ndk16vectorI11TencentUserNS_9allocatorIS1_EEE21__push_back_slow_pathIRKS1_EEvOT_,0x1a4
0xa56958,_ZN27AskForAddableFriendsMessageD0Ev,0xc0
0xa56a18,_ZNSt6__ndk110__function6__funcIZN10SWFTexture21loadDownscaledTextureIhEEvP12SupercellSWFiiiibbEUlvE_NS_9allocatorIS6_EEFvvEEclEv,0x34
0xa56a4c,_ZN24AcceptTokenFriendMessageD0Ev,0xc0
0xa56b0c,_ZN4asio9execution6detail17any_executor_base11copy_objectINS_10io_context19basic_executor_typeINSt6__ndk19allocatorIvEELj4EEEEEvRS2_RKS2_,0x34
0xa56b40,_ZN2fx4gltf6detail17ReadOptionalFieldINSt6__ndk16vectorINS3_13unordered_mapINS3_12basic_stringIcNS3_11char_traitsIcEENS3_9allocatorIcEEEEjNS3_4hashISB_EENS3_8equal_toISB_EENS9_INS3_4pairIKSB_jEEEEEENS9_ISK_EEEEEEvNS3_17basic_string_viewIcS8_EERKN8nlohmann10basic_jsonINS3_3mapES4_SB_blmdS9_NSP_14adl_serializerEEERT_,0x180
0xa56cc0,_ZNK2OT7ArrayOfINS_8OffsetToINS_11OffsetTableENS_7IntTypeIjLj4EEEEES4_E8sanitizeEPNS_21hb_sanitize_context_tEPKv,0x168
0xa56e28,_ZNSt6__ndk16__loopIcED0Ev,0x60
0xa56e88,_ZN8Databind6detail8fnv1a_32EPKcm,0x50
0xa56ed8,_ZN27LogicChangeResourcesCommandD0Ev,0x4
0xa56edc,_ZNSt6__ndk110__function6__funcIZN11wendelstein16ComponentFactory14addConstructorINS2_13DragComponentEEEvvEUlvE_NS_9allocatorIS6_EEFNS_10shared_ptrINS2_17IEmitterComponentEEEvEE18destroy_deallocateEv,0x4
0xa56ee0,_ZN4asio6detail13posix_tss_ptrINS0_10call_stackINS0_14thread_contextENS0_16thread_info_baseEE7contextEED2Ev,0x8
0xa56ee8,_ZN5titan3com6google7android4play4core6review10ReviewInfoD0Ev,0x38
0xa56f20,_ZNSt6__ndk120__shared_ptr_pointerIPN8Databind23DefaultObjectTypeTraitsIN11wendelstein20MovieClipEmitterDataEEENS_14default_deleteIS5_EENS_9allocatorIS5_EEE16__on_zero_sharedEv,0x18
0xa56f38,_ZN5SetBgD0Ev,0x4
0xa56f3c,_ZThn8_N10SCTuneImpl8onWakeupEP10Connection,0x4
0xa56f40,_ZNK6icu_5814FCDNormalizer218normalizeAndAppendEPKtS2_aRNS_13UnicodeStringERNS_16ReorderingBufferER10UErrorCode,0x8
0xa56f48,_ZNK24RankedLeaderboardsScreen14getLocalScrollEv,0x8
0xa56f50,_ZN19TeamSetEventMessageD0Ev,0xc0
0xa57010,_ZN9InputTool11touchCancelEi,0x4
0xa57014,_ZNSt6__ndk120__shared_ptr_pointerIPN8Databind23DefaultObjectTypeTraitsIN11wendelstein18CurlNoiseComponentEEENS_14default_deleteIS5_EENS_9allocatorIS5_EEE16__on_zero_sharedEv,0x18
0xa5702c,_ZN16KeepAliveMessage8destructEv,0x4
0xa57030,_ZN25LogicAvatarChangeListener12scoreChangedEiiib,0x4
0xa57034,_ZN23LogicCharacterClientOwnD0Ev,0xa8
0xa570dc,_ZNSt6__ndk110__function12__value_funcIFRK6StringP5UICtxEE4swapERS8_,0x160
0xa5723c,_ZN8Databind4Util13ArrayAccessorI12LogicVector2NSt6__ndk16vectorIS2_NS3_9allocatorIS2_EEEEE6resizeEm,0x30
0xa5726c,_ZNSt6__ndk120__bracket_expressionIcNS_12regex_traitsIcEEE11__add_rangeENS_12basic_stringIcNS_11char_traitsIcEENS_9allocatorIcEEEES9_,0x4c4
0xa57730,_ZN8safe_jni7ConvertINSt6__ndk16vectorISt4byteNS1_9allocatorIS3_EEEEvE12CallFunctionEP10_jmethodIDP8_jobjectz,0x1c8
0xa578f8,_ZN8PageItem6updateEf,0x4
0xa578fc,_ZN11SCIDManager14friendsChangedEiP10SCIDFriend,0xc
0xa57908,_ZNK18PurchaseOfferPopup17showOnlinePlayersEv,0x8
0xa57910,_ZN4asio6detail13epoll_reactor16descriptor_stateD2Ev,0x10c
0xa57a1c,_ZNSt6__ndk120__shared_ptr_pointerIP14scPackagedTaskIvENS_14default_deleteIS2_EENS_9allocatorIS2_EEE21__on_zero_shared_weakEv,0x4
0xa57a20,_ZN21LogicPlayerRewardDataD0Ev,0x4
0xa57a24,_ZNSt6__ndk119__throw_regex_errorILNS_15regex_constants10error_typeE12EEEvv,0xc
0xa57a30,_ZN4asio6detail9scheduler8shutdownEv,0x174
0xa57ba4,_ZN8Databind6detail22AccessorNonRefGetConstIf18BezierInterpolatorIfEED0Ev,0x4
0xa57ba8,_ZNK6scPathplEPKc,0xd0
0xa57c78,_ZNKSt6__ndk110__r_anchorIcE6__execERNS_7__stateIcEE,0x38
0xa57cb0,_ZN11NameHandler11nameChangedERK6String,0x4
0xa57cb4,_ZNK2OT7ArrayOfINS_6RecordINS_7LangSysEEENS_7IntTypeItLj2EEEE8sanitizeEPNS_21hb_sanitize_context_tEPKv,0x188
0xa57e3c,_ZN16AllianceRankItemC2EP12RankingEntryi,0x4dc
0xa58318,_ZN11OnlinePopup12onInviteDoneEv,0xc
0xa58324,_ZNSt6__ndk110__function6__funcIZN10SWFTexture11loadTextureIiEEvP12SupercellSWFiiiibbEUlvE_NS_9allocatorIS6_EEFvvEED0Ev,0x4
0xa58328,_ZN22BattleEndPreviewButtonD2Ev,0x34
0xa5835c,_ZN15DownloadManager8Manifest18getChronosResourceEiRK6String,0x150
0xa584ac,_ZNKSt6__ndk112__hash_tableINS_17__hash_value_typeIPv6StringEENS_22__unordered_map_hasherIS2_S4_NS_4hashIS2_EELb1EEENS_21__unordered_map_equalIS2_S4_NS_8equal_toIS2_EELb1EEENS_9allocatorIS4_EEE4findIS2_EENS_21__hash_const_iteratorIPNS_11__hash_nodeIS4_S2_EEEERKT_,0x114
0xa585c0,_ZN29AvailableServerCommandMessageD0Ev,0xc0
0xa58680,_ZN8Databind4Util13ArrayAccessorINSt6__ndk112basic_stringIcNS2_11char_traitsIcEENS2_9allocatorIcEEEE14LogicArrayListIS8_EE4swapEmm,0x64
0xa586e4,_ZN4asio9execution6detail17any_executor_base8query_fnINS_10io_context19basic_executor_typeINSt6__ndk19allocatorIvEELj4EEENS0_11prefer_onlyINS1_8blocking10possibly_tILi0EEEEEEEvPvPKvSH_,0x38
0xa5871c,_ZN8Databind6detail22AccessorNonRefGetConstIf18BezierInterpolatorI7Vector3IfEEED0Ev,0x4
0xa58720,_ZNKSt6__ndk16__treeINS_12__value_typeINS_12basic_stringIcNS_11char_traitsIcEENS_9allocatorIcEEEEP18scAbstractTreeNodeEENS_19__map_value_compareIS7_SA_NS_4lessIS7_EELb1EEENS5_ISA_EEE4findIS7_EENS_21__tree_const_iteratorISA_PNS_11__tree_nodeISA_PvEElEERKT_,0x114
0xa58834,_ZN9UIHandlerD2Ev,0x4
0xa58838,_ZNK21TypedResourceDataBaseILi4EE7getTypeEv,0x8
0xa58840,_ZN19RemoveFriendMessageD0Ev,0xc0
0xa58900,_ZN25LogicClaimAdRewardCommandD0Ev,0x4
0xa58904,_ZNSt6__ndk16vectorINS_13unordered_mapINS_12basic_stringIcNS_11char_traitsIcEENS_9allocatorIcEEEEjNS_4hashIS7_EENS_8equal_toIS7_EENS5_INS_4pairIKS7_jEEEEEENS5_ISG_EEE6insertENS_11__wrap_iterIPKSG_EEOSG_,0x314
0xa58c18,_ZN13LogicConfDataD2Ev,0xe0
0xa58cf8,_ZN22LogicUnlockSkinCommandD0Ev,0x4
0xa58cfc,_ZNSt6__ndk120__bracket_expressionIcNS_12regex_traitsIcEEED2Ev,0x144
0xa58e40,_ZN25LogicAvatarChangeListener34debugChampionshipChallengeWinAddedEv,0x4
0xa58e44,_ZNK17scAbstractFSLayer10isPackfileEv,0x8
0xa58e4c,_ZN26sc3dWorldCombiningRendererD0Ev,0x4
0xa58e50,_ZNK23scFileImpl_MemoryHandle6isOpenEv,0x10
0xa58e60,_ZNK4Game9canRenderEv,0x8
0xa58e68,_ZN21GetTokenFriendMessageD0Ev,0xc0
0xa58f28,_ZN46TencentAntiAddictionInstructionExecutedMessageD0Ev,0xd0
0xa58ff8,_ZN8Databind4Util17ArrayAccessorBaseIb14LogicArrayListIbEE10cloneArrayEv,0x68
0xa59060,_ZNK12GenericPopup17showOnlinePlayersEv,0x8
0xa59068,_ZNKSt6__ndk110__function6__funcIZN11wendelstein16ComponentFactory14addConstructorINS2_19SpawnBurstComponentEEEvvEUlvE_NS_9allocatorIS6_EEFNS_10shared_ptrINS2_17IEmitterComponentEEEvEE11target_typeEv,0xc
0xa59074,_ZThn8_N10AreaEffectD1Ev,0x70
0xa590e4,_ZN25UnbindKakaoAccountMessageD0Ev,0xc0
0xa591a4,_ZNSt6__ndk119basic_ostringstreamIcNS_11char_traitsIcEENS_9allocatorIcEEED0Ev,0x74
0xa59218,_ZN4Game15onMemoryWarningEv,0x4
0xa5921c,_ZN17TeamStreamMessageD0Ev,0xc0
0xa592dc,_ZN8Databind4Util13ArrayAccessorI6StringNSt6__ndk16vectorIS2_NS3_9allocatorIS2_EEEEE15addDefaultValueEv,0x9c
0xa59378,_ZN16TeamErrorMessageD0Ev,0xc0
0xa59438,_ZNKSt6__ndk110__function6__funcIZN10SWFTexture21loadDownscaledTextureIhEEvP12SupercellSWFiiiibbEUlvE_NS_9allocatorIS6_EEFvvEE6targetERKSt9type_info,0x1c
0xa59454,_ZNSt6__ndk16vectorIN2fx4gltf9PrimitiveENS_9allocatorIS3_EEE26__swap_out_circular_bufferERNS_14__split_bufferIS3_RS5_EEPS3_,0x220
0xa59674,_ZNK11SCIDManager13isYoungPlayerEv,0x8
0xa5967c,_ZNK15StarPointsPopup17showOnlinePlayersEv,0x8
0xa59684,_ZN19AllianceListMessageD0Ev,0xc0
0xa59744,_ZN11wendelstein21SimpleGroundComponent23setDatabindObjectFieldsEP14DatabindObjectm,0x1dc
0xa59920,_ZNK18BezierInterpolatorI7Vector3IfEE5getToEv,0xc
0xa5992c,_ZN11wendelstein15SpringComponent9objectDefEv,0x4
0xa59930,_ZN14HelpshiftTitan23HelpshiftConnectionImpl10enableChatEv,0x4
0xa59934,_ZN24UdpConnectionInfoMessageD0Ev,0xc0
0xa599f4,_ZNSt6__ndk16vectorINS_4pairINS_12basic_stringIcNS_11char_traitsIcEENS_9allocatorIcEEEES7_EENS5_IS8_EEE21__push_back_slow_pathIS8_EEvOT_,0x194
0xa59b88,_ZThn192_NK24RankedLeaderboardsScreen18getTargetMovieClipEv,0x8
0xa59b90,_ZN8safe_jni15static_functionIN5titan3com9supercell5titan21NativeFacebookManagerE6StringEclIJEEES6_DpT_,0x148
0xa59cd8,_ZNKSt6__ndk110__function6__funcIZN11wendelstein16ComponentFactory14addConstructorINS2_20SpawnPlanarComponentEEEvvEUlvE_NS_9allocatorIS6_EEFNS_10shared_ptrINS2_17IEmitterComponentEEEvEE7__cloneEv,0x24
0xa59cfc,_ZNSt6__ndk14pairINS_12basic_stringIcNS_11char_traitsIcEENS_9allocatorIcEEEE20CachedClassReferenceEC2IRPKcS7_Lb0EEEOT_OT0_,0xbc
0xa59db8,_ZNK19TeamInvitationPopup28allowClosingFromModalTappingEv,0x8
0xa59dc0,_ZN15DownloadManager13DownloadQueue19fileDownloadStartedEPK6StringS3_,0xd8
0xa59e98,_ZN6scPathC2ERKNSt6__ndk112basic_stringIcNS0_11char_traitsIcEENS0_9allocatorIcEEEE,0xb8
0xa59f50,_ZN2OT15HeadlessArrayOfINS_7GlyphIDENS_7IntTypeItLj2EEEE9serializeEPNS_22hb_serialize_context_tERNS_8SupplierIS1_EEj,0x15c
0xa5a0ac,_ZN8Databind4Util13ArrayAccessorI7Vector3IfE14LogicArrayListIS3_EE4swapEmm,0x50
0xa5a0fc,_ZN33AllianceStreamEntryRemovedMessageD0Ev,0xc0
0xa5a1bc,_ZN22PromoPopupNotificationD0Ev,0x30
0xa5a1ec,_ZNK8nlohmann6detail12from_json_fnclINS_10basic_jsonINSt6__ndk13mapENS4_6vectorENS4_12basic_stringIcNS4_11char_traitsIcEENS4_9allocatorIcEEEEblmdSA_NS_14adl_serializerEEEN2fx4gltf9Animation7Channel6TargetEEEDTcmcl9from_jsonfp_fp0_Ecvv_EERKT_RT0_,0x1dc
0xa5a3c8,_ZNKSt6__ndk111__end_stateIcE6__execERNS_7__stateIcEE,0xc
0xa5a3d4,_ZNSt6__ndk16__sortIRPFbPKN13DebugMenuBase8CategoryES4_EPPS2_EEvT0_SA_T_,0x624
0xa5a9f8,_ZN21NewsPopupNotificationD0Ev,0x30
0xa5aa28,_ZNSt6__ndk114__split_bufferIN2fx4gltf4NodeERNS_9allocatorIS3_EEE9push_backEOS3_,0x37c
0xa5ada4,_ZN17ReportUserMessageD0Ev,0xc0
0xa5ae64,_ZN11wendelstein12old_versions22MovieClipEmitterDataV023setDatabindObjectFieldsEP14DatabindObjectm,0x59c
0xa5b400,_ZNSt6__ndk113basic_filebufIcNS_11char_traitsIcEEE7seekoffExNS_8ios_base7seekdirEj,0xc0
0xa5b4c0,_ZN16SCWObjectFactoryD0Ev,0x4
0xa5b4c4,_ZN5tween6LinearD0Ev,0x4
0xa5b4c8,_ZN27TeamToggleMemberSideMessageD2Ev,0xe0
0xa5b5a8,_ZN18LogicClientGlobals17initializeMembersEv,0x4a0
0xa5ba48,_ZN18LoginFailedMessageD2Ev,0xdc
0xa5bb24,_ZN8Databind4Util13ArrayAccessorI12LogicVector2NSt6__ndk16vectorIS2_NS3_9allocatorIS2_EEEEE4sizeEv,0x14
0xa5bb38,_ZN8safe_jni9JavaClassD2Ev,0x20
0xa5bb58,_ZN18RevokeNotification19getNotificationTypeEv,0x8
0xa5bb60,_ZNK17ReplayStreamEntry18getStreamEntryTypeEv,0x8
0xa5bb68,_ZN4asio9execution6detail17any_executor_base10require_fnINS0_12any_executorIJNS0_12context_as_tIRNS_17execution_contextEEENS1_8blocking7never_tILi0EEENS0_11prefer_onlyINS9_10possibly_tILi0EEEEENSC_INS1_16outstanding_work9tracked_tILi0EEEEENSC_INSG_11untracked_tILi0EEEEENSC_INS1_12relationship6fork_tILi0EEEEENSC_INSN_14continuation_tILi0EEEEEEEENS_10io_context19basic_executor_typeINSt6__ndk19allocatorIvEELj0EEES8_EET_PKvS13_,0x24
0xa5bb8c,_ZN4asio9execution6detail17any_executor_base10require_fnINS0_12any_executorIJNS0_12context_as_tIRNS_17execution_contextEEENS1_8blocking7never_tILi0EEENS0_11prefer_onlyINS9_10possibly_tILi0EEEEENSC_INS1_16outstanding_work9tracked_tILi0EEEEENSC_INSG_11untracked_tILi0EEEEENSC_INS1_12relationship6fork_tILi0EEEEENSC_INSN_14continuation_tILi0EEEEEEEEvSM_EET_PKvSX_,0x50
0xa5bbdc,_ZN18scAbstractTreeNode11removeChildEPS_,0x118
0xa5bcf4,_ZNK6icu_5820DecomposeNormalizer218normalizeAndAppendEPKtS2_aRNS_13UnicodeStringERNS_16ReorderingBufferER10UErrorCode,0x8
0xa5bcfc,_ZNK20CreatePlayerMapPopup12getPopupTypeEv,0x8
0xa5bd04,_ZNSt6__ndk13mapINS_12basic_stringIcNS_11char_traitsIcEENS_9allocatorIcEEEEiN8nlohmann16fifo_map_compareIS6_EENS4_INS_4pairIKS6_iEEEEE6insertINS_20__map_const_iteratorINS_21__tree_const_iteratorINS_12__value_typeIS6_iEEPNS_11__tree_nodeISJ_PvEElEEEEEEvT_SQ_,0x120
0xa5be24,_ZN11wendelstein17MovieClipRendererD0Ev,0xac
0xa5bed0,_ZN9LogicDataD0Ev,0x40
0xa5bf10,_ZN25PurchaseOfferPopupHandler13setupItemDescEP9TextFieldi,0x4
0xa5bf14,_ZNSt6__ndk16__treeINS_12__value_typeI6StringN15DownloadManager8Manifest5EntryEEENS_19__map_value_compareIS2_S6_NS_4lessIS2_EELb1EEENS_9allocatorIS6_EEE25__emplace_unique_key_argsIS2_JNS_4pairIS2_S5_EEEEENSF_INS_15__tree_iteratorIS6_PNS_11__tree_nodeIS6_PvEElEEbEERKT_DpOT0_,0x140
0xa5c054,_ZNSt6__ndk16vectorIN11wendelstein23MovieClipRendererBucket9GPUVertexENS_9allocatorIS3_EEE6insertINS_11__wrap_iterIPS3_EEEENS_9enable_ifIXaasr21__is_forward_iteratorIT_EE5valuesr16is_constructibleIS3_NS_15iterator_traitsISC_E9referenceEEE5valueESA_E4typeENS8_IPKS3_EESC_SC_,0x264
0xa5c2b8,_ZN8nlohmann6detail19json_sax_dom_parserINS_10basic_jsonINSt6__ndk13mapENS3_6vectorENS3_12basic_stringIcNS3_11char_traitsIcEENS3_9allocatorIcEEEEblmdS9_NS_14adl_serializerEEEE12handle_valueIRSB_EEPSD_OT_,0x13c
0xa5c3f4,_ZN32RankedMatchUpdateHeroDataMessageD0Ev,0xc0
0xa5c4b4,_ZN5titan7android7content3res13ConfigurationD0Ev,0x38
0xa5c4ec,_ZNSt6__ndk110__function6__baseIFivEED2Ev,0x4
0xa5c4f0,_ZN13LogicJSONNullD0Ev,0x4
0xa5c4f4,_ZN8Databind4Util13ArrayAccessorI12LogicVector2NSt6__ndk16vectorIS2_NS3_9allocatorIS2_EEEEE5clearEv,0x10
0xa5c504,_ZNSt6__ndk16vectorIP5StageNS_9allocatorIS2_EEE21__push_back_slow_pathIRKS2_EEvOT_,0xe8
0xa5c5ec,_ZNKSt6__ndk120__shared_ptr_pointerIPNS_6vectorIbNS_9allocatorIbEEEENS_14default_deleteIS4_EENS2_IS4_EEE13__get_deleterERKSt9type_info,0x1c
0xa5c608,_ZN14HelpshiftTitan23HelpshiftConnectionImpl15setMetadataTagsEPK6Stringi,0xa4
0xa5c6ac,_ZN4asio6detail16service_registry6createINS0_13epoll_reactorENS_17execution_contextEEEPNS4_7serviceEPv,0x34
0xa5c6e0,_ZTv0_n24_NSt6__ndk114basic_ofstreamIcNS_11char_traitsIcEEED1Ev,0x48
0xa5c728,_ZN13DebugMenuBase13buttonClickedEP12CustomButton,0x4
0xa5c72c,_ZN30UpdatePlayerMapResponseMessageD0Ev,0xc4
0xa5c7f0,_ZN30LogicGameObjectManagerListenerD2Ev,0x4
0xa5c7f4,_ZNSt6__ndk16vectorIN8nlohmann10basic_jsonINS_3mapES0_NS_12basic_stringIcNS_11char_traitsIcEENS_9allocatorIcEEEEblmdS7_NS1_14adl_serializerEEENS7_ISB_EEE24__emplace_back_slow_pathIJRdEEEvDpOT_,0x138
0xa5c92c,_ZNK10StreamItem15getMessageCountEv,0x8
0xa5c934,_ZN8Databind4Util13ArrayAccessorINSt6__ndk112basic_stringIcNS2_11char_traitsIcEENS2_9allocatorIcEEEENS2_6vectorIS8_NS6_IS8_EEEEE3addEPKS8_,0xe0
0xa5ca14,_ZNK8Databind4Util13ArrayAccessorIbNSt6__ndk16vectorIbNS2_9allocatorIbEEEEE8getArrayEv,0x8
0xa5ca1c,_ZN13HeroListEntry12touchPressedERK5Touch,0x18
0xa5cb4c,_ZN22MessageDataStreamEntryD0Ev,0x4
0xa5cb50,_ZNKSt6__ndk120__shared_ptr_pointerIPNS_6vectorI7Vector2IfENS_9allocatorIS3_EEEENS_14default_deleteIS6_EENS4_IS6_EEE13__get_deleterERKSt9type_info,0x1c
0xa5cb6c,_ZNK11SCIDManager22isSocialFeatureEnabledEv,0x8
0xa5cb74,_ZN8ShopItem19afterInitialArrangeEv,0x4
0xa5cb78,_ZN4asio9execution6detail17any_executor_base10require_fnINS0_12any_executorIJNS0_12context_as_tIRNS_17execution_contextEEENS1_8blocking7never_tILi0EEENS0_11prefer_onlyINS9_10possibly_tILi0EEEEENSC_INS1_16outstanding_work9tracked_tILi0EEEEENSC_INSG_11untracked_tILi0EEEEENSC_INS1_12relationship6fork_tILi0EEEEENSC_INSN_14continuation_tILi0EEEEEEEEvS8_EET_PKvSX_,0x50
0xa5cbc8,_ZN25TuneBrawlTvChannelMessageD0Ev,0xc0
0xa5cc88,_ZN11wendelstein18SpawnRateComponent23setDatabindObjectFieldsEP14DatabindObjectm,0x3e4
0xa5d06c,_ZNK21ILeaderboardPageOwner28getRankingEntryScoreOverrideEv,0x8
0xa5d074,_ZN11wendelstein23MovieClipRendererBucket10shapeStartEffffP7GLImageiRb,0x30
0xa5d0a4,_ZN2OT18hb_apply_context_t19skipping_iterator_t4nextEv,0x1f4
0xa5d298,_ZNSt6__ndk110__function6__baseIFNS_8functionIFvvEEEvEED2Ev,0x4
0xa5d29c,_ZNK18BezierInterpolatorI7Vector3IfEE5getX1Ev,0x8
0xa5d2a4,_ZN8safe_jni8functionIN5titan3com9supercell2id15IdConnectedGameE6StringEclIJEEES6_P8_jobjectDpT_,0x120
0xa5d3c4,_ZN5tween5QuartD0Ev,0x4
0xa5d3c8,_ZNK11SocialPopup12getPopupTypeEv,0x8
0xa5d3d0,_ZNSt6__ndk115basic_stringbufIcNS_11char_traitsIcEENS_9allocatorIcEEE7seekoffExNS_8ios_base7seekdirEj,0x100
0xa5d4d0,_ZNK4asio5error6detail14netdb_category4nameEv,0xc
0xa5d4dc,_ZN8safe_jni4ctorIN5titan3com9supercell5titan11SupercellIdEEclIJEEEP8_jobjectDpT_,0xb4
0xa5d590,_ZNSt6__ndk119basic_ostringstreamIcNS_11char_traitsIcEENS_9allocatorIcEEED1Ev,0x6c
0xa5d5fc,_ZNSt6__ndk120__shared_ptr_pointerIPN8Databind23DefaultObjectTypeTraitsIN11wendelstein17MovieClipRenderer6ParamsEEENS_14default_deleteIS6_EENS_9allocatorIS6_EEED0Ev,0x24
0xa5d620,_ZN16LogicRankedMatchD0Ev,0x4
0xa5d624,_ZNK13DisplayObject8isSpriteEv,0x8
0xa5d62c,_ZNSt6__ndk19transformIN8nlohmann6detail9iter_implIKNS1_10basic_jsonINS_3mapENS_6vectorENS_12basic_stringIcNS_11char_traitsIcEENS_9allocatorIcEEEEblmdSA_NS1_14adl_serializerEEEEENS_15insert_iteratorINS6_IN2fx4gltf5ImageENSA_ISK_EEEEEEZNS2_20from_json_array_implISE_SM_EEDTcmcmcldtfp0_7reserveclsr3stdE7declvalINT0_9size_typeEEEEcldtfp_3getINSP_10value_typeEEEcvv_EERKT_RSP_NS2_12priority_tagILj1EEEEUlRSF_E_EESP_ST_ST_SP_T1_,0x1c8
0xa5d7f4,_ZN5titan3com9supercell2id21IdPendingRegistrationD0Ev,0x38
0xa5d82c,_ZN10BitmapFont15BitmapFormatter7isColorEv,0x8
0xa5d834,_ZNK14scFileImplBase10isWritableEv,0xc
0xa5d840,_ZN23AskForFriendListMessageD0Ev,0xc0
0xa5d900,_ZN18scAbstractTreeNodeD2Ev,0x50
0xa5d950,_ZN6SCTune10hasMessageEv,0x8
0xa5d958,_ZNK11DragHandler14getWindowWidthEv,0x8
0xa5d960,_ZNSt6__ndk120__shared_ptr_pointerIP14scPackagedTaskIvENS_14default_deleteIS2_EENS_9allocatorIS2_EEE16__on_zero_sharedEv,0x18
0xa5d978,_ZN8safe_jni15static_functionIN5titan3com9supercell5titan15ApplicationUtilE6StringEclIJEEES6_DpT_,0x148
0xa5dac0,_ZNK17scFSLayerPackfile16getVersionStringEv,0xc
0xa5dacc,_ZN21SpectateFailedMessageD0Ev,0xc0
0xa5db8c,_ZN9CombatHUD17initializeMembersEv,0x238
0xa5ddc4,_ZNSt6__ndk120__shared_ptr_emplaceI17scFSLayerPackfileNS_9allocatorIS1_EEED2Ev,0x98
0xa5de5c,_ZNSt6__ndk110__function6__funcIZN11wendelstein16ComponentFactory14addConstructorINS2_21DecelerationComponentEEEvvEUlvE_NS_9allocatorIS6_EEFNS_10shared_ptrINS2_17IEmitterComponentEEEvEEclEv,0xa4
0xa5df00,_ZNK21RankedTeamSelectPopup17showOnlinePlayersEv,0x8
0xa5df08,_ZN10ItemsPopup12itemEquippedEPK13LogicCardData,0xc
0xa5df14,_ZNSt6__ndk110__function12__value_funcIFvbEE4swapERS3_,0x138
0xa5e04c,_ZN24UnbindLineAccountMessageD0Ev,0xc0
0xa5e10c,_ZN21ScidLifecycleListener9onDestroyEv,0x4
0xa5e110,_ZN25RankedMatchBanHeroMessageD0Ev,0xc0
0xa5e1d0,_ZN11wendelstein20SpawnPlanarComponent5cloneEv,0x70
0xa5e240,_ZNSt6__ndk16vectorIN5titan7android4view7Display4ModeENS_9allocatorIS5_EEE26__swap_out_circular_bufferERNS_14__split_bufferIS5_RS7_EE,0x148
0xa5e388,_ZNSt6__ndk110__function6__funcIZN11wendelstein16ComponentFactory14addConstructorINS2_18SpawnRateComponentEEEvvEUlvE_NS_9allocatorIS6_EEFNS_10shared_ptrINS2_17IEmitterComponentEEEvEE18destroy_deallocateEv,0x4
0xa5e38c,_ZN8safe_jni15static_functionIN5titan3com9supercell5titan14HelpshiftTitanEvEclIJ6StringS8_EEEvDpT_,0x20c
0xa5e598,_ZN5titan7android4view7SurfaceD0Ev,0x38
0xa5e5d0,_ZN17LogicGameListener16heroSelectFailedEv,0x4
0xa5e5d4,_ZN23scFileImpl_FakeMmapBaseD0Ev,0x4
0xa5e5d8,_ZN15TeamJoinMessageD0Ev,0xc0
0xa5e698,_ZNK6icu_5818ComposeNormalizer217spanQuickCheckYesEPKtS2_R10UErrorCode,0x14
0xa5e6ac,_ZN8safe_jni11PrepareArgsIJ6StringllbbS1_S1_S1_S1_S1_bbbS1_EE3valERKS1_RKlS6_RKbS8_S4_S4_S4_S4_S4_S8_S8_S8_S4_,0x1c8
0xa5e874,_ZN8Databind23DefaultObjectTypeTraitsIN11wendelstein17MovieClipRenderer6ParamsEED0Ev,0x4
0xa5e878,_ZNSt6__ndk111basic_regexIcNS_12regex_traitsIcEEE12__parse_atomIPKcEET_S7_S7_,0x31c
0xa5eb94,_ZN8Databind6detail22AccessorNonRefGetConstIf18BezierInterpolatorI7Vector3IfEEE3getEPv,0x3c
0xa5ebd0,_ZN30LogicGameObjectManagerListener11replaceTileEPK13LogicTileDataii,0x4
0xa5ebd4,_ZNK8Databind23NlohmannJsonInReflector10isInObjectEv,0x10
0xa5ebe4,_ZN12NodeInstanceD2Ev,0x10
0xa5ebf4,_ZN8Databind4Util13ArrayAccessorI12LogicVector314LogicArrayListIS2_EE8setArrayEPv,0x8
0xa5ebfc,_ZNKSt6__ndk110__function6__funcIZN11wendelstein16ComponentFactory14addConstructorINS2_21DecelerationComponentEEEvvEUlvE_NS_9allocatorIS6_EEFNS_10shared_ptrINS2_17IEmitterComponentEEEvEE6targetERKSt9type_info,0x1c
0xa5ec18,_ZThn16_NSt6__ndk118basic_stringstreamIcNS_11char_traitsIcEENS_9allocatorIcEEED0Ev,0x80
0xa5ec98,_ZN8Databind4Util13ArrayAccessorINSt6__ndk112basic_stringIcNS2_11char_traitsIcEENS2_9allocatorIcEEEENS2_6vectorIS8_NS6_IS8_EEEEE8setArrayEPv,0x8
0xa5eca0,_ZN29DeviceLinkSuccesfullNewScreen16getSubScreenTypeEv,0x8
0xa5eca8,_ZN20SeasonRewardsMessageD0Ev,0xe0
0xa5ed88,_ZNK15ProLeagueScreen14getLocalScrollEv,0x8
0xa5ed90,_ZN11wendelstein15VortexComponentD0Ev,0x4
0xa5ed94,_ZNSt6__ndk16vectorIN2fx4gltf8MaterialENS_9allocatorIS3_EEE6insertENS_11__wrap_iterIPKS3_EEOS3_,0x42c
0xa5f1c0,_ZNK11wendelstein18SpawnConeComponent11getCategoryEv,0x8
0xa5f1c8,_ZNK11SCIDManager27isPersonalisedOffersEnabledEv,0x8
0xa5f1d0,_ZN11wendelstein15VortexComponent5cloneEv,0x74
0xa5f244,_ZNSt6__ndk120__shared_ptr_emplaceIN11wendelstein15SpringComponentENS_9allocatorIS2_EEED2Ev,0x4
0xa5f248,_ZN5Noise11perlin3gradEfff,0x6f0
0xa5f938,_ZN2OT9SanitizerINS_4GDEFEE8sanitizeEP9hb_blob_t,0x180
0xa5fab8,_ZNK8Databind17DatabindTableBaseIN11wendelstein19AbstractEmitterDataEE10canDestroyER6StringPKS2_,0x8
0xa5fac0,_ZNK13scFSLayerBase15getAbsolutePathERK6scPath,0x8
0xa5fac8,_ZN8nlohmann6detail20input_buffer_adapter13get_characterEv,0x24
0xa5faec,_ZN8safe_jni11PrepareArgsIJ6StringS1_S1_bbbS1_EE3valERKS1_S4_S4_RKbS6_S6_S4_,0x180
0xa5fc6c,_ZNSt6__ndk16vectorIN8ImageSet4SlotENS_9allocatorIS2_EEE21__push_back_slow_pathIRKS2_EEvOT_,0x194
0xa5fe00,_ZN11wendelstein19SpriteSheetRendererD0Ev,0x8c
0xa5fe8c,_ZN20AdjustPackageMessageD0Ev,0xc0
0xa5ff4c,_ZNSt6__ndk112__hash_tableINS_17__hash_value_typeIPvPKcEENS_22__unordered_map_hasherIS2_S5_NS_4hashIS2_EELb1EEENS_21__unordered_map_equalIS2_S5_NS_8equal_toIS2_EELb1EEENS_9allocatorIS5_EEE25__emplace_unique_key_argsIS2_JRKNS_21piecewise_construct_tENS_5tupleIJRKS2_EEENSL_IJEEEEEENS_4pairINS_15__hash_iteratorIPNS_11__hash_nodeIS5_S2_EEEEbEERKT_DpOT0_,0x268
0xa601b4,_ZN30PurchaseBrawlPassProgressPopupD0Ev,0x24
0xa601d8,_ZN8Databind23DefaultObjectTypeTraitsIN11wendelstein19SpawnBurstComponentEE6assignEPvPKv,0x24
0xa601fc,_ZN8Databind4Util13ArrayAccessorI6String14LogicArrayListIS2_EE15addDefaultValueEv,0x9c
0xa60298,_ZN8safe_jni8functionIN5titan3com9supercell5titan19GoogleServiceClientEbEclIJEEEbP8_jobjectDpT_,0x11c
0xa603b4,_ZN19LogicProjectileDataD2Ev,0x4c
0xa60400,_ZN26RankedMatchPickHeroMessageD0Ev,0xc0
0xa604c0,_ZN25UdpCheckConnectionMessageD0Ev,0xc0
0xa60580,_ZN30LogicGameObjectManagerListener13addGameObjectEPK21LogicGameObjectClient,0x4
0xa60584,_ZN18ClientHelloMessageD0Ev,0xd0
0xa60654,_ZNK18LogicCharacterData11isCharacterEv,0x8
0xa6065c,_ZNSt6__ndk112__hash_tableINS_12basic_stringIcNS_11char_traitsIcEENS_9allocatorIcEEEENS_4hashIS6_EENS_8equal_toIS6_EENS4_IS6_EEE25__emplace_unique_key_argsIS6_JRKS6_EEENS_4pairINS_15__hash_iteratorIPNS_11__hash_nodeIS6_PvEEEEbEERKT_DpOT0_,0x360
0xa609bc,_ZN8Databind4Util13ArrayAccessorI12LogicVector2NSt6__ndk16vectorIS2_NS3_9allocatorIS2_EEEEE4copyERS7_,0x84
0xa60a40,_ZNSt6__ndk114__split_bufferINS_10shared_ptrIN11wendelstein17IEmitterComponentEEERNS_9allocatorIS4_EEE9push_backEOS4_,0x1e4
0xa60c24,_ZN24SetInvitesBlockedMessageD0Ev,0xc0
0xa60ce4,_ZNSt6__ndk16vectorI8ZipEntryNS_9allocatorIS1_EEE21__push_back_slow_pathIRKS1_EEvOT_,0x16c
0xa60e50,_ZNSt6__ndk16vectorINS_10shared_ptrIN11wendelstein17IEmitterComponentEEENS_9allocatorIS4_EEE7reserveEm,0xfc
0xa60f4c,_ZN8Databind4Util13ArrayAccessorI7Vector2IfENSt6__ndk16vectorIS3_NS4_9allocatorIS3_EEEEE8setArrayEPv,0x8
0xa60f54,_ZNSt6__ndk14swapI14TextLinkButtonEENS_9enable_ifIXaasr21is_move_constructibleIT_EE5valuesr18is_move_assignableIS3_EE5valueEvE4typeERS3_S6_,0x170
0xa610c4,_ZNSt6__ndk16vectorIN2fx4gltf4SkinENS_9allocatorIS3_EEE7reserveEm,0x1a4
0xa61268,_ZTv0_n24_NSt6__ndk113basic_istreamIcNS_11char_traitsIcEEED0Ev,0x30
0xa61298,_ZN8safe_jni7ConvertIN5titan3com6google7android4play4core6review13ReviewManagerEvE18CallStaticFunctionEP10_jmethodIDP7_jclassz,0xb4
0xa6134c,_ZNKSt6__ndk16__treeINS_12__value_typeINS_12basic_stringIcNS_11char_traitsIcEENS_9allocatorIcEEEENS_10unique_ptrI14scResourceDataNS_14default_deleteIS9_EEEEEENS_19__map_value_compareIS7_SD_NS_4lessIS7_EELb1EEENS5_ISD_EEE4findIS7_EENS_21__tree_const_iteratorISD_PNS_11__tree_nodeISD_PvEElEERKT_,0x114
0xa61460,_ZN8Databind4Util13ArrayAccessorI12LogicVector2NSt6__ndk16vectorIS2_NS3_9allocatorIS2_EEEEE4swapEmm,0x24
0xa61484,_ZN4asio6detail28reactive_socket_recv_op_baseINS_17mutable_buffers_1EE10do_performEPNS0_10reactor_opE,0x64
0xa614e8,_ZN19DeviceLinkSubScreen7keyDownEi,0x8
0xa614f0,_ZN12DCT_Upsample3P_QILi4ELi4EE4calcERNS_8Matrix44ES3_PKs,0x1ec
0xa616dc,_ZNSt6__ndk16__treeINS_12__value_typeI6StringiEENS_19__map_value_compareIS2_S3_NS_4lessIS2_EELb1EEENS_9allocatorIS3_EEE25__emplace_unique_key_argsIS2_JRKNS_21piecewise_construct_tENS_5tupleIJRKS2_EEENSF_IJEEEEEENS_4pairINS_15__tree_iteratorIS3_PNS_11__tree_nodeIS3_PvEElEEbEERKT_DpOT0_,0x110
0xa617ec,_ZNSt6__ndk113basic_ostreamIcNS_11char_traitsIcEEElsEi,0x1b4
0xa619a0,_ZN8Databind4Util13ArrayAccessorI7Vector3IfE14LogicArrayListIS3_EE3setEmPKS3_,0x24
0xa619c4,_ZN8Databind4Util17ArrayAccessorBaseI7Vector2IfENSt6__ndk16vectorIS3_NS4_9allocatorIS3_EEEEE6addPtrEPKv,0xc
0xa619d0,_ZN31LogicRankedSeasonChangedCommandD0Ev,0x4
0xa619d4,_ZN8nlohmann6detail11parse_error15position_stringERKNS0_10position_tE,0x13c
0xa61b10,_ZN17LogicRewardConfigD0Ev,0x4
0xa61b14,_ZNSt6__ndk16vectorIfNS_9allocatorIfEEEC2IN8nlohmann6detail9iter_implIKNS5_10basic_jsonINS_3mapES0_NS_12basic_stringIcNS_11char_traitsIcEENS1_IcEEEEblmdS1_NS5_14adl_serializerEEEEEEET_NS_9enable_ifIXaasr21__is_forward_iteratorISJ_EE5valuesr16is_constructibleIfNS_15iterator_traitsISJ_E9referenceEEE5valueESJ_E4typeE,0x164
0xa61c78,_ZN8Databind6detail17AccessorNonRefSetIf18BezierInterpolatorIfEED0Ev,0x4
0xa61c7c,_ZN8Databind4Util13ArrayAccessorI12LogicVector314LogicArrayListIS2_EE4swapEmm,0x50
0xa61ccc,_ZNK2OT19SubstLookupSubTable8dispatchINS_18hb_apply_context_tEEENT_8return_tEPS3_j,0x174
0xa61e40,_ZNKSt6__ndk16__treeINS_12__value_typeINS_12basic_stringIcNS_11char_traitsIcEENS_9allocatorIcEEEES7_EENS_19__map_value_compareIS7_S8_NS_4lessIS7_EELb1EEENS5_IS8_EEE4findIS7_EENS_21__tree_const_iteratorIS8_PNS_11__tree_nodeIS8_PvEElEERKT_,0x114
0xa61f54,_ZN17MapPreviewMessageD0Ev,0xc0
0xa62014,_ZNSt6__ndk110__function6__funcIZN11wendelstein16ComponentFactory14addConstructorINS2_20SpawnPlanarComponentEEEvvEUlvE_NS_9allocatorIS6_EEFNS_10shared_ptrINS2_17IEmitterComponentEEEvEE7destroyEv,0x4
0xa62018,_ZN14HelpshiftTitan27HelpshiftConnectionFallback15leaveBreadcrumbERK6String,0x4
0xa6201c,_ZNK22MapEditorModifierPopup17showOnlinePlayersEv,0x8
0xa62024,_ZN29LogicReflectableContainerBaseD2Ev,0x3c
0xa62060,_ZNK5Items16getAnalyticsNameEv,0x8
0xa62068,_ZNSt6__ndk110__function6__funcIZN8Databind8Migrator16addMigrationStepIN11wendelstein12old_versions15EmitterParamsV0ENS5_7Emitter13EmitterParamsEEEviNS_8functionIFvRT_RT0_EEEEUlvE_NS_9allocatorISH_EEFNS_10unique_ptrIvPFvPvEEEvEEclEv,0x100
0xa62168,_ZNSt6__ndk110__function6__funcIZN10SWFTexture11loadTextureIhEEvP12SupercellSWFiiiibbEUlvE_NS_9allocatorIS6_EEFvvEEclEv,0x34
0xa6219c,_ZN17LogicGameListener18notEnoughResourcesEPK17LogicResourceDataiP12LogicCommandb,0x4
0xa621a0,_ZNSt6__ndk118__insertion_sort_3IRPFbPKN13DebugMenuBase8CategoryES4_EPPS2_EEvT0_SA_T_,0x15c
0xa622fc,_ZNK18BezierInterpolatorI7Vector3IfEE5getY1Ev,0x8
0xa62304,_ZN4asio6detail11executor_opINS0_17executor_functionENSt6__ndk19allocatorIvEENS0_19scheduler_operationEE11do_completeEPvPS6_RKNS3_10error_codeEm,0xac
0xa623b0,_ZN23LogicHomeChangeListener16brawlPassDonatedEi,0x4
0xa623b4,_ZN2fx4gltf9from_jsonERKN8nlohmann10basic_jsonINSt6__ndk13mapENS3_6vectorENS3_12basic_stringIcNS3_11char_traitsIcEENS3_9allocatorIcEEEEblmdS9_NS1_14adl_serializerEEERNS0_6Camera11PerspectiveE,0x41c
0xa627d0,_ZNSt6__ndk15equalINS_20__map_const_iteratorINS_21__tree_const_iteratorINS_12__value_typeINS_12basic_stringIcNS_11char_traitsIcEENS_9allocatorIcEEEEN8nlohmann10basic_jsonINS_3mapENS_6vectorES9_blmdS7_NSA_14adl_serializerEEEEEPNS_11__tree_nodeISG_PvEElEEEESM_NS_10__equal_toINS_4pairIKS9_SF_EESQ_EEEEbT_SS_T0_T1_,0x188
0xa62958,_ZNSt6__ndk114__split_bufferIPNS_10shared_ptrI14scAbstractTaskEENS_9allocatorIS4_EEE9push_backERKS4_,0x138
0xa62a90,_ZN4Game11charPressedEi,0x4
0xa62a94,_ZN17GameObjectManagerD0Ev,0x4
0xa62a98,_ZNSt6__ndk16__treeINS_12__value_typeINS_12basic_stringIcNS_11char_traitsIcEENS_9allocatorIcEEEENS_10unique_ptrI14scResourceDataNS_14default_deleteIS9_EEEEEENS_19__map_value_compareIS7_SD_NS_4lessIS7_EELb1EEENS5_ISD_EEE4findIS7_EENS_15__tree_iteratorISD_PNS_11__tree_nodeISD_PvEElEERKT_,0x114
0xa62bac,_ZN37JoinAllianceResponseAvatarStreamEntryD0Ev,0x4
0xa62bb0,_ZNSt6__ndk16vectorIN2fx4gltf9Animation7ChannelENS_9allocatorIS4_EEE6insertENS_11__wrap_iterIPKS4_EEOS4_,0x448
0xa62ff8,_ZNSt6__ndk110__function6__funcIZN8Databind8Migrator16addMigrationStepIN11wendelstein12old_versions15EmitterParamsV0ENS5_7Emitter13EmitterParamsEEEviNS_8functionIFvRT_RT0_EEEEUlvE0_NS_9allocatorISH_EEFNS_10unique_ptrIvPFvPvEEEvEE18destroy_deallocateEv,0x4
0xa62ffc,_ZN13DebugMenuBase8CategoryD0Ev,0x4c
0xa63048,_ZNSt6__ndk114__split_bufferIPNS_7__stateIcEERNS_9allocatorIS3_EEE9push_backEOS3_,0x138
0xa63180,_ZN23GetPlayerProfileMessageD0Ev,0xc0
0xa63240,_ZN27PlayerMapInfoUpdatedMessageD0Ev,0xc4
0xa63304,_ZN4asio6detail28reactive_socket_service_base7do_openERNS1_24base_implementation_typeEiiiRNSt6__ndk110error_codeE,0x230
0xa63534,_ZNSt6__ndk120__shared_ptr_pointerIPhNS_14default_deleteIA_hEENS_9allocatorIhEEE21__on_zero_shared_weakEv,0x4
0xa63538,_ZNSt6__ndk111basic_regexIcNS_12regex_traitsIcEEED2Ev,0x58
0xa63590,_ZN5titan7android4view13WindowManagerD0Ev,0x38
0xa635c8,_ZN21LogicPlayerRewardDataD2Ev,0x4
0xa635cc,_ZN15DownloadManager8Manifest18addChronosResourceEiRK6StringS3_b,0x220
0xa637ec,_ZNSt6__ndk113__assoc_stateIbED0Ev,0x54
0xa63840,_ZNK11LogicMapIntIP10SCTuneDataE7getKeysEv,0x1ec
0xa63a2c,_ZN8Databind4Util13ArrayAccessorI7Vector2IfENSt6__ndk16vectorIS3_NS4_9allocatorIS3_EEEEE4swapEmm,0x24
0xa63a50,_ZN8nlohmann6detail6parserINS_10basic_jsonINSt6__ndk13mapENS3_6vectorENS3_12basic_stringIcNS3_11char_traitsIcEENS3_9allocatorIcEEEEblmdS9_NS_14adl_serializerEEEE18sax_parse_internalINS0_19json_sax_dom_parserISD_EEEEbPT_,0x11cc
0xa64c1c,_ZN8Databind17DatabindTableBaseIN11wendelstein19AbstractEmitterDataEED2Ev,0x40
0xa64c5c,_ZN16BandNotificationD0Ev,0x4
0xa64c60,_ZN17LogicGameListener22playerNameColorChangedEv,0x4
0xa64c64,_ZNK8Databind4Util13ArrayAccessorI12LogicVector3NSt6__ndk16vectorIS2_NS3_9allocatorIS2_EEEEE8getArrayEv,0x8
0xa64c6c,_ZN8Databind4Util13ArrayAccessorI7Vector3IfE14LogicArrayListIS3_EE3addEPKS3_,0x114
0xa64d80,_ZNSt6__ndk120back_insert_iteratorINS_6vectorIhNS_9allocatorIhEEEEEaSERKh,0xe4
0xa64e64,_ZN25TeamInviteResponseMessageD0Ev,0xc0
0xa64f24,_ZN8Databind23DefaultObjectTypeTraitsIN11wendelstein18SpawnConeComponentEE9constructEv,0x110
0xa65034,_ZN8safe_jni7ConvertIN5titan7android4view13SurfaceHolderEvE3SigEv,0xd8
0xa6510c,_ZN28RankedMatchTerminatedMessageD2Ev,0xe0
0xa651ec,_ZNK11SCIDManager10useCAPTCHAEv,0x8
0xa651f4,_ZNSt6__ndk113__assoc_stateIbE16__on_zero_sharedEv,0x14
0xa65208,_ZNK16BaseNotification14getFileEntryAtEi,0x8
0xa65210,_ZN31AvatarStreamEntryRemovedMessageD0Ev,0xc0
0xa652d0,_ZNSt6__ndk19transformIN8nlohmann6detail9iter_implIKNS1_10basic_jsonINS_3mapENS_6vectorENS_12basic_stringIcNS_11char_traitsIcEENS_9allocatorIcEEEEblmdSA_NS1_14adl_serializerEEEEENS_15insert_iteratorINS6_IN2fx4gltf7SamplerENSA_ISK_EEEEEEZNS2_20from_json_array_implISE_SM_EEDTcmcmcldtfp0_7reserveclsr3stdE7declvalINT0_9size_typeEEEEcldtfp_3getINSP_10value_typeEEEcvv_EERKT_RSP_NS2_12priority_tagILj1EEEEUlRSF_E_EESP_ST_ST_SP_T1_,0x1a0
0xa65470,_ZN5titan3com9supercell5titan13UnityAdsTitanD0Ev,0x38
0xa654a8,_ZNSt6__ndk16vectorI23SCIDShopClaimInProgressNS_9allocatorIS1_EEE7reserveEm,0x180
0xa65628,_ZNSt6__ndk120__shared_ptr_pointerIPN8Databind23DefaultObjectTypeTraitsIN11wendelstein20MovieClipEmitterDataEEENS_14default_deleteIS5_EENS_9allocatorIS5_EEED0Ev,0x24
0xa6564c,_ZNKSt6__ndk110__function6__funcIZN11scTaskQueue3runIZN10SWFTexture11loadTextureIsEEvP12SupercellSWFiiiibbEUlvE_EENS_13invoke_resultIT_JEE4typeESA_EUlvE_NS_9allocatorISD_EEFvvEE7__cloneEPNS0_6__baseISG_EE,0x18
0xa65664,_ZN2fx4gltf6detail19CreateBufferUriPathERKNSt6__ndk112basic_stringIcNS2_11char_traitsIcEENS2_9allocatorIcEEEESA_,0x20c
0xa65870,_ZNK19SelectLocationPopup12getPopupTypeEv,0x8
0xa65878,_ZN8safe_jni7ConvertIN5titan7android4view13WindowManagerEvE3SigEv,0xd8
0xa65950,_ZN29JoinAllianceUsingTokenMessageD0Ev,0xc0
0xa65a10,_ZNK4asio12basic_socketINS_2ip3tcpENS_15any_io_executorEE10get_optionINS_6detail13socket_option7integerILi6ELi2EEEEEvRT_,0xbc
0xa65acc,_ZNSt6__ndk15dequeI18scResourceLoadInfoNS_9allocatorIS1_EEE19__add_back_capacityEv,0x194
0xa65c60,_ZNSt6__ndk16vectorIN13TimelineValue8KeyFrameENS_9allocatorIS2_EEE8__appendEm,0x188
0xa65de8,_ZN8safe_jni8functionIN5titan7android3app8ActivityENS2_7content6IntentEEclIJEEES6_P8_jobjectDpT_,0x120
0xa65f08,_ZN24TicketRewardNotification9getAmountEv,0x8
0xa65f10,_ZN8safe_jni8functionIN5titan3com9supercell5titan12TitanWebViewEvEclIJiiiiEEEvP8_jobjectDpT_,0x1b0
0xa660c0,_ZNSt6__ndk113__assoc_stateIiE4moveEv,0x90
0xa66150,_ZNK20PlayerMapRenamePopup16isFadeOutEnabledEv,0x8
0xa66158,_ZN21EnterMapEditorMessage6decodeEv,0x4
0xa6615c,_ZNK24RankedLeaderboardsScreen15getGlobalScrollEv,0x8
0xa66164,_ZNSt6__ndk120__shared_ptr_pointerIP14LogicArrayListI12LogicVector3ENS_14default_deleteIS3_EENS_9allocatorIS3_EEE21__on_zero_shared_weakEv,0x4
0xa66168,_ZN22ResourceDataLoaderImplI15ResourceDataCSVE10loadFailedEv,0x84
0xa661ec,_ZN14SCIDGameSeasonD2Ev,0x4
0xa661f0,_ZN8Databind4Util13ArrayAccessorIf14LogicArrayListIfEE4copyERS3_,0x13c
0xa6632c,_ZNK6icu_5819Normalizer2WithImpl24normalizeSecondAndAppendERNS_13UnicodeStringERKS1_R10UErrorCode,0xc
0xa66338,_ZN11wendelstein20SpawnPlanarComponentD0Ev,0x4
0xa6633c,_ZN8Databind4Util17ArrayAccessorBaseI7Vector2IfE14LogicArrayListIS3_EE6getPtrEm,0xc
0xa66348,_ZN23SCIDAccountBoundMessageD0Ev,0xc0
0xa66408,_ZNSt6__ndk120__shared_ptr_emplaceIN11wendelstein15GroundComponentENS_9allocatorIS2_EEED0Ev,0x24
0xa6642c,_ZNSt6__ndk120__shared_ptr_emplaceIN11wendelstein22SpawnLocationComponentENS_9allocatorIS2_EEE21__on_zero_shared_weakEv,0x4
0xa66430,_ZN4asio6detail10socket_ops7connectEiPK8sockaddrmRNSt6__ndk110error_codeE,0x210
0xa66640,_ZNSt6__ndk124__buffered_inplace_mergeIRZN14LogicArrayListIP11LatencyDataE9sortArrayIPFiS3_S3_EEEvRKT_EUlRKS3_SC_E_PS3_EEvT0_SG_SG_S8_NS_15iterator_traitsISG_E15difference_typeESJ_PNSI_10value_typeE,0x27c
0xa668bc,_ZN18LoginFailedMessageD0Ev,0xdc
0xa66998,_ZN25LogicAvatarChangeListener26skinPurchaseOptionUnlockedEPK13LogicSkinDatai,0x4
0xa6699c,_ZN2fx4gltf6detail17ReadOptionalFieldINSt6__ndk16vectorINS0_10BufferViewENS3_9allocatorIS5_EEEEEEvNS3_17basic_string_viewIcNS3_11char_traitsIcEEEERKN8nlohmann10basic_jsonINS3_3mapES4_NS3_12basic_stringIcSB_NS6_IcEEEEblmdS6_NSD_14adl_serializerEEERT_,0x158
0xa66af4,_ZNSt6__ndk111basic_regexIcNS_12regex_traitsIcEEE17__parse_assertionIPKcEET_S7_S7_,0x440
0xa66f34,_ZN12LoginMessageD2Ev,0x124
0xa67058,_ZNK11wendelstein18SpawnRateComponent11getCategoryEv,0x8
0xa67060,_ZN25LogicAvatarChangeListener11shareReplayEP9LogicLongP6String,0x4
0xa67064,_ZN41CafeBazaarBillingProcessedByServerMessageD0Ev,0xd8
0xa6713c,_ZN5titan7android4view7DisplayD0Ev,0x38
0xa67174,_ZN22scSkipFileHeaderFilterD0Ev,0xd4
0xa67248,_ZN15LogicGlobalDataD0Ev,0x24
0xa6726c,_ZN34PurchaseOfferHighlightPopupHandler23isDisplayPurchaseButtonEv,0x44
0xa672b0,_ZN24BindYoozooAccountMessageD0Ev,0xc0
0xa67370,_ZNSt6__ndk110__function6__funcIZN11scTaskQueue3runIZN10SWFTexture21loadDownscaledTextureIsEEvP12SupercellSWFiiiibbEUlvE_EENS_13invoke_resultIT_JEE4typeESA_EUlvE_NS_9allocatorISD_EEFvvEE18destroy_deallocateEv,0x4
0xa67374,_ZN23LogicCharacterClientOwnD2Ev,0xa8
0xa6741c,_ZN31DeviceLinkTargetSelectionScreen16getSubScreenTypeEv,0x8
0xa67424,_ZN19LogicLevelUpCommandD0Ev,0x4
0xa67428,_ZN8safe_jni11PrepareArgsIJ6StringS1_S1_S1_S1_S1_S1_llbbS1_S1_S1_S1_S1_bbbS1_EE3valERKS1_S4_S4_S4_S4_S4_S4_RKlS6_RKbS8_S4_S4_S4_S4_S4_S8_S8_S8_S4_,0x1d8
0xa67600,_ZN18LogicChallengeDataD0Ev,0x24
0xa67624,_ZNK2OT8OffsetToINS_8CoverageENS_7IntTypeIjLj4EEEE8sanitizeEPNS_21hb_sanitize_context_tEPKv,0x15c
0xa67780,_ZN21SkinPreviewTypeButtonD0Ev,0x24
0xa677a4,_ZNSt6__ndk112basic_stringIcNS_11char_traitsIcEENS_9allocatorIcEEE6appendEmc,0xcc
0xa67870,_ZNSt6__ndk120__shared_ptr_emplaceIN8Databind16CustomSerializerENS_9allocatorIS2_EEE21__on_zero_shared_weakEv,0x4
0xa67874,_ZNKSt6__ndk120__shared_ptr_pointerIPN8Databind23DefaultObjectTypeTraitsIN11wendelstein19SpawnBurstComponentEEENS_14default_deleteIS5_EENS_9allocatorIS5_EEE13__get_deleterERKSt9type_info,0x1c
0xa67890,_ZNSt6__ndk16__treeINS_12__value_typeIiNS_3mapI6StringN15DownloadManager8Manifest5EntryENS_4lessIS3_EENS_9allocatorINS_4pairIKS3_S6_EEEEEEEENS_19__map_value_compareIiSF_NS7_IiEELb1EEENS9_ISF_EEE7destroyEPNS_11__tree_nodeISF_PvEE,0x4c
0xa678dc,_ZN37DefaultExpressionEvaluatorEnvironment8destructEv,0x4
0xa678e0,_ZN24MatchMakingStatusMessageD0Ev,0xc0
0xa679a0,_ZN4asio6detail16resolver_serviceINS_2ip3tcpEED2Ev,0x5c
0xa679fc,_ZNK8Databind4Util13ArrayAccessorI12LogicVector214LogicArrayListIS2_EE8getArrayEv,0x8
0xa67a04,_ZNSt6__ndk19transformIN8nlohmann6detail9iter_implIKNS1_10basic_jsonINS_3mapENS_6vectorENS_12basic_stringIcNS_11char_traitsIcEENS_9allocatorIcEEEEblmdSA_NS1_14adl_serializerEEEEENS_15insert_iteratorINS6_IiNSA_IiEEEEEEZNS2_20from_json_array_implISE_SJ_EEDTcmcmcldtfp0_7reserveclsr3stdE7declvalINT0_9size_typeEEEEcldtfp_3getINSM_10value_typeEEEcvv_EERKT_RSM_NS2_12priority_tagILj1EEEEUlRSF_E_EESM_SQ_SQ_SM_T1_,0x194
0xa67b98,_ZN4asio9execution6detail17any_executor_base10require_fnINS0_12any_executorIJNS0_12context_as_tIRNS_17execution_contextEEENS1_8blocking7never_tILi0EEENS0_11prefer_onlyINS9_10possibly_tILi0EEEEENSC_INS1_16outstanding_work9tracked_tILi0EEEEENSC_INSG_11untracked_tILi0EEEEENSC_INS1_12relationship6fork_tILi0EEEEENSC_INSN_14continuation_tILi0EEEEEEEEvSF_EET_PKvSX_,0x50
0xa67be8,_ZNSt6__ndk110__function6__funcIZN11wendelstein16ComponentFactory14addConstructorINS2_19SpawnBurstComponentEEEvvEUlvE_NS_9allocatorIS6_EEFNS_10shared_ptrINS2_17IEmitterComponentEEEvEE7destroyEv,0x4
0xa67bec,_ZNKSt6__ndk110__function6__funcIZN8Databind8Migrator16addMigrationStepIN11wendelstein12old_versions15EmitterParamsV0ENS5_7Emitter13EmitterParamsEEEviNS_8functionIFvRT_RT0_EEEEUlvE_NS_9allocatorISH_EEFNS_10unique_ptrIvPFvPvEEEvEE7__cloneEPNS0_6__baseISP_EE,0x10
0xa67bfc,_ZN16MapPreviewButtonD0Ev,0x24
0xa67c20,_ZNK11DragHandler17getCenterLocationEv,0xc
0xa67c2c,_ZNSt6__ndk110__function6__funcIZN11wendelstein16ComponentFactory14addConstructorINS2_18CurlNoiseComponentEEEvvEUlvE_NS_9allocatorIS6_EEFNS_10shared_ptrINS2_17IEmitterComponentEEEvEED0Ev,0x4
0xa67c30,_ZN8safe_jni8functionIN5titan3com9supercell5titan12TitanWebViewEvEclIJlEEEvP8_jobjectDpT_,0x13c
0xa67d6c,_ZN30LogicDeviceLinkResponseMessageD2Ev,0xe4
0xa67e50,_ZNK8Databind4Util13ArrayAccessorI12LogicVector314LogicArrayListIS2_EE8getArrayEv,0x8
0xa67e58,_ZNK8Databind12DatabindEnum6getMapEv,0x8c
0xa67ee4,_ZN2fx4gltf9from_jsonERKN8nlohmann10basic_jsonINSt6__ndk13mapENS3_6vectorENS3_12basic_stringIcNS3_11char_traitsIcEENS3_9allocatorIcEEEEblmdS9_NS1_14adl_serializerEEERNS0_8Accessor4TypeE,0x168
0xa6804c,_ZN2OT7ArrayOfINS_7GlyphIDENS_7IntTypeItLj2EEEE9serializeEPNS_22hb_serialize_context_tEj,0xcc
0xa68118,_ZNSt6__ndk16vectorIN2fx4gltf9PrimitiveENS_9allocatorIS3_EEE12__move_rangeEPS3_S7_S7_,0x1c8
0xa682e0,_ZN16LogicReflectableD2Ev,0x4
0xa682e4,_ZNSt6__ndk16__sortIRPFbRKN11RenderQueue5ChunkES4_EPS2_EEvT0_S9_T_,0xc6c
0xa68f50,_ZN23HomeLogicStoppedMessageD0Ev,0xc0
0xa69010,_ZN22ResourceDataLoaderImplI17ResourceDataSoundE10loadFailedEv,0xa4
0xa690b4,_ZNK8Databind16DatabindEnumBase14getNameByValueEi,0x1a0
0xa69254,_ZN17TeamInviteMessageD0Ev,0xc0
0xa69314,_ZN22LogicLocationThemeDataD2Ev,0x48
0xa6935c,_ZN22ResourceDataLoaderImplI18ResourceDataShaderE12loadFinishedENSt6__ndk110unique_ptrIS0_NS2_14default_deleteIS0_EEEE,0x90
0xa693ec,_ZNSt6__ndk110shared_ptrI14scPackagedTaskIvEE11make_sharedIJZN11scTaskQueue3runIZN10SWFTexture21loadDownscaledTextureIhEEvP12SupercellSWFiiiibbEUlvE_EENS_13invoke_resultIT_JEE4typeESD_EUlvE_EEES3_DpOT_,0x108
0xa694f4,_ZN17LogicGameListener18postDiamondsBoughtEv,0x4
0xa694f8,_ZNK2OT7PairPos8dispatchI26hb_get_subtables_context_tEENT_8return_tEPS3_,0x230
0xa69728,_ZNSt6__ndk120__shared_ptr_emplaceI6StringNS_9allocatorIS1_EEE16__on_zero_sharedEv,0x8
0xa69730,_ZN4asio10io_context19basic_executor_typeINSt6__ndk19allocatorIvEELj4EED2Ev,0xe0
0xa69810,_ZNK11wendelstein17IEmitterComponent14getFeatureBitsEv,0x8
0xa69818,_ZN11wendelstein12old_versions15EmitterParamsV020getDatabindObjectDefEv,0x2f0
0xa69b08,_ZNSt6__ndk120__shared_ptr_pointerIPNS_6vectorIiNS_9allocatorIiEEEENS_14default_deleteIS4_EENS2_IS4_EEED0Ev,0x24
0xa69b2c,_ZN29LogicToggleInGameHintsCommandD0Ev,0x4
0xa69b30,_ZNK26GoHomeFromMapEditorMessage14getMessageTypeEv,0x8
0xa69b38,_ZN8safe_jni17callInterfaceFuncIvJN5titan7android5media11MediaPlayerEEJLm0EELi0EEEP8_jobjectRNSt6__ndk18functionIFvRNS_5ProxyEDpT0_EEESA_P13_jobjectArrayNS7_16integer_sequenceImJXspT1_EEEE,0x108
0xa69c40,_ZNK23NameChangeQuestionPopup17showOnlinePlayersEv,0x8
0xa69c48,_ZNSt6__ndk110__function6__funcIZN10SWFTexture21loadDownscaledTextureIiEEvP12SupercellSWFiiiibbEUlvE_NS_9allocatorIS6_EEFvvEED0Ev,0x4
0xa69c4c,_ZN14LoginOkMessageD0Ev,0xc0
0xa69d0c,_ZNKSt6__ndk110__function6__funcIZN10SWFTexture21loadDownscaledTextureIsEEvP12SupercellSWFiiiibbEUlvE_NS_9allocatorIS6_EEFvvEE6targetERKSt9type_info,0x1c
0xa69d28,_ZN8Databind4Util13ArrayAccessorIi14LogicArrayListIiEE5eraseEm,0x98
0xa69dc0,_ZN23LogicHomeChangeListener15deliverAdRewardEP10GatchaDrop,0x4
0xa69dc4,_ZN33TencentAccountAlreadyBoundMessageD0Ev,0xc0
0xa69e84,_ZN22LogicRankedMatchPlayerD0Ev,0x4
0xa69e88,_ZNSt6__ndk16__treeINS_12__value_typeINS_12basic_stringIcNS_11char_traitsIcEENS_9allocatorIcEEEENS_8functionIFbvEEEEENS_19__map_value_compareIS7_SB_NS_4lessIS7_EELb1EEENS5_ISB_EEE7destroyEPNS_11__tree_nodeISB_PvEE,0x7c
0xa69f04,_ZN8Databind23DefaultObjectTypeTraitsIN11wendelstein17MovieClipRenderer6ParamsEE9constructEv,0x3c
0xa69f40,_ZN25LogicAvatarChangeListener17debugFFGlobalTimeEi,0x4
0xa69f44,_ZN11wendelstein16ComponentFactory14addConstructorENSt6__ndk112basic_stringIcNS1_11char_traitsIcEENS1_9allocatorIcEEEENS1_8functionIFNS1_10shared_ptrINS_17IEmitterComponentEEEvEEENS_17ComponentCategoryE,0x1e0
0xa6a124,_ZN17LogicGameListener21refreshHeroesAndItemsEv,0x4
0xa6a128,_ZN8safe_jni15static_functionIN5titan3com9supercell5titan15UnbotifyManagerEvEclIJEEEvDpT_,0x138
0xa6a260,_ZNK2OT8OffsetToINS_12OffsetListOfINS_9PosLookupEEENS_7IntTypeItLj2EEEE8sanitizeEPNS_21hb_sanitize_context_tEPKv,0x160
0xa6a3c0,_ZNK2OT18hb_apply_context_t16_set_glyph_propsEjjbb,0x2cc
0xa6a68c,_ZN3ColILi6EE4idctEPhPKi,0x1b0
0xa6a83c,_ZN10scTreePathIN8Databind16DatabindTreeNodeELc46EE5splitERKNSt6__ndk112basic_stringIcNS3_11char_traitsIcEENS3_9allocatorIcEEEE,0x188
0xa6a9c4,_ZNSt6__ndk110__l_anchorIcED0Ev,0x40
0xa6aa04,_ZN20LogicHeroSeenCommandD0Ev,0x4
0xa6aa08,_ZNK6icu_5815MaybeStackArrayIcLi40EE13getArrayLimitEv,0x10
0xa6aa18,_ZN17LogicGameListener22spellCollectionChangedEv,0x4
0xa6aa1c,_ZN6SCTune10addBooleanEPK6CSVRowRK6StringPbPKcP20SCTuneChangeListenerib,0x30
0xa6aa4c,_ZN12LogicPinDataD0Ev,0x40
0xa6aa8c,_ZN18LogicCarryableDataD0Ev,0x40
0xa6aacc,_ZTv0_n24_NSt6__ndk118basic_stringstreamIcNS_11char_traitsIcEENS_9allocatorIcEEED1Ev,0x80
0xa6ab4c,_ZN14LogicArrayListI12MovieClipRefEC2EPKS1_,0xdc
0xa6ac28,_ZN8Databind4Util13ArrayAccessorINSt6__ndk112basic_stringIcNS2_11char_traitsIcEENS2_9allocatorIcEEEE14LogicArrayListIS8_EE3addEPKS8_,0x60
0xa6ac88,_ZN11wendelstein18SpawnRateComponent20getDatabindObjectDefEv,0x310
0xa6af98,_ZN8Databind4Util13ArrayAccessorIiNSt6__ndk16vectorIiNS2_9allocatorIiEEEEE3setEmPKi,0x30
0xa6afc8,_ZN8Databind4Util17ArrayAccessorBaseI12LogicVector2NSt6__ndk16vectorIS2_NS3_9allocatorIS2_EEEEE10cloneArrayEv,0x6c
0xa6b034,_ZN25LogicAvatarChangeListener14ticketsDroppedEiiP9EventData,0x4
0xa6b038,_ZN11CloseButton6handleEP5UICtxi,0x90
0xa6b0c8,_ZNSt6__ndk110__function6__funcIZN10SWFTexture21loadDownscaledTextureIhEEvP12SupercellSWFiiiibbEUlvE_NS_9allocatorIS6_EEFvvEE18destroy_deallocateEv,0x4
0xa6b0cc,_ZNK19BrawlTVWaitingPopup12getPopupTypeEv,0x8
0xa6b0d4,_ZNSt6__ndk114__split_bufferIN2fx4gltf5SceneERNS_9allocatorIS3_EEE9push_backEOS3_,0x2e8
0xa6b3bc,_ZN8safe_jni15static_functionIN5titan3com9supercell5titan7GameAppEbEclIJ6StringEEEbDpT_,0x1a8
0xa6b564,_ZNK10InboxPopup12getPopupTypeEv,0x8
0xa6b56c,_ZN8safe_jni15static_functionIN5titan3com9supercell5titan16TitanInstantAppsEvEclIJ6StringEEEvDpT_,0x1a0
0xa6b70c,_ZNSt6__ndk16__treeINS_12__value_typeINS_12basic_stringIcNS_11char_traitsIcEENS_9allocatorIcEEEEN8nlohmann10basic_jsonINS_3mapENS_6vectorES7_blmdS5_NS8_14adl_serializerEEEEENS_19__map_value_compareIS7_SE_NS_4lessIvEELb1EEENS5_ISE_EEE12__find_equalIS7_EERPNS_16__tree_node_baseIPvEENS_21__tree_const_iteratorISE_PNS_11__tree_nodeISE_SN_EElEERPNS_15__tree_end_nodeISP_EESQ_RKT_,0x2dc
0xa6b9e8,_ZNSt6__ndk17__sort4IRPFbPK18LogicCharacterDataS3_EPS3_EEjT0_S8_S8_S8_T_,0x184
0xa6bb6c,_ZNK16scFileImpl_Posix4seekEm,0x20
0xa6bb8c,_ZN2OT9PosLookup18apply_recurse_funcEPNS_18hb_apply_context_tEj,0x25c
0xa6bde8,_ZN15LogicItemClientD0Ev,0x4
0xa6bdec,_ZNSt6__ndk116__back_ref_icaseIcNS_12regex_traitsIcEEED0Ev,0x50
0xa6be3c,_ZN11NameHandler17handleNameCheckOkEv,0x4
0xa6be40,_ZNK12scFileFilter4seekEm,0x10
0xa6be50,_ZN26GoHomeFromMapEditorMessage8destructEv,0x4
0xa6be54,_ZN4asio9execution6detail17any_executor_base10require_fnINS0_12any_executorIJNS0_12context_as_tIRNS_17execution_contextEEENS1_8blocking7never_tILi0EEENS0_11prefer_onlyINS9_10possibly_tILi0EEEEENSC_INS1_16outstanding_work9tracked_tILi0EEEEENSC_INSG_11untracked_tILi0EEEEENSC_INS1_12relationship6fork_tILi0EEEEENSC_INSN_14continuation_tILi0EEEEEEEENS_10io_context19basic_executor_typeINSt6__ndk19allocatorIvEELj0EEESF_EET_PKvS13_,0x24
0xa6be78,_ZNSt6__ndk112__hash_tableINS_12basic_stringIcNS_11char_traitsIcEENS_9allocatorIcEEEENS_4hashIS6_EENS_8equal_toIS6_EENS4_IS6_EEE8__rehashEm,0x304
0xa6c17c,_ZNK8Databind17DatabindTableNode21getChildrenNamePrefixEv,0x10
0xa6c18c,_ZNK2OT30ReverseChainSingleSubstFormat15applyEPNS_18hb_apply_context_tE,0x514
0xa6c6a0,_ZN19TeamStreamContainer19inputFieldOkPressedEP14GameInputField,0xc
0xa6c6ac,_ZNKSt6__ndk110__function6__funcIZN10SWFTexture11loadTextureIiEEvP12SupercellSWFiiiibbEUlvE_NS_9allocatorIS6_EEFvvEE6targetERKSt9type_info,0x1c
0xa6c6c8,_ZN21GetLeaderboardMessageD0Ev,0xc0
0xa6c788,_ZN27UILambdaStringValueProviderD0Ev,0x58
0xa6c7e0,_ZNSt6__ndk120__shared_ptr_pointerIP14scPackagedTaskINS_4pairIb6StringEEENS_14default_deleteIS5_EENS_9allocatorIS5_EEED0Ev,0x24
0xa6c804,_ZN15LogicJSONObjectD2Ev,0x84
0xa6c888,_ZNKSt6__ndk120__match_char_collateIcNS_12regex_traitsIcEEE6__execERNS_7__stateIcEE,0x48
0xa6c8d0,_ZNSt6__ndk120__shared_ptr_emplaceIN11wendelstein18SpawnRateComponentENS_9allocatorIS2_EEED2Ev,0x4
0xa6c8d4,_ZN2fx4gltf8MaterialaSEOS1_,0x258
0xa6cb2c,_ZNK11BasePageGUI23isAnyPageBlockingScrollEv,0x8
0xa6cb34,_ZNSt6__ndk18__rotateIPP10GatchaDropEET_S4_S4_S4_NS_26random_access_iterator_tagE,0x1c8
0xa6ccfc,_ZNSt6__ndk111basic_regexIcNS_12regex_traitsIcEEE13__parse_egrepIPKcEET_S7_S7_,0x1a4
0xa6cea0,_ZN11StreamEntryD0Ev,0x4
0xa6cea4,_ZN14HelpshiftTitan27HelpshiftConnectionFallbackD2Ev,0x58
0xa6cefc,_ZN12Reachability21removeConnectionCheckEv,0x4
0xa6cf00,_ZN8Databind6detail8Metadata9getParamsIJRA1_KcNS_16CustomSerializerEEEENSt6__ndk112basic_stringIcNS7_11char_traitsIcEENS7_9allocatorIcEEEEDpOT_,0xf0
0xa6cff0,_ZNSt6__ndk110__function6__funcIZN11wendelstein16ComponentFactory14addConstructorINS2_15VortexComponentEEEvvEUlvE_NS_9allocatorIS6_EEFNS_10shared_ptrINS2_17IEmitterComponentEEEvEE18destroy_deallocateEv,0x4
0xa6cff4,_ZN22DeletePlayerMapMessageD0Ev,0xc4
0xa6d0b8,_ZN8Databind4Util13ArrayAccessorIb14LogicArrayListIbEE5eraseEm,0x94
0xa6d14c,_ZN30LogicSetPlayerThumbnailCommandD0Ev,0x4
0xa6d150,_ZN34LogicProLeagueSeasonChangedCommandD0Ev,0x4
0xa6d154,_ZNSt6__ndk120__shared_ptr_emplaceIN11wendelstein21DecelerationComponentENS_9allocatorIS2_EEED0Ev,0x24
0xa6d178,_ZN26GoHomeFromMapEditorMessage18getServiceNodeTypeEv,0x8
0xa6d180,_ZN23AttributionEventMessageD0Ev,0x24
0xa6d1a4,_ZN14LogicArrayListIPK13DisplayObjectED2Ev,0x2c
0xa6d1d0,_ZNSt6__ndk16vectorI7Vector2IfENS_9allocatorIS2_EEE8__appendEm,0x120
0xa6d2f0,_ZNSt6__ndk16__treeINS_12__value_typeIN24DataLoaderLayeredTexture15TextureModifier9OperationENS_4pairIffEEEENS_19__map_value_compareIS4_S7_NS_4lessIS4_EELb1EEENS_9allocatorIS7_EEE7destroyEPNS_11__tree_nodeIS7_PvEE,0x40
0xa6d330,_ZN8Databind23DefaultObjectTypeTraitsIN11wendelstein21SimpleGroundComponentEE6assignEPvPKv,0xc
0xa6d33c,_ZN27YoozooOrderAvailableMessageD0Ev,0x118
0xa6d454,_ZN18ClientHelloMessage18getServiceNodeTypeEv,0x8
0xa6d45c,_ZNK10StreamItem16getAnalyticsNameEv,0x8
0xa6d464,_ZN17LogicGameListener17eventStateChangedEii,0x4
0xa6d468,_ZNKSt6__ndk110__function6__funcIZN11wendelstein16ComponentFactory14addConstructorINS2_18SpawnConeComponentEEEvvEUlvE_NS_9allocatorIS6_EEFNS_10shared_ptrINS2_17IEmitterComponentEEEvEE6targetERKSt9type_info,0x1c
0xa6d484,_ZN8safe_jni7ConvertINSt6__ndk16vectorISt4byteNS1_9allocatorIS3_EEEEvE3SigEv,0xb8
0xa6d53c,_ZN8Databind4Util13ArrayAccessorI7Vector3IfENSt6__ndk16vectorIS3_NS4_9allocatorIS3_EEEEE4swapEmm,0x50
0xa6d58c,_ZNKSt6__ndk110__function6__funcIZN11scTaskQueue3runIZN10SWFTexture21loadDownscaledTextureIhEEvP12SupercellSWFiiiibbEUlvE_EENS_13invoke_resultIT_JEE4typeESA_EUlvE_NS_9allocatorISD_EEFvvEE11target_typeEv,0xc
0xa6d598,_ZNSt6__ndk16__treeINS_12__value_typeI6StringNS_6vectorIN9Animation4BoneENS_9allocatorIS5_EEEEEENS_19__map_value_compareIS2_S9_NS_4lessIS2_EELb1EEENS6_IS9_EEE7destroyEPNS_11__tree_nodeIS9_PvEE,0x8c
0xa6d624,_ZNK2OT7PairSet5applyEPNS_18hb_apply_context_tEPKNS_11ValueFormatEj,0x170
0xa6d794,_ZNK12scFileFilter8getFlagsEv,0x10
0xa6d7a4,_ZN14HelpshiftTitan27HelpshiftConnectionFallback22handlePushNotificationEPKvb,0x4
0xa6d7a8,_ZN5titan4java4lang7IntegerD0Ev,0x38
0xa6d7e0,_ZN11SCIDManager23respondToDonationResultE6StringS0_,0x4
0xa6d7e4,_ZN16GeometryInstanceD2Ev,0x78
0xa6d85c,_ZN8Databind23DefaultObjectTypeTraitsIN11wendelstein22SpawnLocationComponentEE6assignEPvPKv,0x4c
0xa6d8a8,_ZNSt6__ndk110__function6__funcIZN11scTaskQueue3runIZN10SWFTexture11loadTextureIiEEvP12SupercellSWFiiiibbEUlvE_EENS_13invoke_resultIT_JEE4typeESA_EUlvE_NS_9allocatorISD_EEFvvEEclEv,0x40
0xa6d8e8,_ZNKSt6__ndk110__function6__funcIZN11scTaskQueue3runIZN10SWFTexture21loadDownscaledTextureIhEEvP12SupercellSWFiiiibbEUlvE_EENS_13invoke_resultIT_JEE4typeESA_EUlvE_NS_9allocatorISD_EEFvvEE7__cloneEv,0x38
0xa6d920,_ZN11wendelstein17IEmitterComponent15applyConstraintEPNS_8ParticleES2_ff,0x4
0xa6d924,_ZN13DebugMenuBase6onHideEv,0x4
0xa6d928,_ZNSt6__ndk17__sort4IRPFbRKN11RenderQueue5ChunkES4_EPS2_EEjT0_S9_S9_S9_T_,0x358
0xa6dc80,_ZNKSt6__ndk110__function6__funcIZN11wendelstein16ComponentFactory14addConstructorINS2_20SpawnPlanarComponentEEEvvEUlvE_NS_9allocatorIS6_EEFNS_10shared_ptrINS2_17IEmitterComponentEEEvEE6targetERKSt9type_info,0x1c
0xa6dc9c,_ZNSt6__ndk14listIP22TitanLifecycleListenerNS_9allocatorIS2_EEE6removeERKS2_,0x214
0xa6deb0,_ZN19TouchableScrollArea12touchPressedERK5Touch,0x8
0xa6deb8,_ZN19SuggestBrawlerPopup17hasCustomItemListEv,0x8
0xa6dec0,_ZNSt6__ndk120__shared_ptr_pointerIPN8Databind23DefaultObjectTypeTraitsIN11wendelstein15GroundComponentEEENS_14default_deleteIS5_EENS_9allocatorIS5_EEED0Ev,0x24
0xa6dee4,_ZNKSt6__ndk120__shared_ptr_pointerIP14LogicArrayListI12LogicVector2ENS_14default_deleteIS3_EENS_9allocatorIS3_EEE13__get_deleterERKSt9type_info,0x1c
0xa6df00,_ZN8safe_jni4ctorIN5titan4java4lang4LongEEclIJlEEEP8_jobjectDpT_,0x158
0xa6e058,_ZN10BitmapFont15BitmapFormatter22getLineCharacterOffsetEi,0x8
0xa6e060,_ZNSt6__ndk114basic_ifstreamIcNS_11char_traitsIcEEED0Ev,0x48
0xa6e0a8,_ZN8nlohmann6detail20from_json_array_implINS_10basic_jsonINSt6__ndk13mapENS3_6vectorENS3_12basic_stringIcNS3_11char_traitsIcEENS3_9allocatorIcEEEEblmdS9_NS_14adl_serializerEEENS5_IN2fx4gltf8AccessorENS9_ISG_EEEEEEDTcmcmcldtfp0_7reserveclsr3stdE7declvalINT0_9size_typeEEEEcldtfp_3getINSJ_10value_typeEEEcvv_EERKT_RSJ_NS0_12priority_tagILj1EEE,0x100
0xa6e1a8,_ZNKSt6__ndk120__bracket_expressionIcNS_12regex_traitsIcEEE6__execERNS_7__stateIcEE,0xc04
0xa6edac,_ZN26ChangePlayerMapNameMessageD0Ev,0xc4
0xa6ee70,_ZN8safe_jni8functionIN5titan7android4view7Display4ModeEiEclIJEEEiP8_jobjectDpT_,0x118
0xa6ef88,_ZN28LogicClaimDailyRewardCommandD0Ev,0x4
0xa6ef8c,_ZN5titan3com9supercell5titan15PurchaseManagerD0Ev,0x38
0xa6efc4,_ZNSt6__ndk16vectorI6StringNS_9allocatorIS1_EEE21__push_back_slow_pathIRKS1_EEvOT_,0x118
0xa6f0dc,_ZNSt6__ndk120__shared_ptr_pointerIPNS_6vectorINS_12basic_stringIcNS_11char_traitsIcEENS_9allocatorIcEEEENS5_IS7_EEEENS_14default_deleteIS9_EENS5_IS9_EEE21__on_zero_shared_weakEv,0x4
0xa6f0e0,_ZNSt6__ndk120__shared_ptr_pointerIPNS_6vectorI12LogicVector3NS_9allocatorIS2_EEEENS_14default_deleteIS5_EENS3_IS5_EEE21__on_zero_shared_weakEv,0x4
0xa6f0e4,_ZN17LogicGameListener18onCooldownReceivedEP13CooldownEntry,0x4
0xa6f0e8,_ZN37LogicPurchaseHeroLvlUpMaterialCommandD0Ev,0x4
0xa6f0ec,_ZN6icu_5818KeywordEnumeration5snextER10UErrorCode,0x7c
0xa6f168,_ZN24jpeg_decoder_file_streamD2Ev,0x48
0xa6f1b0,_ZN23LogicHomeChangeListener17deliverVanityItemEPK9LogicData,0x4
0xa6f1b4,_ZN8Databind23DefaultObjectTypeTraitsIN11wendelstein21SimpleGroundComponentEED0Ev,0x4
0xa6f1b8,_ZN29SendAllianceInvitationMessageD0Ev,0xc0
0xa6f278,_ZNSt6__ndk110__function6__funcIZN11scTaskQueue3runIZN10SWFTexture11loadTextureIiEEvP12SupercellSWFiiiibbEUlvE_EENS_13invoke_resultIT_JEE4typeESA_EUlvE_NS_9allocatorISD_EEFvvEE7destroyEv,0x4
0xa6f27c,_lv1_memory_guard__ZNSt6__ndk13mapINS_12basic_stringIcNS_11char_traitsIcEENS_9allocatorIcEEEENS_6vectorI12AddressRangeNS4_IS8_EEEENS_4lessIS6_EENS4_INS_4pairIKS6_SA_EEEEED2Ev,0x164
0xa6f3e0,_ZN8Databind4Util13ArrayAccessorINSt6__ndk112basic_stringIcNS2_11char_traitsIcEENS2_9allocatorIcEEEENS2_6vectorIS8_NS6_IS8_EEEEE4copyERSB_,0xdc
0xa6f4bc,_ZN12DCT_Upsample3R_SILi6ELi6EE4calcERNS_8Matrix44ES3_PKs,0x324
0xa6f7e0,_ZN8Databind23DefaultObjectTypeTraitsIN11wendelstein20SpawnPlanarComponentEE6assignEPvPKv,0x1c
0xa6f7fc,_ZN5lzham6vectorINS_12lzcompressor10lzdecisionEE12object_moverEPvS4_j,0x34
0xa6f830,_ZNSt6__ndk112basic_stringIcNS_11char_traitsIcEENS_9allocatorIcEEE6insertEmPKcm,0x120
0xa6f950,_ZN2fx4gltf6detail17ReadOptionalFieldINSt6__ndk16vectorIfNS3_9allocatorIfEEEEEEvNS3_17basic_string_viewIcNS3_11char_traitsIcEEEERKN8nlohmann10basic_jsonINS3_3mapES4_NS3_12basic_stringIcSA_NS5_IcEEEEblmdS5_NSC_14adl_serializerEEERT_,0x108
0xa6fa58,_ZN34JoinAllianceUsingInvitationMessageD0Ev,0xc0
0xa6fb18,_ZN14LogicArrayListI10GLImageRefE14ensureCapacityEi,0xec
0xa6fc04,_ZNK18QuitMapEditorPopup15isFadeInEnabledEv,0x8
0xa6fc0c,_ZNK14AllianceScreen9isLoadingEv,0x8
0xa6fc14,_ZN22ResourceDataLoaderImplI18ResourceDataShaderED2Ev,0x74
0xa6fc88,_ZN18BezierInterpolatorI7Vector3IfEE20getDatabindObjectDefEv,0x2f0
0xa6ff78,_ZNSt6__ndk110__function6__funcIZN11wendelstein16ComponentFactory14addConstructorINS2_15GroundComponentEEEvvEUlvE_NS_9allocatorIS6_EEFNS_10shared_ptrINS2_17IEmitterComponentEEEvEEclEv,0xb0
0xa70028,_ZN9EntryInfo14usesHintFingerEv,0x8
0xa70030,_ZN8Databind4Util13ArrayAccessorI12LogicVector2NSt6__ndk16vectorIS2_NS3_9allocatorIS2_EEEEE8setArrayEPv,0x8
0xa70038,_ZN8Databind4Util17ArrayAccessorBaseI7Vector3IfE14LogicArrayListIS3_EE10cloneArrayEv,0x68
0xa700a0,_ZN6icu_5815MaybeStackArrayIcLi40EE12aliasInsteadEPci,0x54
0xa700f4,_ZN8safe_jni7ConvertIbvE12CallFunctionEP10_jmethodIDP8_jobjectz,0xac
0xa701a0,_ZNSt6__ndk120__shared_ptr_emplaceIN11wendelstein18SpawnConeComponentENS_9allocatorIS2_EEE16__on_zero_sharedEv,0xc
0xa701ac,_ZNK13DisplayObject11isTextFieldEv,0x8
0xa701b4,_ZN11wendelstein24TangentVelocityComponent5cloneEv,0x8c
0xa70240,_ZN19LinkNewDeviceScreen16getSubScreenTypeEv,0x8
0xa70248,_ZNK4Font7genTextI14VertexPosUvColEEvR19DynamicVertexBufferIT_EffRK6Stringiiib,0x438
0xa70680,_ZNK2OT16SinglePosFormat25applyEPNS_18hb_apply_context_tE,0x20c
0xa7088c,_ZN8Databind4Util13ArrayAccessorINSt6__ndk112basic_stringIcNS2_11char_traitsIcEENS2_9allocatorIcEEEENS2_6vectorIS8_NS6_IS8_EEEEE8capacityEm,0x8
0xa70894,_ZN30ProLeagueSeasonEndNotification19getNotificationTypeEv,0x8
0xa7089c,_ZNKSt6__ndk128__begin_marked_subexpressionIcE6__execERNS_7__stateIcEE,0x30
0xa708cc,_ZN5titan4java4lang5FloatD0Ev,0x38
0xa70904,_ZNKSt6__ndk112regex_traitsIcE9transformINS_11__wrap_iterIPcEEEENS_12basic_stringIcNS_11char_traitsIcEENS_9allocatorIcEEEET_SC_,0x188
0xa70a8c,_ZN11wendelstein13DragComponent5cloneEv,0x74
0xa70b00,_ZNK2OT14ContextFormat211would_applyEPNS_24hb_would_apply_context_tE,0x36c
0xa70e6c,_ZN18BezierInterpolatorIfE5setY1Ef,0x84
0xa70ef0,_ZNK2OT8OffsetToINS_12AnchorMatrixENS_7IntTypeItLj2EEEE8sanitizeIjEEbPNS_21hb_sanitize_context_tEPKvT_,0x190
0xa71080,_ZNK6icu_5819Normalizer2WithImpl16getDecompositionEiRNS_13UnicodeStringE,0xc4
0xa71144,_ZN23IAPDeliveryNotification19getNotificationTypeEv,0x8
0xa7114c,_ZNK15scFileImpl_Mmap4readEPvm,0x58
0xa711a4,_ZN11wendelstein18CurlNoiseComponent9objectDefEv,0x4
0xa711a8,_ZN8Databind4Util13ArrayAccessorINSt6__ndk112basic_stringIcNS2_11char_traitsIcEENS2_9allocatorIcEEEENS2_6vectorIS8_NS6_IS8_EEEEE4sizeEv,0x20
0xa711c8,_ZNKSt6__ndk110__function6__funcIZN10SWFTexture11loadTextureIhEEvP12SupercellSWFiiiibbEUlvE_NS_9allocatorIS6_EEFvvEE7__cloneEv,0x50
0xa71218,_ZN8nlohmann6detail11parse_error6createEiRKNS0_10position_tERKNSt6__ndk112basic_stringIcNS5_11char_traitsIcEENS5_9allocatorIcEEEE,0x244
0xa7145c,_ZNKSt6__ndk110__function6__funcIZN11scTaskQueue3runIZN10SWFTexture21loadDownscaledTextureIsEEvP12SupercellSWFiiiibbEUlvE_EENS_13invoke_resultIT_JEE4typeESA_EUlvE_NS_9allocatorISD_EEFvvEE6targetERKSt9type_info,0x1c
0xa71478,_ZN25PurchaseOfferPopupHandler11getItemDescEi,0x10
0xa71488,_ZN8Databind23DefaultObjectTypeTraitsIN11wendelstein21DecelerationComponentEED0Ev,0x4
0xa7148c,_ZN21CreateAllianceMessageD0Ev,0xc0
0xa7154c,_ZNSt6__ndk113__assoc_stateIjED0Ev,0x54
0xa715a0,_ZN8Databind17DatabindTableBaseIN11wendelstein19AbstractEmitterDataEE16registerInstanceEPvPK14DatabindObjectPKc,0x234
0xa717d4,_ZN8safe_jni15static_functionIN5titan3com9supercell5titan5KakaoEvEclIJ6StringS8_S8_S8_EEEvDpT_,0x1f4
0xa719c8,_ZNSt6__ndk16vectorIN2fx4gltf6BufferENS_9allocatorIS3_EEE7reserveEm,0x170
0xa71b38,_ZN8Databind16DatabindTreeNode9markDirtyEv,0xc
0xa71b44,_ZN25LogicAvatarChangeListener35debugChampionshipChallengeLossAddedEv,0x4
0xa71b48,_ZN19PlayerStatusMessageD0Ev,0xc0
0xa71c08,_ZNK19SuggestBrawlerPopup12getPopupTypeEv,0x8
0xa71c10,_ZN25LogicAvatarChangeListener8itemSeenEPK13LogicCardData,0x4
0xa71c14,_ZN8safe_jni8functionIN5titan7android7content7ContextENS3_2pm14PackageManagerEEclIJEEES6_P8_jobjectDpT_,0x120
0xa71d34,_ZN8Databind4Util17ArrayAccessorBaseI7Vector2IfENSt6__ndk16vectorIS3_NS4_9allocatorIS3_EEEEE6getPtrEm,0xc
0xa71d40,_ZN18scWorkerPoolWorker11threadStartEPv,0x18
0xa71d58,_ZN35GetAllianceInviteTokenResultMessageD0Ev,0xc0
0xa71e18,_ZNSt6__ndk112__match_charIcED0Ev,0x40
0xa71e58,_ZN25TeamToggleSettingsMessageD0Ev,0xc0
0xa71f18,_ZN14LogicJSONArrayD2Ev,0x38
0xa71f50,_ZN26ISCIDManagerImplementation17openPublicProfileERK6String,0x4
0xa71f54,_ZNK11UIListEntry16getAnalyticsNameEv,0xc
0xa71f60,_crc32_buffer_ptr,0xc
0xa71f6c,__ZN4miit6ScMiitC2Ev,0x1d4
0xa72140,__ZN4miit6ScMiitD2Ev,0x34
0xa72174,__ZN4miit6ScMiit6getIdsEv,0x1dc
0xa72350,__ZNSt6__ndk113__assoc_stateIN4miit6ScMiit3IdsEED0Ev,0x54
0xa723a4,__ZNSt6__ndk113__assoc_stateIN4miit6ScMiit3IdsEE16__on_zero_sharedEv,0x4c
0xa723f0,__ZNSt6__ndk113__assoc_stateIN4miit6ScMiit3IdsEE9set_valueIRKS3_EEvOT_,0xc8
0xa724b8,__ZN4miit21ScIIdentifierListener9OnSupportEbNS_3com3bun8miitmdid10interfaces10IdSupplierE,0x168
0xa72620,__ZN4miit21ScIIdentifierListenerD2Ev,0x60
0xa72680,__ZN4miit21ScIIdentifierListenerD0Ev,0x5c
0xa726dc,__ZNSt6__ndk17promiseIN4miit6ScMiit3IdsEED2Ev,0xbc
0xa72798,__ZN4miit7android7content7ContextC2EP8_jobject,0xc4
0xa7285c,__ZN4miit7android7content7ContextD0Ev,0x3c
0xa72898,__ZN4miit3com3bun8miitmdid10interfaces10IdSupplierC2EP8_jobject,0xc4
0xa7295c,__ZN4miit3com3bun8miitmdid10interfaces10IdSupplier11isSupportedEv,0x7c
0xa729d8,__ZN8safe_jni8functionIN4miit3com3bun8miitmdid10interfaces10IdSupplierEbEclIJEEEbP8_jobjectDpT_,0x140
0xa72b18,__ZN4miit3com3bun8miitmdid10interfaces10IdSupplier7getVAIDEv,0x7c
0xa72b94,__ZN8safe_jni8functionIN4miit3com3bun8miitmdid10interfaces10IdSupplierE6StringEclIJEEES7_P8_jobjectDpT_,0x14c
0xa72ce0,__ZN4miit3com3bun8miitmdid10interfaces10IdSupplier7getOAIDEv,0x7c
0xa72d5c,__ZN4miit3com3bun8miitmdid10interfaces10IdSupplier7getAAIDEv,0x7c
0xa72dd8,__ZN4miit3com3bun8miitmdid10interfaces10IdSupplierD0Ev,0x3c
0xa72e14,__ZN4miit3com3bun8miitmdid10interfaces19IIdentifierListenerC2Ev,0xf4
0xa72f08,__ZN4miit3com3bun8miitmdid10interfaces19IIdentifierListener6invokeEP10_jmethodIDP13_jobjectArray,0x28c
0xa73194,__ZThn16_N4miit3com3bun8miitmdid10interfaces19IIdentifierListener6invokeEP10_jmethodIDP13_jobjectArray,0x8
0xa7319c,__ZN4miit3com3bun8miitmdid10interfaces19IIdentifierListenerD0Ev,0x3c
0xa731d8,__ZN4miit3com3bun8miitmdid10interfaces19IIdentifierListener9OnSupportEbNS3_10IdSupplierE,0x4
0xa731dc,__ZNSt6__ndk110__function6__baseIFvRN8safe_jni5ProxyEbN4miit3com3bun8miitmdid10interfaces10IdSupplierEEED2Ev,0x4
0xa731e0,__ZNSt6__ndk110__function6__funcIZN4miit3com3bun8miitmdid10interfaces19IIdentifierListener6invokeEP10_jmethodIDP13_jobjectArrayE3$_0NS_9allocatorISC_EEFvRN8safe_jni5ProxyEbNS6_10IdSupplierEEED0Ev,0x4
0xa731e4,__ZNKSt6__ndk110__function6__funcIZN4miit3com3bun8miitmdid10interfaces19IIdentifierListener6invokeEP10_jmethodIDP13_jobjectArrayE3$_0NS_9allocatorISC_EEFvRN8safe_jni5ProxyEbNS6_10IdSupplierEEE7__cloneEv,0x24
0xa73208,__ZNKSt6__ndk110__function6__funcIZN4miit3com3bun8miitmdid10interfaces19IIdentifierListener6invokeEP10_jmethodIDP13_jobjectArrayE3$_0NS_9allocatorISC_EEFvRN8safe_jni5ProxyEbNS6_10IdSupplierEEE7__cloneEPNS0_6__baseISJ_EE,0x10
0xa73218,__ZNSt6__ndk110__function6__funcIZN4miit3com3bun8miitmdid10interfaces19IIdentifierListener6invokeEP10_jmethodIDP13_jobjectArrayE3$_0NS_9allocatorISC_EEFvRN8safe_jni5ProxyEbNS6_10IdSupplierEEE7destroyEv,0x4
0xa7321c,__ZNSt6__ndk110__function6__funcIZN4miit3com3bun8miitmdid10interfaces19IIdentifierListener6invokeEP10_jmethodIDP13_jobjectArrayE3$_0NS_9allocatorISC_EEFvRN8safe_jni5ProxyEbNS6_10IdSupplierEEE18destroy_deallocateEv,0x4
0xa73220,__ZNSt6__ndk110__function6__funcIZN4miit3com3bun8miitmdid10interfaces19IIdentifierListener6invokeEP10_jmethodIDP13_jobjectArrayE3$_0NS_9allocatorISC_EEFvRN8safe_jni5ProxyEbNS6_10IdSupplierEEEclESH_ObOSI_,0x194
0xa733b4,__ZNKSt6__ndk110__function6__funcIZN4miit3com3bun8miitmdid10interfaces19IIdentifierListener6invokeEP10_jmethodIDP13_jobjectArrayE3$_0NS_9allocatorISC_EEFvRN8safe_jni5ProxyEbNS6_10IdSupplierEEE6targetERKSt9type_info,0x1c
0xa733d0,__ZNKSt6__ndk110__function6__funcIZN4miit3com3bun8miitmdid10interfaces19IIdentifierListener6invokeEP10_jmethodIDP13_jobjectArrayE3$_0NS_9allocatorISC_EEFvRN8safe_jni5ProxyEbNS6_10IdSupplierEEE11target_typeEv,0xc
0xa733dc,__ZN8safe_jni13InterfaceFuncIvJbN4miit3com3bun8miitmdid10interfaces10IdSupplierEEE4callERNS_5ProxyEP13_jobjectArray,0x8
0xa733e4,__ZN8safe_jni17callInterfaceFuncIvJbN4miit3com3bun8miitmdid10interfaces10IdSupplierEEJLm0ELm1EELi0EEEP8_jobjectRNSt6__ndk18functionIFvRNS_5ProxyEDpT0_EEESC_P13_jobjectArrayNS9_16integer_sequenceImJXspT1_EEEE,0xe8
0xa734cc,__ZN4miit3com3bun8miitmdid4core13MdidSdkHelperC2EP8_jobject,0xc4
0xa73590,__ZN4miit3com3bun8miitmdid4core13MdidSdkHelper7InitSdkERKNS_7android7content7ContextEbRKNS2_10interfaces19IIdentifierListenerE,0x204
0xa73794,__ZN8safe_jni15static_functionIN4miit3com3bun8miitmdid4core13MdidSdkHelperEiEclIJNS1_7android7content7ContextEbNS4_10interfaces19IIdentifierListenerEEEEiDpT_,0x1dc
0xa73970,__ZN4miit3com3bun8miitmdid4core13MdidSdkHelperD0Ev,0x3c
0xa739ac,__ZN8safe_jni7ConvertIN4miit7android7content7ContextEvE3SigEv,0xfc
0xa73aa8,__ZN8safe_jni7ConvertIN4miit3com3bun8miitmdid10interfaces19IIdentifierListenerEvE3SigEv,0xfc
0xa73ba4,__ZN4miit3com3bun8miitmdid7content15SystemParamtersC2EP8_jobject,0xc4
0xa73c68,__ZN4miit3com3bun8miitmdid7content15SystemParamtersC2Ev,0x54
0xa73cbc,__ZN8safe_jni4ctorIN4miit3com3bun8miitmdid7content15SystemParamtersEEclIJEEEP8_jobjectDpT_,0xbc
0xa73d78,__ZN4miit3com3bun8miitmdid7content15SystemParamters13getSdkVersionEv,0x7c
0xa73df4,__ZN8safe_jni8functionIN4miit3com3bun8miitmdid7content15SystemParamtersE6StringEclIJEEES7_P8_jobjectDpT_,0x14c
0xa73f40,__ZN4miit3com3bun8miitmdid7content15SystemParamtersD0Ev,0x3c
0xa73f7c,__ZN6yoozoo8ScYoozooC2Ev,0x8
0xa73f84,__ZN6yoozoo8ScYoozooD2Ev,0x8
0xa73f8c,__ZN6yoozoo8ScYoozoo4initEPNS_16ScYoozooListenerE,0x10
0xa73f9c,__ZN6yoozoo8ScYoozoo10startLoginEv,0xc4
0xa74060,__ZN6yoozoo8ScYoozoo6logoutEv,0xc4
0xa74124,__ZN6yoozoo8ScYoozoo17openUserAgreementEv,0xc4
0xa741e8,__ZN6yoozoo8ScYoozoo17openPrivacyPolicyEv,0xc4
0xa742ac,__ZN6yoozoo8ScYoozoo14showExitScreenEv,0xc4
0xa74370,__ZN6yoozoo8ScYoozoo32showGuestModeAntiAddictionPromptEv,0x1d0
0xa74540,__ZN6yoozoo8ScYoozoo11getDeviceIdEv,0xcc
0xa7460c,__ZNK8safe_jni15static_propertyIN6yoozoo3com5youzu5bcore4base10BCoreConst5toolsE6StringEcvS8_Ev,0xc0
0xa746cc,__ZN6yoozoo8ScYoozoo7getOpIdEv,0x1d8
0xa748a4,__ZNK8safe_jni15static_propertyIN6yoozoo3com5youzu5bcore4base10BCoreConst5youzuE6StringEcvS8_Ev,0xc0
0xa74964,__ZN6yoozoo8ScYoozoo11getOpGameIdEv,0x1d8
0xa74b3c,__ZN6yoozoo8ScYoozoo14getExtendParamEi,0x560
0xa7509c,__ZNK8safe_jni15static_propertyIN6yoozoo3com5youzu5bcore4base10BCoreConst6configE6StringEcvS8_Ev,0xc0
0xa7515c,__ZN6yoozoo8ScYoozoo16getEventFuncNameERKNS0_9EventTypeE,0xd4
0xa75230,__ZN6yoozoo8ScYoozoo10trackEventERKNS0_9EventTypeEPNS_4java4util7HashMapE,0x120
0xa75350,__ZN6yoozoo8ScYoozoo8onCreateEv,0x114
0xa75464,__ZN6yoozoo8ScYoozoo7onStartEv,0x4
0xa75468,__ZN6yoozoo8ScYoozoo6onStopEv,0x4
0xa7546c,__ZN6yoozoo8ScYoozoo9onDestroyEv,0x4
0xa75470,__ZN6yoozoo8ScYoozoo8onResumeEv,0x4
0xa75474,__ZN6yoozoo8ScYoozoo7onPauseEv,0x4
0xa75478,__ZN6yoozoo8ScYoozoo9onRestartEv,0x4
0xa7547c,__ZN6yoozoo8ScYoozoo22onConfigurationChangedEP8_jobject,0x6c
0xa754e8,__ZN6yoozoo8ScYoozoo16onActivityResultEiiP8_jobject,0x88
0xa75570,__ZN8safe_jni7ConvertI6StringvE15GetStaticMemberEP7_jclassP9_jfieldID,0xe8
0xa75658,__ZN6yoozoo20ScOnSuperSdkListenerC2Ev,0x48
0xa756a0,__ZN6yoozoo20ScOnSuperSdkListener11setListenerEPNS_16ScYoozooListenerE,0x190
0xa75830,__ZN6yoozoo20ScOnSuperSdkListener10onSuperSDKE6StringS1_S1_,0xaa4
0xa762d4,__ZNK8safe_jni15static_propertyIN6yoozoo3com5youzu5bcore4base9BCoreCodeEiEcviEv,0xcc
0xa763a0,__ZN6yoozoo20ScOnSuperSdkListenerD2Ev,0xbc
0xa7645c,__ZN6yoozoo20ScOnSuperSdkListenerD0Ev,0xb4
0xa76510,__ZN6yoozoo7android3app8ActivityC2EP8_jobject,0xc4
0xa765d4,__ZN6yoozoo7android3app8ActivityD0Ev,0x3c
0xa76610,__ZN6yoozoo3com5youzu5bcore4base9BCoreCodeC2EP8_jobject,0xc4
0xa766d4,__ZN6yoozoo3com5youzu5bcore4base9BCoreCodeD0Ev,0x3c
0xa76710,__ZN6yoozoo3com5youzu5bcore4base10BCoreConst5youzuC2EP8_jobject,0xc4
0xa767d4,__ZN6yoozoo3com5youzu5bcore4base10BCoreConst6configC2EP8_jobject,0xc4
0xa76898,__ZN6yoozoo3com5youzu5bcore4base10BCoreConst5toolsC2EP8_jobject,0xc4
0xa7695c,__ZN6yoozoo3com5youzu5bcore4base10BCoreConst8platformC2EP8_jobject,0xc4
0xa76a20,__ZN6yoozoo3com5youzu5bcore4base10BCoreConstC2EP8_jobject,0xc4
0xa76ae4,__ZN6yoozoo3com5youzu5bcore4base10BCoreConst5youzuD0Ev,0x3c
0xa76b20,__ZN6yoozoo3com5youzu5bcore4base10BCoreConst6configD0Ev,0x3c
0xa76b5c,__ZN6yoozoo3com5youzu5bcore4base10BCoreConst5toolsD0Ev,0x3c
0xa76b98,__ZN6yoozoo3com5youzu5bcore4base10BCoreConst8platformD0Ev,0x3c
0xa76bd4,__ZN6yoozoo3com5youzu5bcore4base10BCoreConstD0Ev,0x3c
0xa76c10,__ZN6yoozoo7android7content3res13ConfigurationC2EP8_jobject,0xc4
0xa76cd4,__ZN6yoozoo7android7content3res13ConfigurationD0Ev,0x3c
0xa76d10,__ZN6yoozoo4java4util7HashMapC2EP8_jobject,0xc4
0xa76dd4,__ZN6yoozoo4java4util7HashMap4sizeEv,0x7c
0xa76e50,__ZN8safe_jni8functionIN6yoozoo4java4util7HashMapEiEclIJEEEiP8_jobjectDpT_,0x13c
0xa76f8c,__ZN6yoozoo4java4util7HashMap3putERKNS0_4lang6ObjectES6_,0x200
0xa7718c,__ZN8safe_jni8functionIN6yoozoo4java4util7HashMapENS2_4lang6ObjectEEclIJS6_S6_EEES6_P8_jobjectDpT_,0x1a4
0xa77330,__ZN6yoozoo4java4util7HashMapC2Ev,0x54
0xa77384,__ZN8safe_jni4ctorIN6yoozoo4java4util7HashMapEEclIJEEEP8_jobjectDpT_,0xbc
0xa77440,__ZN6yoozoo4java4util7HashMapD0Ev,0x3c
0xa7747c,__ZN6yoozoo4java4lang6ObjectD0Ev,0x3c
0xa774b8,__ZN8safe_jni7ConvertIN6yoozoo4java4lang6ObjectEvE3SigEv,0xfc
0xa775b4,__ZN8safe_jni7ConvertIN6yoozoo4java4lang6ObjectEvE12CallFunctionEP10_jmethodIDP8_jobjectz,0xdc
0xa77690,__ZN6yoozoo7android7content6IntentC2EP8_jobject,0xc4
0xa77754,__ZN6yoozoo7android7content6IntentD0Ev,0x3c
0xa77790,__ZN6yoozoo4java4util3MapC2EP8_jobject,0xc4
0xa77854,__ZN6yoozoo4java4util3MapD0Ev,0x3c
0xa77890,__ZN6yoozoo4java4lang6ObjectC2EP8_jobject,0xc4
0xa77954,__ZN6yoozoo3com8supersdk7openapi18OnSuperSDKListenerC2Ev,0xf4
0xa77a48,__ZN6yoozoo3com8supersdk7openapi18OnSuperSDKListener6invokeEP10_jmethodIDP13_jobjectArray,0x28c
0xa77cd4,__ZThn16_N6yoozoo3com8supersdk7openapi18OnSuperSDKListener6invokeEP10_jmethodIDP13_jobjectArray,0x8
0xa77cdc,__ZN6yoozoo3com8supersdk7openapi18OnSuperSDKListenerD0Ev,0x3c
0xa77d18,__ZN6yoozoo3com8supersdk7openapi18OnSuperSDKListener10onSuperSDKE6StringS4_S4_,0x4
0xa77d1c,__ZNSt6__ndk110__function6__funcIZN6yoozoo3com8supersdk7openapi18OnSuperSDKListener6invokeEP10_jmethodIDP13_jobjectArrayE3$_0NS_9allocatorISB_EEFvRN8safe_jni5ProxyE6StringSH_SH_EED0Ev,0x4
0xa77d20,__ZNKSt6__ndk110__function6__funcIZN6yoozoo3com8supersdk7openapi18OnSuperSDKListener6invokeEP10_jmethodIDP13_jobjectArrayE3$_0NS_9allocatorISB_EEFvRN8safe_jni5ProxyE6StringSH_SH_EE7__cloneEv,0x24
0xa77d44,__ZNKSt6__ndk110__function6__funcIZN6yoozoo3com8supersdk7openapi18OnSuperSDKListener6invokeEP10_jmethodIDP13_jobjectArrayE3$_0NS_9allocatorISB_EEFvRN8safe_jni5ProxyE6StringSH_SH_EE7__cloneEPNS0_6__baseISI_EE,0x10
0xa77d54,__ZNSt6__ndk110__function6__funcIZN6yoozoo3com8supersdk7openapi18OnSuperSDKListener6invokeEP10_jmethodIDP13_jobjectArrayE3$_0NS_9allocatorISB_EEFvRN8safe_jni5ProxyE6StringSH_SH_EE7destroyEv,0x4
0xa77d58,__ZNSt6__ndk110__function6__funcIZN6yoozoo3com8supersdk7openapi18OnSuperSDKListener6invokeEP10_jmethodIDP13_jobjectArrayE3$_0NS_9allocatorISB_EEFvRN8safe_jni5ProxyE6StringSH_SH_EE18destroy_deallocateEv,0x4
0xa77d5c,__ZNSt6__ndk110__function6__funcIZN6yoozoo3com8supersdk7openapi18OnSuperSDKListener6invokeEP10_jmethodIDP13_jobjectArrayE3$_0NS_9allocatorISB_EEFvRN8safe_jni5ProxyE6StringSH_SH_EEclESG_OSH_SK_SK_,0xe8
0xa77e44,__ZNKSt6__ndk110__function6__funcIZN6yoozoo3com8supersdk7openapi18OnSuperSDKListener6invokeEP10_jmethodIDP13_jobjectArrayE3$_0NS_9allocatorISB_EEFvRN8safe_jni5ProxyE6StringSH_SH_EE6targetERKSt9type_info,0x1c
0xa77e60,__ZNKSt6__ndk110__function6__funcIZN6yoozoo3com8supersdk7openapi18OnSuperSDKListener6invokeEP10_jmethodIDP13_jobjectArrayE3$_0NS_9allocatorISB_EEFvRN8safe_jni5ProxyE6StringSH_SH_EE11target_typeEv,0xc
0xa77e6c,__ZNSt6__ndk110__function6__baseIFvRN8safe_jni5ProxyE6StringS5_S5_EED2Ev,0x4
0xa77e70,__ZN8safe_jni13InterfaceFuncIvJ6StringS1_S1_EE4callERNS_5ProxyEP13_jobjectArray,0x8
0xa77e78,__ZN8safe_jni17callInterfaceFuncIvJ6StringS1_S1_EJLm0ELm1ELm2EELi0EEEP8_jobjectRNSt6__ndk18functionIFvRNS_5ProxyEDpT0_EEES7_P13_jobjectArrayNS4_16integer_sequenceImJXspT1_EEEE,0x1c8
0xa78040,__ZN6yoozoo3com9supercell5titan6yoozoo21PurchaseManagerYoozooC2EP8_jobject,0xc4
0xa78104,__ZN6yoozoo3com9supercell5titan6yoozoo21PurchaseManagerYoozoo22handlePayOrderIdResultERK6String,0xb4
0xa781b8,__ZN8safe_jni15static_functionIN6yoozoo3com9supercell5titan6yoozoo21PurchaseManagerYoozooEvEclIJ6StringEEEvDpT_,0x1c4
0xa7837c,__ZN6yoozoo3com9supercell5titan6yoozoo21PurchaseManagerYoozoo19handlePaymentResultEbRK6String,0xb8
0xa78434,__ZN8safe_jni15static_functionIN6yoozoo3com9supercell5titan6yoozoo21PurchaseManagerYoozooEvEclIJb6StringEEEvDpT_,0x1f0
0xa78624,__ZN6yoozoo3com9supercell5titan6yoozoo21PurchaseManagerYoozooD0Ev,0x3c
0xa78660,__ZN6yoozoo3com8supersdk7openapi8SuperSDK9lifecycleC2EP8_jobject,0xc4
0xa78724,__ZN6yoozoo3com8supersdk7openapi8SuperSDK9lifecycle16onActivityResultEiiRKNS_7android7content6IntentE,0x15c
0xa78880,__ZN8safe_jni15static_functionIN6yoozoo3com8supersdk7openapi8SuperSDK9lifecycleEvEclIJiiNS1_7android7content6IntentEEEEvDpT_,0x1d4
0xa78a54,__ZN6yoozoo3com8supersdk7openapi8SuperSDK9lifecycle9onDestroyEv,0x5c
0xa78ab0,__ZN8safe_jni15static_functionIN6yoozoo3com8supersdk7openapi8SuperSDK9lifecycleEvEclIJEEEvDpT_,0x164
0xa78c14,__ZN6yoozoo3com8supersdk7openapi8SuperSDK9lifecycle22onConfigurationChangedERKNS_7android7content3res13ConfigurationE,0x144
0xa78d58,__ZN8safe_jni15static_functionIN6yoozoo3com8supersdk7openapi8SuperSDK9lifecycleEvEclIJNS1_7android7content3res13ConfigurationEEEEvDpT_,0x184
0xa78edc,__ZN6yoozoo3com8supersdk7openapi8SuperSDK9lifecycle7onPauseEv,0x5c
0xa78f38,__ZN6yoozoo3com8supersdk7openapi8SuperSDK9lifecycle6onStopEv,0x5c
0xa78f94,__ZN6yoozoo3com8supersdk7openapi8SuperSDK9lifecycle9onRestartEv,0x5c
0xa78ff0,__ZN6yoozoo3com8supersdk7openapi8SuperSDK9lifecycle7onStartEv,0x5c
0xa7904c,__ZN6yoozoo3com8supersdk7openapi8SuperSDK9lifecycle8onResumeEv,0x5c
0xa790a8,__ZN6yoozoo3com8supersdk7openapi8SuperSDKC2EP8_jobject,0xc4
0xa7916c,__ZN6yoozoo3com8supersdk7openapi8SuperSDK12invokeStringERK6StringS6_RKNS_4java4util3MapE,0x1a4
0xa79310,__ZN8safe_jni15static_functionIN6yoozoo3com8supersdk7openapi8SuperSDKE6StringEclIJS6_S6_NS1_4java4util3MapEEEES6_DpT_,0x270
0xa79580,__ZN6yoozoo3com8supersdk7openapi8SuperSDK4initERKNS_7android3app8ActivityERKNS_4java4util3MapERKNS2_18OnSuperSDKListenerE,0x298
0xa79818,__ZN8safe_jni15static_functionIN6yoozoo3com8supersdk7openapi8SuperSDKEvEclIJNS1_7android3app8ActivityENS1_4java4util3MapENS4_18OnSuperSDKListenerEEEEvDpT_,0x1ec
0xa79a04,__ZN6yoozoo3com8supersdk7openapi8SuperSDK6invokeERK6StringS6_RKNS_4java4util3MapE,0x194
0xa79b98,__ZN8safe_jni15static_functionIN6yoozoo3com8supersdk7openapi8SuperSDKEvEclIJ6StringS8_NS1_4java4util3MapEEEEvDpT_,0x264
0xa79dfc,__ZN6yoozoo3com8supersdk7openapi8SuperSDK9lifecycleD0Ev,0x3c
0xa79e38,__ZN6yoozoo3com8supersdk7openapi8SuperSDKD0Ev,0x3c
0xa79e74,__ZN8safe_jni7ConvertIN6yoozoo7android7content6IntentEvE3SigEv,0xfc
0xa79f70,__ZN8safe_jni7ConvertIN6yoozoo7android7content3res13ConfigurationEvE3SigEv,0xfc
0xa7a06c,__ZN8safe_jni7ConvertIN6yoozoo4java4util3MapEvE3SigEv,0xfc
0xa7a168,__ZN8safe_jni7ConvertIN6yoozoo7android3app8ActivityEvE3SigEv,0xfc
0xa7a264,__ZN8safe_jni7ConvertIN6yoozoo3com8supersdk7openapi18OnSuperSDKListenerEvE3SigEv,0xfc
0xa7a360,__ZN8safe_jni15SetGlobalJavaVMEP7_JavaVM,0x18
