address,name,size
0x27b52c,_ZN27SCIDLogoutAllDevicesMessage6decodeEv,0x2c
0x27b558,_ZN14TeamInvitation6encodeEP10ByteStream,0x3c
0x27b594,_ZN21LogicBattleModeClient18teamHasSpecialStarEi,0x54
0x27b5e8,_ZN17FriendListMessage8destructEv,0xac
0x27b694,_ZNK16ServerConnection17getSelectedLocaleEv,0x110
0x27b7a4,_ZNSt6__ndk110__function6__funcIZN7GLImage14updateSubImageEPKciiiiiiE4$_10NS_9allocatorIS5_EEFvvEE18destroy_deallocateEv,0x4
0x27b7a8,_ZNK12BattleScreen13getUltiStickYEv,0x8
0x27b7b0,_ZNKSt6__ndk110__function6__funcIZN12RenderSystem24startEffectManagerUpdateEfE3$_0NS_9allocatorIS3_EEFvvEE7__cloneEv,0x38
0x27b7e8,_ZN15MapEditorScreen29transformParentTileCoordinateERiS0_i,0x40
0x27b828,_ZN37GoogleBillingProcessedByServerMessageC2Ei,0x74
0x27b89c,_ZN13GoHomeMessageC2Ev,0x34
0x27b8d0,_ZN31PurchaseOfferBundlePopupHandler13getOfferIndexEv,0x64
0x27b934,_ZN23AskPlayerJWTokenMessageC2Ev,0x30
0x27b964,_ubidi_getJoiningGroup_58,0x58
0x27b9bc,_ubrk_open_58,0x1f8
0x27bbb4,_ZNSt6__ndk110__function6__funcIZN11scTaskQueue3runIZ62Java_com_supercell_titan_TitanWebView_shouldOverrideUrlLoadingE3$_0EENS_13invoke_resultIT_JEE4typeES6_EUlvE_NS_9allocatorIS9_EEFvvEE7destroyEv,0x4
0x27bbb8,_ZN8Selfhelp10setGameJWTERK6String,0xfc
0x27bcb4,_ZN6Sprite13removeChildAtEi,0xc8
0x27bd7c,_ZN20NativeSCIDConnection13claimShopItemERK6String,0x8
0x27bd84,_ZN10TestRunnerD0Ev,0x24
0x27bda8,_ZNSt6__ndk110__function6__funcIZN6Shader4loadEPKcS4_S4_E3$_1NS_9allocatorIS5_EEFvvEE18destroy_deallocateEv,0x4
0x27bdac,_ZN7GLImage6createEPKhi9ImageWrap11ImageFilter,0x10a4
0x27ce50,_ZN14MovieClipFrameC2Ev,0x8
0x27ce58,_ZNK15LogicJSONString14getStringValueEv,0x8
0x27ce60,_ZN12FriendsPopup6updateEf,0x4c
0x27ceac,_ZN17OnlineFriendsList13buttonClickedEP12CustomButton,0x144
0x27cff0,_ZL18udata_getHashTableR10UErrorCode,0xd4
0x27d0c4,_ZN14DataLoaderJSONC2Ev,0x5c
0x27d120,_ZN31PurchaseOfferBundlePopupHandler13setupItemDescEP9TextFieldi,0x18
0x27d138,_ZN8HomePage15refreshKeyQuotaEP9MovieClip,0x444
0x27d57c,_ZN11LineManagerD2Ev,0x1e8
0x27d764,_ZN5titan3com9supercell5titan19GoogleServiceClient20getPlayerDisplayNameEv,0x7c
0x27d7e0,_ZN9CombatHUD24addHintFingerToMoveStickEv,0x70
0x27d850,_ZN9LogicMath3cosEi,0x80
0x27d8d0,_ZN5titan7android4view7Display8getWidthEv,0x7c
0x27d94c,_ZN14BattleEndPopup18setupOutcomeHeaderEP9MovieClipRK6String,0xa14
0x27e360,_Z15numberOfSetBitsj,0x34
0x27e394,_ZL19free_static_shapersv,0x20
0x27e3b4,_ZNK36AppleBillingProcessedByServerMessage13getStatusCodeEv,0x8
0x27e3bc,_ZN11TeamMessage6encodeEv,0x28
0x27e3e4,_ZN10HeroSprite9HeroEntry10updateFaceEfR5StageRb,0x10c
0x27e4f0,_ZN21LogicBattleModeServer9addPetrolEiiiiii,0x534
0x27ea24,_ZNK13DisplayObject19getRenderConfigBitsEv,0x8
0x27ea2c,_ZNKSt6__ndk110__function6__funcIZ53Java_com_supercell_titan_GoogleServiceClient_onSignInP7_JNIEnvP7_jclassE3$_0NS_9allocatorIS6_EEFvvEE7__cloneEv,0x24
0x27ea50,_ZN11Application31isSystemVersionGreaterOrEqualToEPKc,0x134
0x27eb84,_ZN39LogicAccountTransferCodeResponseMessage11setLinkCodeERK6String,0x8
0x27eb8c,_ZN15LogicJSONHelper7setBoolEP15LogicJSONObjectRK6Stringb,0x4c
0x27ebd8,_ZNK16YoozooLoginState11showFloaterERK6Stringb,0x78
0x27ec50,_ZN26AuthenticationCheckMessage18getServiceNodeTypeEv,0x8
0x27ec58,_ZN12LogicTileMap11replaceTileEPK13LogicTileDataiii,0x1e0
0x27ee38,_ZNK12CustomButton17getButtonListenerEv,0x8
0x27ee40,_Java_com_supercell_titan_UnbotifyManager_sendPackage,0xa0
0x27eee0,_ZNK10StringView7indexOfERK6String,0x34
0x27ef14,_ZN12LogicVector38subtractEiii,0x20
0x27ef34,_ZN2OTL12apply_lookupEPNS_18hb_apply_context_tEjPjjPKNS_12LookupRecordEj,0x360
0x27f294,_ZN11VanityItems10setIntPropEPK9LogicDataii,0x4c
0x27f2e0,_stbi_loadf_from_scfile,0x70
0x27f350,_ZThn96_N16AllianceWarPopup13buttonClickedEP12CustomButton,0x70
0x27f3c0,_ZN18scFSLayerDirectory11removeFilesEv,0x4
0x27f3c4,_ZN19TeamSpectateMessage18getServiceNodeTypeEv,0x8
0x27f3cc,_ZN10TestRunnerC2EP8TestCase,0xb0
0x27f47c,_ZN14FriendsManager27startProfilePictureDownloadEP9LogicLong,0x448
0x27f8c4,_ZN8Databind8Databind20registerObjectFieldsEPK14DatabindObject,0x5c
0x27f920,_ZNK6scglTF9BufferPtr9getStrideEv,0x8
0x27f928,_ZN5titan3com9supercell5titan7GameApp20runInUiThreadFromCppEl,0x80
0x27f9a8,_ZN11SCIDManager14requestFriendsEv,0x54
0x27f9fc,_ZNK12RenderSystem8isPausedEv,0x8
0x27fa04,_ZN24UnbindLineAccountMessage6encodeEv,0x4
0x27fa08,_ZN8Settings19getAccessoryOpacityEv,0x98
0x27faa0,_ZN27TeamToggleMemberSideMessageC2Ev,0x38
0x27fad8,_ZN20CreateAccountMessage11setDeviceIdEP6String,0x8
0x27fae0,_hb_font_get_empty,0xc
0x27faec,_ZNK17LogicHeroUpgrades22getCardValueForPassiveEii,0x5c
0x27fb48,_ZNK21LogicGameObjectServer7getDataEv,0x8
0x27fb50,_ZNK6icu_5817StringEnumerationeqERKS0_,0x14
0x27fb64,_ZN12DebugObjects16registerInstanceEPvS0_PKc,0x90
0x27fbf4,_ZN12BadgePreviewC2Ev,0x994
0x280588,_ZN21MagicSelectableButtonC2Ev,0xe8
0x280670,_ZN5titan3com9supercell5titan11SupercellId21completeClaimShopItemERK6String,0xac
0x28071c,_ZN9TextField12visualOffsetEii,0x204
0x280920,_ZN16UdpPacketHandler4sendEv,0x17c
0x280a9c,_ZNK3GUI14getPopupByTypeEi,0xa4
0x280b40,_ZN35AddFriendByAvatarNameAndCodeMessage16removeAvatarCodeEv,0x10
0x280b50,_ZN22CharacterEditorManagerD2Ev,0x4
0x280b54,_ZN28LogicClaimDailyRewardCommand10canExecuteEPK13LogicHomeModeii,0x9c
0x280bf0,_ZN10ScrollArea15setPinchingDampEf,0x14
0x280c04,_ZN25FriendOnlineStatusMessage27removeOnlineFriendAvatarIdsEv,0x10
0x280c14,_ZN14FriendsManager24findFriendProfileImageIdEP9LogicLongRKNSt6__ndk16vectorIP6FriendNS2_9allocatorIS5_EEEE,0x74
0x280c88,_uhash_puti_58,0x20
0x280ca8,_ZN6icu_5822UCharCharacterIterator11hasPreviousEv,0x10
0x280cb8,_ZN29FacebookAccountUnboundMessage6decodeEv,0x4
0x280cbc,_ZN8HomePage24inboxNotificationClaimedEP16BaseNotification,0x434
0x2810f0,_ZN22LogicRankedMatchPlayerC2Ev,0x4c
0x28113c,_ZN17SetCountryMessageC2EPK15LogicRegionData,0x38
0x281174,_ZNK3GUI12getClanPopupEv,0x98
0x28120c,_ZNK27MatchMakingCancelledMessage14getMessageTypeEv,0x8
0x281214,_ZN34PurchaseOfferHighlightPopupHandler13setupOldPriceEP9MovieClip,0x10
0x281224,_ZNSt6__ndk110__function6__funcIZN32NativeFacebookConnectionCallback6loggedERK6StringS5_E3$_1NS_9allocatorIS6_EEFvvEEclEv,0x28
0x28124c,_ZN31TeamChangeMemberSettingsMessage8destructEv,0x24
0x281270,_ZN24LoginUsingSessionMessage12setAccountIdEii,0x8
0x281278,_ZNK16UdpPacketHandler7getPingEv,0x8
0x281280,_ZN21LogicProjectileServer24setMinionHasSelfDestructEi,0x8
0x281288,_ZN14TitanOutStream13forceCapacityEi,0x8
0x281290,_ZN13DebugMenuBase24setAllCategoriesFilteredEb,0x70
0x281300,_ZN15TeamJoinRequest6encodeEP10ByteStream,0x50
0x281350,_ZN23LogicAchievementManager4tickEv,0x4
0x281354,_ZN16PlayerMapManager17openMapWithEditorEPK9LogicLong,0x90
0x2813e4,_ZN6icu_5810UnicodeSet12_appendToPatERNS_13UnicodeStringEia,0xe8
0x2814cc,_ZN24LogicVideoStartedCommand7executeEP13LogicHomeModeib,0x50
0x28151c,_ZN17LogicGameListenerC2Ev,0x10
0x28152c,_ZN17GraphicProperties18configHasAttributeEPvii,0x50
0x28157c,_ZN5titan7android4view13SurfaceHolderC2EP8_jobject,0xbc
0x281638,_ZN6icu_5823UnicodeStringAppendable14appendCodeUnitEt,0x68
0x2816a0,_ZN11OnlinePopup24getCurrentTeamCodeStringEv,0x94
0x281734,_ZN18DoubleClickChecker12touchPressedERK5Touch,0x14
0x281748,_ZNK10BitmapFont12hasGlyphsForERK6String,0xbc
0x281804,_ZN12BlurRenderer18setGreyScaleAmountEf,0x8
0x28180c,_ZN6icu_5814UnicodeFunctorD2Ev,0x4
0x281810,_ZN8TimeUtil15getTimeAsStringEibbb,0x640
0x281e50,_ZN15LeaderboardPage16getCurrentScrollEv,0x20
0x281e70,_ZN17LogicGameModeUtil24healthbarsAreInOneCornerEi,0x10
0x281e80,_ZN14FriendsManager19getFriendsWithStateEi,0x1dc
0x28205c,_ZNK6icu_5813UnicodeString11lastIndexOfEPKtiiii,0xc0
0x28211c,_ZNK16PlayerMapManager9getAvatarEv,0x38
0x282154,_ZN29AvailableServerCommandMessage8destructEv,0x50
0x2821a4,_ZN17ShopSkinTeaseItem19getSkinReleaseEntryEPK13LogicSkinData,0x30
0x2821d4,_ZN22TeamClearInviteMessage18getServiceNodeTypeEv,0x8
0x2821dc,_ZN9BitStream27writePositiveIntMax16777215Ei,0x8
0x2821e4,_ZN5lzham19lzham_lib_z_inflateEP14lzham_z_streami,0x318
0x2824fc,_ZN11DragHandler8attachIDEi,0x2c
0x282528,_ZNK17LogicSkinConfData14getBoneEffect2Ev,0x8
0x282530,_ZNKSt6__ndk110__function6__funcIZN29scMultithreadedLoadingManager6submitEP14scResourceDataRK18scResourceLoadInfoE3$_0NS_9allocatorIS8_EEFvvEE7__cloneEv,0xe8
0x282618,_ZNK18LogicCharacterData6isBaseEv,0x10
0x282628,_ZN18LatencyTestSession29processIncomingUdpTestMessageEP14PiranhaMessage,0xa8
0x2826d0,_ZN8HomePage16handleTeamButtonERK6Stringbbb,0xd4
0x2827a4,_ZNKSt6__ndk110__function6__funcIZN7GLImage6createEiiiPKh9ImageWrap11ImageFilterE3$_7NS_9allocatorIS7_EEFvvEE7__cloneEPNS0_6__baseISA_EE,0x30
0x2827d4,_ZplRK6Stringf,0x78
0x28284c,_ZN6icu_586LocaleD2Ev,0x60
0x2828ac,_Z15isAabbInFrustumPK7Vector3IfEPK8xPlane3fS2_,0x18c
0x282a38,_ZNK18LogicCharacterData14getBoneEffect4EPK13LogicSkinData,0x44
0x282a7c,_ZNK6icu_5813UnicodeString9doIndexOfEtii,0x8c
0x282b08,_ZN18DeliveryCardsPopup6updateEf,0x334
0x282e3c,_ZN24LoginUsingSessionMessage12setAccountIdEPK9LogicLong,0xc
0x282e48,_ZN9AntiCheat12isSideLoadedEv,0x8
0x282e50,_ZN14LogicAccessory15updateAccessoryEP20LogicCharacterServer,0x4
0x282e54,_ZNKSt6__ndk110__function6__funcIZN32NativeFacebookConnectionCallback18receivedAppRequestERK6StringE3$_4NS_9allocatorIS6_EEFvvEE7__cloneEv,0x68
0x282ebc,_ZThn96_NK14BattleTutorial16getAnalyticsNameEv,0xc
0x282ec8,_ZN5Debug11fillEllipseEffffjf,0x4
0x282ecc,_ZN16NameChangeWindow9popScreenEv,0xb0
0x282f7c,_ZN15ShareImagePopupC2EPK18LogicCharacterDataPK13LogicSkinData,0x2ec
0x283268,_ZNK41CafeBazaarBillingProcessedByServerMessage9getProdIdEv,0x8
0x283270,_ZN21RankedTeamSelectPopup13setStateTextsEP9MovieClipbbP17ParallelExecution,0x458
0x2836c8,_ZN31BindGoogleServiceAccountMessage17removeAccessTokenEv,0x10
0x2836d8,_ZN21LogicJSONOutReflector17reflectNextObjectEv,0x44
0x28371c,_ZN11WaitForDataD0Ev,0x48
0x283764,_ZN23SCIDAccountBoundMessage8destructEv,0x48
0x2837ac,_ZN23OfflineFriendInviteItem14getInviteStateEv,0x8
0x2837b4,_ZN23TeamSetPlayerMapMessage8setMapIdERK9LogicLong,0xc
0x2837c0,_ZN9CombatHUD13buttonClickedEP12CustomButton,0x9c4
0x284184,_ZN24LogicLaserMessageFactory8destructEv,0x24
0x2841a8,_ZN15MapEditorScreen5getXYEPK16GameObjectSpriteRfS3_,0x64
0x28420c,_ZN16TeamErrorMessage8destructEv,0x24
0x284230,_ZN12GemOfferItem15setGameModeIconEP8DataIconi,0x10c
0x28433c,_ZN9TeamPopupD2Ev,0x1dc
0x284518,_fileAccessError,0x14
0x28452c,_ZN28LogicGameObjectManagerServer4tickEv,0x640
0x284b6c,_ZN15AllianceManager13removeWarNodeEP15AllianceWarNode,0x14c
0x284cb8,_ZN9TeamPopup8getEventEv,0x68
0x284d20,_ZNKSt6__ndk110__function6__funcIZN19SupercellIdCallback24setPendingLoginWithPhoneEP8_jobjectRK6StringbE3$_8NS_9allocatorIS8_EEFvvEE6targetERKSt9type_info,0x1c
0x284d3c,_ZN5titan3com9supercell5titan14HelpshiftTitan7showFAQEv,0x5c
0x284d98,_ZN16BattleEndMessage27createDummyBossFightMessageEbbi,0x174
0x284f0c,_ZNKSt6__ndk110__function6__funcIZN7GLImage14updateSubImageEPKciiiiiiE4$_10NS_9allocatorIS5_EEFvvEE7__cloneEv,0x50
0x284f5c,_ZN13ClippedSprite15collisionRenderER9Matrix2x3,0xf4
0x285050,_ZN5titan7android3app8Activity9getIntentEv,0x7c
0x2850cc,_ZN9GameUtils15writeJSONToFileEP15LogicJSONObjectRK6String,0xd4
0x2851a0,_ZN15LogicDataTables24getGameModeVariationDataEi,0x60
0x285200,_ZN19EnvironmentRenderer12addCharacterEP9Characterb,0x6a4
0x2858a4,_ZN13PlayAnimation15setPlayDurationEfi,0xc
0x2858b0,_ZNK10HomeScreen19getDebugCommandHeroEi,0x80
0x285930,_ZN20LogicHeroSeenCommand18getUnseenHeroCountEPK13LogicHomeModei,0xe0
0x285a10,_ZN12LocationItem17toggleModeButtonsEb,0x138
0x285b48,_ZN27LogicSelectStarPowerCommand10canExecuteEPK13LogicHomeModePK13LogicCardData,0xa0
0x285be8,_ZNKSt6__ndk110__function6__funcIZN5titan7android5media11MediaPlayer18OnPreparedListener6invokeEP10_jmethodIDP13_jobjectArrayE3$_0NS_9allocatorISB_EEFvRN8safe_jni5ProxyES5_EE7__cloneEPNS0_6__baseISH_EE,0x10
0x285bf8,_ZN5titan3com9supercell5titan15PurchaseManager23isWaitingForTransactionEv,0x5c
0x285c54,_ZN9EntryInfo7refreshEb,0xcfc
0x286950,_ZNK27LogicPlayerRankedSeasonData6encodeEP15ChecksumEncoder,0x148
0x286a98,_ZNK31LogicSetSupportedCreatorCommand6encodeEP15ChecksumEncoder,0x5c
0x286af4,_ZN5titan3com9supercell2id14IdLoginDetailsC2EP8_jobject,0xbc
0x286bb0,_ZNK16LogicOfferBundle12containsSkinEPK13LogicSkinData,0x7c
0x286c2c,_ZNK9LogicData7getNameEv,0x8
0x286c34,_ZN21LogicProjectileServer14executeGrappleEP20LogicCharacterServer,0x4
0x286c38,_ZNK34LogicPurchaseChallengeLivesCommand6encodeEP15ChecksumEncoder,0x4
0x286c3c,_ZNSt6__ndk110__function6__funcIZN19EnvironmentRenderer6renderER9Matrix2x3R14ColorTransformifE3$_2NS_9allocatorIS7_EEFvvEED0Ev,0x4
0x286c40,_ZN11DragHandler16setTopPositionXYEff,0x54
0x286c94,_ZN11TeamManager17getOwnTeamupStateEv,0x90
0x286d24,_ZN8Material15setCustomVectorERK6StringPKfi,0x4
0x286d28,_ZN18sc3dAttachedSprite12touchPressedERK5Touch,0x4c
0x286d74,_ZNK8Settings19getSelectedLanguageEv,0x50
0x286dc4,_ZNK22UpdatePlayerMapMessage20getCompressedMapDataEv,0x8
0x286dcc,_ZNK18LogicGemBundleData9isEnabledEv,0x14
0x286de0,_ZN6icu_5822RuleBasedBreakIteratorC2EPKhjR10UErrorCode,0xf4
0x286ed4,_ZN11SCIDManager20logOutFromAllDevicesEv,0x4
0x286ed8,_ZN18CharacterAnimation12valueChangedEi,0x1ac
0x287084,_ZN5titan3com9supercell5titan5Kakao6logoutEv,0x5c
0x2870e0,_ZNK16LogicOfferBundle18isSoloStarBoxOfferEv,0x44
0x287124,_ZN14BrawlPassPopup15getButtonByNameERK6String,0x80
0x2871a4,_ZN5lzham12lzcompressor9put_bytesEPKvj,0x210
0x2873b4,_ZNK19LogicProjectileData11useColorModEv,0x10
0x2873c4,_ZNK19LogicProjectileData16shouldHideFasterEv,0x10
0x2873d4,_ZN14AllianceSearch15createContainerERK6String,0x70
0x287444,_ZNKSt6__ndk110__function6__funcIZN7GLImage6createEPKcS4_9ImageWrap11ImageFilterE3$_6NS_9allocatorIS7_EEFvvEE11target_typeEv,0xc
0x287450,_ZN14LoginOkMessage11setKunlunIdEP6String,0x8
0x287458,_ZN12SupercellSWF13readByteArrayEi,0xd8
0x287530,_ZN15MovieClipHelper14handleRedStateEP9MovieClipP17LogicClientAvatari,0x98
0x2875c8,_ZN18HomePageTeamMember11getItemIconEi,0x18
0x2875e0,_ZNK34SetSupportedCreatorResponseMessage14getMessageTypeEv,0x8
0x2875e8,_ZN17FriendListMessage19removeFriendEntriesEv,0x10
0x2875f8,_ZN17HeroSwipeSelectorD0Ev,0x24
0x28761c,_ZN15OutlineRendererD2Ev,0x1c
0x287638,_ZN24RankedLeaderboardsScreen16getCurrentSeasonEv,0x50
0x287688,_ZN11VanityItems8clearNewEPK9LogicData,0x40
0x2876c8,_ZN8Databind8Databind14removeListenerEPNS_17IDatabindListenerE,0x80
0x287748,_ZN27JoinableAllianceListMessageC2Ei,0x30
0x287778,_ZNK13TitanInStream7getSizeEv,0x8
0x287780,_ZN8Databind15JSONInReflector14reflectNextIntEi,0x5c
0x2877dc,_ZN15LogicDataTables20getPictoEmoteForSkinEPK13LogicSkinData,0xd8
0x2878b4,_ZN10PlayerInfo6notifyEi,0x15c
0x287a10,_ZN14ShadowRendererC2EP12RenderSystem,0x358
0x287d68,_ZN17LogicGameModeUtil16giveMVPAtGameEndEi,0x24
0x287d8c,_ZN30LineAccountAlreadyBoundMessage15removeAccountIdEv,0x10
0x287d9c,_ZNSt6__ndk110__function6__funcIZN7GLImage6createEiiiPKh9ImageWrap11ImageFilterE3$_7NS_9allocatorIS7_EEFvvEE7destroyEv,0x4
0x287da0,_ZN14AllianceStream15destroyInstanceEv,0x48
0x287de8,_ZN9BitStream20readPositiveIntMax63Ev,0x168
0x287f50,_ZN29LogicPurchaseBrawlPassCommand6decodeEP10ByteStream,0x50
0x287fa0,_uprv_ebcdictolower_58,0x28
0x287fc8,_ZN22ShapeDrawBitmapCommand14copyValuesFromEPKS_,0xb4
0x28807c,_ZN5lzham25lzham_lib_compress_deinitEPv,0x40
0x2880bc,_ZN4asio6detail22executor_function_view8completeINS0_7binder2IZN9Messaging7connectERK6StringS7_E3$_2NSt6__ndk110error_codeENS_2ip22basic_resolver_resultsINSB_3tcpEEEEEEEvPv,0x4
0x2880c0,_ZN15LogicDataTables8isLoadedEv,0xc
0x2880cc,_ures_getLocale_58,0x34
0x288100,_ZN27GoogleBillingRequestMessageC2Ev,0xdc
0x2881dc,_ZN10StreamItem12refreshEntryEP11StreamEntry,0x1cc
0x2883a8,_ZN14BrawlPassPopup19beforeQuestsChangedEv,0x8
0x2883b0,_ZN13UnityAdsTitan5startERK6Stringb,0x8
0x2883b8,_ZN15LogicJSONParser12nextCharUTF8ERK6StringPi,0x4
0x2883bc,_ZN14BattleEndPopup6centerEP14LogicArrayListIP9MovieClipEf,0xb4
0x288470,_ZN14BattleEndPopup13hideAllHeroesEP9MovieClipS1_,0x668
0x288ad8,_ZN8CSVTable18addAndConvertValueERK6Stringi,0x180
0x288c58,_ZN30SkinPreviewResetRotationButton13buttonPressedEv,0x4
0x288c5c,_ZN10HomeScreen9getAvatarEv,0x30
0x288c8c,_ZNK34PurchaseOfferHighlightPopupHandler20getModelsBeforeOfferEi,0xf8
0x288d84,_ZNK21LogicAreaEffectServer14getCustomValueEv,0x28
0x288dac,_ZN16DataGainListenerD2Ev,0x9c
0x288e48,_ZN33LogicDeviceLinkCodeRequestMessage18getServiceNodeTypeEv,0x8
0x288e50,_ZN13DisplayObject8setAlphaEf,0x8
0x288e58,_ZN22UdpSingleMessagePacket6decodeEPvPKciP19LogicMessageFactory,0x1fc
0x289054,_ZN26BindFacebookAccountMessage18getServiceNodeTypeEv,0x8
0x28905c,_SecToLook_CreateVTable,0x10
0x28906c,_ZN12SCWFileInputC2Ev,0x28
0x289094,_ZN9HeroPopup13buttonClickedEP12CustomButton,0x84
0x289118,_ZN13OutlineFilterD0Ev,0x38
0x289150,_ZN5titan7android5media11MediaPlayer5startEv,0x7c
0x2891cc,_ZNK3GUI25getEsportTournamentsPopupEv,0x98
0x289264,_ZN16RankedPlayerItemD2Ev,0xe8
0x28934c,_ZN25KickAllianceMemberMessage6encodeEv,0x38
0x289384,_ZN9RankPopup12touchPressedERK5Touch,0x30
0x2893b4,_ZNK11TeamManager17getOwnMemberEntryEv,0x54
0x289408,_ZN8Databind24NlohmannJsonOutReflector17reflectNextObjectEv,0x60
0x289468,_nti_glyph_bounds,0x13c
0x2895a4,_ZNK17LogicCampaignData7getBossEv,0x24
0x2895c8,_ZL16preloadAnimationP16ResourceListenerRK6StringPK13LogicSkinData,0x12c
0x2896f4,_ZN28LogicClearShopTickersCommand8destructEv,0x28
0x28971c,_ZN18HighRateUdpMessage20removePiranhaMessageEv,0x10
0x28972c,_ZN8TimeUtil24getClockStringWithZeroesEi,0x38
0x289764,_ZN25PurchaseConfirmationPopupD0Ev,0xac
0x289810,_ZN25progressive_block_decoder21decode_block_dc_firstEP12jpeg_decoderiii,0x13c
0x28994c,_ZNK16LogicMessageData17getQuickEmojiTypeEv,0x10
0x28995c,_ZN14BattleTutorial12TutorialStep6updateEfP23LogicCharacterClientOwnPS_i,0x5dc
0x289f38,_ZN27MatchMakingCancelledMessageC2Ev,0x30
0x289f68,_ZN22ReportPlayerMapMessage8setMapIdERK9LogicLong,0xc
0x289f74,_ZN11StreamEntryC2Ev,0x20
0x289f94,_ZN12NSCIDManager20accountBindingFailedEv,0x8
0x289f9c,_ZNK28LogicSendAllianceMailCommand10getMessageEv,0x8
0x289fa4,_ZN33TencentAccountAlreadyBoundMessage15removePassTokenEv,0x10
0x289fb4,_ZN25FriendOnlineStatusMessageC2Ev,0x34
0x289fe8,_ZNK29LogicPlayerMapEnvironmentData20getLocationThemeDataEi,0x10
0x289ff8,_ZN18LogicPlayerMapUtil16isValidPlayerMapEPK6StringPK22LogicLocationThemeDataib,0x1888
0x28b880,_ZNKSt6__ndk110__function6__funcIZN19SupercellIdCallback20setNotificationBadgeEP8_jobjectbiE4$_19NS_9allocatorIS5_EEFvvEE11target_typeEv,0xc
0x28b88c,_Z12checkGlErrorPKc,0x18
0x28b8a4,_ZN10SCTuneImpl13refreshValuesEv,0x18c
0x28ba30,_ZN25TencentCheckCanPayMessage6encodeEv,0x28
0x28ba58,_stbi_loadf,0x110
0x28bb68,_ZN14MessageManager21receiveOfflineMessageEP14PiranhaMessage,0x130
0x28bc98,_ZN6Effect20silenceLoopingSoundsEv,0x6c
0x28bd04,_ZN20LogicCharacterServer9applyBuffEiiiiiii,0x8
0x28bd0c,_ZNSt6__ndk110__function6__funcIZN11AndroidMain17backButtonPressedEvE3$_6NS_9allocatorIS3_EEFvvEE18destroy_deallocateEv,0x4
0x28bd10,_ZN19EnvironmentRenderer15updateTileIndexEv,0x98
0x28bda8,_ZN31BillingCancelledByClientMessage6decodeEv,0x1f4
0x28bf9c,_ZN15LogicJSONObject6removeERK6String,0x1cc
0x28c168,_ZNSt6__ndk110__function6__funcIZN22scLZMADecompressFilter13setDownstreamEP10scFileImplE3$_0NS_9allocatorIS5_EEFvvEE7destroyEv,0x4
0x28c16c,_ZNK22BuyChallengeLivesPopup12getPopupTypeEv,0x8
0x28c174,_ZN23ChronosEventSeenMessageC2Ev,0x34
0x28c1a8,_ZNKSt6__ndk110__function6__funcIZZN10HeroSprite9HeroEntry15updateAnimationEfENK3$_0clEvEUlvE_NS_9allocatorIS5_EEFvvEE7__cloneEPNS0_6__baseIS8_EE,0x18
0x28c1c0,_ZN9TextTweenD2Ev,0x78
0x28c238,_ZN7rg_etc110etc1_block11pack_delta3Eiii,0x38
0x28c270,_ZNK18LogicAccessoryData15getCustomValue2Ev,0x10
0x28c280,_ZN20LogicCharacterServer7tickBotEv,0x2e0c
0x28f08c,_ZN15ResourceManager23checkFingerprintVersionEv,0x3f8
0x28f484,_ZN13GoogleService17unlockAchievementERK6String,0x30
0x28f4b4,_ZNK9CSVColumn12isEmptyValueEi,0x58
0x28f50c,_ZN14LogicCondition6decodeEP10ByteStream,0x48
0x28f554,_ZNK21TeamReportChatMessage19getReportedAvatarIdEv,0x8
0x28f55c,_ZN5titan3com9supercell5titan12TitanWebView8moveViewEfffffffb,0xcc
0x28f628,_ZN8Databind16JSONOutReflector16reflectExitArrayEv,0x4
0x28f62c,_ZN10ByteStream19readStringReferenceEi,0xf8
0x28f724,_ZN12EventCoinBarD2Ev,0xc
0x28f730,_ZN16YoozooLoginState27getLocaleClampedStringValueERK6StringS2_i,0x68
0x28f798,_ZN6icu_589UVector329retainAllERKS0_,0xb4
0x28f84c,_ZN5titan3com9supercell5titan7GameApp15getDisplayModesEv,0x70
0x28f8bc,_ZNSt6__ndk110__function6__funcIZN19EnvironmentRenderer6renderER9Matrix2x3R14ColorTransformifE4$_11NS_9allocatorIS7_EEFvvEEclEv,0x58
0x28f914,_ZNKSt6__ndk110__function6__funcIZN27BattleEndRankedRankUpScreen14addExecutionToEP18SequencedExecutionE3$_2NS_9allocatorIS5_EEFbvEE11target_typeEv,0xc
0x28f920,_ZN27LogicSelectStarPowerCommand7executeEP13LogicHomeModeib,0x9c
0x28f9bc,_hb_segment_properties_equal,0x5c
0x28fa18,_ZN10HomeScreen15setPagesVisibleEb,0xc
0x28fa24,_ZN4MeshC2Ev,0x28
0x28fa4c,_ZNSt6__ndk110__function6__funcIZN14LineConnection9autologinEvE3$_2NS_9allocatorIS3_EEFvbPKN8linecorp4nova11CredentialsEPKNS7_5ErrorEEED0Ev,0x4
0x28fa50,_ZN11wendelstein15SpringComponent11applyForcesEPNS_8ParticleES2_P7Vector3IfES5_ff,0x1e4
0x28fc34,_ZNK20LogicCharacterClient8getSkillERK6String,0x74
0x28fca8,_ZN23AskPlayerJWTokenMessageC2Ei,0x2c
0x28fcd4,_ZN14StreamItemList13resolveNewCntEv,0x9c
0x28fd70,_ZN15LogicDataTables29getPlayerMapEnvironmentByNameERK6StringPK9LogicData,0x20
0x28fd90,_ZN17HeroSwipeSelector10touchMovedERK5Touch,0x4c
0x28fddc,_ZNK14LogicMusicData22getMovieClipFrameLabelEv,0x10
0x28fdec,_ZNKSt6__ndk110__function6__funcIZN8TestCase17releaseStageTouchEvE3$_4NS_9allocatorIS3_EEFvvEE6targetERKSt9type_info,0x1c
0x28fe08,_ZN31RequestLatencyTestStatusMessage18getServiceNodeTypeEv,0x8
0x28fe10,_ZN34JoinAllianceUsingInvitationMessage6encodeEv,0x28
0x28fe38,_ZNK16LogicOfferBundle7isValidEPK13LogicHomeMode,0xc4
0x28fefc,_ZNK14LogicJSONArray14getTypeAtIndexEi,0x14
0x28ff10,_ZN15LogicDataTables15isItemAvailableEPK13LogicHomeModePK13LogicCardData,0x6c
0x28ff7c,_ZN19BrawlTVWaitingPopup16brawlTvCancelledEv,0x5c
0x28ffd8,_ZNK9LogicData15getDebuggerNameEv,0xf4
0x2900cc,_ZN31AvatarStreamEntryRemovedMessage16getStreamEntryIdEv,0x8
0x2900d4,_ZN13scResourceMap4Lock6unlockEv,0x40
0x290114,_ZN9LogicMath11getRotatedXEiii,0xf8
0x29020c,_ZNSt6__ndk110__function6__funcIZN7GLImage14updateSubImageEPKhiiiE3$_9NS_9allocatorIS5_EEFvvEEclEv,0x8
0x290214,_ZNK20LogicCharacterClient22getCurrentCastingSkillEv,0x88
0x29029c,_ZN11LogicAvatar20setAccountBoundFlagsEi,0x8
0x2902a4,_ZN10ScoresPage17hideRegionButtonsEv,0x1c
0x2902c0,_ucdn_get_linebreak_class,0x6c
0x29032c,_ZNK9Animation17getTransformationEi,0x18
0x290344,_ZN15LogicClientHome24offlineRotateShopContentEb,0x7b28
0x297e6c,_ZN11wendelstein27WendelsteinMovieClipEmitter14setEffectScaleEf,0x8
0x297e74,_ZN6icu_5822UCharCharacterIterator7setTextEPKti,0x1c
0x297e90,_ZNK14LogicSkillData20alwaysCastAtMaxRangeEv,0x10
0x297ea0,_ZN22ClientContentValidator18addPendingTIDIssueEPK6CSVRowRKNS_8TIDIssueE,0x3a8
0x298248,_ZN15LogicDataTables23getCollectCleanseEffectEv,0xc
0x298254,_ZNK14LoginOkMessage30getSecondsUntilAccountDeletionEv,0x8
0x29825c,_hb_face_set_user_data,0x38
0x298294,_ZThn368_N20EventSuggestionPopupD1Ev,0xb4
0x298348,_ZN16AddFriendMessage6encodeEv,0x38
0x298380,_ZN12EventCoinBarC2EP9MovieClip,0x6c
0x2983ec,_ZN15TeamSearchPopup6updateEf,0x50
0x29843c,_ZN14BattleEndPopup18getCoinRewardsContEv,0x70
0x2984ac,_ZNK20LogicCharacterServer16isMinionSummonedEv,0xd0
0x29857c,_ZNK9LogicData8getValueERK6String,0x40
0x2985bc,_u_isUWhiteSpace_58,0x84
0x298640,_ZN17PlayHeroAnimation6updateEf,0xb0
0x2986f0,_ZN21LogicCompressedString6encodeEPS_P15ChecksumEncoder,0x38
0x298728,_ZNK18LogicAccessoryData15getCustomValue4Ev,0x10
0x298738,_ZN12FriendsPopupD0Ev,0x54
0x29878c,_utext_moveIndex32_58,0x274
0x298a00,_ZN17EventDetailsPopupD2Ev,0xf8
0x298af8,_ZN19SelectLocationPopup17startCreateNewMapEv,0x120
0x298c18,_ZN11SkinPreview17updateSearchInputEf,0x2c8
0x298ee0,_ZN7TopItemD2Ev,0x84
0x298f64,_ZN10ByteStream9writeVIntEi,0x260
0x2991c4,_ZNK22ReportPlayerMapMessage8getMapIdEv,0x8
0x2991cc,_ZThn96_N19BrawlTVWaitingPopup13buttonClickedEP12CustomButton,0x54
0x299220,_ZN36SkinPreviewModelTransformationButton13buttonPressedEv,0x4
0x299224,_ZN6scglTF12_GLOBAL__N_116readUberMaterialEP7SCWFileRKN2fx4gltf8DocumentERKNS4_8MaterialERK6StringRNSt6__ndk13setISB_NSE_4lessISB_EENSE_9allocatorISB_EEEESD_,0x3694
0x29c8b8,_ZN5StageC2Eb,0x924
0x29d1dc,_ZNK13LogicGemOffer20containsHeroOfRarityEii,0x60
0x29d23c,_ZN10GatchaDrop9getRarityEv,0xf0
0x29d32c,_ZN4Shop20setNotificationStateEP9MovieClipib,0xcc
0x29d3f8,_ZN20CreateAccountMessage8destructEv,0xc0
0x29d4b8,_ZN6icu_5822RuleBasedBreakIterator5firstEv,0x50
0x29d508,_ures_getUTF8String_58,0xb8
0x29d5c0,_ZN15sc3dWorldCamera12screenToTileERK9xMatrix44S2_ffffRfS3_f,0x170
0x29d730,_ZN8HomePage27checkChallengeChronosAssetsEv,0xc0
0x29d7f0,_ZN15ResourceManager31isCSVSignatureValidationEnabledEv,0xc
0x29d7fc,_ZL18charIterTextLengthP5UText,0x8
0x29d804,_ZNK28LogicSeasonalSkinSectionData18getSectionTitleTIDEv,0x10
0x29d814,_ZN9BitStream11readIntMax1Ev,0x84
0x29d898,_ZN19PlayerStatusMessage6decodeEv,0x2c
0x29d8c4,_ZN13LoadingScreen21showOnlyLocalizedLogoERK6StringP9MovieClip,0x18c
0x29da50,_ZN21LogicBattleModeServer6stopAIEv,0x94
0x29dae4,_ZN17GameCenterManager16isLoadingFriendsEv,0x24
0x29db08,_ZN7rg_etc110etc1_block13unpack_delta3ERiS1_S1_t,0x5c
0x29db64,_ZN21LogicBattleModeClient15setRoundWinnersEP17LogicIntArrayList,0x138
0x29dc9c,_ZNK9LogicUuid6encodeEP15ChecksumEncoder,0x44
0x29dce0,_ZN23PublishPlayerMapMessage6encodeEv,0x28
0x29dd08,_ZN5Decal8fadeAwayEf,0x40
0x29dd48,_ZN14TencentManager38sendBindAccountMessageToPendingAccountEv,0x9c
0x29dde4,_ZN7GLImage21getCompatibleGlFormatEj,0x4
0x29dde8,_ZNK8Viewport8getWidthEv,0xc
0x29ddf4,_ZThn368_N9EntryInfo10itemTappedEPK13LogicCardData,0x2c
0x29de20,_ZN5titan3com9supercell5titan19ApplicationUtilBase10copyStringERK6String,0x8c
0x29deac,_ZN34FacebookAccountAlreadyBoundMessageC2Ei,0x38
0x29dee4,_ZN36LogicTencentAntiAddictionInstruction22isValidInstructionTypeEi,0x1c
0x29df00,_ZN8HomePage17refreshPlayerNameEv,0x8
0x29df08,_ustrcase_internalToTitle_58,0x88c
0x29e794,_ZN6icu_5822UCharCharacterIteratorC2ERKS0_,0x3c
0x29e7d0,_ZN31LogicRankedMatchResultDebugInfoC2Ev,0x14
0x29e7e4,_ZNSt6__ndk110__function6__funcIZN8GameMain14loadAssetAsyncERK6StringbE3$_0NS_9allocatorIS6_EEFvvEED2Ev,0x10
0x29e7f4,_ZN20PlayerJWTokenMessage6encodeEv,0x28
0x29e81c,_ZNK13DisplayObject8getAlphaEv,0x1c
0x29e838,_ZN5titan4java4lang7Integer8intValueEv,0x7c
0x29e8b4,_ZNK11SourceArray12getDataArrayEP10IndexArrayiiiPf,0x150
0x29ea04,_ZNK13DisplayObject4getXEv,0x8
0x29ea0c,_ZN13LogicGemOffer17getCountForRarityEP14LogicArrayListIPK14LogicEmoteDataEi,0x6c
0x29ea78,_ZNK46TencentAntiAddictionInstructionExecutedMessage14getMessageTypeEv,0x8
0x29ea80,_ZNKSt6__ndk110__function6__funcIZN8TestCase20drawDebugPercentagesEvE4$_19NS_9allocatorIS3_EEFvvEE6targetERKSt9type_info,0x1c
0x29ea9c,_ZN12GenericPopup8setTitleERK6String,0x84
0x29eb20,_ZNK16LogicOfferBundle19isBuyOptionUnlockedEPK14LogicDailyData,0x68
0x29eb88,_Z15isAabbInFrustumPK7Vector3IfEPK8xPlane3f,0x1fc
0x29ed84,_ZN18ClientHelloMessage15setMinorVersionEi,0x8
0x29ed8c,_ZN13TextureSprite10setTextureEP7GLImage,0x8
0x29ed94,_ZN32BrawlPassPointRewardNotification6decodeEP10ByteStream,0x4c
0x29ede0,_ZNK9TextField11isTextFieldEv,0x8
0x29ede8,_ZN10ByteStream11resetOffsetEv,0xc
0x29edf4,_Bt3_MatchFinder_GetMatches,0x3e4
0x29f1d8,_ZN6String7valueOfEi,0xb0
0x29f288,_ZN17LogicClientAvatar14setBattleCountEi,0x8
0x29f290,_ZN29LogicClaimRankUpRewardCommand15setPendingIndexEPK13LogicHomeModeiii,0x3c
0x29f2cc,_ZN19DisconnectedMessage6decodeEv,0x2c
0x29f2f8,_ZN24BindYoozooAccountMessage11setYoozooIdEP6String,0x8
0x29f300,_ZNK6icu_5815Normalizer2Impl13getCanonValueEi,0xc
0x29f30c,_ZNK17ReplayStreamEntry11getReplayIdEv,0x8
0x29f314,_ZN18LogicAnimationData18setTransitionOutMsEi,0x80
0x29f394,_ZN14LogicDataTable8setTableEP8CSVTable,0x200
0x29f594,_ZN9HeroPopup18onHeroItemSelectedEPK8HeroItem,0xc
0x29f5a0,_ZN9sc3dWorld13isPointInViewERK7Vector3IfE,0x38
0x29f5d8,_ZN18LoginFailedMessage6decodeEv,0x3a4
0x29f97c,_ZN12NSCIDManager21requestConnectedGamesEv,0x8
0x29f984,_ZNK4Shop20isBlockingPageScrollEv,0x10
0x29f994,_ZN11UIComponentD2Ev,0x140
0x29fad4,_ZN6icu_5812PossibleWord12acceptMarkedEP5UText,0x40
0x29fb14,_ZNK11FriendEntry15getAllianceNameEv,0x8
0x29fb1c,_ZNK14LogicSkillData13getChargeTypeEv,0x10
0x29fb2c,_ZN30TriggerStartLatencyTestMessageC2Ev,0x3c
0x29fb68,_ZN22BrawlerSuggestionPopup17backButtonPressedEv,0x14
0x29fb7c,_ZN13LogicSkinData17setHeroScreenFaceERK6String,0x8
0x29fb84,_ZN17HighscoreHeroList17closeCustomPopupsEv,0x4
0x29fb88,_ZN10GameButtonD0Ev,0xd0
0x29fc58,_ZN14BrawlTvManagerD2Ev,0x1c
0x29fc74,_ZN6icu_587UVectoreqERKS0_,0xac
0x29fd20,_ZL21characterIteratorMoveP13UCharIteratori19UCharIteratorOrigin,0x84
0x29fda4,_ZNK12LogicVector26encodeEP15ChecksumEncoder,0x44
0x29fde8,_ZN22BrawlerSuggestionPopupD2Ev,0x1c
0x29fe04,_ZN4Path22getCacheSpaceAvailableEv,0xc
0x29fe10,_ZN8HomePage14showPlayerInfoEP9MovieClipb,0xb4
0x29fec4,_ZN13AlliancePopup6notifyEi,0x68
0x29ff2c,_ZN14LoginOkMessage23removeServerEnvironmentEv,0x10
0x29ff3c,_ZN18AddableFriendEntry7setNameEP6String,0x8
0x29ff44,_ZNK6icu_5810UnicodeSet8spanBackEPKti17USetSpanCondition,0x260
0x2a01a4,_ZN18QuitMapEditorPopupD2Ev,0x1c
0x2a01c0,_ZNSt6__ndk110__function6__funcIZN32NativeFacebookConnectionCallback20loginFailedWithErrorERK6StringS5_E3$_0NS_9allocatorIS6_EEFvvEED2Ev,0x10
0x2a01d0,_ZN22LogicDayChangedCommand8destructEv,0x50
0x2a0220,_ZNK15DataLoaderFlash12getTimeStampEv,0x8
0x2a0228,_ZN5titan3com9supercell5titan11SupercellId9getObjPtrEv,0x7c
0x2a02a4,_ZN15ChatStreamEntry6decodeEP10ByteStream,0x40
0x2a02e4,_ZN6scglTF12_GLOBAL__N_110readBufferEPfRKNS_9BufferPtrEjjf,0xa80
0x2a0d64,_ZNK20CreatePlayerMapPopup16getChosenGmvDataEv,0x20
0x2a0d84,_ZNKSt6__ndk110__function6__funcIZN6scglTF12_GLOBAL__N_111convertGLTFEP7SCWFileRKN2fx4gltf8DocumentERK6StringE3$_0NS_9allocatorISE_EEFvvEE11target_typeEv,0xc
0x2a0d90,_ZN26RankedMatchBanEndedMessage8destructEv,0x34
0x2a0dc4,_ZN38BrawlPassAutoCollectSeasonNotification6decodeEP10ByteStream,0x44
0x2a0e08,_ZN6icu_5810UnicodeSet24resemblesPropertyPatternERNS_21RuleCharacterIteratorEi,0xec
0x2a0ef4,_ZN6xTimer24computeShiftedNativeTimeEyf,0x34
0x2a0f28,_ZN23AskForFriendListMessageC2Ev,0x30
0x2a0f58,_ZNSt6__ndk110__function6__funcIZN11AndroidMain22inputKeyboardDismissedEvE4$_13NS_9allocatorIS3_EEFvvEED0Ev,0x4
0x2a0f5c,_ZN5DecalD2Ev,0x44
0x2a0fa0,_hb_unicode_funcs_set_script_func,0x74
0x2a1014,_ZN18MiniOfferTimerItem6updateEP9MovieClipS1_f,0x158
0x2a116c,_ZNK29TeamStreamEntryRemovedMessage14getMessageTypeEv,0x8
0x2a1174,_ZN19SupercellIdCallback17getCurrentAccountEP8_jobject,0x124
0x2a1298,_ZN15LogicStringUtil15rawConvertToIntERK6Stringii,0xa4
0x2a133c,_ZN15LogicDataTables18getAllPlayerEmotesEP14LogicArrayListIPK14LogicEmoteDataEP11VanityItems,0x204
0x2a1540,_ZN14TouchContainer13touchReleasedERK5Touch,0x10c
0x2a164c,_ZN6icu_587UVector5_initEiR10UErrorCode,0x68
0x2a16b4,_ZNK32LogicHeroWinQuestsChangedCommand14getCommandTypeEv,0x8
0x2a16bc,_ZNSt6__ndk110__function6__funcIZN14MessageManager34sendLoginAttributionAnalyticsEventEvE3$_0NS_9allocatorIS3_EEFvvEE7destroyEv,0x4
0x2a16c0,_ZN8CSVTable9createRowEv,0x58
0x2a1718,_ZNK15LogicEffectData10getEffectZEv,0xc
0x2a1724,_ZN29DeviceLinkSuccesfullOldScreenC2ERK6String,0x1dc
0x2a1900,_ZThn96_N17LatencyTestsPopup13buttonClickedEP12CustomButton,0x8
0x2a1908,_ZN6icu_5813UnicodeString16getStaticClassIDEv,0xc
0x2a1914,_ZN10StreamItem4initERK6StringS2_,0x110
0x2a1a24,_ZN25PurchaseConfirmationPopupC2EyRK6StringS2_,0x420
0x2a1e44,_ZN6icu_5816ReorderingBuffer19appendSupplementaryEihR10UErrorCode,0x208
0x2a204c,_ZN3GUI16moveToScreenLeftEP13DisplayObject,0x94
0x2a20e0,_ZNK21LogicBattleModeServer14getSecondsGoneEv,0x20
0x2a2100,_ZN13ShopBgElementD0Ev,0x24
0x2a2124,_ZN20GoogleServiceManager12boundAccountEv,0x60
0x2a2184,_ZNKSt6__ndk110__function6__funcIZN10SWFTexture4loadEP12SupercellSWFbibbbbRK6StringE3$_0NS_9allocatorIS8_EEFvvEE11target_typeEv,0xc
0x2a2190,_ZNSt6__ndk17__sort4IRZN19EnvironmentRenderer33sortMovieClipRendererBucketRangesEPN11wendelstein21MovieClipRendererDataEE4$_12PNS3_11BucketRangeEEEjT0_S9_S9_S9_T_,0x178
0x2a2308,_ZNK27BattleEndRankedRoundsScreen24shouldShowNextRoundTimerEv,0xa4
0x2a23ac,_ZN20GoogleServiceManager38sendBindAccountMessageToPendingAccountEb,0x8
0x2a23b4,_ZN21LogicAreaEffectClient26setLifeTimeConsumedPercentEi,0x8
0x2a23bc,_ZNK6icu_5822RuleBasedBreakIterator8hashCodeEv,0x10
0x2a23cc,_ZN21GlobalChatLineMessage11setAvatarIdEP9LogicLong,0x8
0x2a23d4,_ZN14TeamMemberItem9setMemberEP9TeamEntryP15TeamMemberEntryP15TeamInviteEntryS3_ib,0x710
0x2a2ae4,_Z28_hb_ot_shape_fallback_spacesPK18hb_ot_shape_plan_tP9hb_font_tP11hb_buffer_t,0x2b4
0x2a2d98,_ZN13TextureSprite17setCustomPositionEff,0x10
0x2a2da8,_ZN10HomeScreen28heroUpgradeMaterialPurchasedEi,0x38
0x2a2de0,_ZN15LaserBoxManagerD2Ev,0x124
0x2a2f04,_ZN16NameChangeWindow7keyDownEi,0x8
0x2a2f0c,_nti_font_get_leading,0x54
0x2a2f60,_ZNK18LogicCharacterData22getSelfDamagePerSecondEv,0xc
0x2a2f6c,_ZN21LogicBattleModeServer22getMovementSpeedFactorEiiiii,0x70
0x2a2fdc,_ZN15GameSCIDManager20logOutFromAllDevicesEv,0xac
0x2a3088,_ZNKSt6__ndk110__function6__funcIZN5titan3com6google7android4play4core5tasks18OnCompleteListener6invokeEP10_jmethodIDP13_jobjectArrayE3$_0NS_9allocatorISE_EEFvRN8safe_jni5ProxyENS8_4TaskEEE7__cloneEPNS0_6__baseISL_EE,0x10
0x2a3098,_ZNK11wendelstein21SimpleGroundComponent14getFeatureBitsEv,0x8
0x2a30a0,_ZN27LogicClaimTailRewardCommand7executeEP13LogicHomeModeib,0xd8
0x2a3178,_ZN26RankedTeamSelectionManager8pickItemEPK13LogicCardData,0xa4
0x2a321c,_ZN10FriendItem9setStatusEbRK6Stringi,0xd8
0x2a32f4,_ZN15MapEditorScreen17refreshFenceTilesEv,0xb4
0x2a33a8,_ZN32AskForPlayingKakaoFriendsMessage6decodeEv,0x1f8
0x2a35a0,_ZN13UnbotifyTitan11setAppTokenEPKc,0x34
0x2a35d4,_ZN13LogicSkinData15setSadEnterAnimERK6String,0x8
0x2a35dc,_ZN8TestCase21getAllStageMovieClipsEv,0x150
0x2a372c,_ZN8Databind15JSONInReflector11getNextBoolEv,0x5c
0x2a3788,_ZN30LookForATeamMemberConfirmPopup11createEventEP9EventData,0x1bc
0x2a3944,_ZN9InboxItem14setButtonStateEbbRK6String,0x74
0x2a39b8,_ZN5titan3com9supercell5titan14HelpshiftTitan19setMetadataCallbackEv,0x5c
0x2a3a14,_ZNK27GoogleBillingRequestMessage12getSignatureEv,0x8
0x2a3a1c,_ZNSt6__ndk110__function6__funcIZN11scTaskQueue3runIZN7SCWFile4loadER12SCWFileInputE3$_0EENS_13invoke_resultIT_JEE4typeES9_EUlvE_NS_9allocatorISC_EEFvvEE18destroy_deallocateEv,0x4
0x2a3a20,_ZN19LogicRawInReflector8destructEv,0x8
0x2a3a28,_ZN15LaserBoxManager7Website19processManifestFileEv,0x1d0
0x2a3bf8,_ZN21CreateAllianceMessage15getAllianceTypeEv,0x8
0x2a3c00,_ZNK8PageItem16getAnalyticsNameEv,0xc
0x2a3c0c,_ZN25SendGlobalChatLineMessage6encodeEv,0x28
0x2a3c34,_ZNK14MessageManager25isDeferredDownloadOngoingEv,0x14
0x2a3c48,_ZNK36AppleBillingProcessedByServerMessage6getTIDEv,0x8
0x2a3c50,_ZN10LZMAReader14readShortArrayEiPs,0xc8
0x2a3d18,_ZN9TextInputD0Ev,0x24
0x2a3d3c,_ZN14BillingManagerD2Ev,0x234
0x2a3f70,_ZN25AvatarOnlineStatusUpdated6decodeEv,0x3c
0x2a3fac,_ZNK12LoginMessage14getClientBuildEv,0x8
0x2a3fb4,_ZN13StencilSpriteD0Ev,0x94
0x2a4048,_ZNK14LogicJSONArray13getJSONObjectEi,0x74
0x2a40bc,_ZN7Billing12setAccountIdEiiRK6String,0xac
0x2a4168,_ZN20PlayerJWTokenMessageC2Ev,0x44
0x2a41ac,_ZNSt6__ndk110__function6__funcIZN19EnvironmentRenderer6renderER9Matrix2x3R14ColorTransformifE3$_2NS_9allocatorIS7_EEFvvEEclEv,0x60
0x2a420c,_ZN13MapEditorMode16hibernateStartedEv,0x4
0x2a4210,_ZN7SCWFile11addGeometryEP8Geometry,0x13c
0x2a434c,_ZN20DeviceLinkInfoScreenD0Ev,0x40
0x2a438c,_ubidi_setLine_58,0x318
0x2a46a4,_ZN10DataGained23setParticleCountDividerEi,0x24
0x2a46c8,_ZN15MovieClipHelper14autoAdjustTextEP9TextFieldbbb,0x78
0x2a4740,_ZN10UdpMessageC2Ec,0xc
0x2a474c,_ZThn96_N14EnterNamePopup13buttonClickedEP12CustomButton,0x8
0x2a4754,_ZNK28LogicSeasonalSkinSectionData17getSectionItemTIDEv,0x10
0x2a4764,_ZN11AndroidMain15recreateSurfaceEv,0x190
0x2a48f4,_ZNSt6__ndk120__shared_ptr_pointerIPvZNK14scMemoryHandle10createViewES1_mPFvRKS2_EE3$_0NS_9allocatorIvEEED0Ev,0x24
0x2a4918,_ZN16DataGainListener6updateEf,0x438
0x2a4d50,_ZNKSt6__ndk110__function6__funcIZN11scTaskQueue3runIZN8TestCase9moveTouchER5TouchS5_S5_fE3$_8EENS_13invoke_resultIT_JEE4typeES9_EUlvE_NS_9allocatorISC_EEFvvEE7__cloneEv,0x38
0x2a4d88,_ZN20LogicJSONInReflector17reflectExitObjectEv,0x4
0x2a4d8c,_ZN15GameSCIDManagerD0Ev,0x24
0x2a4db0,_ZN8HeroItem6updateEf,0x370
0x2a5120,_ZNSt6__ndk110__function6__funcIZN29scMultithreadedLoadingManager18initResourceThreadEvE3$_2NS_9allocatorIS3_EEFvvEE18destroy_deallocateEv,0x4
0x2a5124,_Z19heroItemSort_rankupP8HeroItemS0_,0xa4
0x2a51c8,_ZNK20PlayerJWTokenMessage14getMessageTypeEv,0x8
0x2a51d0,_ZN9InitState4drawEv,0x4
0x2a51d4,_ZNK14LogicPlayerMap13getAvatarNameEv,0x8
0x2a51dc,_ZN26RankedTeamSelectionManager6tryBanEPK18LogicCharacterDatab,0x204
0x2a53e0,_ZN30RemoveAvatarStreamEntryMessageC2Ei,0x30
0x2a5410,_ZN28NameChangeConfirmationScreen7keyDownEi,0x8
0x2a5418,_ZNK28UdpBigMessageFragmentMessage15getMaxFragmentsEv,0x8
0x2a5420,_ZN7Profile12ScopedTiming5resetEv,0x1d0
0x2a55f0,_ZN9BitStream22readPositiveVIntMax255Ev,0x120
0x2a5710,_ZN18AskApiTokenMessage6encodeEv,0x4
0x2a5714,_ZNSt6__ndk110__function6__funcIZN11scTaskQueue3runIZN7GLImage14updateSubImageEPKhiiiE3$_9EENS_13invoke_resultIT_JEE4typeES9_EUlvE_NS_9allocatorISC_EEFvvEED0Ev,0x4
0x2a5718,_ZN18sc3dPanPinchCamera6updateEf,0x948
0x2a6060,_ZNKSt6__ndk110__function6__funcIZN7GLImage6createEPKcS4_9ImageWrap11ImageFilterE3$_6NS_9allocatorIS7_EEFvvEE6targetERKSt9type_info,0x1c
0x2a607c,_ZNK12LogicVector212isInDistanceEPKS_i,0xa4
0x2a6120,_ZN17PlayerDisplayData8destructEv,0x10
0x2a6130,_utext_current32_58,0x114
0x2a6244,_ZNK21LogicBattleModeServer14getPlayerCountEv,0x8
0x2a624c,_ZNK5Scene11getCameraIdEi,0x24
0x2a6270,_ZNK6String10startsWithERKS_i,0x110
0x2a6380,_ZN4GameD0Ev,0x4
0x2a6384,_ZN25SetAllianceCountryMessage6decodeEv,0x2c
0x2a63b0,_ZN9xMatrix449fromEulerE7Vector3IfE,0x1f0
0x2a65a0,_uloc_getISO3Language_58,0x110
0x2a66b0,_ZNK17LogicRankedSeason6encodeEP15ChecksumEncoder,0x100
0x2a67b0,_ZNK18LogicGemBundleData11getGemCostsEv,0x8
0x2a67b8,_ZN20RankedSeasonEndPopup18customButtonTappedEP10GameButtoni,0x7c
0x2a6834,_ZN10SCIDConfig8loadJSONERK6String,0x2ac
0x2a6ae0,_hb_version_string,0xc
0x2a6aec,_ZN22SCIDBindAccountMessage19setSupercellIdTokenEP6String,0x5c
0x2a6b48,_hb_font_funcs_set_glyph_v_origin_func,0x8c
0x2a6bd4,_ZNK20SeasonRewardsMessage14getMessageTypeEv,0x8
0x2a6bdc,_ZN9TextInput16setMaxTextLengthEi,0x20
0x2a6bfc,_ZN32GoogleServiceAccountBoundMessageC2Ev,0x38
0x2a6c34,_ZNK10HeroSprite17isViewportVisibleEv,0x184
0x2a6db8,_ZN16OnlineFriendItem13buttonClickedEP12CustomButton,0x18
0x2a6dd0,_ZN16FacebookATTPopupD2Ev,0x4
0x2a6dd4,_ZN11Application27getNetworkInterfaceInfoJSONEv,0x10
0x2a6de4,_ZN11FriendEntry19setAllianceExpLevelEi,0x8
0x2a6dec,_ZN8PageItemC2EiRK6StringS2_,0x54
0x2a6e40,_ZN12LogicVector38multiplyEi,0x20
0x2a6e60,_ZN14TencentManager11loginWeChatEb,0x48
0x2a6ea8,_ZN15AllianceManager15getAllianceTeamEP9LogicLong,0x60
0x2a6f08,_ZN14AllianceSearch12destroyItemsEv,0x78
0x2a6f80,_ZN13ShopBgElement13markInspectedEv,0x5c
0x2a6fdc,_ZN5titan3com9supercell5titan14HelpshiftTitan19setWithTagsMatchingERK6String,0x8c
0x2a7068,_ZNSt6__ndk110__function6__funcIZN7GLImage6createEPKhi9ImageWrap11ImageFilterE3$_3NS_9allocatorIS7_EEFvvEE18destroy_deallocateEv,0x4
0x2a706c,_ZNK9BitStream20getCapacityIncrementEv,0x8
0x2a7074,_ZNK14StreamItemList4getYEv,0x14
0x2a7088,_ZN15VanityItemEntry7setPropEii,0x128
0x2a71b0,_ZN31ChangeAllianceMemberRoleMessage18getServiceNodeTypeEv,0x8
0x2a71b8,_ZN20GameSelectableButton15updateMovieClipEv,0x24
0x2a71dc,_ZN4Shop17scrollToCoinPacksEv,0x10
0x2a71ec,_ZNK15sc3dWorldCamera11isTouchUsedEi,0x8
0x2a71f4,_ZN12SoundManager17constructInstanceEv,0x30
0x2a7224,_ZN12GemOfferItem21beforeSizeCalculationEv,0x1c
0x2a7240,_ZN5titan7android4view13SurfaceHolder10getSurfaceEv,0x7c
0x2a72bc,_ZNK6icu_5815UnhandledEngine7handlesEii,0x3c
0x2a72f8,_ZNK9CombatHUD12getChatAreaXEv,0x14
0x2a730c,_ZNK18LogicAccessoryData16getPetAreaEffectEv,0x10
0x2a731c,_ZN5Stage21setRenderStencilStateEi,0x300
0x2a761c,_ZN14BattleTutorial12TutorialStepD2Ev,0x110
0x2a772c,_ZN14StreamItemList18updateBottomButtonEf,0x1a8
0x2a78d4,_ZNSt6__ndk110__function6__funcIZN19SupercellIdCallback19claimShopItemResultEP8_jobjectRK6StringS7_S7_E4$_22NS_9allocatorIS8_EEFvvEEclEv,0x90
0x2a7964,_ZN13LogicConfData35getChallengeLivesPurchasesRemainingEP9EventData,0x120
0x2a7a84,_ZN14HelpshiftTitan29createHelpshiftConnectionImplEv,0x40
0x2a7ac4,_ZN11StringTable16setLanguageIndexEib,0x114
0x2a7bd8,_ZL26showMeshesByTransformStateR5Scenei,0x100
0x2a7cd8,_ZN26ChampionshipChallengePopup12getStageNameEiPK9EventData,0x164
0x2a7e3c,_ZN6icu_5822RuleBasedBreakIteratorD0Ev,0x24
0x2a7e60,_ZN21LogicBattleModeServer21updatePlayerPositionsEv,0x320
0x2a8180,_ZN12CustomButton20setTimelineMovieClipEP9MovieClip,0xa0
0x2a8220,_ZN15BrawlPassButton13getTargetIconEv,0x44
0x2a8264,_ZN14LoginOkMessage12setSessionIdEP6String,0x8
0x2a826c,_ZN26ListBrawlTvChannelsMessage8destructEv,0x2c
0x2a8298,_ZN21TeamInvitationMessage18getServiceNodeTypeEv,0x8
0x2a82a0,_offsetTOCLookupFn,0x184
0x2a8424,_ZN12EventTracker9sendEventERK6StringS2_S2_S2_,0xf0
0x2a8514,_ZN9sc3dWorld25removeObjectWithAnimationEP15sc3dWorldObject,0x8c
0x2a85a0,_ZN8Databind23NlohmannJsonInReflector10getNextIntEv,0xcc
0x2a866c,_ZN13GatchaBoxItem13buttonPressedEv,0xd0
0x2a873c,_ZNK11FriendEntry8getScoreEv,0x8
0x2a8744,_ZN26AppleBillingRequestMessage18getServiceNodeTypeEv,0x8
0x2a874c,_ZNK24LogicBillingPackagesData14isOfferPackageEv,0x8
0x2a8754,_ZN10RotateHeroD2Ev,0x14
0x2a8768,_ZN11QuestsPopup7refreshEv,0xf4
0x2a885c,_ZN8Sprite3D5pauseEv,0x8
0x2a8864,_ZNK14LogicDailyData22shopHasFreeOfferTickerEPK13LogicHomeMode,0x48
0x2a88ac,_ZN21BasicReflectableIdMap11addChildMapEP16ReflectableIdMap,0x13c
0x2a89e8,_ZNK17LogicClientAvatar28getFriendsListLastOpenedTimeEv,0x8
0x2a89f0,_ZN16KeepAliveMessageC2Ev,0x34
0x2a8a24,_ZN20LogicBattlePlayerMap8destructEv,0x124
0x2a8b48,_ZNK37YoozooBillingProcessedByServerMessage10getOrderIdEv,0x8
0x2a8b50,_ZN21AllianceMemberMessage18getServiceNodeTypeEv,0x8
0x2a8b58,_ZN43PurchaseSkinGroupOfferHighlightPopupHandler17getGatchaInfoTypeEv,0x8
0x2a8b60,_ZN18TextFieldWithLinksC2EP9TextFieldP22ITextFieldLinkListener,0x88
0x2a8be8,_ZN22ClientContentValidator32validatePlayerMapEnvironmentDataEPK29LogicPlayerMapEnvironmentData,0x834
0x2a941c,_ZN28ExtendedSetEncryptionMessage8destructEv,0x24
0x2a9440,_ZN16LogicXpLevelData8destructEv,0x4
0x2a9444,_ZN13AlliancePopup5closeEv,0xc
0x2a9450,_ZNSt6__ndk110__function6__funcIZN11AndroidMain10_gameStartEvE4$_14NS_9allocatorIS3_EEFvvEE7destroyEv,0x4
0x2a9454,_ZN23LogicCharacterClientOwn37clientPredictionUpdateAttackDirectionEiiP21LogicBattleModeClient,0x2c
0x2a9480,_ZNK24LogicBillingPackagesData12getTencentIdEv,0x8
0x2a9488,_ZN15LogicClientHome11setConfDataEP13LogicConfData,0x54
0x2a94dc,_ZN7CSVNodeC2ERK6String,0xa8
0x2a9584,_ZL13stbi_hdr_loadP4stbiPiS1_S1_i,0xb74
0x2aa0f8,_ZN16DeviceLinkWindow16setCurrentScreenEv,0xe4
0x2aa1dc,_ZN20LogicCharacterServer13triggerChargeEiiiiiibiPK19LogicAreaEffectDataPK13LogicItemDataiiibP14LogicArrayListIP12LogicVector2E,0x4
0x2aa1e0,_ZN11TestDefines9isFlagSetENS_10DefineKeysE,0xf4
0x2aa2d4,_ZN18SequencedExecutionC2Ev,0x40
0x2aa314,_ZN7UserTapD0Ev,0x34
0x2aa348,_ZNK11SocialPopup11isIntroOpenEv,0x20
0x2aa368,_ZNKSt6__ndk110__function6__funcIZN19SupercellIdCallback19claimShopItemResultEP8_jobjectRK6StringS7_S7_E4$_22NS_9allocatorIS8_EEFvvEE7__cloneEv,0x60
0x2aa3c8,_ZN18ClientInputManager13getNextSeqNumEv,0x24
0x2aa3ec,_ZNK24LogicParticleEmitterData19getParticleMaxCountEv,0x10
0x2aa3fc,_ZNK20LogicBattlePlayerMap21getMapEnvironmentDataEv,0x8
0x2aa404,_hb_blob_get_data_writable,0xb8
0x2aa4bc,_ZN8Shader3D4bindEP8MaterialRK14ColorTransform,0x2c
0x2aa4e8,_ZN30TriggerStartLatencyTestMessage6encodeEv,0x44
0x2aa52c,_ZNK18LogicCharacterData15getDamageEffectEv,0x8
0x2aa534,_ZN12BadgePreviewD2Ev,0xdc
0x2aa610,_ZNK4Rect5cloneEv,0x2c
0x2aa63c,_ZN21LogicBattleModeServer27tickSpawnEventModifierWavesEi,0x4
0x2aa640,_ZN17AllianceTeamEntry10getPenaltyEib,0xc
0x2aa64c,_ZL14toUpperOrTitlePK10UCasePropsiPFiPvaES2_PPKtPKcPia,0x2f8
0x2aa944,_ZNK13LogicGemOffer7getItemEv,0x4c
0x2aa990,_ZN4asio6detail17executor_function8completeINS0_7binder2INS0_7read_opINS_19basic_stream_socketINS_2ip3tcpENS_15any_io_executorEEENS_17mutable_buffers_1EPKNS_14mutable_bufferENS0_14transfer_all_tEZZN9Messaging15startSocketReadERKNSt6__ndk110shared_ptrIvEEENK3$_3clERKNSG_10error_codeEmEUlSO_mE_EESM_mEENSG_9allocatorIvEEEEvPNS1_9impl_baseEb,0x144
0x2aaad4,_ZNK26LogicGameModeVariationData19getOpponentScoreSfxEv,0x10
0x2aaae4,_ZN4Shop13getPlayerDataEv,0x1c
0x2aab00,_ZN14SceneCharacter19setDefaultAnimationEif,0x14c
0x2aac4c,_ZN31SinglePlayerMatchRequestMessageC2EiPK18LogicCharacterDataPK13LogicSkinData,0x4c
0x2aac98,_ZNK18LogicAccessoryData19shouldTargetFriendsEv,0x10
0x2aaca8,_ZNK15LogicEffectData14getGroundBasisEi,0x18
0x2aacc0,_ZNK37KunlunBillingProcessedByServerMessage14getMessageTypeEv,0x8
0x2aacc8,_ZN12ResourceList22incrementResourceCountEPK17LogicResourceData,0x5c
0x2aad24,_ZNK15FacebookManager21isLoggingInToFacebookEv,0x20
0x2aad44,_ZN19BrawlTVWaitingPopup22setCancelButtonEnabledEb,0x1c
0x2aad60,_ZN19SupercellIdCallback24setPendingLoginWithPhoneEP8_jobjectRK6Stringb,0x224
0x2aaf84,_ZNK37JoinAllianceResponseAvatarStreamEntry20getAllianceBadgeDataEv,0x8
0x2aaf8c,_ZThn96_N20BattleEndPreviewMenu13buttonClickedEP12CustomButton,0x8
0x2aaf94,_ZNSt6__ndk110__function6__funcIZ59Java_com_supercell_titan_GoogleServiceClient_onSignInFailedP7_JNIEnvP7_jclassE3$_3NS_9allocatorIS6_EEFvvEED0Ev,0x4
0x2aaf98,_ZNK9LogicLong5cloneEv,0x2c
0x2aafc4,_ZNK6icu_5817StringEnumerationneERKS0_,0x24
0x2aafe8,_ZN12NSCIDManager6updateEv,0x4
0x2aafec,_ZN15LogicDataTables18getAccessoryByNameERK6StringPK9LogicData,0x20
0x2ab00c,_ZNK14LogicDataTable30getItemByIdDontCrashIfNotFoundEi,0xf0
0x2ab0fc,_utrie_unserialize_58,0xd4
0x2ab1d0,_ZN12RenderSystem24startEffectManagerUpdateEf,0x20c
0x2ab3dc,_inflateBack,0xf88
0x2ac364,_ZN7Offline20clearOfflineSettingsEv,0xc
0x2ac370,_ZN15LogicDataTables15getBaseTileDataEv,0xc
0x2ac37c,_ZNK8NewsPage7NewsTab22getDefaultPageFileNameEv,0x84
0x2ac400,_ZN22CreatePlayerMapMessage18getServiceNodeTypeEv,0x8
0x2ac408,_ZN12LocationItem19altGameModeHasQuestEv,0x90
0x2ac498,_ZN13SceneRenderer9addEffectEPK15LogicEffectDataPK14GameObjectBase,0x58
0x2ac4f0,_ZN15LogicRegionData16createReferencesEv,0xbc
0x2ac5ac,_ZThn96_N17AnimationInstanceD1Ev,0x7c
0x2ac628,_ZN14TouchContainer20refreshTouchInStatesEff,0x214
0x2ac83c,_ZN13LogicTileData8destructEv,0x2c
0x2ac868,_ZNK19BrawlPassSeasonData28isFreeRewardsClaimedForLevelEi,0x10
0x2ac878,_ZN15OfferBundleItemD2Ev,0x10c
0x2ac984,_ZN10LogicGoals23getTrophiesToUnlockHeroEPK18LogicCharacterData,0x90
0x2aca14,_ZN14BattleEndPopup15getEndExecutionEv,0x305c
0x2afa70,_ZN24UdpConnectionInfoMessage8setNonceEPci,0x90
0x2afb00,_ZN4Shop27getPurchaseOfferPopupLayoutEP16LogicOfferBundle,0x7c
0x2afb7c,_ZN10BattleMode37getBattleEndMessageForOfflinePractiseEv,0x2b8
0x2afe34,_hb_unicode_funcs_set_compose_func,0x74
0x2afea8,_ZNK9sc3dWorld14getRenderQueueEi,0x4c
0x2afef4,_ZNK11SCIDManager23createAccountsJsonArrayEv,0x88
0x2aff7c,_ZN8TestCase6dragToER5Touchf,0x790
0x2b070c,_ZNKSt6__ndk110__function6__funcIZN11scTaskQueue3runIZN10SWFTexture4loadEP12SupercellSWFbibbbbRK6StringE3$_0EENS_13invoke_resultIT_JEE4typeESC_EUlvE_NS_9allocatorISF_EEFvvEE11target_typeEv,0xc
0x2b0718,_ZNK22scLZMADecompressFilter6isOpenEv,0x44
0x2b075c,_ZL11compose_usePK31hb_ot_shape_normalize_context_tjjPj,0x90
0x2b07ec,_ZL14openCommonDataPKciP10UErrorCode,0x2c8
0x2b0ab4,_ZNK3MD59hexdigestEv,0xdc
0x2b0b90,_ZN6Sprite8addChildEP13DisplayObject,0x8
0x2b0b98,_ZN9TweenClip6updateEf,0x7c
0x2b0c14,_ZNK14AllianceSearch10closeInputEv,0x20
0x2b0c34,_ZN12RenderSystem19addGameObjectSpriteEP16GameObjectSpriteib,0x68
0x2b0c9c,_ZN8Databind16DatabindTreeNode25findObjectNodeForInstanceEPv,0x170
0x2b0e0c,_ZN18PendingRewardIndex8destructEv,0xc
0x2b0e18,_ZNK12NSCIDManager17getSettingsApiUrlEv,0x5c
0x2b0e74,_ZN7Billing12addProductIdERK6Stringb,0xdc
0x2b0f50,_ZNK7PageGUI14showLeftTopHUDEv,0x70
0x2b0fc0,_ZN10GameButton18sendAnalyticsEventEv,0x4
0x2b0fc4,_ZN8HomePage22setNewFreeNotificationEP9MovieClipii,0xbc
0x2b1080,_ZNK18LogicGemBundleData20getShopFrontPageItemEv,0x8
0x2b1088,_ZNKSt6__ndk110__function6__funcIZN10SWFTexture4loadEP12SupercellSWFbibbbbRK6StringE3$_1NS_9allocatorIS8_EEFvvEE7__cloneEv,0x38
0x2b10c0,_ZNK15LogicJSONNumber13writeToStringEP13StringBuilder,0x68
0x2b1128,_ulocimp_toBcpType_58,0x1f0
0x2b1318,_ZNSt6__ndk110__function6__funcIZN19EnvironmentRenderer6renderER9Matrix2x3R14ColorTransformifE3$_8NS_9allocatorIS7_EEFvvEEclEv,0x60
0x2b1378,_ZN4Shop41createSCIDSkinOfferIfOrderNumberMatchesToEPib,0x12c
0x2b14a4,_ZN14LogicDailyData14removeCooldownEiPK9LogicData,0x118
0x2b15bc,_ZN10SCTuneImpl10flushQueueEv,0x1f0
0x2b17ac,_ZN17LogicLocationData8destructEv,0x24
0x2b17d0,_ZN17LocalNotification24openNotificationSettingsEv,0x4
0x2b17d4,_ZN12TitanWebView4showEiiiif,0xbc
0x2b1890,_ZNK6String8containsERKS_,0x28
0x2b18b8,_ZNK10BitmapFont7getSizeEv,0x8
0x2b18c0,_ZN5Debug19disableCustomMatrixEv,0x4
0x2b18c4,_ZN14LogicMilestone8destructEv,0x54
0x2b1918,_ZNK16LogicOfferBundle17getHeroInstanceIDEv,0x44
0x2b195c,_ZN14GameInputField16touchReleasedExtERK5Touch,0xc0
0x2b1a1c,_ZN10SCIDWindow12touchPressedERK5Touch,0x18
0x2b1a34,_ZN18DeliveryCardsPopup27incrementRemainingHeroPowerEPK18LogicCharacterDatai,0x78
0x2b1aac,_ZN37LogicSetESportsHubNotificationCommandC2Ei,0x34
0x2b1ae0,_ZN8Renderer10renderPartERK12VertexBufferii,0xa8
0x2b1b88,_ZN11SoundSystem16destructInstanceEv,0x38
0x2b1bc0,_ZN13SceneRenderer17setClipParametersENS_8ClipModeERK4Rect,0x3c
0x2b1bfc,_ZN25GoHomeFromSpectateMessage6decodeEv,0x4
0x2b1c00,_ZN34LogicDeviceLinkCodeResponseMessage19setCodeValidSecondsEi,0x8
0x2b1c08,_ZN12LogicTileMap11destroyTileEiibP21LogicBattleModeServer,0xec
0x2b1cf4,_ZN20FreeTextNotification6encodeEP15ChecksumEncoder,0x34
0x2b1d28,_ZNKSt6__ndk110__function6__funcIZN11scTaskQueue3runIZN6scglTF12_GLOBAL__N_111convertGLTFEP7SCWFileRKN2fx4gltf8DocumentERK6StringE3$_0EENS_13invoke_resultIT_JEE4typeESI_EUlvE_NS_9allocatorISL_EEFvvEE6targetERKSt9type_info,0x1c
0x2b1d44,_ZNK18LeaderboardMessage14getMessageTypeEv,0x8
0x2b1d4c,_ZN22TeamCreatedStreamEntryC2Ev,0x34
0x2b1d80,_ZNK9UdpSocket24isPassAllMessagesEncryptEv,0x8
0x2b1d88,_ZN14LogicDailyData20getRelatedQuestCountEi,0xe0
0x2b1e68,_ZN19LinkNewDeviceScreenD2Ev,0x1c
0x2b1e84,_ZN15MapEditorScreen9playSoundEPK14LogicSoundDataff,0x1c
0x2b1ea0,_ZN25LogicOffersChangedCommand8destructEv,0x114
0x2b1fb4,_ZN17GameObjectManager16playEffectNoLoopEiiiPK15LogicEffectDataPK14GameObjectBaseibbb,0xd8
0x2b208c,_ZN18ClientInputManager9clearListEv,0x68
0x2b20f4,_ZN5titan3com9supercell2id14IdShopDonation18getFromAvatarImageEv,0x7c
0x2b2170,_ZN31AskForBattleReplayStreamMessage8destructEv,0x30
0x2b21a0,_ZN19LogicResourceBundle4loadEPK14LogicJSONArray,0x7c
0x2b221c,_ZNK23ChangeAvatarNameMessage14getMessageTypeEv,0x8
0x2b2224,_ZN11QuestsPopup13buttonClickedEP12CustomButton,0x34c
0x2b2570,_ZN25LogicPurchaseOfferCommand15resolveGlobalIdEP16LogicOfferBundle,0x50
0x2b25c0,_ZNK15LogicEffectData18getRenderableScaleEi,0xc
0x2b25cc,_ZNK20LogicCharacterServer19isInAirFromPushbackEv,0x20
0x2b25ec,_ZN12BattleScreen23sendStopSpectateMessageEb,0x8c
0x2b2678,_ZN15GameSCIDManager28shouldUseNativeSCIDByCountryEPK10SCIDConfig,0x84
0x2b26fc,_ZNK23HomeBattleReplayMessage14getMessageTypeEv,0x8
0x2b2704,_ZN5titan7android4view7Display9getHeightEv,0x7c
0x2b2780,_ZN4Shop18canPurchaseProductEPK24LogicBillingPackagesData,0x198
0x2b2918,_ZN18FacebookConnection14linkStatisticsERK6String,0x8
0x2b2920,_ZNK17LogicShopItemData20getOfferAssetQuarterEv,0x10
0x2b2930,_ZN19DebugPerformanceHud8fillRectEffffj,0x2bc
0x2b2bec,_ZN11Application21updateConversionValueEj,0x4
0x2b2bf0,_ZNK9HTTPQueue9itemsLeftEv,0x8
0x2b2bf8,_ZN17TextFieldOriginalD0Ev,0x50
0x2b2c48,_ZNK16LogicXpLevelData18getSoftCurrencyCapEv,0x10
0x2b2c58,_ZNKSt6__ndk110__function6__funcIZN19SupercellIdCallback29purchasesReceivedNotificationEP8_jobjectP13_jobjectArrayE4$_26NS_9allocatorIS7_EEFvvEE7__cloneEPNS0_6__baseISA_EE,0x20
0x2b2c78,_ZNK13LogicGemOffer21getHeroPowerDropCountEPK18LogicCharacterData,0x28
0x2b2ca0,_ZN17NotificationBadgeC2EP9MovieClipb,0x68
0x2b2d08,_ZNK13LogicTileData15getShadowScaleXEv,0x34
0x2b2d3c,_ZNK12AllianceInfo11getItemByIdERK9LogicLong,0x6c
0x2b2da8,_ZNK17LogicLocalization17getIconExportNameEi,0x28
0x2b2dd0,_ZN22LogicUnlockSkinCommand21isReleasedFromChronosEPK13LogicHomeModePK13LogicSkinData,0x4c
0x2b2e1c,_ZN10HomeScreen20debugCommandExecutedEP17LogicDebugCommand,0x4
0x2b2e20,_ZN43PurchaseSkinGroupOfferHighlightPopupHandlerC2EPK28LogicSeasonalSkinSectionData14LogicArrayListIP16LogicOfferBundleE,0x1bc
0x2b2fdc,_ZN25SupportCreatorItemHandler13buttonClickedEP12CustomButton,0x88
0x2b3064,_ZN31UISetLocationBasedOnPlaceHolderD0Ev,0x40
0x2b30a4,_ZN6icu_5818BurmeseBreakEngineD0Ev,0x84
0x2b3128,_ZN24KakaoAccountBoundMessage13getResultCodeEv,0x8
0x2b3130,_ZNK19LogicProjectileData9getRedAddEv,0x10
0x2b3140,_ZN5titan3com9supercell5titan19ApplicationUtilBase11getBundleIDEv,0x70
0x2b31b0,_ZN8Databind12DatabindTree18removeTreeListenerEPNS_21IDatabindTreeListenerE,0x88
0x2b3238,_ZN7Popover18getTextFieldWidthsEP6Spritef,0x11c
0x2b3354,_ZN11wendelstein16ComponentFactory11initDefaultEv,0x7c4
0x2b3b18,_ZN20AllianceTeamsMessage6decodeEv,0x22c
0x2b3d44,_ZNK15LogicPathFinder13getPathLengthEv,0x8
0x2b3d4c,_ZNK26LogicGameModeVariationData12getScoreTextEv,0x10
0x2b3d5c,_ZN17HeroSwipeSelector12touchPressedERK5Touch,0x34
0x2b3d90,_ZNK22LogicHelpOpenedCommand6encodeEP15ChecksumEncoder,0x4
0x2b3d94,_ZN12LoginMessage15removeAccountIdEv,0x10
0x2b3da4,_ZN15LogicDataTables21getHealOverTimeEffectEi,0x30
0x2b3dd4,_ZN15MovieClipHelper12setPriceTextEP9TextFieldiiPK17LogicResourceDataPKc,0xc0
0x2b3e94,_ZNK25FriendOnlineStatusMessage14getMessageTypeEv,0x8
0x2b3e9c,_ZNK12TencentLogin9isWaitingEv,0xc
0x2b3ea8,_ZN12SupercellSWF12loadInternalEbRK6StringbbbS2_,0x172c
0x2b55d4,_ZN11LineManager4initE6String,0x8
0x2b55dc,_ZNK20LogicBattlePlayerMap8toStringEv,0x34
0x2b5610,_ZNSt6__ndk110__function6__funcIZN7GLImage16createWithFormatEiiiiPKv9ImageWrap11ImageFilterRbE3$_8NS_9allocatorIS8_EEFvvEE7destroyEv,0x4
0x2b5614,_ZN5titan3com9supercell5titan7tencent11MSDKManager11loginWeChatEv,0x5c
0x2b5670,_ZN15OutlineRenderer10stopRenderEv,0x2c4
0x2b5934,_ZN13LogicLinkDataC2EP6CSVRowP14LogicDataTable,0x38
0x2b596c,_ZN15AllianceManager22createSortedPlayerListEP14LogicArrayListIP12OnlinePlayerE,0x260
0x2b5bcc,_ZNK30DeletePlayerMapResponseMessage12getErrorCodeEv,0x8
0x2b5bd4,_ZNK10GameObject8getLayerEv,0x8
0x2b5bdc,_ZNK24LogicParticleEmitterData20getRotateToDirectionEv,0x10
0x2b5bec,_ZN17HeroSwipeSelector14getClosestHeroEf,0x68
0x2b5c54,_ZN8HeroList17getSingularChoiseEv,0x28
0x2b5c7c,_ZN10RewardItemD0Ev,0x54
0x2b5cd0,_ZN6icu_5814RBBISetBuilder5buildEv,0x58c
0x2b625c,_ZN19DebugPerformanceHudC2Ev,0x644
0x2b68a0,_ZN28BindGamecenterAccountMessage6decodeEv,0xd0
0x2b6970,_ZNK10GameObject8getTileXEv,0x8
0x2b6978,_ZN20LogicCharacterServer11giveCleanseEi,0x4
0x2b697c,_ZN16LogicSkillServer8destructEv,0x18
0x2b6994,_ZN11AndroidMain16initGLExtensionsEv,0x25c
0x2b6bf0,_hb_unicode_general_category,0xc
0x2b6bfc,_ZN7UserTap6updateEf,0x8
0x2b6c04,_ZN5titan3com9supercell2id14IdLoginDetailsC2ERK6StringS6_bb,0x88
0x2b6c8c,_ZN18LogicChallengeDataC2EP6CSVRowP14LogicDataTable,0x44
0x2b6cd0,_ZN11wendelstein27WendelsteinMovieClipEmitter8setAngleEi,0x38c
0x2b705c,_ZN22ClientContentValidator12loadResourceERK6String,0xf4
0x2b7150,_ZN16SCWObjectFactory14createMaterialEP7SCWFileRK6String,0xc
0x2b715c,_ZN8TestCase20getNewVisibleButtonsENSt6__ndk16vectorIP12CustomButtonNS0_9allocatorIS3_EEEE,0x1f4
0x2b7350,_ZN8TestCase3runEv,0xa0
0x2b73f0,_ZN5lzham12lzcompressor16send_final_blockEv,0xd8
0x2b74c8,_ZN21LogicBattleModeServer18tickCaptureTheFlagEv,0x4
0x2b74cc,_ZN12jpeg_decoder11H2V2ConvertEv,0x354
0x2b7820,_ZN8TestCase11touchSpriteEP6Sprite,0x5a8
0x2b7dc8,_ZN8Databind15JSONInReflector11reflectLongExRK6Stringx,0x64
0x2b7e2c,_ZN6icu_5810UnicodeSet10setToBogusEv,0x80
0x2b7eac,_ZN25SendGlobalChatLineMessage8destructEv,0x3c
0x2b7ee8,_ZN13ListContainer13getNumEntriesEv,0x18
0x2b7f00,_ZN14GameInputFieldD0Ev,0x48
0x2b7f48,_ZN29LogicPlayerMapEnvironmentData28isGameModeVariationAvailableEi,0xdc
0x2b8024,_ZNK12BattleScreen25getSpecialSkillIndicator2ERP6SpriteR7Vector3IfE,0x20
0x2b8044,_ZN5Shape11createShapeEPK13ShapeOriginal,0x50
0x2b8094,_ZN15DownloadManager24isDeferredFileDownloadedERK6StringP20FileDownloadListener,0x1b8
0x2b824c,_ZN11FlyParticleD2Ev,0x64
0x2b82b0,_ZN6icu_5823StringCharacterIteratorC2ERKNS_13UnicodeStringEiii,0xc0
0x2b8370,_ZNK20LogicCharacterClient16isAreaBuffActiveEv,0x7c
0x2b83ec,_ZN11UIComponentD0Ev,0x24
0x2b8410,_ZN15LogicDataTables20getEmoteBundleByNameERK6StringPK9LogicData,0x20
0x2b8430,_ZN22LogicSelectSkinCommand7executeEP13LogicHomeModeib,0x94
0x2b84c4,_ZN6icu_5811Normalizer2D2Ev,0x4
0x2b84c8,_ZN5lzham22lzham_lib_z_deflateEndEP14lzham_z_stream,0x60
0x2b8528,_ZN14BattleEndPopup8isDefeatEv,0x40
0x2b8568,_ZNSt6__ndk110__function6__funcIZN8TestCase11touchSpriteEP6SpriteE3$_1NS_9allocatorIS5_EEFvvEED0Ev,0x4
0x2b856c,_ZN19LogicCommandManager13decodeCommandEP10ByteStreambb,0x160
0x2b86cc,_ZN20GoogleServiceManager27googleServiceSignInCanceledEv,0x1c
0x2b86e8,_ZNK29ChangeAllianceSettingsMessage16getRequiredScoreEv,0x8
0x2b86f0,_ZN17LogicSkinConfData18setIntroCameraFileERK6String,0x14
0x2b8704,_ZNK12LogicPinData12getCraftCostEv,0x10
0x2b8714,_ZNKSt6__ndk110__function6__funcIZN19SupercellIdCallback24setPendingLoginWithEmailEP8_jobjectRK6StringbE3$_7NS_9allocatorIS8_EEFvvEE7__cloneEPNS0_6__baseISB_EE,0x48
0x2b875c,_ZN14LoginOkMessage15setLoginCountryEP6String,0x8
0x2b8764,_ZN14TweenClipInOut16goToDeclineStateEv,0x74
0x2b87d8,_ZN21JoinRequestStreamItemD2Ev,0x9c
0x2b8874,_ZN11ContextMenu19togglePopoverOnClipEP9MovieClipffP4RectbP9LogicLongb,0x1bc
0x2b8a30,_ZNSt6__ndk110__function6__funcIZN11scTaskQueue3runIZN8TestCase9moveTouchER5TouchS5_S5_fE3$_8EENS_13invoke_resultIT_JEE4typeES9_EUlvE_NS_9allocatorISC_EEFvvEE18destroy_deallocateEv,0x4
0x2b8a34,_ZNK11InputSystem10touchCountEN10TouchState4EnumE,0x84
0x2b8ab8,_ZNK20LogicCharacterServer30getCurrentActiveOrCastingSkillEv,0x8c
0x2b8b44,_ZN15LogicDataTables25getSilverSkinCampaignDataEv,0xc
0x2b8b50,_ZNKSt6__ndk110__function6__funcIZN11scTaskQueue3runIZN6Shader4loadEPKcS6_S6_E3$_1EENS_13invoke_resultIT_JEE4typeES9_EUlvE_NS_9allocatorISC_EEFvvEE11target_typeEv,0xc
0x2b8b5c,_ZNK20LogicCharacterClient27isImmuneAndBulletsGoThroughEv,0x18
0x2b8b74,_ZN12RC4Encrypter7decryptEPKcPci,0xc
0x2b8b80,_ZNK21LogicCompressedString6encodeEP15ChecksumEncoder,0x1c
0x2b8b9c,_ZN17LogicResourceDataC2EP6CSVRowP14LogicDataTable,0x2c
0x2b8bc8,_ZN19AllianceHeaderEntry16setRequiredScoreEi,0x8
0x2b8bd0,_ZN16AllianceWarPopup12initFactionsEv,0x2cc
0x2b8e9c,_nti_glyph_advance,0x64
0x2b8f00,_ZN22LaserDataLoaderTexture16parseTextureDataERK6String,0x188
0x2b9088,_ZN28RankedMatchTerminatedMessage6encodeEv,0x74
0x2b90fc,_ZN18DataPatchGenerator17getColumnTypeNameEi,0x4c
0x2b9148,_ZNSt6__ndk110__function6__funcIZN27BattleEndRankedRankUpScreen14addExecutionToEP18SequencedExecutionE3$_2NS_9allocatorIS5_EEFbvEE7destroyEv,0x4
0x2b914c,_ZN15ResourceManager6getCSVERK6String,0x4c
0x2b9198,_ZN16RankedRewardItem15printUnlockTextEv,0x14c
0x2b92e4,_ZN18LogicNameColorData16createReferencesEv,0x70
0x2b9354,_ZNKSt6__ndk110__function6__funcIZN32NativeFacebookConnectionCallback8userInfoERK6StringE3$_3NS_9allocatorIS6_EEFvvEE7__cloneEv,0x70
0x2b93c4,_hb_set_set,0x7c
0x2b9440,_ZNKSt6__ndk110__function6__funcIZN19SupercellIdCallback6logOutEP8_jobjectE3$_6NS_9allocatorIS5_EEFvvEE7__cloneEv,0x38
0x2b9478,_ZNK14LogicDailyData26getVideoAdOfferBundleIndexEv,0x70
0x2b94e8,_ZN16DeviceLinkWindow17backButtonPressedEv,0xa4
0x2b958c,_ZNK20LogicCharacterServer23getControlledProjectileEv,0x8
0x2b9594,_getHostID,0x128
0x2b96bc,_ZN17HeroSwipeSelector6updateEf,0x4b8
0x2b9b74,_ZNK17LogicClientAvatar12getHeroLevelEPK18LogicCharacterData,0x98
0x2b9c0c,_ZN12GenericPopup17setUpScreenHeaderEv,0x68
0x2b9c74,_ZN12LogicTileMap7loadMapEP11LogicRandomiRK6StringiPS3_P14LogicArrayListIS2_E,0x18f4
0x2bb568,_ZN3UIu17displayTestDialogEv,0x2e0
0x2bb848,_ZNK14LogicSkillData12getMaxChargeEv,0x8
0x2bb850,_ZN15LogicDataTables18getAnimationByNameERK6StringPK9LogicData,0x20
0x2bb870,_ZThn96_N20FriendSuggestionItem13buttonClickedEP12CustomButton,0x8
0x2bb878,_ZN8SkinItemD0Ev,0x4
0x2bb87c,_ZNK34JoinAllianceUsingInvitationMessage14getMessageTypeEv,0x8
0x2bb884,_ZN16ByteStreamHelper17readDataReferenceEP9BitStreami,0x60
0x2bb8e4,_ZNK15LogicEffectData22getParticleEmitterNameEi,0x10
0x2bb8f4,_ZNK8Sprite3D18addProjectedBoundsER4Rect,0x13c
0x2bba30,_ZN11ContextMenu19refreshFriendStatusEP10GameButtonPK9LogicLong,0x158
0x2bbb88,_ZN10Connection10threadFuncEPv,0x2c
0x2bbbb4,_ZN18ClientInputManager6updateEff,0x438
0x2bbfec,_ZThn368_N19SelectLocationPopupD1Ev,0x8
0x2bbff4,_ZZN11Application17getReferrerValuesEvEN23InstallReferrerListener30onInstallReferrerSetupFinishedEi,0x31c
0x2bc310,_ZNK18LogicClientGlobals28addEmptyLinesToHighScoreListEi,0x40
0x2bc350,_ZN10ScoresPage7refreshEv,0x70
0x2bc3c0,_ZN17AllianceTeamEntry12idListsMatchEP14LogicArrayListIP9LogicLongES4_,0x94
0x2bc454,_ZN14BattleLogEntry13getTeamMemberEiiPK9LogicLong,0xd8
0x2bc52c,_ZN12BattleScreen17hideSkillTouchPosEv,0x8
0x2bc534,_ZN35RespondToAllianceJoinRequestMessage11setStreamIdEP9LogicLong,0x8
0x2bc53c,_ZN5lzham18search_accelerator4initEPNS_7CLZBaseEPNS_9task_poolEjjjbj,0x16c
0x2bc6a8,_ZNK15RankRewardPopup28allowClosingFromModalTappingEv,0x8
0x2bc6b0,_ZN4GameC2Ev,0xac
0x2bc75c,_ZN9EventData8destructEv,0x190
0x2bc8ec,_ZN15ResourceManager22enableUpdatedResourcesEb,0x38
0x2bc924,_ZN15OfferBundleItem21offerSortFunc_defaultEP13LogicGemOfferS1_,0x4c
0x2bc970,_ZN19LogicSkinRarityData16createReferencesEv,0x40
0x2bc9b0,_ustrcase_map_58,0x1d0
0x2bcb80,_ZN15ApiTokenMessage8setTokenERK6String,0x8
0x2bcb88,_ZNK15LogicJSONString5cloneEv,0x78
0x2bcc00,_ZN18DeliveryCardsPopup20prepareItemExecutionEv,0x39c
0x2bcf9c,_ZN17LatencyTestsPopupD2Ev,0x58
0x2bcff4,_ZN8Databind24NlohmannJsonOutReflector13reflectObjectERK6String,0x18
0x2bd00c,_ZNKSt6__ndk110__function6__funcIZ45Java_com_supercell_titan_Kakao_receivedFriendE3$_1NS_9allocatorIS2_EEFvvEE7__cloneEPNS0_6__baseIS5_EE,0x58
0x2bd064,_ZN17LogicSkinConfData14setSadLoopFaceERK6String,0x14
0x2bd078,_ZNSt6__ndk110__function6__funcIZN19EnvironmentRenderer6renderER9Matrix2x3R14ColorTransformifE3$_6NS_9allocatorIS7_EEFvvEED0Ev,0x4
0x2bd07c,_ZN21LogicProjectileClient8destructEv,0x44
0x2bd0c0,_ZN11StringTable16getLanguageIndexEv,0xc
0x2bd0cc,_ZNK12LogicPinData8getBonusEv,0x10
0x2bd0dc,_ZN22AskForBattleEndMessage6decodeEv,0x214
0x2bd2f0,_ZNSt6__ndk110__function6__funcIZN11scTaskQueue3runIZN7GLImage6createEPKhi9ImageWrap11ImageFilterE3$_3EENS_13invoke_resultIT_JEE4typeESB_EUlvE_NS_9allocatorISE_EEFvvEE7destroyEv,0x4
0x2bd2f4,_ZNK8HomeMode13getGameScreenEv,0x8
0x2bd2fc,_ZN24PlayerMapStatusInfoPopup17backButtonPressedEv,0x14
0x2bd310,_ZN10HomeScreen26onBrawlPassProgressDonatedEii,0x10
0x2bd320,_ZN32RankedMatchPickHeroFailedMessage8destructEv,0x34
0x2bd354,_ZN12RenderSystem10startShakeEf,0x14
0x2bd368,_ZN13LogicSkinData14setGadgetModelERK6String,0x8
0x2bd370,_ZNK14LogicDailyData30getOfferBundleByChronosEventIdEi,0x3c
0x2bd3ac,_ZN10SpecialKey12isAltPressedEv,0x8
0x2bd3b4,_ZNSt6__ndk110__function6__funcIZN19SupercellIdCallback24setPendingLoginWithEmailEP8_jobjectRK6StringbE3$_7NS_9allocatorIS8_EEFvvEEclEv,0x14
0x2bd3c8,_ZN22SearchAlliancesMessage18getServiceNodeTypeEv,0x8
0x2bd3d0,_ZNKSt6__ndk110__function6__funcIZN11scTaskQueue3runIZN7GLImage6createEPKhi9ImageWrap11ImageFilterE3$_4EENS_13invoke_resultIT_JEE4typeESB_EUlvE_NS_9allocatorISE_EEFvvEE6targetERKSt9type_info,0x1c
0x2bd3ec,_ZN8GameMain8onResizeEii,0x1cc
0x2bd5b8,_ZN30ReportPlayerMapResponseMessage10setMapNameEP6String,0x44
0x2bd5fc,_ZN10HomeScreen18displayLoadingIconEv,0xa8
0x2bd6a4,_ZN15LogicPathFinder18isLineOfSightClearEiiiibbb,0x120
0x2bd7c4,_ZNKSt6__ndk110__function6__funcIZN19SupercellIdCallback20connectedGamesFailedEP8_jobjectE4$_17NS_9allocatorIS5_EEFvvEE7__cloneEv,0x38
0x2bd7fc,_ZN8DebugHud6setFpsEf,0x4c
0x2bd848,_ZN16ChronosFileEntryC2EP10ByteStream,0xe8
0x2bd930,_ZN25TeamInviteResponseMessageC2Eii,0x44
0x2bd974,_ZN26RequestJoinAllianceMessage6encodeEv,0x38
0x2bd9ac,_ZNK11SCIDManager17getCurrentAccountEv,0x154
0x2bdb00,_ZNK11SCIDManager23hasUsedSupercellAccountEv,0x4c
0x2bdb4c,_ZN15LogicDataTables15getSlowedEffectEv,0xc
0x2bdb58,_ZN21RankedRewardTrackItemD0Ev,0x24
0x2bdd2c,_ZNK14LogicMapLoader3getEii,0x68
0x2bdd94,_ZNK21LogicTutorialStepData21getAnimationMovieClipEv,0x10
0x2bdda4,_ZN6icu_5823UnicodeStringAppendable21reserveAppendCapacityEi,0x34
0x2bddd8,_ZN6Sprite17removeAllChildrenEv,0x44
0x2bde1c,_ZN9BitStreamC2EPci,0x28
0x2bde44,_ZN8Databind8Databind17removeLogListenerEPFvNS_8LogLevelEPKcE,0x80
0x2bdec4,_ZNK8Skeleton8findBoneERK6StringPi,0x88
0x2bdf4c,_ZN11GameWebView6updateEf,0x2d8
0x2be224,_ZN26AppleBillingRequestMessageC2Ei,0xac
0x2be2d0,_ZN11GemPackItemD0Ev,0x8c
0x2be35c,_ZNK26LogicGameModeVariationData20getScoreTextMatchEndEv,0x10
0x2be36c,_ZN12ScMatrixBank4initEii,0x170
0x2be4dc,_ZNK21LogicBattleModeClient16hasEventModifierEi,0x3c
0x2be518,_Z3epfPKcS0_,0x8
0x2be520,_ZNK15LogicLocaleData22getContactUsAndroidUrlEv,0x68
0x2be588,_ZN5lzham12symbol_codec25arith_renorm_enc_intervalEv,0xb8
0x2be640,_ZN7PageGUI13touchReleasedERK5Touch,0x48
0x2be688,_ZNK13LogicSkinData12isSilverSkinEv,0x2c
0x2be6b4,_u_isIDStart_58,0x84
0x2be738,_ZNKSt6__ndk110__function6__funcIZN7GLImage6createEPKhi9ImageWrap11ImageFilterE3$_2NS_9allocatorIS7_EEFvvEE11target_typeEv,0xc
0x2be744,_ZN15ResourceManager20setExtraResourcePathERK6String,0x1c4
0x2be908,_ZNK12LogicTileMap30getVisibilityRadiusSubtilesYUpEib,0xac
0x2be9b4,_ZN19EnvironmentRendererD0Ev,0x24
0x2be9d8,_ZN20AllianceTeamsMessageC2Eb,0x48
0x2bea20,_ZN18TextFieldWithLinksD0Ev,0x60
0x2bea80,_ZN11FriendEntry22getFriendReasonDetailsEv,0x8
0x2bea88,_ZN9InitState16setAccountLockedEv,0xc
0x2bea94,_ZNK12BattleScreen23getWeaponRangeIndicatorERP6SpriteR7Vector3IfE,0x1c
0x2beab0,_ZNK12LogicTileMap20isPassablePathFinderEiiibb,0x7c
0x2beb2c,_hb_buffer_set_content_type,0x8
0x2beb34,_ZN12LocationItem10getEventIdEv,0x18
0x2beb4c,_ZN11LogicPlayer15siegeBotDamagedEi,0xc
0x2beb58,_ZN6icu_5813Norm2AllModes17createNFCInstanceER10UErrorCode,0x108
0x2bec60,_utrie2_openFromSerialized_58,0x1f8
0x2bee58,_ZN10LogicGoals7getRankEPK17LogicClientAvatarPK18LogicCharacterData,0xbc
0x2bef14,_ZN8HomePage10deletePageEP16DropGUIContainer,0x148
0x2bf05c,_ZN17RemoveFriendPopupC2EP6Friend,0x26c
0x2bf2c8,_ZNK15LaserBoxManager12hasLiveEventEi,0xa8
0x2bf370,_ZNK19LogicAreaEffectData16getExportNameTopEv,0x10
0x2bf380,_ZNK19LogicProjectileData9getRedSCWEv,0x10
0x2bf390,_ZN14BrawlPassPopup13scrollToBeginEv,0x64
0x2bf3f4,_ZN9LogicRectC2Eiiii,0xc
0x2bf400,_ZNK17LogicClientAvatar7hasNameEv,0x10
0x2bf410,_ZN8GameMain17closeNativeDialogEv,0x30
0x2bf440,_ZN25AskForAllianceDataMessage6decodeEv,0x48
0x2bf488,_ZN15MovieClipHelper19scaleSingleLineTextEP9TextFieldbbb,0xec
0x2bf574,_ZN30DeletePlayerMapResponseMessage6decodeEv,0x38
0x2bf5ac,_ZNK22DeletePlayerMapMessage8getMapIdEv,0x8
0x2bf5b4,_ZL16get_joining_typej29hb_unicode_general_category_t,0x110
0x2bf6c4,_ZNSt6__ndk16__sortIRZN26sc3dWorldCombiningRenderer6renderER11RenderQueuePKNS2_5ChunkEiP8MaterialNS2_12OverrideModeENS2_14DepthWriteModeEE3$_0PN11wendelstein21MovieClipRendererData11BucketRangeEEEvT0_SH_T_,0x788
0x2bfe4c,_ZNK16NameChangeWindow19isBackButtonVisibleEv,0x8
0x2bfe54,_ZN15HomeStatusEntry14getOwnerIsHomeEv,0x8
0x2bfe5c,_ZNK6CSVRow14isEmptyValueAtEii,0x10
0x2bfe6c,_ZN27LogicSelectGroupSkinCommand8destructEv,0x24
0x2bfe90,_ZN6UINode6handleEP5UICtxi,0x60
0x2bfef0,_ZN11wendelstein19SpawnBurstComponent10spawnCountERNS_7EmitterEf,0x12c
0x2c001c,_ZN15DownloadedImageC2ERK6StringP13DisplayObjectbiS4_b,0x2bc
0x2c02d8,_ZNSt6__ndk110__function6__funcIZN11scTaskQueue3runIZN8TestCase17releaseStageTouchEvE3$_4EENS_13invoke_resultIT_JEE4typeES7_EUlvE_NS_9allocatorISA_EEFvvEEclEv,0x40
0x2c0318,_ZN9RankPopup11createRanksEv,0x7c8
0x2c0ae0,_ZNKSt6__ndk110__function6__funcIZN3UIu15displayTestListEvE3$_0NS_9allocatorIS3_EEFRK6StringP5UICtxEE11target_typeEv,0xc
0x2c0aec,_ZNK9Animation11hasBoneMaskEv,0x10
0x2c0afc,_ZN22SelectLocationShortcut6updateEf,0x4
0x2c0b00,_ZN22BuyChallengeLivesPopup17backButtonPressedEv,0x14
0x2c0b14,_ZN16OutOfSyncMessage18getServiceNodeTypeEv,0x8
0x2c0b1c,_ZN10GameObjectC2EPK21LogicGameObjectClientP12RenderSystem,0x114
0x2c0c30,_ZN27AskForAllianceStreamMessageC2Ei,0x2c
0x2c0c5c,_ZN31PurchaseOfferBundlePopupHandler6isFreeEv,0x14
0x2c0c70,_ZL21loadParentsExceptRootRP18UResourceDataEntryPciaS2_P10UErrorCode,0x180
0x2c0df0,_ZN6Friend12setTencentIdERK6String,0x8
0x2c0df8,_ZN10RotateHeroD0Ev,0x34
0x2c0e2c,_hb_set_has,0x30
0x2c0e5c,_ZN16ResourceListener6loadedEv,0x4
0x2c0e60,_ZNK21LogicTutorialStepData17getShowShootStickEv,0x10
0x2c0e70,_ZN14BattleEndPopup32displayBattleEndHackCoopSurvivalEbi,0x60
0x2c0ed0,_utrie2_freeze_58,0xdf4
0x2c1cc4,_uhash_compareUChars_58,0x54
0x2c1d18,_ZN20NativeSCIDConnection23setNotificationsAllowedEb,0xc
0x2c1d24,_ZN18DoubleClickCheckerD0Ev,0x4
0x2c1d28,_ZN13LogicJSONNull8destructEv,0x4
0x2c1d2c,_ZN37KunlunBillingProcessedByServerMessageC2Ev,0x78
0x2c1da4,_ZN9HeroPopupC2Eb,0x280
0x2c2024,_ZN21SetDeviceTokenMessageC2Ev,0x34
0x2c2058,_ZNK17LogicSkinConfData11getIdleAnimEv,0x10
0x2c2068,_ZN9RankPopup12heroSelectedEPK18LogicCharacterData,0x84
0x2c20ec,_ubidi_getResultLength_58,0x30
0x2c211c,_ZN23OfflineFriendInviteItemC2Ev,0x110
0x2c222c,_ZN23AllianceResponseMessage18getServiceNodeTypeEv,0x8
0x2c2234,_ZN6icu_5818Normalizer2Factory14getFCDInstanceER10UErrorCode,0xbc
0x2c22f0,_hb_buffer_serialize_format_from_string,0x18
0x2c2308,_ZNK13LogicTileData9getDamageEv,0x10
0x2c2318,_ZN9EmoteIconC2EPK14LogicEmoteDataP9MovieClipb,0x2b4
0x2c25cc,_ZN10VertexAttr8getIndexENS_4EnumE,0x10
0x2c25dc,_ZNK19scResourceLoadQueue7isEmptyEv,0x38
0x2c2614,_ZNK16GameStateManager23getLastLoadedReplayJSONEv,0x8
0x2c261c,_ZNK15LogicJSONNumber12getLongValueEv,0x1c
0x2c2638,_ZN16HelpshiftManager18storeAgeGateStatusEv,0x78
0x2c26b0,_ZNK20LogicCharacterClient16getCharacterDataEv,0x4
0x2c26b4,_ZN12KakaoManager20loginFailedWithErrorERK6String,0x68
0x2c271c,_ZN13LogicSkinData18setIntroCameraFileERK6String,0x8
0x2c2724,_ZN3GUI18removeClipFromBlurEP13DisplayObjectP6Spritei,0xb8
0x2c27dc,_ZNK17LogicSkinConfData21getHeroScreenLoopFaceEv,0x10
0x2c27ec,_ZN11wendelstein18SpawnRateComponent10spawnCountERNS_7EmitterEf,0x1c0
0x2c29ac,_ZN5Stage20getObjectsUnderPointEff,0x78
0x2c2a24,_u_getPropertyValueName_58,0x4
0x2c2a28,_ZN16LogicStringTable5patchEP8CSVTable,0x140
0x2c2b68,_ZN16TeamErrorMessageC2Eii,0x44
0x2c2bac,_ZN11ContextMenu19refreshInviteStatusEv,0x4
0x2c2bb0,_ZL11record_rphfPK18hb_ot_shape_plan_tP9hb_font_tP11hb_buffer_t,0x100
0x2c2cb0,_ZNK18LogicCharacterData23getAutoAttackProjectileEv,0x8
0x2c2cb8,_ZNK10NativeFont9isOutlineEv,0x8
0x2c2cc0,_ZN20GameSelfhelpListener10requestJWTEv,0x48
0x2c2d08,_ZN17GameCenterManager21gameCenterUserDetailsEiP16GameCenterPlayer,0x134
0x2c2e3c,_ZN22GameCenterUserListener21gameCenterUserDetailsEiP16GameCenterPlayer,0x4
0x2c2e40,_stbi_is_hdr,0x60
0x2c2ea0,_ZN5titan3com9supercell5titan19ApplicationUtilBase12getAndroidIDEv,0x70
0x2c2f10,_ZN17GameCenterManager18refreshAchievementEPK20LogicAchievementData,0x9c
0x2c2fac,_ZN12LogicRewards6encodeEP15ChecksumEncoder,0x6c
0x2c3018,_ZN22AddFriendFailedMessage12setErrorCodeEi,0x8
0x2c3020,_ZN13DisplayObject16removedFromStageEv,0x4
0x2c3024,_nti_iterator_get_line_descent,0x8
0x2c302c,_ZN17LogicRankedSeasonC2Ev,0x20
0x2c304c,_ZN12LocationItemC2EP18ILocationItemOwnerPK17LogicLocationDataP9EventDataibbPK14LogicPlayerMapPK20LogicBattlePlayerMapP9MovieClip,0xe0
0x2c312c,_ZNK19LogicProjectileData16getHitEffectCharEv,0x8
0x2c3134,_ZNK14LogicSoundData16getFileNameCountEv,0x10
0x2c3144,_ZN22SettingsLanguageScreenD0Ev,0x24
0x2c3168,_ZNK10ScrollArea16getContentHeightEv,0x8
0x2c3170,_ZN18PurchaseOfferPopup16getPopupClipNameEii,0x88
0x2c31f8,_ZN10FriendItem6updateEf,0x730
0x2c3928,_ZNK12LocationInfo20canRenameAsPlayerMapEv,0x20
0x2c3948,_ZN26LogicMersenneTwisterRandomC2Ei,0x64
0x2c39ac,_ZN13FriendsScreen16destroySuggestedEv,0xec
0x2c3a98,_ZN16DeviceLinkWindow33isMigrationFromThisVersionAllowedEv,0x8
0x2c3aa0,_ZN8HomePage13onInitializedEv,0x10
0x2c3ab0,_ZN22BindLineAccountMessage9setLineIdEP6String,0x8
0x2c3ab8,_ZN9InboxItem16setSupportSenderEv,0x44
0x2c3afc,_ZN15GameSCIDManager9playSoundERK6String,0x94
0x2c3b90,_ZN14StreamItemList6openedEv,0x2ac
0x2c3e3c,_ZNK8Viewport14getOrthoMatrixEv,0x24
0x2c3e60,_ZN13StringBuilder14ensureCapacityEi,0x8c
0x2c3eec,_ZL19data_destroy_hangulPv,0x4
0x2c3ef0,_ZN10DataGained19setParticleStayTimeEf,0x8
0x2c3ef8,_ZN17PlayerMapsMessage17destroyPlayerMapsEv,0xf8
0x2c3ff0,_ZN16QuestListHandler6updateEf,0x88
0x2c4078,_ZN38TencentBillingProcessedByServerMessage13setStatusCodeEi,0x8
0x2c4080,_ZN22BattleEndSubScreenBaseD0Ev,0x4
0x2c4084,_ZN15KakaoConnection11setListenerEP14IKakaoListener,0xc
0x2c4090,_ZNK6Shader16setUniformMatrixEiRK9xMatrix44i,0x24
0x2c40b4,_ZN18LoginFailedMessage12setErrorCodeEi,0x8
0x2c40bc,_ZN14BrawlTvManager16destructInstanceEv,0x2c
0x2c40e8,_ZN5titan3com9supercell2id14IdShopDonation11getFromNameEv,0x7c
0x2c4164,_ZNK17HighRateUdpSocket17getMessageFactoryEv,0x8
0x2c416c,_ZNSt6__ndk110__function6__funcIZN11scTaskQueue3runIZN11AndroidMain14destroySurfaceEvE3$_3EENS_13invoke_resultIT_JEE4typeES7_EUlvE_NS_9allocatorISA_EEFvvEED0Ev,0x4
0x2c4170,_ZN20UdpBigMessageHandler22handleIncomingFragmentEP28UdpBigMessageFragmentMessageP19LogicMessageFactory,0x46c
0x2c45dc,_ZN6icu_5822UCharCharacterIterator7getTextERNS_13UnicodeStringE,0x6c
0x2c4648,_ZN16GameObjectSprite29setTilePositionWithSortOffsetEffff,0x38
0x2c4680,_ZN27LogicClaimTailRewardCommand28getProgressTowardsNextRewardEPK13LogicHomeModeiii,0xac
0x2c472c,_ZN17ChatOptionsSlider25selectOptionItemsCategoryEi,0x60
0x2c478c,_ZN6icu_5816ReorderingBuffer6resizeEiR10UErrorCode,0xe0
0x2c486c,_ZN19DebugCommandMessage7executeEP21LogicBattleModeServer,0x4cc
0x2c4d38,_ZNK21LogicCompressedString6equalsEPv,0x5c
0x2c4d94,_ZN6icu_5822UCharCharacterIteratorD0Ev,0x24
0x2c4db8,_ZN29LogicToggleInGameHintsCommand7executeEP13LogicHomeModeib,0x9c
0x2c4e54,_ZN20LogicCharacterServer16buffRoboWarsRoboEiiii,0x4
0x2c4e58,_ZN6scPath5mkdirERKNSt6__ndk112basic_stringIcNS0_11char_traitsIcEENS0_9allocatorIcEEEE,0x8c
0x2c4ee4,_ZNK9DebugMenu19getSearchInputFieldEv,0x8
0x2c4eec,_ZN4asio4postINS_15any_io_executorENS_6detail7binder1INS2_16range_connect_opINS_2ip3tcpES1_NS5_22basic_resolver_resultsIS6_EENS2_25default_connect_conditionEZZN9Messaging7connectERK6StringSD_ENK3$_2clERKNSt6__ndk110error_codeES8_EUlSI_RKT_E_EESG_EEEEDaSL_OT0_NS_10constraintIXoosr9execution11is_executorISJ_EE5valuesr11is_executorISJ_EE5valueEiE4typeE,0x1d4
0x2c50c0,_ZN9MovieClipD2Ev,0xa0
0x2c5160,_ZN13QuestionPopUp17backButtonPressedEv,0xc
0x2c516c,_ures_getByKey_58,0x160
0x2c52cc,_ZN11ButtonEntryD2Ev,0xc4
0x2c5390,_ZN10HeroSprite7addHeroEPK18LogicCharacterDataPK13LogicSkinDatab,0x40c
0x2c579c,_ZN19UIDynamicTextSetter9setTextToEP5UICtxP9TextField,0x34
0x2c57d0,_ZN18LogicMapEditorMode8destructEv,0x238
0x2c5a08,_ZNSt6__ndk110__function6__funcIZN11scTaskQueue3runIZN10SWFTexture4loadEP12SupercellSWFbibbbbRK6StringE3$_1EENS_13invoke_resultIT_JEE4typeESC_EUlvE_NS_9allocatorISF_EEFvvEED0Ev,0x4
0x2c5a0c,_ZNK14SceneCharacter8getTileZEv,0x1c
0x2c5a28,_ZNK17LogicLocalization16getAllStringRowsER8LogicMapI6StringERK14LogicArrayListIS1_Ei,0x84
0x2c5aac,_ZN22BattleEndPreviewButton14getCurrentNameEv,0xc8
0x2c5b74,_ZN10HeroSprite9setCameraEi,0x8
0x2c5b7c,_ZN6icu_5813UnicodeString4copyEiii,0x1a4
0x2c5d20,_ZNK5Scene14getCameraCountEv,0x1c
0x2c5d3c,_ZN30SubmitPlayerMapResponseMessageC2Ev,0x40
0x2c5d7c,_ZN8Databind23NlohmannJsonInReflector12reflectArrayEiRK6String,0x94
0x2c5e10,_ZNK12RenderSystem16getEffectManagerEv,0x8
0x2c5e18,_ZN19DebugCommandMessageC2Ev,0x34
0x2c5e4c,_ZNK8CSVTable11getFileNameEv,0x8
0x2c5e54,_ZNK26ChampionshipChallengePopup12getPopupTypeEv,0x8
0x2c5e5c,_ZN31LogicSetSupportedCreatorCommandC2EP6String,0x34
0x2c5e90,_ZNSt6__ndk110__function6__funcIZN11AndroidMain16inputTextChangedERK6StringE4$_10NS_9allocatorIS6_EEFvvEE7destroyEv,0x8
0x2c5e98,_ZNK14LogicMapLoader16getLogicTileDataEii,0xe0
0x2c5f78,_ZNK22LogicLocationThemeData17getWaterTileCountEv,0x10
0x2c5f88,_ZN15PendingTeamItem13buttonClickedEP12CustomButton,0xbc
0x2c6044,_ZN10GameCenter12authenticateEv,0x4
0x2c6048,_ZNK19CachedFontFormatter12getTextWidthEv,0x8
0x2c6050,_ZN5lzham18adaptive_bit_modelC2ERKS0_,0xc
0x2c605c,_nti_font_get_x_height,0x98
0x2c60f4,_ZN11TeamManager36inviteSnsFriendAndCreateTeamIfNeededEPK9LogicLong,0x170
0x2c6264,_ZNSt6__ndk110__function6__funcIZN7GLImage16createWithFormatEiiiiPKv9ImageWrap11ImageFilterRbE3$_8NS_9allocatorIS8_EEFvvEE18destroy_deallocateEv,0x4
0x2c6268,_ZN17LogicHeroUpgrades8destructEv,0xc
0x2c6274,_ZN11Application37showGooglePlayInstantAppInstallPromptEv,0x18
0x2c628c,_ZN10HomeScreen19onNameChangeReceiveEv,0x28
0x2c62b4,_ZNK18LogicCharacterData14getUnlockSoundEPK13LogicSkinData,0x44
0x2c62f8,_ZN15AllianceManager21getFriendOnlineStatusEPK9LogicLong,0x68
0x2c6360,_ZN19LogicLevelUpCommandC2Ev,0x30
0x2c6390,_ZN17PlayerMapsMessage18getServiceNodeTypeEv,0x8
0x2c6398,_ZN9EmoteIcon8playAnimEibf,0x29c
0x2c6634,_ZN22EsportTournamentsPopup14goToCustomPageERK6String,0x150
0x2c6784,_ZN9ColorItemD0Ev,0x34
0x2c67b8,_ZN6icu_5815RangeDescriptor17setDictionaryFlagEv,0x194
0x2c694c,_ZNK13LogicCardData15getRequiredCardEv,0x8
0x2c6954,_ZN15KakaoConnectionD2Ev,0x8
0x2c695c,_ZN9GameUtils12localToLocalEP13DisplayObjectS1_ff,0x7c
0x2c69d8,_ZN13GoogleService20getPlayerDisplayNameEv,0x20
0x2c69f8,_ZNSt6__ndk110__function6__funcIZN11AndroidMain19keyboardSizeChangedEffE3$_7NS_9allocatorIS3_EEFvvEE7destroyEv,0x4
0x2c69fc,_ZN20PlayerNameColorPopup13buttonClickedEP12CustomButton,0x2c0
0x2c6cbc,_ZN15LaserBoxManager17constructInstanceEv,0x30
0x2c6cec,_ZN17GameObjectManager13addGameObjectEPK21LogicGameObjectClient,0x1a8
0x2c6e94,_ZN12TestReporter15getTestResultFDEv,0x38
0x2c6ecc,_hb_script_from_string,0x1b8
0x2c7084,_ZN24EsportTournamentsWebView32createPlayerParamsCallbackStringEb,0x168
0x2c71ec,_ZN8HomePage17eventStateChangedEii,0x4
0x2c71f0,_ZN12ShopItemAnim13buttonPressedEv,0x2c
0x2c721c,_Z21heroRankedSort_rarityP14RankedHeroItemS0_,0x94
0x2c72b0,_ZN14BillingManager23billingValidationFailedERK6Stringib,0x174
0x2c7424,_ZNKSt6__ndk110__function6__funcIZN7GLImage16createWithFormatEiiiiPKv9ImageWrap11ImageFilterRbE3$_8NS_9allocatorIS8_EEFvvEE7__cloneEv,0x60
0x2c7484,_ZN41CafeBazaarBillingProcessedByServerMessage13setStatusCodeEi,0x8
0x2c748c,_ZN7SBMMesh4readEP13TitanInStream,0x67c
0x2c7b08,_ZNK12TitanWebView9isLoadingEv,0xc
0x2c7b14,_ZN6icu_5822RuleBasedBreakIteratorC2ERKNS_13UnicodeStringER11UParseErrorR10UErrorCode,0xd0
0x2c7be4,_ZL13_set_addRangeP4USetii,0x4
0x2c7be8,_Java_com_supercell_titan_NativeFacebookManager_facebookLinkStatistics,0x54
0x2c7c3c,_ZN7XpEntryC2Ev,0x8
0x2c7c44,_ZNK17LogicBattleEmotes5cloneEv,0xbc
0x2c7d00,_ZN5titan3com6google7android4play4core5tasks18OnCompleteListenerC2Ev,0xac
0x2c7dac,_ZNK20TeamJoinRequestPopup12getPopupTypeEv,0x8
0x2c7db4,_ZNK17ChatOptionsSlider22isPlayerInFriendlyTeamEv,0x5c
0x2c7e10,_ZN12PepperCrypto14secretbox_openEPKvmPvmRKNS_9SecureKeyILm24EEERKNS3_ILm32EEEi,0xe0
0x2c7ef0,_ubrk_getAvailable_58,0x4
0x2c7ef4,_ZN10GameObject16getEffectManagerEv,0x18
0x2c7f0c,_ZN23TeamGameStartingMessageC2Ev,0x3c
0x2c7f48,_ZN18DeliveryCardsPopup23prepareTicketsExecutionEv,0x4e8
0x2c8430,_ZN21TeamCreatedStreamItem13buttonClickedEP12CustomButton,0x10c
0x2c853c,_ZN23PushNotificationService18setIconBadgeNumberEi,0x4
0x2c8540,_ZNK15OfferBundleItem35shouldAlwaysShowOfflineConfirmPopupEv,0x8
0x2c8548,_ZN16BufferedReadFileD2Ev,0xb0
0x2c85f8,_ZN14StreamItemList16getItemIndexByIdEPK9LogicLong,0x70
0x2c8668,_ZN6icu_586Locale4initEPKca,0x3fc
0x2c8a64,_ZN24LocalNotificationManager20refreshNotificationsEv,0x1180
0x2c9be4,_ZN14TencentManager20tencentLogOutSkippedEi,0x8c
0x2c9c70,_ZN12SoundManager26resetVariationLoopForSoundEPK14LogicSoundData,0x60
0x2c9cd0,_ZN8GameMain21loadDroidSansFallbackEv,0x4
0x2c9cd4,_ZNK17GameObjectManager15getRenderSystemEv,0x8
0x2c9cdc,_ZN29LogicPlayerMapEnvironmentData16createReferencesEv,0x3c0
0x2ca09c,_ZN17HighRateUdpSocket4sendEiP17HighRateUdpPacketi,0x1e8
0x2ca284,_ZN17PlayerRankingData8destructEv,0x74
0x2ca2f8,_ZNK15LogicItemClient7getTypeEv,0x8
0x2ca300,_ZNK16PlayerMapManager26getInternalPlayerMapWithIdERK9LogicLong,0x88
0x2ca388,_ZN13MapEditorMode4drawEv,0x4
0x2ca38c,_ZN4Shop27createListOfferByBundleTypeEP16LogicOfferBundleii,0x268
0x2ca5f4,_ZN13ShopBgElement6updateEf,0xa4
0x2ca698,_ZN10Multitouch17ignoreTouchEventsEb,0x10
0x2ca6a8,_ZN21LogicBattleModeServer14tickKingOfHillEv,0x4
0x2ca6ac,_ZN10HomeScreen21refreshHeroesAndItemsEv,0x58
0x2ca704,_ZN26LogicMersenneTwisterRandom10initializeEi,0x34
0x2ca738,_ZN12FriendsPopup17closeCustomPopupsEv,0x10
0x2ca748,_ZN15ShareImagePopup13buttonClickedEP12CustomButton,0x158
0x2ca8a0,_ZN28LogicGameObjectManagerServer18addLogicGameObjectEP21LogicGameObjectServer,0x414
0x2cacb4,_ZN21LogicJSONOutReflector12reflectFloatEfPKcf,0xa0
0x2cad54,_ZN16ChatOptionsPopup13buttonClickedEP12CustomButton,0x90
0x2cade4,_ZN16DropGUIContainer16addDiamondButtonERK6String,0xc8
0x2caeac,_ZN9Execution6updateEf,0x8
0x2caeb4,_ZN4Shop11setPriceTxtEP9TextFieldPK24LogicBillingPackagesData,0x124
0x2cafd8,_u_setMutexFunctions_58,0x1c
0x2caff4,_ZN20LogicHeroSeenCommand10canExecuteEPK13LogicHomeModePK18LogicCharacterData,0x5c
0x2cb050,_ZN11LogicAvatar8destructEv,0xc
0x2cb05c,_ZN11TestDefines10isFlagTrueENS_10DefineKeysE,0xf4
0x2cb150,_ZNK6icu_5813UnicodeString10unescapeAtERi,0x30
0x2cb180,_ZN10InputField10inputEndedEv,0x2c
0x2cb1ac,_ZNKSt6__ndk110__function6__funcIZN14LineConnection14requestFriendsEvE3$_5NS_9allocatorIS3_EEFvbPKN8linecorp4nova5graph5model21ProfilePagingResponseEPKNS7_5ErrorEEE7__cloneEv,0x38
0x2cb1e4,_ZN27YoozooBillingRequestMessage8destructEv,0x2c
0x2cb210,_ZN17ResourceDataMusicD2Ev,0x48
0x2cb258,_ZN14LogicDailyData22setCountryChangedTodayEv,0x154
0x2cb3ac,_ZN14scResourceDataC2Ev,0x38
0x2cb3e4,_ZN27BattleEndRankedRankUpScreenD0Ev,0x24
0x2cb408,_ZN20StopHomeLogicMessageC2Ei,0x2c
0x2cb434,_ZN16RankedPlayerItemC2EPK22LogicRankedMatchPlayer,0x90
0x2cb4c4,_ZN11wendelstein17MovieClipRenderer16vertexAttributesEv,0x10
0x2cb4d4,_ZN5Items10getItemBoxEv,0x20
0x2cb4f4,_ZN7Shape3dC2EP7GLImage,0x1a0
0x2cb694,_ZNK20PlayerJWTokenMessage8getTokenEv,0x8
0x2cb69c,_ZNK12LoginMessage24getAppLicensingSignatureEv,0x8
0x2cb6a4,_ZN13PlayerProfileC2Ev,0x2c
0x2cb6d0,_ZN33LogicDeviceLinkCodeRequestMessage6decodeEv,0x4
0x2cb6d4,_ZN13LogicConfData13isFutureEventEP9EventData,0x34
0x2cb708,_ZN4Shop10onActivateEv,0x22c
0x2cb934,_ZNK6icu_5810UnicodeSet12containsNoneERKNS_13UnicodeStringE,0x80
0x2cb9b4,_ZN6ShaderD2Ev,0x30
0x2cb9e4,_ZNK6icu_5820UnicodeSetStringSpan15spanNotBackUTF8EPKhi,0x180
0x2cbb64,_ZN6icu_5810GreekUpper7toUpperEPK8UCaseMapPtiPKtiP10UErrorCode,0x658
0x2cc1bc,_ZN17TopResourceButton6updateEfbb,0x60c
0x2cc7c8,_ZNK15LogicJSONObject13getJSONStringERK6String,0xd8
0x2cc8a0,_ZN26BindFacebookAccountMessage13setFacebookIdEP6String,0x8
0x2cc8a8,_ZN12PepperCrypto15generateKeyPairERNS_9SecureKeyILm32EEES2_,0x70
0x2cea6c,_hb_ot_tags_from_script,0x210
0x2cec7c,_ZNK12LogicTileMap28getVisibilityRadiusSubtilesYEiib,0xc8
0x2ced44,_ZN9BitStream26writePositiveIntMax4194303Ei,0x8
0x2ced4c,_ZNK14LoginOkMessage15getSessionCountEv,0x8
0x2ced54,_ZN12LogicVersion8getMajorEi,0x8
0x2ced5c,_ZN30TicketCompensationNotification8destructEv,0x24
0x2ced80,_ZN12LogicBitList9setValuesEPi,0x8c
0x2cee0c,_ZN4asio6detail23reactive_socket_recv_opINS_17mutable_buffers_1ENS0_7read_opINS_19basic_stream_socketINS_2ip3tcpENS_15any_io_executorEEES2_PKNS_14mutable_bufferENS0_14transfer_all_tEZN9Messaging15startSocketReadERKNSt6__ndk110shared_ptrIvEEE3$_3EES7_E11do_completeEPvPNS0_19scheduler_operationERKNSE_10error_codeEm,0x3d4
0x2cf1e0,_ZN11AndroidMain17backButtonPressedEv,0x1ac
0x2cf38c,_ZN28DeviceLinkCodeReceivedScreen15updateTimerTextEv,0x78
0x2cf404,_ZN20AdjustPackageMessageC2Ev,0x34
0x2cf438,_ZN10HomeScreenD0Ev,0x24
0x2cf45c,_ZN15MapEditorScreen18getUniqueIDforTileEPK13LogicTileData,0x98
0x2cf4f4,_ZN15ChecksumEncoder10writeInt16Ei,0x48
0x2cf53c,_ZN5lzham11lzham_timer4stopEv,0x30
0x2cf56c,_ZNK10GameObject9getShadowEv,0x8
0x2cf574,_ZN18FacebookConnection28requestNewPublishPermissionsEv,0x4
0x2cf578,_ZN13ClippedSprite11setClippingEv,0x90
0x2cf608,_ZNKSt6__ndk110__function6__funcIZN27BattleEndRankedRankUpScreen14addExecutionToEP18SequencedExecutionE3$_2NS_9allocatorIS5_EEFbvEE6targetERKSt9type_info,0x1c
0x2cf624,_ZN15LogicDataTables12getCardPowerEPK17LogicClientAvatarPK13LogicCardDatai,0x2c
0x2cf650,_ZNK30StartLatencyTestRequestMessage14getMessageTypeEv,0x8
0x2cf658,_ZN8Sprite3D26setUpdateMovieClipTexturesEb,0xc
0x2cf664,_ZN29AvailableServerCommandMessage16setServerCommandEP18LogicServerCommand,0x38
0x2cf69c,_ZL8_cmpFoldPKtiS0_ijPiS1_P10UErrorCode,0x664
0x2cfd00,_u_strFromUTF8WithSub_58,0x7a8
0x2d04a8,_ZN13DebugMenuBase11getCategoryEPKc,0x54
0x2d04fc,_ZN22CreateAccountOkMessage12getAccountIdEv,0x34
0x2d0530,_ZN24LogicExpressionEvaluator16optimizeBytecodeEv,0x1158
0x2d1688,_ZN9EntryInfo16onHudCloseButtonEv,0x38
0x2d16c0,_ZNKSt6__ndk110__function6__funcIZN8TestCase14getStageHeightEvE3$_9NS_9allocatorIS3_EEFivEE11target_typeEv,0xc
0x2d16cc,_ZN8GameMain13exitRequestedEv,0x8
0x2d16d4,_ZN6icu_5815RBBIDataWrapper8hashCodeEv,0xc
0x2d16e0,_ZN14LogicDataTable18getCSVTableMutableEv,0x8
0x2d16e8,_ZNK11TeamManager18getCurrentTeamCodeEv,0x1c
0x2d1704,_Z65Java_com_supercell_titan_GoogleServiceClient_updateNativeInstanceP7_JNIEnvP7_jclassP8_jobject,0x74
0x2d1778,_ZNSt6__ndk110__function6__funcIZN11scTaskQueue3runIZN8TestCase9touchDownEP13DisplayObjectE4$_14EENS_13invoke_resultIT_JEE4typeES9_EUlvE_NS_9allocatorISC_EEFvvEE7destroyEv,0x4
0x2d177c,_ZN20QuickChatStreamEntry22removeTargetPlayerNameEv,0x10
0x2d178c,_ZN13HomePageGuide6showUIEv,0x14
0x2d17a0,_ZN12VertexFormat12addAttributeEN10VertexAttr4EnumEjih,0xf0
0x2d1890,_ZNK12BattleScreen16getTopMaskHeightEv,0x9c
0x2d192c,_ZN11wendelstein19AbstractEmitterDataD0Ev,0xa4
0x2d19d0,_ZN15LogicJSONParser25createFormattedJSONStringEPK13LogicJSONNodei,0x80
0x2d1a50,_ZN17LogicSkinConfData27setBossAutoAttackRecoilAnimERK6String,0x14
0x2d1a64,_ZN23SignoffPlayerMapMessage8setMapIdERK9LogicLong,0xc
0x2d1a70,_ZN14LoginOkMessage18removeLoginCountryEv,0x10
0x2d1a80,_ZN10Multitouch13touchConsumedEi,0x4
0x2d1a84,_ZN10PlayerInfo11setTimeStatEii,0x90
0x2d1b14,_ZN15DownloadManager26setDeferredFileQueuePausedEb,0xa4
0x2d1bb8,_ZN28UdpLatencyTestRequestMessage9setFillerEPci,0x94
0x2d1c4c,_ZN10GameObject26playEffectNoLoopWithOffsetEPK15LogicEffectDataiii,0x140
0x2d1d8c,_Z14getStringParamRK6Stringi,0xb8
0x2d1e44,_ZNK13scResourceMap8isLoadedERKNSt6__ndk112basic_stringIcNS0_11char_traitsIcEENS0_9allocatorIcEEEE,0x4c
0x2d1e90,_ZN22ChronosResourceManager25getChronosSchemeCachePathEiRK6String,0xc0
0x2d1f50,_ZNK20LogicCharacterClient14getActiveSkillEv,0x3c
0x2d1f8c,_ZN12LogicBitList18bitCountToIntCountEi,0x10
0x2d1f9c,_ZN11ButtonEntryC2EP12GenericPopupP10GameButton,0x20
0x2d1fbc,_ZN30CreatePlayerMapResponseMessage12setPlayerMapEP14LogicPlayerMap,0x40
0x2d1ffc,_ZN19SelectLocationPopup15getOrderForSlotEi,0x28
0x2d2024,_uprv_getDefaultLocaleID_58,0x28c
0x2d22b0,_ZN10HomeScreen30presetSelectedEventForGameRoomEPK9EventData,0xd4
0x2d2384,_ZN16LobbyInfoMessage25getPlayersInCoopMatchmakeEi,0x44
0x2d23c8,_ZNK18LogicChallengeData10isDisabledEv,0x10
0x2d23d8,_ZN11AndroidMain14inputOkPressedEv,0x190
0x2d2568,_ZN26LogicLocalNotificationData16createReferencesEv,0xe8
0x2d2650,_ZN14BattleEndPopupC2EP16BattleEndMessagePK20LogicBattlePlayerMap,0x1ae0
0x2d4130,_ZThn96_N11GameWebViewD0Ev,0x28
0x2d4158,_ZN17LogicSkinConfData11setWalkFaceERK6String,0x14
0x2d416c,_ZNK6icu_5815Normalizer2Impl11composePairEii,0x284
0x2d43f0,_ZN5lzham12symbol_codec19assemble_output_bufEv,0x24c
0x2d463c,_ZNK12LogicVector213isInDistanceXEii,0x24
0x2d4660,_ZN17LogicGameModeUtil28displayHealthbarForBothTeamsEi,0x28
0x2d4688,_ZNK21LogicAllianceRoleData7isElderEv,0x20
0x2d46a8,_ZN12GemOfferItem9setupIconERK6StringS2_,0xc0
0x2d4768,_ZN29LogicReflectableContainerBase8destructEv,0xa4
0x2d480c,_ZNK6scglTF8MeshData11getTexCoordEi,0x20
0x2d482c,_ZNK28ExtendedSetEncryptionMessage14getNonceMethodEv,0x8
0x2d4834,_ZNK22LogicLocationThemeData12getMapHeightEv,0x10
0x2d4844,_ZN19AllianceHeaderEntry13setAllianceIdEP9LogicLong,0x8
0x2d484c,_ZN16DebugInputWindow5closeEv,0x20
0x2d486c,_ZNK19LogicResourceBundle15getNumResourcesEv,0x8
0x2d4874,_ZN12FilterEffectD0Ev,0x48
0x2d48bc,_ZN20LogicCharacterServer15tickAntiTeamingEv,0x4
0x2d48c0,_ZN17SettingsSubScreenC2ERK6StringS2_S2_,0x58
0x2d4918,_ZNK6icu_5822UCharCharacterIterator17getDynamicClassIDEv,0xc
0x2d4924,_ZN5Debug10drawCircleEfffjf,0x4
0x2d4928,_ZN12TencentLogin7loginQQEv,0x24
0x2d494c,_ucdn_get_unicode_version,0xc
0x2d4958,_ZN9MovieClip23setInteractiveRecursiveEb,0x74
0x2d49cc,_ZN13LogicDataSlot6decodeEP10ByteStream,0x40
0x2d4a0c,_ZNK13LogicSkinData13isArchiveSkinEv,0x2c
0x2d4a38,_ZL29hb_font_get_nominal_glyph_nilP9hb_font_tPvjPjS1_,0xc
0x2d4a44,_ZN8HomePage18isFriendlySurvivalEv,0x74
0x2d4ab8,_ZNK22BrawlerSuggestionPopup12getPopupTypeEv,0x8
0x2d4ac0,_ZNSt6__ndk110__function6__funcIZ62Java_com_supercell_titan_TitanWebView_shouldOverrideUrlLoadingE3$_0NS_9allocatorIS2_EEFvvEE18destroy_deallocateEv,0x28
0x2d4ae8,_ZN12TencentLogin26shareMessageWithGLRGBADataERK6StringRKiS4_PKhS4_,0xd0
0x2d4bb8,_ZNK13LogicJSONNode13asJSONBooleanEb,0x8c
0x2d4c44,_ZNK14LogicDailyData30getLowestSkinSectionOfferStateEv,0x80
0x2d4cc4,_ZN8Databind23NlohmannJsonInReflector11enterObjectERK6String,0x188
0x2d4e4c,_ZN37LogicPurchaseHeroLvlUpMaterialCommand10getGemCostEP15LogicClientHomei,0x28
0x2d4e74,_ZNK29LogicGiveDeliveryItemsCommand14getCommandTypeEv,0x8
0x2d4e7c,_ZNK17HighRateUdpSocket16getPacketHandlerEv,0x8
0x2d4e84,_ZThn336_NK9HeroPopup18getTopMarginHeightEv,0x8
0x2d4e8c,_ZN6icu_5822RuleBasedBreakIterator17createBufferCloneEPvRiR10UErrorCode,0x68
0x2d4ef4,_Z12nativeDialogP21INativeDialogListenerRK6StringS3_S3_,0x6c
0x2d4f60,_ZNK11hb_ot_map_t10substituteEPK18hb_ot_shape_plan_tP9hb_font_tP11hb_buffer_t,0x40
0x2d4fa0,_ZN13TitanInStreamC2EiPKc,0x60
0x2d5000,_ZN27HomeBattleReplayDataMessage12setViewCountEi,0x8
0x2d5008,_ZN18BrawlTvChannelInfo8destructEv,0x68
0x2d5070,_ZN6icu_586BMPSetD0Ev,0x4
0x2d5074,_ZN17ChineseRegulation17isChineseLanguageEv,0x7c
0x2d50f0,_ZN12BadgePreviewD0Ev,0xe4
0x2d51d4,_hb_buffer_pre_allocate,0x34
0x2d5208,_ZNK6icu_5815Normalizer2Impl30getTrailCCFromCompYesAndZeroCCEPKtS2_,0xd4
0x2d52dc,_ZN22SearchAlliancesMessage6encodeEv,0x80
0x2d535c,_ZN8Databind12DatabindTree13recursiveLoadEPNS_16DatabindTreeNodeE,0xac
0x2d5408,_ZN20NativeSCIDConnection10openWindowERK6StringS2_,0x8
0x2d5410,_ZNK14LogicPlayerMap23getFriendlySignoffCountEv,0x8
0x2d5418,_ZN26AppleBillingRequestMessage6decodeEv,0x130
0x2d5548,_ZThn96_N8GameMain13touchReleasedERK5Touch,0x8
0x2d5550,_ZThn96_N25PurchaseConfirmationPopup13buttonClickedEP12CustomButton,0xac
0x2d55fc,_ZL23hb_ft_get_glyph_extentsP9hb_font_tPvjP18hb_glyph_extents_tS1_,0xb0
0x2d56ac,_ZNK7Billing20arePaymentsAvailableEv,0x4
0x2d56b0,_ZN11UITabButton6handleEP5UICtxi,0x10
0x2d56c0,_ZN20PlayerThumbnailPopupC2Ev,0x27c
0x2d593c,_ZN14GameInputField12setEmptyTextERK6String,0x30
0x2d596c,_ZN18LogicPlayerMapUtil22tileCodeToTileMetaDataEi,0x24
0x2d5990,_ZN15StageDrawBucketD2Ev,0x6c
0x2d59fc,_ZN15AllianceManager23compileListOfAllFriendsEv,0x408
0x2d5e04,_ZN16ChronosTextEntry8destructEv,0x14
0x2d5e18,_ZN10GameButton15removeMovieClipEv,0x34
0x2d5e4c,_ZNK29SetBlockFriendRequestsMessage14getMessageTypeEv,0x8
0x2d5e54,_ZN8HeroItem12touchPressedERK5Touch,0x10
0x2d5e64,_ZN11hb_buffer_t12delete_glyphEv,0xb4
0x2d5f18,_ZN15FacebookManager8exitGameEv,0x14
0x2d5f2c,_utrie2_open_58,0x330
0x2d625c,_ZN17LogicGamePlayUtil25getDistanceSquaredBetweenEiiii,0x14
0x2d6270,_ZNK17LogicRewardConfig9getRewardEv,0x8
0x2d6278,_ZN29LogicReflectableContainerBase12existingItemEP16LogicReflectableR14LogicReflector,0x8
0x2d6280,_ZThn96_N24EsportTournamentsWebView20webviewShouldOpenURLERK6String,0x8
0x2d6288,_Z21convertBillingProductR14BillingProductPK15LogicJSONObject,0x36c
0x2d65f4,_ZN5titan3com9supercell5titan14HelpshiftTitanC2EP8_jobject,0xbc
0x2d66b0,_ZN15AllianceManager34compileListOfAllPlayersFromFriendsEv,0x408
0x2d6ab8,_ZN15sc3dWorldObject8addChildEPS_,0x13c
0x2d6bf4,_ZNK17TeamInviteMessage14getMessageTypeEv,0x8
0x2d6bfc,_u_isMirrored_58,0x74
0x2d6c70,_Java_com_supercell_titan_GameApp_nOnDestroy,0xa8
0x2d6d18,_ZN20SupercellIdOfferItem4initEP9MovieClipRK6String,0x1b8
0x2d6ed0,_ZN21DeviceLinkErrorScreen13buttonClickedEP12CustomButton,0x148
0x2d7018,_ZNK20LogicCharacterServer8getSkillEPK14LogicSkillData,0x68
0x2d7080,_ZNK13LogicBossData16getAllowedHeroesEv,0x268
0x2d72e8,_hb_feature_to_string,0x1c8
0x2d74b0,_ZN10NativeFont15NativeFormatter13getLineHeightEv,0x5c
0x2d750c,_ZN28DeviceLinkConfirmationScreenC2ERK6StringiiS2_S2_ii,0x2e8
0x2d77f4,_udata_setAppData_58,0xa4
0x2d7898,_ZN5Debug8drawPathERK12scBezierPathjf,0x4
0x2d789c,_ZN6icu_5816ReorderingBuffer6removeEv,0x28
0x2d78c4,_ZN17LocalNotification22cancelAllNotificationsEv,0x4
0x2d78c8,_ZN19DataGainedExecution13onFastforwardEv,0x10
0x2d78d8,_ZN19JoinAllianceMessage6encodeEv,0x28
0x2d7900,_ZNKSt6__ndk110__function6__funcIZN22scLZMADecompressFilter13setDownstreamEP10scFileImplE3$_0NS_9allocatorIS5_EEFvvEE6targetERKSt9type_info,0x1c
0x2d791c,_ZN14CommandStorageD2Ev,0x10
0x2d792c,_ZThn96_N32BrawlPassAutoCollectRewardsPopup13buttonClickedEP12CustomButton,0x1c
0x2d7948,_ZNK15ChecksumEncoder6equalsEPKv,0x40
0x2d7988,_ZN18LogicMapEditorMode22isEventModifierEnabledEi,0x3c
0x2d79c4,_ZN6icu_586Locale7getRootEv,0x24
0x2d79e8,_ZN15OfferBundleItem15dialogDidCancelEi,0x4
0x2d79ec,_ZN15ResourceManager26verifyContentUpdateVersionEPK15LogicJSONObject,0xc0
0x2d7aac,_ZNK23HomeLogicStoppedMessage11getCommandsEv,0x8
0x2d7ab4,_ZN18LoginFailedMessageC2Ei,0xac
0x2d7b60,_utrie2_internalU8PrevIndex_58,0x108
0x2d7c68,_ZN23SendAllianceMailMessage6decodeEv,0x44
0x2d7cac,_ZN11UIComponent7refreshEP5UICtxi,0x9c
0x2d7d48,_ZN10HomeScreen28clearPendingDataGainedBattleEv,0x4
0x2d7d4c,_ZNK31AskForBattleReplayStreamMessage9getHomeIdEv,0x8
0x2d7d54,_ZNK9MovieClip12getFrameTimeEv,0x8
0x2d7d5c,_ZN8GameMain10toggleSlowEv,0x14
0x2d7d70,_ZNK12BattleScreen21getShootStickEditingYEv,0x10
0x2d7d80,_ZNK9MovieClip18getTextFieldByNameERK6String,0xbc
0x2d7e3c,_ZN13TextureSystem11loadTextureEPKc9ImageWrap11ImageFilterRi,0x188
0x2d7fc4,_ZN17LogicLocationData34getFallbackLocationForFriendlyTeamEi,0x168
0x2d812c,_ZNK30FriendOnlineStatusEntryMessage14getMessageTypeEv,0x8
0x2d8134,_ZN26RankedTeamSelectionManager17isPickedEnemyTeamEPK18LogicCharacterData,0xcc
0x2d8200,_ZNK18LogicCharacterData13getMoveEffectEv,0x8
0x2d8208,_ZN31DeviceLinkTargetSelectionScreenD0Ev,0x3c
0x2d8244,_Z26decompressBlockAlpha16bitCPhS_iiiii,0x5a8
0x2d87ec,_ZN34LogicBrawlPassSeasonChangedCommand7executeEP13LogicHomeModeib,0x84
0x2d8870,_ZNK13LogicCardData23getPowerIcon2ExportNameEv,0x10
0x2d8880,_ZN5lzham12symbol_codec20arith_start_encodingEv,0x1c
0x2d889c,_ZN11StringTable22getCurrentLanguageCodeEv,0x40
0x2d88dc,_ZN4Path12setCachePathERK6Stringm,0x34
0x2d8910,_ZN37LogicPurchaseBrawlPassProgressCommand8addTiersEP13LogicHomeModeii,0xec
0x2d89fc,_ZNK10HomeScreen16getCurrentPageIdEv,0x8
0x2d8a04,_ZN10ByteStream8readByteEv,0x1c
0x2d8a20,_ZN33TencentAccountAlreadyBoundMessage23removeLogicClientAvatarEv,0x10
0x2d8a30,_ZN8DataIcon7setDataEPK9LogicData,0x100
0x2d8b30,_ZNK17TencentTermsPopup6getTIDERK6String,0x10
0x2d8b40,_ZNK13DisplayObject9isChildOfEPK6Sprite,0x2c
0x2d8b6c,_ZN13TextureSystem9AtlasItem4findERK6String,0xb0
0x2d8c1c,_ZN14BattleLogEntry19findHumanPlayerByIdEPK9LogicLong,0x7c
0x2d8c98,_ZN15VanityItemEntry8destructEv,0xe8
0x2d8d80,_ZNK26AppleBillingRequestMessage14getMessageTypeEv,0x8
0x2d8d88,_ZN19SuggestBrawlerPopup14deleteAllPagesEv,0x16c
0x2d8ef4,_FileInStream_Seek,0x54
0x2d8f48,_ZN13HeroModelItem6updateEf,0x64
0x2d8fac,_ZN23FriendListUpdateMessage6decodeEv,0x54
0x2d9000,_ZN14LogicDailyData13setOfferStateEiii,0x70
0x2d9070,_ZN11ReferralURL24createClanInviteDeeplinkEPK9LogicLongRK6String,0x100
0x2d9170,_ZN23LogicRankedLocationDataC2EP6CSVRowP14LogicDataTable,0x30
0x2d91a0,_ZN13GoHomeMessage6encodeEv,0x38
0x2d91d8,_ZNK6icu_5813UnicodeString7extractEPtiR10UErrorCode,0xcc
0x2d92a4,_ZN30LogicDeviceLinkResponseMessageC2Ev,0xa8
0x2d934c,_ZN9EventItemD0Ev,0x24
0x2d9370,_ZN29TeamStreamEntryRemovedMessage6encodeEv,0x38
0x2d93a8,_ZN10HomeScreen13getTargetIconEN10DataGained4TypeE,0x7c
0x2d9424,_ZN17AllianceFullEntry22setAllianceDescriptionEP6String,0x8
0x2d942c,_ZNK16LogicOfferBundle15isSoloSkinOfferEv,0x2c
0x2d9458,_ZN6icu_5820UnicodeSetStringSpanC2ERKNS_10UnicodeSetERKNS_7UVectorEj,0x64c
0x2d9aa4,_ZN13ReflectableId19createReflectableIdEii,0x10
0x2d9ab4,_ZN27GoogleBillingRequestMessage9setProdIDERK6String,0x8
0x2d9abc,_ZN14BattleEndPopup21getRankedQuestElementEi,0x30
0x2d9aec,_ZNK21LogicProjectileClient10getTargetYEv,0x8
0x2d9af4,_ZN11StringTable16loadAllLanguagesEv,0xdc
0x2d9bd0,_ZNK19JoinAllianceMessage14getMessageTypeEv,0x8
0x2d9bd8,_ZN13LogicHintData8destructEv,0x24
0x2d9bfc,_ZN6icu_5815RBBIRuleScanner7scanSetEv,0x288
0x2d9e84,_ZNK22UpdatePlayerMapMessage14getMessageTypeEv,0x8
0x2d9e8c,_ZN5lzham23lzham_lib_z_inflateInitEP14lzham_z_stream,0x84
0x2d9f10,_ZN27PurchaseSkinGroupOfferPopup18customButtonTappedEP10GameButtoni,0x14c
0x2da05c,_ZN12RenderTarget5beginEiiii,0x184
0x2da1e0,_ZN17LogicSkinConfData11setIdleAnimERK6String,0x14
0x2da1f4,_ZN6Sprite14touchCancelledEi,0x88
0x2da27c,_ZNK10GameObject7getTypeEv,0x10
0x2da28c,_ZNK20LogicCharacterServer16turnAngleTowardsEfif,0x84
0x2da310,_ZN21LogicProjectileServer19getModifiedPushbackEv,0x14
0x2da324,_ZN20LogicCharacterServer11tickMovePetEv,0x4
0x2da328,_ZN8Impostor9addObjectEP15sc3dWorldObject,0x1e0
0x2da508,_ZN19AllianceDataMessage6decodeEv,0x58
0x2da560,_ZN6icu_5822RuleBasedBreakIteratoraSERKS0_,0x11c
0x2da67c,_ZNK6scFile4seekEm,0x10
0x2da68c,_ZNKSt6__ndk110__function6__funcIZ59Java_com_supercell_titan_GoogleServiceClient_onSignInFailedP7_JNIEnvP7_jclassE3$_3NS_9allocatorIS6_EEFvvEE7__cloneEv,0x24
0x2da6b0,_ures_getKey_58,0xc
0x2da6bc,_ZN17LogicGamePlayUtil13scaleVectorToEiiiP12LogicVector2,0x54
0x2da710,_ZNK19LogicProjectileData21getDamagePercentStartEv,0x14
0x2da724,_ZN17TextFieldOriginalC2Ev,0x3c
0x2da760,_ZN12ShopItemAnimC2EP4ShopP8ShopItemi,0x1c4
0x2da924,_ZNK11FriendEntry9getLineIdEv,0x8
0x2da92c,_ZN11PlayerEntryC2Ev,0x1c
0x2da948,_ZNKSt6__ndk110__function6__funcIZ50Java_com_supercell_titan_GameApp_handleDeeplinkURLE3$_0NS_9allocatorIS2_EEFbvEE11target_typeEv,0xc
0x2da954,_ZNK23LogicCharacterClientOwn20isUsingUltiCurrentlyEv,0x48
0x2da99c,_ZN10ByteStream12setByteArrayEPci,0x30
0x2da9cc,_sub_2DA9CC,0x9c
0x2daa68,_ZNK17LogicSkinConfData14getMoveEffect2Ev,0x8
0x2daa70,_ZN9sc3dWorld14drawHierarchicEP15sc3dWorldObjectRK9xMatrix44S4_R11RenderQueuePNSt6__ndk16vectorIS1_NS7_9allocatorIS1_EEEE,0x34
0x2daaa4,_ZNK19LogicProjectileData22getChainTravelDistanceEv,0x8
0x2daaac,_ZN8Settings22setLastPlayedEventSlotEi,0x9c
0x2dab48,_ZN18UITabButtonHandler6handleEP5UICtxi,0x100
0x2dac48,_ZNSt6__ndk110__function6__funcIZN19SupercellIdCallback31setPendingRegistrationWithEmailEP8_jobjectRK6StringbE3$_9NS_9allocatorIS8_EEFvvEED2Ev,0x10
0x2dac58,_LzmaDec_DecodeToBuf,0x110
0x2dad68,_ZN9GameUtils7addLineER19DynamicVertexBufferI12VertexPosColERK7Vector3IfES7_,0x9c
0x2dae04,_ZNKSt6__ndk110__function6__funcIZN7GLImage6createEPKhi9ImageWrap11ImageFilterE3$_5NS_9allocatorIS7_EEFvvEE7__cloneEv,0x50
0x2dae54,_ZN19TeamSetEventMessageC2Ev,0x34
0x2dae88,_ZN11StringTable15stripLineBreaksERK6Stringb,0x17c
0x2db004,_ZN14FriendsManager17constructInstanceEv,0xac
0x2db0b0,_ZN4FontC2Ev,0x10
0x2db0c0,_ZN13BandMailPopup18customButtonTappedEP10GameButtoni,0x140
0x2db200,_ZN13LogicItemData16createReferencesEv,0x1034
0x2dc234,_ZN17TencentTermsPopup25hasPopupTermsBeenAnsweredEv,0x70
0x2dc2a4,_ZNK12LogicGlobals13getGlobalDataERK6String,0x10
0x2dc2b4,_ZNK14LogicPlayerMap10hasMapDataEv,0x10
0x2dc2c4,_ZNKSt6__ndk110__function6__funcIZN11scTaskQueue3runIZ62Java_com_supercell_titan_TitanWebView_shouldOverrideUrlLoadingE3$_0EENS_13invoke_resultIT_JEE4typeES6_EUlvE_NS_9allocatorIS9_EEFvvEE11target_typeEv,0xc
0x2dc2d0,_ZN14ChatStreamItemD0Ev,0xd0
0x2dc3a0,_ZN15LaserBoxManager10getWebViewEv,0x48
0x2dc3e8,_ZNK13LogicCardData13getBaseValue3Ev,0x58
0x2dc440,_ZN12BlurRenderer14setColorFilterEffffff,0x10
0x2dc450,_ZN11Application26setDeviceVerificationNonceEPKhm,0x58
0x2dc4a8,_ZN20LogicCharacterServer18tickAutoUltiChargeEv,0x4
0x2dc4ac,_ZN26QuickChatMessageOptionBase13buttonPressedEv,0x38
0x2dc4e4,_ZN8Databind16JSONOutReflector9endObjectEv,0xf0
0x2dc5d4,_ZN26MapEditorLegalWarningPopup17backButtonPressedEv,0x14
0x2dc5e8,_ZN9LogicUuid6decodeEP10ByteStream,0x48
0x2dc630,_ZN17HeroSwipeSelector15getSelectedHeroEv,0x80
0x2dc6b0,_ZNK23StarPointMigrationPopup12getPopupTypeEv,0x8
0x2dc6b8,_ZNK6icu_5815Normalizer2Impl13addCompositesEPKtRNS_10UnicodeSetE,0x130
0x2dc7e8,_Z23intersectPlane3fPlane3fRK8xPlane3fS1_R7Vector3IfES4_,0x110
0x2dc8f8,_ZN27LogicSelectCharacterCommandC2EPK18LogicCharacterData,0x34
0x2dc92c,_ZN4asio6detail17executor_function8completeINS0_7binder2IZN9Messaging7connectERK6StringS7_E3$_2NSt6__ndk110error_codeENS_2ip22basic_resolver_resultsINSB_3tcpEEEEENS9_9allocatorIvEEEEvPNS1_9impl_baseEb,0x130
0x2dca5c,_ZN30LookForATeamMemberConfirmPopupC2EP9EventData,0x33c
0x2dcd98,_ZN5tween6Linear8easeNoneEffff,0x10
0x2dcda8,_ZN19NotificationManager16destructInstanceEv,0x34
0x2dcddc,_ZN20StartSpectateMessage8destructEv,0x34
0x2dce10,_ZN11Application29appTrackingRequestUserConsentENSt6__ndk18functionIFvbEEE,0x3c
0x2dce4c,_ZN16DropGUIContainer11setGUIScaleEf,0x5c
0x2dcea8,_ZN27MatchMakingCancelledMessage8destructEv,0x4
0x2dceac,_ZN24DebugHudMessageCollectorD0Ev,0x90
0x2dcf3c,_ZN6icu_5815Normalizer2Impl7combineEPKti,0xd4
0x2dd010,_ZN17AnimationInstanceD0Ev,0x84
0x2dd094,_ZN13LogicConfData16getTimedIntValueEi,0x38
0x2dd0cc,_ZN15LogicJSONHelper7getBoolEPK15LogicJSONObjectRK6String,0x20
0x2dd0ec,_ZN18PurchaseOfferPopup14setupOfferDescEP9TextFieldPK13LogicGemOffer,0x7e0
0x2dd8cc,_ZN14DataLoaderSC3DC2Ev,0x94
0x2dd960,_ZNK29JoinAllianceUsingTokenMessage14getMessageTypeEv,0x8
0x2dd968,_ZNK12LoginMessage9getRndKeyEv,0x8
0x2dd970,_ZN17LogicLocalization13destroyTablesEv,0x15c
0x2ddacc,_ZNK9MovieClip11getDurationEv,0x18
0x2ddae4,_ZN21LogicJSONOutReflector11reflectLongExPKcx,0xa0
0x2ddb84,_ZN15EffectManager2DD2Ev,0x9c
0x2ddc20,_ZNK14TencentManager31isWaitingForBindMessageResponseEv,0x20
0x2ddc40,_ZN30StartLatencyTestRequestMessage18getServiceNodeTypeEv,0x8
0x2ddc48,_ZN18LogicMapEditorMode23setEventModifierEnabledEib,0x31c
0x2ddf64,_ZN27LogicClaimTailRewardCommand20getEarnedRewardCountEPK13LogicHomeModeiii,0xa8
0x2de00c,_ZNK14TencentManager9isFriendsEP9LogicLong,0x78
0x2de084,_ZN21LogicProjectileClient16getInitialZSpeedEiiii,0x3c
0x2de0c0,_ZN12RenderSystem20activateHitAnimationEiibb,0x44
0x2de104,_ZN20SelectableButtonListD0Ev,0x44
0x2de148,_ZN6FilterD2Ev,0x10
0x2de158,_ZN11LogicPlayer19objectivesRecoveredEi,0xc
0x2de164,_ZNK25LogicDiamondsAddedCommand6encodeEP15ChecksumEncoder,0x8c
0x2de1f0,_ZN12DeleteScreenD0Ev,0x4c
0x2de23c,_ZNK19LogicProjectileData16getBouncePercentEv,0x10
0x2de24c,_ZN12NSCIDManager18handleNotificationERK6String,0x8
0x2de254,_ZN12LoginMessage12setAccountIdEP9LogicLong,0x8
0x2de25c,_ZN16GameStateManager19exitAndDestroyStateEPP9GameState,0x60
0x2de2bc,_ZNK20LogicCharacterServer22getRapidFireProjectileEv,0x8
0x2de2c4,_ZN15LogicDataTables10getItemForEPK18LogicCharacterDatai,0xc4
0x2de388,_ZNK25UnbindKakaoAccountMessage14getMessageTypeEv,0x8
0x2de390,_ZN31LogicTransactionsRevokedCommand6decodeEP10ByteStream,0x38
0x2de3c8,_ZNK18TextFieldWithLinks27getSourceTextCharacterIndexEi,0xe0
0x2de4a8,_ZN12jpeg_decoder17check_huff_tablesEv,0x438
0x2de8e0,_ZNSt6__ndk110__function6__funcIZN11AndroidMain16onSurfaceCreatedEP13ANativeWindowE3$_0NS_9allocatorIS5_EEFvvEE18destroy_deallocateEv,0x4
0x2de8e4,_hb_ot_layout_get_glyph_class,0x1a0
0x2dea84,_ZNK24LogicBillingPackagesData11getLabelTIDEv,0x8
0x2dea8c,_ZN8HomePage15setTextToButtonERK6StringS2_,0xac
0x2deb38,_ZN12BattleScreen17sendGoHomeMessageEbbPKb,0xd4
0x2dec0c,_u_strFindFirst_58,0x34c
0x2def58,_ZN11StringTable20stripUnsupportedTextERK6String,0x1a8
0x2df100,_ZN6icu_5821locale_available_initEv,0x10c
0x2df20c,_ZN16ServerConnection10getAccountENS_10ServerTypeE,0x20
0x2df22c,_ZN26BindFacebookAccountMessage8setForceEb,0xc
0x2df238,_ZN9BitStream12readIntMax15Ev,0x134
0x2df36c,_ZL17findFirstExistingPKcPcPaS2_S2_P10UErrorCode,0x120
0x2df48c,_ZN17LogicAvatarChange6decodeEP10ByteStream,0x4
0x2df490,_ZN8GameMain17openAppRateDialogEv,0x18c
0x2df61c,_ZN30AskForFriendSuggestionsMessage18getServiceNodeTypeEv,0x8
0x2df624,_unorm2_getCombiningClass_58,0xc
0x2df630,_ZN6icu_5811Normalizer214getNFCInstanceER10UErrorCode,0xbc
0x2df6ec,_ZN18sc3dPanPinchCamera24setCenterZRetainPositionEf,0x2f4
0x2df9e0,_ZNK20CreatePlayerMapPopup24getChosenEnvironmentDataEv,0x24
0x2dfa04,_ZN27LogicPlayerRankedSeasonData13addRewardDataEP21LogicPlayerRewardData,0x13c
0x2dfb40,_ZN21LogicJSONOutReflector11beginObjectEPKc,0x88
0x2dfbc8,_ZN9Messaging7connectEPKcS1_,0x5c
0x2dfc24,_ZNK14LogicPlayerMap10getBattlesEv,0x8
0x2dfc2c,_ZN16BufferedReadFile8readByteEv,0x24
0x2dfc50,_ZN20LogicCharacterServer13tickCarryableEv,0x4
0x2dfc54,_Z5tohexRKNSt6__ndk16vectorISt4byteNS_9allocatorIS1_EEEE,0xb4
0x2dfd08,_ZNK15LogicLocaleData9isEnabledEv,0x8
0x2dfd10,_ZN11Application29appTrackingRequestUserConsentEv,0x4
0x2dfd14,_ZN14HelpshiftTitan19setCustomIssueFieldERK6StringS2_S2_,0xc4
0x2dfdd8,_u_strncmpCodePointOrder_58,0x18
0x2dfdf0,_ZNK12LogicRewards12containsSkinEPK13LogicSkinData,0x7c
0x2dfe6c,_ZN16NameChangeScreen13buttonClickedEP12CustomButton,0x138
0x2dffa4,_ZL25override_features_myanmarP21hb_ot_shape_planner_t,0x18
0x2dffbc,_ZNK19LogicProjectileData16getNumEarlyTicksEv,0x8
0x2dffc4,_ZN11VanityItems8destructEv,0xcc
0x2e0090,_ZN22KeepAliveServerMessage6encodeEv,0x4
0x2e0094,_ZN20LogicCharacterServer12ultiDisabledEv,0x8
0x2e009c,_ZNKSt6__ndk110__function6__funcIZ68Java_com_supercell_titan_PurchaseManager_updateBillingProductDetailsP7_JNIEnvP7_jclassP8_jstringS7_iE3$_0NS_9allocatorIS8_EEFvvEE7__cloneEv,0x40
0x2e00dc,_ZN5titan7android7content6Intent7getDataEv,0x7c
0x2e0158,_ZN6icu_5823ICULanguageBreakFactory12getEngineForEii,0x14c
0x2e02a4,_ZN10Projectile6updateEf,0x184c
0x2e1af0,_ZNSt6__ndk110__function6__funcIZ68Java_com_supercell_titan_PurchaseManager_updateBillingProductDetailsP7_JNIEnvP7_jclassP8_jstringS7_iE3$_0NS_9allocatorIS8_EEFvvEEclEv,0xc8
0x2e1bb8,_ZN9DebugMenu20recentButtonsUpdatedEv,0xc
0x2e1bc4,_ZN10HomeScreen15hideLoadingIconEv,0x40
0x2e1c04,_ZN20LogicJSONInReflector22reflectNextReflectableEP16LogicReflectablei,0x13c
0x2e1d40,_ZN12RenderSystem11replaceTileEPK13LogicTileDataii,0x168
0x2e1ea8,_ZN17OnlineTeamupPopup23inviteBlockStateChangedEv,0x54
0x2e1efc,_ZN8RankItem9getRewardEv,0x58
0x2e1f54,_ZN14BrawlPassPopup11createRanksEv,0xe7c
0x2e2dd0,_ZN16GameStateManager17hideLoadingScreenEv,0x5c
0x2e2e2c,_ZN24LogicExpressionEvaluator8parseAndEv,0x350
0x2e317c,_ZN17TencentLoginState15dialogDidCancelEi,0x1c
0x2e3198,_ZNK11LogicAvatar20getAccountBoundFlagsEv,0x8
0x2e31a0,_ZN26OfferPurchaseQuestionPopupC2EiP9PopupBase,0x33c
0x2e34dc,_ZN5lzham12lzcompressor5resetEv,0x108
0x2e35e4,_ZN28UnbindFacebookAccountMessage18getServiceNodeTypeEv,0x8
0x2e35ec,_ZNK10UdpMessage6encodeEP10ByteStream,0xa0
0x2e368c,_utext_openUTF8_58,0xc0
0x2e374c,_ZNK20LogicCharacterServer36getClosestProjectileFlyingAgainstYouEi,0x148
0x2e3894,_ZN8LogicMD5C2ERK6String,0x78
0x2e390c,_ZN16NameChangeScreen6updateEf,0xbc
0x2e39c8,_ZN13DebugMenuBaseD2Ev,0x298
0x2e3c60,_ZNK21FriendLoggedInMessage14getMessageTypeEv,0x8
0x2e3c68,_ZN12scFilesystem14unloadPackfileERKNSt6__ndk112basic_stringIcNS0_11char_traitsIcEENS0_9allocatorIcEEEE,0x3d8
0x2e4040,_ZN15GameSCIDManager4initEv,0x2d8
0x2e4318,_Rescale,0x3d8
0x2e46f0,_ZN18TextFieldWithLinks13handleClickAtEff,0xe4
0x2e47d4,_ZN8HomePage15isPvpTeamVsTeamEv,0x84
0x2e4858,_ZN8HomePage29refreshSelectedEventProLeagueEb,0x18c
0x2e49e4,_ZNK21LogicTutorialStepData17getSpawnCharacterEv,0x10
0x2e49f4,_ZN8GameMain16setHomeFrameRateEv,0xc
0x2e4a00,_ZN21LogicJSONOutReflector16reflectStringPtrEP6StringPKc,0xac
0x2e4aac,_ZNK39LogicAccountTransferCodeResponseMessage14getMessageTypeEv,0x8
0x2e4ab4,_ZN22StarPointsNotification6decodeEP10ByteStream,0x19c
0x2e4c50,_ZN19LogicRawInReflector13reflectObjectEPKc,0x48
0x2e4c98,_ZN12LogicVersion9isNdaClubEv,0x8
0x2e4ca0,_ubidi_getPairedBracketType_58,0x94
0x2e4d34,_ZL16init_resb_resultPK12ResourceDatajPKciP18UResourceDataEntryPK15UResourceBundleiPS6_P10UErrorCode,0x72c
0x2e5460,_ZNK20GoogleServiceManager26isLoggedInWithWrongAccountEv,0x40
0x2e54a0,_ZNK18LogicCharacterData18hasDeathAreaEffectEv,0x10
0x2e54b0,_ZN14StreamItemList20resolveFirstNewEntryEv,0x140
0x2e55f0,_ZN8ValueRefD2Ev,0xac
0x2e569c,_ZN8Databind15JSONInReflector12reflectArrayEiRK6String,0x70
0x2e570c,_ZN8InStream7readI16Ev,0xc8
0x2e57d4,_ZN18CryptoErrorMessage6encodeEv,0x28
0x2e57fc,_ZNK9Messaging11isConnectedEv,0x24
0x2e5820,_ZN11DragHandler8scrollToEffff,0x28
0x2e5848,_ZN14FriendsManager15getFriendStatusEPK9LogicLong,0x78
0x2e58c0,_ZNK14LogicMusicData18getDurationSecondsEi,0x18
0x2e58d8,_ZNK13LogicCardData18getPowerNumber2TIDEv,0x10
0x2e58e8,_ZNK31LogicTransactionsRevokedCommand6encodeEP15ChecksumEncoder,0x34
0x2e591c,_ZNK4Rect6getMidEi,0x2c
0x2e5948,_ZN21TeamReportChatMessage19setReportedAvatarIdEP9LogicLong,0x8
0x2e5950,_ZN5titan7android7content3res12AssetManagerC2EP8_jobject,0xbc
0x2e5a0c,_ZL10free_langsv,0x40
0x2e5a4c,_ZN22UdpSingleMessagePacketC2Ev,0x8
0x2e5a54,_lzham_z_adler32,0x4
0x2e5a58,_ZNK18LogicCharacterData15getReloadEffectEv,0x8
0x2e5a60,_ZN15LogicDataTables8getAddonEPK13LogicCardData,0x8c
0x2e5aec,_ZN13DisplayObject12setBlendModeEi,0x14
0x2e5b00,_ZNK17LogicLocationData17hasBannerOverrideEv,0x58
0x2e5b58,_ZN34JoinAllianceUsingInvitationMessageC2Ei,0x30
0x2e5b88,_ZN14CommandStorage15commandExecutedEP12LogicCommand,0x13c
0x2e5cc4,_ZN19LogicAreaEffectData41getStringValueForSkinFromParentAreaEffectEi,0x18
0x2e5cdc,_ZN9sc3dWorld11resetLayersEv,0x38
0x2e5d14,_ZN13LogicHomeMode29getCurrentSecondsFromDayIndexEi,0x10
0x2e5d24,_ZN11SoundSystem14isPlayingMusicEv,0xa8
0x2e5dcc,_ZN13BattleLogItem6updateEf,0x8
0x2e5dd4,_ZN18LoginFailedMessage16removeContentURLEv,0x10
0x2e5de4,_ZN10FriendItemC2EP13FriendsScreenibb,0x190
0x2e5f74,_ZN31CafeBazaarBillingRequestMessage9setProdIDERK6String,0x8
0x2e5f7c,_ZN23IAPDeliveryNotification6decodeEP10ByteStream,0x38
0x2e5fb4,_ZN8Databind16JSONOutReflector15reflectIntArrayER14LogicArrayListIiERK6String,0x104
0x2e60b8,_ZN16ResourceListenerD2Ev,0xe8
0x2e61a0,_ZN9HTTPQueue11setListenerEP17HTTPQueueListener,0x8
0x2e61a8,_ZN10PlayerInfo17refreshPlayerNameEv,0x100
0x2e62a8,_ZNK8Settings16getRankedSortingEv,0xd8
0x2e6380,_ZN14BattleLogEntryC2EP10ByteStream,0x4b4
0x2e6834,_ZN14DataLoaderJSON4loadEPKcS1_RKNSt6__ndk15arrayIiLm4EEE,0x190
0x2e69c4,_ZN19BattleLogPlayerItemD2Ev,0x4c
0x2e6a10,_ZN19AllianceHeaderEntry15setAllianceNameEP6String,0x8
0x2e6a18,_ZN23RankedRewardsTrackPopup10clearItemsEv,0x120
0x2e6b38,_ZN22ShutdownStartedMessage6decodeEv,0x2c
0x2e6b64,_ZNK6String6equalsEPKc,0x3c
0x2e6ba0,_Z27getClosestPointRay3fSegmentRK7Vector3IfES2_RK9Segment3fRfS6_,0xfc
0x2e6c9c,_ZNK24LogicParticleEmitterData13getStartScaleEv,0x10
0x2e6cac,_ZN8HomePage30setUpDefaultButtonNotificationERK6Stringiib,0x110
0x2e6dbc,_ZN15VanityItemEntry6getIntEi,0x4c
0x2e6e08,_ZN6icu_5822UCharCharacterIterator4lastEv,0x2c
0x2e6e34,_ZN5Stage12setPointSizeEf,0x3c
0x2e6e70,_ZNK9ClanPopup9getStreamEv,0x4
0x2e6e74,_ZNK18LogicAccessoryData19getTargetTooFarTextEv,0x10
0x2e6e84,_ZN24ClientCryptoErrorMessageC2Ev,0x34
0x2e6eb8,_ZNK12RenderSystem14isSameTileTypeEPK13LogicTileDataiibb,0xb8
0x2e6f70,_ZL14getNumericTypeRK11IntPropertyi9UProperty,0x4c
0x2e6fbc,_ZN13ListContainer23addEntryAfterSeparator2EP13DisplayObject,0x13c
0x2e70f8,_ZNK3GUI11getNewsPageEv,0x98
0x2e7190,_ZN35AddFriendByAvatarNameAndCodeMessageC2Ei,0x30
0x2e71c0,_ZNSt6__ndk110__function6__funcIZN19SupercellIdCallback24setPendingLoginWithPhoneEP8_jobjectRK6StringbE3$_8NS_9allocatorIS8_EEFvvEE18destroy_deallocateEv,0x28
0x2e71e8,_ZNK21AddableFriendsMessage14getMessageTypeEv,0x8
0x2e71f0,_ZN8Databind23NlohmannJsonInReflector15getNextIntArrayEP14LogicArrayListIiE,0x388
0x2e7578,_ZN16AllianceWarPopup12destroyItemsEv,0xec
0x2e7664,_ZN10ScrollArea25includeTrailingEmptySpaceEb,0xc
0x2e7670,_ZN12GUIContainer9addButtonEPKcb,0x1b0
0x2e7820,_ZN33TencentCheckCanPayResponseMessage18removeInstructionsEv,0x10
0x2e7830,_ZNKSt6__ndk110__function6__funcIZN8TestCase13getStageWidthEvE4$_10NS_9allocatorIS3_EEFivEE6targetERKSt9type_info,0x1c
0x2e784c,_ZN9Animation27setHierarchicalBonePriorityERK6Stringi,0xf8
0x2e7944,_ZN11TeamManager18findANewTeamMemberEv,0xb4
0x2e79f8,_ZNK9HeroPopup18getTopMarginHeightEv,0x4
0x2e79fc,_ZN14BattleEndPopup9setBGAnimEP18SequencedExecution,0x4
0x2e7a00,_ZN19CachedFontFormatter13getLineLengthEv,0x18
0x2e7a18,_ZN14UdpLaserSocket6updateEffP25IUdpSocketMessageListener,0x374
0x2e7d8c,_ZNK9TeamPopup14isFriendlyTvstEv,0x9c
0x2e7e28,_ZN15LogicDataTables27getArchivedSkinCampaignDataEv,0xc
0x2e7e34,_ZNK14LogicJSONArray22writeToFormattedStringEP13StringBuilderRK6String,0x134
0x2e7f68,_ZNK24LogicParticleEmitterData23getParticleMinVelocityZEv,0x10
0x2e7f78,_ZN13LoadingScreen14touchCancelledEi,0x4
0x2e7f7c,_ZN25DeviceLinkEnterCodeScreenD2Ev,0x70
0x2e7fec,_ZN8Shader3DD2Ev,0x38
0x2e8024,_ZN15VanityItemEntryC2EP10ByteStream,0x1bc
0x2e81e0,_ZN27HomeBattleReplayDataMessage30removeCompressedReplayDataJSONEv,0x14
0x2e81f4,_ZN15MovieClipHelper24setAndScaleMultilineTextEP9TextFieldRK6String,0x34
0x2e8228,_deflateSetDictionary,0x214
0x2e843c,_ZN9Messaging15sendPepperLoginEv,0x98
0x2e84d4,_sub_2E84D4,0x38
0x31613c,_ZNSt6__ndk110__function6__funcIZN11scTaskQueue3runIZN8TestCase9touchDownEP13DisplayObjectE4$_14EENS_13invoke_resultIT_JEE4typeES9_EUlvE_NS_9allocatorISC_EEFvvEEclEv,0x40
0x31617c,_ZNK9Animation16getAnimationTimeEv,0x54
0x3161d0,_ZN15LogicDataTables13getSkinByNameERK6StringPK9LogicData,0x20
0x3161f0,_ZL14isPOSIX_xdigitRK14BinaryPropertyi9UProperty,0x8
0x3161f8,_ZN9EntryInfo10getSlotTidEi,0x2c
0x316224,_ZN12GameSettings11enableMusicEbb,0x7c
0x3162a0,_ZN12ShopItemAnim19startEntryAnimationEv,0xb0
0x316350,_ZN15PendingTeamItem18refreshInviteEntryEPK15TeamInviteEntry,0xc8
0x316418,_ZN14TitanOutStream8writeI32Ei,0x10
0x316428,_ZN7PageGUID0Ev,0xa0
0x3164c8,_ZNK15LogicLocaleData16getFaqAndroidUrlEv,0x68
0x316530,_ZNK15LogicEffectData7getLoopEv,0x8
0x316538,_ZN18DecoratedTextFieldD0Ev,0x48
0x316580,_ZN15DownloadManager14removeListenerEP20FileDownloadListener,0x30
0x3165b0,_ZL7sprintfPcU17pass_object_size1PKcz.12611,0x78
0x316628,_ZNK6CSVRow15getClampedValueERK6Stringi,0x88
0x3166b0,_ZN9MovieClip11setLooppingEb,0x20
0x3166d0,_ZN9PopupBase13touchReleasedERK5Touch,0x18
0x3166e8,_ZNK19SelectLocationPopup17showOnlinePlayersEv,0x10
0x3166f8,_ZN11SocialPopup17backButtonPressedEv,0xc
0x316704,_ZN14AllianceSearchD2Ev,0x140
0x316844,_ZN6icu_5819LanguageBreakEngineD0Ev,0x4
0x316848,_ZN13SimpleWebview13buttonClickedEP12CustomButton,0x34
0x31687c,_XzCheck_Final,0x64
0x3168e0,_uprv_malloc_58,0x34
0x316914,_ZNK14LogicMapLoader21dynamicCodeToTileDataEi,0x9c
0x3169b0,_ZN10GameButton12createButtonEP9MovieClipRK6StringP15IButtonListener,0x1b0
0x316b60,_ZL11renderWorldP9sc3dWorldR11RenderQueuePK13SceneUniformsRK14ColorTransform.377,0x218
0x316d78,_Bt3Zip_MatchFinder_GetMatches,0x24c
0x316fc4,_ZThn8_N10SCTuneImpl12onDisconnectEP10Connection,0x24
0x316fe8,_ZNK19LogicProjectileData11attractsPetEv,0x8
0x316ff0,_ZNK15LogicLocaleData15getLanguageCodeEv,0x18
0x317008,_ZN15ResourceManager23isCompressedCVSsEnabledEv,0xc
0x317014,_ZNK18DoubleClickChecker4getXEv,0x8
0x31701c,_ZN22SettingsLanguageScreen17backButtonPressedEv,0xc
0x317028,_ZNK8CSVTable5cloneEv,0x270
0x317298,_ZN13LogicLinkData8destructEv,0x28
0x3172c0,_ZN21LogicJSONOutReflector40reflectReflectableReferenceArrayInternalER17LogicIntArrayListR14LogicArrayListIP16LogicReflectableEPKci,0x48
0x317308,_ZN12GUIContainer12createButtonEv,0x2c
0x317334,_ZNK15LogicJSONNumber5cloneEv,0x5c
0x317390,_ZN16HelpshiftManager16showConversationEv,0x28
0x3173b8,_ZN9InitState9initFontsEv,0x420
0x3177d8,_ZN15OfferBundleItem22resetBillingCheckTimerEv,0x8
0x3177e0,_ZN13DebugMenuBase6updateEf,0x94
0x317874,_ZN12SupercellSWF4loadERK6StringbS2_bS2_b,0x130
0x3179a4,_ZNK29LogicReflectableReferenceBase5getIdEv,0x8
0x3179ac,_ZN6Screen19setSafeMarginBottomEj,0xc
0x3179b8,_ZN20LogicRawOutReflector21reflectObjectOptionalEPKcb,0x60
0x317a18,_ZN19NotificationMessageC2Ei,0x30
0x317a48,_ZN15AllianceManager17isCurrentAllianceEPK9LogicLong,0x48
0x317a90,_ZN6StringD2Ev,0x38
0x317ac8,_ZN9TextInput9okPressedEv,0x4
0x317acc,_ZN13LogicConfData21getFutureEventForSlotEi,0x38
0x317b04,_ZN19GameSCIDAvatarImageC2E6String,0x4c
0x317b50,_ZN6icu_5815UnhandledEngine15handleCharacterEii,0xbc
0x317c0c,_ZNSt6__ndk110__function6__funcIZ43Java_com_supercell_titan_Kakao_inviteResultE3$_2NS_9allocatorIS2_EEFvvEE7destroyEv,0x8
0x317c14,_ZN12SBMAnimationC2Ev,0x10
0x317c24,_ZN6icu_5813UnicodeStringC2EPKci,0x6c
0x317c90,_ZN18FacebookConnection21triggerOpenGraphStoryERK6StringS2_S2_,0x4
0x317c94,_ZN8DataIconD2Ev,0x5c
0x317cf0,_ZN10BitmapFont15BitmapFormatter13getTextHeightEv,0x124
0x317e14,_utext_getPreviousNativeIndex_58,0x1e8
0x317ffc,_ZN16GameObjectSprite12setMovieClipEP9MovieClip,0x50
0x31804c,_ZN4Shop28isPaymentBlockedByGuestLoginEv,0x58
0x3180a4,_ZNSt6__ndk110__function6__funcIZN19SupercellIdCallback19setTutorialCompleteEP8_jobjectE4$_11NS_9allocatorIS5_EEFvvEEclEv,0x8
0x3180ac,_ZN24LoginUsingSessionMessage22setFacebookAccessTokenEP6String,0x8
0x3180b4,_ZN17HighRateUdpPacket6decodeEPvPKciP19LogicMessageFactory,0x450
0x318504,_ZNSt6__ndk17__sort4IRZN19EnvironmentRenderer6renderER9Matrix2x3R14ColorTransformifE4$_10PNS1_9CharacterEEEjT0_SA_SA_SA_T_,0x2a4
0x3187a8,_ZN15LogicStringUtil11strHexToIntERK6String,0x22c
0x3189d4,_ZNK33SCIDLogoutAllDevicesResultMessage14getMessageTypeEv,0x8
0x3189dc,_udata_checkCommonData_58,0xf8
0x318ad4,_ZN34FacebookAccountAlreadyBoundMessage13setFacebookIdEP6String,0x8
0x318adc,_ZNK12BattleScreen22getTrajectoryIndicatorERP6Sprite,0xc
0x318ae8,_ZN18OwnHomeDataMessage23removeLogicClientAvatarEv,0x10
0x318af8,_ZN14AssetReference10setAddressERK6String,0x30
0x318b28,_ZN16RotateHeroButtonD2Ev,0x30
0x318b58,_ZN12LocationItem20autoSelectEventMode2Ev,0x4
0x318b5c,_ZN10UrlBuilder11buildMailtoERK6StringS2_S2_,0xd8
0x318c34,_ZN10EmotePanelD2Ev,0x170
0x318da4,_ZN38BrawlPassAutoCollectSeasonNotification9addRewardEP13LogicGemOffer,0x13c
0x318ee0,_ZN22ClientContentValidator18validateExportNameERK6StringS2_PK9LogicData,0x18c
0x31906c,_ZNKSt6__ndk110__function6__funcIZN11AndroidMain15recreateSurfaceEvE3$_4NS_9allocatorIS3_EEFvvEE7__cloneEv,0x24
0x319090,_ZN12CsvPatchData9clearDataEv,0x1b8
0x319248,_ZN10ByteStream10writeInt24Ei,0xbc
0x319304,_ZNK19AvatarStreamManager18getEntryByStreamIdEP9LogicLong,0x78
0x31937c,_ZNK30UpdatePlayerMapResponseMessage8getMapIdEv,0x8
0x319384,_ZN10EmotePanel6updateEf,0x10
0x319394,_ZN15LogicDataTables19getSuddenDeathMusicEv,0xc
0x3193a0,_ZNSt6__ndk110__function6__funcIZN19SupercellIdCallback28donationReceivedNotificationEP8_jobjectS4_E4$_25NS_9allocatorIS5_EEFvvEED0Ev,0x58
0x3193f8,_ZNK15LogicLocaleData28getLaserboxEsportsStagingUrlEv,0x48
0x319440,_ZN18ClientHelloMessage13setDeviceTypeEi,0x8
0x319448,_ZN6icu_5810UnicodeSet11getSingleCPERKNS_13UnicodeStringE,0x70
0x3194b8,_ZN9Messaging11drainQueuesEv,0x140
0x3195f8,_ZN9Character11startEffectEiiiiPK15LogicEffectData,0xa0
0x319698,_ZN13DebugMenuBase11onTextInputEP10GameButtonRK6String,0x4
0x31969c,_ZN17LocalNotification15addNotificationERK6StringiS2_,0x254
0x3198f0,_ZN5titan3com6google7android4play4core6review13ReviewManager17requestReviewFlowEv,0x7c
0x31996c,_ZNK18LogicCarryableData17getThrowOverWallsEv,0x10
0x31997c,_ZN5Scene13addControllerEP4MeshP4NodeP8Geometry,0x228
0x319ba4,_ZNK20scCryptoStreamFilter15getMemoryHandleEv,0x60
0x31fb18,_ZN5tween7Elastic9easeInOutEffff,0x134
0x31fc4c,_ZN14GameInputField16refreshEmptyTextEv,0xb0
0x31fcfc,_ZL26caseBinaryPropertyContainsRK14BinaryPropertyi9UProperty,0x1c
0x31fd18,_ZN27DonationReceivedStreamEntry6decodeEP10ByteStream,0x38
0x31fd50,_ZNSt6__ndk110__function6__funcIZN11AndroidMain14inputOkPressedEvE4$_12NS_9allocatorIS3_EEFvvEED0Ev,0x4
0x31fd54,_ZN9TeamEntry11setLocationEPK17LogicLocationData,0x44
0x31fd98,_ZN17UITextFieldGetterD2Ev,0x68
0x31fe00,_ZN9sc3dWorld18setRenderToTextureEbPK9xMatrix44S2_ffffii,0xf8
0x31fef8,_ZNK13LogicItemData24shouldUseGeneratedShadowEv,0x10
0x31ff08,_ZN6icu_5817CharacterIteratorC2Eii,0x48
0x31ff50,_ZNSt6__ndk110__function6__funcIZN12scFilesystem12layerRemovedERKNS_10shared_ptrI17scAbstractFSLayerEEE3$_3NS_9allocatorIS8_EEFvPNS2_9IListenerEEED0Ev,0x64
0x31ffb4,_ZNK24LoginUsingSessionMessage14getMessageTypeEv,0x8
0x31ffbc,_ZN15GameSCIDManager17clearAvatarImagesEv,0x100
0x3200bc,_ZN6CSVRow7setNameERK6String,0x14
0x3200d0,_ZN15VanityItemEntry12getPropCountEv,0x18
0x3200e8,_ZNK18LogicCharacterData11getGreenAddEv,0x10
0x3200f8,_ZN15MapEditorScreen6updateEff,0x9d4
0x320acc,_ZN5lzham13prefix_coding23generate_decoder_tablesEjPKhPNS0_14decoder_tablesEj,0x448
0x320f14,_ZN13LoadingScreen18getCNSplashWarningEv,0xec
0x321000,_ZN6icu_587UMemorynaEm,0x4
0x321004,_ZN15AllianceManager17deleteWarFactionsEv,0x90
0x321094,_ZN3GUI6updateEf,0x3a4
0x321438,_ZNSt6__ndk110__function6__funcIZN11AndroidMain10_gameStartEvE4$_14NS_9allocatorIS3_EEFvvEE18destroy_deallocateEv,0x4
0x32143c,_ZN8Databind18DatabindObjectNode25findObjectNodeForInstanceEPv,0xb0
0x3214ec,_ZN15EffectManager2D6renderER9Matrix2x3R14ColorTransformif,0x334
0x321820,_ZN4asio6detail17executor_function4implINS0_7binder2INS0_7read_opINS_19basic_stream_socketINS_2ip3tcpENS_15any_io_executorEEENS_17mutable_buffers_1EPKNS_14mutable_bufferENS0_14transfer_all_tEZZN9Messaging15startSocketReadERKNSt6__ndk110shared_ptrIvEEENK3$_3clERKNSG_10error_codeEmEUlSO_mE_EESM_mEENSG_9allocatorIvEEE3ptr5resetEv,0xf4
0x321914,_ZN6icu_5811LocaleBased12setLocaleIDsEPKcS2_,0x54
0x321968,_hb_blob_reference,0x1c
0x321984,_ZN10PlayerInfo16canEditThumbnailEv,0x50
0x3219d4,_ZN19StopSpectateMessage6decodeEv,0x4
0x3219d8,_ZNK15LogicEffectData17getShakeScreenOwnEv,0x8
0x3219e0,_ZNKSt6__ndk110__function6__funcIZN19SupercellIdCallback12setShopItemsEP8_jobjectP13_jobjectArrayS6_S6_E4$_21NS_9allocatorIS7_EEFvvEE7__cloneEPNS0_6__baseISA_EE,0x30
0x321a10,_ZN12GemOfferItem20afterSizeCalculationEv,0x24
0x321a34,_ZNKSt6__ndk110__function6__funcIZZN11AndroidMain18onSurfaceDestroyedEvENK3$_2clEvEUlvE_NS_9allocatorIS4_EEFvvEE7__cloneEv,0x38
0x321a6c,_ZN27YoozooBillingRequestMessage10setOrderIdERK6String,0x8
0x321a74,_ZNK14LogicSkillData19getMsBetweenAttacksEv,0x10
0x321a84,_Java_com_supercell_titan_GameApp_nSetAntiCheatStatus,0x48
0x321acc,_ZN11AndroidMain7onFocusEv,0x4
0x321ad0,_ZN14BrawlPassPopup7refreshEbii,0xd38
0x322808,_ZN14LogicPlayerMap34setLastUpdateTimeSecondsSinceEpochEx,0x8
0x322810,_ZN6icu_5818ComposeNormalizer2D0Ev,0x24
0x322834,_ZNK37YoozooBillingProcessedByServerMessage9getProdIdEv,0x8
0x32283c,_ZN11TeamManager32shareInviteAndCreateTeamIfNeededEv,0x48
0x322884,_Z9set_flagsP7ifaddrs,0x9c
0x322920,_ZNK13LogicHomeMode7getTickEv,0x8
0x322928,_ZN19NotificationMessage15getNotificationEv,0x8
0x322930,_ZNSt6__ndk110__function6__funcIZN19SupercellIdCallback29purchasesReceivedNotificationEP8_jobjectP13_jobjectArrayE4$_26NS_9allocatorIS7_EEFvvEED0Ev,0x4
0x322934,_ZNK25DeviceLinkEnterCodeScreen18getEnteredLinkCodeEv,0x8
0x32293c,_ZN26LogicRankedMatchRoundState26setUnlockedSeasonEndRewardEP21LogicRankRewardConfig,0x48
0x322984,_ZN13UdpSendBufferC2Ev,0x24
0x3229a8,_utrie_get32_58,0x64
0x322a0c,_ZN17FriendRequestItem13buttonClickedEP12CustomButton,0xf4
0x322b00,_ZN25LineAccountUnboundMessage6encodeEv,0x4
0x322b04,_ZL35hb_font_get_glyph_contour_point_nilP9hb_font_tPvjjPiS2_S1_,0x10
0x322b14,_ZNKSt6__ndk110__function6__funcIZN11Application20getAdvertiserIDAsyncEvE3$_2NS_9allocatorIS3_EEFNS_4pairIb6StringEEvEE11target_typeEv,0xc
0x322b20,_ZNK17LogicGameCalendar7getYearEv,0x8
0x322b28,_ZN10NativeFont15NativeFormatter5resetEv,0x64
0x322b8c,_ZN5Stage22setCustomDefaultShaderEiP6Shader,0x288
0x322e14,_ZNSt6__ndk110__function6__funcIZN7GLImage6createEiiiPKh9ImageWrap11ImageFilterE3$_7NS_9allocatorIS7_EEFvvEED0Ev,0x4
0x322e18,_ZNSt6__ndk110__function6__funcIZN32NativeFacebookConnectionCallback18receivedAppRequestERK6StringE3$_4NS_9allocatorIS6_EEFvvEE7destroyEv,0x34
0x322e4c,_ZN18sc3dPanPinchCamera17scrollToWithSpeedEfffff,0xc4
0x322f10,_ZN15ResourceManager13getJSONObjectEPKc,0x6c
0x322f7c,_ZNK31PublishPlayerMapResponseMessage8getMapIdEv,0x8
0x322f84,_ZN25EventSuggestionStreamItem6updateEf,0xc8
0x32304c,_ZN11TeamManager13resolveStatusEv,0x258
0x3232a4,_ZN15LeaderboardPageD0Ev,0x154
0x3233f8,_ZN21LogicPlayerRewardData8destructEv,0x4c
0x323444,_ZN6icu_5821RuleCharacterIteratorC2ERKNS_13UnicodeStringEPKNS_11SymbolTableERNS_13ParsePositionE,0x10
0x323454,_uloc_getScript_58,0xd0
0x323524,_ZThn96_N11SocialPopup13buttonClickedEP12CustomButton,0x8
0x32352c,_ZN12KakaoManager21loginQuestionAnsweredEb,0x1c
0x323548,_ZN18LogicGatchaCommand14getGatchaCountEP13LogicConfDatai,0x30
0x323578,_ZNK8GameMain20getFrameBufferHandleEv,0x8
0x323580,_ZNK7SCWFile15initializeBonesEP9Animation,0x358
0x3238d8,_ZNK12BattleScreen16logicToScreenNewEiiiRfS0_,0x164
0x323a3c,_ZN15LogicDataTables25getLaserBallEffectFlyHighEv,0xc
0x323a48,_ZNK10NativeFont13getMarginLeftEv,0x8
0x323a50,_ZN16DropGUIContainer12setMovieClipEP9MovieClip,0x24
0x323a74,_ZN21LogicBattleModeServer18updatePlayerStatusEv,0x12c
0x323ba0,_ZN5lzham12lzcompressor14compress_blockEPKvj,0x80
0x323c20,_ZNK24AvatarStreamEntryMessage14getMessageTypeEv,0x8
0x323c28,_ZN19SupercellIdCallback13friendsFailedEP8_jobject,0x1d8
0x323e00,_ZN9Character19showAutoShootTargetEv,0xc8
0x323ec8,_ZN13DebugMenuBaseD0Ev,0x4
0x323ecc,_ZNK18LogicCharacterData13getSpawnedPetEv,0x8
0x323ed4,_ZN18sc3dPanPinchCamera14scrollToObjectEPK15sc3dWorldObjectfb,0x84
0x323f58,_ZN19AllianceMemberEntry12hasLowerRoleEii,0x50
0x323fa8,_ZN25KickAllianceMemberMessage10setMessageEP6String,0x8
0x323fb0,_ZNK20LogicCharacterServer23hasChanneledSkillActiveEv,0x78
0x324028,_ZN13UIListHandler14destroyEntriesEv,0xc8
0x3240f0,_ZN26UnlockAccountFailedMessage12getErrorCodeEv,0x8
0x3240f8,_ZN27TeamJoinOrCreateRoomMessageC2ERK6String,0x6c
0x324164,_ZThn96_N18SeasonRewardsPopup13buttonClickedEP12CustomButton,0x70
0x3241d4,_ZNK23TeamSetPlayerMapMessage8getMapIdEv,0x8
0x3241dc,_ZNK10GLImageRef9serializeEv,0xc
0x3241e8,_ZN11wendelstein17MovieClipRendererC2ERKNS0_6ParamsE,0x9c
0x324284,_ZN6Shader4loadERK6StringS2_PPKci,0x24
0x3242a8,_ZN31PurchaseOfferBundlePopupHandler6updateEf,0x58
0x324300,_ZN22TeamMemberStatusButtonC2EP9MovieClip,0x48
0x324348,_ZN9TweenClip9makeTweenERN5tween6EasingE,0x78
0x3243c0,_ZNK8GameMain12getDeltaTimeEv,0x28
0x3243e8,_ZN13EffectManager11endPlaybackEi,0x84
0x32446c,_ZN14RankedHeroItem17setTargetPositionEv,0x64
0x3244d0,_ZNK18LoginFailedMessage17getKunlunAppStoreEv,0x8
0x3244d8,_ZN20UdpBigMessageHandler22clearIncomingFragmentsEv,0xf8
0x3245d0,_ZNK8HomeMode10isTutorialEv,0x18
0x3245e8,_ZN12jpeg_decoder14prep_in_bufferEv,0xdc
0x3246c4,_ZN20GameSelectableButton22scaleFirstTextIfNeededEv,0x4
0x3246c8,_ZN25DeviceLinkMigrationScreenD0Ev,0x24
0x3246ec,_ZNK21LogicTutorialStepData14getAnimationY2Ev,0x10
0x3246fc,_ZNKSt6__ndk110__function6__funcIZN14LineConnection9autologinEvE3$_1NS_9allocatorIS3_EEFvbPKN8linecorp4nova11CredentialsEPKNS7_5ErrorEEE7__cloneEv,0x38
0x324734,_ZN13YoozooManager8onLogoutEbi6String,0x30
0x324764,_ZN11SoundSystem17constructInstanceEPN4FMOD6SystemEi,0x58
0x3247bc,_ZNK19AllianceRankingData7getNameEv,0x8
0x3247c4,_ZN9RankPopup6updateEf,0x254
0x324a18,_ZN11OnlinePopup6updateEf,0x37c
0x324d94,_ZNK17LogicResourceData10getTextRedEv,0x10
0x324da4,_ZN10LogicGoals14getGoalByIndexEiii,0x54
0x324df8,_ZNK18LogicClientGlobals13getGlobalDataERK6String,0xbc
0x324eb4,_ZN11Application21getAttributionMessageEv,0x49c
0x325350,_ZN10HomeScreen25startBattleFromTeamScreenEii,0x168
0x3254b8,_ZN32AskForPlayingKakaoFriendsMessage8destructEv,0x98
0x325550,_ZN19EnvironmentRenderer15removeCharacterEP9Character,0x230
0x325780,_uhash_setKeyHasher_58,0x10
0x325790,_ZN5titan3com9supercell5titan15PurchaseManager23stopBillingTransactionsEv,0x5c
0x3257ec,_ZNK16PlayerMapManager20canCreateNewDraftMapEv,0x120
0x32590c,_ZNK14LogicCondition4copyEv,0x38
0x325944,_ZN18SequencedExecution5onTapEv,0x68
0x3259ac,_ZNK17TencentLoginState16getAnalyticsNameEv,0x80
0x325a2c,_ZN8ItemIcon9setHiliteEb,0x64
0x325a90,_ZN29HomeBattleReplayFailedMessage18getServiceNodeTypeEv,0x8
0x325a98,_ZN11wendelstein19SpriteSheetRendererC2ENS0_6ParamsE,0xcc
0x325b64,_ZNK12LogicGlobals28getAllianceScoreContributionEi,0x10
0x325b74,_ZN17ShopSkinTeaseItem4initEPK13LogicSkinDataP9MovieClipb,0x5c8
0x32613c,_ZN22AccountSwitchedMessage19setDeleteOldAccountEb,0xc
0x326148,_ZNKSt6__ndk110__function6__funcIZN11scTaskQueue3runIZN8TestCase9touchDownER5TouchE4$_15EENS_13invoke_resultIT_JEE4typeES9_EUlvE_NS_9allocatorISC_EEFvvEE7__cloneEv,0x38
0x326180,_ZN26LogicRankedMatchRoundState8destructEv,0x19c
0x32631c,_ZN15ProLeagueScreenC2Ev,0x3e4
0x326700,_ZN16DeviceLinkWindow10pushScreenEP19DeviceLinkSubScreen,0xc
0x32670c,_ZN16ResourceListener7addFileERK6Stringiiiib,0x2c
0x326738,_ZN16BattleEndMessage8getMvpXpEv,0x44
0x32677c,_ZN8InStream6readI8Ev,0x74
0x3267f0,_ZNK9EntryInfo15getSlotPositionEi,0x20
0x326810,_ZL4getnP4stbiPhi,0xbc
0x3268cc,_ZNSt6__ndk17__sort4IRZN24LocalNotificationManager20refreshNotificationsEvE3$_0PNS1_10sNotifDataEEEjT0_S6_S6_S6_T_,0x2f4
0x326bc0,_ZNK12BattleScreen22shouldShowJoystickAreaEv,0xa4
0x326c64,_ZN16GameObjectSpriteC2EP12RenderSystem,0x5c
0x326cc0,_ZN17scFSLayerPackfileC2EPKcRK6scPathPN13scFSLayerBase9IListenerE,0x1e4
0x326ea4,_ZN13TitanInStream7readUTFEi,0x68
0x326f0c,_ZN8TimeUtil20getTimeStringMinimalEib,0x254
0x327160,_ZN17LogicShopItemData16createReferencesEv,0x40
0x3271a0,_ZN8ItemIcon17displayChangeAnimEv,0x58
0x3271f8,_ZN9BitStream22readPositiveIntMax1023Ev,0x250
0x327448,_nti_font_get_descent,0x4c
0x327494,_ZN6icu_5815RBBIRuleScanner11pushNewNodeENS_8RBBINode8NodeTypeE,0xd4
0x327568,_ZNK14MessageManager25getTimeSinceSentKeepAliveEv,0x34
0x32759c,_ZN16PlayerMapManager15reportPlayerMapERK9LogicLongRK6Stringxx,0x2ac
0x327848,_ZN28VanityItemRewardNotification8destructEv,0x24
0x32786c,_ZN12SkinListItem21beforeSizeCalculationEv,0x24
0x327890,_ZNK18LogicMapEditorMode15getGameListenerEv,0x8
0x327898,_ZN20LogicCharacterServer16giveReloadDebuffEii,0x4
0x32789c,_u_setAtomicIncDecFunctions_58,0x1c
0x3278b8,_ZL14unistrTextCopyP5UTextlllaP10UErrorCode,0x18c
0x327a44,_ZN34LogicProLeagueSeasonChangedCommand7executeEP13LogicHomeModeib,0x8c
0x327ad0,_ZN12TencentLogin14setShareResultEi,0x3c
0x327b0c,_LzmaDec_DecodeToDic,0x49c
0x327fa8,_ZN5Scene17setTransformationEiRK9xMatrix44,0x28
0x327fd0,_ZN12RenderTargetD2Ev,0x114
0x3280e4,_umtx_unlock_58,0x14
0x3280f8,_Z19xCRC32StrIgnoreCasePKcRj,0x64
0x32815c,_uprv_isInfinite_58,0x18
0x328174,_ZNK6icu_5815UnhandledEngine10findBreaksEP5UTextiiaiRNS_6UStackE,0xec
0x328260,_ZN15DoubleDropPopup13touchReleasedERK5Touch,0x164
0x3283c4,_ZNKSt6__ndk110__function6__funcIZ43Java_com_supercell_titan_Kakao_inviteResultE3$_2NS_9allocatorIS2_EEFvvEE11target_typeEv,0xc
0x3283d0,_ZN23LineAccountBoundMessage13getResultCodeEv,0x8
0x3283d8,_ZN9TeamEntryC2Ev,0x40
0x328418,_ZN14TencentManager26canExecuteNewAntiAddictionEv,0xa8
0x3284c0,_ZN8TestCase18swipeAllDirectionsERNSt6__ndk18functionIFbvEEE,0x20c
0x3286cc,_ZN8GameMain17appRateWillReviewEv,0x68
0x328734,_ZN8GameMain17setAccountDetailsERK6Stringi,0x2c
0x328760,_ZN11LogicPlayer17calculateMVPScoreEv,0xf4
0x328854,_ZN12TestReporter7addStepE6StringNS_10TestResultES0_i,0x110
0x328964,_ZN9Execution5onTapEv,0x8
0x32896c,_ZN26ChampionshipChallengePopup7getHomeEv,0x38
0x3289a4,_uloc_getCurrentCountryID_58,0x238
0x328bdc,_ZN23BattleReportStreamEntry15setMajorVersionEi,0x8
0x328be4,_uprv_floor_58,0x8
0x328bec,_inflateUndermine,0x54
0x328c40,_ZNK15LogicLocaleData21getLaserboxStagingUrlEv,0x48
0x328c88,_ZN17HighscoreHeroListC2EP9MovieClip,0x2a8
0x328f30,_ZN8Sprite3D10setLoopingEb,0xc
0x328f3c,_ZN5lzham25adaptive_arith_data_model4initEbj,0x158
0x329094,_ZN18MiniOfferTimerItemD0Ev,0x4
0x329098,_ZN5Stage22increaseBucketCapacityEi,0x178
0x329210,_ZN15MapEditorScreen11pingUpdatedEf,0x4
0x329214,_ZNSt6__ndk110__function6__funcIZN8TestCase17getStagePointSizeEvE4$_11NS_9allocatorIS3_EEFfvEEclEv,0x10
0x329224,_ZN15sc3dWorldCamera13touchReleasedERK5Touch,0x8
0x32922c,_ZNK17LogicClientAvatar17getCommodityCountEiPK9LogicData,0xb4
0x3292e0,_ZNK24AllianceEventStreamEntry6encodeEP15ChecksumEncoder,0x80
0x329360,_ZNSt6__ndk110__function6__funcIZN12RenderSystem24startEffectManagerUpdateEfE3$_0NS_9allocatorIS3_EEFvvEE7destroyEv,0x4
0x329364,_ZN16UdpReceiveBuffer13handleMessageEP10UdpMessageR14LogicArrayListIS1_E,0x13c
0x3294a0,_ZNK17LogicShopItemData11getFileNameEv,0x10
0x3294b0,_ZThn96_N21RankedTeamSelectPopup13buttonClickedEP12CustomButton,0x8
0x3294b8,_ZN12NSCIDManager13claimShopItemERK6String,0x8
0x3294c0,_ZN10ByteStream12writeBooleanEb,0xd4
0x329594,_ZN9TeamPopup7setTeamEP9TeamEntry,0x1a0
0x329734,_ZN28LogicGameObjectManagerServer14getProjectilesEv,0x8
0x32973c,_ZN30AvatarNameCheckResponseMessage9isInvalidEv,0x8
0x329744,_ZN13YoozooManager32showGuestModeAntiAddictionPromptEv,0xac
0x3297f0,_ZNK19TeamSetEventMessage14getMessageTypeEv,0x8
0x3297f8,_ZNK17LogicClientAvatar12getAccountIdEv,0x8
0x329800,_ZN11wendelstein19SpriteSheetRenderer4initEv,0x68
0x329868,_ZN14BattleTutorial25ultiCastedOnForbiddenSpotEv,0xc4
0x32992c,_ZN15LogicDataTables17getDefaultCountryEv,0x180
0x329aac,_ZN22EsportTournamentsPopup17clearNotificationEv,0x4c
0x329af8,_ZN13BattleLogItem18getRankBasedResultEiii,0x18
0x329b10,_ZN22LogicSelectSkinCommand10canExecuteEPK13LogicHomeModePK13LogicSkinData,0x34
0x329b44,_ZN14scResourceDataD2Ev,0x4c
0x329b90,_ZN24AllianceEventStreamEntryC2Ev,0x34
0x329bc4,_ZN27SCIDLogoutAllDevicesMessageC2Ev,0x34
0x329bf8,_ZN6xTimer19getSecondsSince1970Ev,0x8
0x329c00,_ZN24LoginUsingSessionMessageC2Ev,0x44
0x329c44,_ubidi_reorderVisual_58,0x19c
0x329de0,_ZN28BindGamecenterAccountMessage12setSignatureEPKci,0x88
0x329e68,_ZN26LookingForATeamMemberPopup18customButtonTappedEP10GameButtoni,0x54
0x329ebc,_ZN25ChinaLoginExtraTermsPopup13buttonClickedEP12CustomButton,0xc
0x329ec8,_ZN29LookForGameRoomRequestMessage8destructEv,0x28
0x329ef0,_ZNK18LogicCharacterData20getHeroScreenZOffsetEv,0x34
0x329f24,_ZN20PlayerProfileMessage6encodeEv,0x5c
0x329f80,_ZN8HomePage6goBackEv,0x4
0x329f84,_ZN18LatencyTestSession29getMillisPassedSinceTestStartEv,0x30
0x329fb4,_ZN20LeaveAllianceMessage18getServiceNodeTypeEv,0x8
0x329fbc,_ZN26UnlockAccountFailedMessage6encodeEv,0x28
0x329fe4,_hb_font_get_glyph,0x40
0x32a024,_ZN11VanityItems24getOldSystemEmoteForSlotEPK18LogicCharacterDatai,0xdc
0x32a100,_ZNKSt6__ndk110__function6__funcIZN19EnvironmentRenderer6renderER9Matrix2x3R14ColorTransformifE3$_3NS_9allocatorIS7_EEFvvEE6targetERKSt9type_info,0x1c
0x32a11c,_ZN18ServerHelloMessageC2Ev,0x38
0x32a154,_ZN26RequestJoinAllianceMessage16removeAllianceIdEv,0x10
0x32a164,_ZNK13LogicLinkData17getLinkByLanguageERK6String,0xa8
0x32a20c,_ZN8Selfhelp16destructInstanceEv,0x34
0x32a240,_hb_buffer_reverse,0x10c
0x32a34c,_ZN34FacebookAccountAlreadyBoundMessageC2Ev,0x3c
0x32a388,_ZN14BattleEndPopup24canDisplayTeamInvitationEv,0x24
0x32a3ac,_ZN8Selfhelp18webviewDidFailLoadERK6String,0xcc
0x32a478,_ZN20LogicJSONInReflector10getNextIntEv,0x5c
0x32a4d4,_ZN7CSVNode15cloneValuesFromEPKS_,0x2b8
0x32a78c,_ZN20PlayerMapRenamePopup10updateNameEv,0x50
0x32a7dc,_ZN5lzham18search_acceleratorC2Ev,0x2c
0x32a808,_ZNK19LogicProjectileData15getPushbackTypeEv,0x8
0x32a810,_ZN9EventSlot8destructEv,0x8
0x32a818,_ZN34PurchaseOfferHighlightPopupHandler6isFreeEv,0x14
0x32a82c,_ZN43LogicBrawlPassAutoCollectWarningSeenCommand8destructEv,0x24
0x32a850,_ZN15DownloadManagerC2Ev,0x144
0x32a994,_ZN20LogicCharacterServer15triggerPushbackEiiibbbbbbbbbii,0xbb0
0x32b544,_ZL18ures_appendResPathP15UResourceBundlePKciP10UErrorCode,0xd4
0x32b618,_ZN11SocialPopup17closeCustomPopupsEv,0x3c
0x32b654,_ZN10ByteStreamC2EPKci,0x80
0x32b6d4,_ZN22LogicDayChangedCommandC2Ev,0x30
0x32b704,_ZN21scMainThreadTaskQueue15checkPredicatesEv,0x350
0x32ba54,_Z33crypto_sign_ed25519_tweet_keypairPhS_,0xa0
0x32baf4,_sub_32BAF4,0x24
0x32bb18,_sub_32BB18,0x44
0x353fac,_ZNK6icu_5815Normalizer2Impl20getFCD16FromNormDataEi,0x10c
0x3540b8,_ZN22TeamMemberStatusButtonD2Ev,0x10
0x3540c8,_ZNKSt6__ndk110__function6__funcIZN19SupercellIdCallback28donationReceivedNotificationEP8_jobjectS4_E4$_25NS_9allocatorIS5_EEFvvEE7__cloneEPNS0_6__baseIS8_EE,0x6c
0x354134,_Crc64Calc,0x3c
0x354170,_ZNK18LogicCharacterData18getCollisionRadiusEv,0x8
0x354178,_ures_getInt_58,0x4c
0x3541c4,_ZThn96_N10BadgePopup13buttonClickedEP12CustomButton,0x3c
0x354200,_ZN31ChangeAllianceMemberRoleMessage9hasRightsEiii,0x68
0x354268,_ZN25LogicDiamondsAddedCommand11setPaidDataEiiP6String,0x10
0x354278,_ZN16GameStateManager9debugDrawEv,0x18
0x354290,_ZN19TeamSpectateMessage8destructEv,0x28
0x3542b8,_ZN12AllianceItemD0Ev,0x70
0x354328,_ZNK17OnlineFriendsList19getFriendItemWithIdEPK9LogicLong,0x80
0x3543a8,_ZN8HudPrint5printE6Stringbf,0x4f0
0x354898,_ZN12MapEditorHUD19handleTouchReleasedERK5Touch,0x8
0x3548a0,_ZN8Databind16JSONOutReflector10beginArrayERK6Stringi,0x70
0x354910,_Z24heroRankedSort_powerDescP14RankedHeroItemS0_,0x24
0x354934,_ZN5lzham20lzham_lib_decompressEPvPKhPmPhS3_j,0x7c
0x3549b0,_ZNK20LogicCharacterClient18hasSpeedBuffClientEv,0x8
0x3549b8,_u_versionToString_58,0x124
0x354adc,_ZN18AttackRadiusSprite11setAimAngleEf,0x38
0x354b14,_ZN33RankedMidSeasonRewardNotification9setRewardEP17LogicRewardConfig,0x48
0x354b5c,_ZN9ClanPopup17closeCustomPopupsEv,0x10
0x354b6c,_ZN15LaserBoxManager13createSaveKeyERK6String,0x94
0x354c00,_ZNSt6__ndk110__function6__funcIZN8TestCase10touchStageER5TouchE3$_5NS_9allocatorIS5_EEFvvEEclEv,0x40
0x354c40,_ZN14TencentManager20removeLaunchPlatformEv,0x8
0x354c48,_ZN16LogicOfferBundle12setPurchasedEb,0xc
0x354c54,_ZN10TimedOffer6encodeEP10ByteStream,0x54
0x354ca8,_ZN20LogicCharacterServer16triggerResurrectEv,0x8
0x354cb0,_ZNK18LogicCharacterData6isBossEv,0x1c
0x354ccc,_ZN11Application20getServerEnvironmentEv,0x4
0x354cd0,_ZN34LogicDeviceLinkCodeResponseMessage18getServiceNodeTypeEv,0x8
0x354cd8,_ZN10HomeScreen22inboxNotificationAddedEP16BaseNotification,0x80
0x354d58,_ZN9sc3dWorld11addToRenderEv,0x60
0x354db8,_utext_openReplaceable_58,0xac
0x354e64,_ZNK18LogicAccessoryData26getTargetAlreadyActiveTextEv,0x10
0x354e74,_ZN9sc3dWorld15loadingFinishedEv,0x8
0x354e7c,_ZNK12LocationInfo10getMapNameEv,0x150
0x354fcc,_ZNSt6__ndk110__function6__funcIZN19SupercellIdCallback27completeClaimShopItemResultEP8_jobjectRK6StringS7_E4$_23NS_9allocatorIS8_EEFvvEED0Ev,0x38
0x355004,_ZN29DeviceLinkSuccesfullNewScreen6updateEf,0x4
0x355008,_ZNSt6__ndk110__function6__funcIZN19SupercellIdCallback29purchasesReceivedNotificationEP8_jobjectP13_jobjectArrayE4$_26NS_9allocatorIS7_EEFvvEE7destroyEv,0x4
0x35500c,_ZN12SupercellSWF8cacheIntEib,0x70
0x35507c,_ZNK18LogicNameColorData20getColorGradientDataEv,0x8
0x355084,_ZNKSt6__ndk110__function6__funcIZN8TestCase9touchDownEP13DisplayObjectE4$_14NS_9allocatorIS5_EEFvvEE11target_typeEv,0xc
0x355090,_ZN24AcceptTokenFriendMessage6decodeEv,0x34
0x3550c4,_ZNK13LogicHomeMode17calculateChecksumEv,0x10
0x3550d4,_ZN14SceneCharacter13playAnimationEi,0xc
0x3550e0,_ZN26AllianceTeamRemovedMessageC2EP9LogicLong,0x38
0x355118,_ZN14SettingsScreen24setSelectableButtonLabelEP21MagicSelectableButton,0x58
0x355170,_ZNK17LogicSkinConfData14getLobbyEffectEv,0x10
0x355180,_ZN41CafeBazaarBillingProcessedByServerMessage6decodeEv,0x98
0x355218,_ZNK17LogicSkinConfData14getProfileFaceEv,0x10
0x355228,_ZN11LineManager12unbindLineIDEv,0x10
0x355238,_Z4dampRfff,0x20
0x355258,_ZN28LogicGameObjectManagerServer26generateGameObjectGlobalIDEP21LogicGameObjectServer,0x64
0x3552bc,_ZN25TeamSetMemberReadyMessageC2Ebi,0x48
0x355304,_ZNK18LogicCharacterData13getLevelCountEv,0x8
0x35530c,_ZNK6CSVRow15getBooleanValueERK6Stringi,0x10
0x35531c,_ZN20PlayerMapDeletePopupD0Ev,0x50
0x35536c,_ZN19LogicImmunityServerC2EiPK9LogicDatai,0xc
0x355378,_ZN16BufferedReadFile7readIntEv,0x28
0x3553a0,_ZNK12SupercellSWF16isExportNameUsedEi,0x8
0x3553a8,_ZN16ServerConnection10disconnectEb,0x5c
0x355404,_hb_buffer_set_direction,0x14
0x355418,_ZN17CharacterMaterial20initializeReferencesEv,0x38
0x355450,_ZNK12_GLOBAL__N_115scFileImpl_Pack14decompressFileEv,0x198
0x3555e8,_ZN14TencentManager20shareMessageToFriendERK6StringS2_S2_S2_i,0x390
0x355978,_File_Write,0x6c
0x3559e4,_ZN6String7valueOfEb,0x1c
0x355a00,_ZN9SnowflakeC2Ev,0x18
0x355a18,_ZN6icu_5813BreakIterator12makeInstanceERKNS_6LocaleEiR10UErrorCode,0x1bc
0x355bd4,_ZNK18LogicCharacterData21shouldEncodePetStatusEv,0x8
0x355bdc,_ZN13StringBuilder6appendEPKc,0xcc
0x355ca8,_ZN12EventTracker16sendBillingEventERK6StringS2_S2_i,0xb0
0x355d58,_ZN14LogicDailyData30setStarPointSectionOffersStateEi,0x54
0x355dac,_ZN12jpeg_decoder15read_dri_markerEv,0x224
0x355fd0,_ZN10HomeScreen12getEntryInfoEv,0x24
0x355ff4,_ZN11ReferralURL13isReferralURLERK6String,0x5c
0x356050,_ZN14HelpshiftTitan10enableChatEv,0x98
0x3560e8,_ZN21AllianceMemberMessage8destructEv,0x54
0x35613c,_ZN15ParticleEmitter6renderERN11wendelstein21MovieClipRendererDataEf,0x1c
0x356158,_ZL21isCanonSegmentStarterRK14BinaryPropertyi9UProperty,0x9c
0x3561f4,_ZN14LogicPlayerMap12setAccountIdERK9LogicLong,0xc
0x356200,_ZN11FontManagerC2Ev,0x7c
0x35627c,_ZN5titan3com9supercell5titan14HelpshiftTitan15leaveBreadcrumbERK6String,0x8c
0x356308,_ZNK22CreatePlayerMapMessage21getMapEnvironmentDataEv,0x8
0x356310,_ZN15VanityItemEntry10removePropEi,0x108
0x356418,_ZN20LogicCharacterServer16attackedThisTickEi,0x10
0x356428,_ZN26ChampionshipChallengePopupC2Ev,0x6a0
0x356ac8,_ZNK16LogicJSONBoolean13writeToStringEP13StringBuilder,0x10
0x356ad8,_ZN14BlingTextField20getOriginalTextFieldEP9MovieClipRK6Stringb,0x11c
0x356bf4,_ZN16NameChangeScreen23handleNameChangeMessageEv,0x4
0x356bf8,_ZNK16LogicSkillClient15getRechargeTimeEPK11LogicPlayer,0x48
0x356c40,_ZN10ByteStream8readVIntEv,0xf0
0x356d30,_ZN6icu_5817StringEnumeration19ensureCharsCapacityEiR10UErrorCode,0x94
0x356dc4,_ZN23RankedRewardsTrackPopup7setInfoEv,0x890
0x357654,_ZN6icu_5813BreakIterator14createInstanceERKNS_6LocaleEiR10UErrorCode,0x18
0x35766c,_ZN13SimpleWebviewD2Ev,0x6c
0x3576d8,_ZNK6icu_587UObject17getDynamicClassIDEv,0x8
0x3576e0,_ZN5Stage26increaseBucketRectCapacityEib,0x1c0
0x3578a0,_ZN12LogicBitList8destructEv,0x34
0x3578d4,_ZN8Databind15JSONInReflector9exitArrayEv,0xf4
0x3579c8,_UDataMemory_setData_58,0x28
0x3579f0,_ZN28LogicGameObjectManagerClient6decodeEP9BitStreamP14LogicArrayListIP11LogicPlayerEbP21LogicBattleModeClientPS2_IP21LogicGameObjectClientE,0x2dcc
0x35a7bc,_ZN16NameChangeWindow10pushScreenEP19NameChangeSubScreen,0x130
0x35a8ec,_ZN13LogicSkinData14setSadLoopAnimERK6String,0x8
0x35a8f4,_ZN5tween4Quad9easeInOutEffff,0x50
0x35a944,_ZN15LaserBoxManagerC2Ev,0x22c
0x35ab70,_ZN19LogicCommandManager10addCommandEP12LogicCommand,0x140
0x35acb0,_ZN31DeviceLinkTargetSelectionScreenD2Ev,0x1c
0x35accc,_ZN13HeroInfoPopup11getAmmoTextEi6String,0xe8
0x35adb4,_ZN12jpeg_decoder13transform_mcuEi,0x80
0x35ae34,_ZNK6Sprite16getChildrenArrayEv,0x8
0x35ae3c,_ZNK18LogicCarryableData13getShouldRollEv,0x10
0x35ae4c,_ZNK24LogicParticleEmitterData19getParticleMinAngleEv,0x10
0x35ae5c,_ZN20LogicBattlePlayerMap21setMapEnvironmentDataEPK29LogicPlayerMapEnvironmentData,0x8
0x35ae64,_ZN6icu_586Locale9getLocaleEi,0x34
0x35ae98,_ZN8Databind8DatabindD0Ev,0x24
0x35aebc,_ZN9ClanPopup17backButtonPressedEv,0xc
0x35aec8,_ZNK24LogicParticleEmitterData19getLoopParticleClipEv,0x10
0x35aed8,_ZN24TitanDisconnectedMessage9setReasonEi,0x8
0x35aee0,_ZN5Scene8copyFromERKS_,0x5f4
0x35b4d4,_ZN15GameSCIDManager13friendsFailedEv,0x4
0x35b4d8,_ZN21LogicGameObjectClient28attachLogicGameObjectManagerEP28LogicGameObjectManagerClient,0x8
0x35b4e0,_ZN23ProLeagueSeasonEndPopup18customButtonTappedEP10GameButtoni,0x6c
0x35b54c,_ZN15MapEditorScreen18addResourcesToLoadEP16ResourceListener,0x4
0x35b550,_ZN12scZstdFilterD0Ev,0x24
0x35b574,_ZN19LogicRawInReflector14reflectNextIntEi,0x10
0x35b584,_ZNSt6__ndk110__function6__funcIZN11scTaskQueue3runIZN8TestCase10touchStageER5TouchE3$_5EENS_13invoke_resultIT_JEE4typeES9_EUlvE_NS_9allocatorISC_EEFvvEE7destroyEv,0x4
0x35b588,_ZN22SkinRewardNotification7getSkinEv,0x8
0x35b590,_ZNK12BattleScreen13isStickActiveEv,0x8
0x35b598,_ZN20LogicCharacterServer19updateMoveDirectionEP12LogicVector2S1_ii,0xf8
0x35b690,_ZNK15sc3dWorldObject8getEulerEv,0xc
0x35b69c,_ZN28TencentBillingRequestMessage8setPriceERK6String,0x8
0x35b6a4,_ZN12RankingEntry8destructEv,0x90
0x35b734,_ZNK8HomePage15getCurrentEventEv,0x8
0x35b73c,_ZNK21LogicProjectileClient16getModifiedScaleEi,0x8c
0x35b7c8,_ZNSt6__ndk110__function6__funcIZN12RenderSystem24startEffectManagerUpdateEfE3$_0NS_9allocatorIS3_EEFvvEE18destroy_deallocateEv,0x4
0x35b7cc,_ZN14ShadowRenderer24createVisibilityVerticesEP21LogicGameObjectClient,0x1bc
0x35b988,_ZN19DisconnectedMessage8destructEv,0x24
0x35b9ac,_ZN13UIHandlerListD2Ev,0xf0
0x35ba9c,_ZN15DoubleCoinsItem13buttonPressedEv,0x9c
0x35bb38,_ZThn8_NK10GameObject8getTileZEv,0x8
0x35bb40,_ZN18LogicPlayerMapUtil21getNumberOfTilesInMapEPK12LogicTileMapPK13LogicTileData,0x7c
0x35bbbc,_ZN34JoinAllianceUsingInvitationMessageC2Ev,0x34
0x35bbf0,_ZN26LogicMersenneTwisterRandom17initializeToIndexEiii,0xdc
0x35bccc,_ZN19EnvironmentRenderer14setObjectLayerEP15sc3dWorldObjecti,0xa8
0x35bd74,_ZN18HomePageTeamMemberD2Ev,0x1c0
0x35bf34,_ZN14BrawlPassPopup10refreshTabEiP10GameButton,0x24
0x35bf58,_ZNK9LogicData11getDataTypeEv,0x8
0x35bf60,_ZNK17LogicGameCalendar12compareDatesEPS_,0xb4
0x35c014,_Z13getSafeStringPK15LogicJSONString,0x14
0x35c028,_ZNK14LogicSkillData10isTargetedEv,0x10
0x35c038,_ZN16PlayerMapManager16signoffPlayerMapEPK14LogicPlayerMap,0x9c
0x35c0d4,_ZN18sc3dPanPinchCamera13setZoomLimitsEff,0xc
0x35c0e0,_ZN29ChangeAllianceSettingsMessage15setAllianceTypeEi,0x8
0x35c0e8,_ZN20LogicCharacterServer19giveSpeedSlowerBuffEii,0x4
0x35c0ec,_ubrk_setUText_58,0xc
0x35c0f8,_ZNK6icu_589BytesTrie12getNextBytesERNS_8ByteSinkE,0x104
0x35c1fc,_ZN20CreateAccountMessage18removeGameCenterIdEv,0x10
0x35c20c,_ZNK11FontManager9getFontAtEi,0xc
0x35c218,_ZNK11FriendEntry13getAllianceIdEv,0x8
0x35c220,_ZNK9TeamEntry20getGameModeVariationEv,0x28
0x35c248,_ZNK9xMatrix4414transformPointERK7Vector3IfE,0x50
0x35c298,_ZN13AntiAddiction12handleStatusEii,0x114
0x35c3ac,_ZN27AskForAddableFriendsMessageC2Ev,0x34
0x35c3e0,_ZN15SkinRewardPopup18customButtonTappedEP10GameButtoni,0x50
0x35c430,_ZNK13LogicGemOffer27getEmoteBundleFromExtraDataEv,0x5c
0x35c48c,_ZNK18LogicAccessoryData12getUseEffectEv,0x10
0x35c49c,_uhash_setValueDeleter_58,0x10
0x35c4ac,_ZNKSt6__ndk110__function6__funcIZN11scTaskQueue3runIZN7GLImage6createEPKcS6_9ImageWrap11ImageFilterE3$_6EENS_13invoke_resultIT_JEE4typeESB_EUlvE_NS_9allocatorISE_EEFvvEE7__cloneEPNS0_6__baseISH_EE,0x18
0x35c4c4,_Z19checkPointInPolygonRK7Vector2IfEPS1_j,0x9c
0x35c560,_ZN24SetInvitesBlockedMessage6encodeEv,0x28
0x35c588,_ZN18sc3dPanPinchCamera16checkPanningAreaEf,0x214
0x35c79c,_ZN9CSVColumnC2Eii,0xa0
0x35c83c,_ZN8GameMain24reloadGameToTencentLoginEv,0x10
0x35c84c,_ZN19LogicAreaEffectDataC2EP6CSVRowP14LogicDataTable,0x58
0x35c8a4,_ZN17ResourceReference6assignERK6String,0xbc
0x35c960,_ZN24DebugHudMessageCollectorD2Ev,0x88
0x35c9e8,_ZN22UpdatePlayerMapMessageC2Ev,0x3c
0x35ca24,_ZNK17LogicClientAvatar11getWinCountEv,0x8
0x35ca2c,_ZNK22LogicDataTableResource7getTypeEv,0x8
0x35ca34,_ZN9Character9hasEffectEi,0x18
0x35ca4c,_ZN4Game16gameOnForegroundEv,0x78
0x35cac4,_ZNK11DragHandler11getMaxScaleEv,0x8
0x35cacc,_ZN22GatchaDropOverviewItemD2Ev,0x9c
0x35cb68,_ZN13GoogleService11getAuthCodeEv,0x20
0x35cb88,_ZN14LoginOkMessage9setLineIdEP6String,0x8
0x35cb90,_ZNK15LogicLocaleData24getLaserboxEsportsHubUrlEv,0x48
0x35cbd8,_ZNKSt6__ndk110__function6__funcIZN6Shader4loadEPKcS4_S4_E3$_1NS_9allocatorIS5_EEFvvEE7__cloneEv,0x40
0x35cc18,_ZN4Path11setRootPathERK6String,0x244
0x35ce5c,_ZN16UdpPacketHandlerC2EP9UdpSocketRK6StringS4_,0xc4
0x35cf20,_ZN14BrawlPassPopup14openPreviewForEPK13LogicSkinData,0x184
0x35d0a4,_ZNSt6__ndk110__function6__funcIZZN11AndroidMain16onSurfaceChangedEiiENK3$_1clEvEUlvE_NS_9allocatorIS4_EEFvvEE7destroyEv,0x4
0x35d0a8,_ZNK12SupercellSWF15getExportNameAtEi,0xc
0x35d0b4,_ZN17LogicRewardConfig6isSameERKS_S1_,0x48
0x35d0fc,_ZN29LogicPlayerMapEnvironmentData26createAllAvailableGMVsListEv,0x2f0
0x35d3ec,_ZNK15LogicJSONString13writeToStringEP13StringBuilder,0x8
0x35d3f4,_ZN13WVSCIDManagerC2EP11SCIDManager,0x14
0x35d408,_ZN24LoginUsingSessionMessage12removeSourceEv,0x10
0x35d418,_ZN17BrawlBoxInfoPopup13setVisibleOptEP9MovieClipb,0x10
0x35d428,_ZN13EnterAgePopupC2Eb,0xffc
0x35e424,_ZNK6icu_5822UCharCharacterIterator8hashCodeEv,0x3c
0x35e460,_ZN29LogicChangeControlModeCommandC2Ev,0x30
0x35e490,_ZN11SocialPopup20getNotificationCountEv,0x8
0x35e498,_ZN12DeliveryUnit18getHeroesYetToDropEii,0x7c
0x35e514,_ZN13ListContainerD2Ev,0x2d0
0x35e7e4,_ZN18LeaderboardMessage6decodeEv,0x25c
0x35ea40,_u_getIntPropertyValue_58,0xa4
0x35eae4,_ZN12BattleScreen20updateFollowSpectateERP21LogicGameObjectClientfbibf,0xc40
0x35f724,_ZN25PlaySoundInFrameExecutionD0Ev,0x44
0x35f768,_ZN5titan3com6google7android4play4core5tasks4TaskC2EP8_jobject,0xbc
0x35f824,_ZN12AllianceInfo7setDataEP17AllianceFullEntry,0x664
0x35fe88,_ZN9CSVColumn8destructEv,0x18
0x35fea0,_ZNK10GameObject10getAngleToEii,0x138
0x35ffd8,_ZNK14ChallengeEntry11getAvatarIdEv,0x8
0x35ffe0,_ZNSt6__ndk110__function6__funcIZ68Java_com_supercell_titan_PurchaseManager_updateBillingProductDetailsP7_JNIEnvP7_jclassP8_jstringS7_iE3$_1NS_9allocatorIS8_EEFvvEE18destroy_deallocateEv,0x28
0x360008,_ZNK18LogicAccessoryData19shouldShowCountdownEv,0x10
0x360018,_Java_com_supercell_titan_SupercellId_setPendingRegistrationWithEmail,0x50
0x360068,_ZN16BattleEndMessage30createDummyCoopSurvivalMessageEbi,0x14c
0x3601b4,_ZN8Databind23NlohmannJsonInReflector21reflectObjectOptionalERK6Stringb,0x4
0x3601b8,_ZN5titan3com9supercell5titan11SupercellId23setNotificationsAllowedEb,0x90
0x360248,_ZN14StreamItemList28getLastStreamEntryFromPlayerEPK9LogicLong,0x6c
0x3602b4,_ZN12CustomButton8setStateEi,0x30
0x3602e4,_ZN12UIStagePivotD2Ev,0x10
0x3602f4,_ZN5titan3com9supercell5titan22VirtualKeyboardHandler12hideKeyboardEv,0x5c
0x360350,_ZN12AllianceInfo13setStatToClipEP9MovieClipRK6StringS4_,0x4c
0x36039c,_ZN10LogicGoals17getHeroRewardNameEiiiPK13LogicHomeMode,0xfc
0x360498,_ZN4Shop23getButtonHighlightStyleEv,0x98
0x360530,_ZNK17EventDetailsPopup12getPopupTypeEv,0x8
0x360538,_ZN17SetupQuestCounterD2Ev,0x10
0x360548,_ZN17UnlockAccountMenu20setInvalidUnlockCodeEv,0xa0
0x3605e8,_ZNSt6__ndk16__sortIRZN19EnvironmentRenderer6renderER9Matrix2x3R14ColorTransformifE4$_10PNS1_9CharacterEEEvT0_SA_T_,0x9e0
0x360fc8,_ZN12GameSettings14clearKeyValuesEv,0x54
0x36101c,_ZNK6icu_5815RBBIDataWrappereqERKS0_,0x54
0x361070,_ZN17LogicSkinConfData23setUltiLocksAttackAngleEb,0x18
0x361088,_ZNK10GameScreen12getLogicHomeEv,0xc
0x361094,_ZN31PvpMatchmakeNotificationMessage6decodeEv,0x2c
0x3610c0,_u_charDirection_58,0x74
0x361134,_ZN22UnlockAccountOkMessage6decodeEv,0x44
0x361178,_ZN25AskForAllianceDataMessage16removeAllianceIdEv,0x10
0x361188,_ZN8Databind8Databind14registerObjectEPK14DatabindObject,0x324
0x3614ac,_ZNKSt6__ndk110__function6__funcIZN14LineConnection9autologinEvE3$_1NS_9allocatorIS3_EEFvbPKN8linecorp4nova11CredentialsEPKNS7_5ErrorEEE11target_typeEv,0xc
0x3614b8,_ZN5titan3com6google7android4play4core6review13ReviewManager16launchReviewFlowERKNS_7android3app8ActivityERKNS5_10ReviewInfoE,0x1cc
0x361684,_ZN18LogicGemBundleData8destructEv,0x130
0x3617b4,_ZN10scPackFile8openPackERK6scFileRKNSt6__ndk110shared_ptrI11scIKeyStoreEE,0x100
0x3618b4,_ZNKSt6__ndk110__function6__funcIZN11scTaskQueue3runIZN11AndroidMain15_gameBackgroundEvE4$_16EENS_13invoke_resultIT_JEE4typeES7_EUlvE_NS_9allocatorISA_EEFvvEE7__cloneEv,0x38
0x3618ec,_ZN14BrawlPassPopup11getNextItemEbb,0x1c
0x361908,_ZN6icu_58L9enumNamesEPNS_10UCharNamesEiiPFaPvi15UCharNameChoicePKciES2_S3_,0x544
0x361e4c,_ZNKSt6__ndk110__function6__funcIZ54Java_com_supercell_titan_GoogleServiceClient_onSignOutP7_JNIEnvP7_jclassE3$_1NS_9allocatorIS6_EEFvvEE7__cloneEPNS0_6__baseIS9_EE,0x10
0x361e5c,_ZNKSt6__ndk110__function6__funcIZN7GLImage6createEPKhi9ImageWrap11ImageFilterE3$_5NS_9allocatorIS7_EEFvvEE11target_typeEv,0xc
0x361e68,_ZN7Offline21getCurrentPreviewAnimEv,0x80
0x361ee8,_Z11lzham_tracePKcSt9__va_list,0x5c
0x361f44,_ZN25MovieClipModifierOriginal4loadEP12SupercellSWFi,0x2c
0x361f70,_ZN6Screen13setScreenModeERK10ScreenMode,0x8
0x361f78,_ZN13HeroInfoPopup11setupTraitsEv,0x118
0x362090,_ZNK13MapEditorMode17canHandleMessagesEv,0x8
0x362098,_ZNK9Messaging16getInterfaceNameEv,0xc
0x3620a4,_ZN20LogicCharacterServer8ultiUsedEv,0x34
0x3620d8,_ZN26CreateAccountFailedMessageC2Ev,0x34
0x36210c,_ZNK15LaserBoxManager7Website24getLocalManifestFilePathEv,0xf4
0x362200,_ZN18AllianceWarMessage8destructEv,0x138
0x362338,_ZN12CustomButton13buttonPressedEv,0x1c
0x362354,_ZN9TextField17setTextFieldWidthEf,0x10
0x362364,_ZNK16GameStateManager11hasGameDataEv,0x10
0x362374,_ZN14ChallengeEntry8setStateEi,0x8
0x36237c,_ZNK13AlliancePopup10showTopHUDEv,0x44
0x3623c0,_ZN6icu_5813Norm2AllModes15getNFKCInstanceER10UErrorCode,0x12c
0x3624ec,_ZN26QuickChatMessageOptionBaseC2EPK16LogicMessageDataP17ChatOptionsSlider,0x40
0x36252c,_ZNK17LogicCampaignData11getLocationEv,0x24
0x362550,_ZN20LogicCharacterServer11triggerStunEibb,0x4
0x362554,_ZNK9sc3dWorld31getUniformsWithProjectionOffsetEPK15sc3dWorldObjectP8Sprite3DRK9xMatrix44S7_S7_i,0xe0
0x362634,_ZN10BattleMode16loadNextResourceEv,0x60
0x362694,_Z15col32ToFloatRGBj,0x34
0x3626c8,_ZNSt6__ndk110__function6__funcIZN32NativeFacebookConnectionCallback7friendsERK6StringE3$_2NS_9allocatorIS6_EEFvvEEclEv,0xa4
0x36276c,_ZN20FriendSuggestionItem6addBtnERK6StringS2_,0x68
0x3627d4,_ZNK13FriendsScreen9isPanningEv,0x8
0x3627dc,_ZN22ConfirmChangeClanPopupC2EP9LogicLongP6String,0x278
0x362a54,_ZNK20EncryptionKeyManager16getEncryptionKeyEv,0xc
0x362a60,_ZNK18LogicCharacterData26getAttackStartEffectOffsetEv,0x10
0x362a70,_ZN21LogicBattleModeServer25tickSpawnBossFightEnemiesEv,0x4
0x362a74,_ZN20LogicCharacterServer13tickBotEmotesEv,0x124
0x362b98,_ZN8Databind23AbstractDatabindReflect7reflectEPvRNS_9ReflectorEP16ResourceListener,0xc
0x362ba4,_ZN15LogicDataTables18getUltiReadyEffectEv,0xc
0x362bb0,_ZN20CreatePlayerMapPopup10inputEndedEP14GameInputField,0x6c
0x362c1c,_ZN15ResourceManager12getMovieClipERK6StringS2_,0x44
0x362c60,_ZN15sc3dWorldObject18setNonUniformScaleE7Vector3IfE,0x9c
0x362cfc,_ZNK26ChangePlayerMapNameMessage8getMapIdEv,0x8
0x362d04,_ZNSt6__ndk110__function6__funcIZN8TestCase20drawDebugPercentagesEvE4$_19NS_9allocatorIS3_EEFvvEE7destroyEv,0x4
0x362d08,_ZN16LogicSkillClient17isCastingOrActiveEP20LogicCharacterClient,0x58
0x362d60,_ZN25AccountIdentifiersMessage10removeADIDEv,0x10
0x362d70,_ZN16LogicSkillServer8activateEP20LogicCharacterServeriiP12LogicTileMapi,0x2c8
0x363038,_ZN6Effect17setForcedDurationEi,0x8
0x363040,_ZN10LoginState19isValidLanguageCodeERK6String,0xd0
0x363110,_ZNK10BitmapFont11stringWidthEPKcff,0x200
0x363310,_ZN8Sprite3D17setViewportBoundsEPK4Rect,0xac
0x3633bc,_ZN13LogicSkinData7setNameERK6String,0x4c
0x363408,_ZN22TeamSetLocationMessage6decodeEv,0x4c
0x363454,_ZN29JoinAllianceUsingTokenMessage16removeAllianceIdEv,0x10
0x363464,_ZN20PlayerJWTokenMessage6decodeEv,0x4c
0x3634b0,_ZN17LogicAvatarChangeC2Ev,0x10
0x3634c0,_ZN21LogicAreaEffectServer15getRangeAgainstEPK19LogicAreaEffectDataP20LogicCharacterServer,0x3c
0x3634fc,_ZN12LoginMessage21setAdvertisingEnabledEb,0xc
0x363508,_ZN10PlayerInfo13destructItemsEv,0xb8
0x3635c0,_ZNK14LogicDailyData32areHeroLvlUpMaterialPacksVisibleEPK13LogicHomeMode,0x58
0x363618,_ZNK14SceneCharacter15getBonePositionERK6StringRfS3_S3_S3_,0x128
0x363740,_SecToRead_CreateVTable,0x10
0x363750,_ZN11SCIDWebView6goBackEv,0x3c
0x36378c,_ZN5Track16hasActiveSessionEv,0x8
0x363794,_ZN16YoozooLoginState6updateEff,0x188
0x36391c,_ZNK19LogicProjectileData6isBeamEv,0x10
0x36392c,_ZN24EsportTournamentsWebView20webviewDidFinishLoadERK6String,0x94
0x3639c0,_ZNK32LogicDeviceLinkMenuClosedMessage14getMessageTypeEv,0x8
0x3639c8,_ZN17LogicRankedSeason8destructEv,0xf0
0x363ab8,_ZN15LaserBoxManager6updateEf,0x308
0x363dc0,_ZNK16ServerConnection23getSelectedLanguageNameEv,0x90
0x363e50,_ZNK14LogicDailyData34getLowestStarPointPricedOfferStateEv,0xd4
0x363f24,_ZN25ClientCapabilitiesMessageC2Ev,0x34
0x363f58,_ZN9xMatrix446invertEv,0x204
0x36415c,_ZN9BitStream20readPositiveIntMax15Ev,0xf4
0x364250,_ZN16BattleLogMessage8destructEv,0xb0
0x364300,_ZN8GameMain10enableBlurEffffffff,0xac
0x3643ac,_ZN24TextInputVirtualKeyboard12hideKeyboardEv,0x4
0x3643b0,_ZN25EventSuggestionStreamItem28isFriendlyLocationSuggestionEP20QuickChatStreamEntry,0x24
0x3643d4,_ZN10DoubleItemD0Ev,0x94
0x364468,_ZN16LocationCategory11getNewCountEv,0xf0
0x364558,_ZNK30LogicDeviceLinkResponseMessage14getMessageTypeEv,0x8
0x364560,_ZNK17LogicSkinConfData21getPortraitCameraFileEv,0x10
0x364570,_ZN10SCTuneImpl20waitForQueueToUnlockEv,0x34
0x3645a4,_ZN15SelectHeroPopup27displayWildCardPowerConfirmEPK18LogicCharacterDataRK6StringP12LogicCommand,0x264
0x364808,_ZN21LogicProjectileServer26removeGameObjectReferencesEPK21LogicGameObjectServeri,0x28
0x364830,_ZN29DeviceLinkSuccesfullNewScreenC2Eb,0x19c
0x3649cc,_hb_blob_get_length,0x8
0x3649d4,_ZN18AttributionMessage8destructEv,0x24
0x3649f8,_ZN18sc3dPanPinchCamera13setTargetFovYEff,0xc
0x364a04,_ZN11wendelstein19SpriteSheetRenderer4tickEfiRKNSt6__ndk16vectorINS_8ParticleENS1_9allocatorIS3_EEEE,0x1a4
0x364ba8,_ZN5titan3com9supercell5titan19NativeDialogManagerC2EP8_jobject,0xbc
0x364c64,_ZN12CounterTweenD2Ev,0xb8
0x364d1c,_ZN19hb_ot_map_builder_t9add_pauseEjPFvPK18hb_ot_shape_plan_tP9hb_font_tP11hb_buffer_tE,0x160
0x364e7c,_ZN10DataGained12pauseToStateENS_5StateE,0x8
0x364e84,_ZN21LogicBattleModeServer17debugForceEndGameEii,0xc4
0x364f48,_ZN32YoozooOrderDeliveryFailedMessageC2Ei,0x4c
0x364f94,_ZN24DataTableResourcesLoaderD2Ev,0x150
0x3650e4,_ZN17MapEditorTileItem18getSprite3DForTileEPK13LogicTileDataiRf,0x11d8
