address,name,size
0x888d84,_ZN24AcceptTokenFriendMessage18getServiceNodeTypeEv,0x8
0x888d8c,_ZNK33AllianceStreamEntryRemovedMessage16getStreamEntryIdEv,0x8
0x888d94,_ZNK22LogicRankedMatchPlayer12isSamePlayerEPKS_,0x30
0x888dc4,_ZN8GameMain12setDebugFlipEb,0x4
0x888dc8,_ZN16LogicSkillClient6decodeEP9BitStreambPK20LogicCharacterClient,0xb0
0x888e78,_ZN15LogicDailyOfferC2Eiiiii,0x10
0x888e88,_ZNSt6__ndk118__stable_sort_moveIRZN14LogicArrayListIiE9sortArrayIZN18LogicMapEditorMode23setEventModifierEnabledEibE3$_0EEvRKT_EUlRKiSA_E_PiEEvT0_SE_S6_NS_15iterator_traitsISE_E15difference_typeEPNSG_10value_typeE,0x30c
0x889194,_ZN29AvatarNameCheckRequestMessage10removeNameEv,0x10
0x8891a4,_ZNK12LogicVector38hashCodeEv,0x24
0x8891c8,_ZN19TimedOfferTimerItemD0Ev,0x4
0x8891cc,_ZNK13MapEditorMode8isLoadedEv,0x10
0x8891dc,_ZN5Debug18getIphoneXSafeAreaEN17ScreenOrientation4EnumEi,0x8
0x8891e4,_ZN9MovieClip35setTextFieldsPixelSnappingRecursiveEb,0xa8
0x88928c,_ZN8Settings15setShootOpacityEf,0x78
0x889304,_ZN21LogicJSONOutReflector29reflectReflectablePointerBaseEPK16LogicReflectablePKci,0xe4
0x8893e8,_inflatePrime,0x98
0x889480,_lv1_frida_killer__ZL26frida_library_guard_threadPv,0x50
0x889918,_ZNK16StartGameMessage14getMessageTypeEv,0x8
0x889920,_ZNKSt6__ndk110__function6__funcIZN11scTaskQueue3runIZN6scglTF12_GLOBAL__N_111convertGLTFEP7SCWFileRKN2fx4gltf8DocumentERK6StringE3$_0EENS_13invoke_resultIT_JEE4typeESI_EUlvE_NS_9allocatorISL_EEFvvEE11target_typeEv,0xc
0x88992c,_ZN14RectangleTimer6updateEf,0xf4
0x889a20,_ZN12BattleScreen19updateViewTransformEf,0x104
0x889b24,_ZN21MapEditorModifierItem10setEnabledEb,0x38
0x889b5c,_ZN14LineConnection14requestFriendsEv,0x84
0x889be0,_ZNK5lzham18search_accelerator17get_max_add_bytesEv,0x18
0x889bf8,_hb_shape_plan_create_cached,0x3b4
0x889fac,_ZN14LogicPlayerMap20setGameModeVariationEi,0x8
0x889fb4,_ZN25LogicClaimAdRewardCommand8destructEv,0x24
0x889fd8,_ZNK18sc3dPanPinchCamera12isAttachedIDEi,0x4c
0x88a024,_ZN9NamePopupD0Ev,0x68
0x88a08c,_ZNK8DataIcon11getIconClipEv,0x8
0x88a094,_ZN19AllianceHeaderEntry6encodeEP10ByteStream,0xe8
0x88a17c,_ZN14TitanOutStream8destructEv,0x4c
0x88a1c8,_ZN9sc3dWorld14drawHierarchicEP15sc3dWorldObjectRK9Matrix44S4_R11RenderQueueRK14ColorTransformPNSt6__ndk16vectorIS1_NSA_9allocatorIS1_EEEE,0x314
0x88a4dc,_ZN20StartSpectateMessage18getServiceNodeTypeEv,0x8
0x88a4e4,_ZNK21LogicBattleModeServer26isGameOverOrRoundResettingEv,0x8
0x88a4ec,_ZN17HeroSwipeSelector15normalizeOffsetEf,0x48
0x88a534,_ZN15LogicDataTables18getRuffsBuffEffectEv,0xc
0x88a540,_ZN26LogicLocalNotificationData8destructEv,0x24
0x88a564,_ZN21LogicBattleModeServer14resetPlayfieldEv,0x4
0x88a568,_ZN5lzham16elemental_vector17increase_capacityEjbjPFvPvS1_jEb,0x150
0x88a6b8,_ZN19AvatarStreamManager27shouldShowReceivedDonationsEv,0x4c
0x88a704,_ZN8GameMain24checkLoginPlatformSwitchEv,0x4
0x88a708,_ZNKSt6__ndk110__function6__funcIZN11AndroidMain16onSurfaceChangedEiiE3$_1NS_9allocatorIS3_EEFvvEE6targetERKSt9type_info,0x1c
0x88a724,_ZNK13LogicItemData10showAlwaysEv,0x8
0x88a72c,_ZN25TeamBotSlotDisableMessage8destructEv,0x28
0x88a754,_ZNKSt6__ndk110__function6__funcIZN19SupercellIdCallback16windowDidDismissEP8_jobjectE3$_0NS_9allocatorIS5_EEFvvEE7__cloneEv,0x38
0x88a78c,_ZN8Databind15JSONInReflector16reflectNextFloatEf,0x5c
0x88a7e8,_ZNK14LoginOkMessage14getMessageTypeEv,0x8
0x88a7f0,_ZNK16LogicOfferBundle18isSkinSectionOfferEv,0x3c
0x88a82c,_ZN9CombatHUD22activateAccessoryInputEv,0x44
0x88a870,_ZN14BattleEndPopup12hasQuestPageEi,0x78
0x88a8e8,_lzham_z_crc32,0x4
0x88a8ec,_ZN8RankItem12touchPressedERK5Touch,0x10
0x88a8fc,_ZN26AllianceStreamEntryMessageC2Ev,0x34
0x88a930,_ZN9TextField7getFontEv,0x30
0x88a960,_ZN6icu_5810Appendable21reserveAppendCapacityEi,0x8
0x88a968,_ZN16GameStateManager11changeStateE7StateId,0x8
0x88a970,_ZN3SBM7animateEP7SBMMeshPS1_PfS3_iRK6StringPP9xMatrix44,0x630
0x88afa0,_ZN5lzham12lzcompressor13optimal_parseERNS0_18parse_thread_stateE,0x694
0x88b634,_ZN14GameInputFieldD2Ev,0x40
0x88b674,_ZN12TestReporter10deleteStepEPNS_8TestStepE,0x7c
0x88b6f0,_ZN26RankedMatchPickHeroMessage18getServiceNodeTypeEv,0x8
0x88b6f8,_ZN29scMultithreadedLoadingManager17setMultithreadingEb,0x1c
0x88b714,_ZN11AboutScreen6updateEf,0x9c
0x88b7b0,_ZNK13LogicTileData10hasHitAnimEv,0x10
0x88b7c0,_ZN28LogicGameObjectFactoryClient22createGameObjectByDataEPK9LogicData,0x100
0x88b8c0,_ZN14BrawlPassPopup23brawlPassProgressGainedEii,0x4
0x88b8c4,_ZN23HomeLogicStoppedMessage11setCommandsEP14LogicArrayListIP12LogicCommandE,0x8
0x88b8cc,_ZNK20LogicCharacterServer33getClosestFriendlyHealTargetForAIEv,0x264
0x88bb30,_ZNK25AskForAllianceDataMessage14getMessageTypeEv,0x8
0x88bb38,_ZN14BlingTextField16destroyParticlesEv,0x8c
0x88bbc4,_ZNK24LogicParticleEmitterData22getParticleMaxIntervalEv,0x10
0x88bbd4,_ZNK20LogicCharacterServer23getFurthesAwayOwnMinionEv,0x108
0x88bcdc,_ZNK12BattleScreen29hasMovedWithCurrentStickPressEv,0x8
0x88bce4,_ZNKSt6__ndk110__function6__funcIZN19SupercellIdCallback19setTutorialCompleteEP8_jobjectE4$_11NS_9allocatorIS5_EEFvvEE6targetERKSt9type_info,0x1c
0x88bd00,_ZN18DeliveryCardsPopup13touchReleasedERK5Touch,0x148
0x88be48,_ZNKSt6__ndk110__function6__funcIZN8TestCase10touchStageER5TouchE3$_5NS_9allocatorIS5_EEFvvEE7__cloneEPNS0_6__baseIS8_EE,0x18
0x88be60,_ZNK22UnlockAccountOkMessage14getMessageTypeEv,0x8
0x88be68,_ZN14BattleEndPopup29displayBattleEndHackBossFightEbbi,0x64
0x88becc,_ZN10HeroSprite9HeroEntryC2EPK18LogicCharacterDataPK13LogicSkinDatabNS0_10ForcedTeamERK6String,0x8fc
0x88c7c8,_ZN21LogicJSONOutReflector13fixReferencesEPK16ReflectableIdMap,0x4
0x88c7cc,_ZN15LaserBoxManager6getEnvEv,0xc
0x88c7d8,_ZN20LogicCharacterServer23recalculateBounceChargeEv,0x4
0x88c7dc,_ZNKSt6__ndk110__function6__funcIZN19SupercellIdCallback11loadAccountEP8_jobjectRK6StringS7_S7_bE3$_2NS_9allocatorIS8_EEFvvEE11target_typeEv,0xc
0x88c7e8,_ZNK5Stage17getShaderByConfigEi,0x168
0x88c950,_ZN15LaserBoxManager7WebsiteD2Ev,0xb4
0x88ca04,_ZlsRNSt6__ndk113basic_ostreamIcNS_11char_traitsIcEEEE3MD5,0x70
0x88ca74,_ZN17DebugCountryPopup6updateEf,0x10
0x88ca84,_ZN12TitanWebView7loadURLERK6String,0xc
0x88ca90,_ZNK22BattleEndSubScreenBase18getMatchRoundStateEv,0x10
0x88caa0,_ZN18ProLeagueInfoPopup19formatIntegerStringEi,0x30
0x88cad0,_ZN15LogicDataTables20getSoundByFrameLabelERK6String,0x94
0x88cb64,_ZL19udata_cacheDataItemPKcP11UDataMemoryP10UErrorCode,0x178
0x88ccdc,_ZN5scKey12refreshNonceEv,0xc
0x88cce8,_ZN11AboutScreen12updateScrollEv,0x10
0x88ccf8,_ZN14MapPreviewMenuD2Ev,0x44
0x88cd3c,_ZNK8Settings14getHeroSortingEv,0xd8
0x88ce14,_ZN24LoginUsingSessionMessage17removeDeviceTokenEv,0x10
0x88ce24,_ZN23PushNotificationService14doRegistrationEi,0x30
0x88ce54,_ZN15ResourceManager32getCurrentResourceDescriptorHashEv,0x104
0x88cf58,_ZN16OnlineFriendItem11refreshIconERK6Stringb,0x30
0x88cf88,_ZL20set_indic_propertiesR15hb_glyph_info_t,0x300
0x88d288,_ZNK17LogicRewardConfig6encodeEP15ChecksumEncoder,0x90
0x88d318,_ZNK14LoginOkMessage25getStartupCooldownSecondsEv,0x8
0x88d320,_ZN28TencentBillingRequestMessage18getServiceNodeTypeEv,0x8
0x88d328,_ZN12SupercellSWF4skipEi,0x180
0x88d4a8,_ZNK20LogicCharacterServer14getAttackAngleEv,0x8
0x88d4b0,_ZN18DonateNotification8destructEv,0x3c
0x88d4ec,_ZNSt6__ndk110__function6__funcIZN27BattleEndRankedRankUpScreen14addExecutionToEP18SequencedExecutionE3$_2NS_9allocatorIS5_EEFbvEED0Ev,0x4
0x88d4f0,_ZN12SoundManager9playSoundERK6Stringffb,0x1ec
0x88d6dc,_ZNK15ShareImagePopup26sendAnalyticEventForActionERK6String,0x114
0x88d7f0,_ZN25FriendOnlineStatusMessage8destructEv,0x8c
0x88d87c,_ZL15setup_syllablesPK18hb_ot_shape_plan_tP9hb_font_tP11hb_buffer_t.15123,0xc74
0x88e4f0,_ZN14BattleEndPopup22refreshPlayAgainStatusEv,0x17c
0x88e66c,_ZN11SCIDWebView12callbackBoolERK6Stringb,0x94
0x88e700,_ZN17ClientInfoMessageC2Ev,0x34
0x88e734,_ZThn96_N14BattleLogPopup13buttonClickedEP12CustomButton,0x8
0x88e73c,_ZN15DebugInputFieldD2Ev,0x18
0x88e754,_ZN11wendelstein27WendelsteinMovieClipEmitter14setEffectAlphaEf,0x8
0x88e75c,_ZN12CounterTween7setTextEP9TextFieldRK6StringS4_iib,0xe0
0x88e83c,_ZN14LoginOkMessage15removeTencentIdEv,0x10
0x88e84c,_ZN29GamecenterAccountBoundMessage13getResultCodeEv,0x8
0x88e854,_ZN5titan3com9supercell5titan7GameApp18cancelNotificationEi,0x74
0x88e8c8,_ZNK13LogicItemData19getShadowExportNameEv,0x10
0x88e8d8,_ZN12RankingEntry6decodeEP10ByteStream,0x104
0x88e9dc,_ZN9EntryInfo15setUpLockedTextEP9TextFieldPK13LogicCardData,0x3dc
0x88edb8,_ZN9PopupBase7fadeOutEv,0x88
0x88ee40,_ZN27ChallengeRewardNotification10getRewardsEv,0x8
0x88ee48,_ZN24AntiAddictionInstructionC2EP36LogicTencentAntiAddictionInstructioni,0xc
0x88ee54,_ZN31KakaoAccountAlreadyBoundMessageC2Ev,0x3c
0x88ee90,_ZNK20SelectableButtonList14getButtonCountEv,0x10
0x88eea0,_ZN19DisconnectedMessage18getServiceNodeTypeEv,0x8
0x88eea8,_ZN10SCTuneImpl15getAbsolutePathERK6String,0x11c
0x88efc4,_ZN17LogicGamePlayUtil27getCharacterFromPlayerIndexEiP28LogicGameObjectManagerServer,0x70
0x88f034,_ZN14QualifiedPopupD2Ev,0x94
0x88f0c8,_ZN26MapEditorLegalWarningPopup18clearShownToPlayerEv,0x7c
0x88f144,_res_read_58,0xb4
0x88f1f8,_ZNSt6__ndk110__function6__funcIZN7GLImage14updateSubImageEPKciiiiiiE4$_10NS_9allocatorIS5_EEFvvEED0Ev,0x4
0x88f1fc,_ZN16MovieClipTexture14preCacheFramesEv,0x2f4
0x88f4f0,_ZNK20LogicItemSeenCommand14getCommandTypeEv,0x8
0x88f4f8,_ZN14LogicMapLoader25tileCodeToSpecialSequenceEi,0x34
0x88f52c,_ZN14FriendsManager34updatePendingExternalFriendRequestEv,0x2e0
0x88f80c,_ZNK6String7indexOfEPKci,0x48
0x88f854,_ZN12EventTracker5flushEv,0x28
0x88f87c,_ZNK11InputSystem9getWithIdEi,0xc8
0x88f944,_ZN34AskForPlayingTencentFriendsMessage13removeOpenIdsEv,0x10
0x88f954,_ZN24LatencyTestStatusMessageC2Ev,0x34
0x88f988,_ZN12BattleScreen9playSoundEPK14LogicSoundData,0x20
0x88f9a8,_Z13runOnUiThreadNSt6__ndk18functionIFvvEEE,0xfc
0x88faa4,_ZNK9MovieClip18getFrameDataLengthEi,0x1c
0x88fac0,_ZN28BindGamecenterAccountMessage8setForceEb,0xc
0x88facc,_ZN25LogicCooldownAddedCommand7executeEP13LogicHomeModeib,0x94
0x88fb60,_ZN11wendelstein18WendelsteinManager20getEmitterDataByNameERK6String,0x168
0x88fcc8,_ZN13StencilSpriteC2Eib,0x54
0x88fd1c,_ZNK9TextField15getMaxLineWidthEv,0x2c
0x88fd48,_hb_buffer_get_length,0x8
0x88fd50,_ZN15LogicDataTables18getHealthBarByNameERK6StringPK9LogicData,0x20
0x88fd70,_ZN17ParallelExecution5onTapEv,0x74
0x88fde4,_ZNK13SceneRenderer11getViewportERK9Matrix2x3R7Vector2IfES5_,0xec
0x88fed0,_ZN14ScreenRecorder21showRecordingControlsEv,0x4
0x88fed4,_ZN15AllianceManager14containsFriendEP14LogicArrayListIP6FriendEPK9LogicLong,0x6c
0x88ff40,_ZN13TimelineValue9toBuilderERNS_7BuilderE,0x3dc
0x89031c,_ZN10SkinsPopupD0Ev,0x24
0x890340,_ZL34hb_font_get_glyph_v_advance_parentP9hb_font_tPvjS1_,0x58
0x890398,_ZN5titan3com9supercell5titan15PurchaseManagerC2EP8_jobject,0xbc
0x890454,_ZN22ShutdownStartedMessage18getServiceNodeTypeEv,0x8
0x89045c,_lzham_z_deflateInit,0x4
0x890460,_ZN22TeamSetLocationMessage17addCustomModifierEi,0x184
0x8905e4,_ZNSt6__ndk110__function6__funcIZN19EnvironmentRenderer6renderER9Matrix2x3R14ColorTransformifE4$_11NS_9allocatorIS7_EEFvvEE7destroyEv,0x4
0x8905e8,_ZNK20RankedSeasonEndPopup12getPopupTypeEv,0x8
0x8905f0,_ZN12VertexBuffer9updateIboEPKtj,0x6c
0x89065c,_ZNSt6__ndk110__function6__funcIZN27BattleEndRankedRankUpScreen14addExecutionToEP18SequencedExecutionE3$_1NS_9allocatorIS5_EEFbvEEclEv,0xac
0x890708,_ZN15ResourceManager20setEnableLazyLoadingEb,0x10
0x890718,_ZNSt6__ndk110__function6__funcIZN8TestCase13getStageWidthEvE4$_10NS_9allocatorIS3_EEFivEE18destroy_deallocateEv,0x4
0x89071c,_ZN4Node9transformERK14TransformationS2_,0x84
0x8907a0,_ZNK6icu_5813UnicodeString9doCompareEiiPKtii,0x120
0x8908c0,_ZN22RankRewardNotification6decodeEP10ByteStream,0x4c
0x89090c,_locale_getKeywords_58,0x28
0x890934,_ZNK20StopHomeLogicMessage14getMessageTypeEv,0x8
0x89093c,_ZplRK6Stringc,0x68
0x8909a4,_ZN15LogicJSONParser10parseValueERK6StringPi,0x1c8
0x890b6c,_ZN16LobbyInfoMessage9findEntryEi,0x38
0x890ba4,_ZNK11SCIDManager11getAccountsEv,0xf0
0x890c94,_ZN15StageDrawBucketC2Ev,0x6c
0x890d00,_ZN8GameMain7getRandEi,0x14
0x890d14,_ZN6String7valueOfEx,0xac
0x890dc0,_ZN9UdpPacket9setSenderEPKv,0x8
0x890dc8,_ZNK15LogicPathFinder30getClosestValidTargetTileIndexEv,0x70
0x890e38,_ZNK22ShutdownStartedMessage23getSecondsUntilShutdownEv,0x8
0x890e40,_ZNSt6__ndk110__function6__funcIZN21RankedTeamSelectPopup6updateEfE3$_1NS_9allocatorIS3_EEFP9ExecutionvEE18destroy_deallocateEv,0x4
0x890e44,_ZN14OfferTimerItemD0Ev,0x4
0x890e48,_ZL17ucharstrenum_nextP12UEnumerationPiP10UErrorCode,0x58
0x890ea0,_ZN8Databind24NlohmannJsonOutReflector16reflectExitArrayEv,0x4
0x890ea4,_ZN30RemoveAvatarStreamEntryMessage6decodeEv,0x2c
0x890ed0,_ZN21SectionShortcutButtonD2Ev,0x24
0x890ef4,_ZN18LeaderboardMessage9deleteAllEv,0xd8
0x890fcc,_ZN11SCIDManagerD2Ev,0x298
0x891264,_ZN27LogicDeviceLinkErrorMessage6encodeEv,0x38
0x89129c,_ZN15DownloadManager20destroyChronosQueuesEv,0x7c
0x891318,_ZN17HighRateUdpSocketD2Ev,0xb4
0x8913cc,_ZNK21LogicCompressedString9hasStringEv,0x10
0x8913dc,_ZN26AllianceKickOutStreamEntry15setAllianceNameEP6String,0x8
0x8913e4,_ZN8Settings17setLastUsedEmojisERK14LogicArrayListIiE,0x128
0x89150c,_ZN10NativeFont21formatterToBezierPathEP13FontFormatterR19scBezierPathBuilder,0xe4
0x8915f0,_ZN8RankItem7refreshEv,0x2f4
0x8918e4,_ZN9LogicMath15sqrtApproximateEii,0x2c
0x891910,_ZN12LogicVersion16getVersionStringEi,0x18
0x891928,_ZN11BasePageGUI22setMaxScrollOverBoundsEf,0x18
0x891940,_ZN14StreamItemList23setScrollToEntryOnEnterERK9LogicLong,0xc
0x89194c,_ZN27ChallengeRewardNotification8destructEv,0x60
0x8919ac,_ZN21ToggleDebugMenuButton13buttonPressedEv,0x4
0x8919b0,_ZNK20LogicEmoteBundleData11getDisabledEv,0x10
0x8919c0,_ZN14BrawlPassPopup6onDropEv,0x18
0x8919d8,_ZN14LoginOkMessage15setSessionCountEi,0x8
0x8919e0,_ZN14TitanInputFile4seekEii,0x60
0x891a40,_ZN20StopHomeLogicMessage8destructEv,0x4
0x891a44,_ZN21LogicBattleModeServerC2Eii,0x498
0x891edc,_ZN41CafeBazaarBillingProcessedByServerMessage8destructEv,0x48
0x891f24,_ZNKSt6__ndk110__function6__funcIZN32NativeFacebookConnectionCallback14sentAppRequestERK6StringS5_E3$_5NS_9allocatorIS6_EEFvvEE7__cloneEPNS0_6__baseIS9_EE,0x40
0x891f64,_ZNK37LogicPurchaseBrawlPassProgressCommand6encodeEP15ChecksumEncoder,0x34
0x891f98,_ZL13build_huffmanP7huffmanPi,0x4e0
0x892478,_ZN10InputField10markedTextEii,0x8
0x892480,_ZN11SocialPopup25getGreenNotificationCountEv,0x1c
0x89249c,_ZN24LogicLaserMessageFactoryC2Eb,0x34
0x8924d0,_ZNK24LogicParticleEmitterData20getParticleMinRadiusEv,0x10
0x8924e0,_ZNK17scFSAndroidAssets14createFileImplEPKci,0x64
0x892544,_ZN8Material9setShaderEP6Shader,0x78
0x8925bc,_ZNK12LogicGlobals11getIntValueERK6String,0x24
0x8925e0,_ZNK20QuickChatStreamEntry5cloneEv,0x148
0x892728,_ZN10GameButton21centerAmountTextFieldEP9TextFieldPKc,0x108
0x892830,_ZN16ScreenProperties7setYDpiEf,0xc
0x89283c,_ZN9EventItem7setInfoEv,0x524
0x892d60,_ZN14LogicPlayerMap10setBattlesEi,0x8
0x892d68,_ZN8CSVSaver4saveEPK7CSVNodeb,0xd0
0x892e38,_ZN24LoginUsingSessionMessage6decodeEv,0xa0
0x892ed8,_ZNK6CSVRow12isEmptyValueERK6Stringi,0x10
0x892ee8,_ZN13BattleLogItem17getOwnPlayerEntryEv,0x48
0x892f30,_ZN27BrawlerSuggestionStreamItem32formatSuggestionTargetPlayerNameEPK20QuickChatStreamEntry,0x74
0x892fa4,_ZN9NamePopup13buttonClickedEP12CustomButton,0x20
0x892fc4,_ZNKSt6__ndk110__function6__funcIZN7GLImage16createWithFormatEiiiiPKv9ImageWrap11ImageFilterRbE3$_8NS_9allocatorIS8_EEFvvEE7__cloneEPNS0_6__baseISB_EE,0x40
0x893004,_hb_unicode_compose,0x20
0x893024,_ZN12LogicRewards8destructEv,0x6c
0x893090,_ZN5lzham12lzcompressor19get_max_block_ratioEv,0xb4
0x893144,_ZN22PurchaseBrawlPassPopupC2Ev,0x3f4
0x893538,_ZN13OpenGLContextD2Ev,0x4
0x89353c,_ZN23CreateGameFailedMessageC2Ev,0x34
0x89360c,_ZNK33LogicInviteBlockingChangedCommand6encodeEP15ChecksumEncoder,0x3c
0x893648,_ZN16NameChangeWindowD2Ev,0xb4
0x8936fc,_ZN24AllianceJoinRequestPopup15createContainerERK6String,0x74
0x893770,_ZN27TeamToggleMemberSideMessage8destructEv,0xc8
0x893838,_ZNK10HeroSprite9HeroEntry7getFaceEi,0x38
0x893870,_utf8_back1SafeBody_58,0x90
0x893900,_ZNK29LogicReflectableContainerBase22accessReflectableForIdEi,0x48
0x893948,_ZThn96_N24RankedLeaderboardsScreen13buttonClickedEP12CustomButton,0x8
0x893950,_ZN17AnimationInstance11endPlaybackEv,0x8
0x893958,_ZN16LogicOfferBundle8addOfferEP13LogicGemOffer,0x13c
0x893a94,_ZNK17HighRateUdpPacket11getMessagesEv,0x8
0x893a9c,_ZNSt6__ndk110__function6__funcIZN8TestCase11pressButtonEP12CustomButtonE3$_0NS_9allocatorIS5_EEFvvEE7destroyEv,0x4
0x893aa0,_ZN43LogicBrawlPassAutoCollectWarningSeenCommandC2Ei,0x34
0x893ad4,_ZN17AvatarStreamEntry17setSenderAvatarIdEP9LogicLong,0x8
0x893adc,_ZN17LogicGameModeUtil22hasBoxesWithPowerCubesEi,0x18
0x893af4,_ZN20QuickChatEmojiOptionD2Ev,0x14
0x893b08,_ZNSt6__ndk110__function6__funcIZN27BattleEndRankedRankUpScreen14addExecutionToEP18SequencedExecutionE3$_1NS_9allocatorIS5_EEFbvEE18destroy_deallocateEv,0x4
0x893b0c,_ZN27JoinableAllianceListMessageC2Ev,0x34
0x893b40,_ZN26EnterSupportedCreatorPopupC2Ev,0x470
0x893fb0,_ZL8snprintfPcU17pass_object_size1mPKcz.15056,0x78
0x894028,_nti_iterator_get_line_leading,0x8
0x894030,_ZNK10GameCenter21isChallengesSupportedEv,0x8
0x894038,_ZN17ClientInfoMessage25removeConnectionInterfaceEv,0x10
0x894048,_ZN14MessageManager22getConnectionInterfaceEv,0x8
0x894050,_ZN5tween7Elastic7easeOutEffff,0xbc
0x89410c,_ZN15MovieClipHelper17autoCreateButtonsEP9MovieClipP15IButtonListenerRNSt6__ndk16vectorIP10GameButtonNS4_9allocatorIS7_EEEE,0x2c0
0x8943cc,_ZN33TencentCheckCanPayResponseMessageC2Ev,0x50
0x89441c,_ZNSt6__ndk110__function6__funcIZN7GLImage6createEPKhi9ImageWrap11ImageFilterE3$_2NS_9allocatorIS7_EEFvvEEclEv,0x60
0x89447c,_ZN20LogicCharacterServer13pushLaserBallEiiibi,0x4
0x894480,_ZN10ScrollArea24includeLeadingEmptySpaceEb,0xc
0x89448c,_ZN4Mesh6addRefEv,0x10
0x89449c,_ZN5lzham12symbol_codecC2Ev,0x30
0x8944cc,_ZN11RewardEntryC2EP10ByteStream,0xd0
0x89459c,_ZNSt6__ndk110__function6__funcIZN6scglTF12_GLOBAL__N_111convertGLTFEP7SCWFileRKN2fx4gltf8DocumentERK6StringE3$_0NS_9allocatorISE_EEFvvEED0Ev,0x4
0x8945a0,_ZNSt6__ndk110__function6__funcIZ14getLineProfileP13ILineListenerRK6StringE3$_0NS_9allocatorIS7_EEFvbPKN8linecorp4nova5graph5model7ProfileEPKNSB_5ErrorEEED0Ev,0x30
0x8945d0,_ZN21LogicAllianceRoleDataC2EP6CSVRowP14LogicDataTable,0x38
0x894608,_ZNK19LogicProjectileData19getSpawnAreaEffect2Ev,0x8
0x894610,_ZN12RC4EncrypterC2ERK6StringPKci,0x38
0x894648,_ZNK29UdpLatencyTestResponseMessage14getMessageTypeEv,0x8
0x894650,_ZNSt6__ndk110__function6__funcIZN11AndroidMain16onSurfaceCreatedEP13ANativeWindowE3$_0NS_9allocatorIS5_EEFvvEE7destroyEv,0x4
0x894654,_ZN21LogicBattleModeServer27executeOfflineInputMessagesEv,0xc0
0x894714,_ZN26ListBrawlTvChannelsMessage18getServiceNodeTypeEv,0x8
0x89471c,_ZN7rg_etc114etc1_optimizer7computeEv,0x518
0x894c34,_ZN11SkinPreview7setTypeEi,0x78
0x894cac,_ZNK14BattleTutorial18shouldUseAutoShootEv,0x4c
0x894cf8,_lv1_root_detect_tamper_action__ZL4initv,0x60
0x894d58,_sub_894D58,0x1c
0x894d74,_sub_894D74,0x2b0
0x895024,_ZNKSt6__ndk110__function6__funcIZN19SupercellIdCallback14friendsChangedEP8_jobjectP13_jobjectArrayE4$_14NS_9allocatorIS7_EEFvvEE6targetERKSt9type_info,0x1c
0x895040,_ZN29RankedMatchPickStartedMessage18getServiceNodeTypeEv,0x8
0x895048,_ZN8Databind16JSONOutReflector25reflectNextObjectOptionalEb,0x28
0x895070,_ZN16YoozooLoginStateD2Ev,0x9c
0x89510c,_ZN17UnlockAccountMenuD0Ev,0x7c
0x895188,_ZN34AllianceOnlineStatusUpdatedMessageC2Ev,0x3c
0x8951c4,_u_strFindLast_58,0x1cc
0x895390,_ZN8Databind15JSONInReflector16reflectExitArrayEv,0x4
0x895394,_ZN12BadgePreview12setAnimationEi,0x64
0x8953f8,_ZNSt6__ndk17__sort3IRZN24LocalNotificationManager20refreshNotificationsEvE3$_0PNS1_10sNotifDataEEEjT0_S6_S6_T_,0x464
0x89585c,_ZN25EventSuggestionStreamItemC2EP20QuickChatStreamEntry,0x218
0x895a74,_ZNKSt6__ndk110__function6__funcIZN8TestCase9touchDownEP13DisplayObjectE4$_14NS_9allocatorIS5_EEFvvEE7__cloneEPNS0_6__baseIS8_EE,0x40
0x895ab4,_ZN20LogicCharacterClient17calculateChargeUpEPK11LogicPlayer,0x18c
0x895c40,_ZN15SpriteToTexture19renderDisplayObjectEP6Spritei,0x1a8
0x895de8,_ZNK22MapEditorModifierPopup25showTopHUDRightUnderModalEv,0x8
0x895df0,_ZNKSt6__ndk110__function6__funcIZN32NativeFacebookConnectionCallback7friendsERK6StringE3$_2NS_9allocatorIS6_EEFvvEE11target_typeEv,0xc
0x895dfc,_ZNKSt6__ndk110__function6__funcIZN11scTaskQueue3runIZN8TestCase11pressButtonEP12CustomButtonE3$_0EENS_13invoke_resultIT_JEE4typeES9_EUlvE_NS_9allocatorISC_EEFvvEE6targetERKSt9type_info,0x1c
0x895e18,_ZNKSt6__ndk110__function6__funcIZN11scTaskQueue3runIZN8TestCase11touchSpriteEP6SpriteE3$_2EENS_13invoke_resultIT_JEE4typeES9_EUlvE_NS_9allocatorISC_EEFvvEE6targetERKSt9type_info,0x1c
0x895e34,_ZN21RankedCoinFlipOverlayD2Ev,0x108
0x895f3c,_ZN15LogicClientHome20listOfflineShopPacksEP14LogicArrayListIPK24LogicBillingPackagesDataES5_,0x490
0x8963cc,_ZN21LogicBattleModeClient8destructEv,0x444
0x896810,_ZZN7GLImage16createWithFormatEiiiiPKv9ImageWrap11ImageFilterRbENK3$_8clEv,0x358
0x896b68,_ZNSt6__ndk110__function6__funcIZN19SupercellIdCallback11bindAccountEP8_jobjectRK6StringS7_S7_S7_bE3$_1NS_9allocatorIS8_EEFvvEED2Ev,0x40
0x896ba8,_ZN23LogicAchievementManager26refreshAchievementProgressEP17LogicClientAvatari,0x4
0x896bac,_u_charMirror_58,0x14
0x896bc0,_ZNK13LogicHintData13getExportNameEv,0x10
0x896bd0,_ZN11SCIDManager6updateEv,0xec
0x896cbc,_ZN10scFileImpl10createImplE14scFileImplTypePKcim,0x1a4
0x896e60,_ZN30StartLatencyTestRequestMessageC2Ei,0x44
0x896ea4,_ZN14TitanInputFile10readStringEPci,0x2c
0x896ed0,_ZN9RankPopupD0Ev,0x24
0x896ef4,_ZNK19LogicMappedCSVTable8getTableEv,0x8
0x896efc,_ZN20LogicItemSeenCommandC2Ev,0x30
0x896f2c,_ZN10MapPreview6updateEf,0x134
0x897060,_ZN10ItemsPopupC2EiPK18LogicCharacterDataPK13LogicCardDatai,0x1e0
0x897240,_ZN9InitState17contentUpdateDoneEv,0x364
0x8975a4,_ZNSt6__ndk110__function6__funcIZN6Shader4loadEPKcS4_S4_E3$_1NS_9allocatorIS5_EEFvvEEclEv,0x8
0x8975ac,_ZNK13LogicHomeMode14isHeroMaxLevelEi,0x14
0x8975c0,_ZNK14LogicSkillData14getLoopEffect2Ev,0x8
0x8975c8,_ZN8Debugger23enableUrlValidationModeEb,0x10
0x8975d8,_ZNK18LogicGemBundleData22getCooldownTimeSecondsEv,0x10
0x8975e8,_ZN12LogicRewards19getFirstValidRewardEPK13LogicHomeMode,0x6c
0x897654,_ZN16ChatOptionsPopup17backButtonPressedEv,0xc
0x897660,_ZN14AllianceScreen5closeEv,0x14
0x897674,_ZN13AlliancePopupD0Ev,0x24
0x897698,_adler32_combine64,0xc4
0x89775c,_ZN20LogicCharacterServer19getAliveTeamMembersEv,0x1dc
0x897938,_ZN14VideoAdManager17constructInstanceEv,0x38
0x897970,_ZNK30LogicDeviceLinkResponseMessage12getErrorCodeEv,0x8
0x897978,_ZNK15MapEditorScreen18isTeleportTileDataEPK13LogicTileData,0x54
0x8979cc,_ZNK8HomeMode15getLoadingTitleEv,0x10
0x8979dc,_ZN22TeamClearInviteMessage6encodeEv,0x28
0x897a04,_ZN8GoalList12getTrackInfoEiiRK6String,0x4a4
0x897ea8,_ZN22EsportTournamentsPopup10refreshJWTEv,0x10
0x897eb8,_ZNK14LogicReflector30checkReflectableIdRequiredTypeEii,0x3c
0x897ef4,_ZNK15GameSCIDManager19isSCIDButtonEnabledEv,0x1c
0x897f10,_ZN6icu_5811Normalizer211getInstanceEPKcS2_19UNormalization2ModeR10UErrorCode,0x31c
0x89822c,_ZN15PepperEncrypterD2Ev,0x24
0x898250,_ZN9BitStream16writeIntMax32767Ei,0x8
0x898258,_ZN11Character3D24activateNormalAnimationsEv,0x74
0x8982cc,_ZN29LogicClaimRankUpRewardCommand15setClaimedIndexEPK13LogicHomeModeiii,0x90
0x89835c,_ZThn96_N22ConfirmChangeClanPopup13buttonClickedEP12CustomButton,0x8
0x898364,_ZNK17LogicGameCalendar9compareToEiiii,0xa4
0x898408,_ZN5titan3com9supercell5titan17GL2JNISurfaceViewC2EP8_jobject,0xbc
0x8984c4,_ZNSt6__ndk110__function6__funcIZN11scTaskQueue3runIZN8TestCase13getStageWidthEvE4$_10EENS_13invoke_resultIT_JEE4typeES7_EUlvE_NS_9allocatorISA_EEFvvEEclEv,0xa4
0x898568,_ZN12_GLOBAL__N_14path8getFilesERK6scPath,0x500
0x898a68,_ZN23ChronosEventSeenMessage6decodeEv,0x2c
0x898a94,_ZN11LogicPlayer20increaseTeamingScoreEi,0x20
0x898ab4,_ZN5titan4java4util3MapC2EP8_jobject,0xbc
0x898b70,_ZNK18WaitingPopupRanked28allowClosingFromModalTappingEv,0x8
0x898b78,_ZN15LogicDataTables18getChallengeByTypeEi,0x8c
0x898c04,_ZN32LogicDeviceLinkMenuClosedMessage8destructEv,0x4
0x898c08,_ZN16DataLoaderShaderD2Ev,0xd0
0x898cd8,_ZN10LoginStateD0Ev,0x24
0x898cfc,_DynBuf_Free,0x38
0x898d34,_ZN23HomeBattleReplayMessage11setReplayIdEP9LogicLong,0x30
0x898d64,_ZN14DataLoaderSC3DD2Ev,0xb8
0x898e1c,_ZN11LogicPlayer14tickDamageDoneEv,0x358
0x899174,_Z20genSort_trophiesDescPK18LogicCharacterDataS1_ii,0xa0
0x899214,_hb_blob_make_immutable,0x18
0x89922c,_ZNK11LogicPlayer22getObjectivesRecoveredEv,0x3c
0x899268,_ZN29FacebookAccountUnboundMessage8destructEv,0x4
0x89926c,_ZNSt6__ndk17__sort5IRZN11wendelstein19SpriteSheetRenderer6updateERKNS_6vectorINS1_8ParticleENS_9allocatorIS4_EEEERKNS3_INS1_11SpriteSheetENS5_ISA_EEEEiE3$_0PiEEjT0_SI_SI_SI_SI_T_,0x1ec
0x899458,_ZN6Friend17setLoadedFromLineEb,0xc
0x899464,_Z13applyDeadZoneff,0x48
0x8994ac,_ZNK18LogicCharacterData18getDeathAreaEffectEv,0x8
0x8994b4,_ZN9TextTweenD0Ev,0x80
0x899534,_ZN8ImpostorC2EP9sc3dWorldPKcP12RenderTarget,0x308
0x89983c,_ZL29hb_font_get_glyph_extents_nilP9hb_font_tPvjP18hb_glyph_extents_tS1_,0xc
0x899848,_ZN22EsportTournamentsPopup25getGreenNotificationCountEv,0x68
0x8998b0,_ZN19DebugPerformanceHud14incrementValueENS_27DebugPerformanceCounterTypeEi,0x3c
0x8998ec,_ZN23LogicCharacterClientOwn16setFinalPositionEiiiP21LogicBattleModeClient,0x20c
0x899af8,_ZN12VertexBuffer16updateIboSubDataEPKvit,0x64
0x899b5c,_ZN13DisplayObject17setPixelSnappedXYEff,0x10
0x899b6c,_ZN11AndroidMain10_gameStartEv,0x198
0x899d04,_ZNK28LogicGameObjectManagerServer23getGameObjectStartIndexEi,0x78
0x899d7c,_ZN9UdpSocket17connectNonAckModeERK6StringiPKcS4_,0x74
0x899df0,_ZN17LogicGameModeUtil19isRewardBasedOnTimeEi,0x8
0x899df8,_ZN27ClaimRankRewardPopupHandler14setupExtraDescEP9TextField,0x1dc
0x899fd4,_ZNK20LogicCharacterClient17isAttackChargedUpEv,0x28
0x899ffc,_utrace_getLevel_58,0xc
0x89a00c,_ZNK6icu_5820UnicodeSetStringSpan12spanBackUTF8EPKhi17USetSpanCondition,0x5b4
0x89a5c0,_ZN16PlayerMapManager16destructInstanceEv,0x38
0x89a5f8,_ZN13HeroModelItem15playRandomSoundEPK13LogicSkinDataf,0x2dc
0x89a8d4,_ZN14SettingsScreen6updateEf,0x5a4
0x89ae78,_ZNK11LineManager10isLoggedInEv,0x8
0x89ae80,_ZN25BindTencentAccountMessage18getServiceNodeTypeEv,0x8
0x89ae88,_ZN13ShopBgElement21updateEntryAnimationsEf,0x1c8
0x89b050,_ZN9MovieClip5pauseEv,0x1c
0x89b06c,_ZNK31BattleLogReplayAvailableMessage14getMessageTypeEv,0x8
0x89b074,_ZN34JoinAllianceUsingInvitationMessage6decodeEv,0x2c
0x89b0a0,_ZN28DeviceLinkConfirmationScreenD0Ev,0xa8
0x89b148,_ZN5lzham12symbol_codec21arith_propagate_carryEv,0x3c
0x89b184,_ZN10InputField12visualOffsetEii,0x14
0x89b198,_ZN13SettingsPopup15getScreenByTypeEi,0x38
0x89b1d0,_ZN10PlayerInfo7setDataEP14PiranhaMessage,0x164
0x89b334,_ZN7PageGUI6updateEf,0xf8
0x89b42c,_ZN22ClientContentValidator21validateChallengeDataEPK18LogicChallengeData,0x26c
0x89b698,_ZN6icu_586LocaleC2ENS0_11ELocaleTypeE,0x74
0x89b70c,_ZNKSt6__ndk110__function6__funcIZN11scTaskQueue3runIZ62Java_com_supercell_titan_TitanWebView_shouldOverrideUrlLoadingE3$_0EENS_13invoke_resultIT_JEE4typeES6_EUlvE_NS_9allocatorIS9_EEFvvEE7__cloneEPNS0_6__baseISC_EE,0x18
0x89b724,_ZN25SupportCreatorItemHandler14refreshContentEP9MovieClip,0x100
0x89b824,_ZN19SuggestBrawlerPopup18onHeroItemSelectedEPK8HeroItem,0x128
0x89b94c,_ZN26AppleBillingRequestMessage6encodeEv,0x60
0x89b9ac,_ZN17LogicGamePlayUtil27lineSegmentIntersectsCircleEiiiiiiiP12LogicVector2,0x120
0x89bacc,_ZN11LogicPlayer6decodeEP10ByteStream,0x12c
0x89bbf8,_ZN17FriendRequestItemD0Ev,0x9c
0x89bc94,_ZN22SearchAlliancesMessage13getMaxMembersEv,0x8
0x89bc9c,_Z19herodataSort_latestPK18LogicCharacterDataS1_,0x34
0x89bcd0,_ZL21stringIteratorHasNextP13UCharIterator,0x10
0x89bce0,_ZNK21LogicTutorialStepData15getStartDelayMSEv,0x10
0x89bcf0,_ZN17LogicClientAvatar14createUpgradesEPK18LogicCharacterData,0xec
0x89bddc,_ZN9OutStreamD2Ev,0x30
0x89be0c,_ZN29PurchaseGatchaBoxPopupHandlerD0Ev,0x40
0x89be4c,_ZN8Material13getStencilTexEv,0x38
0x89be84,_ZN5titan3com9supercell5titan15PurchaseManager17cppBillingCreatedEv,0x5c
0x89bee0,_ZNK12MovieClipRef9serializeEv,0x34
0x89bf14,_ZNKSt6__ndk110__function6__funcIZ45Java_com_supercell_titan_Kakao_receivedFriendE3$_1NS_9allocatorIS2_EEFvvEE7__cloneEv,0x68
0x89bf7c,_Z37hb_ot_layout_position_finish_advancesP9hb_font_tP11hb_buffer_t,0x4
0x89bf80,_ZNK12GUIContainer16getAnalyticsNameEv,0x8
0x89bf88,_ZNK5Stage21isPointInsideClipAreaEv,0x48
0x89bfd0,_ZThn224_N16NameChangeScreen23handleNameChangeMessageEv,0x4
0x89bfd4,_ZN17AllianceTeamEntry18calculateSortScoreEv,0x150
0x89c124,_lzham_compress_deinit,0x4
0x89c128,_ZNSt6__ndk110__function6__funcIZN11scTaskQueue3runIZN7GLImage6createEPKc9ImageWrap11ImageFilterE3$_1EENS_13invoke_resultIT_JEE4typeESB_EUlvE_NS_9allocatorISE_EEFvvEED0Ev,0x4
0x89c12c,_ZN18AntiAddictionCheckD2Ev,0x20
0x89c14c,_ZN17FriendListMessage18getServiceNodeTypeEv,0x8
0x89c154,_ZNK9CombatHUD18getAccessoryStickXEv,0x14
0x89c168,_ZN30PurchaseKeyDoublerPopupHandler10setupPriceEP9MovieClip,0x90
0x89c1f8,_ZNKSt6__ndk110__function6__funcIZN11scTaskQueue3runIZN7SCWFile4loadER12SCWFileInputE3$_0EENS_13invoke_resultIT_JEE4typeES9_EUlvE_NS_9allocatorISC_EEFvvEE11target_typeEv,0xc
0x89c204,_ZThn96_NK10SCIDWindow16getAnalyticsNameEv,0x80
0x89c284,_face_requester,0x1c
0x89c2a0,_ZN8HomePage21refreshFeaturedPlayerEv,0x440
0x89c6e0,_uiter_setState_58,0x3c
0x89c71c,_ZN8Shader3D9setShaderEP6ShaderP8Material,0x2c
0x89c748,_ZNK9UdpPacket8toStringEv,0x104
0x89c84c,_ZN6icu_586Locale10getEnglishEv,0x14
0x89c860,_ZN28BindGamecenterAccountMessage15removeSignatureEv,0x14
0x89c874,_ZN4Shop25setupOriginalPriceElementEP9MovieClipP16LogicOfferBundle,0xbc
0x89c930,_Z19loadProgressiveJPEGPKcPiS1_S1_i,0x360
0x89cc90,_ZN9GameUtils11attenuationEffff,0x6c
0x89ccfc,_ZN15sc3dWorldCamera16transformChangedEv,0x258
0x89cf54,_ZThn8_N6icu_5813UnicodeFilter7matchesERKNS_11ReplaceableERiia,0x124
0x89d078,_ZL15free_ft_libraryv,0xc
0x89d084,_ZN20SetEncryptionMessageC2Ei,0x34
0x89d0b8,_ZN8HomePage16getOwnDifficultyEv,0x18
0x89d0d0,_ZN14LogicEmoteDataC2EP6CSVRowP14LogicDataTable,0x38
0x89d108,_ZN27ChallengeRewardNotification16getLocalizedNameEv,0x8
0x89d110,_ZN10Multitouch14getTouchWithIdEjRiS0_RfS0_,0xc
0x89d11c,_ZN13LogicSkinData8setModelERK6String,0x8
0x89d124,_ZN35AllianceInvitationSendFailedMessageC2Ev,0x34
0x89d158,_ZN19DebugPerformanceHud17getCounterEnabledENS_27DebugPerformanceCounterTypeE,0x34
0x89d18c,_ZNKSt6__ndk110__function6__funcIZN27BattleEndRankedRankUpScreen14addExecutionToEP18SequencedExecutionE3$_2NS_9allocatorIS5_EEFbvEE7__cloneEPNS0_6__baseIS8_EE,0x18
0x89d1a4,_ZN9TeamEntry5isLftEv,0x44
0x89d1e8,_ZN31ChallengeSkinRewardNotification8destructEv,0x24
0x89d20c,_ZN11SkinPreview14saveAnimationsEv,0x60
0x89d26c,_ZN23CreateGameFailedMessage12setErrorCodeEi,0x8
0x89d274,_ZN12jpeg_decoder20skip_variable_markerEv,0x240
0x89d4b4,_ZNK19LogicProjectileData19executeChainOnNoHitEv,0x10
0x89d4c4,_ZNSt6__ndk110__function6__funcIZN11AndroidMain16onSurfaceChangedEiiE3$_1NS_9allocatorIS3_EEFvvEED0Ev,0x4
0x89d4c8,_ZN19LogicResourceBundle8subtractEPKS_,0xa8
0x89d570,_ZNK14LogicCondition6encodeEP15ChecksumEncoder,0x44
0x89d5b4,_ZNSt6__ndk110__function6__funcIZN11AndroidMain11releaseGameEvE3$_5NS_9allocatorIS3_EEFvvEEclEv,0x74
0x89d628,_ZN5titan7android7content3res19AssetFileDescriptor17getFileDescriptorEv,0x7c
0x89d6a4,_ZN17AbilityCastingHUD16abilityTriggeredEiiiP12RenderSystemP20LogicCharacterClient,0x4
0x89d6a8,_ZN9MovieClip20setFrameSkippingTypeENS_16FramSkippingTypeE,0x8
0x89d6b0,_ZNK6Sprite11getCapacityEv,0x8
0x89d6b8,_ZN24TextInputVirtualKeyboard6revertEv,0x28
0x89d6e0,_ZN12TestReporter9outputLogE6String,0x38
0x89d718,_ZN8HomePage28refreshSelectedEventSeasonalEb,0x11c
0x89d834,_ZN27LogicCommandManagerListener15commandExecutedEP12LogicCommand,0x40
0x89d874,_ZN15ChatStreamEntry10setMessageEP6String,0x8
0x89d87c,_ZN5titan3com9supercell5titan19GoogleServiceClient17unlockAchievementERK6String,0xac
0x89d928,_ZN12AllianceInfo10refreshTabEv,0x150
0x89da78,_ZN16LogicSkillServer11maxCooldownEP20LogicCharacterServer,0x8
0x89da80,_ZN21LogicGameObjectServer4tickEv,0x4
0x89da84,_ZNKSt6__ndk110__function6__funcIZN7GLImage16createWithFormatEiiiiPKv9ImageWrap11ImageFilterRbE3$_8NS_9allocatorIS8_EEFvvEE11target_typeEv,0xc
0x89da90,_ZN8xPlane3fC2Ev,0x8
0x89da98,_ZN17TopResourceButton17setCounterVisibleEb,0x10
0x89daa8,_ZN28TencentBillingRequestMessage6decodeEv,0xf4
0x89db9c,_ZNK9TextField17getGrayscaleColorEi,0x48
0x89dbe4,_ZN8HomePage21toggleHamburgerSliderEbb,0x11c
0x89dd00,_ZNKSt6__ndk110__function6__funcIZN5titan3com6google7android4play4core5tasks18OnCompleteListener6invokeEP10_jmethodIDP13_jobjectArrayE3$_0NS_9allocatorISE_EEFvRN8safe_jni5ProxyENS8_4TaskEEE11target_typeEv,0xc
0x89dd0c,_ZNK29LogicDecreaseHeroScoreCommand14getCommandTypeEv,0x8
0x89dd14,_ZN8HomePage30setUpRankedModeElementForEventEP9MovieClipP9EventData,0xb8
0x89ddcc,_ZNK10ZipArchive3md5ERK8ZipEntry,0xb4
0x89de80,_ZN22LogicQuestsSeenCommand7executeEP13LogicHomeModeib,0x50
0x89ded0,_uhash_get_58,0x11c
0x89dfec,_ZN8Databind23NlohmannJsonInReflector9getStringERK6StringS3_,0x19c
0x89e188,_processPropertySeq,0xb18
0x89eca0,_ZN19LogicResourceBundle4initEv,0x254
0x89eef4,_ZN24EsportTournamentsWebViewD2Ev,0x108
0x89effc,_ZN12RenderSystem12processFenceEPK13LogicTileDataii,0x81c
0x89f818,_ZN20PlayerMapDeletePopup13buttonClickedEP12CustomButton,0x68
0x89f880,_ZNK28LogicGameObjectManagerServer17getNumGameObjectsEv,0x8
0x89f888,_ZNSt6__ndk110__function6__funcIZN11AndroidMain19keyboardSizeChangedEffE3$_7NS_9allocatorIS3_EEFvvEED0Ev,0x4
0x89f88c,_ZN15LogicDataTables24getParticleEmitterByNameERK6StringPK9LogicData,0x20
0x89f8ac,_ZNK22ShapeDrawBitmapCommand4getVEi,0x28
0x89f8d4,_Z68Java_com_supercell_titan_PurchaseManager_updateBillingProductDetailsP7_JNIEnvP7_jclassP8_jstringS4_i,0x4c0
0x89fd94,_ZN12FilterEffect8setScaleEf,0x4
0x89fd98,_ZN13DebugMenuBase14createCategoryEPKc,0x28c
0x8a0024,_ZN17MovieClipModifierD0Ev,0x34
0x8a0058,_ZN34PurchaseOfferHighlightPopupHandler19beforeOffersReceiveEP14LogicArrayListIP16LogicOfferBundleE,0x98
0x8a00f0,_ZNK22scLZMADecompressFilter4tellEv,0x8
0x8a00f8,_ZN11StringTable9getStringEPKc,0x168
0x8a0260,_ZN22ShapeDrawBitmapCommand15moveCoordinatesEff,0x78
0x8a02d8,_ZN19LogicMappedCSVTableC2Ev,0x54
0x8a032c,_ZN14LogicDailyData25setSkinSectionOfferViewedEv,0x74
0x8a03a0,_ZN32GoHomeFromOfflinePractiseMessage6decodeEv,0x30
0x8a03d0,_ZNK27KunlunBillingRequestMessage8getPriceEv,0x8
0x8a03d8,_ZN5titan3com9supercell5titan19ApplicationUtilBase13getAppVersionEv,0x70
0x8a0448,_ZN16TeamErrorMessageC2Ev,0x34
0x8a047c,_ZN16ScreenProperties8setWidthEj,0xc
0x8a0488,_ZNK14BattleLogEntry21getLocationInstanceIDEv,0x14
0x8a049c,_ZN15LogicDataTables30getLaserBallCatchedOtherEffectEv,0xc
0x8a04a8,_ZN21SectionShortcutButtonC2EP9MovieClipP20SelectableButtonListRK6String,0x1d4
0x8a067c,_ZN5Stage18setBackgroundColorEi,0xc
0x8a0688,_ZNK27LogicCooldownExpiredCommand14getCommandTypeEv,0x8
0x8a0690,_ZNK22LogicHelpOpenedCommand14getCommandTypeEv,0x8
0x8a0698,_ZNK10Connection11isConnectedEv,0x8
0x8a06a0,_ZNK14LogicThemeData13getThemeMusicEv,0x8
0x8a06a8,_ZN21SectionShortcutButtonD0Ev,0x44
0x8a06ec,_ZN12UIOpenDialogD2Ev,0x84
0x8a0770,_ZN16AllianceWarPopup10removeItemEP15AllianceWarNode,0x14c
0x8a08bc,_ZN6scFileD2Ev,0x58
0x8a0914,_ZN6icu_5810UnicodeSet23applyPatternIgnoreSpaceERKNS_13UnicodeStringERNS_13ParsePositionEPKNS_11SymbolTableER10UErrorCode,0x100
0x8a0a14,_ZN12_GLOBAL__N_111loadTextureERK6String,0xe8
0x8a0afc,_ZN12LogicVector3C2Eiii,0xc
0x8a0b08,_ZN19IGameCenterListener24gameCenterProfilePictureERK6StringP7GLImage,0x4
0x8a0b0c,_ZN10UdpMessage12setMessageIdEc,0x8
0x8a0b14,_ZN28BindGamecenterAccountMessage10removeSaltEv,0x14
0x8a0b28,_ZN19LogicRawInReflector13fixReferencesEPK16ReflectableIdMap,0x244
0x8a0d6c,_ZN14ChallengeEntry11setAvatarIdEP9LogicLong,0x8
0x8a0d74,_ZN15LogicDataTables18getHealingTileDataEv,0xc
0x8a0d80,_ZL11noopCurrentP13UCharIterator,0x8
0x8a0d88,_ZNK14BattleEndPopup21hasRankedRankUpScreenEv,0x48
0x8a0dd0,_ZN8GameMain10reloadGameEv,0x48
0x8a0e18,_ZN30LogicDeleteNotificationCommandC2Eii,0x40
0x8a0e58,_ZN23MatchmakeRequestMessageC2Ev,0x40
0x8a0e98,_ZN22BattleEndPreviewButton15getCurrentValueEv,0x1c
0x8a0eb4,_ZNK14LogicSkillData16getPercentDamageEv,0x10
0x8a0ec4,_ZN10LZMAReader10uncompressEv,0x1f4
0x8a10b8,_lzham_decompress_init,0x4
0x8a10bc,_ZN33LogicViewInboxNotificationCommandC2Ev,0x30
0x8a10ec,_ZN8Databind4Util18isSerializedAsEnumEPK13DatabindField,0xf8
0x8a11e4,_ZN16AllianceSettings13touchReleasedERK5Touch,0x38
0x8a121c,_ZNK26AllianceKickOutStreamEntry15getSenderHomeIdEv,0x8
0x8a1224,_ZNK14TencentManager19wasLastLoginAsGuestEv,0x9c
0x8a12c0,_ZN15MovieClipHelper18addScreenContainerEP6SpriteRK6StringiRNSt6__ndk16vectorIP9MovieClipNS5_9allocatorIS8_EEEE,0x30
0x8a12f0,_ZN11TeamManager17updateInvitationsEv,0x2fc
0x8a15ec,_ZN14LogicCondition6isSameERKS_S1_,0x2c
0x8a1618,_ZN14FriendsManager10setFriendsEbP14LogicArrayListIP11FriendEntryE,0x228
0x8a1840,_ZN11SCIDManager20accountBindingFailedEv,0xc8
0x8a1908,_ZN5UITab6handleEP5UICtxi,0x50
0x8a1958,_ZN5tween4Back6easeInEffff,0x30
0x8a1988,_ZN5titan3com9supercell5titan7GameApp11getInstanceEv,0x70
0x8a19f8,_ZN37SendAllianceInvitationToFriendMessage6decodeEv,0x58
0x8a1a50,_ZN15LogicDataTables14validateTablesEv,0x4
0x8a1a54,_ZN18DonateNotificationC2Ev,0x34
0x8a1a88,_ZN9xMatrix4422transformVectorArray3fEPKfjjS1_jPf,0x94
0x8a1b1c,_ZNK17GameCenterManager10isLoggedInEv,0x20
0x8a1b3c,_ZN27ChatToAllianceStreamMessageC2Ev,0x34
0x8a1b70,_inflateGetHeader,0x5c
0x8a1bcc,_ZNK9TeamEntry24getLowestDifficultyLevelEv,0x9c
0x8a1c68,_ZNSt6__ndk110__function6__funcIZN11scTaskQueue3runIZN7GLImage6createEPKhi9ImageWrap11ImageFilterE3$_2EENS_13invoke_resultIT_JEE4typeESB_EUlvE_NS_9allocatorISE_EEFvvEED0Ev,0x4
0x8a1c6c,_ZN14BrawlPassPopup14refreshIndicesEv,0x50
0x8a1cbc,_ZN15PromoEventPopup6updateEf,0x34
0x8a1cf0,_ZNK6icu_5822RuleBasedBreakIterator17getDynamicClassIDEv,0xc
0x8a1cfc,_ZN16LobbyInfoMessage18getServiceNodeTypeEv,0x8
0x8a1d04,_ZNSt6__ndk110__function6__funcIZN11scTaskQueue3runIZN8TestCase11touchSpriteEP6SpriteE3$_1EENS_13invoke_resultIT_JEE4typeES9_EUlvE_NS_9allocatorISC_EEFvvEEclEv,0x40
0x8a1d44,_ZL16final_reorderingPK18hb_ot_shape_plan_tP9hb_font_tP11hb_buffer_t,0xd48
0x8a2a8c,_ZN27BrawlPassRewardNotification6encodeEP15ChecksumEncoder,0x34
0x8a2ac0,_ZN6icu_5821DictionaryBreakEngine13setCharactersERKNS_10UnicodeSetE,0x18
0x8a2ad8,_ZNK13DisplayObject9getScaleYEv,0x8
0x8a2ae0,_ZN17LogicClientAvatar12setHeroLevelEPK18LogicCharacterDatai,0x14
0x8a2af4,_ZN15LogicDataTables14getDiamondDataEv,0xc
0x8a2b00,_ZN12SupercellSWF8loadTagsEbbbbRK6StringS2_,0xf1c
0x8a3a1c,_ZN5titan7android5media11MediaPlayer4stopEv,0x7c
0x8a3a98,_ZNK9LogicData13getInstanceIDEv,0x8
0x8a3aa0,_hb_font_get_glyph_contour_point,0x2c
0x8a3acc,_ZN15EffectManager2D12removeEffectEi,0xa0
0x8a3b6c,_utext_next32_58,0xd8
0x8a3c44,_ZNSt6__ndk110__function6__funcIZ59Java_com_supercell_titan_GoogleServiceClient_onSignInFailedP7_JNIEnvP7_jclassE3$_3NS_9allocatorIS6_EEFvvEE7destroyEv,0x4
0x8a3c48,_ZN10NativeFont15NativeFormatter16getGlyphFontSizeEv,0x40
0x8a3c88,_ZN17EventDetailsPopup21getEventModifierTitleEi,0x10
0x8a3c98,_ZN20LogicCharacterServer6tickAIEv,0x90
0x8a3d28,_ZN24BadgePreviewToggleButton13buttonPressedEv,0x4
0x8a3d2c,_ZN25TeamSetMemberReadyMessage18getServiceNodeTypeEv,0x8
0x8a3d34,_ZN24StretchableContextBubble14arrangeButtonsEP14LogicArrayListIP10GameButtonE,0x150
0x8a3e84,_unorm2_getNFKCInstance_58,0x20
0x8a3ea4,_Z54Java_com_supercell_titan_GoogleServiceClient_onSignOutP7_JNIEnvP7_jclass,0x190
0x8a4034,_ZN14EnterNamePopup14getDefaultNameEv,0x10
0x8a4044,_ZN17LogicGameModeUtil15isProtectedKingEiiPK18LogicCharacterDataPK17LogicIntArrayList,0x3c
0x8a4080,_Z9scFNV1a64mPKvm,0x2c
0x8a40ac,_ZN19DebugPerformanceHud17setCounterEnabledENS_27DebugPerformanceCounterTypeEb,0x14
0x8a40c0,_ZN24LatencyTestResultMessageC2Ev,0x48
0x8a4108,_ZNSt6__ndk110__function6__funcIZN11AndroidMain11releaseGameEvE3$_5NS_9allocatorIS3_EEFvvEED0Ev,0x4
0x8a410c,_ZN12CustomButton27setDisabledRenderConfigBitsEi,0x60
0x8a416c,_ZN22TeamMemberStatusButton13touchReleasedERK5Touch,0x4
0x8a4170,_ZNKSt6__ndk110__function6__funcIZN12RenderSystem24startEffectManagerUpdateEfE3$_0NS_9allocatorIS3_EEFvvEE11target_typeEv,0xc
0x8a417c,_ZN20CreatePlayerMapPopup20getMapCreateErrorTIDEi,0x28
0x8a41a4,_ZN19AvatarStreamManager24removeAllAllianceInvitesEv,0x78
0x8a421c,_ZN24AcceptTokenFriendMessage8setTokenEP6String,0x44
0x8a4260,_ZN13FriendsScreen6updateEf,0x684
0x8a48e4,_ZN22EsportTournamentsPopup17getTitleTextFieldEv,0x18
0x8a48fc,_ZNKSt6__ndk110__function6__funcIZN7GLImage6createEPKhi9ImageWrap11ImageFilterE3$_5NS_9allocatorIS7_EEFvvEE6targetERKSt9type_info,0x1c
0x8a4918,_ZN15ParticleEmitter16removeReferencesEPK14GameObjectBasei,0x4
0x8a491c,_ZN15sc3dWorldObjectD2Ev,0x1b0
0x8a4acc,_ZN14MessageManager17constructInstanceEP9Messaging,0x130
0x8a4bfc,_ZN24LocalNotificationManager14setupNotifDataEPK26LogicLocalNotificationDatai6Stringi,0x140
0x8a4d3c,_ZN16DataGainListener8setStateEi,0xf8
0x8a4e34,_ZNK23SignoffPlayerMapMessage14getMessageTypeEv,0x8
0x8a4e3c,_ZNK16LogicMessageData10isAgeGatedEv,0x10
0x8a4e4c,_ZN6Friend8setScoreEi,0x8
0x8a4e54,_ZN20AllianceCountryPopup12refreshTitleEP18DecoratedTextField,0x30
0x8a4e84,_ZNK16LogicOfferBundle11getSoloSkinEv,0x2c
0x8a4eb0,_ZN6Shader4bindEv,0x30
0x8a4ee0,_ZNSt6__ndk110__function6__funcIZN12scFilesystem10layerAddedERKNS_10shared_ptrI17scAbstractFSLayerEEE3$_2NS_9allocatorIS8_EEFvPNS2_9IListenerEEE7destroyEv,0x58
0x8a4f38,_ZN16RotateHeroButton13touchReleasedERK5Touch,0x1c
0x8a4f54,_ZN17SetCountryMessage8destructEv,0x24
0x8a4f78,_ZN21LogicProjectileServer25setStealSouls2BuffingDataEii,0xc
0x8a4f84,_ZN17TitanLoginMessageC2Ei,0x30
0x8a4fb4,_ZN15SkinRewardPopupC2EP22SkinRewardNotification,0x25c
0x8a5210,_ZN27BrawlerSuggestionStreamItemC2EP20QuickChatStreamEntry,0x37c
0x8a558c,_ZN15ChecksumEncoder8writeIntEi,0x18
0x8a55a4,_ZNK6icu_5813UnicodeString8refCountEv,0x10
0x8a55b4,_ZN11VanityItems3addEPK9LogicData,0x18c
0x8a5740,_ZNK10GameObject19getGameObjectSpriteEv,0x8
0x8a5748,_ZNK17LogicSkinConfData23getMainAttackProjectileEv,0x8
0x8a5750,_ZNK22scThreadSafeRingBuffer16waitForFreeSpaceEm,0xd8
0x8a5828,_ZN21LogicBattleModeServer13addAreaEffectERK6Stringiiii,0x8c
0x8a58b4,_ZNSt6__ndk110__function6__funcIZN11scTaskQueue3runIZN7GLImage6createEiiiPKh9ImageWrap11ImageFilterE3$_7EENS_13invoke_resultIT_JEE4typeESB_EUlvE_NS_9allocatorISE_EEFvvEED0Ev,0x4
0x8a58b8,_ZN29LogicReflectableContainerBase12destructItemEP16LogicReflectable,0x40
0x8a58f8,_ZN35AllianceInvitationAvatarStreamEntry15setAllianceNameEP6String,0x8
0x8a5900,_ZN24IapDisclaimerItemHandlerD2Ev,0x50
0x8a5950,_ZN21LogicProjectileServer17handleStunTriggerEP20LogicCharacterServer,0x4
0x8a5954,_ZN22LogicLocationThemeDataC2EP6CSVRowP14LogicDataTable,0x6c
0x8a59c0,_ZN17LatencyTestsPopupD0Ev,0x60
0x8a5a20,_deflateResetKeep,0x108
0x8a5b28,_ZN8GameMain16sendFPSAnalyticsEiiPK9LogicLong,0x1e8
0x8a5d10,_ZNK9CombatHUD9ultiReadyEv,0x8
0x8a5d18,_ZNK8Viewport13getNormalizedEff,0x50
0x8a5d68,_ZN11SourceArray4readER12SCWFileInput,0xe4
0x8a5e4c,_ZN17EventDetailsPopup18setPlayerCountInfoEP9TextFieldi,0x54
0x8a5ea0,_ZN30LogicSetPlayerNameColorCommand7executeEP13LogicHomeModeib,0x8c
0x8a5f2c,_ZNKSt6__ndk110__function6__funcIZN8TestCase20drawDebugPercentagesEvE4$_20NS_9allocatorIS3_EEFvvEE6targetERKSt9type_info,0x1c
0x8a5f48,_utrie_unserializeDummy_58,0x288
0x8a61d0,_ZNK6scglTF8MeshData9getColorsEv,0x8
0x8a61d8,_ZNK18LogicCharacterData7isDecoyEv,0x8
0x8a61e0,_ZN14LoginOkMessage6decodeEv,0x628
0x8a6808,_ZN12CustomButton23enableContinuousPressesEb,0x14
0x8a681c,_ZN18LoginFailedMessage17setKunlunAppStoreEi,0x8
0x8a6824,_ZN17GameCenterManager17constructInstanceEv,0x30
0x8a6854,_ZNK15sc3dWorldObject16isAttachedObjectEPKS_,0x48
0x8a689c,_ZNK17PlayerDisplayData12getNameColorEv,0x14
0x8a68b0,_ZN27LogicSelectStarPowerCommand8destructEv,0x24
0x8a68d4,_ZN19SelectLocationPopup14isEventEnabledEP9EventDatabbbb,0xfc
0x8a69d0,_ZN20SelectableButtonList12removeButtonEPK16SelectableButton,0xc8
0x8a6a98,_ZN17CharacterMaterialC2Ev,0x4c
0x8a6ae4,_ZN22BuyChallengeLivesPopup6updateEf,0x80
0x8a6b64,_ZNKSt6__ndk110__function6__funcIZN19SupercellIdCallback18openSelfHelpPortalEP8_jobjectE4$_12NS_9allocatorIS5_EEFvvEE6targetERKSt9type_info,0x1c
0x8a6b80,_ZNKSt6__ndk110__function6__funcIZN19SupercellIdCallback14connectedGamesEP8_jobjectP13_jobjectArrayE4$_16NS_9allocatorIS7_EEFvvEE6targetERKSt9type_info,0x1c
0x8a6b9c,_ZNK25SupportCreatorItemHandler16getAnalyticsNameEv,0x80
0x8a6c1c,_ZNK19LogicAreaEffectData32getBulletExplosionBulletDistanceEv,0x8
0x8a6c24,_ZN15GameSCIDManager15allowOpenWindowEv,0x54
0x8a6c78,_ZN20LogicCharacterServer10tickEnrageEv,0x4
0x8a6c7c,_ZN8Databind23AbstractDatabindReflect15reflectInternalEPvRNS_9ReflectorEPK14DatabindObjectP16ResourceListener,0x74
0x8a6cf0,_ZN11DragHandler19setPanningThresholdEf,0xc
0x8a6cfc,_ZN11Application19setKunlunPlayerInfoERK6StringiiS2_bbb,0x4c
0x8a6d48,_ZN12KakaoManagerD0Ev,0x24
0x8a6d6c,_ZNSt6__ndk110__function6__funcIZN11AndroidMain16inputTextChangedERK6StringE4$_10NS_9allocatorIS6_EEFvvEEclEv,0x20
0x8a6d8c,_ZN15ResourceManager22checkForTextureChangesEb,0x8
0x8a6d94,_ZN15HomeStatusEntry9setHomeIdEP9LogicLong,0x8
0x8a6d9c,_ZNK17PlayerRankingData6encodeEP15ChecksumEncoder,0x3c
0x8a6dd8,_ZN21TeamReportChatMessage6decodeEv,0x3c
0x8a6e14,_ZN9PopupBaseD0Ev,0x4
0x8a6e18,_ZN6icu_5813ParsePositionD0Ev,0x24
0x8a6e3c,_ZNSt6__ndk110__function6__funcIZN11AndroidMain16inputTextChangedERK6StringE4$_10NS_9allocatorIS6_EEFvvEED0Ev,0x30
0x8a6e6c,_ZN16PlayAgainMessage8destructEv,0x24
0x8a6e90,_ZN8Databind16JSONOutReflector11beginObjectERK6String,0x68
0x8a6ef8,_ZN13DebugMenuBase16resetKeyBindingsEv,0x4c
0x8a6f44,_ZN15ResourceManager13eraseResourceEPKc,0x1d4
0x8a7118,_ZNK9LogicData11getGlobalIDEv,0x8
0x8a7120,_ZN18sc3dPanPinchCamera15updateScrollingEf,0x138
0x8a7258,_ZN15LogicStringUtil12intToHexCharEi,0x64
0x8a72bc,_utext_setNativeIndex_58,0xd4
0x8a7390,_ucdn_compat_decompose,0xb4
0x8a7444,_ZN23TeamGameStartingMessage6encodeEv,0x44
0x8a7488,_ZN13ShopBgElement20startEntryAnimationsEi,0x7c
0x8a7504,_ZNKSt6__ndk110__function6__funcIZN11scTaskQueue3runIZN8TestCase9touchDownER5TouchE4$_15EENS_13invoke_resultIT_JEE4typeES9_EUlvE_NS_9allocatorISC_EEFvvEE11target_typeEv,0xc
0x8a7510,_ZN26RankedTeamSelectionManager18getBannedCharacterEi,0x18
0x8a7528,_ZN12LogicTileMap11logicToTileEi,0x1c
0x8a7544,_ZN6icu_5814LaoBreakEngineC2EPNS_17DictionaryMatcherER10UErrorCode,0x1b0
0x8a76f4,_ZN13ImpostorAtlas11addImpostorEP8Impostorbb,0x16c
0x8a7860,_ZN17BrawlBoxInfoPopup17backButtonPressedEv,0xc
0x8a786c,_ZNSt6__ndk110__function6__funcIZN11scTaskQueue3runIZN7GLImage6createEPKc9ImageWrap11ImageFilterE3$_1EENS_13invoke_resultIT_JEE4typeESB_EUlvE_NS_9allocatorISE_EEFvvEEclEv,0x40
0x8a78ac,_ZN15VanityItemEntry14getPropByIndexEi,0x10
0x8a78bc,_ZN12AllianceEdit7setDataEP14PiranhaMessage,0x4c
0x8a7908,_ZN11FontManager9freeFontsEv,0xb4
0x8a79bc,_ZN22SelectLocationShortcutC2EP12LocationItem,0x78
0x8a7a34,_ZN30StartLatencyTestRequestMessage30removeLatencyTestConfigurationEv,0x10
0x8a7a44,_ZN20LogicCharacterServer13resetAFKTicksEv,0x1c
0x8a7a60,_ZN5Track5eventERK6StringS2_S2_S2_S2_,0x4
0x8a7a64,_ZN16LogicSkillServer9addChargeEPK20LogicCharacterServeri,0x7c
0x8a7ae0,_ZN27BrawlTvChannelNextUpMessage8destructEv,0x54
0x8a7b34,_ZNSt6__ndk110__function6__funcIZN32NativeFacebookConnectionCallback14sentAppRequestERK6StringS5_E3$_5NS_9allocatorIS6_EEFvvEED2Ev,0x30
0x8a7b64,_ZN12SkinListItem13createSpritesEv,0x48c
0x8a7ff0,_ZNKSt6__ndk110__function6__funcIZN11scTaskQueue3runIZN7SCWFile4loadER12SCWFileInputE3$_0EENS_13invoke_resultIT_JEE4typeES9_EUlvE_NS_9allocatorISC_EEFvvEE7__cloneEPNS0_6__baseISF_EE,0x18
0x8a8008,_ZN46TencentAntiAddictionInstructionExecutedMessage6encodeEv,0x9c
0x8a80a4,_ZNK15LogicEffectData18getRenderableCountEv,0x8
0x8a80ac,_ZN9LogicTime8destructEv,0x8
0x8a80b4,_ZN29AvailableServerCommandMessage18getServiceNodeTypeEv,0x8
0x8a80bc,_ZN19NotificationManagerC2Ev,0x20
0x8a80dc,_ZNK18LogicClientGlobals28getGiftPackLanguageExtensionERK6String,0x98
0x8a8174,_ZN31BindGoogleServiceAccountMessage14setAccessTokenEP6String,0x8
0x8a817c,_ZN30TriggerStartLatencyTestMessage18getServiceNodeTypeEv,0x8
0x8a8184,_ZN6icu_587UObjectD0Ev,0xc
0x8a8190,_ZNKSt6__ndk110__function6__funcIZN19SupercellIdCallback13forgetAccountEP8_jobjectRK6StringS7_E3$_3NS_9allocatorIS8_EEFvvEE6targetERKSt9type_info,0x1c
0x8a81ac,_Java_com_supercell_titan_TitanWebView_onPageStarted,0x5c
0x8a8208,_ZN18ProLeagueInfoPopupD0Ev,0x64
0x8a826c,_ZN29RankedMatchPickStartedMessage8destructEv,0x34
0x8a82a0,_ZN8TestCase19getTestStatusStringEv,0x8
0x8a82a8,_ZN8InStream17setDecryptionSeedEj,0x14
0x8a82bc,_ZN27ChatToAllianceStreamMessageC2Ei,0x30
0x8a82ec,_ZN16GameStateManager16destructInstanceEv,0x4c
0x8a8338,_ZN22ClientContentValidator31validateSeasonalSkinSectionDataEPK28LogicSeasonalSkinSectionData,0x39c
0x8a86d4,_ZN9Animation11setBoneMaskEPK14LogicArrayListI6StringE,0xe8
0x8a87bc,_ZN17LogicGameCalendar14updateDayIndexEii,0xb4
0x8a8870,_ZN18PreRenderedTexture23setOptimalBoundsEnabledEb,0xc
0x8a887c,_ZNKSt6__ndk110__function6__funcIZN19SupercellIdCallback20setNotificationBadgeEP8_jobjectbiE4$_19NS_9allocatorIS5_EEFvvEE7__cloneEPNS0_6__baseIS8_EE,0x18
0x8a8894,_ZN29AuthenticationResponseMessageC2Ei,0x30
0x8a88c4,_ZN12RecentButton13buttonPressedEv,0x5c
0x8a8920,_ZN9MovieClip15setChildVisibleEPKcb,0x9c
0x8a89bc,_ZN13LogicSkinData12setHappyAnimERK6String,0x8
0x8a89c4,_ZN12ResourceList16getResourceCountEPK17LogicResourceData,0x44
0x8a8a08,_ZNK14BillingManager37isAntiAddictionCheckDisabledInChronosEv,0x58
0x8a8a60,_ZN11StringTable22getUnlockedAtLevelTextEi,0xa0
0x8a8b00,_ZN17LogicSkinConfData21setPortraitCameraFileERK6String,0x14
0x8a8b14,_ZN14BlingTextFieldC2EP9TextFieldPK22LogicColorGradientData,0x1a4
0x8a8cb8,_ZN11LogicAvatar16setLogicHomeModeEP13LogicHomeMode,0x8
0x8a8cc0,_ucdn_get_east_asian_width,0x6c
0x8a8d2c,_ZN37SendAllianceInvitationToFriendMessage8destructEv,0x78
0x8a8da4,_ZN8TestCase10touchStageEff,0xb4
0x8a8e58,_ZN26AllianceTeamRemovedMessage8destructEv,0x30
0x8a8e88,_ZN17GameCenterManager12boundAccountEv,0xac
0x8a8f34,_ZN5Debug5resetEv,0x4
0x8a8f38,_ZN14MessageManager20abortAllLatencyTestsEv,0x1d4
0x8a910c,_ZNK17TencentLoginState8isLoadedEv,0x8
0x8a9114,_ZN16PlayerMapManager29confirmEditSubmittedPlayerMapEb,0x70
0x8a9184,_ZN14TitanOutStream8writeU16Ei,0x54
0x8a91d8,_ZN17HeroSwipeSelector8scrollToEi,0x238
0x8a9410,_ZN15sc3dWorldObject16updateProjectionEv,0x2c8
0x8a96d8,_ZNK26LogicLocalNotificationData11getPriorityEv,0x10
0x8a96e8,_ZNK21LogicTutorialStepData20getCompleteLocationXEv,0x10
0x8a96f8,_ZN17HighRateUdpPacketC2Ev,0x14
0x8a970c,_ZN17AllianceTeamEntry8destructEv,0x12c
0x8a9838,_ZN8CSVSaver12setSeparatorERK6String,0x8
0x8a9840,_ZN5lzham37raw_quasi_adaptive_huffman_data_model7rescaleEv,0xac
0x8a98ec,_ZN14MessageManager22sendOfflineLeaderboardEP21GetLeaderboardMessage,0x544
0x8a9e30,_ZN19VisionUpdateMessageC2Eiiiiib,0x74
0x8a9ea4,_ZN29scMultithreadedLoadingManager11getInstanceEv,0x1c
0x8a9ec0,_ZN11PlayerEntry8destructEv,0x68
0x8a9f28,_ZN17LogicResourceData12resetStaticsEPK8CSVTable,0x2a0
0x8aa1c8,_ZN19DebugPerformanceHud8delGenIDENS_22DebugPerformanceIDTypeEj,0x4
0x8aa1cc,_ZN6icu_5816ReorderingBuffer6appendEPKtihhR10UErrorCode,0x428
0x8aa5f4,_ZN23MatchmakeRequestMessageC2EPK18LogicCharacterDataiiii,0x60
0x8aa654,_ZN14AllianceStreamD2Ev,0x118
0x8aa76c,_ZN13LogicSkinData16setHappyLoopFaceERK6String,0x8
0x8aa774,_ZN12AllianceItemC2EiP19AllianceHeaderEntry,0x3c4
0x8aab38,_ZN22CreatePlayerMapMessage6encodeEv,0x44
0x8aab7c,_uprv_ebcdicToLowercaseAscii_58,0x14
0x8aab90,_ZNSt6__ndk110__function6__funcIZN11Application25prepareAttributionMessageEvE3$_3NS_9allocatorIS3_EEFbvEE18destroy_deallocateEv,0x4
0x8aab94,_ZN26RankedTeamSelectionManager6updateEf,0xa0
0x8aac34,_ZN14ShadowRenderer8Triangle7addToVBEP19DynamicVertexBufferI9VertexPosE,0x128
0x8aad5c,_ZNKSt6__ndk110__function6__funcIZN11Application25prepareAttributionMessageEvE3$_3NS_9allocatorIS3_EEFbvEE7__cloneEv,0x24
0x8aad80,_ZN14LogicJSONArrayC2Ev,0x44
0x8aadc4,_ZNK6icu_5817ResourceDataValue7getTypeEv,0x18
0x8aaddc,_ZN19LogicResourceBundle11addResourceEPK17LogicResourceDatai,0xb4
0x8aae90,_ZN13DisplayObject6rotateEfff,0x8
0x8aae98,_ZN20LogicCharacterServer19throwScrapAtOwnBaseEv,0x4
0x8aae9c,_ZNKSt6__ndk110__function6__funcIZN19EnvironmentRenderer6renderER9Matrix2x3R14ColorTransformifE3$_9NS_9allocatorIS7_EEFvvEE7__cloneEv,0x40
0x8aaedc,_ZN11RevokePopup13onCloseButtonEv,0x58
0x8aaf34,_ZN10UrlBuilder16getUrlComponentsERK6StringRS0_S3_S3_S3_,0x200
0x8ab134,_ZN11SentryTitan12addCustomTagERK6StringS2_,0x24
0x8ab158,_ZN13SceneRenderer14addNodeEffectsEP15sc3dWorldObject,0x2c4
0x8ab41c,_ZNK20PlayerMapRenamePopup11isValidNameERK6String,0xa8
0x8ab4c4,_ZN8Databind23NlohmannJsonInReflector16reflectStringPtrEP6StringRKS1_,0x1c4
0x8ab688,_ZN8Databind24NlohmannJsonOutReflector16reflectNextFloatEf,0xb8
0x8ab740,_ZN29LogicBrawlPassUnlockedCommand6decodeEP10ByteStream,0x3c
0x8ab77c,_ZNKSt6__ndk110__function6__funcIZN11scTaskQueue3runIZN24DataLoaderLayeredTexture4loadEPKcRKNS_5arrayIiLm4EEEE3$_1EENS_13invoke_resultIT_JEE4typeESD_EUlvE_NS_9allocatorISG_EEFvvEE7__cloneEv,0x38
0x8ab7b4,_ZN22CreatePlayerMapMessage6decodeEv,0x50
0x8ab804,_ZNK12ScMatrixBank9getMatrixEi,0x10
0x8ab814,_u_strToUTF8WithSub_58,0x8ac
0x8ac0c0,_ZN5Stage18saveTidScreenshotsERK6StringS2_f,0x4
0x8ac0c4,_Z15stbi_loadf_mainP4stbiPiS1_S1_i,0x3a0
0x8ac464,_ZNK6icu_5810UnicodeSet8spanUTF8EPKci17USetSpanCondition,0x2d8
0x8ac73c,_ZN12TestReporter19getTestResultStringENS_10TestResultE,0x4c
0x8ac788,_ZN14MessageManager23flushSentMessagesBufferEv,0x10c
0x8ac894,_ZNK29LogicBrawlPassUnlockedCommand6encodeEP15ChecksumEncoder,0x3c
0x8ac8d0,_ZN11ContextMenuC2EP15IButtonListenerP9MovieClip,0x1f4
0x8acac4,_ZNK16YoozooLoginState6getTIDERK6String,0x18
0x8acadc,_ZNK37YoozooBillingProcessedByServerMessage6getTIDEv,0x8
0x8acae4,_ZNKSt6__ndk110__function6__funcIZN8TestCase20drawDebugPercentagesEvE4$_21NS_9allocatorIS3_EEFvvEE7__cloneEv,0x24
0x8acb08,_ZNK22scSkipFileHeaderFilter4seekEm,0x3c
0x8acb44,_ZThn8_NK10Projectile15getBonePositionERK6StringRfS3_S3_S3_,0x8
0x8acb4c,_ZN24LoginUsingSessionMessage19setDeviceIdentifierEP6String,0x8
0x8acb54,_ZN10BitmapFontC2Ev,0x94
0x8acbe8,_ZN8NewsPage7NewsTab19refreshNotificationEb,0x1b8
0x8acda0,_ZN7OfflineC2Ev,0x4
0x8acda4,_ZNK20LogicCharacterServer18hasForcedMoveAngleEv,0x30
0x8acdd4,_ZN8GoalList9addGoalExEP10LogicGoalsP18SequencedExecutionP9MovieClipP22LogicMilestoneProgressiS5_S5_bP16ILevelUpListenerib,0x7e8
0x8ad5bc,_ZN7SBMBone3setEP6StringP9xMatrix44,0x98
0x8ad654,_ZNK18LogicCharacterData20getHeroScreenXOffsetEv,0x34
0x8ad688,_ZN25LogicClaimAdRewardCommandC2Ei,0x34
0x8ad6bc,_ZN19LogicLevelUpCommand23getUpgradeableHeroCountEPK13LogicHomeModePK17LogicClientAvatar,0xbc
0x8ad778,_ZNKSt6__ndk110__function6__funcIZN10SWFTexture4loadEP12SupercellSWFbibbbbRK6StringE3$_1NS_9allocatorIS8_EEFvvEE6targetERKSt9type_info,0x1c
0x8ad794,_ZN12SkinListItem17setSpritesVisibleEb,0x24
0x8ad7b8,_ZN23GetPlayerProfileMessage18getServiceNodeTypeEv,0x8
0x8ad7c0,_ZN13LogicConfData21getActiveEventForSlotEi,0x38
0x8ad7f8,_ZN11StringTable17getIconExportNameEi,0x24
0x8ad81c,_ZL13_deleteEnginePv,0x14
0x8ad830,_Java_com_supercell_titan_GameApp_nOnResume,0x88
0x8ad8b8,_ZN6icu_58L13versionFilterEiPv,0x88
0x8ad940,_ZN17EventDetailsPopup10hideQuestsEv,0x10
0x8ad950,_Z48crypto_box_curve25519xsalsa20poly1305_tweet_openPhPKhyS1_S1_,0x88
0x8ad9d8,_sub_8AD9D8,0x1c
0x8ad9f4,_sub_8AD9F4,0x19ec
0x8af3e0,_sub_8AF3E0,0xff4
0x8b03f8,_sub_8B03F8,0x20
0x8b0578,_sub_8B0578,0x18
0x8b0610,_sub_8B0610,0xc
0x8b0638,_sub_8B0638,0x10
0x8b06b8,_sub_8B06B8,0x10
0x8b07f4,_sub_8B07F4,0x24
0x8b0818,_sub_8B0818,0x5c
0x8b0954,_sub_8B0954,0x18
0x8b0a2c,_sub_8B0A2C,0x3c
0x8b0a68,_sub_8B0A68,0x24
0x8b0ab0,_sub_8B0AB0,0x24
0x8b0b80,_sub_8B0B80,0x1c
0x8b0bac,_ZN35AddFriendByAvatarNameAndCodeMessage13setAvatarNameEP6String,0x8
0x8b0bb4,_ZThn96_N18ProLeagueInfoPopup13buttonClickedEP12CustomButton,0x70
0x8b0c24,_ZN28LogicGameObjectManagerClient10setBossPosEii,0x8
0x8b0c2c,_ZNK17LogicClientAvatar16getResourceCountEPK17LogicResourceData,0x94
0x8b0cc0,_ZL14zbuild_huffmanP8zhuffmanPhi,0x454
0x8b1114,_ZNK13DisplayObject9isInStageEv,0x48
0x8b115c,_ZN22AllianceChatControllerD0Ev,0x54
0x8b11b0,_ZN21LogicBattleModeServer15generateTileMapEiii,0x8c
0x8b123c,_ZN6CSVRow15addBooleanValueEbi,0x58
0x8b1294,_ZN20LogicRawOutReflector17reflectExitObjectEv,0x14
0x8b12a8,_ZN20LogicCharacterServer17setDraggingObjectEP21LogicGameObjectServeriib,0x4
0x8b12ac,_ZN29HomeBattleReplayFailedMessage8destructEv,0x24
0x8b12d0,_ZN15ResourceManager12getTimestampERK6String,0x58
0x8b1328,_ZN33DebugNewbieCoopOverrideSetMessage8destructEv,0x24
0x8b134c,_ZN5Items13buttonClickedEP12CustomButton,0x2bc
0x8b1608,_ZL20resample_row_genericPhS_S_ii,0xc8
0x8b16d0,_ZN14BillingManager12setAccountIdEiiRK6String,0x8
0x8b16d8,_ZN12AllianceInfo33allianceMemberOnlineStatusChangedEiP9LogicLong,0x98
0x8b1770,_ZThn96_N9InfoPopup13buttonClickedEP12CustomButton,0x1c
0x8b178c,_ZN14TeamMemberItem6updateEf,0x54
0x8b17e0,_utrie_serialize_58,0x5e8
0x8b1dc8,_ZN6icu_58L20compareUnicodeStringE8UElementS0_,0x74
0x8b1e3c,_ZNK14LogicSoundData38getPlayVariationsInSequenceManualResetEv,0x10
0x8b1e4c,_ZN15AllianceManager11createPopupEv,0x7c
0x8b1ec8,_ZThn96_N17AnimationInstance8setAngleEi,0x24
0x8b1eec,_ZN8Databind4Util19createArrayAccessorEPvPK13DatabindField,0x500
0x8b23ec,_ZN9RankPopup23getNextItemWithFallbackEb,0x44
0x8b2430,_ZN12ResourceList6encodeEP10ByteStream,0x70
0x8b24a0,_ZNK28LogicSendAllianceMailCommand14getCommandTypeEv,0x8
0x8b24a8,_ZN20FreeTextNotification6decodeEP10ByteStream,0x38
0x8b24e0,_ZN17ChatOptionsSlider13buttonClickedEP12CustomButton,0x3e8
0x8b28c8,_ZNK19LogicProjectileData17getBlueExportNameEv,0x10
0x8b28d8,_ZN14FriendsManager21getOfflineFriendsListEv,0x698
0x8b2f70,_ZN10Connection12readBlockingEPvi,0xac
0x8b301c,_ZNK16BattleEndMessage14isPsgChallengeEv,0x10
0x8b302c,_lzham_z_error,0x4
0x8b3030,_ZN14TitanInputFile4initEPKcS1_,0xc
0x8b303c,_ZNK14LogicEmoteData14getEmoteBundleEv,0x8
0x8b3044,_ZN12BattleScreen9setPausedEb,0xc
0x8b3050,_ZN28LogicGameObjectManagerServer24setLogicBattleModeServerEP21LogicBattleModeServer,0x8
0x8b3058,_udata_getRawMemory_58,0xc
0x8b3064,_ZN16LogicRankedMatch13refreshPlayerEP22LogicRankedMatchPlayer,0x90
0x8b30f4,_ZN14LogicDataTable19preCreateReferencesEv,0x60
0x8b3154,_ZN9CSVColumn18getStringValueListEv,0x8
0x8b315c,_ZNKSt6__ndk110__function6__funcIZN19SupercellIdCallback28donationReceivedNotificationEP8_jobjectS4_E4$_25NS_9allocatorIS5_EEFvvEE7__cloneEv,0x78
0x8b31d4,_ZNK21LogicProjectileClient17getProjectileDataEv,0x4
0x8b31d8,_ZN14BattleTutorial12TutorialStep25ultiCastedOnForbiddenSpotEv,0xb4
0x8b328c,_ZThn368_N19SelectLocationPopup24openPlayerMapContextMenuEP12LocationItem,0x8
0x8b3294,_ZN13GoHomeMessageC2Ei,0x30
0x8b32c4,_ZN19LogicRawInReflector14reflectJSONPtrEP13LogicJSONNodePKc,0xd4
0x8b3398,_ZN30LineAccountAlreadyBoundMessage18getServiceNodeTypeEv,0x8
0x8b33a0,_ZN26AppleBillingRequestMessage15setCurrencyCodeERK6String,0x8
0x8b33a8,_ZN13HeroInfoPopup9setupStatE6StringS0_S0_,0x98
0x8b3440,_ZNK28LogicClearShopTickersCommand6encodeEP15ChecksumEncoder,0x70
0x8b34b0,_ZN17FriendListMessage11getListTypeEv,0x8
0x8b34b8,_ZN12KakaoManager16destructInstanceEv,0x34
0x8b34ec,_ZN6icu_5821LoadedNormalizer2Impl4loadEPKcS2_R10UErrorCode,0xdc
0x8b35c8,_ZNK15LaserBoxManager15hasAnyLiveEventEv,0x1f4
0x8b37bc,_ZNK18scFSLayerDirectory14createFileImplEPKci,0xc0
0x8b387c,_ZN8MainPageD0Ev,0x24
0x8b38a0,_ZN13StencilSpriteC2Esib,0x4c
0x8b38ec,_u_charFromName_58,0x69c
0x8b3f88,_ZN13TitanInStream7readUTFEPci,0xdc
0x8b4064,_ZNKSt6__ndk110__function6__funcIZN7GLImage6createEPKc9ImageWrap11ImageFilterE3$_0NS_9allocatorIS7_EEFvvEE11target_typeEv,0xc
0x8b4070,_ZNK14LogicSkillData17getChargeUpTimeMsEv,0x20
0x8b4090,_ZN8TestCase8getTouchEff,0xa0
0x8b4130,_ZN12BattleScreen13activateSkillEiiP23LogicCharacterClientOwnP16LogicSkillClientbi,0xb8
0x8b41e8,_ZN15sc3dWorldObject10set2dLayerEi,0x38
0x8b4220,_ZN5titan7android3app8Activity14finishAffinityEv,0x7c
0x8b429c,_ZN16BattleEndMessage39createDummyChampionshipChallengeMessageEibiibb,0x24c
0x8b44e8,_ZN20UnlockAccountMessage18getServiceNodeTypeEv,0x8
0x8b44f0,_nti_font_get_ascent,0x48
0x8b4538,_ZNK26LogicGameModeVariationData9isEnabledEv,0x28
0x8b4560,_ZN5titan7android5media11MediaPlayer7prepareEv,0x7c
0x8b45dc,_ZN21SkinPreviewTypeButton13buttonPressedEv,0x4
0x8b45e0,_ZNSt6__ndk110__function6__funcIZN11scTaskQueue3runIZN11AndroidMain9_gameStopEvE4$_17EENS_13invoke_resultIT_JEE4typeES7_EUlvE_NS_9allocatorISA_EEFvvEE7destroyEv,0x4
0x8b45e4,_ZNSt6__ndk110__function6__funcIZN19SupercellIdCallback17clearPendingLoginEP8_jobjectE3$_4NS_9allocatorIS5_EEFvvEE18destroy_deallocateEv,0x4
0x8b45e8,_ZNSt6__ndk110__function6__funcIZN7GLImage6createEPKcS4_9ImageWrap11ImageFilterE3$_6NS_9allocatorIS7_EEFvvEE7destroyEv,0x4
0x8b45ec,_ZN5UICtxD2Ev,0x20
0x8b460c,_ZL16resample_row_h_2PhS_S_ii,0x168
0x8b4774,_ZN24LoginUsingSessionMessage16removeSessionKeyEv,0x10
0x8b4784,_ZNSt6__ndk110__function6__funcIZN11scTaskQueue3runIZN8TestCase10touchStageER5TouchE3$_5EENS_13invoke_resultIT_JEE4typeES9_EUlvE_NS_9allocatorISC_EEFvvEEclEv,0x40
0x8b47c4,_ZN10DataGained19getTextColorForTypeENS_4TypeE,0x24
0x8b47e8,_ZN26ChampionshipChallengePopup17addQualifyElementEf,0x514
0x8b4cfc,_ZN15ProLeagueScreen17getPreviousSeasonEv,0x28
0x8b4d24,_ZNK6icu_5810CharString11lastIndexOfEc,0x34
0x8b4d58,_ZN9TeamPopup19closeCustomPopoversEv,0x8
0x8b4d60,_ZNK6icu_5821RuleCharacterIterator9lookaheadERNS_13UnicodeStringEi,0x80
0x8b4de0,_ZNK6icu_5813UnicodeString13tempSubStringEii,0xf4
0x8b4ed4,_ZN15ShareImagePopupD0Ev,0x60
0x8b4f34,_u_unescape_58,0x1d4
0x8b5108,_ZN15LogicGlobalData16createReferencesEv,0x56c
0x8b5674,_ZN14MovieClipFrame4loadEP12SupercellSWF,0x44
0x8b56b8,_ZNK11DragHandler4getYEv,0x20
0x8b56d8,_ZN12NSCIDManager22getPendingRegistrationEv,0x20
0x8b56f8,_ZNSt6__ndk110__function6__funcIZ62Java_com_supercell_titan_TitanWebView_shouldOverrideUrlLoadingE3$_0NS_9allocatorIS2_EEFvvEED2Ev,0x10
0x8b5708,_ZN15sc3dWorldObject15setAttachToBoneERK6Stringb,0x114
0x8b581c,_ZNK20LogicCharacterClient9isBurningEv,0x3c
0x8b5858,_ZN16ScreenProperties9setHeightEj,0xc
0x8b5864,_ZN13OldBoxHandlerD0Ev,0x5c
0x8b58c0,_ZN15AllianceManager12removeMemberEPK9LogicLong,0x174
0x8b5a34,_ZL34hb_font_get_glyph_h_kerning_parentP9hb_font_tPvjjS1_,0x58
0x8b5a8c,_ZN16AllianceWarPopup13buttonClickedEP12CustomButton,0x70
0x8b5afc,_ZN26AllianceStreamEntryMessage14setStreamEntryEP11StreamEntry,0x8
0x8b5b04,_u_strcmp_58,0x28
0x8b5b2c,_ZN8GameMain18containsDeviceTypeEPK14LogicArrayListI6StringERKS1_,0x7c
0x8b5ba8,_ZNK9hb_face_t15load_num_glyphsEv,0x80
0x8b5c28,_ZN9MovieClip17interpolateFramesEv,0x74c
0x8b6374,_ZN26RankedTeamSelectionManager17isPickedOwnPlayerEPK18LogicCharacterData,0x60
0x8b63d4,_ZN11ContextMenu17toggleMemberPopupEP15TeamMemberEntryP9MovieClipffP4Rectbb,0x1a4
0x8b6578,_ZN24KakaoAccountBoundMessage6decodeEv,0x2c
0x8b65a4,_ZN31MovieClipCacheExportNameAndListD2Ev,0x94
0x8b6638,_ZNSt6__ndk110__function6__funcIZN11AndroidMain15_gameForegroundEvE4$_15NS_9allocatorIS3_EEFvvEEclEv,0xb0
0x8b66e8,_ZN10ItemsPopup17getRankedTimeClipEv,0x1c
0x8b6704,_ZN17ReplayStreamEntryC2Ev,0x64
0x8b6768,_ZN21SpectateFailedMessage6encodeEv,0x28
0x8b6790,_u_strrchr32_58,0x150
0x8b68e0,_ZNK22AccountSwitchedMessage14getMessageTypeEv,0x8
0x8b68e8,_ZNK20LogicCharacterServer12getAccessoryEv,0x8
0x8b68f0,_ZNSt6__ndk110__function6__funcIZN14LineConnection6logoutEvE3$_4NS_9allocatorIS3_EEFvbPKN8linecorp4nova5ErrorEEEclEObOSA_,0xa8
0x8b6998,_ZNK11LogicPlayer14getStarsGainedEv,0x3c
0x8b69d4,_ZN18sc3dPanPinchCamera11attachTouchERK5Touch,0xbc
0x8b6a90,_ZN14EnterNamePopup19inputFieldOkPressedEP14GameInputField,0xc
0x8b6a9c,_ZNK11wendelstein20MovieClipEmitterData7isValidEv,0x10
0x8b6aac,_ZN19DebugPerformanceHud10drawHudBoxEffiRK6String,0x4
0x8b6ab0,_ZN38TencentBillingProcessedByServerMessage6encodeEv,0x44
0x8b6af4,_ZN37YoozooBillingProcessedByServerMessage13setStatusCodeEi,0x8
0x8b6afc,_stbi_zlib_decode_noheader_buffer,0x5c
0x8b6b58,_ZN10FriendItem9setFriendEP6Friend,0x48
0x8b6ba0,_ZN22LogicRankedMatchPlayer8destructEv,0x64
0x8b6c04,_ZN20LogicBattlePlayerMap20setGameModeVariationEi,0x8
0x8b6c0c,_ZN14HelpshiftTitan13showSingleFAQERK6String,0xac
0x8b6cb8,_ZNK9InitState17isUpdatingContentEv,0x10
0x8b6cc8,_ZN30UpdatePlayerMapResponseMessage6decodeEv,0x38
0x8b6d00,_uprv_dlsym_func_58,0x24
0x8b6d24,_ZN22LogicAllianceBadgeData12resetStaticsEPK8CSVTable,0x94
0x8b6db8,_ZNK18LogicGemBundleData18getShopItemBGFrameEv,0x8
0x8b6dc0,_ZN21HighRateUdpSendBuffer36moveUnsentMessagesToNotAckedMessagesEv,0x3a0
0x8b7160,_ZN14BattleEndPopup16get1Vs5ExecutionEv,0x9f0
0x8b7b50,_ZN14MessageManager12clearUdpInfoEv,0x3c
0x8b7b8c,_ZN10StreamItem11setTimeTextERK6String,0x2c
0x8b7bb8,_ZNK18LogicCarryableData13getThrowSkillEv,0x10
0x8b7bc8,_ZNK6String4trimEv,0x74
0x8b7c3c,_ZN4Shop27createSkinGroupCampaignItemE14LogicArrayListIP16LogicOfferBundleEPK28LogicSeasonalSkinSectionData,0x1f8
0x8b7e34,_ZN8Databind24NlohmannJsonOutReflectorC2ERN8nlohmann10basic_jsonINSt6__ndk13mapENS3_6vectorENS3_12basic_stringIcNS3_11char_traitsIcEENS3_9allocatorIcEEEEblmdS9_NS1_14adl_serializerEEEb,0xe4
0x8b7f18,_ZN6icu_5815RBBIDataWrapper5init0Ev,0x28
0x8b7f40,_ZN5Scene29updateInstanceTransformationsEfffb,0x2e0
0x8b8220,_ZNK14AssetReference6getSWFEv,0x1c
0x8b823c,_ZN18ClientInputMessage9clearListEv,0x68
0x8b82a4,_ZN6Screen22getScreenRotationAngleEv,0x8
0x8b82ac,_ZN18TextFieldWithLinks10clearLinksEv,0xc
0x8b82b8,_ZN5Stage11initShadersERK9xMatrix44,0x3e0
0x8b8698,_ZN24LocalNotificationManager6updateEf,0x10
0x8b86a8,_ZNK28LogicSeasonalSkinSectionData17getSectionInfoTIDEv,0x10
0x8b86b8,_ZNSt6__ndk110__function6__funcIZN8TestCase7touchUpEvE4$_18NS_9allocatorIS3_EEFvvEED0Ev,0x4
0x8b86bc,_ZNK9MovieClip28getTimelineChildInstanceNameEi,0x18
0x8b86d4,_ZNK10NativeFont6isBoldEv,0x8
0x8b86dc,_ZN12NSCIDManager14requestFriendsEv,0x8
0x8b86e4,_ZN28LogicGameObjectManagerServer19destructGameObjectsEv,0x130
0x8b8814,_ZN19DebugPerformanceHud10initRenderEP4FontP6Shader,0x4
0x8b8818,_hb_set_is_equal,0x38
0x8b8850,_ZN12scWorkerPool14getTaskNoBlockERNSt6__ndk110shared_ptrI14scAbstractTaskEE,0x13c
0x8b898c,_ZN11ContextMenu17refreshTeamStatusEbi,0xc8
0x8b8a54,_ZNK22LogicDataTableResource13getTableIndexEv,0x8
0x8b8a5c,_ZNK13WVSCIDManager13isUrlInternalERK6String,0x25c
0x8b8cb8,_ZN20LogicCharacterServer14tickBotArtTestEv,0x144
0x8b8dfc,_hb_ot_layout_language_get_required_feature,0x264
0x8b9060,_ZN12LoginMessage24setAppLicensingSignatureERK6String,0x8
0x8b9068,_ZN33RankedMatchHeroDataUpdatedMessage12removePlayerEv,0x10
0x8b9078,_ZN5Debug7getFontEv,0x8
0x8b9080,_ZNK9Character15getAttackEffectEPK14LogicSkillDatab,0xf0
0x8b9170,_ZN15DeeplinkManager13isDeeplinkURLERK6String,0x144
0x8b92b4,_ZN29UdpLatencyTestResponseMessage6encodeEv,0x3c
0x8b92f0,_ZNKSt6__ndk110__function6__funcIZN11scTaskQueue3runIZN8TestCase28getAllSpritesVisibleMatchingI12CustomButtonZNS4_28getButtonsWithTextFieldValueE6StringbbS7_E4$_22EENS_6vectorIPT_NS_9allocatorISB_EEEET0_EUlvE_EENS_13invoke_resultISA_JEE4typeESA_EUlvE_NSC_ISK_EEFvvEE6targetERKSt9type_info,0x1c
0x8b930c,_ZN14BrawlPassPopup7getHomeEv,0x18
0x8b9324,_ZN11wendelstein27WendelsteinMovieClipEmitterD2Ev,0x138
0x8b945c,_ZN10SWFTexture26getTagTypeWithoutTiledInfoEi,0x1c
0x8b9478,_ZN14RectangleTimerD0Ev,0x24
0x8b949c,_ZN9AntiCheat9startScanEv,0x40
0x8b94dc,_ZNK13ShopBgElement11hasBeenSeenEv,0xd4
0x8b95b0,_ZN9BitStream14readIntMax4095Ev,0x304
0x8b98b4,_ZN17CreateGameMessage8destructEv,0x28
0x8b98dc,_ZNK21LogicProjectileServer14shouldDestructEv,0x20
0x8b98fc,_ZN11Application12getKunlunSSOEv,0x4c
0x8b9948,_ZN20LogicCharacterServer22getRegeneratePerSecondEv,0x8c
0x8b99d4,_ZN21BoxRewardNotification8destructEv,0x28
0x8b99fc,_ZN19EnvironmentRenderer22finishEnvironmentSetupEv,0x5b0
0x8b9fac,_ZNK6Sprite21modifiedChildInRenderEPKc,0xcc
0x8ba078,_ZNK29LogicChangeControlModeCommand6encodeEP15ChecksumEncoder,0x34
0x8ba0ac,_ZN11StringTable40wrapStringToDirectionIsolateControlCharsERK6String,0x20
0x8ba0cc,_ZNKSt6__ndk110__function6__funcIZN11AndroidMain16onSurfaceCreatedEP13ANativeWindowE3$_0NS_9allocatorIS5_EEFvvEE11target_typeEv,0xc
0x8ba0d8,_ZN13TitanInStream9readFloatEv,0x20
0x8ba0f8,_ZN11ReferralURL20createGameRoomInviteERK6String,0xf0
0x8ba1e8,_ZN14BrawlPassPopup18refreshQuestButtonEv,0x1d8
0x8ba3c0,_ZN11Highlighter6updateEf,0xb4
0x8ba474,_ZN8HomePage22isFriendlyTeamShowdownEv,0x74
0x8ba4e8,_ZN5lzham12lzcompressor5state17reset_update_rateEv,0x58
0x8ba540,_ZNK16LogicOfferBundle21hasOnlyHeroesAndSkinsEv,0x54
0x8ba594,_ZNSt6__ndk110__function6__funcIZN8TestCase17releaseStageTouchEvE3$_4NS_9allocatorIS3_EEFvvEE18destroy_deallocateEv,0x4
0x8ba598,_ZN26ResourceRewardNotification6decodeEP10ByteStream,0x60
0x8ba5f8,_ZN15PendingTeamItemD0Ev,0x88
0x8ba680,_ZNK12LogicGlobals21getAllianceCreateCostEv,0x8
0x8ba688,_ZNK22LogicLocationThemeData20getRespawningWallSCWEi,0x18
0x8ba6a0,_ZNKSt6__ndk110__function6__funcIZN11scTaskQueue3runIZN10SWFTexture4loadEP12SupercellSWFbibbbbRK6StringE3$_1EENS_13invoke_resultIT_JEE4typeESC_EUlvE_NS_9allocatorISF_EEFvvEE6targetERKSt9type_info,0x1c
0x8ba6bc,_ZN8Databind15JSONInReflector10getNextIntEv,0x5c
0x8ba718,_ZN12LogicVector23setEPKS_,0xc
0x8ba724,_ZN13HeroDataEntry6decodeEP10ByteStream,0x80
0x8ba7a4,_ZN6icu_5821LoadedNormalizer2ImplD0Ev,0x48
0x8ba7ec,_ZN24BindYoozooAccountMessage11setAuthCodeEP6String,0x8
0x8ba7f4,_ZN5lzham25lzham_lib_compress_reinitEPv,0x5c
0x8ba850,_ZN13OpenGLContextD0Ev,0x4
0x8ba854,_ZN6icu_5822RuleBasedBreakIterator19makeRuleStatusValidEv,0xa8
0x8ba8fc,_ZN14LogicDailyDataC2EiiiiiiiPK24LogicPlayerThumbnailDataiiiibiiiiP10TimedOfferS4_biiiP14LogicArrayListIP16LogicOfferBundleEPS5_IP8AdStatusEiiiiPK18LogicCharacterDataP6StringPK18LogicNameColorDataSI_i,0x138
0x8baa34,_ZN13scResourceMap4Lock4lockEv,0x58
0x8baa8c,_ZN20GoogleServiceManager21getGoogleServiceAliasEv,0x8
0x8baa94,_ZN30StartLatencyTestRequestMessage6decodeEv,0x28
0x8baabc,_ZN8TestCase4infoE6StringS0_,0xbc
0x8bab78,_FileOutStream_CreateVTable,0x10
0x8bab88,_ZN9LogicLong11getLowerIntEx,0x14
0x8bab9c,_ZN16AddFriendMessage8destructEv,0x24
0x8babc0,_ZN6icu_5813UnicodeString7caseMapEPK8UCaseMapPFiS3_PtiPKtiP10UErrorCodeE,0x19c
0x8bad5c,_ZN5titan3com9supercell5titan21NativeFacebookManager13jniCanPublishEv,0x5c
0x8badb8,_ZN9CombatHUD19handleTouchReleasedERK5Touch,0x8
0x8badc0,_ZNK13LogicGemOffer18getPlayerThumbnailEv,0x4c
0x8bae0c,_ZN14EnterNamePopup10inputEndedEP14GameInputField,0x6c
0x8bae78,_ZN11GameWebView4hideEv,0x70
0x8baee8,_ZNKSt6__ndk110__function6__funcIZN32NativeFacebookConnectionCallback6loggedERK6StringS5_E3$_1NS_9allocatorIS6_EEFvvEE6targetERKSt9type_info,0x1c
0x8baf04,_ZN21LogicBattleModeServer20tickMapFillingPoisonEv,0x4
0x8baf08,_ZN15DeeplinkManager20isDeeplinkToCategoryERK6StringS2_,0x68
0x8baf70,_ZN27ChatToAllianceStreamMessage6decodeEv,0x34
0x8bafa4,_ZN8CSVTable9removeRowEi,0x114
0x8bb0b8,_ZN14BrawlPassPopup21getClipFromContainersERK6String,0x7c
0x8bb134,_ZN13OldBoxHandler14getRewardCountEv,0x28
0x8bb15c,_ZN16DataGainListener7setTextEP9TextFieldRK6Stringiib,0x10c
0x8bb36c,_ZN11EmoteButton12refreshEmoteEPK14LogicEmoteData,0x64
0x8bb3d0,_ZN16BandNotification6encodeEP15ChecksumEncoder,0x2c
0x8bb3fc,_ZN9sc3dWorld11addToParentEP6Sprite,0x68
0x8bb464,_ZN28scHapticFeedbackImpl_AndroidD2Ev,0x4
0x8bb468,_ZN6icu_5816RBBITableBuilderC2EPNS_15RBBIRuleBuilderEPPNS_8RBBINodeE,0xac
0x8bb514,_ZN26MapEditorLegalWarningPopup17markShownToPlayerEv,0x8c
0x8bb5a0,_ZN15LogicItemServer26removeGameObjectReferencesEPK21LogicGameObjectServeri,0x8c
0x8bb62c,_ZNK17LogicClientAvatar12getCardCountEPK13LogicCardData,0x94
0x8bb6c0,_ZN6Shader4loadEPKcS1_S1_,0x320
0x8bb9e0,_ZNK10GameObject15getRenderBoundsEv,0xc8
0x8bbaa8,_ZN17LocalNotificationD2Ev,0x2c
0x8bbad4,_ZN9LogicMath13mulDivReducedEiiiR12LogicVector2,0xe8
0x8bbbbc,_ZN20LogicCharacterServer23isRadioactiveGlowActiveEv,0x30
0x8bbbec,_ZN18ClientHelloMessage6decodeEv,0xa8
0x8bbc94,_ZL12setFrameRatef,0x2a4
0x8bbf38,_ZNKSt6__ndk110__function6__funcIZN19SupercellIdCallback6logOutEP8_jobjectE3$_6NS_9allocatorIS5_EEFvvEE6targetERKSt9type_info,0x1c
0x8bbf54,_ZN6icu_5815UnhandledEngineD0Ev,0x24
0x8bbf78,_ZN11VanityItems30getShownEmoteForBattleCategoryEPK18LogicCharacterDatai,0xb4
0x8bc02c,_ZNK15ChecksumEncoder8hashCodeEv,0x20
0x8bc04c,_ZN22LogicDayChangedCommand7executeEP13LogicHomeModeib,0x158
0x8bc1a4,_ZN13StringBuilderD2Ev,0x2c
0x8bc1d0,_ZN29LogicReflectableContainerBase3addEP16LogicReflectablei,0x154
0x8bc324,_ZThn336_N9HeroPopupD0Ev,0x28
0x8bc34c,_ZN23SetTeamChatMutedMessage8destructEv,0x24
0x8bc370,_ubidi_getText_58,0x30
0x8bc3a0,_ZN5Scene24applyMeshTransformationsEP8SkeletonRK6StringRK9xMatrix44,0xb8
0x8bc458,_ZN8DataIcon28replaceTimelineChildWithIconEP9MovieClipRK6Stringii,0x2e4
0x8bc73c,_ZNK17LogicLocationData26isSupportingCampaignGroundEv,0x10
0x8bc74c,_ZN10SCTuneImpl11sendCommandERK6String,0xcc
0x8bc818,_ZN5lzham19lzham_lib_compress2EPvPKhPmPhS3_13lzham_flush_t,0x298
0x8bcab0,_ZN15MapEditorScreen15getTileCountMaxEPK13LogicTileData,0x98
0x8bcb48,_ZN12LogicGlobalsC2EP8CSVTablei,0xac
0x8bcbf4,_hb_script_from_iso15924_tag,0x124
0x8bcd18,_ZNK19LogicProjectileData13getHideTimeMsEv,0x10
0x8bcd28,_ZN6icu_5823StringCharacterIteratoraSERKS0_,0x64
0x8bcd8c,_ZN6icu_5813UnicodeStringC2Et,0x20
0x8bcdac,_ZNK27LogicDeviceLinkErrorMessage14getMessageTypeEv,0x8
0x8bcdb4,_ZN10InboxPopup12destroyItemsEb,0x1a4
0x8bcf58,_ZNK19NotificationMessage14getMessageTypeEv,0x8
0x8bcf60,_ZN33GetCurrentBattleReplayDataMessage8destructEv,0x4
0x8bcf64,_UDataMemory_isLoaded_58,0x10
0x8bcf74,_ZN16LobbyInfoMessage24getPlayersInPvpMatchmakeEi,0x44
0x8bcfb8,_ZN12EventTracker16sendBillingEventERK6StringS2_iS2_i,0xbc
0x8bd074,_ZNSt6__ndk110__function6__funcIZN11AndroidMain11releaseGameEvE3$_5NS_9allocatorIS3_EEFvvEE7destroyEv,0x4
0x8bd078,_ZNK17OnlineFriendsList12closePopoverEv,0x8
0x8bd080,_ZN4Shop13markInspectedEiii,0x64
0x8bd0e4,_ZN13HeroModelItem13buttonClickedEP12CustomButton,0x2c
0x8bd110,_ZNKSt6__ndk110__function6__funcIZN19SupercellIdCallback15avatarImageDataEP8_jobjectP11_jbyteArrayiiiRK6StringE4$_18NS_9allocatorISA_EEFvvEE6targetERKSt9type_info,0x1c
0x8bd12c,_hb_unicode_funcs_set_mirroring_func,0x74
0x8bd1a0,_ZN24EsportTournamentsWebView14createIntParamERK6Stringi,0xc8
0x8bd268,_ZNKSt6__ndk110__function6__funcIZN5titan3com6google7android4play4core5tasks18OnCompleteListener6invokeEP10_jmethodIDP13_jobjectArrayE3$_0NS_9allocatorISE_EEFvRN8safe_jni5ProxyENS8_4TaskEEE7__cloneEv,0x24
0x8bd28c,_ZN25TeamToggleSettingsMessage17setUseAccessoriesEb,0xc
0x8bd298,_hb_font_create,0x9c
0x8bd334,_ZN25TeamBotSlotDisableMessage6decodeEv,0x40
0x8bd374,_ZNK12SoundManager15getCurrentMusicEv,0x4
0x8bd378,_ZN34PurchaseOfferHighlightPopupHandler20purchaseButtonTappedEv,0x48c
0x8bd804,_ZN13LogicSkinData16setHappyLoopAnimERK6String,0x8
0x8bd80c,_ZN37LogicPurchaseBrawlPassProgressCommand7executeEP13LogicHomeModeib,0xc4
0x8bd8d0,_ZN14VanityItemProp6encodeEP10ByteStream,0x44
0x8bd914,_ZL19lang_find_or_insertPKc,0x11c
0x8bda30,_ZN11SentryTitan12addExceptionERK6String,0x88
0x8bdab8,_ZN32AskForPlayingKakaoFriendsMessageC2Ei,0x30
0x8bdae8,_ZN8Databind8Migrator7migrateEiiPvS1_,0x128
0x8bdc10,_ZN15UIListContainer8scrollToEf,0x6c
0x8bdc7c,_ZN18DeliveryCardsPopup13buttonClickedEP12CustomButton,0x4
0x8bdc80,_ZN11RenderQueue13byTwoSortKeysERKNS_5ChunkES2_,0x3c
0x8bdcbc,_ZN16FacebookATTPopup17backButtonPressedEv,0x14
0x8bdcd0,_ZL14resample_row_1PhS_S_ii,0x8
0x8bdcd8,_ZN15KakaoConnection9handleURLERK6StringS2_,0x8
0x8bdce0,_ZN26TencentAccountBoundMessage13setResultCodeEi,0x8
0x8bdce8,_ZN20UnlockAccountMessage15removePassTokenEv,0x10
0x8bdcf8,_ZNSt6__ndk110__function6__funcIZN11AndroidMain23startedFromNotificationERK6StringE3$_9NS_9allocatorIS6_EEFbvEED0Ev,0x4
0x8bdcfc,_ZN24RankedLeaderboardsScreen6addBtnEP16DropGUIContainerRK6String,0x40
0x8bdd3c,_ZN30CreatePlayerMapResponseMessage6encodeEv,0x60
0x8bdd9c,_ZN14RankedGoalItemD2Ev,0x54
0x8bddf0,_ZNK14LogicMusicData9getVolumeEi,0x18
0x8bde08,_ZN10GameButton7setTextEPKcRK6String,0x8c
0x8bde94,_MatchFinder_Normalize3,0x78
0x8bdf0c,_ZN16DropGUIContainerC2EP9MovieClip,0x58
0x8bdf64,_ZN30LogicDeviceLinkResponseMessage12setAccountIdEii,0x8
0x8bdf6c,_ZN16ByteStreamHelper12writeIntListEP15ChecksumEncoderPK17LogicIntArrayList,0x98
0x8be004,_ZNK6icu_5813ResourceArray8getValueEiRNS_13ResourceValueE,0x5c
0x8be060,_ZNK18LogicNameColorData19getRequiredExpLevelEv,0x10
0x8be070,_ZN24AllianceJoinRequestPopupC2EP9LogicLongPK22LogicAllianceBadgeDataRK6String,0x3a4
0x8be414,_ZN33RankedMidSeasonRewardNotificationC2EiP17LogicRewardConfig,0x48
0x8be45c,_ZN24AvatarStreamEntryFactory8destructEv,0x4
0x8be460,_ZN19AvatarStreamManagerC2Ev,0x14
0x8be474,_ZN10HomeScreen28setSCIDSkinToCollectIfLoggedEv,0x18
0x8be48c,_ZNK23ProLeagueSeasonEndPopup28allowClosingFromModalTappingEv,0x8
0x8be494,_ZN17LogicGameCalendar10addSecondsEi,0x200
0x8be694,_ZNK14scMemoryHandle10createViewEPvmPFvRKS_E,0xec
0x8be780,_ZNK6icu_586Locale15getISO3LanguageEv,0x8
0x8be788,_ZN5lzham12lzcompressor5state26encode_reset_state_partialERNS_12symbol_codecERKNS_18search_acceleratorEj,0xa0
0x8be828,_ZN11hb_buffer_t7enlargeEj,0x128
0x8be950,_ZNK24IapDisclaimerItemHandler16getAnalyticsNameEv,0x80
0x8be9d0,_hb_shape_plan_get_user_data,0x20
0x8be9f0,_ZN5titan3com9supercell5titan15PurchaseManager17finishTransactionERK6String,0x8c
0x8bea7c,_ZN10Connection11handleErrnoEv,0xa0
0x8beb1c,_ZN25AvatarOnlineStatusUpdatedC2Ei,0x34
0x8beb50,_ZN15LogicDataTables19getRandomHeroForBotEP11LogicRandombP14LogicArrayListIPK18LogicCharacterDataEi,0x4b0
0x8bf000,_ZN23HomeBattleReplayMessage16setReplayShardIdEi,0x8
0x8bf008,_ZNSt6__ndk110__function6__funcIZN19SupercellIdCallback11loadAccountEP8_jobjectRK6StringS7_S7_bE3$_2NS_9allocatorIS8_EEFvvEEclEv,0x3c
0x8bf044,_ZNK32LogicDeviceLinkConfirmYesMessage12getPassTokenEv,0x8
0x8bf04c,_ZN17TeamStreamMessage18getServiceNodeTypeEv,0x8
0x8bf054,_ZN22scLZMADecompressFilterC2Ev,0x24
0x8bf078,_ZNKSt6__ndk110__function6__funcIZN11scTaskQueue3runIZN8TestCase11touchSpriteEP6SpriteE3$_2EENS_13invoke_resultIT_JEE4typeES9_EUlvE_NS_9allocatorISC_EEFvvEE7__cloneEv,0x38
0x8bf0b0,_ZN15sc3dWorldObject9setParentEPS_b,0x2b4
0x8bf364,_LzmaDec_DecodeReal2,0xdac
0x8c0110,_ZN18AllianceWarMessage14removeFactionsEv,0x10
0x8c0120,_ZN5ItemsD2Ev,0xa8
0x8c01c8,_ZL12makeTokenMapPK12UDataSwapperPstPhP10UErrorCode,0x26c
0x8c0434,_ZN22LogicIAPChangedCommandC2Ev,0x34
0x8c0468,_ZNK44DebugPlayerMapReviewResultOverrideSetMessage14getMessageTypeEv,0x8
0x8c0470,_ZN21BasicReflectableIdMap9setObjectEiP16LogicReflectable,0xec
0x8c055c,_ZN9ShopPopup20getNotificationCountEv,0x4
0x8c0560,_ZN5lzham12symbol_codec11decode_bitsEj,0x2c4
0x8c0824,_ZN21TeamReportChatMessage5setIdEP9LogicLong,0x8
0x8c082c,_ZN31AntiAddictionDataUpdatedMessage6encodeEv,0x38
0x8c0864,_ZN17AnimationInstance6renderERN11wendelstein21MovieClipRendererDataEf,0x1ac
0x8c0a10,_ZN22TeamPremadeChatMessage14removeTargetIdEv,0x10
0x8c0a20,_ZThn8_N6icu_5813UnicodeFilterD0Ev,0x4
0x8c0a24,_ZN11SCIDManager26logOutFromAllDevicesFailedEv,0x10
0x8c0a34,_ZN11Shape9SliceD0Ev,0x38
0x8c0a6c,_ZNK14LogicDailyData18areTicketsUnlockedEPK13LogicHomeMode,0x28
0x8c0a94,_ZN8Sprite3DC2EP7SCWFilePK13DisplayObjectPN5Scene14InstanceFilterEPK14LogicArrayListI6StringE,0xdc
0x8c0b70,_ZNK18LogicCharacterData11isCarryableEv,0x10
0x8c0b80,_ZN10AreaEffect9setupTeamEv,0x120
0x8c0ca0,_ZN15OutlineRenderer11startRenderEv,0x50
0x8c0cf0,_ZN8MaterialC2Ev,0xa4
0x8c0d94,_ZN22LogicUnlockSkinCommand10canExecuteEPK13LogicHomeModePK13LogicSkinData,0x2c
0x8c0dc0,_ZNK18LogicClientGlobals39getGoogleServicePopupAfterTownHallLevelEv,0x8
0x8c0dc8,_ZN6icu_587UVectorC2EiR10UErrorCode,0x84
0x8c0e4c,_ZN12RenderTarget14generateMipmapEv,0x9c
0x8c0ee8,_ZN20UnmuteChatStreamItem6updateEf,0x40
0x8c0f28,_ZNK24LogicBillingPackagesData22getRawEnabledFlagStateEv,0x8
0x8c0f30,_ZN9RankPopupC2Ev,0x618
0x8c1548,_ubidi_writeReordered_58,0x61c
0x8c1b64,_ZN14LoginOkMessage21setAccountCreatedDateEP6String,0x8
0x8c1b6c,_ZN17TeamInviteMessage18getServiceNodeTypeEv,0x8
0x8c1b74,_ZNK12LogicTileMap22isInsideVisibilityRectEiiiiiiib,0x2a4
0x8c1e18,_ZN16UdpPacketHandlerD2Ev,0xdc
0x8c1ef4,_ZNK19AcceptFriendMessage14getMessageTypeEv,0x8
0x8c1efc,_CrcCalc,0x2c
0x8c1f28,_ZN9MovieClipD0Ev,0xa8
0x8c1fd0,_ZN25BrawlPassAutoCollectPopupD2Ev,0x24
0x8c1ff4,_ZN4Mesh15bindVertexArrayEj,0xc
0x8c2000,_ZNK19LogicLevelUpCommand14getCommandTypeEv,0x8
0x8c2008,_ZN15DeeplinkManager11getInstanceEv,0x30
0x8c2038,_ZNSt6__ndk110__function6__funcIZN19SupercellIdCallback14friendsChangedEP8_jobjectP13_jobjectArrayE4$_14NS_9allocatorIS7_EEFvvEEclEv,0x9c
0x8c20d4,_ZN9CombatHUD31shouldOverrideChineseTextForPRCEv,0x34
0x8c2108,_ZN11DebugLevelsD0Ev,0x60
0x8c2168,_ZN12DebugObjects11getFullNameEPv,0x10c
0x8c2274,_ZN24LocalNotificationManager11getConfDataEv,0x1c
0x8c2290,_ZNK11SoundSystem15getCurrentMusicEv,0xac
0x8c233c,_ZN10BitmapFont15BitmapFormatter8nextLineEv,0x118
0x8c2454,_ZN26ChampionshipChallengePopup13getPlayerDataEv,0x6c
0x8c24c0,_ZNK14LoginOkMessage21isSupercellIdEligibleEv,0x8
0x8c24c8,_Z18_hb_fallback_shapeP15hb_shape_plan_tP9hb_font_tP11hb_buffer_tPK12hb_feature_tj,0x2a8
0x8c2770,_ZNK27LogicSelectCharacterCommand14getCommandTypeEv,0x8
0x8c2778,_ZN13ListContainer13refreshBoundsEf,0xa8
0x8c2820,_ZN11Application7getIMEIEv,0x40
0x8c2860,_ZN19TimedOfferTimerItemC2EiP10TimedOffer,0x18
0x8c2878,_ZN23AddFriendByEmailMessageC2Ev,0x34
0x8c28ac,_hb_buffer_get_empty,0xc
0x8c28b8,_ZNK6CSVRow8getValueERK6Stringi,0x10
0x8c28c8,_ZN12CustomButton26setDefaultTimelineResourceERK6StringS2_,0x38
0x8c2900,_ZNK19LogicProjectileData17damagesConstantlyEv,0x10
0x8c2910,_ZN13UnityAdsTitan11setListenerEP16UnityAdsListener,0xc
0x8c291c,_ZN9BitStream23writePositiveIntMax8191Ei,0x8
0x8c2924,_ZN5Debug11drawTexQuadE7Vector3IfES1_S1_S1_P7GLImagejf,0x4
0x8c2928,_ZN16OnlineFriendItem9setStatusEbRK6String,0xd4
0x8c29fc,_ZN23ReportUserStatusMessageC2Ei,0x30
0x8c2a2c,_ZN11wendelstein7Emitter11applyForcesEv,0x2c8
0x8c2cf4,_ZN24MatchMakingStatusMessageC2Eiiiiib,0x70
0x8c2d64,_ZN20PlayerMapRenamePopupC2ERK9LogicLongRK6String,0x3c0
0x8c3124,_ZN31LogicSetSupportedCreatorCommand8destructEv,0x44
0x8c3168,_ZN8Skeleton14applyAnimationEP4MeshP11DynamicMesh,0x48
0x8c31b0,_ZNK31LogicRankedMatchResultDebugInfo6encodeEP15ChecksumEncoder,0x94
0x8c3244,_ZN19EnvironmentRenderer6renderER9Matrix2x3R14ColorTransformif,0x2420
0x8c5664,_ZN14BattleEndPopup9goToStateEi,0x12c
0x8c5790,_ZN8HomePage18refreshJoinRequestEv,0x28
0x8c57b8,_ZN27GoogleBillingRequestMessage12setSignatureERK6String,0x8
0x8c57c0,_ZN15ResourceManager13getDataLoaderEPKc,0x12c
0x8c58ec,_ZNK15LogicLocaleData12getFaqIosUrlEv,0x68
0x8c5954,_ZNK27GoogleBillingRequestMessage15getCurrencyCodeEv,0x8
0x8c595c,_ZN21ChronosResourceFolderC2EiRK6String,0x16c
0x8c5ac8,_ZNK26EnterSupportedCreatorPopup28allowClosingFromModalTappingEv,0x8
0x8c5ad0,_ZNKSt6__ndk110__function6__funcIZN11scTaskQueue3runIZN7GLImage6createEPKc9ImageWrap11ImageFilterE3$_1EENS_13invoke_resultIT_JEE4typeESB_EUlvE_NS_9allocatorISE_EEFvvEE11target_typeEv,0xc
0x8c5adc,_ZN16ServerConnection7connectEv,0x20c
0x8c5ce8,_ZN10GameScreen5enterEv,0x74
0x8c5d5c,_ZN18NotEnoughGemsPopupC2Ev,0x1b4
0x8c5f10,_ZN8Databind24NlohmannJsonOutReflector11reflectBoolEbRK6Stringb,0xc0
0x8c5fd0,_ZN15LogicItemServer15triggerTeleportEP20LogicCharacterServer,0x4
0x8c5fd4,_ZN11Character3D18getActiveAnimationEi,0x60
0x8c6034,_ucase_toFullTitle_58,0x8
0x8c603c,_ZN16DebugInputWindow4openEP10GameButtonRK6StringS4_,0x84
0x8c60c0,_ZNKSt6__ndk110__function6__funcIZN19SupercellIdCallback18openSelfHelpPortalEP8_jobjectE4$_12NS_9allocatorIS5_EEFvvEE11target_typeEv,0xc
0x8c60cc,_ZNK18LogicGemBundleData11getPriorityEv,0x8
0x8c60d4,_ZN14QualifiedPopup13onCloseButtonEv,0x58
0x8c612c,_ZN15LogicPathFinder8destructEv,0xb4
0x8c61e0,_ZN12SupercellSWF23readCompressedByteArrayEiPh,0x1ac
0x8c638c,_ZN9BitStream14readIntMax8191Ev,0x33c
0x8c66c8,_ZN12LocationItem20playCollectAnimationEi,0x7c
0x8c6744,_ZN19DebugCommandMessage8destructEv,0x24
0x8c6768,_ZNK14AssetReference7getSC3DEv,0x1c
0x8c6784,_ZN17MovieClipModifier6renderER9Matrix2x3R14ColorTransformif,0x7c
0x8c6800,_ZNK8Settings20getHeroSortingQuestsEv,0xdc
0x8c68dc,_ZNK7CSVNode8isClonedEv,0x8
0x8c68e4,_hb_set_get_max,0x58
0x8c693c,_ZN12scFilesystem14removeListenerEPNS_9IListenerE,0x88
0x8c69c4,_ZN20LogicJSONInReflector12getNextFloatEv,0x5c
0x8c6a20,_ZNK7SCWFile11getGeometryERK6String,0x68
0x8c6a88,_ZN21LogicCompressedString9decodeRefEP10ByteStream,0x70
0x8c6af8,_ZN29LogicClaimRankUpRewardCommand12getMilestoneEPK13LogicHomeModeiii,0xcc
0x8c6bc4,_ZN14StreamItemList12compareLongsEPK9LogicLongS2_,0x7c
0x8c6c40,_ZN22SettingsLanguageScreen6updateEf,0x10
0x8c6c50,_ZN5lzham18lzham_decompressor16reset_all_tablesEv,0xe4
0x8c6d34,_ZN12CustomButton7setTextERK6String,0x18
0x8c6d4c,_ZN19hb_ot_map_builder_t11add_featureEjj25hb_ot_map_feature_flags_t,0x140
0x8c6e8c,_ZNK18sc3dPanPinchCamera8getShakeEv,0xc
0x8c6e98,_ZNSt6__ndk110__function6__funcIZN10HeroSprite9HeroEntry15updateAnimationEfE3$_0NS_9allocatorIS4_EEFNS_8functionIFvvEEEvEE7destroyEv,0x4
0x8c6e9c,_ZN17LogicGameModeUtil18isSinglePlayerModeEi,0xc
0x8c6ea8,_ZNK17LogicSkinConfData14getBoneEffect3Ev,0x8
0x8c6eb0,_ZNSt6__ndk110__function6__funcIZN11AndroidMain15_gameForegroundEvE4$_15NS_9allocatorIS3_EEFvvEE7destroyEv,0x4
0x8c6eb4,_ZN14HelpshiftTitan22handlePushNotificationEPKvb,0xb4
0x8c6f68,_ZN10InputField6updateEf,0x10
0x8c6f78,_ZN17LogicBattleEmotesC2Ev,0x6c
0x8c6fe4,_ZN11FontManager15freeSystemFontsEv,0x80
0x8c7064,_ZN18WaitingPopupRankedC2Ebii,0x620
0x8c7684,_ZN5titan4java4lang4LongC2El,0x38
0x8c76bc,_ZN15LogicDataTables14getCurseEffectEv,0xc
0x8c76c8,_ZNK16LogicOfferBundle14getCountInTypeEi,0xc8
0x8c7790,_ZN36LogicTencentAntiAddictionInstructionC2Ev,0xa4
0x8c7834,_hb_unicode_funcs_get_default,0x4
0x8c7838,_ZN15PendingTeamItemD2Ev,0x80
0x8c78b8,_ZL13path_cubic_toPvffffff,0x24
0x8c78dc,_ZN9TeamPopup29displayCommunityCreditPopoverEP12CustomButtonP12LocationInfo,0xa4
0x8c7980,_ZN17ShopSkinTeaseItemD0Ev,0x24
0x8c79a4,_ZNK10GameObject19getSpriteForEffectsEv,0x8
0x8c79ac,_ZN6Screen20getCurrentScreenModeEv,0x4
0x8c79b0,_ZN15MovieClipHelper18moveIconNextToTextEP9TextFieldP13DisplayObjectfb,0x190
0x8c7b40,_ZN13UnbotifyTitan12startContextEPKc,0x34
0x8c7b74,_ZN8GameMain9handleURLEPKcS1_b,0x1b0
0x8c7d24,_ZN24EsportTournamentsWebView11showLoadingEb,0x1c
0x8c7d40,_ZL25characterIteratorPreviousP13UCharIterator,0x50
0x8c7d90,_ZN17LogicClientAvatar23setAvatarChangeListenerEP25LogicAvatarChangeListener,0x58
0x8c7de8,_uprv_ebcdicFromAscii_58,0xd8
0x8c7ec0,_ZN25TeamInviteResponseMessage6encodeEv,0x38
0x8c7ef8,_ZN18LogicClientGlobals8destructEv,0x35c
0x8c8254,_ZNK31AvatarStreamEntryRemovedMessage14getMessageTypeEv,0x8
0x8c825c,_ZN16RankedPlayerItem6updateEf,0x18
0x8c8274,_ZN19LogicMappedCSVTable13rebuildLookupEv,0x18c
0x8c8400,_ZN22SubmitPlayerMapMessage8setMapIdERK9LogicLong,0xc
0x8c840c,_ZN8HudPrintD2Ev,0x110
0x8c851c,_ZN15EmojiStreamItemD0Ev,0x58
0x8c8574,_ZN17LogicClientAvatar16setHeroSeenStateEPK18LogicCharacterDatai,0x10
0x8c8584,_ZNK14LogicSoundData11getMinPitchEi,0x18
0x8c859c,_ZN14MessageManager20sendKeepAliveMessageEv,0x60
0x8c85fc,_ZN29AuthenticationResponseMessage8destructEv,0x24
0x8c8620,_ZN21BasicReflectableIdMap8destructEv,0x34
0x8c8654,_ZNK27KunlunBillingRequestMessage16getPurchaseTokenEv,0x8
0x8c865c,_ZN12AllianceEdit6updateEf,0x10
0x8c866c,_ZN5lzham21lzham_lib_z_compress2EPhPmPKhmi,0x1a4
0x8c8810,_ZN6icu_5824ForwardCharacterIteratorC2ERKS0_,0x14
0x8c8824,_Z18data_create_arabicPK18hb_ot_shape_plan_t,0x168
0x8c898c,_ZN9sc3dWorld15addObjectAtRootEP15sc3dWorldObject,0x1cc
0x8c8b58,_ZN9EntryInfo11setStatRankEP9MovieClipibRK6String,0x140
0x8c8c98,_u_enumCharTypes_58,0x68
0x8c8d00,_ZN21LogicPlayerRewardData15setRewardConfigEP17LogicRewardConfig,0x48
0x8c8d48,_ZNK14LogicSoundData12getMaxVolumeEi,0x18
0x8c8d60,_ZNK8Viewport7projectERK7Vector3IfERK9xMatrix44,0xc0
0x8c8e20,_ZN14AllianceSearch18getDebugSearchListEv,0x8
0x8c8e28,_ZN17LogicDebugCommand6decodeEP10ByteStream,0xc4
0x8c8eec,_ZN22SubmitPlayerMapMessage6encodeEv,0x28
0x8c8f14,_ZNK20LogicCharacterServer7isAliveEv,0x10
0x8c8f24,_ZN14BattleLogPopup18openMapContextMenuEP13BattleLogItem,0x118
0x8c903c,_ZN6icu_5815Normalizer2ImplD0Ev,0x64
0x8c90a0,_ZN6icu_586Locale10getItalianEv,0x24
0x8c90c4,_ZN9xMatrix4413createScalingEf,0x28
0x8c90ec,_ZN15LogicStringUtil13isValidIntStrERK6Stringii,0xd0
0x8c91bc,_ZN10ScoresPage16fetchLeaderboardEb,0x7c
0x8c9238,_ZN29SetBlockFriendRequestsMessage8destructEv,0x24
0x8c925c,_ZNK18LogicCharacterData11useColorModEv,0x10
0x8c926c,_ZN15LogicDailyOffer16getPriceResourceEv,0x4
0x8c9270,_ZNSt6__ndk110__function6__funcIZN11AndroidMain14destroySurfaceEvE3$_3NS_9allocatorIS3_EEFvvEE18destroy_deallocateEv,0x4
0x8c9274,_ZN15MovieClipHelper17setHitAreaIfFoundEP9MovieClip,0x6c
0x8c92e0,_ZN10GameButtonC2Ev,0xd8
0x8c93b8,_ZN10ScrollAreaC2Effi,0x74
0x8c942c,_ZN5titan3com9supercell5titan14HelpshiftTitan15setNameAndEmailERK6StringS6_,0xb0
0x8c94dc,_ZNKSt6__ndk110__function6__funcIZN7GLImage14updateSubImageEPKhiiiE3$_9NS_9allocatorIS5_EEFvvEE11target_typeEv,0xc
0x8c94e8,_ZNK6icu_5810UnicodeSet4spanEPKti17USetSpanCondition,0x268
0x8c9750,_ZN16GameStateManager4drawEv,0x4
0x8c9754,_ZNK5Stage33isCalculatingBoundsForMaskContentEv,0x24
0x8c9778,_ZL27hasFullCompositionExclusionRK14BinaryPropertyi9UProperty,0xe8
0x8c9860,_ZN10InputFieldD0Ev,0x24
0x8c9884,_ZN8HomePage15getButtonByNameERK6String,0x84
0x8c9908,_ZNK22LogicLocationThemeData39getMapPreviewGemGrabSpawnHoleExportNameEv,0x10
0x8c9918,_ZNSt6__ndk110__function6__funcIZN19SupercellIdCallback14connectedGamesEP8_jobjectP13_jobjectArrayE4$_16NS_9allocatorIS7_EEFvvEED0Ev,0x4
0x8c991c,_ZNKSt6__ndk110__function6__funcIZN3UIu15displayTestListEvE3$_0NS_9allocatorIS3_EEFRK6StringP5UICtxEE7__cloneEPNS0_6__baseISB_EE,0x10
0x8c992c,_ZN16DropGUIContainer14addRadioButtonEPKcb,0x84
0x8c99b0,_ZN6icu_5813UnicodeString8copyFromERKS0_a,0x24c
0x8c9bfc,_ZNK15sc3dWorldObject14get2dContainerEv,0x8
0x8c9c04,_ZN5titan3com9supercell5titan15PurchaseManager12setAccountIdERK6StringS6_,0xb0
0x8c9cb4,_ZN9CSVColumn18setRawBooleanValueEci,0x134
0x8c9de8,_ZN29AvatarNameChangeFailedMessage8destructEv,0x24
0x8c9e0c,_ZN12_GLOBAL__N_114doResourceLoadERK18scResourceLoadInfo,0x1a4
0x8c9fb0,_ZN20StartSpectateMessageC2EP9LogicLongb,0x58
0x8ca008,_ZN18TeamChatControllerD0Ev,0x54
0x8ca05c,_ubidi_getCustomizedClass_58,0x54
0x8ca0b0,_ZNK7CSVNode13getNodeByNameERK6String,0x60
0x8ca110,_ZN9BitStream13readIntMax127Ev,0x1e0
0x8ca2f0,_ZNK22ShapeDrawBitmapCommand20get9SliceCoordinateYEfPK4RectS2_f,0x64
0x8ca354,_ZN15LeaderboardPage11createEntryEP12RankingEntryii,0x78
0x8ca3cc,_ZN6scglTF18loadDracoPrimitiveERNS_20PrimitiveLoadContextE,0xa4
0x8ca470,_ZN14LogicDailyData15getChronosQuestEv,0x10
0x8ca480,_ZN10ItemsPopupD2Ev,0x54
0x8ca4d4,_ZN8HomePage6updateEf,0x3204
0x8cd6d8,_ZN30LogicSetPlayerThumbnailCommand6decodeEP10ByteStream,0x30
0x8cd708,_ZN12SupercellSWF23cacheCompressedIntArrayEiPib,0x50
0x8cd758,_ZN20PlayerNameColorPopupC2Ev,0x27c
0x8cd9d4,_ZNK17LogicSkinConfData12getHappyFaceEv,0x10
0x8cd9e4,_ZN6icu_5810UnicodeSet3addEPKiia,0x2b8
0x8cdc9c,_ZNK20LogicCharacterClient18hasRuffsBuffClientEv,0x8
0x8cdca4,_ZN28RankedMatchHeroPickedMessage8destructEv,0x48
0x8cdcec,_ZNK24LogicParticleEmitterData17getParticleStartZEv,0x10
0x8cdcfc,_ZN29TeamInvitationResponseMessage6decodeEv,0x4c
0x8cdd48,_ZNK17LogicSkinConfData23getAutoAttackProjectileEv,0x8
0x8cdd50,_ZN18AllianceMemberItem9refreshBgEv,0x70
0x8cddc0,_ZN17LogicSkinConfData15setPushBackAnimERK6String,0x14
0x8cddd4,_ZN32BrawlPassAutoCollectRewardsPopupD0Ev,0xac
0x8cde80,_ZNK22TeamRequestJoinMessage14getMessageTypeEv,0x8
0x8cde88,_ZN27LogicPlayerRankedSeasonDataC2Ev,0x24
0x8cdeac,_ZN8ViewportC2Ev,0x1c
0x8cdec8,_ZNKSt6__ndk110__function6__funcIZN8TestCase17getStagePointSizeEvE4$_11NS_9allocatorIS3_EEFfvEE7__cloneEPNS0_6__baseIS6_EE,0x10
0x8cded8,_u_foldCase_58,0x18
0x8cdef0,_ZN16ChatOptionsPopupD2Ev,0x54
0x8cdf44,_ZN13AlliancePopup13touchReleasedERK5Touch,0x24
0x8cdf68,_ZN19AvatarStreamManagerD2Ev,0xc8
0x8ce030,_ZN12KakaoManager18isInvitePendingForEPK9LogicLong,0x74
0x8ce0a4,_ZN21LogicProjectileServer16handleCollisionsEv,0x1ad4
0x8cfb78,_ZN19LogicCommandManager11setListenerEP27LogicCommandManagerListener,0x50
0x8cfbc8,_Ppmd7_Update1_0,0xa8
0x8cfc70,_ZN8HomePage14checkIsCreatorEv,0x60
0x8cfcd0,_ZN18TextFieldWithLinks16addLinkByIndicesEiii,0x130
0x8cfe00,_ZNKSt6__ndk110__function6__funcIZ50Java_com_supercell_titan_GameApp_handleDeeplinkURLE3$_1NS_9allocatorIS2_EEFvvEE6targetERKSt9type_info,0x1c
0x8cfe1c,_ZNK13LogicHomeMode23getBrawlPassTierForHeroEPK18LogicCharacterData,0x94
0x8cfeb0,_ZN17PlayerMapsMessage6decodeEv,0x1c4
0x8d0074,_ZN10BitmapFont15BitmapFormatter13getLineHeightEv,0x3c
0x8d00b0,_ZN11DragHandler8removeIdEi,0x104
0x8d01b4,_ZN13SceneRenderer12addCharacterEPK18LogicCharacterDataPK13LogicSkinDataffffNS_16CoordinateSystemEP14SceneCharacterP8Materialbb,0x3dc
0x8d0590,_ZN17HighRateUdpPacket24setHandshakeOkPacketSizeEi,0x8
0x8d0598,_ZN14BattleEndPopup20displayBattleEndHackEbibi,0x74
0x8d060c,_ZN8GameMain8setSleepEb,0x10
0x8d061c,_ZN5titan3com9supercell5titan19GoogleServiceClient16showAchievementsEv,0x7c
0x8d0698,_ZN22PromoPopupNotification6encodeEP15ChecksumEncoder,0x78
0x8d0710,_ZN18LogicClientGlobalsC2EP8CSVTablei,0x210
0x8d0920,_ZNK8CSVTable14getColumnCountEv,0x8
0x8d0928,_ZN16HelpshiftManager16setForcedContactEi,0x14
0x8d093c,_ZN30AvatarNameCheckResponseMessage18getServiceNodeTypeEv,0x8
0x8d0944,_ZN12LogicVersion14getEnvironmentEv,0x8
0x8d094c,_ZN15TeamChatMessage18getServiceNodeTypeEv,0x8
0x8d0954,_ZN9MovieClip7setTextERK6StringS2_,0xd0
0x8d0a24,_ZN12BattleScreen37updateLaserBallFriendTrajectorySpriteEv,0x334
0x8d0d58,_ZNSt6__ndk110__function6__funcIZN11scTaskQueue3runIZN11AndroidMain9_gameStopEvE4$_17EENS_13invoke_resultIT_JEE4typeES7_EUlvE_NS_9allocatorISA_EEFvvEEclEv,0x40
0x8d0d98,_ZN17LocalNotificationC2Ev,0x28
0x8d0dc0,_ZNK4Mesh7endDrawEv,0xac
0x8d0e6c,_ZN15SuggestionEntry6decodeEP10ByteStream,0x58
0x8d0ec4,_ZN12MapEditorHUD14flashTileItemsEv,0x280
0x8d1144,_ZN18OwnHomeDataMessage21removeLogicClientHomeEv,0x10
0x8d1154,_ZN20LogicEmoteBundleData12resetStaticsEPK8CSVTable,0xe4
0x8d1238,_ZN12BattleScreen27hideMovementAndAttackTargetEv,0x30
0x8d1268,_uprv_dl_open_58,0x24
0x8d128c,_ZN7TopItemD0Ev,0x8c
0x8d1318,_ZN11SocialPopup10refreshTabEiP10GameButton,0x24
0x8d133c,_ZN12LoginMessage18getServiceNodeTypeEv,0x8
0x8d1344,_ZNK9LogicData17getIntegerValueAtEi,0x3c
0x8d1380,_ZN17UnlockAccountMenu8sendCodeEv,0x1a0
0x8d1520,_ZNK19LogicProjectileData9getRadiusEv,0x8
0x8d1528,_ZN18PreRenderedTextureC2EbiP8Material,0xc0
0x8d15e8,_ZNK13LogicCardData12getBaseValueEv,0x24c
0x8d1834,_ZNK9sc3dWorld15getTileToScreenEfff,0x34
0x8d1868,_ZN6icu_5813UnicodeString9doReplaceEiiRKS0_ii,0x54
0x8d18bc,_ZN21SignoffPlayerMapPopup17backButtonPressedEv,0x14
0x8d18d0,_ZN9BitStream16writePositiveIntEii,0x18c
0x8d1a5c,_ZNK17LogicSkinConfData22getSecondaryProjectileEv,0x8
0x8d1a64,_Sha256_Update,0x7c
0x8d1ae0,_udata_swapDataHeader_58,0x200
0x8d1ce0,_ZN18AllianceWarFaction8destructEv,0x8
0x8d1ce8,_ZN10TimedOffer8setStateEi,0x1c
0x8d1d04,_ZN11InputSystem13addListenerAtEP14IInputListeneri,0x180
0x8d1e84,_ZN24RankedLeaderboardsScreen19updateSeasonEndTimeEv,0x4
0x8d1e88,_Z16col32ToFloatRGBAjRfS_S_S_,0x50
0x8d1ed8,_ZL31hb_ucdn_decompose_compatibilityP18hb_unicode_funcs_tjPjPv,0xc
0x8d1ee4,_ZNK9InitState18getLoadingProgressEv,0xe0
0x8d1fc4,_ZN25SetCountryResponseMessage8destructEv,0x28
0x8d1fec,_ZN12GemOfferItem8loadClipEii,0x210
0x8d21fc,_ZN8AdStatus6encodeEP15ChecksumEncoder,0x58
0x8d2254,_ZN9TweenClip19resolveCurrentValueEv,0x360
0x8d25b4,_ZNK5Shape15cloneAsOriginalEv,0x1a4
0x8d2758,_ZNSt6__ndk110__function6__funcIZN11scTaskQueue3runIZN8TestCase20drawDebugPercentagesEvE4$_19EENS_13invoke_resultIT_JEE4typeES7_EUlvE_NS_9allocatorISA_EEFvvEEclEv,0x40
0x8d2798,_ZN5titan3com9supercell5titan19ApplicationUtilBase32isAmazonDeviceMessagingSupportedEv,0x5c
0x8d27f4,_ZN27LogicCommandManagerListenerC2Ev,0x10
0x8d2804,_ZNSt6__ndk110__function6__funcIZN11scTaskQueue3runIZN8TestCase7touchUpEvE4$_18EENS_13invoke_resultIT_JEE4typeES7_EUlvE_NS_9allocatorISA_EEFvvEED0Ev,0x4
0x8d2808,_ZNKSt6__ndk110__function6__funcIZN24DataLoaderLayeredTexture4loadEPKcRKNS_5arrayIiLm4EEEE3$_1NS_9allocatorIS9_EEFjvEE11target_typeEv,0xc
0x8d2814,_ZN18HomePageTeamMember15shouldPlaySoundEv,0x5c
0x8d2870,_ZNKSt6__ndk110__function6__funcIZN8TestCase6dragToER5TouchfE4$_16NS_9allocatorIS5_EEFvvEE11target_typeEv,0xc
0x8d287c,_ZNK12_GLOBAL__N_115scFileImpl_Pack14isMemoryMappedEv,0x8
0x8d2884,_ZN21LogicJSONOutReflector8addArrayEi,0x44
0x8d28c8,_ZNK13DisplayObject8getStageEv,0x30
0x8d28f8,_ZN21TeamCreatedStreamItem12refreshEntryEP11StreamEntry,0x90
0x8d2988,_ZN25RankedMatchStartedMessage8setMatchEP16LogicRankedMatch,0x48
0x8d29d0,_ZN15LogicDataTables21getAutoHealAreaEffectEv,0xc
0x8d29dc,_ZN14DataLoaderJSOND0Ev,0xa0
0x8d2a7c,_ZN9RankPopup14getStartOffsetEv,0x24
0x8d2aa0,_ZN21GlobalChatLineMessage16removeAvatarNameEv,0x10
0x8d2ab0,_ZN23BattleReportStreamEntry15updateStateFromEP17AvatarStreamEntry,0x88
0x8d2b38,_ZNK3GUI16getHeroInfoPopupEv,0x98
0x8d2bd0,_ZN20GameSelectableButtonC2EP20SelectableButtonList,0x74
0x8d2c44,_ZN13DebugMenuBase12touchPressedERK5Touch,0x18
0x8d2c5c,_ZN9OutStream10computeCRCEji,0x44
0x8d2ca0,_ZL19hb_ft_face_finalizeP11FT_FaceRec_,0x8
0x8d2ca8,_ZN8GameMain20onVideoAdNotFinishedEv,0x5c
0x8d2d04,_ZN20LogicBattlePlayerMap10getMapDataEv,0x34
0x8d2d38,_ZN9InitStateD2Ev,0x258
0x8d2f90,_ZN12scZstdReaderC2ERK14scMemoryHandle,0xd8
0x8d3068,_ZN8Databind23NlohmannJsonInReflector13reflectObjectERK6String,0x4
0x8d306c,_ZN19VisionUpdateMessage6encodeEv,0xa4
0x8d3110,_ZN18ProLeagueInfoPopup17backButtonPressedEv,0xc
0x8d311c,_ZN10BitmapFont15BitmapFormatter9nextGlyphEP14FormattedGlyph,0x2d4
0x8d33f0,_ZNK18scFSLayerDirectory15getRelativePathERKNSt6__ndk112basic_stringIcNS0_11char_traitsIcEENS0_9allocatorIcEEEE,0x50
0x8d3440,_ZNSt6__ndk110__function6__funcIZN11scTaskQueue3runIZN8TestCase11touchSpriteEP6SpriteE3$_2EENS_13invoke_resultIT_JEE4typeES9_EUlvE_NS_9allocatorISC_EEFvvEEclEv,0x40
0x8d3480,_Z29getClosestPointSegmentSegmentRK7SegmentS1_RfS2_,0x170
0x8d35f0,_ZNKSt6__ndk110__function6__funcIZN19SupercellIdCallback7friendsEP8_jobjectP13_jobjectArrayE4$_13NS_9allocatorIS7_EEFvvEE7__cloneEv,0x40
0x8d3630,_ZN6Friend12setFirstNameERK6String,0x8
0x8d3638,_ZN13WVSCIDManager4initEv,0x4
0x8d363c,_ZNK13DisplayObject12localToLocalEffPKS_RfS2_,0xa0
0x8d36dc,_ZNK29LogicReflectableContainerBase19getReflectableForIdEi,0x48
0x8d3724,_ZN25progressive_block_decoder22decode_block_ac_refineEP12jpeg_decoderiii,0x2b4
0x8d39d8,_ZN13TitanInStream7readUTFEv,0x38
0x8d3a10,_ZL13isPOSIX_graphRK14BinaryPropertyi9UProperty,0x8
0x8d3a18,_ZNK18LogicChallengeData16getTeaserInfoTIDEv,0x10
0x8d3a28,_ZN9EntryInfo10isDisabledEv,0x50
0x8d3a78,_ZN17LogicGameModeUtil28playersDropPowerCubesOnDeathEi,0x24
0x8d3a9c,_ZNSt6__ndk110__function6__funcIZ43Java_com_supercell_titan_Kakao_logoutResultE3$_4NS_9allocatorIS2_EEFvvEE7destroyEv,0x4
0x8d3aa0,_ZNK14MessageManager21getAccountCreatedDateEv,0x8
0x8d3aa8,_ZN23LogicSelectEmoteCommandC2Ev,0x38
0x8d3ae0,_ZNK26LogicGameModeVariationData8getColorEv,0x10
0x8d3af0,_ZN10ByteStream9readVLongEv,0x238
0x8d3d28,_ZNKSt6__ndk110__function6__funcIZN10SWFTexture4loadEP12SupercellSWFbibbbbRK6StringE3$_0NS_9allocatorIS8_EEFvvEE6targetERKSt9type_info,0x1c
0x8d3d44,_ZN25TeamToggleSettingsMessage8destructEv,0x24
0x8d3d68,_stbi_loadf_from_memory,0x44
0x8d3dac,_ZN15TeamInviteEntryC2Ev,0x18
0x8d3dc4,_ZN11TeamManager25onTeamGameStartingMessageEP23TeamGameStartingMessage,0x7c
0x8d3e40,_ZN6icu_5822RuleBasedBreakIteratorC2ERKS0_,0x80
0x8d3ec0,_ZN6icu_5820UnicodeSetStringSpan15addToSpanNotSetEi,0x68
0x8d3f28,_ZNK35AllianceInvitationAvatarStreamEntry20getAllianceBadgeDataEv,0x8
0x8d3f30,_ZN15LogicDataTables17getUltiGainEffectEv,0xc
0x8d3f3c,_ZNK18LogicClientGlobals25getHelpCenterLanguageSizeEv,0xc
0x8d3f48,_ZN13LogicFaceData8destructEv,0x4
0x8d3f4c,_ZNK38TencentBillingProcessedByServerMessage13getStatusCodeEv,0x8
0x8d3f54,_ZN18AddableFriendEntryC2Ev,0x10
0x8d3f64,_ZN10LZMAReader10read3BytesEv,0x98
0x8d3ffc,_ZNK16GameStateManager20isServerShuttingDownEv,0x8
0x8d4004,_ZN20LogicCharacterServer14clearSkillListEv,0x6c
0x8d4070,_ubidi_getReorderingMode_58,0xc
0x8d407c,_ZNSt6__ndk110__function6__funcIZN19SupercellIdCallback31setPendingRegistrationWithPhoneEP8_jobjectRK6StringE4$_10NS_9allocatorIS8_EEFvvEED2Ev,0x10
0x8d408c,_ZN20GameSelectableButton13buttonPressedEv,0xb0
0x8d413c,_ZNK28LogicSeasonalSkinSectionData18isCampaignIncludedEPK21SkinCampaignData,0x38
0x8d4174,_ZL8res_initP12ResourceDataPhPKviP10UErrorCode,0x1b8
0x8d432c,_ZN15GameSCIDManager22clearPlayingFriendListEv,0x78
0x8d43a4,_ZNKSt6__ndk110__function6__funcIZN32NativeFacebookConnectionCallback14sentAppRequestERK6StringS5_E3$_5NS_9allocatorIS6_EEFvvEE7__cloneEv,0x5c
0x8d4400,_ZNK17LogicSkinConfData16getBoneEffectUseEv,0x8
0x8d4408,_ZN13AlliancePopupD2Ev,0xf8
0x8d4500,_ZL10stdio_readPvPci,0xc
0x8d450c,_ZN14BattleTutorial12TutorialStepC2EPK21LogicTutorialStepData,0x548
0x8d4a54,_ZN12RenderSystem18getSprite3DForTileEPK13LogicTileDataiiRiS3_RfRb,0x2b48
0x8d759c,_ZN31BindGoogleServiceAccountMessage18getServiceNodeTypeEv,0x8
0x8d75a4,_ZN15DoubleDropPopup12itemSelectedEP10DoubleItem,0xa4
0x8d7648,_ZN27FacebookAccountBoundMessage6decodeEv,0x2c
0x8d7674,_ZN14BattleEndPopup15getQuestElementEi,0x9c
0x8d7710,_ZNSt6__ndk110__function6__funcIZN11scTaskQueue3runIZN8TestCase9touchDownER5TouchE4$_15EENS_13invoke_resultIT_JEE4typeES9_EUlvE_NS_9allocatorISC_EEFvvEE18destroy_deallocateEv,0x4
0x8d7714,_ZN5titan3com9supercell5titan17GL2JNISurfaceView15setLayoutParamsERKNS_7android4view9ViewGroup12LayoutParamsE,0x13c
0x8d7850,_ZN8PageItemC2Ei,0x4c
0x8d789c,_ZN6Friend20setLoadedFromTencentEb,0xc
0x8d78a8,_ZN9GameUtils7addQuadER19DynamicVertexBufferI11VertexPosUvERK7Vector3IfEfffff,0x34
0x8d78dc,_ZN18HomePageTeamMember7refreshEP15TeamMemberEntry,0x6ec
0x8d7fc8,_pointerTOCLookupFn,0x144
0x8d810c,_ZN15LogicDataTables22getCollectShieldEffectEv,0xc
0x8d8118,_Z11idToSafeTagPK9LogicLong,0x90
0x8d81a8,_ZN13HeroInfoPopup21getMovementSpeedClassEi,0x8c
0x8d8234,_ZN5titan4java4util7HashMap4sizeEv,0x7c
0x8d82b0,_ZNK14MessageManager7getPingEv,0x8
0x8d82b8,_ZNK20LogicHeroSeenCommand14getCommandTypeEv,0x8
0x8d82c0,_ZN12LoginMessage9setRndKeyEi,0x8
0x8d82c8,_ZN5tween5Cubic6easeInEffff,0x14
0x8d82dc,_ZN5Track5eventERK6StringS2_S2_S2_S2_S2_S2_S2_S2_S2_S2_S2_S2_S2_S2_S2_S2_S2_S2_,0x4
0x8d82e0,_ZL24normalize_glyphs_clusterP11hb_buffer_tjjb,0x46c
0x8d874c,_ZN11StringTable16getLocalizedNameEPK9LogicData,0x100
0x8d884c,_ZN13SimpleWebview17backButtonPressedEv,0x48
0x8d8894,_ZN8TestCase9dragRatioEfffffi,0x194
0x8d8a28,_ZNK18CryptoErrorMessage14getMessageTypeEv,0x8
0x8d8a30,_ZN27LogicSelectStarPowerCommand6decodeEP10ByteStream,0x30
0x8d8a60,_ZNKSt6__ndk110__function6__funcIZN19SupercellIdCallback11bindAccountEP8_jobjectRK6StringS7_S7_S7_bE3$_1NS_9allocatorIS8_EEFvvEE7__cloneEv,0x74
0x8d8ad4,_ZN14LogicJSONArray6removeEi,0x9c
0x8d8b70,_ZN21LogicProjectileServer12hasHitTargetEi,0x38
0x8d8ba8,_ZN14AllianceStream24removeLastSeenMessageIdsEv,0x10
0x8d8bb8,_ZN23PushNotificationService24setRegistrationErrorCodeEiPKc,0x78
0x8d8c30,_ZNK11SCIDManager16getVersionStringEv,0x10
0x8d8c40,_ZNK23LogicRankedLocationData15getLocationDataEv,0x8
0x8d8c48,_ZN6icu_5814FCDNormalizer2D0Ev,0x24
0x8d8c6c,_ZNK15sc3dWorldObject13getRootParentEv,0x14
0x8d8c80,_ZN9HeroPopup10deletePageEP16DropGUIContainer,0x14c
0x8d8dcc,_ZNK6String11toUpperCaseEv,0x10
0x8d8ddc,_ZN8HeroItem13buttonPressedEv,0x50
0x8d8e2c,_ZN11LineManager4initEv,0xd0
0x8d8efc,_ZN12EventTracker24accountConnectedWithLineERK6String,0x48
0x8d8f44,_ZN13LogicSkinData14setSadLoopFaceERK6String,0x8
0x8d8f4c,_ZN15DoubleCoinsItem6updateEf,0x4c
0x8d8f98,_ZNKSt6__ndk110__function6__funcIZN7GLImage6createEPKhi9ImageWrap11ImageFilterE3$_2NS_9allocatorIS7_EEFvvEE6targetERKSt9type_info,0x1c
0x8d8fb4,_ZN17LogicCampaignData12clearRewardsEv,0x90
0x8d9044,_ZN20LogicCharacterServer17setVisionOverrideEiii,0x10
0x8d9054,_ZNSt6__ndk110__function6__funcIZN8TestCase20drawDebugPercentagesEvE4$_21NS_9allocatorIS3_EEFvvEEclEv,0x10
0x8d9064,_ZN17MovieClipOriginalC2Ev,0x40
0x8d90a4,_ZN12AllianceInfo20hasEnoughScoreToJoinEv,0x160
0x8d9204,_ZN26ChampionshipChallengePopup8scrollToEf,0x70
0x8d9274,_ZN23PushNotificationService12isRegisteredEv,0x38
0x8d92ac,_ZN7SCWFileD2Ev,0x438
0x8d96e4,_ZN22ClientContentValidator19getPendingTIDIssuesEPK6CSVRow,0x48
0x8d972c,_ZN6icu_5815RBBIRuleScanner8nextCharERNS0_12RBBIRuleCharE,0x174
0x8d98a0,_u_strFromJavaModifiedUTF8WithSub_58,0x5c4
0x8d9e64,_ZN13LogicConfData16getNewEventCountEP15LogicClientHome,0x74
0x8d9ed8,_ZN14BillingManager15billingProductsEiP14BillingProduct,0x1fc
0x8da0d4,_ZN10ScrollArea16cancelAllTouchesEv,0x24
0x8da0f8,_ZN12DeliveryUnitC2Ei,0x18
0x8da110,_ZNK23LogicCharacterClientOwn13getPathLengthEv,0x94
0x8da1a4,_ZN25LogicDiamondsAddedCommand11setFreeDataEi,0x18
0x8da1bc,_ZNK26TencentAccountBoundMessage13getResultCodeEv,0x8
0x8da1c4,_ZNSt6__ndk110__function6__funcIZ39Java_com_supercell_titan_Kakao_loggedInE3$_0NS_9allocatorIS2_EEFvvEE7destroyEv,0x3c
0x8da200,_ZN8CSVSaver7saveCSVEPK7CSVNodeiP14LogicArrayListI6StringE,0x254
0x8da454,_ZN10SpecialKey16isControlPressedEv,0x8
0x8da45c,_ZN31AskForPlayingLineFriendsMessage6decodeEv,0x1f8
0x8da654,_ZN17OnlineTeamupPopup24teamChatMuteStateChangedEv,0x70
0x8da6c4,_ZN16NameChangeWindowC2Ev,0x1b4
0x8da878,_ZN5Stage17popGlobalInstanceEv,0x1c
0x8da894,_ZN16LogicJSONBooleanC2Eb,0x34
0x8da8c8,_ZNSt6__ndk17__sort3IRZN20PlayerThumbnailPopup12refreshItemsEvE3$_0PPK24LogicPlayerThumbnailDataEEjT0_S8_S8_T_,0x134
0x8da9fc,_ZN24DataTableResourcesLoader26checkResourceFileTimeStampEi,0x54
0x8daa50,_ZN17AnimationInstance8setAngleEi,0x24
0x8daa74,_hb_set_invert,0x38
0x8daaac,_ZN18sc3dAttachedSprite13touchReleasedERK5Touch,0x4c
0x8daaf8,_ZN11TeamManager17onTeamLeftMessageEP15TeamLeftMessage,0x16c
0x8dac64,_ZN17LogicGameModeUtil33roundResetsWhenObjectiveIsMissingEi,0x28
0x8dac8c,_ZN19LogicCommandManager17saveCommandToJSONEP15LogicJSONObjectPK12LogicCommand,0xd8
0x8dad64,_ZN21MagicSelectableButton13buttonPressedEv,0x9c
0x8dae00,_ZN15MovieClipHelper18getButtonRecursiveEP9MovieClipRK6String,0xc
0x8dae0c,_ZN12LogicRewardsC2Ev,0x30
0x8dae3c,_ZN6icu_5813UnicodeString4swapERS0_,0x184
0x8dafc0,_ZN31LogicPurchaseDoubleCoinsCommandC2Ev,0x2c
0x8dafec,_ZN6icu_5815ThaiBreakEngineC2EPNS_17DictionaryMatcherER10UErrorCode,0x1dc
0x8db1c8,_ZN32GoogleServiceAccountBoundMessage6decodeEv,0x2c
0x8db1f4,_ZN13FriendsScreen14refreshInvitesEv,0x2c0
0x8db4b4,_ZN10BattleMode18addResourcesToLoadEP16ResourceListener,0xdb8
0x8dc26c,_ZN15ResourceManager27getFingerprintVersionStringEv,0x100
0x8dc36c,_ZNK6scFile4readEPvm,0x10
0x8dc37c,_ZN24TitanDisconnectedMessage8destructEv,0x24
0x8dc3a0,_ZN10ByteStream4skipEi,0x14
0x8dc3b4,_ZN11FriendEntry15setAllianceRoleEi,0x8
0x8dc3bc,_ZN12scFilesystem17addPackfileAsPathERK6scFilePKc,0x150
0x8dc50c,_ZNSt6__ndk110__function6__funcIZN29scMultithreadedLoadingManager6submitEP14scResourceDataRK18scResourceLoadInfoE3$_1NS_9allocatorIS8_EEFvvEED0Ev,0x4
0x8dc510,_ZNK28LogicGameObjectManagerServer22createGameObjectByDataEPK9LogicData,0x8
0x8dc518,_ZN19LogicRawInReflector22reflectNextReflectableEP16LogicReflectablei,0x12c
0x8dc644,_ZN10ZlibHelper23decompressInMySQLFormatEPKciPPhb,0x128
0x8dc76c,_ZNK29GamecenterAccountBoundMessage14getMessageTypeEv,0x8
0x8dc774,_ZNSt6__ndk110__function6__funcIZN12scFilesystem10layerAddedERKNS_10shared_ptrI17scAbstractFSLayerEEE3$_2NS_9allocatorIS8_EEFvPNS2_9IListenerEEEclEOSC_,0x48
0x8dc7bc,_ZNK15LogicPathFinder13getPathPointXEi,0x18
0x8dc7d4,_ZN15LogicDataTables36getFirstEmoteForCharacterByEmoteTypeEiPK18LogicCharacterData,0xec
0x8dc8c0,_hb_buffer_serialize_list_formats,0xc
0x8dc8cc,_ZN9EntryInfo12refreshItemsEv,0x86c
0x8dd138,_ZN9QuestItem8scrollToEv,0x78
0x8dd1b0,_ZThn120_N8GameMain18onVideoAdDismissedEv,0x4
0x8dd1b4,_uprv_getInfinity_58,0xc
0x8dd1c0,_ZN13ShapeOriginalD2Ev,0x8c
0x8dd24c,_ZN19EnvironmentRendererC2EP12RenderSystem,0x674
0x8dd8c0,_ZN30LogicSetPlayerThumbnailCommandC2EPK24LogicPlayerThumbnailData,0x34
0x8dd8f4,_ZN11ScoreChange6encodeEP15ChecksumEncoder,0x3c
0x8dd930,_ZN5Debug8fillRectEffffjf,0x4
0x8dd934,_ZN10StringViewC2EPKci,0x6c
0x8dd9a0,_ZN12LogicRewards24getRewardForTrackDisplayEPK13LogicHomeMode,0xc
0x8dd9ac,_ZNKSt6__ndk110__function6__funcIZN11AndroidMain14destroySurfaceEvE3$_3NS_9allocatorIS3_EEFvvEE7__cloneEv,0x24
0x8dd9d0,_ZNKSt6__ndk110__function6__funcIZN11AndroidMain22inputKeyboardDismissedEvE4$_13NS_9allocatorIS3_EEFvvEE11target_typeEv,0xc
0x8dd9dc,_ZN9BitStream15readIntMax16383Ev,0x378
0x8ddd54,_ZN27LogicCooldownExpiredCommand8destructEv,0x28
0x8ddd7c,_ZNK19LogicProjectileData28getPreExplosionRedExportNameEv,0x10
0x8ddd8c,_ZN23HomeLogicStoppedMessage6decodeEv,0x250
0x8ddfdc,_ZN18TextFieldWithLinks28getCharacterIndexForPositionEff,0x210
0x8de1ec,_ZN15LogicDataTables20getSkillByInstanceIDEi,0x60
0x8de24c,_ZNK6Effect10isFinishedEv,0x84
0x8de2d0,_ZNK17LogicClientAvatar20isHeroOrItemUnlockedEPK18LogicCharacterData,0xa8
0x8de378,_ZNSt6__ndk110__function6__funcIZN8TestCase20drawDebugPercentagesEvE4$_21NS_9allocatorIS3_EEFvvEE7destroyEv,0x4
0x8de37c,_ZNK12scFilesystem10fileExistsEPKc,0x26c
0x8de5e8,_ZN10SetupQuestD0Ev,0x34
0x8de61c,_unorm2_close_58,0x14
0x8de630,_ZN25LogicPurchaseOfferCommandC2EiPK18LogicCharacterData,0x44
0x8de674,_ZN11hb_buffer_t4sortEjjPFiPK15hb_glyph_info_tS2_E,0x138
0x8de7ac,_ZL12uset_cleanupv,0x98
0x8de844,_ZN24LogicExpressionEvaluator12parseCmpLtGtEv,0x3f8
0x8dec3c,_ZN8KeyCache11getKeyValueERK6String,0x118
0x8ded54,_ZN13OutlineFilterC2Ev,0x44
0x8ded98,_ZN6icu_58L18numericValueFilterEiPv,0x2c
0x8dedc4,_ZN22AllianceChatController9isPanningEv,0x24
0x8dede8,_Java_com_supercell_titan_UnityAdsTitan_nativeAdsFinish,0x24
0x8dee0c,_uprv_maximumPtr_58,0x18
0x8dee24,_ZN20UdpBigMessageHandlerC2Ei,0x58
0x8dee7c,_ZN14HelpshiftTitan15setMetadataTagsEPK6Stringi,0xb4
0x8def30,_ZNK9PopupBase28allowClosingFromModalTappingEv,0x10
0x8def40,_ZN27JoinableAllianceListMessage8destructEv,0x98
0x8defd8,_ZN6icu_5822UCharCharacterIteratoraSERKS0_,0x28
0x8df000,_ZThn368_N19SelectLocationPopupD0Ev,0x28
0x8df028,_ZN8HeroList16getQuestFilterOnEv,0x8
0x8df030,_updatewindow,0x128
0x8df158,_ZNKSt6__ndk110__function6__funcIZN7GLImage6createEPKhi9ImageWrap11ImageFilterE3$_4NS_9allocatorIS7_EEFvvEE11target_typeEv,0xc
0x8df164,_ZN14TeamInvitation6decodeEP10ByteStream,0x58
0x8df1bc,_ZN20LogicCharacterServer9addShieldEii,0xc
0x8df1c8,_ZN17GameObjectManager11respawnTileEii,0x34
0x8df1fc,_ZN11DragHandler14setPanningDampEffff,0x14
0x8df210,_ZN20NativeSCIDConnection14requestFriendsEv,0x8
0x8df218,_ZNK9Messaging10getPathMtuEv,0xe4
0x8df2fc,_ZN20LogicCharacterServer26triggerChargeEndAreaEffectEv,0xb0
0x8df3ac,_ZN20PlayerMapRenamePopup11isValidNameERK6StringRK4Font,0x88
0x8df434,_ZN8GameMain11charPressedEi,0x4
0x8df438,_ZN25BindTencentAccountMessage11setAuthCodeEP6String,0x8
0x8df440,_ZNK5Stage18convertScreenPointEffRfS0_,0x4c
0x8df48c,_ZN15GameSCIDManager18friendListReceivedEP14LogicArrayListIP11FriendEntryE,0x314
0x8df7a0,_ZN8Renderer14getPixelMatrixEv,0x44
0x8df7e4,_ZN9AnimationD2Ev,0xe0
0x8df8c4,_ZN7Billing17finishTransactionERK6String,0x8
0x8df8cc,_ZN20LogicCharacterServer11causeDamageEiiiPS_biiPK9LogicDatabbbbb,0x160c
0x8e0ed8,_ZN20scCryptoStreamFilterD2Ev,0xf4
0x8e0fcc,_ZN15DownloadManager6updateEv,0x6e0
0x8e16ac,_ZNSt6__ndk127__insertion_sort_incompleteIRZN20PlayerThumbnailPopup12refreshItemsEvE3$_0PPK24LogicPlayerThumbnailDataEEbT0_S8_T_,0x1c4
0x8e1870,_ZN22KeepAliveServerMessageC2Ei,0x30
0x8e18a0,_ZN11RewardPopupC2EP16BaseNotification,0x240
0x8e1ae0,_ZNK14LogicPlayerMap5cloneEv,0x150
0x8e1c30,_ZNK13TitanInStream7isAtEndEv,0x8
0x8e1c38,_ZN5lzham27lzham_lib_decompress_deinitEPv,0x48
0x8e1c80,_ZNK13ShopBgElement25getCombinedItemOfferStateEPK13LogicHomeMode,0xec
0x8e1d6c,_ZN20LeaveAllianceMessageC2Ei,0x2c
0x8e1d98,_ZN26MapEditorLegalWarningPopupD2Ev,0x18
0x8e1db0,_ZNK13LogicItemData13getItemValue2Ev,0x8
0x8e1db8,_ZN15ProLeagueScreen17hideRegionButtonsEv,0x1c
0x8e1dd4,_ZN20AllianceCountryPopupD0Ev,0xb4
0x8e1e88,_ZNK30DeletePlayerMapResponseMessage14getMessageTypeEv,0x8
0x8e1e90,_ZN12GemOfferItem6updateEf,0x27c
0x8e210c,_ZN8HeroList17closeCustomPopupsEv,0x4
0x8e2110,_ZN38BrawlPassAutoCollectSeasonNotification10getRewardsEv,0x8
0x8e2118,_ZL15compose_unicodePK31hb_ot_shape_normalize_context_tjjPj,0x40
0x8e2158,_ZN13UnbotifyTitan6enableEbib,0xc
0x8e2164,_ZNK5lzham11lzham_timer16get_elapsed_secsEv,0x50
0x8e21b4,_ZN18scFSLayerDirectoryC2EPKcPN13scFSLayerBase9IListenerES1_b,0x94
0x8e2248,_Z23calculateBoundingSpherePK7Vector3IfEjRS0_Rf,0xfc
0x8e2344,_guess_font_for_egc,0x174
0x8e24b8,_ZN13LogicSkinData10setSadFaceERK6String,0x8
0x8e24c0,_ZN31DeviceLinkTargetSelectionScreenC2Ev,0x160
0x8e2620,_ZN22BattleEndSubScreenBase12getChildClipERK6String,0x60
0x8e2680,_Java_com_supercell_titan_GameApp_getAllowedScreenRotations,0x3c
0x8e26bc,_ZNK26LogicRankedMatchRoundState6encodeEP15ChecksumEncoder,0x254
0x8e2910,_ZNK17scCryptoBoxFilter4seekEm,0x8
0x8e2918,_ZN12CustomButton19changeDisplayObjectEP13DisplayObject,0xd8
0x8e29f0,_ZNK10SCIDConfig8getArrayERK6StringP14LogicJSONArray,0x2c
0x8e2a1c,_ZN12FilterEffect16removeReferencesEPK14GameObjectBasei,0x18
0x8e2a34,_ZNK13WVSCIDManager12isWindowOpenEv,0x20
0x8e2a54,_ZN29LogicClaimRankUpRewardCommandC2EiPK18LogicCharacterDataii,0x58
0x8e2aac,_ZN10GameButtonD2Ev,0xc8
0x8e2b74,_ZNK19LogicAreaEffectData19getPushBackDeadzoneEv,0x8
0x8e2b7c,_ZN16TeamErrorMessage6encodeEv,0x38
0x8e2bb4,_ZN17SetCountryMessage18getServiceNodeTypeEv,0x8
0x8e2bbc,_ZNK16TeamLeaveMessage14getMessageTypeEv,0x8
0x8e2bc4,_ZNK10NativeFont11getFullNameEv,0x18
0x8e2bdc,_ZN28LogicGameObjectManagerClient13addGameObjectEP21LogicGameObjectClient,0x13c
0x8e2d18,_ZN24DebugHudMessageCollector12saveMessagesEv,0x168
0x8e2e80,_ZN22LogicGemOfferContainerC2Ev,0x10
0x8e2e90,_ZThn96_NK8PageItem16getAnalyticsNameEv,0xc
0x8e2e9c,_ZNSt6__ndk110__function6__funcIZN11AndroidMain19keyboardSizeChangedEffE3$_7NS_9allocatorIS3_EEFvvEEclEv,0x24
0x8e2ec0,_ZN28LogicSendAllianceMailCommandC2Ev,0x30
0x8e2ef0,_ZN19BattleEndTeamMember6updateEf,0x150
0x8e3040,_ZNK18FacebookConnection8isLoggedEv,0x4
0x8e3044,_ZN8TestCase20drawDebugPercentagesEv,0x9d4
0x8e3a18,_ZN19NotificationMessage8destructEv,0x50
0x8e3a68,_ZN9EventItem15destructRewardsEv,0xa0
0x8e3b08,_ZN4Shop23supportedCreatorChangedEv,0x10
0x8e3b18,_ZN11RadioButtonD0Ev,0x3c
0x8e3b54,_ZN33RankedMatchBanHeroResponseMessageC2Ev,0x40
0x8e3b94,_ZN13LogicSkinData18setSignatureEffectERK6String,0x8
0x8e3b9c,_ZN12RenderSystem18showOnlyMeshWithIdER5SceneRK6String,0x78
0x8e3c14,_ZN18LatencyTestSession15shuffleFillingsEv,0x48
0x8e3c5c,_ZN37PurchaseHeroLvlUpMaterialPopupHandlerC2Ei,0x18
0x8e3c74,_ZN25SendGlobalChatLineMessage13removeMessageEv,0x10
0x8e3c84,_Crc64Update,0x2c
0x8e3cb0,_ZN9WaitUntil6updateEf,0x70
0x8e3d20,_ZNK18LogicClientGlobals24isExtraHelpshiftLanguageERK6String,0x78
0x8e3d98,_ZN14SceneCharacterD0Ev,0x24
0x8e3dbc,_ZN14LogicPlayerMap20setCompressedMapDataEP21LogicCompressedString,0x40
0x8e3dfc,_ZNK35AllianceInvitationAvatarStreamEntry6encodeEP15ChecksumEncoder,0x98
0x8e3e94,_ZN20GoogleServiceManagerD0Ev,0x24
0x8e3eb8,_ZN30StartLatencyTestRequestMessage6encodeEv,0x28
0x8e3ee0,_ZThn96_N21RankedRewardTrackItem13buttonClickedEP12CustomButton,0x74
0x8e3f54,_ZN27GetTokenFriendResultMessage6encodeEv,0x38
0x8e3f8c,_ZN24LoginUsingSessionMessage8destructEv,0xbc
0x8e4048,_ZNK19LogicProjectileData21getPreExplosionTimeMsEv,0x8
0x8e4050,_ZN6icu_5811SymbolTableD0Ev,0x4
0x8e4054,_ZNK11TeamManager25getPendingRequestPlayerIdEv,0x8
0x8e405c,_ZN9TeamPopup20refreshModifierIconsEv,0x23c
0x8e4298,_ZN9ClanPopupD0Ev,0x70
0x8e4308,_ZN7SBMMesh8findBoneERK6String,0x74
0x8e437c,_ZNK10ZipArchive8getEntryERK6String,0xa4
0x8e4420,_ZN29LogicReflectableContainerBase3addEP16LogicReflectable,0xe4
0x8e4504,_ZNK14BattleLogEntry6encodeEP10ByteStream,0x2a4
0x8e47a8,_ZNSt6__ndk110__function6__funcIZ14getLineProfileP13ILineListenerRK6StringE3$_0NS_9allocatorIS7_EEFvbPKN8linecorp4nova5graph5model7ProfileEPKNSB_5ErrorEEEclEObOSG_OSJ_,0x21c
0x8e49c4,_ZNK12GameSettings22isFixedJoystickEnabledEv,0x8
0x8e49cc,_ZN14BrawlTvManager18requestChannelListEb,0xec
0x8e4ab8,_ZN9Messaging8setStateENS_5StateE,0xc
0x8e4ac4,_ZN13TimelineValueC2Ef,0x34
0x8e4af8,_ZThn336_NK19SuggestBrawlerPopup15getHeroItemModeEv,0x8
0x8e4b00,_ZN22ClientContentValidator25validateLocationThemeDataEPK22LogicLocationThemeData,0x998
0x8e5498,_ZN21SetDeviceTokenMessage17removeDeviceTokenEv,0x14
0x8e54ac,_ZN19EnvironmentRenderer29updateShadowMapTransformationEv,0x938
0x8e5de4,_ZN17ChatOptionsSlider5closeEb,0x54
0x8e5e38,_ZNK36LogicTeamChatMuteStateChangedCommand14getCommandTypeEv,0x8
0x8e5e40,_ZL27getUnnormalizedFrustumPlaneRK9xMatrix44R8xPlane3fi,0x18c
0x8e5fcc,_ZNK22LogicLocationThemeData26getFragileMesh_CN_OverrideEi,0x18
0x8e5fe4,_ZN15AllianceManager26compileListOfInvitePlayersEv,0x204
0x8e61e8,_ZNKSt6__ndk110__function6__funcIZN11scTaskQueue3runIZN8TestCase14getStageHeightEvE3$_9EENS_13invoke_resultIT_JEE4typeES7_EUlvE_NS_9allocatorISA_EEFvvEE7__cloneEv,0x38
0x8e6220,_ZNK12LogicPinData8getIndexEv,0x10
0x8e6230,_ZN12SupercellSWF12readFontNameEv,0x1c0
0x8e63f0,_ZN8Selfhelp6updateEv,0x4
0x8e63f4,_ZN24ResourceReferenceManager12freeResourceERK6String,0x8
0x8e63fc,_ZN8CSVTable16setStringValueAtERK6Stringii,0x10
0x8e640c,_ZN5titan3com9supercell2id14IdShopDonation11getFromScidEv,0x7c
0x8e6488,_ZNSt6__ndk110__function6__funcIZN19SupercellIdCallback6logOutEP8_jobjectE3$_6NS_9allocatorIS5_EEFvvEED0Ev,0x4
0x8e648c,_hb_version,0x1c
0x8e64a8,_hb_buffer_clear_contents,0x48
0x8e64f0,_ZN17LogicGameModeUtil24getTilesPoisonedFromEdgeEii,0x70
0x8e6560,_ZNSt6__ndk110__function6__funcIZN11scTaskQueue3runIZN10SWFTexture4loadEP12SupercellSWFbibbbbRK6StringE3$_0EENS_13invoke_resultIT_JEE4typeESC_EUlvE_NS_9allocatorISF_EEFvvEED0Ev,0x4
0x8e6564,_ZN6scPath17current_directoryEv,0x54
0x8e65b8,_ZNK9MovieClip15getSupercellSWFEv,0xc
0x8e65c4,_ZL30crypto_hashblocks_sha512_tweetPhPKhy,0x48
0x8e660c,_sub_8E660C,0xa78
0x8e7084,_sub_8E7084,0x18
0x8e7220,_sub_8E7220,0x110
0x8e7664,_sub_8E7664,0x40
0x8e77e0,_sub_8E77E0,0x4
0x8e78e0,_sub_8E78E0,0x114
0x8e7abc,_sub_8E7ABC,0x1bc
0x8e7ec8,_ZN20HashTagCodeGeneratorC2Ev,0x44
0x8e7f0c,_ZN27KunlunBillingRequestMessageC2Ev,0xa4
0x8e7fb0,_ZN17AllianceFullEntry18setAllianceMembersEP14LogicArrayListIP19AllianceMemberEntryE,0x8
0x8e7fb8,_hb_buffer_add_utf8,0x54c
0x8e8504,_ZN11DragHandler34enablePanningWhenAllContentVisibleEb,0xc
0x8e8510,_ZN8SkinItem12getMovieClipEv,0xc
0x8e851c,_ZNK8CSVTable17getIntegerValueAtEii,0x1c
0x8e8538,_ZNSt6__ndk110__function6__funcIZN12scFilesystem12layerRemovedERKNS_10shared_ptrI17scAbstractFSLayerEEE3$_3NS_9allocatorIS8_EEFvPNS2_9IListenerEEE7destroyEv,0x58
0x8e8590,_ZN25UdpCheckConnectionMessageC2Ev,0x30
0x8e85c0,_ZNSt6__ndk110__function6__funcIZN11scTaskQueue3runIZ62Java_com_supercell_titan_TitanWebView_shouldOverrideUrlLoadingE3$_0EENS_13invoke_resultIT_JEE4typeES6_EUlvE_NS_9allocatorIS9_EEFvvEED0Ev,0x4
0x8e85c4,_ZN18ProLeagueInfoPopupD2Ev,0x5c
0x8e8620,_ZN16DebugInputWindowD2Ev,0xd0
0x8e86f0,_ZNK12LoginMessage25getAppLicensingSignedDataEv,0x8
0x8e86f8,_ZN21DisplayObjectOriginalC2Ev,0x10
0x8e8708,_ZNK12RenderSystem16getTilemapHeightEv,0x8
0x8e8710,_ZNK13DisplayObject4getYEv,0x8
0x8e8718,_ZN12MapEditorHUDD0Ev,0x24
0x8e873c,_ZN5tween4Sine6easeInEffff,0x4c
0x8e8788,_ZNKSt6__ndk110__function6__funcIZN8TestCase6dragToER5TouchfE4$_17NS_9allocatorIS5_EEFvvEE6targetERKSt9type_info,0x1c
0x8e87a4,_ZThn336_N21JoinRequestStreamItem13buttonClickedEP12CustomButton,0x8
0x8e87ac,_ZN9OutStream8writeI16Es,0x244
0x8e89f0,_ZN26RankedTeamSelectionManagerC2Ev,0x40
0x8e8a30,_ZN18ResourceDataLoader9setLoadedEv,0x5c
0x8e8a8c,_ZN11wendelstein7Emitter11spawnSingleERNS_17IParticleRendererE,0x3ec
0x8e8e78,_ZN15ResourceManager7getJSONEPKc,0x3c
0x8e8eb4,_ZN12RenderSystem18updateTileGraphicsEfbbP21LogicGameObjectClient,0x110c
0x8e9fc0,_ZN10HomeScreen20toggleHideDebugItemsEv,0x50
0x8ea010,_hb_direction_to_string,0x28
0x8ea038,_ZN23RankedRewardsTrackPopup14displayPopoverEP13DisplayObjectiRK6Stringiif,0x9c
0x8ea0d4,_ZNK17CreateGameMessage18getInvitedAvatarIdEv,0x34
0x8ea108,_ZN16LocationCategory14isFullyVisibleEv,0x84
0x8ea18c,_ZN39LogicAccountTransferCodeResponseMessage18getServiceNodeTypeEv,0x8
0x8ea194,_ZN8GameMain16initBlurRendererEP6Sprite,0xb0
0x8ea244,_ZN17GameCenterManager20requestFriendsFromGCEv,0x10
0x8ea254,_ZN15LogicDataTables22getVeryLowHealthEffectEv,0xc
0x8ea260,_ZN13QuestListItemC2EPK9QuestData,0x18
0x8ea278,_ZN9QuestItem25setupQuestRewardWithValueEP9MovieClipi,0xac
0x8ea324,_ZNK15sc3dWorldCamera14isOrthographicEv,0x10
0x8ea334,_ZNK24UdpConnectionInfoMessage14getMessageTypeEv,0x8
0x8ea33c,_ZN16DropGUIContainer13addGameButtonERK6Stringb,0xcc
0x8ea408,_ZN15LogicLocaleData16createReferencesEv,0x804
0x8eac0c,_ZN11GameWebView22webviewBecomingVisibleEv,0x4
0x8eac10,_ZN12SCWFileInput5closeEv,0x48
0x8eac58,_ZN24ClientCryptoErrorMessage18getServiceNodeTypeEv,0x8
0x8eac60,_ZN7Shape3dD0Ev,0x58
0x8eacb8,_ZN6icu_5815RBBIRuleScanner10fixOpStackENS_8RBBINode12OpPrecedenceE,0x150
0x8eae08,_ZN17TextFieldOriginal4loadEP12SupercellSWFi,0x238
0x8eb040,_ZN23TicketCompensationPopupD2Ev,0x4
0x8eb044,_ZN10GameButton18updateTimelineClipEP9MovieClipi,0x3c
0x8eb080,_ZNSt6__ndk17__sort4IRZN18DataPatchGenerator24generateTextPatchForTIDsERK6StringE3$_0PNS_4pairIS2_iEEEEjT0_SA_SA_SA_T_,0x164
0x8eb1e4,_utrie2_swapAnyVersion_58,0xc8
0x8eb2ac,_ZN12GenericPopup15hideCloseButtonEv,0x14
0x8eb2c0,_ZNK5lzham12lzcompressor5state13get_pred_charERKNS_18search_acceleratorEii,0x28
0x8eb2e8,_hb_ft_face_create_cached,0x54
0x8eb33c,_ZN9TextField7setTextERK6String,0xd8
0x8eb414,_ZN9MovieClip19changeTimelineChildEPKcP13DisplayObject,0x128
0x8eb53c,_ZN43LogicBrawlPassAutoCollectWarningSeenCommand7executeEP13LogicHomeModeib,0xa4
0x8eb5e0,_ZNK9LogicTime6encodeEP15ChecksumEncoder,0x18
0x8eb5f8,_ZN16RotateHeroButton14touchCancelledEi,0x14
0x8eb60c,_ZN21LogicBattleModeServer8isInBaseEiiii,0x8
0x8eb614,_ZN6StringC2EOS_,0x40
0x8eb654,_ZN19StopSpectateMessage18getServiceNodeTypeEv,0x8
0x8eb65c,_ZN13AntiAddiction17clearWarningShownEv,0xc
0x8eb668,_ZNK30ReportPlayerMapResponseMessage14getMessageTypeEv,0x8
0x8eb670,_ZN11FriendEntry13setAllianceIdEP9LogicLong,0x8
0x8eb678,_ZN10HomeScreen16refreshEventListEv,0x10
0x8eb688,_ZThn344_N15OfferBundleItem15dialogDidCancelEi,0x4
0x8eb68c,_ZNK10HeroSprite9HeroEntry9getEffectEi,0x38
0x8eb6c4,_ZN8HomePage21tryOpenMapEditorPopupEv,0x374
0x8eba38,_ZN14FriendsManager24destroyFriendSuggestionsEv,0xf8
0x8ebb30,_res_getPublicType_58,0x18
0x8ebb48,_ZN30LogicDeleteNotificationCommandC2Ev,0x30
0x8ebb78,_ZN14LogicPlayerMap8setStateEi,0x8
0x8ebb80,_ZNK14LogicPlayerMap12getAccountIdEv,0x8
0x8ebb88,_ZN12scZstdReaderC2ERK6scFile,0xe0
0x8ebc68,_ZN8GameMain10touchMovedERK5Touch,0x8
0x8ebc70,_ZNSt6__ndk110__function6__funcIZN11AndroidMain16inputTextChangedERK6StringE4$_10NS_9allocatorIS6_EEFvvEE18destroy_deallocateEv,0x28
0x8ebc98,_ZL14ustrenum_closeP12UEnumeration,0x34
0x8ebccc,_ZN23TeamInviteStatusMessage6encodeEv,0x38
0x8ebd04,_ZN11RenderQueue23setOpaqueDepthWriteModeENS_14DepthWriteModeE,0x8
0x8ebd0c,_ZN14LogicDailyData15hasRelatedQuestEi,0xe0
0x8ebdec,_ZNK18LogicCharacterData22getRegeneratePerSecondEv,0xc
0x8ebdf8,_ZN11UpgradeItem32getPowerFromUpgradesWhenMaxedOutEPK18LogicCharacterDataii,0x50
0x8ebe48,_ZNKSt6__ndk110__function6__funcIZN8TestCase23withFirstSpriteMatchingENS_8functionIFbP6SpriteEEENS3_IFvS5_EEEE4$_13NS_9allocatorISA_EEFS5_vEE11target_typeEv,0xc
0x8ebe54,_ZN12ShopItemAnim22resetBillingCheckTimerEv,0x10
0x8ebe64,_ZN35RespondToAllianceJoinRequestMessageC2Ev,0x3c
0x8ebea0,_ZN5lzham7adler32EPKvmj,0x168
0x8ec008,_ZNSt6__ndk110__function6__funcIZN14LineConnection9autologinEvE3$_1NS_9allocatorIS3_EEFvbPKN8linecorp4nova11CredentialsEPKNS7_5ErrorEEE18destroy_deallocateEv,0x4
0x8ec00c,_ZNK13LogicTileData13getSortOffsetEv,0x10
0x8ec01c,_ZN12_GLOBAL__N_115scFileImpl_PackD2Ev,0xd4
0x8ec0f0,_ZN8Settings14getUltiOpacityEv,0x98
0x8ec188,_ZN15SelectHeroPopup13buttonClickedEP12CustomButton,0x8c
0x8ec214,_ZN14TencentManager17shareInviteToRoomERK6StringS2_,0x19c
0x8ec3b0,_ZN17FriendRequestItemD2Ev,0x94
0x8ec444,_ZN14EventListEntry20setEventModifierInfoEP11PowerUpInfoi,0x14
0x8ec458,_ZNKSt6__ndk110__function6__funcIZN27BattleEndRankedRankUpScreen14addExecutionToEP18SequencedExecutionE3$_0NS_9allocatorIS5_EEFbvEE7__cloneEPNS0_6__baseIS8_EE,0x18
0x8ec470,_ZN9TeamEntry12getInviteForEPK9LogicLong,0x70
0x8ec4e0,_ZN19LogicTencentDefines22isValidTencentPlatformEi,0x10
0x8ec4f0,_ZN24IapDisclaimerItemHandlerD0Ev,0x4c
0x8ec53c,_ZNK17LogicLocalization15getLanguageCodeEi,0x18
0x8ec554,_ZN8MainPage13buttonClickedEP12CustomButton,0x148
0x8ec69c,_ZN15DownloadManager23isChronosFileDownloadedEiRK6StringP20FileDownloadListener,0x94
0x8ec730,_ZN15LogicDataTables13getItemByNameERK6StringPK9LogicData,0x20
0x8ec750,_ZNK6Sprite19wasVisibleLastFrameEv,0x40
0x8ec790,_ZN11ContextMenuD0Ev,0x24
0x8ec7b4,_ZN23OfflineFriendInviteItem8setIndexEi,0x3c
0x8ec7f0,_ZNK12BlurRenderer12isBlurActiveEv,0xa0
0x8ec890,_ZN12SupercellSWF20getMovieClipFromPoolEPKcRb,0x58
0x8ec8e8,_ZN15LogicStringUtil13convertToLongERK6String,0xc
0x8ec8f4,_ZN20GameSelfhelpListener14selfhelpClosedEv,0x24
0x8ec918,_ZN14TeamMemberItem20setSwapHiliteVisibleEb,0x70
0x8ec988,_ZN10HomeScreen5enterEv,0x714
0x8ed09c,_ZN15ProLeagueScreen6onDataEP18LeaderboardMessage,0x128
0x8ed1c4,_ZN8HomeMode21serverCommandReceivedEP18LogicServerCommand,0x18
0x8ed1dc,_ZN17GameObjectManager18destroyTileInstantEii,0x4c
0x8ed228,_lv1_frida_killer__ZL15parse_proc_unixPKcS0_PFviE,0x32c
0x8ed554,_ZN8Databind15JSONInReflector17reflectNextStringERK6String,0x64
0x8ed5b8,_ZN6icu_5813UnicodeString9setCharAtEit,0xa8
0x8ed660,_ZN14LogicSoundData12resetStaticsEPK8CSVTable,0x504
0x8edb64,_ZL21hb_unicode_script_nilP18hb_unicode_funcs_tjPv,0xc
0x8edb70,_ZN16ServerConnection22disableScidLoginPromptEv,0xb4
0x8edc24,_deflate_slow,0x6d0
0x8ee2f4,_ZN17LogicGameModeUtil13isBigGameBossEiPK21LogicGameObjectClient,0x20
0x8ee314,_ZN6icu_5822RuleBasedBreakIterator9precedingEi,0x338
0x8ee64c,_ZNSt6__ndk110__function6__funcIZN11AndroidMain9_gameStopEvE4$_17NS_9allocatorIS3_EEFvvEE7destroyEv,0x4
0x8ee650,_ZN24SkinCampaignGroupHandler14refreshContentEP9MovieClip,0xaa8
0x8ef0f8,_ZNK8HomePage15getSelectedSkinEv,0x30
0x8ef128,_ZL21uloc_kw_countKeywordsP12UEnumerationP10UErrorCode,0x50
0x8ef178,_lzham_z_deflate,0x4
0x8ef17c,_ZN25SendGlobalChatLineMessageC2Ei,0x30
0x8ef1ac,_ZNK6String11lastIndexOfERKS_i,0xcc
0x8ef278,_ZN8TailItem23getUnclaimedRewardCountEv,0x34
0x8ef2ac,_ZNKSt6__ndk110__function6__funcIZN14LineConnection14requestFriendsEvE3$_5NS_9allocatorIS3_EEFvbPKN8linecorp4nova5graph5model21ProfilePagingResponseEPKNS7_5ErrorEEE11target_typeEv,0xc
0x8ef2b8,_ZN13ImpostorAtlas18updateProxyObjectsEPK15sc3dWorldCameraPK13SceneUniformsb,0x94
0x8ef34c,_ZN24AcceptTokenFriendMessage6encodeEv,0x28
0x8ef374,_uprv_strdup_58,0x50
0x8ef3c4,_ZN20LogicCharacterServer20giveSpeedFasterBuff2Eii,0x4
0x8ef3c8,_outputString,0xe4
0x8ef4ac,_ZN12CsvPatchData12loadFromJSONEP15LogicJSONObject,0x634
0x8efae0,_ZNK36AskForPlayingSupercellFriendsMessage14getMessageTypeEv,0x8
0x8efae8,_ZN43PurchaseSkinGroupOfferHighlightPopupHandlerD2Ev,0xf8
0x8efbe0,_ZN17LogicGameCalendar8destructEv,0x10
0x8efbf0,_ZN8GameMain14touchCancelledEi,0x4
0x8efbf4,_ZN7Billing23stopBillingTransactionsEv,0xc
0x8efc00,_ZN11LogicPlayer9removeMVPEv,0xf0
0x8efcf0,_ZN11AndroidMain8onCreateEv,0xc0
0x8efdb0,_ZN5tween7Tweener14removeListenerEPNS_15TweenerListenerE,0x94
0x8efe44,_ZN23AllianceResponseMessageC2Ev,0x34
0x8efe78,_ZNK8NewsPage7NewsTab30getNotificationTabOpenPriorityEv,0x18
0x8efe90,_ZN11LogicPlayerC2EPK9LogicLongP17PlayerDisplayDataiiiPK18LogicCharacterDataP17LogicHeroUpgradesP17LogicBattleEmotesbPK13LogicSkinData,0x190
0x8f0020,_ZNK21LogicAreaEffectServer7getTypeEv,0x8
0x8f0028,_ZN8Databind8Databind24unregisterObjectInstanceEPv,0x210
0x8f0238,_ZN15AllianceManager8getPopupEv,0x28
0x8f0260,_ZNK11FontManager7getFontEPKcbbb,0x13c
0x8f039c,_ZNSt6__ndk110__function6__funcIZ14getLineProfileP13ILineListenerRK6StringE3$_0NS_9allocatorIS7_EEFvbPKN8linecorp4nova5graph5model7ProfileEPKNSB_5ErrorEEE18destroy_deallocateEv,0x28
0x8f03c4,_ZN6StringC2EP7_JNIEnvP8_jstring,0x114
0x8f04d8,_ZN14FriendsManager28triggerExternalFriendRequestENS_25ExternalFriendRequestTypeE,0x94
0x8f0588,_ZN8Shader3D9setShaderEP6ShaderP8MaterialRi,0x508
0x8f0a90,_ZN10LogicGoals23getPlayerLegendaryLevelEi,0xac
0x8f0b3c,_ZN19LogicRawInReflector17reflectNextObjectEv,0x48
0x8f0b84,_ZN33RankedMatchBanHeroResponseMessage8destructEv,0x30
0x8f0bb4,_ZNK22LogicLocationThemeData17getBlocking2CountEv,0x10
0x8f0bc4,_ZN25BattleReportStreamMessage18getServiceNodeTypeEv,0x8
0x8f0bcc,_u_strrchr_58,0x88
0x8f0c54,_ZN15DataLoaderFlashD2Ev,0x8c
0x8f0ce0,_ZN14MessageManager28receiveDelayedOfflineMessageEP14PiranhaMessagef,0x8
0x8f0ce8,_ZN15ResourceManager8logStateEv,0xf8
0x8f0de0,_ZNK12scZlibFilter4readEPvm,0x84
0x8f0e64,_ZNK18LogicCarryableData17getThrowSkillUltiEv,0x10
0x8f0e74,_ZN6Effect16disableMirroringEv,0x8
0x8f0e7c,_ZNK11SCIDManager19getSupercellIDTokenEv,0x28
0x8f0ea4,_ZNK26AllianceKickOutStreamEntry15getAllianceNameEv,0x8
0x8f0eac,_ZN17GameCenterManager24gameCenterAuthenticationEbP16GameCenterPlayerP19GameCenterSignature,0x198
0x8f1044,_ZNK16LogicOfferBundle20isNonFreeGatchaOfferEv,0x7c
0x8f10c0,_ZN37AskForPlayingGamecenterFriendsMessage19removeGamecenterIdsEv,0x10
0x8f10d0,_ZN21LogicBattleModeServer14isSpecialEventEi,0x4
0x8f10d4,_ZN4asio6detail7binder2IZN9Messaging7connectERK6StringS5_E3$_2NSt6__ndk110error_codeENS_2ip22basic_resolver_resultsINS9_3tcpEEEEclEv,0x28c
0x8f1360,_ZN14LogicMapLoader18getSpecialSequenceEii,0x98
0x8f13f8,_ZNSt6__ndk110__function6__funcIZN5titan7android5media11MediaPlayer18OnPreparedListener6invokeEP10_jmethodIDP13_jobjectArrayE3$_0NS_9allocatorISB_EEFvRN8safe_jni5ProxyES5_EE18destroy_deallocateEv,0x4
0x8f13fc,_ZN16DataLoaderShader14loadShaderFileEPKcS1_,0xc4
0x8f14c0,_ZN27ClaimRankRewardPopupHandlerC2EP13LogicGemOfferS1_iii,0x78
0x8f1538,_ZN11ReferralURL18createLineShareURLERK6String,0x84
0x8f15bc,_ZL21uloc_key_type_cleanupv,0x90
0x8f164c,_ZN10SkinsPopup13buttonClickedEP12CustomButton,0x70
0x8f16bc,_ZN11Application13storeKeyValueERK6StringS2_,0x64
0x8f1720,_ZN11InputSystem13touchReleasedEP5Touch,0xb4
0x8f17d4,_ZN5titan3com9supercell5titan14HelpshiftTitan19loginWithIdentifierERK6String,0x8c
0x8f1860,_ZN5lzham37raw_quasi_adaptive_huffman_data_modelC2Ebjjj,0x34
0x8f1894,_ZN21HighRateUdpSendBuffer10addMessageEP14PiranhaMessagef,0x288
0x8f1b1c,_ZNK14TencentManager22getTencentUserByOpenIdERK6String,0xac
0x8f1bc8,_ZNK28TencentBillingRequestMessage8getPriceEv,0x8
0x8f1bd0,_ZN11BadgeSprite6reloadEv,0x38
0x8f1c08,_ZN18sc3dAttachedSpriteD0Ev,0x5c
0x8f1c64,_ZN9LogicLongC2Ev,0x8
0x8f1c6c,_ZN4Shop15createOfferItemEP9MovieClipiRK6Stringi,0x13c
0x8f1da8,_ZL19utf8IteratorHasNextP13UCharIterator,0x28
0x8f1dd0,_ZN6icu_5822UCharCharacterIterator7first32Ev,0x68
0x8f1e38,_ZNK11BasePageGUI20getPageIndexAtScrollEf,0x40
0x8f1e78,_ZNK12BattleScreen23isAimingIndicatorActiveEv,0xc
0x8f1e84,_ZN14StreamItemList4setYEf,0x10
0x8f1e94,_ZN29HomeBattleReplayFailedMessageC2Ev,0x34
0x8f1ec8,_ZN7Billing24checkPendingTransactionsEv,0x4
0x8f1ecc,_ZNSt6__ndk110__function6__funcIZ61Java_com_supercell_titan_GoogleServiceClient_onSignInCanceledP7_JNIEnvP7_jclassE3$_2NS_9allocatorIS6_EEFvvEE18destroy_deallocateEv,0x4
0x8f1ed0,_Z25lzham_output_debug_stringPKc,0x10
0x8f1ee0,_ZNK20LogicCharacterClient29getSizeSubtilesForPathfindingEv,0x8
0x8f1ee8,_ZNK22LogicLocationThemeData22getRespawningWallCountEv,0x10
0x8f1ef8,_uprv_calloc_58,0x78
0x8f1f70,_ZN32YoozooOrderDeliveryFailedMessage18getServiceNodeTypeEv,0x8
0x8f1f78,_ZN26RankedTeamSelectionManager20validateOwnSelectionEv,0x16c
0x8f20e4,_ZN3GUI10closePopupEi,0xb8
0x8f219c,_ZN12CustomButton6renderER9Matrix2x3R14ColorTransformif,0x88
0x8f2224,_ZNK6CSVRow24getClampedIntegerValueAtEii,0x70
0x8f2294,_ZN9ShopPopup7refreshEv,0x8
0x8f229c,_ZNK28UdpBigMessageFragmentMessage12getMessageIdEv,0x8
0x8f22a4,_ZN16DropGUIContainer14addRadioButtonEP9MovieClipRK6String,0x60
0x8f2304,_ZN8HomePage25startBattleFromTeamScreenEv,0x4
0x8f2308,_ZN31LogicTransactionsRevokedCommandC2Ev,0x30
0x8f2338,_ZN9CombatHUD22showHowToHoldPhoneAnimEf,0x40
0x8f2378,_ZN7GLImageD2Ev,0x74
0x8f23ec,_ZN16LogicStringTable14createInstanceEP8CSVTable,0x98
0x8f2484,_ZN5lzham22lzham_lib_z_uncompressEPhPmPKhm,0x158
0x8f25dc,_ZNSt6__ndk110__function6__funcIZZN10HeroSprite9HeroEntry15updateAnimationEfENK3$_0clEvEUlvE_NS_9allocatorIS5_EEFvvEEclEv,0x8c
0x8f2668,_ZN9Animation6updateEf,0xc
0x8f2674,_ZN12CounterTweenD0Ev,0x24
0x8f2698,_ZNK28LogicLongToCodeConverterUtil7convertEl,0x214
0x8f28ac,_ZN8Renderer6renderERK12VertexBufferii,0xcc
0x8f2978,_ZN15SelectHeroPopup18customButtonTappedEP10GameButtoni,0xc
0x8f2984,_ZNKSt6__ndk110__function6__funcIZN19SupercellIdCallback31setPendingRegistrationWithPhoneEP8_jobjectRK6StringE4$_10NS_9allocatorIS8_EEFvvEE6targetERKSt9type_info,0x1c
0x8f29a0,_ZN14PiranhaMessage15setStringFilterEP12StringFilter,0x8
0x8f29a8,_ZN14AllianceStream12compareLongsEPK9LogicLongS2_,0x7c
0x8f2a24,_ZN12RenderTarget17blitToFramebufferEii,0xc
0x8f2a30,_ZN14TencentManager17askPlayingFriendsEv,0x224
0x8f2c54,_ZN8GameMain12onForegroundEv,0x38
0x8f2c8c,_ZN19SuggestBrawlerPopup13toggleSortingEv,0x80
0x8f2d0c,_ZNK10GameObject16isOwnedByOwnTeamEv,0x54
0x8f2d60,_ZNKSt6__ndk110__function6__funcIZ62Java_com_supercell_titan_TitanWebView_shouldOverrideUrlLoadingE3$_0NS_9allocatorIS2_EEFvvEE7__cloneEPNS0_6__baseIS5_EE,0x40
0x8f2da0,_ZN13scResourceMap18getResourceDataMapEv,0x4
0x8f2da4,_ZNK23TeamGameStartingMessage14getMessageTypeEv,0x8
0x8f2dac,_ZNK10ScrollArea10isPinchingEv,0x8
0x8f2db4,_ZN17LogicGameModeUtil15markSpawnPointsEi,0x44
0x8f2df8,_ZN30LookForATeamMemberConfirmPopup18setSelectedDuoItemEP12LocationItem,0x4
0x8f2dfc,_ZNSt6__ndk110__function6__funcIZN11scTaskQueue3runIZN8TestCase23withFirstSpriteMatchingENS_8functionIFbP6SpriteEEENS5_IFvS7_EEEE4$_13EENS_13invoke_resultIT_JEE4typeESE_EUlvE_NS_9allocatorISH_EEFvvEED0Ev,0x4
0x8f2e00,_ZNKSt6__ndk110__function6__funcIZN19SupercellIdCallback24clearPendingRegistrationEP8_jobjectE3$_5NS_9allocatorIS5_EEFvvEE7__cloneEv,0x38
0x8f2e38,_ZNK8CSVTable17getBooleanValueAtEii,0x1c
0x8f2e54,_ZN25ChinaLoginExtraTermsPopupD2Ev,0x1c
0x8f2e70,_ZN14PiranhaMessage6encodeEv,0xd0
0x8f2f40,_ZN26RankedMatchPickHeroMessage6encodeEv,0x38
0x8f2f78,_ZN15DoubleDropPopup6updateEf,0xb0
0x8f3028,_ZN11hb_buffer_t12message_implEP9hb_font_tPKcSt9__va_list,0x5c
0x8f3084,_ZN15LogicDataTables13getFaceByNameERK6StringPK9LogicData,0x20
0x8f30a4,_ZN13HeroInfoPopupD2Ev,0xc4
0x8f3168,_ZNK18LogicClientGlobals22getYoozooOpSIDFromOpIdERK6StringS2_,0xa0
0x8f3208,_ZN26LookingForATeamMemberPopup17matchmakeCanceledEv,0xc
0x8f3214,_ZN27GetTokenFriendResultMessage13setResultCodeEi,0x8
0x8f321c,_ZN18sc3dAttachedSprite15collisionRenderER9Matrix2x3,0x4
0x8f3220,_ZN10SCTuneImpl17addChangeListenerEiiP20SCTuneChangeListenerb,0xa8
0x8f32c8,_ZN12LogicTileMap23getTeleportPairLocationEii,0x78
0x8f3340,_ZN8HomePage13shouldHideHUDEv,0x24
0x8f3364,_ZN11LogicPlayer18getCooldownOnDeathEi,0x24
0x8f3388,_ZThn96_N9EntryInfo13buttonClickedEP12CustomButton,0x8
0x8f3390,_hb_font_funcs_set_font_v_extents_func,0x8c
0x8f341c,_hb_buffer_deserialize_glyphs,0x13a0
0x8f47bc,_ZN15GameSCIDManager7friendsEiP10SCIDFriend,0x168
0x8f4924,_ZN6UINodeC2EP19UIMovieClipProviderP9UIHandler,0x14
0x8f4938,_ZN26RankedMidSeasonRewardPopupC2EP33RankedMidSeasonRewardNotification,0x360
0x8f4c98,_ZN26TencentAccountBoundMessageC2Ev,0x38
0x8f4cd0,_ZN17ChatOptionsSlider21setButtonNotificationEii,0x9c
0x8f4d6c,_ZNK17HighRateUdpPacket8toStringEv,0x104
0x8f4e70,_ZN19BattleEndTeamMemberD2Ev,0x4c
0x8f4ebc,_ZNK14LogicAccessory6encodeEP9BitStreamb,0x4
0x8f4ec0,_ZN6Screen17getSafeMarginLeftEv,0x10
0x8f4ed0,_ZN26ChampionshipChallengePopup16getFirstAnyEventEv,0x44
0x8f4f14,_ZNK18LogicCharacterData24getProjectileStartRadiusEv,0x8
0x8f4f1c,_ZN15LogicBuffServer9onBuffEndEP20LogicCharacterServer,0x268
0x8f5184,_ZN13DebugMenuBase8Category13buttonClickedEP12CustomButton,0x134
0x8f52b8,_ZN8Databind24NlohmannJsonOutReflector9addStringERK6String,0xc8
0x8f5380,_ZN21LogicBattleModeServer12tickKnockOutEv,0x4
0x8f5384,_ZN5titan3com9supercell5titan15PurchaseManager10buyProductERK6String,0x8c
0x8f5410,_ZN15LogicDataTables21getNumProjectileDatasEv,0x14
0x8f5424,_ZNK15FacebookManager10isLoggedInEv,0x8
0x8f542c,_ZL8noopMoveP13UCharIteratori19UCharIteratorOrigin,0x8
0x8f5434,_ZN14StreamItemList11removeEntryEPK9LogicLong,0x118
0x8f554c,_u_isJavaIDStart_58,0x88
0x8f55d4,_ZN10GameButton13touchReleasedERK5Touch,0x14
0x8f55e8,_ZNK14LoginOkMessage18getPlayTimeSecondsEv,0x8
0x8f55f0,_ZN14LogicSkillData12resetStaticsEPK8CSVTable,0xfcc
0x8f65bc,_ZN10HeroSprite9saveImageEiib,0x4
0x8f65c0,_ZNK12scFilesystem20getLayerFromRootNameERK6scPath,0x4bc
0x8f6a7c,_ZN38TencentBillingProcessedByServerMessageC2Ev,0x78
0x8f6af4,_ZN16AllianceWarPopup11refreshItemEP15AllianceWarNode,0x144
0x8f6c38,_ZNK24LoginUsingSessionMessage12getAccountIdEv,0x34
0x8f6c6c,_ZN14LogicDailyData15hasUnlockedSkinEPK13LogicSkinData,0x6c
0x8f6cd8,_ZN11wendelstein15VortexComponent11applyForcesEPNS_8ParticleES2_P7Vector3IfES5_ff,0x11c
0x8f6df4,_ZNK17DataLoaderFactory16createDataLoaderEPKcRKNSt6__ndk15arrayIiLm4EEE,0x5f0
0x8f73e4,_ZN15LogicClientHome18removeNotificationEi,0x110
0x8f74f4,_ZN10ByteStream10writeInt16Ei,0xa4
0x8f7598,_ZN9BitStream15writeIntMax8191Ei,0x8
0x8f75a0,_ZN24LatencyTestStatusMessage6decodeEv,0x1f8
0x8f7798,_ZN9xMatrix4417transformVector3fEPKfPf,0x54
0x8f77ec,_ZNK18LogicCharacterData27getAutoAttackBulletsPerShotEv,0xc
0x8f77f8,_ZN34PurchaseOfferHighlightPopupHandlerC2EP16LogicOfferBundlei,0xa4
0x8f789c,_ZN20AvatarProfilePicture21replaceProfilePictureEP13DisplayObject,0x70
0x8f790c,_ZN9BitStream24readPositiveIntMax524287Ev,0x6c
0x8f7978,_ZNK20LogicCharacterClient7hasAmmoEv,0x44
0x8f79bc,_ZNSt6__ndk110__function6__funcIZN19SupercellIdCallback20connectedGamesFailedEP8_jobjectE4$_17NS_9allocatorIS5_EEFvvEE7destroyEv,0x4
0x8f79c0,_ZN17ChatOptionsSlider23addGameSelectableButtonEP9MovieClipPKcP20SelectableButtonListRK6String,0x14c
0x8f7b0c,_ZNSt6__ndk110__function6__funcIZN19SupercellIdCallback16windowDidDismissEP8_jobjectE3$_0NS_9allocatorIS5_EEFvvEE7destroyEv,0x4
0x8f7b10,_ZN28RankedMatchHeroPickedMessage9isPrePickEv,0x20
0x8f7b30,_ZNK12BattleScreen10getCameraYEv,0x50
0x8f7b80,_ZNK19LogicProjectileData21getTriggerWithDelayMsEv,0x8
0x8f7b88,_ZN9Execution13onFastforwardEv,0x4
0x8f7b8c,_ZN38TencentBillingProcessedByServerMessage15setOriginalJSONERK6String,0x8
0x8f7b94,_ZN15MapEditorScreen9debugUndoEv,0x4
0x8f7b98,_ZN5lzham25adaptive_arith_data_modelD2Ev,0x10
0x8f7ba8,_ZL4lerpRK14TransformationS1_f,0xd4
0x8f7c7c,_ZL22utf16BEIteratorCurrentP13UCharIterator,0x38
0x8f7cb4,_ZN13MapEditorMode7keyDownEi,0x8
0x8f7cbc,_ZNK21LogicGameObjectClient7getDataEv,0x8
0x8f7cc4,_ZN22ShapeDrawBitmapCommand12render9SliceER5StageRK9Matrix2x3RK14ColorTransformiPK4RectSA_ff,0x80c
0x8f84d0,_ZN31PvpMatchmakeNotificationMessage18getServiceNodeTypeEv,0x8
0x8f84d8,_ZN28TencentBillingRequestMessage12setSignatureERK6String,0x8
0x8f84e0,_ZNK36LogicTencentAntiAddictionInstruction6encodeEP15ChecksumEncoder,0x94
0x8f8574,_ZN6icu_5822RuleBasedBreakIterator4nextEv,0xc4
0x8f8638,_ZNK29LogicPlayerMapEnvironmentData24getGameModeVariationDataEi,0x10
0x8f8648,_ZN21LogicProjectileServer12getSpreadMaxEPK19LogicProjectileDataii,0x84
0x8f86cc,_ZN21LogicBattleModeClient15addVisionUpdateEP19VisionUpdateMessage,0x3b8
0x8f8a84,_ZN14BattleEndPopup21refreshDisplayedQuestEii,0x4c8
0x8f8f4c,_ZN25AvatarOnlineStatusUpdated9getStatusEv,0x8
0x8f8f54,_uhash_iremove_58,0x1b4
0x8f9108,_ZN13LogicConfData11getHeroFlagEPK18LogicCharacterData,0x64
0x8f916c,_ZN5titan3com9supercell5titan5KakaoC2EP8_jobject,0xbc
0x8f9228,_ZN10HomeScreen20openMatchMakingPopupEb,0x7c
0x8f92a4,_ZN24RankedLeaderboardsScreen15changeSeasonTabEi,0x9c
0x8f9340,_ZNK13TitanInStream12getCurOffsetEv,0x8
0x8f9348,_ZN12LogicTileMap18destroyEnvironmentEiiibP21LogicBattleModeServer,0x518
0x8f9860,_ZN6icu_58L25generalCategoryMaskFilterEiPv,0x34
0x8f9894,_ZN20PlayerMapRenamePopup18checkMaxPixelWidthEv,0x4c
0x8f98e0,_ZN21LogicBattleModeServer17createBotUpgradesEPK18LogicCharacterData,0x74
0x8f9954,_ZN36AppleBillingProcessedByServerMessage18getServiceNodeTypeEv,0x8
0x8f995c,_ZN19EnvironmentRenderer8showTileEiib,0x194
0x8f9af0,_ZN12TencentLogin16queryFriendsInfoEv,0x18
0x8f9b08,_ZNK18LogicGemBundleData29getReplacesBillingPackageDataEv,0x8
0x8f9b10,_ZN6icu_589UVector3216getStaticClassIDEv,0xc
0x8f9b1c,_ZN6icu_5810UnicodeSet16removeAllStringsEv,0x28
0x8f9b44,_ZNK9PopupBase8useModalEv,0x8
0x8f9b4c,_ZN6icu_5828BackwardUTrie2StringIterator10previous16Ev,0xf4
0x8f9c40,_ZN14TitanOutStream7getDataEv,0x8
0x8f9c48,_ZN15LogicStringUtil13convertToLongERK6Stringii,0x1c4
0x8f9e0c,_ZN14BillingManagerC2Ev,0x124
0x8f9f30,_ZN15PlayerScoreItemC2EiiP6Stringb,0x18
0x8f9f48,_ZN4Shop10createRowsEv,0x1bc8
0x8fbb10,_ZNKSt6__ndk110__function6__funcIZN11scTaskQueue3runIZN7GLImage6createEPKhi9ImageWrap11ImageFilterE3$_3EENS_13invoke_resultIT_JEE4typeESB_EUlvE_NS_9allocatorISE_EEFvvEE11target_typeEv,0xc
0x8fbb1c,_ZN11hb_buffer_t5clearEv,0x48
0x8fbb64,_ZN21SpeechBubbleCharacterC2EP14LogicArrayListI6StringEbbbRKS1_S5_b,0x438
0x8fbf9c,_ZN12GUIContainerD0Ev,0x24
0x8fbfc0,_ZN8HomePage13onConfReceiveEv,0xa4
0x8fc064,_ZNK27GoogleBillingRequestMessage9getProdIdEv,0x8
0x8fc06c,_ZN6icu_588RBBINodeD2Ev,0xcc
0x8fc138,_ZN14LogicDailyData31setLatestPlayerRankedSeasonDataEP27LogicPlayerRankedSeasonData,0x48
0x8fc180,_ZN22LogicColorGradientData12resetStaticsEPK8CSVTable,0x12c
0x8fc2ac,_ZN13LogicConfData15getSlotForEventEi,0x6c
0x8fc318,_ZN16BattleEndMessage26createDummyRaidBossMessageEbi,0x134
0x8fc44c,_SzFree,0x8
0x8fc454,_ZN9CombatHUDD2Ev,0x73c
0x8fcb90,_ZN30FriendOnlineStatusEntryMessage6encodeEv,0x5c
0x8fcbec,_ZN14MessageManager11sendMessageEP14PiranhaMessage,0x1a4
0x8fcd90,_ZNK26LogicGameModeVariationData20getFriendlyMenuOrderEv,0x10
0x8fcda0,_ZN15LogicDataTables20getTeleport2TileDataEv,0xc
0x8fcdac,_ZNK15LogicLocaleData16loadAllLanguagesEv,0x20
0x8fcdcc,_ZN9PopupBase13addBackButtonEv,0x80
0x8fce4c,_ZNK31PublishPlayerMapResponseMessage11getMapStateEv,0x8
0x8fce54,_ZN18AllianceMemberItemD0Ev,0x88
0x8fcedc,_ZN6icu_587UVector6assignERKS0_PFvP8UElementS4_ER10UErrorCode,0x110
0x8fcfec,_ZN21LogicProjectileServer22runTickOutsideMainLoopEv,0x3c
0x8fd028,_ZN16LogicRankedMatch9addPlayerEP22LogicRankedMatchPlayer,0x158
0x8fd180,_ZN11UIListEntryD2Ev,0x5c
0x8fd1dc,_ZNK14BillingManager28isAntiAddictionCheckRequiredEv,0x18
0x8fd1f4,_ZNK12LogicTileMap22lineIntersectRectangleEiiiiiiii,0xd8
0x8fd2cc,_ZN11SkinPreview9setCameraEi,0x78
0x8fd344,_ZN29TeamRequestJoinApproveMessageC2EP9LogicLongbb,0x50
0x8fd394,_Ppmd7_Init,0x2c
0x8fd3c0,_ZN10DataGained8setValueEi,0x248
0x8fd608,_ZNK11FriendEntry13getAgeSecondsEv,0x8
0x8fd610,_ZN8HomePage23displayFriendlyGameRoomEP9TeamEntryP14LogicArrayListIP11StreamEntryE,0x17c
0x8fd78c,_ZN37LogicDeviceLinkNewDeviceLinkedMessage8destructEv,0x2c
0x8fd7b8,_ZN29LogicBrawlPassUnlockedCommandC2Ev,0x30
0x8fd7e8,_ZN35AllianceInvitationAvatarStreamEntry6decodeEP10ByteStream,0x88
0x8fd870,_ZN15DraggableButton13touchReleasedERK5Touch,0x44
0x8fd8b4,_ZN17LogicSkinConfData16setSignatureFaceERK6String,0x14
0x8fd8c8,_ZN17GameCenterManagerD2Ev,0x208
0x8fdad0,_ZN19EnvironmentRenderer31updateNodeEffectTransformationsEv,0x184
0x8fdc54,_Z14formatInternalPKcSt9__va_list,0xc4
0x8fdd18,_ZN17ChatOptionsSlider19updateNotificationsEb,0x140
0x8fde58,_ZN37JoinAllianceResponseAvatarStreamEntry20setAllianceBadgeDataEPK22LogicAllianceBadgeData,0x8
0x8fde60,_ZN26LogicMersenneTwisterRandom4randEi,0x10c
0x8fdf6c,_ZN21UnbotifyReportMessage6encodeEv,0x2c
0x8fdf98,_ZN26ChampionshipChallengePopup12refreshLivesEb,0x574
0x8fe50c,_ZN13DisplayObject22enableRenderConfigBitsEi,0x10
0x8fe51c,_ZNK20LogicCharacterServer8hasSkillEi,0x6c
0x8fe588,_ZNKSt6__ndk110__function6__funcIZN8TestCase23withFirstSpriteMatchingENS_8functionIFbP6SpriteEEENS3_IFvS7_EEEE4$_13NS_9allocatorISA_EEFS5_vEE6targetERKSt9type_info,0x1c
0x8fe5a4,_ZN6scFile4openEPKcim,0x1d4
0x8fe778,_ZNK18scFSLayerDirectory15getAbsolutePathERK6scPath,0x218
0x8fe990,_ZN9DebugMenu14addDebugButtonEP18DebugCommandButtonPKcciS3_,0x24
0x8fe9b4,_ZN37YoozooBillingProcessedByServerMessage18getServiceNodeTypeEv,0x8
0x8fe9bc,_ZN20SupercellIdOfferItem13getFilterTypeEv,0x8
0x8fe9c4,_ZN6icu_586Locale9getGermanEv,0x24
0x8fe9e8,_ZN12MovieClipRef11deserializeEPv,0xa4
0x8fea8c,_ZN32GoogleServiceAccountBoundMessage6encodeEv,0x28
0x8feab4,_ZN5titan3com6google7android4play4core6review20ReviewManagerFactoryC2EP8_jobject,0xbc
0x8feb70,_ZN14PiranhaMessage5clearEi,0x8
0x8feb78,_ZN19LogicProjectileData16createReferencesEv,0x958
0x8ff4d0,_ZN15MapEditorScreen4loadEP14LogicPlayerMap,0x11c
0x8ff5ec,_ZN16LobbyInfoMessage6encodeEv,0x80
0x8ff66c,_ZNK22LogicLocationThemeData27getShowdownBoostSCWOverrideEv,0x10
0x8ff67c,_ZN15sc3dWorldObject17setModelTransformERK9xMatrix44,0x9c
0x8ff718,_ZN8Settings13setShootScaleEf,0x78
0x8ff790,_ZN13AlliancePopup17backButtonPressedEv,0x68
0x8ff7f8,_ZN10HomeScreen16onChestLimitFullEv,0x4
0x8ff7fc,_hb_set_get_min,0x4
0x8ff800,_ZN24LogicParticleEmitterData12resetStaticsEPK8CSVTable,0x928
0x900128,_ZThn96_N12GUIContainer13buttonClickedEP12CustomButton,0x4
0x90012c,_ZN7rg_etc114etc1_optimizer17evaluate_solutionERKNS_25etc1_solution_coordinatesERNS0_18potential_solutionEPS4_,0x3e8
0x900514,_ZN9EventItem16createInfoButtonEv,0x154
0x900668,_ZNK17LogicClientAvatar6encodeEP15ChecksumEncoder,0x3b0
0x900a18,_ZN16SetRegionMessage18getServiceNodeTypeEv,0x8
0x900a20,_ZN14BillingManager18setPendingOrderIdsERK14LogicArrayListI6StringE,0x84
0x900aa4,_ZNK26LogicGameModeVariationData16getIntroDescTextEv,0x10
0x900ab4,_ZN17HighRateUdpSocket17connectNonAckModeERK6StringiPKcS4_,0x74
0x900b28,_ZN15ResourceManager22getNormalResSCFileNameERK6String,0xb8
0x900be0,_ZN18SequencedExecution3addEP9Execution,0x13c
0x900d1c,_ZN11StringTable9setLocaleEPK15LogicLocaleData,0x1c
0x900d38,_ZN12RenderSystem10resetShakeEv,0x8
0x900d40,_ZN13LogicTimeUtil14getCurrentTimeEv,0x24
0x900d64,_ZNK17LogicShopItemData15getConfirmAssetEv,0x10
0x900d74,_ZN20PlayerMapRenamePopup19inputFieldOkPressedEP14GameInputField,0xc
0x900d80,_LookInStream_Read2,0x7c
0x900dfc,_ZNSt6__ndk110__function6__funcIZN8TestCase20drawDebugPercentagesEvE4$_20NS_9allocatorIS3_EEFvvEED0Ev,0x4
0x900e00,_ZN12ShopItemAnim20afterSizeCalculationEv,0x10
0x900e10,_ZNK10HomeScreen11getHomePageEv,0x8
0x900e18,_ubrk_preceding_58,0xc
0x900e24,_ZN8Databind16JSONOutReflector6setIntERK6Stringii,0x90
0x900eb4,_ZN23OfflineFriendInviteItemD2Ev,0xd0
0x900f84,_nti_iterator_copy_font,0x14
0x900f98,_ZN12AllianceInfo26showProfileFromContextMenuEP11ContextMenu,0xa0
0x901038,_ZN10SCTuneImpl10addTriggerERK6StringPbPKcP20SCTuneChangeListenerib,0x70
0x9010a8,_ZNK15LogicClientHome11getConfDataEv,0x8
0x9010b0,_ZN5tween4Circ7easeOutEffff,0x20
0x9010d0,_ZN22SearchAlliancesMessage14getMinTrophiesEv,0x8
0x9010d8,_ZNSt6__ndk110__function6__funcIZN11scTaskQueue3runIZN7GLImage16createWithFormatEiiiiPKv9ImageWrap11ImageFilterRbE3$_8EENS_13invoke_resultIT_JEE4typeESC_EUlvE_NS_9allocatorISF_EEFvvEE18destroy_deallocateEv,0x4
0x9010dc,_ZN20PlayerProfileMessageC2EP13PlayerProfileP19AllianceHeaderEntryPK21LogicAllianceRoleData,0x4c
0x901128,_ZN9TeamPopup14refreshMembersEv,0x32c
0x901454,_ZNK19LogicProjectileData18getTrailEffectDataEv,0x8
0x90145c,_ZN10BitmapFont15BitmapFormatter13getLineLengthEv,0x8
0x901464,_ZNK17LogicSkinConfData14getProfileAnimEv,0x10
0x901474,_ZN10HomeScreen19setSelectedLocationEPK17LogicLocationData,0x44
0x9014b8,_ZN16LocationCategory7addItemEP12LocationItem,0x2b8
0x901770,_ZN18PreRenderedTexture6renderEPP13DisplayObjecti,0xd4
0x901844,_ZNK37JoinAllianceResponseAvatarStreamEntry15getSenderHomeIdEv,0x8
0x90184c,_ZN14TeamMemberItem11refreshItemEPK13LogicCardDatai,0x1b0
0x9019fc,_ZN15BrawlPassButton20getCurrentTrackStateEi,0xb8
0x901ab4,_ZN12ShopItemAnim20beforeInitialArrangeEv,0x84
0x901b38,_ZNK33AllianceStreamEntryRemovedMessage14getMessageTypeEv,0x8
0x901b40,_ZNK10LZMAReader13isInvalidFileEv,0x10
0x901b50,_ZN13FriendsScreenD2Ev,0x1b0
0x901d00,_ZN36GamecenterAccountAlreadyBoundMessage15setGamecenterIdEP6String,0x8
0x901d08,_ZN10BitmapFont15BitmapFormatter12getLineWidthEv,0x8
0x901d10,_ucdn_decompose,0x16c
0x901e7c,_ZNK24LogicBillingPackagesData22getOfferItemExportNameEv,0x8
0x901e84,_ZN10BitmapFont15BitmapFormatter15getGlyphAdvanceEv,0x8
0x901e8c,_ZN8UIButton6handleEP5UICtxi,0x140
0x901fcc,_ZN8HomePage23isFriendlyGameAvailableEv,0x78
0x902044,_ZNSt6__ndk110__function6__funcIZN11scTaskQueue3runIZN10SWFTexture4loadEP12SupercellSWFbibbbbRK6StringE3$_0EENS_13invoke_resultIT_JEE4typeESC_EUlvE_NS_9allocatorISF_EEFvvEEclEv,0x40
0x902084,_nti_font_get_full_name,0xf8
0x90217c,_ZN19SelectLocationPopup16createEventItemsEb,0x12fc
0x903478,_ZN8Debugger13resetCountersEv,0x1c
0x903494,_ZN8HeroListD0Ev,0x24
0x9034b8,_ZN25DeviceLinkMigrationScreenC2ERK6StringiS2_,0x360
0x903818,_ZN7GLImage6createEPKc9ImageWrap11ImageFilter,0xcc4
0x9044dc,_ZN17OnlineFriendsList18setSNSInviteResultERK6Stringb,0x124
0x904600,_ZNK13QuestListItem16getStartProgressEv,0x30
0x904630,_ZN6icu_5813UnicodeString14findAndReplaceEiiRKS0_iiS2_ii,0x29c
0x9048cc,_ZN5titan3com9supercell5titan19ApplicationUtilBase23setRequestedOrientationEv,0x5c
0x904928,_ZN20PlayerThumbnailPopup16thumbnailChangedEv,0xc
0x904934,_ZN12FriendsPopupD2Ev,0x4c
0x904980,_ZNK21LogicBattleModeServer30getEventModifiersFromMapLoaderEv,0x20
0x9049a0,_ZN11PowerUpInfoD0Ev,0x54
0x9049f4,_Ppmd7_Update2,0x5c
0x904a50,_ZN14AllianceStream13setAreaHeightEf,0x4c
0x904a9c,_ZN29HomeBattleReplayViewedMessageC2Ei,0x34
0x904ad0,_ZNK14LogicMilestone21getPrimaryRewardCountEi,0x28
0x904af8,_ZNK23BindKakaoAccountMessage14getMessageTypeEv,0x8
0x904b00,_uprv_eastrncpy_58,0xa8
0x904ba8,_ZNKSt6__ndk110__function6__funcIZN8TestCase20drawDebugPercentagesEvE4$_20EENS_13invoke_resultIT_JEE4typeES7_EUlvE_NS_9allocatorISA_EEFvvEE6targetERKSt9type_info,0x1c
0x904bc4,_ZNSt6__ndk110__function6__funcIZ53Java_com_supercell_titan_GoogleServiceClient_onSignInP7_JNIEnvP7_jclassE3$_0NS_9allocatorIS6_EEFvvEED0Ev,0x4
0x904bc8,_ZNKSt6__ndk110__function6__funcIZ14getLineProfileP13ILineListenerRK6StringE3$_0NS_9allocatorIS7_EEFvbPKN8linecorp4nova5graph5model7ProfileEPKNSB_5ErrorEEE7__cloneEPNS0_6__baseISK_EE,0x40
0x904c08,_ZNKSt6__ndk110__function6__funcIZN11scTaskQueue3runIZN11AndroidMain9_gameStopEvE4$_17EENS_13invoke_resultIT_JEE4typeES7_EUlvE_NS_9allocatorISA_EEFvvEE6targetERKSt9type_info,0x1c
0x904c24,_ZN15DataLoaderFlash4loadEPKcS1_RKNSt6__ndk15arrayIiLm4EEE,0x510
0x905134,_ZN11Application12getKunlunUIDEv,0x4c
0x905180,_hb_set_symmetric_difference,0x94
0x905214,_utrie_enum_58,0x518
0x90572c,_ZN21SectionShortcutButton22clearNotificationCountEv,0x18
0x905744,_ZN8Material14setCustomValueERK6Stringf,0x4
0x905748,_ZN17TencentTermsPopupD0Ev,0x54
0x90579c,_ZNKSt6__ndk110__function6__funcIZN19SupercellIdCallback13friendsFailedEP8_jobjectE4$_15NS_9allocatorIS5_EEFvvEE11target_typeEv,0xc
0x9057a8,_ZN16ThrophyBonusData8destructEv,0x10
0x9057b8,_ZN12RenderTarget3endEv,0x124
0x9058dc,_ZN11SkinPreviewD0Ev,0x24
0x905900,_deflateTune,0x84
0x905984,_ZNK23TicketCompensationPopup12getPopupTypeEv,0x8
0x90598c,_ZN18LoginFailedMessage13setContentURLEP6String,0x8
0x905994,_ZNK21ChronosResourceFolder20getRelativeCachePathERK6String,0xd4
0x905a68,_ZN9xMatrix4419createLookAt_BROKENERK7Vector3IfES3_S3_,0x14c
0x905bb4,_ZN21RankedTeamSelectPopup12setEventItemEPK17LogicLocationData,0x244
0x905df8,_hb_font_get_ppem,0x1c
0x905e14,_ZN31LogicDeviceLinkEnterCodeMessageC2Ev,0x44
0x905e58,_ZN17OnlineTeamupPopup15isInviteBlockOnEv,0x34
0x905e8c,_ZN20LogicCharacterServer14shouldSpawnPetEv,0x70
0x905efc,_ZNSt6__ndk110__function6__funcIZ68Java_com_supercell_titan_PurchaseManager_updateBillingProductDetailsP7_JNIEnvP7_jclassP8_jstringS7_iE3$_0NS_9allocatorIS8_EEFvvEE7destroyEv,0x4
0x905f00,_ZN26ChampionshipChallengePopup18checkChronosAssetsEv,0x23c
0x90613c,_ZN8HeroList6updateEf,0x150
0x90628c,_ZN16ServerConnection17getAccountPostFixEv,0x18
0x9062a4,_ZN6icu_5810UCharsTrie16nextForCodePointEi,0x64
0x906308,_hb_buffer_set_segment_properties,0x18
0x906320,_Z21hb_use_get_categoriesj,0x2bc
0x9065dc,_ZN14LogicPlayerMap21setMapEnvironmentDataEPK29LogicPlayerMapEnvironmentData,0x8
0x9065e4,_ZN21LogicProjectileServer18getProjectileSpeedEP20LogicCharacterServerPK19LogicProjectileDatab,0x8
0x9065ec,_ZNK17scCryptoBoxFilter15getMemoryHandleEv,0x3b8
0x9069a4,_ZN15MapEditorScreen17highlightGridTileEP8Sprite3Db,0x120
0x906ac4,_ZN28NameChangeConfirmationScreenD0Ev,0x90
0x906b54,_ZNK20LogicCharacterServer25getRapidFireAttackPatternEv,0x8
0x906b5c,_ZNK17GameCenterManager18isFriendListLoadedEv,0x20
0x906b7c,_Range_GetThreshold,0x18
0x906b94,_ZN16GameStateManager5keyUpEi,0x18
0x906bac,_ZNK14LogicPlayerMap28getFriendlySignoffPercentageEv,0x24
0x906bd0,_ZNK17LogicClientAvatar12getHeroScoreEPK18LogicCharacterData,0x94
0x906c64,_ZN16SCWObjectFactory17parseShaderConfigENSt6__ndk112basic_stringIcNS0_11char_traitsIcEENS0_9allocatorIcEEEE,0x2dc
0x906f40,_ZN6icu_5816RBBITableBuilder8bofFixupEv,0xac
0x906fec,_ZN20EventSuggestionPopup17backButtonPressedEv,0x14
0x907000,_ZN28UnbindFacebookAccountMessage6decodeEv,0x4
0x907004,_ZNSt6__ndk110__function6__funcIZN11scTaskQueue3runIZN8TestCase6dragToER5TouchfE4$_16EENS_13invoke_resultIT_JEE4typeES9_EUlvE_NS_9allocatorISC_EEFvvEED0Ev,0x4
0x907008,_ZNKSt6__ndk110__function6__funcIZN8TestCase14getStageHeightEvE3$_9NS_9allocatorIS3_EEFivEE6targetERKSt9type_info,0x1c
0x907024,_ZNK15LogicJSONObject12getJSONArrayERK6String,0xd8
0x9070fc,_ZN37SendAllianceInvitationToFriendMessage11setAvatarIdEP9LogicLong,0x8
0x907104,_ZNK9MovieClip11isMovieClipEv,0x8
0x90710c,_ZN27SCIDLogoutAllDevicesMessage18getServiceNodeTypeEv,0x8
0x907114,_ZN13LogicBossDataC2EP6CSVRowP14LogicDataTable,0x30
0x907144,_ZN34PurchaseOfferHighlightPopupHandler10setupPriceEP9MovieClip,0xc8
0x90720c,_ZN11LogicPlayer15setStatInternalEii,0x18c
0x907398,_Z17initiateLogUploadPKcS0_,0x4
0x90739c,_Java_com_supercell_titan_SupercellId_isPersonalisedOffersEnabled,0x1c
0x9073b8,_ZN23NameChangeQuestionPopupD2Ev,0x1c
0x9073d4,_ZNK15ChecksumEncoder11getCheckSumEv,0x1c
0x9073f0,_Java_com_supercell_titan_Kakao_loggedIn,0x340
0x907730,_ZN27JoinableAllianceListMessage6decodeEv,0x1c8
0x9078f8,_ZN20LogicCharacterServer15giveDamageBuff2Eii,0x4
0x9078fc,_ZN14StreamItemList12onEntryAddedEPK11StreamEntry,0x1d0
0x907acc,_ZN20MovieClipSoundPlayerC2EPK9MovieClip,0x1e4
0x907cb0,_ZNK12BattleScreen20getMoveStickEditingYEv,0x10
0x907cc0,_ZNKSt6__ndk110__function6__funcIZN19EnvironmentRenderer6renderER9Matrix2x3R14ColorTransformifE3$_4NS_9allocatorIS7_EEFvvEE7__cloneEPNS0_6__baseISA_EE,0x20
0x907ce0,_ZNK20LogicCharacterClient19isImmortalityActiveEv,0x8
0x907ce8,_ZN8Databind16JSONOutReflector8setFloatERK6Stringff,0x9c
0x907d84,_ZN8Material15getShaderConfigEv,0x5a8
0x90832c,_ZN23LogicCharacterClientOwn9clearPathEv,0xc4
0x9083f0,_ZNK21SetDeviceTokenMessage16getAntihackFlagsEv,0x8
0x9083f8,_ZN19VisionUpdateMessageC2Eiiiiibii,0x88
0x908480,_ZN8LogicMD59arrayCopyEPciPKcii,0x38
0x9084b8,_ZNK17LogicShopItemData23getChallengeRewardAssetEv,0x10
0x9084c8,_nti_font_get_glyph_path,0xfc
0x9085c4,_ZN14MessageManager21setTempOfflineMessageEP14PiranhaMessage,0x4
0x9085c8,_ZL12path_line_toPvff,0x4c
0x908614,_ZN26ChampionshipChallengePopupD0Ev,0x24
0x908638,_ZN14GameInputField11refreshTextEv,0xac
0x9086e4,_ZN6icu_586Locale10setDefaultERKS0_R10UErrorCode,0x18
0x9086fc,_ZNK20LogicCharacterServer16canGrappleTargetEv,0x8
0x908704,_ZN17LogicTileMetadata8destructEv,0xc
0x908710,_ZN24UnbindLineAccountMessageC2Ev,0x30
0x908740,_ZN15BrawlPassButton17isPremiumUnlockedEi,0x44
0x908784,_ZN11SoundSystem11getInstanceEv,0xc
0x908790,_ZN22CharacterEditorManager14createInstanceEv,0x20
0x9087b0,_ZNK17AllianceTeamEntry6readIdEP10ByteStream,0x68
0x908818,_ZN21SetDeviceTokenMessage20getDeviceTokenLengthEv,0x8
0x908820,_ZN10HomeScreen11refreshShopEv,0x24
0x908844,_ZN12SkinListItem13buttonClickedEP12CustomButton,0xf8
0x90893c,_ZN10HomeScreen33hasFilesDownloadedForNotificationEPK16BaseNotification,0x8c
0x9089c8,_unorm2_isNormalized_58,0xd0
0x908a98,_ZN13SceneRenderer19setCameraParametersERK9xMatrix44S2_NS_16CoordinateSystemE,0xc4
0x908b5c,_ZNK6Sprite9isTouchInEi,0x18
0x908b74,_ZNK18LogicGemBundleData23getAvailableTimeSecondsEv,0x10
0x908b84,_ZN17LogicClientAvatar30addCumulativePurchasedDiamondsEi,0x10
0x908b94,_ZN19EnvironmentRenderer15removeCharacterEP14SceneCharacter,0xac
0x908c40,_Z22intersectSegmentCircleRK7Vector2IfES2_S2_fRf,0xf0
0x908d30,_ZNK14LogicMusicData16isBackgroundFileEi,0x18
0x908d48,_ZNK18PurchaseOfferPopup15showResourceHUDEv,0x10
0x908d58,_ZN27ChatAccountBanStatusMessageC2Ev,0x34
0x908d8c,_ZN18sc3dPanPinchCamera23setAutoAdjustClipPlanesEbff,0x14
0x908da0,_Java_com_supercell_titan_TitanWebView_shouldOverrideUrlLoading,0x33c
0x9090dc,_uprv_isASCIILetter_58,0x2c
0x909108,_Java_com_supercell_titan_VirtualKeyboardHandler_getFontPath,0xa8
0x9091b0,_ZN15SpriteToTextureD2Ev,0x64
0x909214,_ZN19EnvironmentRenderer10removeTileEii,0x2fc
0x909510,_ZN32NativeFacebookConnectionCallback22facebookLinkStatisticsEbiRK6String,0x78
0x909588,_ZN22LogicUnlockSkinCommand8destructEv,0x24
0x9095ac,_ZN12InputTouches9moveTouchEiii,0x7c
0x909628,_ZNK18LogicCharacterData13hasAutoAttackEv,0x24
0x90964c,_ZNK14PiranhaMessage23isClientToServerMessageEv,0x48
0x909694,_ZN11SourceArrayC2ENS_8DataTypeERK6StringiiiifPv,0xa8
0x90973c,_ZN26BattleLogViewReplayMessage18getServiceNodeTypeEv,0x8
0x909744,_ZNSt6__ndk110__function6__funcIZN11scTaskQueue3runIZN10SWFTexture4loadEP12SupercellSWFbibbbbRK6StringE3$_0EENS_13invoke_resultIT_JEE4typeESC_EUlvE_NS_9allocatorISF_EEFvvEE18destroy_deallocateEv,0x4
0x909748,_ZN37LogicPurchaseHeroLvlUpMaterialCommandC2Ei,0x34
0x90977c,_ucdn_get_mirrored,0x6c
0x9097e8,_ZN15ResourceManager12freeResourceEPKc,0x34
0x90981c,_ZN20SupercellIdOfferItemD2Ev,0x1bc
0x9099d8,_ZN14TitanOutStream8writeU32Ei,0x10
0x9099e8,_uprv_realloc_58,0xbc
0x909aa4,_ZN10scPackFile10readHeaderEv,0x40
0x909ae4,_ZNK11SCIDManager11getPlayerIdEv,0xc
0x909af0,_ZNK4Rect7getMidYEv,0x18
0x909b08,_ZN16SpecialOfferItem13markInspectedEv,0x34
0x909b3c,_ZN20GetPlayerMapsMessage18getServiceNodeTypeEv,0x8
0x909b44,_ZN12DecalManagerD2Ev,0x118
0x909c5c,_ZNK21LogicTutorialStepData25getCompleteLocationRadiusEv,0x10
0x909c6c,_ZN16ChatOptionsPopup25getGreenNotificationCountEv,0x3c
0x909ca8,_ZNK20LogicCharacterServer22getDamageBuffTemporaryEv,0x8
0x909cb0,_uenum_openUCharStringsEnumeration_58,0x90
0x909d40,_uprv_isInvariantUString_58,0x60
0x909da0,_ZN9EntryInfo13heroLeveledUpEPK18LogicCharacterData,0x98
0x909e38,_ZN27ChallengeRewardNotificationC2Ei,0x58
0x909e90,_ZN15LogicClientHome27setPendingRankupRewardIndexEiii,0x258
0x90a0e8,_ZN13DisplayObject4setXEf,0x8
0x90a0f0,_ZN31SkinPurchaseOptionDonationPopup6updateEf,0x58
0x90a148,_ZN18CharacterAnimation21getLogicAnimationDataEv,0x8
0x90a150,_ZNK19BrawlPassSeasonData31isPremiumRewardsClaimedForLevelEi,0x10
0x90a160,_ZN10HomeScreen12onIAPReceiveEi,0x5c
0x90a1bc,_ZN12LogicVector26decodeEP10ByteStream,0x48
0x90a204,_ZN21LogicBattleModeServer29tickSpawnEventModifierHealingEi,0x4
0x90a208,_ZN8GameMain11setFinishedEv,0xc
0x90a214,_Z74Java_com_supercell_titan_PurchaseManager_billingKunlunPurchaseWindowClosedP7_JNIEnvP7_jclassP8_jstringS4_i,0xc8
0x90a2dc,_ZNK12RenderSystem19getRenderCoordinateEfffRfS0_,0x4c
0x90a328,_ZN17LogicResourceData16createReferencesEv,0x40
0x90a368,_lzham_z_compress,0x4
0x90a36c,_ZNK19StartLoadingMessage20getGameModeVariationEv,0x18
0x90a384,_ZNK6icu_5814UnicodeFunctor10toReplacerEv,0x8
0x90a38c,_ZN15LogicJSONString8destructEv,0x3c
0x90a3c8,_ZN9xMatrix44C2EPKf,0x84
0x90a44c,_ZNK17LogicShopItemData22getLegendaryOfferAssetEv,0x10
0x90a45c,_ZNSt6__ndk110__function6__funcIZN11scTaskQueue3runIZN24DataLoaderLayeredTexture4loadEPKcRKNS_5arrayIiLm4EEEE3$_1EENS_13invoke_resultIT_JEE4typeESD_EUlvE_NS_9allocatorISG_EEFvvEEclEv,0xa4
0x90a500,_nti_font_get_em,0x48
0x90a548,_ZN6icu_5810UnicodeSet6addAllERKNS_13UnicodeStringE,0xa4
0x90a5ec,_ZN16YoozooLoginState15moveToNextStateEv,0x38
0x90a624,_ZN9xMatrix4417transformVector4fEPKfPf,0x30
0x90a654,_ZNK17LogicGameCalendar21getRemainingSecondsToEiiii,0x50
0x90a6a4,_ZNK14BattleEndPopup24isPlayerMapTestEventSlotEv,0x24
0x90a6c8,_ZNK20LogicCharacterServer36canMoveAndUseThisSkillSimultaneouslyEPK14LogicSkillData,0x14
0x90a6dc,_ZN20LogicJSONInReflector15reflectIntArrayER17LogicIntArrayListPKc,0x2f0
0x90a9cc,_ZN11Application11getHostnameEv,0x8
0x90a9d4,_ZN17LogicGamePlayUtil32lineSegmentIntersectslineSegmentEiiiiiiiiP12LogicVector2,0xb0
0x90aa84,_ZN13EffectPreview12removeEffectEv,0x4c
0x90aad0,_ZNSt6__ndk110__function6__funcIZN32NativeFacebookConnectionCallback8userInfoERK6StringE3$_3NS_9allocatorIS6_EEFvvEE7destroyEv,0x3c
0x90ab0c,_ZNK6String13getByteLengthEv,0x8
0x90ab14,_ZN27BattleEndRankedRoundsScreenD2Ev,0x20
