address,name,size
0x99c908,_ZN22ResourceDataLoaderImplI17ResourceDataSoundED2Ev,0x84
0x99c98c,_ZN22scSkipFileHeaderFilterD2Ev,0xd8
0x99ca64,_ZN8nlohmann6detail28json_sax_dom_callback_parserINS_10basic_jsonINSt6__ndk13mapENS3_6vectorENS3_12basic_stringIcNS3_11char_traitsIcEENS3_9allocatorIcEEEEblmdS9_NS_14adl_serializerEEEE12handle_valueIRbEENS3_4pairIbPSD_EEOT_b,0x200
0x99cc64,_ZN33RankedMidSeasonRewardNotification19getNotificationTypeEv,0x8
0x99cc6c,_ZN8Databind6detail22AccessorNonRefGetConstIf18BezierInterpolatorIfEE4nameEv,0xc
0x99cc78,_ZNSt6__ndk16__treeINS_12__value_typeIPK13DatabindFieldiEENS_19__map_value_compareIS4_S5_NS_4lessIS4_EELb1EEENS_9allocatorIS5_EEE7destroyEPNS_11__tree_nodeIS5_PvEE,0x40
0x99ccb8,_ZNSt6__ndk111basic_regexIcNS_12regex_traitsIcEEE25__parse_pattern_characterIPKcEET_S7_S7_,0x60
0x99cd18,_ZNSt6__ndk16vectorIN21scMainThreadTaskQueue13PredicateTaskENS_9allocatorIS2_EEE7reserveEm,0x1c4
0x99cedc,_ZN11wendelstein27IWendelsteinParticleEmitterC2EPKNS_7Emitter13EmitterParamsE,0x1f4
0x99d0d0,_ZN2OT11SubstLookup21dispatch_recurse_funcINS_27hb_collect_glyphs_context_tEEENT_8return_tEPS3_j,0x11c
0x99d1ec,_ZNSt6__ndk15dequeINS_7__stateIcEENS_9allocatorIS2_EEE20__add_front_capacityEv,0x32c
0x99d518,_ZNK6icu_5815MaybeStackArrayIcLi40EE8getAliasEv,0x8
0x99d520,_ZN9ChatInputD0Ev,0x30
0x99d550,_ZN8safe_jni15static_functionIN5titan4java8security13MessageDigestES4_EclIJ6StringEEES4_DpT_,0x1a8
0x99d6f8,_ZN25GoHomeFromSpectateMessageD0Ev,0xc0
0x99d7b8,_ZN22ShutdownStartedMessageD0Ev,0xc0
0x99d878,_ZN27ChallengeRewardNotificationD0Ev,0x4
0x99d87c,_ZN11wendelstein15VortexComponent4nameEv,0x2c
0x99d8a8,_ZNK10GameConfig26getStickVariableRangeRightEv,0x8
0x99d8b0,_ZNSt6__ndk120__shared_ptr_pointerIP14LogicArrayListI6StringENS_14default_deleteIS3_EENS_9allocatorIS3_EEE21__on_zero_shared_weakEv,0x4
0x99d8b4,_ZNSt6__ndk16__treeINS_12__value_typeI6StringPN15DownloadManager13DownloadQueue13DownloadEntryEEENS_19__map_value_compareIS2_S7_NS_4lessIS2_EELb1EEENS_9allocatorIS7_EEE7destroyEPNS_11__tree_nodeIS7_PvEE,0x48
0x99d8fc,_ZNK22PurchaseBrawlPassPopup15showResourceHUDEv,0x8
0x99d904,_ZN23LogicHomeChangeListener16debugClearQuestsEbbb,0x4
0x99d908,_ZNK15StreamEncrypter21getEncryptionOverheadEv,0x8
0x99d910,_ZNK2OT17PosLookupSubTable8dispatchINS_27hb_collect_glyphs_context_tEEENT_8return_tEPS3_j,0x1c4
0x99dad4,_Z20cacheCompressedArrayIhEbP7__sFILEPiiPT_,0x274
0x99dd48,_ZN25PlaySoundInFrameExecution9isInstantEv,0x8
0x99dd50,_ZN15ChecksumEncoderD0Ev,0x4
0x99dd54,_ZNK22LogicGemOfferContainer18getItemCountInTypeEi,0x8
0x99dd5c,_ZN17OnlineTeamupPopup15onProfileOpenedEv,0xc
0x99dd68,_ZNK22ConfirmChangeClanPopup12getPopupTypeEv,0x8
0x99dd70,_ZNSt6__ndk16vectorI15SCIDShopProductNS_9allocatorIS1_EEE7reserveEm,0x15c
0x99decc,_ZN25PurchaseOfferPopupHandler17getGatchaInfoTypeEv,0x8
0x99ded4,_ZNK13SimpleWebview15isFadeInEnabledEv,0x8
0x99dedc,_ZN23SignoffPlayerMapMessageD2Ev,0xc8
0x99dfa4,_ZNK14IHeroListOwner13getCustomSortEv,0x8
0x99dfac,_ZNSt6__ndk110__function6__funcIZN11scTaskQueue3runIZN10SWFTexture11loadTextureIhEEvP12SupercellSWFiiiibbEUlvE_EENS_13invoke_resultIT_JEE4typeESA_EUlvE_NS_9allocatorISD_EEFvvEED0Ev,0x4
0x99dfb0,_ZNSt6__ndk16vectorIP10nti_font_tNS_9allocatorIS2_EEED2Ev,0x18
0x99dfc8,_ZN2OT9SanitizerINS_4maxpEE8sanitizeEP9hb_blob_t,0xfc
0x99e0c4,_ZN20SetEncryptionMessageD0Ev,0xc0
0x99e184,_ZN6SCTune8addColorERK6StringPiPKcP20SCTuneChangeListenerib,0x30
0x99e1b4,_ZN19ResetAccountMessageD0Ev,0xc0
0x99e274,_ZN8safe_jni7ConvertIN5titan7android4view7DisplayEvE12CallFunctionEP10_jmethodIDP8_jobjectz,0xb4
0x99e328,_ZN25AskForAvatarStreamMessageD0Ev,0xc0
0x99e3e8,_ZN22SubmitPlayerMapMessageD2Ev,0xc4
0x99e4ac,_ZN19scBezierPathBuilder9closePathEv,0x130
0x99e5dc,_ZN8Databind4Util13ArrayAccessorI12LogicVector314LogicArrayListIS2_EE3setEmPKS2_,0x24
0x99e600,_ZNSt6__ndk114__split_bufferINS_4pairI6StringiEERNS_9allocatorIS3_EEE9push_backERKS3_,0x1c8
0x99e7c8,_ZN23LogicHomeChangeListenerD0Ev,0x4
0x99e7cc,_ZN8Databind23DefaultObjectTypeTraitsIN11wendelstein21DecelerationComponentEE6assignEPvPKv,0x44
0x99e810,_ZN8Databind6detail23DatabindAccessorWrapperIfE10setterTypeEv,0x10
0x99e820,_ZN8Material16setBakedLightmapEP7GLImage,0x8
0x99e828,_ZN16SCWObjectFactoryD2Ev,0x4
0x99e82c,_ZN4asio9execution6detail17any_executor_base8query_fnIvNS0_11prefer_onlyINS1_8blocking10possibly_tILi0EEEEEEEvPvPKvSB_,0x30
0x99e85c,_ZNSt6__ndk120__shared_ptr_emplaceIN11wendelstein21DecelerationComponentENS_9allocatorIS2_EEE16__on_zero_sharedEv,0xc
0x99e868,_ZN4asio9execution6detail17any_executor_base16target_type_voidEv,0x8
0x99e870,_ZN20OpenGLContextAndroid5flushEv,0x4
0x99e874,_ZN18DonateNotification19getNotificationTypeEv,0x8
0x99e87c,_ZNK2OT13MultipleSubst8dispatchINS_24hb_would_apply_context_tEEENT_8return_tEPS3_,0x198
0x99ea14,_ZNK9EntryInfo15showResourceHUDEv,0x8
0x99ea1c,_ZNSt6__ndk16vectorIN8nlohmann10basic_jsonINS_3mapES0_NS_12basic_stringIcNS_11char_traitsIcEENS_9allocatorIcEEEEblmdS7_NS1_14adl_serializerEEENS7_ISB_EEE24__emplace_back_slow_pathIJRfEEEvDpOT_,0x13c
0x99eb58,_ZN2fx4gltf9from_jsonERKN8nlohmann10basic_jsonINSt6__ndk13mapENS3_6vectorENS3_12basic_stringIcNS3_11char_traitsIcEENS3_9allocatorIcEEEEblmdS9_NS1_14adl_serializerEEERNS0_7SamplerE,0x3d4
0x99ef2c,_ZNKSt6__ndk120__shared_ptr_pointerIPN8Databind23DefaultObjectTypeTraitsIN11wendelstein20MovieClipEmitterDataEEENS_14default_deleteIS5_EENS_9allocatorIS5_EEE13__get_deleterERKSt9type_info,0x1c
0x99ef48,_ZN5titan3com9supercell5titan21NativeFacebookManagerD0Ev,0x38
0x99ef80,_ZNKSt6__ndk110__function6__funcIZN8Databind18DatabindObjectNodeC1EPNS2_14IDatabindTableENS_10shared_ptrINS2_14ObjectInstanceEEEEUlbE_NS_9allocatorIS9_EEFvbEE7__cloneEv,0x38
0x99efb8,_ZN12DCT_Upsample3P_QILi7ELi8EE4calcERNS_8Matrix44ES3_PKs,0x464
0x99f41c,_ZNSt6__ndk111basic_regexIcNS_12regex_traitsIcEEE16__parse_ecma_expIPKcEET_S7_S7_,0x228
0x99f644,_ZNSt6__ndk120__shared_ptr_emplaceI14scPackagedTaskIvENS_9allocatorIS2_EEED2Ev,0x84
0x99f6c8,_ZN19LogicAreaEffectDataD0Ev,0x40
0x99f708,_ZN29LogicClaimRankUpRewardCommandD0Ev,0x4
0x99f70c,_ZNK17scFileImpl_AAsset4readEPvm,0x20
0x99f72c,_ZN8Databind4Util17ArrayAccessorBaseI7Vector3IfENSt6__ndk16vectorIS3_NS4_9allocatorIS3_EEEEE6getPtrEm,0xc
0x99f738,_ZN11SCIDManager14connectedGamesEiP17SCIDConnectedGame,0x4
0x99f73c,_ZN11wendelstein21SimpleGroundComponentD0Ev,0x4
0x99f740,_ZNSt6__ndk111basic_regexIcNS_12regex_traitsIcEEE15__push_back_refEi,0xc4
0x99f804,_ZNSt6__ndk114__split_bufferINS_13unordered_mapINS_12basic_stringIcNS_11char_traitsIcEENS_9allocatorIcEEEEjNS_4hashIS7_EENS_8equal_toIS7_EENS5_INS_4pairIKS7_jEEEEEERNS5_ISG_EEE9push_backEOSG_,0x2d8
0x99fadc,_ZNKSt6__ndk120__shared_ptr_pointerIPN8Databind23DefaultObjectTypeTraitsI24LaserParticleEmitterDataEENS_14default_deleteIS4_EENS_9allocatorIS4_EEE13__get_deleterERKSt9type_info,0x1c
0x99faf8,_ZN8Databind4Util17ArrayAccessorBaseINSt6__ndk112basic_stringIcNS2_11char_traitsIcEENS2_9allocatorIcEEEE14LogicArrayListIS8_EE10cloneArrayEv,0x68
0x99fb60,_ZN8Material17initializeMembersEv,0x124
0x99fc84,_ZN14LogicMilestoneD0Ev,0x40
0x99fcc4,_ZN30AskForFriendSuggestionsMessageD0Ev,0xc0
0x99fd84,_ZN11wendelstein26EmitterBurstListSerializerD0Ev,0x4
0x99fd88,_ZN2fx4gltf9from_jsonERKN8nlohmann10basic_jsonINSt6__ndk13mapENS3_6vectorENS3_12basic_stringIcNS3_11char_traitsIcEENS3_9allocatorIcEEEEblmdS9_NS1_14adl_serializerEEERNS0_6BufferE,0x128
0x99feb0,_ZN23SkinPreviewToggleButtonD0Ev,0x3c
0x99feec,_ZN8safe_jni15static_functionIN5titan3com9supercell5titan14HelpshiftTitanEvEclIJEEEvDpT_,0x138
0x9a0024,_ZN6SCTune6addIntEPK6CSVRowiRK6StringPiPKcP20SCTuneChangeListenerib,0x34
0x9a0058,_ZN22PromoPopupNotificationD2Ev,0x10
0x9a0068,_ZN10SCTuneImpl8onWakeupEP10Connection,0x4
0x9a006c,_ZN11wendelstein12old_versions15EmitterParamsV023setDatabindObjectFieldsEP14DatabindObjectm,0x9f4
0x9a0a60,_ZN27StarPowerRewardNotificationD0Ev,0x4
0x9a0a64,_ZN4asio9execution6detail17any_executor_base8query_fnIvNS0_11prefer_onlyINS1_12relationship6fork_tILi0EEEEEEEvPvPKvSB_,0x30
0x9a0a94,_ZNK2OT8OffsetToINS_8LigGlyphENS_7IntTypeItLj2EEEE8sanitizeEPNS_21hb_sanitize_context_tEPKv,0x160
0x9a0bf4,_ZNKSt6__ndk110__function6__funcIZN11scTaskQueue3runIZN10SWFTexture21loadDownscaledTextureIhEEvP12SupercellSWFiiiibbEUlvE_EENS_13invoke_resultIT_JEE4typeESA_EUlvE_NS_9allocatorISD_EEFvvEE6targetERKSt9type_info,0x1c
0x9a0c10,_ZN8Databind4Util13ArrayAccessorI7Vector2IfENSt6__ndk16vectorIS3_NS4_9allocatorIS3_EEEEE6resizeEm,0x30
0x9a0c40,_ZN5lzham18lzham_decompressorC2Ev,0x10c
0x9a0d4c,_ZNK2OT19SubstLookupSubTable8dispatchINS_25hb_add_coverage_context_tI24hb_set_digest_combiner_tI27hb_set_digest_lowest_bits_tImLj4EES3_IS4_ImLj0EES4_ImLj9EEEEEEEENT_8return_tEPSB_j,0x184
0x9a0ed0,_ZN8TestCase12customUpdateEv,0x4
0x9a0ed4,_ZNKSt6__ndk112regex_traitsIcE18__lookup_classnameIPKcEEtT_S5_bc,0x184
0x9a1058,_ZN4asio6detail16resolver_serviceINS_2ip3tcpEE11notify_forkENS_17execution_context10fork_eventE,0x8
0x9a1060,_ZN11wendelstein22SpawnVelocityComponent23setDatabindObjectFieldsEP14DatabindObjectm,0x2b0
0x9a1310,_ZNSt6__ndk114__thread_proxyINS_5tupleIJNS_10unique_ptrINS_15__thread_structENS_14default_deleteIS3_EEEEM8TestCaseFvvEPS7_EEEEEPvSC_,0x74
0x9a1384,_ZNK2OT20MultipleSubstFormat15applyEPNS_18hb_apply_context_tE,0x1b8
0x9a153c,_ZNSt6__ndk111basic_regexIcNS_12regex_traitsIcEEE32__parse_one_char_or_coll_elem_REIPKcEET_S7_S7_,0x11c
0x9a1658,_ZNK6icu_5818ComposeNormalizer29normalizeEPKtS2_RNS_16ReorderingBufferER10UErrorCode,0x1c
0x9a1674,_ZN4asio9execution6detail17any_executor_base10require_fnINS0_12any_executorIJNS0_12context_as_tIRNS_17execution_contextEEENS1_8blocking7never_tILi0EEENS0_11prefer_onlyINS9_10possibly_tILi0EEEEENSC_INS1_16outstanding_work9tracked_tILi0EEEEENSC_INSG_11untracked_tILi0EEEEENSC_INS1_12relationship6fork_tILi0EEEEENSC_INSN_14continuation_tILi0EEEEEEEENS_10io_context19basic_executor_typeINSt6__ndk19allocatorIvEELj4EEESQ_EET_PKvS13_,0x24
0x9a1698,_ZN19jpeg_decoder_stream6attachEv,0x4
0x9a169c,_ZNSt6__ndk16vectorIN2fx4gltf8AccessorENS_9allocatorIS3_EEE12__move_rangeEPS3_S7_S7_,0x174
0x9a1810,_ZN20AnalyticEventMessageD0Ev,0xc0
0x9a18d0,_ZNK2OT19ChainContextFormat38sanitizeEPNS_21hb_sanitize_context_tE,0x26c
0x9a1b3c,_ZN23LogicHomeChangeListener20doubleCoinsPurchasedEi,0x4
0x9a1b40,_ZN10BitmapFont10setOutlineEb,0xc
0x9a1b4c,_ZN8safe_jni8functionIN5titan7android7content6IntentENS2_3net3UriEEclIJEEES6_P8_jobjectDpT_,0x120
0x9a1c6c,_ZNSt6__ndk16__treeINS_12__value_typeIPKcN8Databind16CustomSerializerEEENS_19__map_value_compareIS3_S6_NS_4lessIS3_EELb1EEENS_9allocatorIS6_EEE7destroyEPNS_11__tree_nodeIS6_PvEE,0x78
0x9a1ce4,_ZN20LogicCharacterClientD0Ev,0x74
0x9a1d58,_ZN8safe_jni15static_functionIN5titan3com9supercell5titan5KakaoEvEclIJEEEvDpT_,0x138
0x9a1e90,_ZNK10BitmapFont11stringWidthERK6String,0x20
0x9a1eb0,_ZN19CachedFontFormatterD2Ev,0x5c
0x9a1f0c,_ZN39LogicAccountTransferCodeResponseMessageD2Ev,0xd0
0x9a1fdc,_ZNSt6__ndk16__treeINS_12__value_typeINS_12basic_stringIcNS_11char_traitsIcEENS_9allocatorIcEEEEN11wendelstein16ComponentFactory8MapEntryEEENS_19__map_value_compareIS7_SB_NS_4lessIS7_EELb1EEENS5_ISB_EEE7destroyEPNS_11__tree_nodeISB_PvEE,0x7c
0x9a2058,_ZNSt6__ndk114__split_bufferIPNS_7__stateIcEENS_9allocatorIS3_EEE10push_frontERKS3_,0x138
0x9a2190,_ZNSt6__ndk120__shared_ptr_emplaceIN11wendelstein23ComponentListSerializerENS_9allocatorIS2_EEED0Ev,0x24
0x9a21b4,_ZN19scBezierPathBuilder13bezierCurveToE7Vector2IfES1_S1_,0x2e0
0x9a2494,_ZN10OnEntryTapD0Ev,0x4
0x9a2498,_ZNK2OT20MarkGlyphSetsFormat16coversEjj,0x19c
0x9a2634,_ZNK8safe_jni15static_propertyIN6yoozoo3com5youzu5bcore4base10BCoreConst8platformE6StringEcvS8_Ev,0x174
0x9a27a8,_ZNKSt6__ndk110__function6__funcIZN11scTaskQueue3runIZN10SWFTexture21loadDownscaledTextureIiEEvP12SupercellSWFiiiibbEUlvE_EENS_13invoke_resultIT_JEE4typeESA_EUlvE_NS_9allocatorISD_EEFvvEE7__cloneEPNS0_6__baseISG_EE,0x18
0x9a27c0,_ZN11wendelstein18SpawnConeComponentD0Ev,0x4
0x9a27c4,_ZN18DailyEventsMessageD0Ev,0xe0
0x9a28a4,_ZN18scFileInputAdapter13get_characterEv,0x3c
0x9a28e0,_ZNSt6__ndk120__shared_ptr_pointerIP14LogicArrayListI12LogicVector3ENS_14default_deleteIS3_EENS_9allocatorIS3_EEE16__on_zero_sharedEv,0x3c
0x9a291c,_ZNSt6__ndk120__shared_ptr_pointerIPN8Databind23DefaultObjectTypeTraitsIN11wendelstein21SimpleGroundComponentEEENS_14default_deleteIS5_EENS_9allocatorIS5_EEE16__on_zero_sharedEv,0x18
0x9a2934,_ZN8Databind4Util13ArrayAccessorI7Vector3IfENSt6__ndk16vectorIS3_NS4_9allocatorIS3_EEEEE5clearEv,0x10
0x9a2944,_ZN8Databind17DatabindTableBaseIN11wendelstein19AbstractEmitterDataEE20onChildWillBeRemovedERNS_18DatabindObjectNodeE,0x4
0x9a2948,_ZN5titan7android7content2pm11PackageInfoD0Ev,0x38
0x9a2980,_ZN8safe_jni8functionIN5titan7android3app8ActivityEvEclIJEEEvP8_jobjectDpT_,0x118
0x9a2a98,_ZN8Databind4Util13ArrayAccessorI12LogicVector214LogicArrayListIS2_EE8setArrayEPv,0x8
0x9a2aa0,_ZN8Databind16CustomSerializer13getSerializerIN11wendelstein26EmitterBurstListSerializerEEES0_PKc,0x1c8
0x9a2c68,_ZNSt6__ndk110__function6__funcIZN11wendelstein16ComponentFactory14addConstructorINS2_19SpawnBurstComponentEEEvvEUlvE_NS_9allocatorIS6_EEFNS_10shared_ptrINS2_17IEmitterComponentEEEvEE18destroy_deallocateEv,0x4
0x9a2c6c,_ZN22ResourceDataLoaderImplI18ResourceDataStringED2Ev,0x7c
0x9a2ce8,_ZN23LogicHomeChangeListener17eventStateChangedEiii,0x4
0x9a2cec,_ZNSt6__ndk110__function6__baseIFNS_4pairIb6StringEEvEED2Ev,0x4
0x9a2cf0,_ZNKSt6__ndk110__function6__funcIZN11wendelstein16ComponentFactory14addConstructorINS2_24TangentVelocityComponentEEEvvEUlvE_NS_9allocatorIS6_EEFNS_10shared_ptrINS2_17IEmitterComponentEEEvEE7__cloneEPNS0_6__baseISC_EE,0x10
0x9a2d00,_ZN11wendelstein13DragComponent20getDatabindObjectDefEv,0x310
0x9a3010,_ZThn8_N4ItemD1Ev,0x60
0x9a3070,_ZNK11StreamEntry27isContentReportingAvailableEv,0x8
0x9a3078,_ZN18BezierInterpolatorIfE7setFromEf,0x84
0x9a30fc,_ZNSt6__ndk19transformIN8nlohmann6detail9iter_implIKNS1_10basic_jsonINS_3mapENS_6vectorENS_12basic_stringIcNS_11char_traitsIcEENS_9allocatorIcEEEEblmdSA_NS1_14adl_serializerEEEEENS_15insert_iteratorINS6_IN2fx4gltf8MaterialENSA_ISK_EEEEEEZNS2_20from_json_array_implISE_SM_EEDTcmcmcldtfp0_7reserveclsr3stdE7declvalINT0_9size_typeEEEEcldtfp_3getINSP_10value_typeEEEcvv_EERKT_RSP_NS2_12priority_tagILj1EEEEUlRSF_E_EESP_ST_ST_SP_T1_,0x21c
0x9a3318,_ZNK8Databind16DatabindEnumBase7getNameEv,0xac
0x9a33c4,_ZNSt6__ndk120__shared_ptr_pointerIPN8Databind23DefaultObjectTypeTraitsIN11wendelstein15VortexComponentEEENS_14default_deleteIS5_EENS_9allocatorIS5_EEE16__on_zero_sharedEv,0x18
0x9a33dc,_ZN19IGameCenterListenerD2Ev,0x4
0x9a33e0,_ZNSt6__ndk13mapIN11TestDefines10DefineKeysENS1_10DefinitionENS_4lessIS2_EENS_9allocatorINS_4pairIKS2_S3_EEEEED2Ev,0x8
0x9a33e8,_ZNK13DisplayObject14isCustomButtonEv,0x8
0x9a33f0,_ZNK15ProLeagueScreen18getTargetMovieClipEv,0x4
0x9a33f4,_ZN8safe_jni7ConvertIN5titan3com6google7android4play4core5tasks4TaskEvE3SigEv,0xd8
0x9a34cc,_ZN30LineAccountAlreadyBoundMessageD0Ev,0xc0
0x9a358c,_ZN8safe_jni15static_functionIN5titan3com9supercell5titan15PurchaseManagerEvEclIJ6StringS8_iiS8_iS8_EEEvDpT_,0x270
0x9a37fc,_ZN8safe_jni4ctorIN5titan3com9supercell2id9IdAccountEEclIJ6StringS8_S8_S8_S8_S8_bEEEP8_jobjectDpT_,0x308
0x9a3b04,_ZNSt6__ndk110unique_ptrI29scMultithreadedLoadingManagerNS_14default_deleteIS1_EEED2Ev,0x3c
0x9a3b40,_ZN11SCIDManager12windowOpenedEv,0x4
0x9a3b44,_ZNSt6__ndk112__hash_tableINS_17__hash_value_typeIiiEENS_22__unordered_map_hasherIiS2_NS_4hashIiEELb1EEENS_21__unordered_map_equalIiS2_NS_8equal_toIiEELb1EEENS_9allocatorIS2_EEE6removeENS_21__hash_const_iteratorIPNS_11__hash_nodeIS2_PvEEEE,0x14c
0x9a3c90,_ZNK6icu_5814FCDNormalizer217hasBoundaryBeforeEi,0x6c
0x9a3cfc,_ZN10GameObjectD2Ev,0x40
0x9a3d3c,_ZNKSt6__ndk110__function6__funcIZN11wendelstein16ComponentFactory14addConstructorINS2_22SpawnVelocityComponentEEEvvEUlvE_NS_9allocatorIS6_EEFNS_10shared_ptrINS2_17IEmitterComponentEEEvEE11target_typeEv,0xc
0x9a3d48,_ZNSt6__ndk110__function6__funcIZN11wendelstein16ComponentFactory14addConstructorINS2_21SimpleGroundComponentEEEvvEUlvE_NS_9allocatorIS6_EEFNS_10shared_ptrINS2_17IEmitterComponentEEEvEE18destroy_deallocateEv,0x4
0x9a3d4c,_ZN11scTaskQueue3runIZN10SWFTexture21loadDownscaledTextureIsEEvP12SupercellSWFiiiibbEUlvE_EENSt6__ndk113invoke_resultIT_JEE4typeES8_,0x104
0x9a3e50,_ZNSt6__ndk16vectorI6StringNS_9allocatorIS1_EEE7reserveEm,0xd0
0x9a3f20,_ZNKSt6__ndk110__function6__funcIZN11scTaskQueue3runIZN10SWFTexture11loadTextureIhEEvP12SupercellSWFiiiibbEUlvE_EENS_13invoke_resultIT_JEE4typeESA_EUlvE_NS_9allocatorISD_EEFvvEE7__cloneEv,0x38
0x9a3f58,_ZN7rg_etc119indirect_radix_sortIjtEEPT_jS2_S2_PKT0_jjb,0x5c4
0x9a451c,_ZNKSt6__ndk120__shared_ptr_pointerIPN8Databind23DefaultObjectTypeTraitsIN11wendelstein12old_versions15EmitterParamsV0EEENS_14default_deleteIS6_EENS_9allocatorIS6_EEE13__get_deleterERKSt9type_info,0x1c
0x9a4538,_ZN11scTaskQueue3runIZN10SWFTexture11loadTextureIiEEvP12SupercellSWFiiiibbEUlvE_EENSt6__ndk113invoke_resultIT_JEE4typeES8_,0x104
0x9a463c,_ZNK2OT14PairPosFormat15applyEPNS_18hb_apply_context_tE,0x324
0x9a4960,_ZNK18ClientHelloMessage14getMessageTypeEv,0x8
0x9a4968,_ZNSt6__ndk16__treeINS_12__value_typeINS_12basic_stringIcNS_11char_traitsIcEENS_9allocatorIcEEEENS_10unique_ptrI14scResourceDataNS_14default_deleteIS9_EEEEEENS_19__map_value_compareIS7_SD_NS_4lessIS7_EELb1EEENS5_ISD_EEE12__find_equalIS7_EERPNS_16__tree_node_baseIPvEERPNS_15__tree_end_nodeISO_EERKT_,0x120
0x9a4a88,_ZN17LogicDebugCommandD2Ev,0x3c
0x9a4ac4,_ZN8Databind23DefaultObjectTypeTraitsI24LaserParticleEmitterDataED0Ev,0x4
0x9a4ac8,_ZNK2OT14ContextFormat37closureEPNS_20hb_closure_context_tE,0x118
0x9a4be0,_ZN33RankedMatchHeroDataUpdatedMessageD0Ev,0xc0
0x9a4ca0,_ZN9CharacterD2Ev,0x80
0x9a4d20,_ZN4asio2ip20basic_resolver_queryINS0_3tcpEEC2ERKS3_,0x154
0x9a4e74,_ZN12GenericPopup13onCloseButtonEv,0x4
0x9a4e78,_ZNSt6__ndk120__bracket_expressionIcNS_12regex_traitsIcEEEC2ERKS2_PNS_6__nodeIcEEbbb,0x134
0x9a4fac,_ZN37GoogleBillingProcessedByServerMessageD0Ev,0xd8
0x9a5084,_ZNSt6__ndk16__treeINS_12__value_typeINS_12basic_stringIcNS_11char_traitsIcEENS_9allocatorIcEEEEN8nlohmann10basic_jsonINS_3mapENS_6vectorES7_blmdS5_NS8_14adl_serializerEEEEENS_19__map_value_compareIS7_SE_NS_4lessIvEELb1EEENS5_ISE_EEE16__construct_nodeIJRKNS_21piecewise_construct_tENS_5tupleIJRKS7_EEENSP_IJEEEEEENS_10unique_ptrINS_11__tree_nodeISE_PvEENS_22__tree_node_destructorINS5_ISX_EEEEEEDpOT_,0xe8
0x9a516c,_ZNSt6__ndk120__shared_ptr_pointerIP14LogicArrayListI7Vector3IfEENS_14default_deleteIS4_EENS_9allocatorIS4_EEE16__on_zero_sharedEv,0x3c
0x9a51a8,_ZN17LogicGameListener11skinChangedEv,0x4
0x9a51ac,_ZNK14IHeroListOwner26getCharacterToShowSelectedEv,0x8
0x9a51b4,_ZNSt6__ndk110__function6__funcIZN10SWFTexture11loadTextureIhEEvP12SupercellSWFiiiibbEUlvE_NS_9allocatorIS6_EEFvvEE7destroyEv,0x4
0x9a51b8,_ZN8Databind4Util13ArrayAccessorIfNSt6__ndk16vectorIfNS2_9allocatorIfEEEEE5eraseEm,0x4c
0x9a5204,_ZNSt6__ndk115basic_streambufIcNS_11char_traitsIcEEE9showmanycEv,0x8
0x9a520c,_ZN21BoxRewardNotification9getAmountEv,0x8
0x9a5214,_ZNSt6__ndk120__shared_ptr_pointerIPN8Databind23DefaultObjectTypeTraitsIN11wendelstein12old_versions22MovieClipEmitterDataV0EEENS_14default_deleteIS6_EENS_9allocatorIS6_EEED0Ev,0x24
0x9a5238,_ZN19ResetAccountMessage18getServiceNodeTypeEv,0x8
0x9a5240,_ZNSt6__ndk16vectorIN8Databind8Migrator4StepENS_9allocatorIS3_EEE24__emplace_back_slow_pathIJS3_EEEvDpOT_,0x2ec
0x9a552c,_ZN3ColILi2EE4idctEPhPKi,0x134
0x9a5660,_ZN27ReportAllianceStreamMessageD0Ev,0xc0
0x9a5720,_ZN11wendelstein17MovieClipRenderer6ParamsC2Ev,0x210
0x9a5930,_ZN9GameState13touchReleasedERK5Touch,0x8
0x9a5938,_ZNSt6__ndk16vectorIN2fx4gltf8MaterialENS_9allocatorIS3_EEE7reserveEm,0x234
0x9a5b6c,_ZN19SelectLocationPopup17supportsTallItemsEv,0x8
0x9a5b74,_ZN20OnlineChatControllerD2Ev,0x14
0x9a5b88,_ZNSt6__ndk119__throw_regex_errorILNS_15regex_constants10error_typeE8EEEvv,0xc
0x9a5b94,_ZNSt6__ndk110__function6__funcIZN11wendelstein16ComponentFactory14addConstructorINS2_18CurlNoiseComponentEEEvvEUlvE_NS_9allocatorIS6_EEFNS_10shared_ptrINS2_17IEmitterComponentEEEvEE18destroy_deallocateEv,0x4
0x9a5b98,_ZNK2OT18SingleSubstFormat25applyEPNS_18hb_apply_context_tE,0x1e4
0x9a5d7c,_ZNK16AllianceWarPopup15showResourceHUDEv,0x8
0x9a5d84,_ZN8safe_jni15static_functionIN5titan3com9supercell5titan21NativeFacebookManagerEvEclIJ6StringS8_S8_S8_EEEvDpT_,0x1f4
0x9a5f78,_ZNSt6__ndk16__treeINS_12__value_typeINS_12basic_stringIcNS_11char_traitsIcEENS_9allocatorIcEEEEP18scAbstractTreeNodeEENS_19__map_value_compareIS7_SA_NS_4lessIS7_EELb1EEENS5_ISA_EEE12__find_equalIS7_EERPNS_16__tree_node_baseIPvEERPNS_15__tree_end_nodeISL_EERKT_,0x120
0x9a6098,_ZNK2OT19ChainContextFormat15applyEPNS_18hb_apply_context_tE,0x274
0x9a630c,_ZN19GetBattleLogMessageD0Ev,0xc0
0x9a63cc,_ZN8Databind4Util17ArrayAccessorBaseINSt6__ndk112basic_stringIcNS2_11char_traitsIcEENS2_9allocatorIcEEEENS2_6vectorIS8_NS6_IS8_EEEEE6addPtrEPKv,0xc
0x9a63d8,_ZN13HeroListEntry10touchMovedERK5Touch,0x18
0x9a63f0,_ZNK22ResourceDataLoaderImplI19ResourceDataTextureE7getTypeEv,0x8
0x9a63f8,_ZNSt6__ndk120__shared_ptr_pointerIPN8Databind16ObjectTypeTraitsENS_14default_deleteIS2_EENS_9allocatorIS2_EEE21__on_zero_shared_weakEv,0x4
0x9a63fc,_ZN22ResourceDataLoaderImplI16ResourceDataSC3DE10loadFailedEv,0xc8
0x9a64c4,_ZThn8_N9CharacterD0Ev,0x8
0x9a64cc,_ZN14HelpshiftTitan27HelpshiftConnectionFallback5loginERK6StringS3_S3_,0x4
0x9a64d0,_ZN27LogicPlayerRankedSeasonDataD0Ev,0x38
0x9a6508,_ZNKSt6__ndk110__function6__funcIZN11wendelstein16ComponentFactory14addConstructorINS2_15VortexComponentEEEvvEUlvE_NS_9allocatorIS6_EEFNS_10shared_ptrINS2_17IEmitterComponentEEEvEE7__cloneEPNS0_6__baseISC_EE,0x10
0x9a6518,_ZN15LogicGlobalDataD2Ev,0xf8
0x9a6610,_ZNSt6__ndk114__split_bufferIjRNS_9allocatorIjEEE9push_backEOj,0x1b4
0x9a67c4,_ZNSt6__ndk110__function6__funcIZN11wendelstein16ComponentFactory14addConstructorINS2_24TangentVelocityComponentEEEvvEUlvE_NS_9allocatorIS6_EEFNS_10shared_ptrINS2_17IEmitterComponentEEEvEE7destroyEv,0x4
0x9a67c8,_ZN5titan3com9supercell5titan7tencent11MSDKManagerD0Ev,0x38
0x9a6800,_ZNK25PurchaseConfirmationPopup12getPopupTypeEv,0x8
0x9a6808,_ZNKSt6__ndk110__function6__funcIZN11wendelstein16ComponentFactory14addConstructorINS2_18CurlNoiseComponentEEEvvEUlvE_NS_9allocatorIS6_EEFNS_10shared_ptrINS2_17IEmitterComponentEEEvEE7__cloneEv,0x24
0x9a682c,_ZN14HelpshiftTitan23HelpshiftConnectionImpl14showFAQSectionERK6String,0x8
0x9a6834,_ZNKSt6__ndk120__shared_ptr_pointerIPN8Databind23DefaultObjectTypeTraitsIN11wendelstein15SpringComponentEEENS_14default_deleteIS5_EENS_9allocatorIS5_EEE13__get_deleterERKSt9type_info,0x1c
0x9a6850,_ZN25AccountIdentifiersMessageD0Ev,0xc0
0x9a6910,_ZN2fx4gltf6detail17ReadOptionalFieldINSt6__ndk16vectorINS0_4MeshENS3_9allocatorIS5_EEEEEEvNS3_17basic_string_viewIcNS3_11char_traitsIcEEEERKN8nlohmann10basic_jsonINS3_3mapES4_NS3_12basic_stringIcSB_NS6_IcEEEEblmdS6_NSD_14adl_serializerEEERT_,0x110
0x9a6a20,_ZNKSt6__ndk110__function6__funcIZN11wendelstein16ComponentFactory14addConstructorINS2_15GroundComponentEEEvvEUlvE_NS_9allocatorIS6_EEFNS_10shared_ptrINS2_17IEmitterComponentEEEvEE7__cloneEv,0x24
0x9a6a44,_ZN20LogicRawOutReflectorD0Ev,0x4
0x9a6a48,_ZN22TeamClearInviteMessageD0Ev,0xc0
0x9a6b08,_ZN8Databind14IDatabindTableD0Ev,0x4
0x9a6b0c,_ZN25LogicAvatarChangeListener12itemUpgradedEii,0x4
0x9a6b10,_ZNSt6__ndk113basic_ostreamIcNS_11char_traitsIcEEED1Ev,0x8
0x9a6b18,_ZN26ResourceRewardNotificationD0Ev,0x4
0x9a6b1c,_ZN11wendelstein15VortexComponent9objectDefEv,0x4
0x9a6b20,_ZN26BindFacebookAccountMessageD0Ev,0xc0
0x9a6be0,_ZNSt6__ndk16vectorI6StringNS_9allocatorIS1_EEE6assignIPS1_EENS_9enable_ifIXaasr21__is_forward_iteratorIT_EE5valuesr16is_constructibleIS1_NS_15iterator_traitsIS8_E9referenceEEE5valueEvE4typeES8_S8_,0x1ac
0x9a6d8c,_ZN8Material12setNormalTexEP7GLImage,0x8
0x9a6d94,_ZN5titan7android7content7ContextD0Ev,0x38
0x9a6dcc,_ZNK4asio5error6detail17addrinfo_category4nameEv,0xc
0x9a6dd8,_ZN26ISCIDManagerImplementation18handleNotificationERK6String,0x4
0x9a6ddc,_ZNSt6__ndk110__function6__funcIZN11wendelstein16ComponentFactory14addConstructorINS2_21SimpleGroundComponentEEEvvEUlvE_NS_9allocatorIS6_EEFNS_10shared_ptrINS2_17IEmitterComponentEEEvEEclEv,0x50
0x9a6e2c,_ZN8safe_jni15static_functionIN5titan3com9supercell5titan14HelpshiftTitanEvEclIJiEEEvDpT_,0x164
0x9a6f90,_ZN8safe_jni4ctorIN5titan7android5media11MediaPlayerEEclIJEEEP8_jobjectDpT_,0xb4
0x9a7044,_ZN22ResourceDataLoaderImplI17ResourceDataSoundE12loadFinishedENSt6__ndk110unique_ptrIS0_NS2_14default_deleteIS0_EEEE,0xa0
0x9a70e4,_ZNSt6__ndk19transformIN8nlohmann6detail9iter_implIKNS1_10basic_jsonINS_3mapENS_6vectorENS_12basic_stringIcNS_11char_traitsIcEENS_9allocatorIcEEEEblmdSA_NS1_14adl_serializerEEEEENS_15insert_iteratorINS6_IN2fx4gltf10BufferViewENSA_ISK_EEEEEEZNS2_20from_json_array_implISE_SM_EEDTcmcmcldtfp0_7reserveclsr3stdE7declvalINT0_9size_typeEEEEcldtfp_3getINSP_10value_typeEEEcvv_EERKT_RSP_NS2_12priority_tagILj1EEEEUlRSF_E_EESP_ST_ST_SP_T1_,0x1b4
0x9a7298,_ZN31LogicCancelPurchaseOfferCommandD0Ev,0x4
0x9a729c,_ZNSt6__ndk120__shared_ptr_emplaceIN8Databind16CustomSerializerENS_9allocatorIS2_EEED2Ev,0x64
0x9a7300,_ZNK21SpeechBubbleCharacter28allowClosingFromModalTappingEv,0x8
0x9a7308,_ZNSt6__ndk120__shared_ptr_pointerIPNS_6vectorIfNS_9allocatorIfEEEENS_14default_deleteIS4_EENS2_IS4_EEE16__on_zero_sharedEv,0x40
0x9a7348,_ZN14HelpshiftTitan27HelpshiftConnectionFallback24requestNotificationCountEv,0x4
0x9a734c,_ZN22ResourceDataLoaderImplI15ResourceDataCSVED0Ev,0x64
0x9a73b0,_ZN8Databind4Util13ArrayAccessorI7Vector3IfE14LogicArrayListIS3_EE4sizeEv,0xc
0x9a73bc,_ZN30SubmitPlayerMapResponseMessageD2Ev,0xc4
0x9a7480,_ZNSt6__ndk120__shared_ptr_emplaceIN11wendelstein19SpawnBurstComponentENS_9allocatorIS2_EEED0Ev,0x50
0x9a74d0,_ZNK2OT17CursivePosFormat15applyEPNS_18hb_apply_context_tE,0x6cc
0x9a7b9c,_ZN10BitmapFont15BitmapFormatterD2Ev,0x30
0x9a7bcc,_ZNK16SelectableButton10isSelectedEv,0x8
0x9a7bd4,_ZNSt6__ndk115basic_streambufIcNS_11char_traitsIcEEE5uflowEv,0x40
0x9a7c14,_ZN8safe_jni15static_functionIN5titan3com9supercell5titan19NativeDialogManagerEvEclIJEEEvDpT_,0x138
0x9a7d4c,_ZN17LogicGameListener13onConfReceiveEv,0x4
0x9a7d50,_ZNSt6__ndk16vectorI15SCIDShopProductNS_9allocatorIS1_EEE21__push_back_slow_pathIRKS1_EEvOT_,0x170
0x9a7ec0,_ZN12scFileFilterD0Ev,0x20
0x9a7ee0,_ZN15LogicJSONStringD0Ev,0x4
0x9a7ee4,_ZN14LogicArrayListI6StringE14ensureCapacityEi,0xec
0x9a7fd0,_ZNSt6__ndk110__function6__funcIZN11scTaskQueue3runIZN10SWFTexture11loadTextureIhEEvP12SupercellSWFiiiibbEUlvE_EENS_13invoke_resultIT_JEE4typeESA_EUlvE_NS_9allocatorISD_EEFvvEE7destroyEv,0x4
0x9a7fd4,_ZN14HelpshiftTitan23HelpshiftConnectionImpl20getNotificationCountEv,0x58
0x9a802c,_ZNK4asio9execution12bad_executor4whatEv,0xc
0x9a8038,_ZNSt6__ndk110__function6__funcIZN8Databind18DatabindObjectNodeC1EPNS2_14IDatabindTableENS_10shared_ptrINS2_14ObjectInstanceEEEEUlbE_NS_9allocatorIS9_EEFvbEED0Ev,0x4
0x9a803c,_ZNK2OT8Coverage12add_coverageI8hb_set_tEEvPT_,0x160
0x9a819c,_ZN6SCTune8addColorEPK6CSVRowiRK6StringPiPKcP20SCTuneChangeListenerib,0x34
0x9a81d0,_ZNSt6__ndk120__shared_ptr_pointerIP14LogicArrayListI7Vector2IfEENS_14default_deleteIS4_EENS_9allocatorIS4_EEE21__on_zero_shared_weakEv,0x4
0x9a81d4,_ZN8Databind23DefaultObjectTypeTraitsIN11wendelstein18SpawnConeComponentEE7destroyEPv,0x18
0x9a81ec,_ZNSt6__ndk120__shared_ptr_pointerIPNS_6vectorI7Vector2IfENS_9allocatorIS3_EEEENS_14default_deleteIS6_EENS4_IS6_EEE21__on_zero_shared_weakEv,0x4
0x9a81f0,_ZNSt6__ndk112__hash_tableINS_17__hash_value_typeINS_12basic_stringIcNS_11char_traitsIcEENS_9allocatorIcEEEEmEENS_22__unordered_map_hasherIS7_S8_NS_4hashIS7_EELb1EEENS_21__unordered_map_equalIS7_S8_NS_8equal_toIS7_EELb1EEENS5_IS8_EEE21__construct_node_hashIRKNS_4pairIKS7_mEEJEEENS_10unique_ptrINS_11__hash_nodeIS8_PvEENS_22__hash_node_destructorINS5_ISS_EEEEEEmOT_DpOT0_,0xf8
0x9a82e8,_ZNKSt6__ndk16__nodeIcE12__exec_splitEbRNS_7__stateIcEE,0x4
0x9a82ec,_ZN14LogicArrayListI16InstanceMaterialE14ensureCapacityEi,0x118
0x9a8404,_ZN21NewsPopupNotificationD2Ev,0x10
0x9a8414,_ZNSt6__ndk110__function6__funcIZN11wendelstein16ComponentFactory14addConstructorINS2_18SpawnConeComponentEEEvvEUlvE_NS_9allocatorIS6_EEFNS_10shared_ptrINS2_17IEmitterComponentEEEvEED0Ev,0x4
0x9a8418,_ZN25LogicAvatarChangeListener16debugFillKeyPoolEv,0x4
0x9a841c,_ZN8Databind23DefaultObjectTypeTraitsIN11wendelstein19SpawnBurstComponentEE9constructEv,0x34
0x9a8450,_ZN23BindKakaoAccountMessageD0Ev,0xc0
0x9a8510,_ZN28DeviceLinkCodeReceivedScreen16getSubScreenTypeEv,0x8
0x9a8518,_ZN22ResourceDataLoaderImplI16ResourceDataFontED0Ev,0x24
0x9a853c,_ZNKSt6__ndk110__function6__funcIZN11wendelstein16ComponentFactory14addConstructorINS2_20SpawnPlanarComponentEEEvvEUlvE_NS_9allocatorIS6_EEFNS_10shared_ptrINS2_17IEmitterComponentEEEvEE7__cloneEPNS0_6__baseISC_EE,0x10
0x9a854c,_ZN8Databind4Util13ArrayAccessorIi14LogicArrayListIiEE3setEmPKi,0x18
0x9a8564,_ZNK2OT18SingleSubstFormat27closureEPNS_20hb_closure_context_tE,0x240
0x9a87a4,_ZNK2OT19ChainContextFormat17closureEPNS_20hb_closure_context_tE,0x15c
0x9a8900,_ZN6SCTune11isConnectedEv,0x8
0x9a8908,_ZN2fx4gltf8DocumentaSEOS1_,0x7c0
0x9a90c8,_ZNSt6__ndk16__treeINS_12__value_typeI6StringP17ResourceReferenceEENS_19__map_value_compareIS2_S5_NS_4lessIS2_EELb1EEENS_9allocatorIS5_EEE25__emplace_unique_key_argsIS2_JNS_4pairIS2_S4_EEEEENSE_INS_15__tree_iteratorIS5_PNS_11__tree_nodeIS5_PvEElEEbEERKT_DpOT0_,0x114
0x9a91dc,_ZNK8Databind16JSONOutReflector10isInObjectEv,0x10
0x9a91ec,_ZNK11SCIDManager37gameShowsDonationReceivedNotificationEv,0x8
0x9a91f4,_ZNK6icu_5815NoopNormalizer27isInertEi,0x8
0x9a91fc,_ZThn8_N4ItemD0Ev,0x68
0x9a9264,_ZN8safe_jni7ConvertIN5titan7android4view7Display4ModeEvE18CallStaticFunctionEP10_jmethodIDP7_jclassz,0xb4
0x9a9318,_ZN8safe_jni15static_functionIN5titan3com9supercell5titan15PurchaseManagerEvEclIJEEEvDpT_,0x138
0x9a9450,_ZNK9LogicData6isItemEv,0x8
0x9a9458,_ZN14LogicArrayListI6valuesE14ensureCapacityEi,0x134
0x9a958c,_ZN4asio9execution6detail17any_executor_base21blocking_execute_voidERKS2_NS_6detail22executor_function_viewE,0x30
0x9a95bc,_ZN14LogicConditionD2Ev,0x4
0x9a95c0,_ZN8Databind16CustomSerializer13getSerializerIN11wendelstein23ComponentListSerializerEEES0_PKc,0x1c8
0x9a9788,_ZN4asio9execution6detail17any_executor_base14target_type_exINS_10io_context19basic_executor_typeINSt6__ndk19allocatorIvEELj4EEEEEPKvv,0xc
0x9a9794,_ZN11wendelstein17IEmitterComponent20getDatabindObjectDefEv,0x2f0
0x9a9a84,_ZNSt6__ndk110__function6__funcIZN11wendelstein16ComponentFactory14addConstructorINS2_19SpawnBurstComponentEEEvvEUlvE_NS_9allocatorIS6_EEFNS_10shared_ptrINS2_17IEmitterComponentEEEvEEclEv,0x58
0x9a9adc,_ZNK4asio6detail15system_category7messageEi,0x100
0x9a9bdc,_ZN8Databind4Util17ArrayAccessorBaseIf14LogicArrayListIfEE6setPtrEmPKv,0xc
0x9a9be8,_ZN11SCIDManager18openSelfHelpPortalEv,0x4
0x9a9bec,_ZN30ReportPlayerMapResponseMessageD2Ev,0xc4
0x9a9cb0,_ZN17LogicGameListener17avatarNameChangedEb,0x4
0x9a9cb4,_ZN20LeaveAllianceMessageD0Ev,0xc0
0x9a9d74,_ZN5tween5QuintD0Ev,0x4
0x9a9d78,_ZNSt6__ndk120__shared_ptr_pointerIPN8Databind23DefaultObjectTypeTraitsIN11wendelstein17MovieClipRenderer6ParamsEEENS_14default_deleteIS6_EENS_9allocatorIS6_EEE16__on_zero_sharedEv,0x18
0x9a9d90,_ZN8nlohmann6detail28json_sax_dom_callback_parserINS_10basic_jsonINSt6__ndk13mapENS3_6vectorENS3_12basic_stringIcNS3_11char_traitsIcEENS3_9allocatorIcEEEEblmdS9_NS_14adl_serializerEEEE12handle_valueIRdEENS3_4pairIbPSD_EEOT_b,0x200
0x9a9f90,_ZN11wendelstein17MovieClipRenderer6removeERNS_7EmitterEiRNS_8ParticleE,0x1a8
0x9aa138,_ZN11wendelstein18SpawnConeComponent9objectDefEv,0x4
0x9aa13c,_ZN8safe_jni7ConvertIbvE18CallStaticFunctionEP10_jmethodIDP7_jclassz,0xac
0x9aa1e8,_ZN11SCIDManager13friendsFailedEv,0x4
0x9aa1ec,_ZN8Databind23DefaultObjectTypeTraitsIN11wendelstein12old_versions15EmitterParamsV0EE9constructEv,0x17c
0x9aa368,_ZNK22scSkipFileHeaderFilter13getFilterNameEv,0xc
0x9aa374,_ZN18HTTPClientListener20httpRequestSucceededEP10HTTPClient,0x4
0x9aa378,_ZNK6icu_5818ComposeNormalizer213getQuickCheckEi,0xc0
0x9aa438,_ZNSt6__ndk16vectorINS_10unique_ptrI13OpenGLContextNS_14default_deleteIS2_EEEENS_9allocatorIS5_EEED2Ev,0x7c
0x9aa4b4,_ZN8Databind23DefaultObjectTypeTraitsIN11wendelstein22SpawnVelocityComponentEE9constructEv,0x9c
0x9aa550,_ZNSt6__ndk110__function6__baseIFjvEED2Ev,0x4
0x9aa554,_ZN25LogicAvatarChangeListener17debugClearKeyPoolEv,0x4
0x9aa558,_ZN8safe_jni8functionIN5titan7android7content7ContextENS1_4java4lang6ObjectEEclIJ6StringEEES7_P8_jobjectDpT_,0x194
0x9aa6ec,_ZNK2OT19SubstLookupSubTable8dispatchINS_27hb_collect_glyphs_context_tEEENT_8return_tEPS3_j,0x2e4
0x9aa9d0,_ZN5titan7android7content3res19AssetFileDescriptorD0Ev,0x38
0x9aaa08,_ZN10GameScreen14touchCancelledEi,0x4
0x9aaa0c,_ZNSt6__ndk1plIcNS_11char_traitsIcEENS_9allocatorIcEEEENS_12basic_stringIT_T0_T1_EES6_RKS9_,0xc8
0x9aaad4,_ZN30ReportPlayerMapResponseMessageD0Ev,0xc4
0x9aab98,_ZNKSt6__ndk120__shared_ptr_pointerIP14LogicArrayListI7Vector3IfEENS_14default_deleteIS4_EENS_9allocatorIS4_EEE13__get_deleterERKSt9type_info,0x1c
0x9aabb4,_ZN8Databind4Util13ArrayAccessorIfNSt6__ndk16vectorIfNS2_9allocatorIfEEEEE6resizeEm,0x30
0x9aabe4,_ZN11wendelstein24TangentVelocityComponentD0Ev,0x4
0x9aabe8,_ZN8nlohmann6detail20external_constructorILNS0_7value_tE3EE9constructINS_10basic_jsonINSt6__ndk13mapENS6_6vectorENS6_12basic_stringIcNS6_11char_traitsIcEENS6_9allocatorIcEEEEblmdSC_NS_14adl_serializerEEEPKcLi0EEEvRT_RKT0_,0xbc
0x9aaca4,_ZNK12scZstdReader13isInvalidFileEv,0x18
0x9aacbc,_ZNKSt6__ndk120__shared_ptr_pointerIPNS_6vectorI7Vector3IfENS_9allocatorIS3_EEEENS_14default_deleteIS6_EENS4_IS6_EEE13__get_deleterERKSt9type_info,0x1c
0x9aacd8,_ZN8Databind23DefaultObjectTypeTraitsIN11wendelstein24TangentVelocityComponentEE7destroyEPv,0x18
0x9aacf0,_ZNK22ResourceDataLoaderImplI18ResourceDataStringE7getTypeEv,0x8
0x9aacf8,_ZNSt6__ndk120__shared_ptr_pointerIP14LogicArrayListIiENS_14default_deleteIS2_EENS_9allocatorIS2_EEED0Ev,0x24
0x9aad1c,_ZNSt6__ndk111basic_regexIcNS_12regex_traitsIcEEE24__parse_character_escapeIPKcEET_S7_S7_PNS_12basic_stringIcNS_11char_traitsIcEENS_9allocatorIcEEEE,0x414
0x9ab130,_ZNSt6__ndk120__shared_ptr_pointerIPNS_6vectorINS_12basic_stringIcNS_11char_traitsIcEENS_9allocatorIcEEEENS5_IS7_EEEENS_14default_deleteIS9_EENS5_IS9_EEED0Ev,0x24
0x9ab154,_ZN8Databind4Util13ArrayAccessorINSt6__ndk112basic_stringIcNS2_11char_traitsIcEENS2_9allocatorIcEEEE14LogicArrayListIS8_EE5clearEv,0xc
0x9ab160,_ZNSt6__ndk110__back_refIcED0Ev,0x40
0x9ab1a0,_ZNK14AllianceScreen11shouldCloseEv,0x8
0x9ab1a8,_ZNK2OT4GDEF8sanitizeEPNS_21hb_sanitize_context_tE,0x1dc
0x9ab384,_ZN8safe_jni7ConvertIN5titan7android7content2pm14PackageManagerEvE12CallFunctionEP10_jmethodIDP8_jobjectz,0xb4
0x9ab438,_ZNK12FriendsPopup12getPopupTypeEv,0x8
0x9ab440,_ZN8Databind4Util13ArrayAccessorI12LogicVector214LogicArrayListIS2_EED0Ev,0x4
0x9ab444,_ZNK21TypedResourceDataBaseILi10EE7getTypeEv,0x8
0x9ab44c,_ZN2fx4gltf9from_jsonERKN8nlohmann10basic_jsonINSt6__ndk13mapENS3_6vectorENS3_12basic_stringIcNS3_11char_traitsIcEENS3_9allocatorIcEEEEblmdS9_NS1_14adl_serializerEEERNS0_7TextureE,0x248
0x9ab694,_ZN15DataLoaderMusicD0Ev,0x8c
0x9ab720,_ZNSt6__ndk120__shared_ptr_emplaceI17scFSAndroidAssetsNS_9allocatorIS1_EEE21__on_zero_shared_weakEv,0x4
0x9ab724,_ZN12DCT_Upsample3R_SILi7ELi8EE4calcERNS_8Matrix44ES3_PKs,0x468
0x9abb8c,_ZNSt6__ndk16__treeINS_12__value_typeIiP28UdpBigMessageFragmentMessageEENS_19__map_value_compareIiS4_NS_4lessIiEELb1EEENS_9allocatorIS4_EEE7destroyEPNS_11__tree_nodeIS4_PvEE,0x40
0x9abbcc,_ZNK2OT18SingleSubstFormat114collect_glyphsEPNS_27hb_collect_glyphs_context_tE,0x214
0x9abde0,_ZN8Databind4Util13ArrayAccessorI7Vector2IfENSt6__ndk16vectorIS3_NS4_9allocatorIS3_EEEEE15addDefaultValueEv,0x78
0x9abe58,_ZN8Databind4Util13ArrayAccessorI6String14LogicArrayListIS2_EE3addEPKS2_,0x5c
0x9abeb4,_ZN8Databind23DefaultObjectTypeTraitsIN11wendelstein21DecelerationComponentEE7destroyEPv,0x18
0x9abecc,_ZN14LogicArrayListIN11SkinPreview5EntryEE14ensureCapacityEi,0x124
0x9abff0,_ZNK8safe_jni15static_propertyIN5titan7android2os5Build13VERSION_CODESEiEcviEv,0xc8
0x9ac0b8,_ZNK22MapEditorModifierPopup15isFadeInEnabledEv,0x8
0x9ac0c0,_ZNSt6__ndk112basic_stringIcNS_11char_traitsIcEENS_9allocatorIcEEED2Ev,0x14
0x9ac0d4,_ZN8Databind23DefaultObjectTypeTraitsIN11wendelstein18SpawnRateComponentEE7destroyEPv,0x18
0x9ac0ec,_ZN4Game6onStopEv,0x10
0x9ac0fc,_ZN8safe_jni8functionIN5titan3com9supercell5titan11SupercellIdEvEclIJbEEEvP8_jobjectDpT_,0x13c
0x9ac238,_ZN17LogicGameListener17notEnoughDiamondsEv,0x4
0x9ac23c,_ZN8Databind4Util13ArrayAccessorINSt6__ndk112basic_stringIcNS2_11char_traitsIcEENS2_9allocatorIcEEEE14LogicArrayListIS8_EE3getEm,0x14
0x9ac250,_ZN8safe_jni4ctorIN5titan7android7content6IntentEEclIJ6StringNS2_3net3UriEEEEP8_jobjectDpT_,0x1c8
0x9ac418,_ZNSt6__ndk120__shared_ptr_pointerIPN8Databind6detail23DatabindAccessorWrapperIfEENS_14default_deleteIS4_EENS_9allocatorIS4_EEE16__on_zero_sharedEv,0x18
0x9ac430,_ZNSt6__ndk16vectorIN9HTTPQueue4ItemENS_9allocatorIS2_EEE21__push_back_slow_pathIRKS2_EEvOT_,0x1a4
0x9ac5d4,_ZNSt6__ndk112basic_stringIwNS_11char_traitsIwEENS_9allocatorIwEEE9__grow_byEmmmmmm,0x11c
0x9ac6f0,_ZN5titan7android2os5Build13VERSION_CODESD0Ev,0x38
0x9ac728,_ZNSt6__ndk19transformIN8nlohmann6detail9iter_implIKNS1_10basic_jsonINS_3mapENS_6vectorENS_12basic_stringIcNS_11char_traitsIcEENS_9allocatorIcEEEEblmdSA_NS1_14adl_serializerEEEEENS_15insert_iteratorINS6_IN2fx4gltf9Animation7SamplerENSA_ISL_EEEEEEZNS2_20from_json_array_implISE_SN_EEDTcmcmcldtfp0_7reserveclsr3stdE7declvalINT0_9size_typeEEEEcldtfp_3getINSQ_10value_typeEEEcvv_EERKT_RSQ_NS2_12priority_tagILj1EEEEUlRSF_E_EESQ_SU_SU_SQ_T1_,0x18c
0x9ac8b4,_ZN2fx4gltf6detail17ReadRequiredFieldINS0_9Animation7Channel6TargetEEEvNSt6__ndk117basic_string_viewIcNS6_11char_traitsIcEEEERKN8nlohmann10basic_jsonINS6_3mapENS6_6vectorENS6_12basic_stringIcS9_NS6_9allocatorIcEEEEblmdSG_NSB_14adl_serializerEEERT_,0x16c
0x9aca20,_ZNKSt6__ndk110__function6__funcIZN11wendelstein16ComponentFactory14addConstructorINS2_18CurlNoiseComponentEEEvvEUlvE_NS_9allocatorIS6_EEFNS_10shared_ptrINS2_17IEmitterComponentEEEvEE6targetERKSt9type_info,0x1c
0x9aca3c,_ZN25LogicAvatarChangeListener18vanityItemUnlockedEPK9LogicData,0x4
0x9aca40,_ZN16BandNotification19getNotificationTypeEv,0x8
0x9aca48,_ZN8Databind4Util13ArrayAccessorI7Vector3IfE14LogicArrayListIS3_EE15addDefaultValueEv,0x7c
0x9acac4,_ZN12scKeyManagerD0Ev,0x3c
0x9acb00,_ZN8Databind4Util17ArrayAccessorBaseI6String14LogicArrayListIS2_EE6setPtrEmPKv,0xc
0x9acb0c,_ZN19QualifyNotification19getNotificationTypeEv,0x8
0x9acb14,_ZN16BaseNotificationD2Ev,0x4
0x9acb18,_ZN37LogicDeviceLinkNewDeviceLinkedMessageD2Ev,0xd0
0x9acbe8,_ZNK11AboutScreen10showTopHUDEv,0x8
0x9acbf0,_ZN12DCT_Upsample3P_QILi5ELi4EE4calcERNS_8Matrix44ES3_PKs,0x228
0x9ace18,_ZNSt6__ndk113__assoc_stateIfE16__on_zero_sharedEv,0x14
0x9ace2c,_ZNSt6__ndk16fill_nINS_6vectorIbNS_9allocatorIbEEEEEEvNS_14__bit_iteratorIT_Lb0EXLi0EEEENS6_9size_typeEb,0x114
0x9acf40,_ZN4asio9execution6detail17any_executor_base13target_objectINS_10io_context19basic_executor_typeINSt6__ndk19allocatorIvEELj4EEEEEPKvRKS2_,0x4
0x9acf44,_ZN8Databind4Util13ArrayAccessorI7Vector2IfE14LogicArrayListIS3_EE4swapEmm,0x24
0x9acf68,_ZN17IFacebookListener19facebookLoginFailedEv,0x4
0x9acf6c,_ZNSt6__ndk1plIcNS_11char_traitsIcEENS_9allocatorIcEEEENS_12basic_stringIT_T0_T1_EERKS9_S6_,0x130
0x9ad09c,_ZN30TriggerStartLatencyTestMessageD0Ev,0xc0
0x9ad15c,_ZN6SCTune8addFloatEPK6CSVRowRK6StringPfPKcP20SCTuneChangeListenerib,0x30
0x9ad18c,_ZNK16DeviceLinkWindow12getPopupTypeEv,0x8
0x9ad194,_ZN17LogicResourceDataD0Ev,0x40
0x9ad1d4,_ZN8Databind23DefaultObjectTypeTraitsIN11wendelstein13DragComponentEED0Ev,0x4
0x9ad1d8,_ZN8Databind4Util13ArrayAccessorI6String14LogicArrayListIS2_EE8capacityEm,0x8
0x9ad1e0,_ZN8nlohmann6detail12out_of_rangeD0Ev,0x38
0x9ad218,_ZN8safe_jni9JavaClass16UpdateJavaObjectEv,0x4
0x9ad21c,_ZN8safe_jni8functionIN5titan3com9supercell5titan11SupercellIdEvEclIJ6StringEEEvP8_jobjectDpT_,0x184
0x9ad3a0,_ZN21LogicBattleModeServerD2Ev,0x34c
0x9ad6ec,_ZN18BezierInterpolatorIfE23setDatabindObjectFieldsEP14DatabindObjectm,0x6ec
0x9addd8,_ZN18AttributionMessage17initializeMembersEv,0x188
0x9adf60,_ZN11wendelstein23MovieClipRendererBucketD0Ev,0x4c
0x9adfac,_ZN41RankedMatchFinalPreparationStartedMessageD0Ev,0xc0
0x9ae06c,_ZN8safe_jni7ConvertIN5titan3com6google7android4play4core6review10ReviewInfoEvE3SigEv,0xd8
0x9ae144,_ZN16LogicOfferBundleD0Ev,0x38
0x9ae17c,_ZN33TencentCheckCanPayResponseMessageD0Ev,0xd0
0x9ae24c,_ZN8Databind23DefaultObjectTypeTraitsIN11wendelstein7Emitter13EmitterParamsEE7destroyEPv,0xa0
0x9ae2ec,_ZN4asio6detail21resolver_service_base16base_notify_forkENS_17execution_context10fork_eventE,0x15c
0x9ae448,_ZN2fx4gltf9from_jsonERKN8nlohmann10basic_jsonINSt6__ndk13mapENS3_6vectorENS3_12basic_stringIcNS3_11char_traitsIcEENS3_9allocatorIcEEEEblmdS9_NS1_14adl_serializerEEERNS0_8MaterialE,0x484
0x9ae8cc,_ZN8Databind4Util17ArrayAccessorBaseI12LogicVector214LogicArrayListIS2_EE10cloneArrayEv,0x68
0x9ae934,_ZNSt6__ndk120__shared_ptr_pointerIP14LogicArrayListIfENS_14default_deleteIS2_EENS_9allocatorIS2_EEE16__on_zero_sharedEv,0x3c
0x9ae970,_ZN19TouchableScrollAreaD2Ev,0x14
0x9ae984,_ZN37AskForPlayingGamecenterFriendsMessageD0Ev,0xc0
0x9aea44,_ZN8Databind4Util13ArrayAccessorI6String14LogicArrayListIS2_EE5clearEv,0xc
0x9aea50,_ZN8Databind4Util13ArrayAccessorIbNSt6__ndk16vectorIbNS2_9allocatorIbEEEEE3getEm,0x34
0x9aea84,_ZN21LogicSkinCampaignDataD0Ev,0x40
0x9aeac4,_ZNSt6__ndk120__bracket_expressionIcNS_12regex_traitsIcEEE17__add_equivalenceERKNS_12basic_stringIcNS_11char_traitsIcEENS_9allocatorIcEEEE,0xe0
0x9aeba4,_ZNKSt6__ndk120__shared_ptr_pointerIPN8Databind23DefaultObjectTypeTraitsIN11wendelstein18SpawnConeComponentEEENS_14default_deleteIS5_EENS_9allocatorIS5_EEE13__get_deleterERKSt9type_info,0x1c
0x9aebc0,_ZN8Databind4Util13ArrayAccessorI7Vector2IfENSt6__ndk16vectorIS3_NS4_9allocatorIS3_EEEEE5eraseEm,0x4c
0x9aec0c,_ZNSt6__ndk16vectorIN22ClientContentValidator8TIDIssueENS_9allocatorIS2_EEE21__push_back_slow_pathIRKS2_EEvOT_,0x1c8
0x9aedd4,_ZN4asio9execution6detail17any_executor_base9prefer_fnINS0_12any_executorIJNS0_12context_as_tIRNS_17execution_contextEEENS1_8blocking7never_tILi0EEENS0_11prefer_onlyINS9_10possibly_tILi0EEEEENSC_INS1_16outstanding_work9tracked_tILi0EEEEENSC_INSG_11untracked_tILi0EEEEENSC_INS1_12relationship6fork_tILi0EEEEENSC_INSN_14continuation_tILi0EEEEEEEENS_10io_context19basic_executor_typeINSt6__ndk19allocatorIvEELj4EEESM_EET_PKvS13_,0x34
0x9aee08,_ZThn8_N10GameObjectD1Ev,0x40
0x9aee48,_ZN20GetPlayerMapsMessageD0Ev,0xc0
0x9aef08,_ZNSt6__ndk110__function6__funcIZN11scTaskQueue3runIZN10SWFTexture11loadTextureIiEEvP12SupercellSWFiiiibbEUlvE_EENS_13invoke_resultIT_JEE4typeESA_EUlvE_NS_9allocatorISD_EEFvvEE18destroy_deallocateEv,0x4
0x9aef0c,_ZN8safe_jni7ConvertIN5titan4java4lang6ObjectEvE12CallFunctionEP10_jmethodIDP8_jobjectz,0xb4
0x9aefc0,_ZN25LogicAvatarChangeListener20debugChangeRankedEloEibi,0x4
0x9aefc4,_ZNSt6__ndk16vectorIN8nlohmann10basic_jsonINS_3mapES0_NS_12basic_stringIcNS_11char_traitsIcEENS_9allocatorIcEEEEblmdS7_NS1_14adl_serializerEEENS7_ISB_EEE24__emplace_back_slow_pathIJDnEEEvDpOT_,0x12c
0x9af0f0,_ZN8safe_jni7ConvertIN5titan3com9supercell5titan7GameAppEvE18CallStaticFunctionEP10_jmethodIDP7_jclassz,0x13c
0x9af22c,_ZN26ChangePlayerMapNameMessageD2Ev,0xc4
0x9af2f0,_ZNK8ShopItem10isFreeItemEv,0x8
0x9af2f8,_ZN4asio9execution6detail17any_executor_base8query_fnINS_10io_context19basic_executor_typeINSt6__ndk19allocatorIvEELj0EEENS0_11prefer_onlyINS1_16outstanding_work9tracked_tILi0EEEEEEEvPvPKvSH_,0x2c
0x9af324,_ZN17SetCountryMessageD0Ev,0xc0
0x9af3e4,_ZNK2OT19ChainContextFormat37closureEPNS_20hb_closure_context_tE,0x23c
0x9af620,_ZN8safe_jni11PrepareArgsIJ6StringS1_S1_S1_EE3valERKS1_S4_S4_S4_,0x148
0x9af768,_ZNK9LogicData12isProjectileEv,0x8
0x9af770,_ZN17IFacebookListener22facebookLinkStatisticsERK22FacebookLinkStatistics,0x4
0x9af774,_ZN8nlohmann10basic_jsonINSt6__ndk13mapENS1_6vectorENS1_12basic_stringIcNS1_11char_traitsIcEENS1_9allocatorIcEEEEblmdS7_NS_14adl_serializerEE5parseIPKcLi0EEESB_T_SF_NS1_8functionIFbiNS_6detail6parserISB_E13parse_event_tERSB_EEEb,0x2a8
0x9afa1c,_ZN14HelpshiftTitan23HelpshiftConnectionImpl7showFAQEv,0x4
0x9afa20,_ZN28ExtendedSetEncryptionMessageD0Ev,0xc0
0x9afae0,_ZN20OpenGLContextAndroidD0Ev,0x24
0x9afb04,_ZNK18BezierInterpolatorIfE5getY1Ev,0x8
0x9afb0c,_ZNK17DebugCountryPopup12getPopupTypeEv,0x8
0x9afb14,_ZNSt6__ndk110__function6__funcIZN10SWFTexture11loadTextureIhEEvP12SupercellSWFiiiibbEUlvE_NS_9allocatorIS6_EEFvvEED0Ev,0x4
0x9afb18,_ZNSt6__ndk16vectorINS_9sub_matchIPKcEENS_9allocatorIS4_EEE6assignEmRKS4_,0x198
0x9afcb0,_ZNSt6__ndk111basic_regexIcNS_12regex_traitsIcEEE7__parseIPKcEET_S7_S7_,0x18c
0x9afe3c,_ZNK10BitmapFont10getTextureEv,0x8
0x9afe44,_ZN4asio9execution6detail17any_executor_base9prefer_fnINS0_12any_executorIJNS0_12context_as_tIRNS_17execution_contextEEENS1_8blocking7never_tILi0EEENS0_11prefer_onlyINS9_10possibly_tILi0EEEEENSC_INS1_16outstanding_work9tracked_tILi0EEEEENSC_INSG_11untracked_tILi0EEEEENSC_INS1_12relationship6fork_tILi0EEEEENSC_INSN_14continuation_tILi0EEEEEEEENS_10io_context19basic_executor_typeINSt6__ndk19allocatorIvEELj4EEEST_EET_PKvS13_,0xa4
0x9afee8,_ZNSt6__ndk120__shared_ptr_pointerIPNS_6vectorI7Vector2IfENS_9allocatorIS3_EEEENS_14default_deleteIS6_EENS4_IS6_EEED0Ev,0x24
0x9aff0c,_ZNSt6__ndk120__shared_ptr_emplaceIN11wendelstein20SpawnPlanarComponentENS_9allocatorIS2_EEE21__on_zero_shared_weakEv,0x4
0x9aff10,_ZNK13scFSLayerBase7getNameEv,0xac
0x9affbc,_ZN26LogicKeyPoolChangedCommandD0Ev,0x4
0x9affc0,_ZN14scPackagedTaskIvE3runEv,0x3c
0x9afffc,_ZN26hb_get_subtables_context_t8apply_toIN2OT18MarkMarkPosFormat1EEEbPKvPNS1_18hb_apply_context_tE,0x4
0x9b0000,_ZNSt6__ndk110__function6__funcIZN11wendelstein16ComponentFactory14addConstructorINS2_20SpawnPlanarComponentEEEvvEUlvE_NS_9allocatorIS6_EEFNS_10shared_ptrINS2_17IEmitterComponentEEEvEEclEv,0x1cc
0x9b01cc,_ZN8nlohmann6detail28json_sax_dom_callback_parserINS_10basic_jsonINSt6__ndk13mapENS3_6vectorENS3_12basic_stringIcNS3_11char_traitsIcEENS3_9allocatorIcEEEEblmdS9_NS_14adl_serializerEEEE11start_arrayEm,0x218
0x9b03e4,_ZN8Databind4Util13ArrayAccessorIb14LogicArrayListIbEE3addEPKb,0x128
0x9b050c,_ZN23SetTeamChatMutedMessageD0Ev,0xc0
0x9b05cc,_ZNK2OT9ChainRule8sanitizeEPNS_21hb_sanitize_context_tE,0x16c
0x9b0738,_ZN8Databind4Util13ArrayAccessorINSt6__ndk112basic_stringIcNS2_11char_traitsIcEENS2_9allocatorIcEEEENS2_6vectorIS8_NS6_IS8_EEEEE15addDefaultValueEv,0x90
0x9b07c8,_ZNKSt6__ndk110__l_anchorIcE6__execERNS_7__stateIcEE,0x40
0x9b0808,_ZN14HelpshiftTitan27HelpshiftConnectionFallback9isVisibleEv,0x8
0x9b0810,_ZN8safe_jni8functionIN5titan3com9supercell5titan19GoogleServiceClientEvEclIJEEEvP8_jobjectDpT_,0x118
0x9b0928,_ZNSt6__ndk112__hash_tableINS_17__hash_value_typeINS_12basic_stringIcNS_11char_traitsIcEENS_9allocatorIcEEEEmEENS_22__unordered_map_hasherIS7_S8_NS_4hashIS7_EELb1EEENS_21__unordered_map_equalIS7_S8_NS_8equal_toIS7_EELb1EEENS5_IS8_EEE25__emplace_unique_key_argsIS7_JRKNS_4pairIKS7_mEEEEENSK_INS_15__hash_iteratorIPNS_11__hash_nodeIS8_PvEEEEbEERKT_DpOT0_,0x360
0x9b0c88,_ZN5lzham12lzcompressor5stateaSERKS1_,0x3dc
0x9b1064,_ZN14LogicArrayListI15GameFontMappingE14ensureCapacityEi,0x118
0x9b117c,_ZN8Databind4Util13ArrayAccessorIi14LogicArrayListIiEE8setArrayEPv,0x8
0x9b1184,_ZN2fx4gltf6detail17ReadOptionalFieldINSt6__ndk16vectorINS0_8MaterialENS3_9allocatorIS5_EEEEEEvNS3_17basic_string_viewIcNS3_11char_traitsIcEEEERKN8nlohmann10basic_jsonINS3_3mapES4_NS3_12basic_stringIcSB_NS6_IcEEEEblmdS6_NSD_14adl_serializerEEERT_,0x138
0x9b12bc,_ZN16DropGUIContainer10inputEndedEP14GameInputField,0x4
0x9b12c0,_ZN11wendelstein17MovieClipRenderer6Params23setDatabindObjectFieldsEP14DatabindObjectm,0xb48
0x9b1e08,_ZNSt6__ndk112basic_stringIcNS_11char_traitsIcEENS_9allocatorIcEEEC2ERKS5_mmRKS4_,0xc0
0x9b1ec8,_ZN8Databind23DefaultObjectTypeTraitsIN11wendelstein20MovieClipEmitterDataEED0Ev,0x4
0x9b1ecc,_ZN10SCTuneImpl7onStartEP10Connection,0x4
0x9b1ed0,_ZNK24AllianceEventStreamEntry18getStreamEntryTypeEv,0x8
0x9b1ed8,_ZN8Databind15DatabindReflectIN11wendelstein19AbstractEmitterDataEED0Ev,0x4
0x9b1edc,_ZN11wendelstein20MovieClipEmitterData23setDatabindObjectFieldsEP14DatabindObjectm,0x320
0x9b21fc,_ZNK17UnlockAccountMenu10showTopHUDEv,0x8
0x9b2204,_ZN13DebugMenuBase22debugMenuButtonPressedEP15DebugMenuButton,0x4
0x9b2208,_ZN8Databind4Util13ArrayAccessorI12LogicVector3NSt6__ndk16vectorIS2_NS3_9allocatorIS2_EEEEE6resizeEm,0x40
0x9b2248,_ZNK16ClanMessagePopup12getPopupTypeEv,0x8
0x9b2250,_ZNSt6__ndk120__shared_ptr_emplaceIN11wendelstein21DecelerationComponentENS_9allocatorIS2_EEE21__on_zero_shared_weakEv,0x4
0x9b2254,_ZNSt6__ndk16__treeINS_12__value_typeINS_12basic_stringIcNS_11char_traitsIcEENS_9allocatorIcEEEEiEENS_19__map_value_compareIS7_S8_N8Databind16DatabindEnumBase7CaseCmpELb1EEENS5_IS8_EEE12__find_equalIS7_EERPNS_16__tree_node_baseIPvEENS_21__tree_const_iteratorIS8_PNS_11__tree_nodeIS8_SI_EElEERPNS_15__tree_end_nodeISK_EESL_RKT_,0x29c
0x9b24f0,_ZNKSt6__ndk110__function6__funcIZN11scTaskQueue3runIZN10SWFTexture21loadDownscaledTextureIiEEvP12SupercellSWFiiiibbEUlvE_EENS_13invoke_resultIT_JEE4typeESA_EUlvE_NS_9allocatorISD_EEFvvEE6targetERKSt9type_info,0x1c
0x9b250c,_ZN11SCIDManager29purchasesReceivedNotificationEiP15SCIDShopProduct,0x4
0x9b2510,_ZZN8nlohmann6detail20from_json_array_implINS_10basic_jsonINSt6__ndk13mapENS3_6vectorENS3_12basic_stringIcNS3_11char_traitsIcEENS3_9allocatorIcEEEEblmdS9_NS_14adl_serializerEEENS5_IN2fx4gltf4MeshENS9_ISG_EEEEEEDTcmcmcldtfp0_7reserveclsr3stdE7declvalINT0_9size_typeEEEEcldtfp_3getINSJ_10value_typeEEEcvv_EERKT_RSJ_NS0_12priority_tagILj1EEEENKUlRKSD_E_clESU_,0x168
0x9b2678,_ZN22SelectLocationShortcutD2Ev,0x18
0x9b2690,_ZN8Databind4Util13ArrayAccessorI12LogicVector3NSt6__ndk16vectorIS2_NS3_9allocatorIS2_EEEEE3addEPKS2_,0x128
0x9b27b8,_ZNSt6__ndk119__throw_regex_errorILNS_15regex_constants10error_typeE1EEEvv,0xc
0x9b27c4,_ZN15ApiTokenMessageD2Ev,0xd0
0x9b2894,_ZNSt6__ndk120__shared_ptr_pointerIPN8Databind23DefaultObjectTypeTraitsIN11wendelstein24TangentVelocityComponentEEENS_14default_deleteIS5_EENS_9allocatorIS5_EEE21__on_zero_shared_weakEv,0x4
0x9b2898,_ZN23LogicHomeChangeListener14gatchaFinishedEP14LogicArrayListIP12DeliveryUnitE,0x4
0x9b289c,_ZNK18SeasonRewardsPopup15showResourceHUDEv,0x8
0x9b28a4,_ZN8safe_jni15static_functionIN5titan3com9supercell5titan7tencent11MSDKManagerEvEclIJEEEvDpT_,0x138
0x9b29dc,_ZNKSt6__ndk110__function6__funcIZN11wendelstein16ComponentFactory14addConstructorINS2_20SpawnPlanarComponentEEEvvEUlvE_NS_9allocatorIS6_EEFNS_10shared_ptrINS2_17IEmitterComponentEEEvEE11target_typeEv,0xc
0x9b29e8,_ZN8safe_jni15static_functionIN5titan3com9supercell5titan19ApplicationUtilBaseEiEclIJEEEiDpT_,0x138
0x9b2b20,_ZN25PepperPerMessageEncrypterD0Ev,0x18
0x9b2b38,_ZN12AllianceEdit24canDisplayTeamInvitationEv,0x8
0x9b2b40,_ZN8Databind23DefaultObjectTypeTraitsIN11wendelstein15VortexComponentEE6assignEPvPKv,0x2c
0x9b2b6c,_ZN5tween6EasingD2Ev,0x4
0x9b2b70,_ZN22BattleEndPreviewButtonD0Ev,0x3c
0x9b2bac,_ZNK13scFSLayerBase12getLayerPathEv,0x8
0x9b2bb4,_ZNK22LogicGemOfferContainer14getCountInTypeEi,0x8
0x9b2bbc,_ZN26AppleBillingRequestMessageD0Ev,0xe8
0x9b2ca4,_ZN4asio9execution6detail17any_executor_base10execute_exINS_10io_context19basic_executor_typeINSt6__ndk19allocatorIvEELj4EEEEEvRKS2_ONS_6detail17executor_functionE,0x8
0x9b2cac,_ZN8safe_jni15static_functionIN5titan3com9supercell5titan23NativeHTTPClientManagerEiEclIJ6StringS8_NSt6__ndk16vectorISt4byteNS9_9allocatorISB_EEEEEEEiDpT_,0x250
0x9b2efc,_ZNSt6__ndk110__function6__funcIZN11wendelstein16ComponentFactory14addConstructorINS2_13DragComponentEEEvvEUlvE_NS_9allocatorIS6_EEFNS_10shared_ptrINS2_17IEmitterComponentEEEvEE7destroyEv,0x4
0x9b2f00,_ZN25AskForAllianceDataMessageD0Ev,0xc0
0x9b2fc0,_ZNSt6__ndk16vectorIN11wendelstein11SpriteSheet5FrameENS_9allocatorIS3_EEE24__emplace_back_slow_pathIJS3_EEEvDpOT_,0x178
0x9b3138,_ZN8safe_jni15static_functionIN5titan3com9supercell5titan22VirtualKeyboardHandlerEvEclIJEEEvDpT_,0x138
0x9b3270,_ZN4asio9execution6detail17any_executor_base9prefer_fnINS0_12any_executorIJNS0_12context_as_tIRNS_17execution_contextEEENS1_8blocking7never_tILi0EEENS0_11prefer_onlyINS9_10possibly_tILi0EEEEENSC_INS1_16outstanding_work9tracked_tILi0EEEEENSC_INSG_11untracked_tILi0EEEEENSC_INS1_12relationship6fork_tILi0EEEEENSC_INSN_14continuation_tILi0EEEEEEEEvSB_EET_PKvSX_,0x50
0x9b32c0,_ZN8Databind23DefaultObjectTypeTraitsIN11wendelstein22SpawnLocationComponentEED0Ev,0x4
0x9b32c4,_ZNSt6__ndk16vectorIN11wendelstein21MovieClipRendererData11BucketRangeENS_9allocatorIS3_EEE24__emplace_back_slow_pathIJiiiEEEvDpOT_,0x10c
0x9b33d0,_ZN22SkinPreviewThemeButtonD0Ev,0x24
0x9b33f4,_ZN8safe_jni7ConvertIN5titan4java4lang6ObjectEvE3SigEv,0xd8
0x9b34cc,_ZNKSt6__ndk120__shared_ptr_pointerIP14LogicArrayListI12LogicVector3ENS_14default_deleteIS3_EENS_9allocatorIS3_EEE13__get_deleterERKSt9type_info,0x1c
0x9b34e8,_ZNSt6__ndk110__function6__funcIZN8Databind8Migrator16addMigrationStepIN11wendelstein12old_versions15EmitterParamsV0ENS5_7Emitter13EmitterParamsEEEviNS_8functionIFvRT_RT0_EEEEUlPvSH_E_NS_9allocatorISI_EEFvSH_SH_EEclEOSH_SN_,0x10
0x9b34f8,_ZNKSt6__ndk120__shared_ptr_pointerIPN8Databind16ObjectTypeTraitsENS_14default_deleteIS2_EENS_9allocatorIS2_EEE13__get_deleterERKSt9type_info,0x1c
0x9b3514,_ZN8Databind4Util13ArrayAccessorI7Vector2IfE14LogicArrayListIS3_EE6resizeEm,0x11c
0x9b3630,_ZNKSt6__ndk110__function6__funcIZN11wendelstein16ComponentFactory14addConstructorINS2_15VortexComponentEEEvvEUlvE_NS_9allocatorIS6_EEFNS_10shared_ptrINS2_17IEmitterComponentEEEvEE6targetERKSt9type_info,0x1c
0x9b364c,_ZNK2OT8OffsetToINS_13MarkGlyphSetsENS_7IntTypeItLj2EEEE8sanitizeEPNS_21hb_sanitize_context_tEPKv,0x138
0x9b3784,_ZNSt6__ndk110__function6__funcIZN11wendelstein16ComponentFactory14addConstructorINS2_13DragComponentEEEvvEUlvE_NS_9allocatorIS6_EEFNS_10shared_ptrINS2_17IEmitterComponentEEEvEEclEv,0x8c
0x9b3810,_ZN31SinglePlayerMatchRequestMessageD0Ev,0xc0
0x9b38d0,_ZN11wendelstein17IEmitterComponent11applyForcesEPNS_8ParticleES2_P7Vector3IfES5_ff,0x4
0x9b38d4,_ZN11SCIDManager15avatarImageDataEPhmmm6String,0x4
0x9b38d8,_ZN26hb_get_subtables_context_t8apply_toIN2OT19ChainContextFormat3EEEbPKvPNS1_18hb_apply_context_tE,0x4
0x9b38dc,_ZNSt6__ndk16vectorI11TencentUserNS_9allocatorIS1_EEE7reserveEm,0x180
0x9b3a5c,_ZN25LogicCooldownAddedCommandD0Ev,0x4
0x9b3a60,_ZN11wendelstein18SpawnRateComponent4nameEv,0x2c
0x9b3a8c,_ZN26QuickChatMessageOptionBaseD0Ev,0x34
0x9b3ac0,_ZNSt6__ndk112__hash_tableINS_17__hash_value_typeIPvS2_EENS_22__unordered_map_hasherIS2_S3_NS_4hashIS2_EELb1EEENS_21__unordered_map_equalIS2_S3_NS_8equal_toIS2_EELb1EEENS_9allocatorIS3_EEE25__emplace_unique_key_argsIS2_JRKNS_21piecewise_construct_tENS_5tupleIJRKS2_EEENSJ_IJEEEEEENS_4pairINS_15__hash_iteratorIPNS_11__hash_nodeIS3_S2_EEEEbEERKT_DpOT0_,0x268
0x9b3d28,_ZN4asio6detail28reactive_socket_service_base5closeERNS1_24base_implementation_typeERNSt6__ndk110error_codeE,0x104
0x9b3e2c,_ZN11RevokePopupD0Ev,0x24
0x9b3e50,_ZN8safe_jni8functionIN5titan3com9supercell5titan7GameAppENS4_17GL2JNISurfaceViewEEclIJEEES6_P8_jobjectDpT_,0x120
0x9b3f70,_ZNSt6__ndk110__function6__funcIZN11wendelstein16ComponentFactory14addConstructorINS2_15GroundComponentEEEvvEUlvE_NS_9allocatorIS6_EEFNS_10shared_ptrINS2_17IEmitterComponentEEEvEE18destroy_deallocateEv,0x4
0x9b3f74,_ZN8safe_jni7ConvertIN5titan7android5media11MediaPlayer18OnPreparedListenerEvE3SigEv,0xd8
0x9b404c,_ZNK9DebugMenu11getMenuTypeEv,0x8
0x9b4054,_ZN8Databind4Util13ArrayAccessorI12LogicVector3NSt6__ndk16vectorIS2_NS3_9allocatorIS2_EEEEE5clearEv,0x10
0x9b4064,_ZNSt6__ndk120__shared_ptr_pointerIPvN4asio6detail10socket_ops12noop_deleterENS_9allocatorIvEEED0Ev,0x24
0x9b4088,_ZNK10BitmapFont11getAscenderEv,0x20
0x9b40a8,_ZN17AvatarStreamEntry15updateStateFromEPS_,0x4
0x9b40ac,_ZN8nlohmanneqERKNS_10basic_jsonINSt6__ndk13mapENS1_6vectorENS1_12basic_stringIcNS1_11char_traitsIcEENS1_9allocatorIcEEEEblmdS7_NS_14adl_serializerEEESD_,0x254
0x9b4300,_ZNK15scFileImpl_Mmap15getMemoryHandleEv,0x8
0x9b4308,_ZThn8_NK17OnlineFriendsList7getSideEv,0x10
0x9b4318,_ZNSt6__ndk120__shared_ptr_emplaceIN11wendelstein13DragComponentENS_9allocatorIS2_EEE16__on_zero_sharedEv,0xc
0x9b4324,_ZN22ResourceDataLoaderImplI17ResourceDataMusicED0Ev,0x8c
0x9b43b0,_ZN8safe_jni8functionIN5titan3com9supercell5titan12TitanWebViewEvEclIJfffffffbEEEvP8_jobjectDpT_,0x24c
0x9b45fc,_ZN19UIListLayoutManagerD2Ev,0x4
0x9b4600,_ZN8Databind4Util17ArrayAccessorBaseIb14LogicArrayListIbEE6getPtrEm,0xc
0x9b460c,_ZN23LogicHomeChangeListener18offerStatesChangedEb,0x4
0x9b4610,_ZN10scDataTreeIN8Databind16DatabindTreeNodeELc46EE21getOrCreateParentNodeEPS1_RKNSt6__ndk112basic_stringIcNS4_11char_traitsIcEENS4_9allocatorIcEEEE,0x168
0x9b4778,_ZN4asio6detail28reactive_socket_send_op_baseINS_15const_buffers_1EE10do_performEPNS0_10reactor_opE,0x5c
0x9b47d4,_ZN17LogicGameListener26onBrawlPassProgressDonatedEii,0x4
0x9b47d8,_ZN24LaserParticleEmitterData20getDatabindObjectDefEv,0x310
0x9b4ae8,_ZN13scFSLayerBaseD2Ev,0x5c
0x9b4b44,_ZN22HeroRewardNotificationD0Ev,0x4
0x9b4b48,_ZNK18DeliveryCardsPopup15showResourceHUDEv,0x8
0x9b4b50,_ZN8nlohmann6detail20from_json_array_implINS_10basic_jsonINSt6__ndk13mapENS3_6vectorENS3_12basic_stringIcNS3_11char_traitsIcEENS3_9allocatorIcEEEEblmdS9_NS_14adl_serializerEEENS5_INS3_13unordered_mapISB_jNS3_4hashISB_EENS3_8equal_toISB_EENS9_INS3_4pairIKSB_jEEEEEENS9_ISN_EEEEEEDTcmcmcldtfp0_7reserveclsr3stdE7declvalINT0_9size_typeEEEEcldtfp_3getINSQ_10value_typeEEEcvv_EERKT_RSQ_NS0_12priority_tagILj1EEE,0x100
0x9b4c50,_ZN27LogicPlayerRankedSeasonDataD2Ev,0x38
0x9b4c88,_ZN18scFSLayerDirectoryD0Ev,0x24
0x9b4cac,_ZNKSt6__ndk110__function6__funcIZN8Databind8Migrator16addMigrationStepIN11wendelstein12old_versions15EmitterParamsV0ENS5_7Emitter13EmitterParamsEEEviNS_8functionIFvRT_RT0_EEEEUlPvSH_E_NS_9allocatorISI_EEFvSH_SH_EE7__cloneEv,0x7c
0x9b4d28,_ZNSt6__ndk120__shared_ptr_pointerIP14LogicArrayListI6StringENS_14default_deleteIS3_EENS_9allocatorIS3_EEE16__on_zero_sharedEv,0x70
0x9b4d98,_ZN26LogicLocalNotificationDataD2Ev,0x8c
0x9b4e24,_ZNSt6__ndk16vectorIN2fx4gltf10BufferViewENS_9allocatorIS3_EEE12__move_rangeEPS3_S7_S7_,0x16c
0x9b4f90,_ZNSt6__ndk120__shared_ptr_emplaceIN11wendelstein20SpawnPlanarComponentENS_9allocatorIS2_EEED2Ev,0x4
0x9b4f94,_ZNKSt6__ndk120__shared_ptr_pointerIPN8Databind23DefaultObjectTypeTraitsIN11wendelstein12EmitterBurstEEENS_14default_deleteIS5_EENS_9allocatorIS5_EEE13__get_deleterERKSt9type_info,0x1c
0x9b4fb0,_ZNSt6__ndk16vectorINS_13unordered_mapINS_12basic_stringIcNS_11char_traitsIcEENS_9allocatorIcEEEEjNS_4hashIS7_EENS_8equal_toIS7_EENS5_INS_4pairIKS7_jEEEEEENS5_ISG_EEE7reserveEm,0x1c0
0x9b5170,_ZN15LogicJSONObjectD0Ev,0x84
0x9b51f4,_ZNK11wendelstein19SpawnBurstComponent11getCategoryEv,0x8
0x9b51fc,_ZN23AllianceStreamContainer19inputFieldOkPressedEP14GameInputField,0xc
0x9b5208,_ZNSt6__ndk16vectorINS_12basic_stringIcNS_11char_traitsIcEENS_9allocatorIcEEEENS4_IS6_EEE21__push_back_slow_pathIS6_EEvOT_,0x15c
0x9b5364,_ZN28NameChangeConfirmationScreen16getSubScreenTypeEv,0x8
0x9b536c,_ZNK20scCryptoStreamFilter13getFilterNameEv,0xc
0x9b5378,_ZNSt6__ndk16vectorINS_12basic_stringIcNS_11char_traitsIcEENS_9allocatorIcEEEENS4_IS6_EEE6insertENS_11__wrap_iterIPKS6_EEOS6_,0x364
0x9b56dc,_ZNSt6__ndk110__function6__baseIFvbPKN8linecorp4nova5graph5model21ProfilePagingResponseEPKNS3_5ErrorEEED2Ev,0x4
0x9b56e0,_ZN21BoxRewardNotificationD0Ev,0x4
0x9b56e4,_ZN4asio9execution6detail17any_executor_base9prefer_fnINS0_12any_executorIJNS0_12context_as_tIRNS_17execution_contextEEENS1_8blocking7never_tILi0EEENS0_11prefer_onlyINS9_10possibly_tILi0EEEEENSC_INS1_16outstanding_work9tracked_tILi0EEEEENSC_INSG_11untracked_tILi0EEEEENSC_INS1_12relationship6fork_tILi0EEEEENSC_INSN_14continuation_tILi0EEEEEEEENS_10io_context19basic_executor_typeINSt6__ndk19allocatorIvEELj0EEES8_EET_PKvS13_,0x24
0x9b5708,_ZNK6icu_5818KeywordEnumeration5countER10UErrorCode,0x4c
0x9b5754,_ZNK25ChinaLoginExtraTermsPopup28allowClosingFromModalTappingEv,0x8
0x9b575c,_ZN11wendelstein15GroundComponent4nameEv,0x2c
0x9b5788,_ZN23AttributionEventMessageD2Ev,0x114
0x9b589c,_ZN36SkinPreviewModelTransformationButtonD0Ev,0x24
0x9b58c0,_ZN29SkinPreviewClearPreviewButtonD0Ev,0x24
0x9b58e4,_ZN5titan4java4lang6StringD0Ev,0x38
0x9b591c,_ZN20LogicItemSeenCommandD0Ev,0x4
0x9b5920,_ZNK2OT19ChainContextFormat214collect_glyphsEPNS_27hb_collect_glyphs_context_tE,0x1a0
0x9b5ac0,_ZN6icu_5815MaybeStackArrayIcLi40EE6resizeEii,0x9c
0x9b5b5c,_ZN16UIEmptyMovieClipD2Ev,0x10
0x9b5b6c,_ZNSt6__ndk16__treeINS_12__value_typeINS_12basic_stringIcNS_11char_traitsIcEENS_9allocatorIcEEEEP18scAbstractTreeNodeEENS_19__map_value_compareIS7_SA_NS_4lessIS7_EELb1EEENS5_ISA_EEE12__find_equalIS7_EERPNS_16__tree_node_baseIPvEENS_21__tree_const_iteratorISA_PNS_11__tree_nodeISA_SJ_EElEERPNS_15__tree_end_nodeISL_EESM_RKT_,0x2dc
0x9b5e48,_ZNKSt6__ndk120__shared_ptr_pointerIPN8Databind23DefaultObjectTypeTraitsIN11wendelstein17MovieClipRenderer6ParamsEEENS_14default_deleteIS6_EENS_9allocatorIS6_EEE13__get_deleterERKSt9type_info,0x1c
0x9b5e64,_ZNSt6__ndk120__shared_ptr_pointerIPN8Databind6detail23DatabindAccessorWrapperIfEENS_14default_deleteIS4_EENS_9allocatorIS4_EEE21__on_zero_shared_weakEv,0x4
0x9b5e68,_ZNSt6__ndk112basic_stringIcNS_11char_traitsIcEENS_9allocatorIcEEE7reserveEm,0x134
0x9b5f9c,_ZNK8safe_jni8propertyIN5titan7android7content2pm11PackageInfoENS4_11SigningInfoEEcvS6_Ev,0xbc
0x9b6058,_ZN31LogicTransactionsRevokedCommandD0Ev,0x4
0x9b605c,_ZN17LogicDebugCommandD0Ev,0x30
0x9b608c,_ZN27HomeBattleReplayDataMessageD0Ev,0xc0
0x9b614c,_ZNSt6__ndk16vectorIjNS_9allocatorIjEEE6insertENS_11__wrap_iterIPKjEEOj,0x284
0x9b63d0,_ZNK21SpeechBubbleCharacter16isFadeOutEnabledEv,0x8
0x9b63d8,_ZN14LogicReflectorD0Ev,0x4
0x9b63dc,_ZN8Databind4Util13ArrayAccessorI6String14LogicArrayListIS2_EE8setArrayEPv,0x8
0x9b63e4,_ZN8Databind4Util17ArrayAccessorBaseIbNSt6__ndk16vectorIbNS2_9allocatorIbEEEEE6getPtrEm,0xc
0x9b63f0,_ZNKSt6__ndk110__function6__funcIZN11wendelstein16ComponentFactory14addConstructorINS2_18SpawnRateComponentEEEvvEUlvE_NS_9allocatorIS6_EEFNS_10shared_ptrINS2_17IEmitterComponentEEEvEE11target_typeEv,0xc
0x9b63fc,_ZN11wendelstein15GroundComponent20getDatabindObjectDefEv,0x310
0x9b670c,_ZN30SkinPreviewResetRotationButtonD0Ev,0x24
0x9b6730,_ZN27ChatAccountBanStatusMessage18getServiceNodeTypeEv,0x8
0x9b6738,_ZN6SCTune9addStringEPK6CSVRowRK6StringPS3_PKcP20SCTuneChangeListenerib,0x30
0x9b6768,_ZN17scFSLayerPackfileD2Ev,0x90
0x9b67f8,_ZN8safe_jni8functionIN5titan3com9supercell5titan17GL2JNISurfaceViewENS1_7android4view9ViewGroup12LayoutParamsEEclIJEEES9_P8_jobjectDpT_,0x120
0x9b6918,_ZN22LogicQuestsSeenCommandD0Ev,0x4
0x9b691c,_ZNK6icu_5820DecomposeNormalizer217spanQuickCheckYesEPKtS2_R10UErrorCode,0x10
0x9b692c,_ZNKSt6__ndk110__function6__funcIZN8Databind8Migrator16addMigrationStepIN11wendelstein12old_versions15EmitterParamsV0ENS5_7Emitter13EmitterParamsEEEviNS_8functionIFvRT_RT0_EEEEUlvE_NS_9allocatorISH_EEFNS_10unique_ptrIvPFvPvEEEvEE6targetERKSt9type_info,0x1c
0x9b6948,_ZN8safe_jni8functionIN5titan7android5media11MediaPlayerEvEclIJNS1_4java2io14FileDescriptorEllEEEvP8_jobjectDpT_,0x190
0x9b6ad8,_ZN8Databind4Util13ArrayAccessorI12LogicVector314LogicArrayListIS2_EED0Ev,0x4
0x9b6adc,_ZN4asio6detail28reactive_socket_service_base16start_connect_opERNS1_24base_implementation_typeEPNS0_10reactor_opEbPK8sockaddrm,0x19c
0x9b6c78,_ZN11wendelstein22SpawnVelocityComponent5cloneEv,0xbc
0x9b6d34,_ZN23LogicHomeChangeListener32esportsNotificationExpiryChangedEi,0x4
0x9b6d38,_ZN4asio9execution6detail17any_executor_base10require_fnINS0_12any_executorIJNS0_12context_as_tIRNS_17execution_contextEEENS1_8blocking7never_tILi0EEENS0_11prefer_onlyINS9_10possibly_tILi0EEEEENSC_INS1_16outstanding_work9tracked_tILi0EEEEENSC_INSG_11untracked_tILi0EEEEENSC_INS1_12relationship6fork_tILi0EEEEENSC_INSN_14continuation_tILi0EEEEEEEENS_10io_context19basic_executor_typeINSt6__ndk19allocatorIvEELj4EEESM_EET_PKvS13_,0x24
0x9b6d5c,_ZNSt6__ndk16vectorI19scBezierPathSubpathNS_9allocatorIS1_EEE24__emplace_back_slow_pathIJS1_EEEvDpOT_,0x168
0x9b6ec4,_ZN17IFacebookListener21facebookFriendsFailedEv,0x4
0x9b6ec8,_ZNK15PepperEncrypter21getEncryptionOverheadEv,0xc
0x9b6ed4,_ZNK6Sprite8isSpriteEv,0x8
0x9b6edc,_ZNSt6__ndk120__shared_ptr_pointerIPN8Databind23DefaultObjectTypeTraitsIN11wendelstein21SimpleGroundComponentEEENS_14default_deleteIS5_EENS_9allocatorIS5_EEED0Ev,0x24
0x9b6f00,_ZNSt6__ndk127__insertion_sort_incompleteIRPFbRKN11RenderQueue5ChunkES4_EPS2_EEbT0_S9_T_,0x724
0x9b7624,_ZN27LogicUnlockFreeSkinsCommandD2Ev,0x14
0x9b7638,_ZN8Databind23DefaultObjectTypeTraitsIN11wendelstein15GroundComponentEE9constructEv,0x7c
0x9b76b4,_ZNK2OT19SubstLookupSubTable8dispatchINS_20hb_closure_context_tEEENT_8return_tEPS3_j,0x178
0x9b782c,_ZN4asio9execution6detail17any_executor_base10equal_voidERKS2_S4_,0x8
0x9b7834,_ZNK10ScoresPage15getGlobalScrollEv,0x8
0x9b783c,_ZN4asio21invalid_service_ownerD0Ev,0x24
0x9b7860,_ZN23TeamGameStartingMessageD0Ev,0xc0
0x9b7920,_ZNSt6__ndk120__shared_ptr_pointerIPN8Databind23DefaultObjectTypeTraitsIN11wendelstein15GroundComponentEEENS_14default_deleteIS5_EENS_9allocatorIS5_EEE21__on_zero_shared_weakEv,0x4
0x9b7924,_ZN11wendelstein17MovieClipRenderer6insertERNS_7EmitterEiRNS_8ParticleEf,0x1c8
0x9b7aec,_ZNK22ResourceDataLoaderImplI15ResourceDataCSVE7getTypeEv,0x8
0x9b7af4,_ZNSt6__ndk110__function6__funcIZN11wendelstein16ComponentFactory14addConstructorINS2_15GroundComponentEEEvvEUlvE_NS_9allocatorIS6_EEFNS_10shared_ptrINS2_17IEmitterComponentEEEvEE7destroyEv,0x4
0x9b7af8,_ZN8safe_jni15static_functionIN5titan3com9supercell5titan7tencent11MSDKManagerEvEclIJ6StringS9_S9_S9_S9_NSt6__ndk16vectorISt4byteNSA_9allocatorISC_EEEES9_EEEvDpT_,0x260
0x9b7d58,_ZN14HelpshiftTitan27HelpshiftConnectionFallback19setMetadataCallbackEv,0x4
0x9b7d5c,_ZN2OT27hb_collect_glyphs_context_tC2EP9hb_face_tP8hb_set_tS4_S4_S4_j,0xd8
0x9b7e34,_ZNSt6__ndk120__shared_ptr_emplaceI14scPackagedTaskIvENS_9allocatorIS2_EEED0Ev,0x8c
0x9b7ec0,_ZN21LogicProjectileClientD0Ev,0x4
0x9b7ec4,_ZN8nlohmann10basic_jsonINSt6__ndk13mapENS1_6vectorENS1_12basic_stringIcNS1_11char_traitsIcEENS1_9allocatorIcEEEEblmdS7_NS_14adl_serializerEEixIKcEERSB_PT_,0x188
0x9b804c,_ZN8Databind17DatabindTableBaseIN11wendelstein19AbstractEmitterDataEED0Ev,0x8
0x9b8054,_ZN9InputTool13touchReleasedERK5Touch,0x8
0x9b805c,_ZNSt6__ndk120__shared_ptr_pointerIPNS_6vectorI7Vector2IfENS_9allocatorIS3_EEEENS_14default_deleteIS6_EENS4_IS6_EEE16__on_zero_sharedEv,0x40
0x9b809c,_ZNSt6__ndk118__match_char_icaseIcNS_12regex_traitsIcEEED0Ev,0x54
0x9b80f0,_ZN27YoozooOrderAvailableMessageD2Ev,0x120
0x9b8210,_ZNK11SCIDManager25isSelfHelpPortalAvailableEv,0x8
0x9b8218,_ZN4asio6detail31reactive_socket_connect_op_base10do_performEPNS0_10reactor_opE,0xf0
0x9b8308,_ZNK19LogicAreaEffectData12isAreaEffectEv,0x8
0x9b8310,_ZN8Databind23DefaultObjectTypeTraitsIN11wendelstein15VortexComponentEE9constructEv,0x60
0x9b8370,_ZN36AskForPlayingSupercellFriendsMessageD0Ev,0xc0
0x9b8430,_ZN20FreeTextNotificationD0Ev,0x4
0x9b8434,_ZNSt6__ndk110__r_anchorIcED0Ev,0x40
0x9b8474,_ZN14PiranhaMessageD0Ev,0x4
0x9b8478,_ZNSt6__ndk120__shared_ptr_pointerIP14LogicArrayListINS_12basic_stringIcNS_11char_traitsIcEENS_9allocatorIcEEEEENS_14default_deleteIS8_EENS5_IS8_EEED0Ev,0x24
0x9b849c,_ZN21DeviceLinkErrorScreen16getSubScreenTypeEv,0x8
0x9b84a4,_ZN8safe_jni4ctorIN5titan3com9supercell5titan12TitanWebViewEEclIJEEEP8_jobjectDpT_,0xb4
0x9b8558,_ZNKSt6__ndk117__repeat_one_loopIcE6__execERNS_7__stateIcEE,0x14
0x9b856c,_ZN5tween4BackD0Ev,0x4
0x9b8570,_ZN8ShopItem8setTimerERK6String,0x4
0x9b8574,_ZNK11BasePageGUI27isCurrentPageBlockingScrollEv,0x8
0x9b857c,_ZNK19LogicProjectileData12isProjectileEv,0x8
0x9b8584,_ZNSt6__ndk120__shared_ptr_emplaceIN11wendelstein18SpawnConeComponentENS_9allocatorIS2_EEED2Ev,0x4
0x9b8588,_ZN26LogicLocalNotificationDataD0Ev,0x98
0x9b8620,_ZNK14GameObjectBase15getBonePositionERK6StringRfS3_S3_S3_,0x8
0x9b8628,_ZN13TeamChatInput11refreshTextEv,0x4
0x9b862c,_ZNK10PlayerInfo12isScrollableEv,0x8
0x9b8634,_ZN17LogicGameListener10troopAddedEv,0x4
0x9b8638,_ZN14HelpshiftTitan23HelpshiftConnectionImpl11setMetadataERK6StringS3_,0xc
0x9b8644,_ZNSt6__ndk16vectorIN11wendelstein23MovieClipRendererBucket9GPUVertexENS_9allocatorIS3_EEE12emplace_backIJRS3_EEES8_DpOT_,0x124
0x9b8768,_ZN2fx4gltf9AnimationaSEOS1_,0x1b8
0x9b8920,_ZN7_JNIEnv9NewObjectEP7_jclassP10_jmethodIDz,0x70
0x9b8990,_ZN8Databind6detail12getClassNameEPKc,0x4f8
0x9b8e88,_ZN15ChecksumEncoderD2Ev,0x4
0x9b8e8c,_ZNSt6__ndk111basic_regexIcNS_12regex_traitsIcEEE18__parse_nondupl_REIPKcEET_S7_S7_,0x1f8
0x9b9084,_ZNSt6__ndk120__shared_ptr_pointerIPN8Databind23DefaultObjectTypeTraitsIN11wendelstein15SpringComponentEEENS_14default_deleteIS5_EENS_9allocatorIS5_EEE21__on_zero_shared_weakEv,0x4
0x9b9088,_ZN11wendelstein18CurlNoiseComponent4nameEv,0x2c
0x9b90b4,_ZN21LaserSCWObjectFactoryD0Ev,0x4
0x9b90b8,_ZThn368_N17OnlineTeamupPopup12onInviteDoneEv,0x10
0x9b90c8,_ZNSt6__ndk16__treeINS_12__value_typeINS_12basic_stringIcNS_11char_traitsIcEENS_9allocatorIcEEEEiEENS_19__map_value_compareIS7_S8_N8nlohmann16fifo_map_compareIS7_EELb0EEENS5_IS8_EEE7destroyEPNS_11__tree_nodeIS8_PvEE,0x50
0x9b9118,_ZNSt6__ndk112__hash_tableINS_17__hash_value_typeIPvPKcEENS_22__unordered_map_hasherIS2_S5_NS_4hashIS2_EELb1EEENS_21__unordered_map_equalIS2_S5_NS_8equal_toIS2_EELb1EEENS_9allocatorIS5_EEE6rehashEm,0xe4
0x9b91fc,_ZTv0_n24_NSt6__ndk119basic_istringstreamIcNS_11char_traitsIcEENS_9allocatorIcEEED1Ev,0x7c
0x9b9278,_ZN17LogicGameListener19updateAgeGateStatusEv,0x4
0x9b927c,_Z8readTileIhEvP12SupercellSWFiiibiPT_,0x274
0x9b94f0,_ZN5lzham6vectorIhE6insertEjPKhj,0xe4
0x9b95d4,_ZNK22ResourceDataLoaderImplI16ResourceDataSC3DE7getTypeEv,0x8
0x9b95dc,_ZNK8Databind16DatabindEnumBase14getValueByNameERKNSt6__ndk112basic_stringIcNS1_11char_traitsIcEENS1_9allocatorIcEEEE,0x160
0x9b973c,_ZN13scFSLayerBase14setParentLayerERKNSt6__ndk110shared_ptrI17scAbstractFSLayerEE,0x34
0x9b9770,_ZNK15GameSCIDManager11getPlayerIdEv,0x8
0x9b9778,_ZN11wendelstein17IEmitterComponent9stateFromENSt6__ndk110shared_ptrIS0_EE,0x4
0x9b977c,_ZNSt6__ndk120__shared_ptr_emplaceIN11wendelstein22SpawnLocationComponentENS_9allocatorIS2_EEE16__on_zero_sharedEv,0xc
0x9b9788,_ZN22ResourceDataLoaderImplI15ResourceDataCSVE12loadFinishedENSt6__ndk110unique_ptrIS0_NS2_14default_deleteIS0_EEEE,0x78
0x9b9800,_ZN8safe_jni8functionIN5titan3com6google7android4play4core6review13ReviewManagerENS6_5tasks4TaskEEclIJEEESA_P8_jobjectDpT_,0x120
0x9b9920,_ZN14HelpshiftTitan23HelpshiftConnectionImpl21closeHelpshiftSessionEv,0x4
0x9b9924,_ZN8safe_jni8functionIN5titan3com9supercell5titan12TitanWebViewEbEclIJEEEbP8_jobjectDpT_,0x11c
0x9b9a40,_ZNSt6__ndk113__assoc_stateINS_8functionIFvvEEEED0Ev,0x54
0x9b9a94,_ZN2fx4gltf6detail17ReadOptionalFieldINS0_8Accessor6SparseEEEvNSt6__ndk117basic_string_viewIcNS5_11char_traitsIcEEEERKN8nlohmann10basic_jsonINS5_3mapENS5_6vectorENS5_12basic_stringIcS8_NS5_9allocatorIcEEEEblmdSF_NSA_14adl_serializerEEERT_,0x1e0
0x9b9c74,_ZNSt6__ndk16__treeINS_12__value_typeINS_12basic_stringIcNS_11char_traitsIcEENS_9allocatorIcEEEEiEENS_19__map_value_compareIS7_S8_NS_4lessIS7_EELb1EEENS5_IS8_EEE7destroyEPNS_11__tree_nodeIS8_PvEE,0x50
0x9b9cc4,_ZNSt6__ndk110__function6__funcIZN11scTaskQueue3runIZN10SWFTexture21loadDownscaledTextureIiEEvP12SupercellSWFiiiibbEUlvE_EENS_13invoke_resultIT_JEE4typeESA_EUlvE_NS_9allocatorISD_EEFvvEE7destroyEv,0x4
0x9b9cc8,_ZNSt6__ndk110__function6__funcIZN11scTaskQueue3runIZN10SWFTexture11loadTextureIhEEvP12SupercellSWFiiiibbEUlvE_EENS_13invoke_resultIT_JEE4typeESA_EUlvE_NS_9allocatorISD_EEFvvEEclEv,0x40
0x9b9d08,_ZNSt6__ndk16__treeINS_12__value_typeINS_12basic_stringIcNS_11char_traitsIcEENS_9allocatorIcEEEEiEENS_19__map_value_compareIS7_S8_NS_4lessIS7_EELb1EEENS5_IS8_EEE12__find_equalIS7_EERPNS_16__tree_node_baseIPvEENS_21__tree_const_iteratorIS8_PNS_11__tree_nodeIS8_SH_EElEERPNS_15__tree_end_nodeISJ_EESK_RKT_,0x2dc
0x9b9fe4,_ZN4asio6detail13epoll_reactor16descriptor_state11do_completeEPvPNS0_19scheduler_operationERKNSt6__ndk110error_codeEm,0x54
0x9ba038,_ZNK17scFileImpl_AAsset3eofEv,0x20
0x9ba058,_ZNK11hb_ot_map_t5applyI9GSUBProxyEEvRKT_PK18hb_ot_shape_plan_tP9hb_font_tP11hb_buffer_t,0x244
0x9ba29c,_ZNSt6__ndk114__split_bufferIN2fx4gltf5ImageERNS_9allocatorIS3_EEED2Ev,0xb4
0x9ba350,_ZN14HelpshiftTitan27HelpshiftConnectionFallback14setSDKLanguageERK6String,0x4
0x9ba354,_ZNK2OT8Coverage19intersects_coverageEPK8hb_set_tj,0x134
0x9ba488,_ZNSt6__ndk110__function6__funcIZN11wendelstein16ComponentFactory14addConstructorINS2_18SpawnConeComponentEEEvvEUlvE_NS_9allocatorIS6_EEFNS_10shared_ptrINS2_17IEmitterComponentEEEvEEclEv,0x148
0x9ba5d0,_ZN17LogicGameListener11deckChangedEv,0x4
0x9ba5d4,_ZNKSt6__ndk112regex_traitsIcE20__lookup_collatenameIPKcEENS_12basic_stringIcNS_11char_traitsIcEENS_9allocatorIcEEEET_SB_c,0x340
0x9ba914,_ZN8safe_jni15static_functionIN5titan3com6google7android4play4core6review20ReviewManagerFactoryENS7_13ReviewManagerEEclIJNS1_7android7content7ContextEEEES9_DpT_,0x168
0x9baa7c,_ZN30LogicGameObjectManagerListener11destroyTileEiibbb,0x4
0x9baa80,_ZNK20PlayerThumbnailPopup12getPopupTypeEv,0x8
0x9baa88,_ZNSt6__ndk16__treeINS_12__value_typeINS_12basic_stringIcNS_11char_traitsIcEENS_9allocatorIcEEEEN11wendelstein16ComponentFactory8MapEntryEEENS_19__map_value_compareIS7_SB_NS_4lessIS7_EELb1EEENS5_ISB_EEE25__emplace_unique_key_argsIS7_JNS_4pairIS7_SA_EEEEENSJ_INS_15__tree_iteratorISB_PNS_11__tree_nodeISB_PvEElEEbEERKT_DpOT0_,0x100
0x9bab88,_ZN9InputTool10touchMovedERK5Touch,0x8
0x9bab90,_ZNSt6__ndk16__treeINS_12__value_typeINS_12basic_stringIcNS_11char_traitsIcEENS_9allocatorIcEEEEP18scAbstractTreeNodeEENS_19__map_value_compareIS7_SA_NS_4lessIS7_EELb1EEENS5_ISA_EEE4findIS7_EENS_15__tree_iteratorISA_PNS_11__tree_nodeISA_PvEElEERKT_,0x114
0x9baca4,_ZNK8safe_jni15static_propertyIN18safe_jni_generated3com7android15installreferrer3api21InstallReferrerClient23InstallReferrerResponseEiEcviEv,0xc8
0x9bad6c,_ZN16OutOfSyncMessageD0Ev,0xc0
0x9bae2c,_ZN17LogicGameListener24inboxNotificationClaimedEP16BaseNotification,0x4
0x9bae30,_ZNSt6__ndk16vectorIN11wendelstein17MovieClipRenderer13ParticleStateENS_9allocatorIS3_EEE6insertENS_11__wrap_iterIPKS3_EEOS3_,0x250
0x9bb080,_ZN11wendelstein17IEmitterComponent5resetERNS_7EmitterEb,0x4
0x9bb084,_ZNSt6__ndk16__treeINS_12__value_typeINS_12basic_stringIcNS_11char_traitsIcEENS_9allocatorIcEEEEN8nlohmann10basic_jsonINS_3mapENS_6vectorES7_blmdS5_NS8_14adl_serializerEEEEENS_19__map_value_compareIS7_SE_NS_4lessIvEELb1EEENS5_ISE_EEE4findIPKcEENS_15__tree_iteratorISE_PNS_11__tree_nodeISE_PvEElEERKT_,0x12c
0x9bb1b0,_ZNKSt6__ndk118__match_char_icaseIcNS_12regex_traitsIcEEE6__execERNS_7__stateIcEE,0x78
0x9bb228,_ZN8safe_jni15static_functionIN5titan3com9supercell5titan21NativeFacebookManagerEvEclIJ6StringS8_S8_S8_S8_EEEvDpT_,0x274
0x9bb49c,_ZN4asio6detail10socket_ops10getsockoptEihiiPvPmRNSt6__ndk110error_codeE,0x224
0x9bb6c0,_ZN4asio9execution6detail17any_executor_base14destroy_objectINS_10io_context19basic_executor_typeINSt6__ndk19allocatorIvEELj0EEEEEvRS2_,0x4
0x9bb6c4,_ZN25BattleReportStreamMessageD0Ev,0xc0
0x9bb784,_ZNSt6__ndk16__treeINS_12__value_typeINS_12basic_stringIcNS_11char_traitsIcEENS_9allocatorIcEEEENS_10unique_ptrI14scResourceDataNS_14default_deleteIS9_EEEEEENS_19__map_value_compareIS7_SD_NS_4lessIS7_EELb1EEENS5_ISD_EEE7destroyEPNS_11__tree_nodeISD_PvEE,0x6c
0x9bb7f0,_ZN8ShopItem17getChronosEventIdEv,0x8
0x9bb7f8,_ZN27HeroPowerRewardNotification9getAmountEv,0x8
0x9bb800,_ZN4asio9execution6detail17any_executor_base8query_fnIvNS1_8blocking7never_tILi0EEEEEvPvPKvS9_,0x30
0x9bb830,_ZNSt6__ndk16__treeINS_12__value_typeIi6StringEENS_19__map_value_compareIiS3_NS_4lessIiEELb1EEENS_9allocatorIS3_EEE7destroyEPNS_11__tree_nodeIS3_PvEE,0x48
0x9bb994,_ZN26hb_get_subtables_context_t8apply_toIN2OT20MultipleSubstFormat1EEEbPKvPNS1_18hb_apply_context_tE,0x4
0x9bb998,_ZN12DCT_Upsample3R_SILi5ELi5EE4calcERNS_8Matrix44ES3_PKs,0x228
0x9bbbc0,_ZNK8Databind17DatabindTableNode7isDirtyEv,0xb8
0x9bbc78,_ZN8Databind4Util13ArrayAccessorIf14LogicArrayListIfEE4swapEmm,0x24
0x9bbc9c,_ZN12DebugObjectsD2Ev,0xdc
0x9bbd78,_ZN6SCTune10popMessageEv,0x10
0x9bbd88,_ZNSt6__ndk16__treeINS_12__value_typeIiPK13LogicSkinDataEENS_19__map_value_compareIiS5_NS_4lessIiEELb1EEENS_9allocatorIS5_EEE7destroyEPNS_11__tree_nodeIS5_PvEE,0x40
0x9bbdc8,_ZN8Databind4Util13ArrayAccessorI7Vector2IfE14LogicArrayListIS3_EE3setEmPKS3_,0x18
0x9bbde0,_ZNSt6__ndk16__sortIRPFbP8HeroItemS2_EPS2_EEvT0_S7_T_,0x624
0x9bc404,_ZN8safe_jni8functionIN5titan3com9supercell5titan11SupercellIdElEclIJEEElP8_jobjectDpT_,0x118
0x9bc51c,_ZN10scDataTreeIN8Databind16DatabindTreeNodeELc46EE10insertNodeEPS1_RKNSt6__ndk112basic_stringIcNS4_11char_traitsIcEENS4_9allocatorIcEEEES3_,0x154
0x9bc670,_ZNK20BattleEndPreviewMenu11getMenuTypeEv,0x8
0x9bc678,_ZNK2OT8OffsetToINS_8ClassDefENS_7IntTypeItLj2EEEE8sanitizeEPNS_21hb_sanitize_context_tEPKv,0x150
0x9bc7c8,_ZNKSt6__ndk110__function6__funcIZN11wendelstein16ComponentFactory14addConstructorINS2_22SpawnLocationComponentEEEvvEUlvE_NS_9allocatorIS6_EEFNS_10shared_ptrINS2_17IEmitterComponentEEEvEE6targetERKSt9type_info,0x1c
0x9bc7e4,_ZNSt6__ndk16vectorIN8nlohmann10basic_jsonINS_3mapES0_NS_12basic_stringIcNS_11char_traitsIcEENS_9allocatorIcEEEEblmdS7_NS1_14adl_serializerEEENS7_ISB_EEE24__emplace_back_slow_pathIJRiEEEvDpOT_,0x138
0x9bc91c,_ZN2fx4gltf6detail17ReadRequiredFieldINS0_5AssetEEEvNSt6__ndk117basic_string_viewIcNS4_11char_traitsIcEEEERKN8nlohmann10basic_jsonINS4_3mapENS4_6vectorENS4_12basic_stringIcS7_NS4_9allocatorIcEEEEblmdSE_NS9_14adl_serializerEEERT_,0x150
0x9bca6c,_ZNSt6__ndk113__assoc_stateI6StringE4copyEv,0x90
0x9bcafc,_ZN8nlohmann6detail22input_adapter_protocolD2Ev,0x4
0x9bcb00,_ZN8nlohmann6detail20from_json_array_implINS_10basic_jsonINSt6__ndk13mapENS3_6vectorENS3_12basic_stringIcNS3_11char_traitsIcEENS3_9allocatorIcEEEEblmdS9_NS_14adl_serializerEEENS5_IN2fx4gltf5SceneENS9_ISG_EEEEEEDTcmcmcldtfp0_7reserveclsr3stdE7declvalINT0_9size_typeEEEEcldtfp_3getINSJ_10value_typeEEEcvv_EERKT_RSJ_NS0_12priority_tagILj1EEE,0x100
0x9bcc00,_ZNSt6__ndk119basic_istringstreamIcNS_11char_traitsIcEENS_9allocatorIcEEED0Ev,0x78
0x9bcc78,_ZNK11SkinPreview11getMenuTypeEv,0x8
0x9bcc80,_ZN9PopupBase7keyDownEi,0x8
0x9bcc88,_ZNSt6__ndk120__shared_ptr_pointerIPN8Databind23DefaultObjectTypeTraitsIN11wendelstein18SpawnRateComponentEEENS_14default_deleteIS5_EENS_9allocatorIS5_EEE21__on_zero_shared_weakEv,0x4
0x9bcc8c,_ZN34PurchaseOfferHighlightPopupHandler14setParentPopupEP18PurchaseOfferPopup,0x8
0x9bcc94,_ZNSt6__ndk16__treeINS_12__value_typeINS_12basic_stringIcNS_11char_traitsIcEENS_9allocatorIcEEEEbEENS_19__map_value_compareIS7_S8_NS_4lessIS7_EELb1EEENS5_IS8_EEE7destroyEPNS_11__tree_nodeIS8_PvEE,0x50
0x9bcce4,_ZNSt6__ndk112__hash_tableINS_17__hash_value_typeIPvPKcEENS_22__unordered_map_hasherIS2_S5_NS_4hashIS2_EELb1EEENS_21__unordered_map_equalIS2_S5_NS_8equal_toIS2_EELb1EEENS_9allocatorIS5_EEE8__rehashEm,0x1f0
0x9bced4,_ZN11wendelstein18SpawnRateComponent9objectDefEv,0x4
0x9bced8,_ZNSt6__ndk120__shared_ptr_pointerIPN8Databind23DefaultObjectTypeTraitsIN11wendelstein15SpringComponentEEENS_14default_deleteIS5_EENS_9allocatorIS5_EEE16__on_zero_sharedEv,0x18
0x9bcef0,_ZNK2OT18hb_apply_context_t9matcher_t8may_skipEPKS0_RK15hb_glyph_info_t,0x124
0x9bd014,_ZNK15ChatStreamEntry27isContentReportingAvailableEv,0x8
0x9bd01c,_ZNK25BrawlPassAutoCollectPopup28allowClosingFromModalTappingEv,0x8
0x9bd024,_ZN2fx4gltf6detail17ReadOptionalFieldINSt6__ndk16vectorINS0_8AccessorENS3_9allocatorIS5_EEEEEEvNS3_17basic_string_viewIcNS3_11char_traitsIcEEEERKN8nlohmann10basic_jsonINS3_3mapES4_NS3_12basic_stringIcSB_NS6_IcEEEEblmdS6_NSD_14adl_serializerEEERT_,0x140
0x9bd164,_ZN14UIListProviderD2Ev,0x4
0x9bd168,_ZNK2OT14PairPosFormat18sanitizeEPNS_21hb_sanitize_context_tE,0x144
0x9bd2ac,_ZN21AllianceStreamMessageD0Ev,0xc0
0x9bd36c,_ZN4asio6detail10socket_ops10setsockoptEiRhiiPKvmRNSt6__ndk110error_codeE,0x1f4
0x9bd560,_ZN8Databind4Util13ArrayAccessorIiNSt6__ndk16vectorIiNS2_9allocatorIiEEEEE5clearEv,0x10
0x9bd570,_ZTv0_n24_NSt6__ndk113basic_ostreamIcNS_11char_traitsIcEEED0Ev,0x30
0x9bd5a0,_ZNKSt6__ndk110__function6__funcIZN10SWFTexture11loadTextureIsEEvP12SupercellSWFiiiibbEUlvE_NS_9allocatorIS6_EEFvvEE7__cloneEPNS0_6__baseIS9_EE,0x30
0x9bd5d0,_ZN8Databind23IDatabindTypeSerializerD2Ev,0x4
0x9bd5d4,_ZNKSt6__ndk112regex_traitsIcE19__transform_primaryINS_11__wrap_iterIPcEEEENS_12basic_stringIcNS_11char_traitsIcEENS_9allocatorIcEEEET_SC_c,0x1f8
0x9bd7cc,_ZN4asio9execution6detail17any_executor_base8query_fnINS_10io_context19basic_executor_typeINSt6__ndk19allocatorIvEELj4EEENS0_11prefer_onlyINS1_12relationship14continuation_tILi0EEEEEEEvPvPKvSH_,0x38
0x9bd804,_ZNSt6__ndk118__back_ref_collateIcNS_12regex_traitsIcEEED0Ev,0x50
0x9bd854,_ZNSt6__ndk1rsIcNS_11char_traitsIcEENS_9allocatorIcEEEERNS_13basic_istreamIT_T0_EES9_RNS_12basic_stringIS6_S7_T1_EE,0x23c
0x9bda90,_ZN25LogicPurchaseOfferCommandD0Ev,0x4
0x9bda94,_ZN33RankedMidSeasonRewardNotificationD0Ev,0x4
0x9bda98,_ZN2fx4gltf9from_jsonERKN8nlohmann10basic_jsonINSt6__ndk13mapENS3_6vectorENS3_12basic_stringIcNS3_11char_traitsIcEENS3_9allocatorIcEEEEblmdS9_NS1_14adl_serializerEEERNS0_8AccessorE,0x518
0x9bdfb0,_ZN14IHeroListOwner20createCustomItemListEP14LogicArrayListIP8HeroItemE,0x4
0x9bdfb4,_ZN9YesButton6handleEP5UICtxi,0x90
0x9be044,_ZN33DebugNewbieCoopOverrideSetMessageD0Ev,0xc0
0x9be104,_ZN18LeaderboardMessageD0Ev,0xc0
0x9be1c4,_ZN25LogicAvatarChangeListener41debugChampionshipChallengeRemoveQualifiedEv,0x4
0x9be1c8,_ZN22RankRewardNotificationD0Ev,0x4
0x9be1cc,_ZN3ColILi4EE4idctEPhPKi,0x184
0x9be350,_ZNKSt6__ndk110__function6__funcIZN11wendelstein16ComponentFactory14addConstructorINS2_15SpringComponentEEEvvEUlvE_NS_9allocatorIS6_EEFNS_10shared_ptrINS2_17IEmitterComponentEEEvEE7__cloneEv,0x24
0x9be374,_ZN8Databind23DefaultObjectTypeTraitsIN11wendelstein21SimpleGroundComponentEE9constructEv,0x28
0x9be39c,_ZN8safe_jni8functionIN5titan3com9supercell5titan7GameAppENS1_7android4view13WindowManagerEEclIJEEES8_P8_jobjectDpT_,0x120
0x9be4bc,_ZNK2OT10CursivePos8dispatchINS_21hb_sanitize_context_tEEENT_8return_tEPS3_,0x1d0
0x9be68c,_ZN25PurchaseOfferPopupHandler13setupOldPriceEP9MovieClip,0x4
0x9be690,_ZN8Databind4Util13ArrayAccessorIbNSt6__ndk16vectorIbNS2_9allocatorIbEEEEE6resizeEm,0xc
0x9be69c,_ZN19StopSpectateMessageD0Ev,0xc0
0x9be75c,_ZN17LogicGameListener15playerXpChangedEv,0x4
0x9be760,_ZN5lzham6vectorINS_18adaptive_bit_modelEE12object_moverEPvS3_j,0x98
0x9be7f8,_ZN8safe_jni15static_functionIN5titan7android3net3UriES4_EclIJ6StringEEES4_DpT_,0x1a8
0x9be9a0,_ZN4asio9execution6detail17any_executor_base8query_fnINS_10io_context19basic_executor_typeINSt6__ndk19allocatorIvEELj4EEENS0_12context_as_tIRNS_17execution_contextEEEEEvPvPKvSG_,0xc
0x9be9ac,_ZNSt6__ndk16vectorIN15LaserBoxManager4PageENS_9allocatorIS2_EEE21__push_back_slow_pathIRKS2_EEvOT_,0x160
0x9beb0c,_ZN11scTaskQueue6submitIZNS_3runIZN10SWFTexture11loadTextureIsEEvP12SupercellSWFiiiibbEUlvE_EENSt6__ndk113invoke_resultIT_JEE4typeES9_EUlvE_EENS7_6futureISB_EES9_,0xf0
0x9bebfc,_ZNSt6__ndk16__treeINS_12__value_typeI6StringP17ResourceReferenceEENS_19__map_value_compareIS2_S5_NS_4lessIS2_EELb1EEENS_9allocatorIS5_EEE7destroyEPNS_11__tree_nodeIS5_PvEE,0x48
0x9bec44,_ZNK13scFSLayerBase12openFileReadEPKci,0x30
0x9bec74,_ZN4asio9execution6detail17any_executor_base11target_voidERKS2_,0x8
0x9bec7c,_ZNSt6__ndk127__insertion_sort_incompleteIRPFbP13LogicGemOfferS2_EPS2_EEbT0_S7_T_,0x330
0x9befac,_ZThn368_NK11OnlinePopup7getSideEv,0x8
0x9befb4,_ZN8Databind4Util13ArrayAccessorI7Vector3IfENSt6__ndk16vectorIS3_NS4_9allocatorIS3_EEEEE8capacityEm,0x8
0x9befbc,_ZN11Application39convertDeviceLanguageToGameLanguageCodeERK6String,0x26c
0x9bf228,_ZNSt6__ndk16__treeINS_12__value_typeINS_12basic_stringIcNS_11char_traitsIcEENS_9allocatorIcEEEEN8nlohmann10basic_jsonINS_3mapENS_6vectorES7_blmdS5_NS8_14adl_serializerEEEEENS_19__map_value_compareIS7_SE_NS_4lessIvEELb1EEENS5_ISE_EEE30__emplace_hint_unique_key_argsIS7_JRKNS_4pairIKS7_SD_EEEEENS_15__tree_iteratorISE_PNS_11__tree_nodeISE_PvEElEENS_21__tree_const_iteratorISE_SV_lEERKT_DpOT0_,0xa8
0x9bf2d0,_ZN23IAPDeliveryNotificationD0Ev,0x4
0x9bf2d4,_ZN23AddFriendByEmailMessageD0Ev,0xc0
0x9bf394,_ZN17IFacebookListener25facebookDialogDidCompleteEv,0x4
0x9bf398,_ZNSt6__ndk17__sort4IRPFbP13LogicGemOfferS2_EPS2_EEjT0_S7_S7_S7_T_,0x184
0x9bf51c,_ZNSt6__ndk120__shared_ptr_emplaceIN11wendelstein15SpringComponentENS_9allocatorIS2_EEE16__on_zero_sharedEv,0xc
0x9bf528,_ZN17LogicGameListener17eventDataReceivedEP9EventDataS1_b,0x4
0x9bf52c,_ZNSt6__ndk114__split_bufferIN2fx4gltf8AccessorERNS_9allocatorIS3_EEE9push_backEOS3_,0x390
0x9bf8bc,_ZN9GameState12touchPressedERK5Touch,0x8
0x9bf8c4,_ZNK17scFileImpl_AAsset4tellEv,0x10
0x9bf8d4,_ZN21LogicGameObjectClientD2Ev,0x4
0x9bf8d8,_ZN4asio6detail13epoll_reactor32perform_io_cleanup_on_block_exitD2Ev,0xe4
0x9bf9bc,_ZNKSt6__ndk110__function6__funcIZN8Databind8Migrator16addMigrationStepIN11wendelstein12old_versions15EmitterParamsV0ENS5_7Emitter13EmitterParamsEEEviNS_8functionIFvRT_RT0_EEEEUlvE0_NS_9allocatorISH_EEFNS_10unique_ptrIvPFvPvEEEvEE11target_typeEv,0xc
0x9bf9c8,_ZN36AppleBillingProcessedByServerMessageD0Ev,0xd8
0x9bfaa0,_ZN25SetAllianceCountryMessageD0Ev,0xc0
0x9bfb60,_ZN4asio9execution6detail17any_executor_base8query_fnIvNS0_11prefer_onlyINS1_12relationship14continuation_tILi0EEEEEEEvPvPKvSB_,0x30
0x9bfb90,_ZN8Databind4Util13ArrayAccessorI12LogicVector2NSt6__ndk16vectorIS2_NS3_9allocatorIS2_EEEEE3addEPKS2_,0x24
0x9bfbb4,_ZN8Material14setEmissionTexEP7GLImage,0x8
0x9bfbbc,_ZN20SeasonRewardsMessageD2Ev,0xe0
0x9bfc9c,_ZN8safe_jni8functionIN5titan7android7content7ContextE6StringEclIJEEES5_P8_jobjectDpT_,0x120
0x9bfdbc,_ZN8Databind6detail17AccessorNonRefSetIf18BezierInterpolatorI7Vector3IfEEED0Ev,0x4
0x9bfdc0,_ZN8Databind4Util13ArrayAccessorI12LogicVector314LogicArrayListIS2_EE5clearEv,0xc
0x9bfdcc,_ZN14LogicArrayListIN12BadgePreview5EntryEE14ensureCapacityEi,0x124
0x9bfef0,_ZNSt6__ndk119__throw_regex_errorILNS_15regex_constants10error_typeE11EEEvv,0xc
0x9bfefc,_ZN10StreamItem11needsActionEf,0x8
0x9bff04,_ZN5tween4QuadD0Ev,0x4
0x9bff08,_ZNK8Databind4Util13ArrayAccessorINSt6__ndk112basic_stringIcNS2_11char_traitsIcEENS2_9allocatorIcEEEENS2_6vectorIS8_NS6_IS8_EEEEE8getArrayEv,0x8
0x9bff10,_ZNSt6__ndk16__treeINS_12__value_typeINS_12basic_stringIcNS_11char_traitsIcEENS_9allocatorIcEEEENS_10unique_ptrI14scResourceDataNS_14default_deleteIS9_EEEEEENS_19__map_value_compareIS7_SD_NS_4lessIS7_EELb1EEENS5_ISD_EEE16__construct_nodeIJRKNS_21piecewise_construct_tENS_5tupleIJRKS7_EEENSO_IJEEEEEENS8_INS_11__tree_nodeISD_PvEENS_22__tree_node_destructorINS5_ISV_EEEEEEDpOT_,0xe4
0x9bfff4,_ZNK11wendelstein18CurlNoiseComponent11getCategoryEv,0x8
0x9bfffc,_ZN17IFacebookListener28facebookLoginFailedWithErrorERK18FacebookLoginError,0xc
0x9c0008,_ZN12DCT_Upsample3P_QILi7ELi6EE4calcERNS_8Matrix44ES3_PKs,0x418
0x9c0420,_ZN2fx4gltf6detail17ReadOptionalFieldINS0_8Material16OcclusionTextureEEEvNSt6__ndk117basic_string_viewIcNS5_11char_traitsIcEEEERKN8nlohmann10basic_jsonINS5_3mapENS5_6vectorENS5_12basic_stringIcS8_NS5_9allocatorIcEEEEblmdSF_NSA_14adl_serializerEEERT_,0x134
0x9c0554,_ZN4asio6detail30execution_context_service_baseINS0_16resolver_serviceINS_2ip3tcpEEEED0Ev,0x4
0x9c0558,_ZN14HelpshiftTitan23HelpshiftConnectionImpl19setWithTagsMatchingEPK6Stringi,0xa4
0x9c05fc,_ZN17LogicGameListener16onChestLimitFullEv,0x4
0x9c0600,_ZN2OT15CoverageFormat19serializeEPNS_22hb_serialize_context_tERNS_8SupplierINS_7GlyphIDEEEj,0x144
0x9c0744,_ZNSt6__ndk16vectorI14TextLinkButtonNS_9allocatorIS1_EEE24__emplace_back_slow_pathIJS1_EEEvDpOT_,0x1f8
0x9c093c,_ZNSt6__ndk113__assoc_stateIiED0Ev,0x54
0x9c0990,_ZN22LogicHelpOpenedCommandD0Ev,0x4
0x9c0994,_ZNSt6__ndk111basic_regexIcNS_12regex_traitsIcEEE24__parse_collating_symbolIPKcEET_S7_S7_RNS_12basic_stringIcNS_11char_traitsIcEENS_9allocatorIcEEEE,0x164
0x9c0af8,_ZN27BillingRequestFailedMessageD0Ev,0xd0
0x9c0bc8,_ZThn192_NK10ScoresPage18getTargetMovieClipEv,0x8
0x9c0bd0,_ZNSt6__ndk119__throw_regex_errorILNS_15regex_constants10error_typeE16EEEvv,0xc
0x9c0bdc,_ZNSt6__ndk120__shared_ptr_emplaceIN4asio19basic_stream_socketINS1_2ip3tcpENS1_15any_io_executorEEENS_9allocatorIS6_EEE21__on_zero_shared_weakEv,0x4
0x9c0be0,_ZN29LogicBrawlPassUnlockedCommandD0Ev,0x4
0x9c0be4,_ZNSt6__ndk16__treeINS_12__value_typeI6StringN5Align4EnumEEENS_19__map_value_compareIS2_S5_NS_4lessIS2_EELb1EEENS_9allocatorIS5_EEE7destroyEPNS_11__tree_nodeIS5_PvEE,0x48
0x9c0c2c,_ZThn336_N19SuggestBrawlerPopup17hasCustomItemListEv,0x8
0x9c0c34,_ZN28LogicChangeAvatarNameCommandD0Ev,0x30
0x9c0c64,_ZN5lzham18lzham_decompressorD2Ev,0x90
0x9c0cf4,_ZN29HomeBattleReplayFailedMessageD0Ev,0xc0
0x9c0db4,_ZN27BrawlPassRewardNotification19getNotificationTypeEv,0x8
0x9c0dbc,_ZNSt6__ndk16__treeINS_12__value_typeINS_12basic_stringIcNS_11char_traitsIcEENS_9allocatorIcEEEEN8nlohmann10basic_jsonINS_3mapENS_6vectorES7_blmdS5_NS8_14adl_serializerEEEEENS_19__map_value_compareIS7_SE_NS_4lessIvEELb1EEENS5_ISE_EEE5eraseENS_21__tree_const_iteratorISE_PNS_11__tree_nodeISE_PvEElEE,0xb0
0x9c0e6c,_ZNSt6__ndk16__treeINS_12__value_typeIPK20FileDownloadListenerNS_6vectorIPN15DownloadManager8Manifest5EntryENS_9allocatorIS9_EEEEEENS_19__map_value_compareIS4_SD_NS_4lessIS4_EELb1EEENSA_ISD_EEE21__emplace_unique_implIJNS_4pairIPS2_SC_EEEEENSL_INS_15__tree_iteratorISD_PNS_11__tree_nodeISD_PvEElEEbEEDpOT_,0x11c
0x9c0f88,_ZNSt6__ndk110__function6__funcIZN10SWFTexture21loadDownscaledTextureIhEEvP12SupercellSWFiiiibbEUlvE_NS_9allocatorIS6_EEFvvEE7destroyEv,0x4
0x9c0f8c,_ZN8nlohmann6detail20from_json_array_implINS_10basic_jsonINSt6__ndk13mapENS3_6vectorENS3_12basic_stringIcNS3_11char_traitsIcEENS3_9allocatorIcEEEEblmdS9_NS_14adl_serializerEEENS5_IN2fx4gltf10BufferViewENS9_ISG_EEEEEEDTcmcmcldtfp0_7reserveclsr3stdE7declvalINT0_9size_typeEEEEcldtfp_3getINSJ_10value_typeEEEcvv_EERKT_RSJ_NS0_12priority_tagILj1EEE,0x100
0x9c108c,_ZNKSt6__ndk120__shared_ptr_pointerIPNS_6vectorI6StringNS_9allocatorIS2_EEEENS_14default_deleteIS5_EENS3_IS5_EEE13__get_deleterERKSt9type_info,0x1c
0x9c10a8,_ZNSt6__ndk16vectorIN2fx4gltf6CameraENS_9allocatorIS3_EEE6insertENS_11__wrap_iterIPKS3_EEOS3_,0x328
0x9c13d0,_ZNK2OT19ChainContextFormat211would_applyEPNS_24hb_would_apply_context_tE,0x3d8
0x9c17a8,_ZN20AllianceCountryPopup24canDisplayTeamInvitationEv,0x8
0x9c17b0,_ZNSt6__ndk16__treeINS_12__value_typeIiiEENS_19__map_value_compareIiS2_NS_4lessIiEELb1EEENS_9allocatorIS2_EEE7destroyEPNS_11__tree_nodeIS2_PvEE,0x40
0x9c17f0,_ZThn192_NK10ScoresPage15getGlobalScrollEv,0x8
0x9c17f8,_ZN9Character17initializeMembersEv,0x1c4
0x9c19bc,_ZN28TencentBillingRequestMessageD2Ev,0xe8
0x9c1aa4,_ZNSt6__ndk115basic_stringbufIcNS_11char_traitsIcEENS_9allocatorIcEEE7seekposENS_4fposI9mbstate_tEEj,0x14
0x9c1ab8,_ZN22LogicIAPChangedCommandD0Ev,0x4
0x9c1abc,_ZN8safe_jni11PrepareArgsIJNSt6__ndk16vectorISt4byteNS1_9allocatorIS3_EEEE6StringEE3valERKS6_RKS7_,0xf8
0x9c1bb4,_ZN18BezierInterpolatorIfE5setX2Ef,0x84
0x9c1c38,_ZN8safe_jni8functionIN5titan7android7content2pm14PackageManagerENS4_11PackageInfoEEclIJ6StringiEEES6_P8_jobjectDpT_,0x1b8
0x9c1df0,_ZNSt6__ndk121__empty_non_own_stateIcED0Ev,0x4
0x9c1df4,_ZNKSt6__ndk120__shared_ptr_pointerIPN8Databind23DefaultObjectTypeTraitsIN11wendelstein24TangentVelocityComponentEEENS_14default_deleteIS5_EENS_9allocatorIS5_EEE13__get_deleterERKSt9type_info,0x1c
0x9c1e10,_ZNSt6__ndk19transformIN8nlohmann6detail9iter_implIKNS1_10basic_jsonINS_3mapENS_6vectorENS_12basic_stringIcNS_11char_traitsIcEENS_9allocatorIcEEEEblmdSA_NS1_14adl_serializerEEEEENS_15insert_iteratorINS6_IfNSA_IfEEEEEEZNS2_20from_json_array_implISE_SJ_EEDTcmcmcldtfp0_7reserveclsr3stdE7declvalINT0_9size_typeEEEEcldtfp_3getINSM_10value_typeEEEcvv_EERKT_RSM_NS2_12priority_tagILj1EEEEUlRSF_E_EESM_SQ_SQ_SM_T1_,0x1bc
0x9c1fcc,_ZNK6icu_5820DecomposeNormalizer217hasBoundaryBeforeEi,0xc
0x9c1fd8,_ZN32LogicHeroWinQuestsChangedCommandD0Ev,0x4
0x9c1fdc,_ZNSt6__ndk110__function6__funcIZN11wendelstein16ComponentFactory14addConstructorINS2_21SimpleGroundComponentEEEvvEUlvE_NS_9allocatorIS6_EEFNS_10shared_ptrINS2_17IEmitterComponentEEEvEE7destroyEv,0x4
0x9c1fe0,_ZNSt6__ndk113__assoc_stateIP6SpriteE4moveEv,0x90
0x9c2070,_ZN8Databind4Util13ArrayAccessorINSt6__ndk112basic_stringIcNS2_11char_traitsIcEENS2_9allocatorIcEEEENS2_6vectorIS8_NS6_IS8_EEEEE3getEm,0x14
0x9c2084,_ZN14AllianceScreen12refreshTitleEP18DecoratedTextField,0x4
0x9c2088,_ZN11RenderQueue14CustomRendererD2Ev,0x4
0x9c208c,_ZN8safe_jni8functionIN5titan7android5media11MediaPlayerEvEclIJEEEvP8_jobjectDpT_,0x118
0x9c21a4,_ZNSt6__ndk120__shared_ptr_pointerIPN8Databind23DefaultObjectTypeTraitsIN11wendelstein15GroundComponentEEENS_14default_deleteIS5_EENS_9allocatorIS5_EEE16__on_zero_sharedEv,0x18
0x9c21bc,_ZN19DebugCommandMessageD0Ev,0xc0
0x9c227c,_ZNK11wendelstein15SpringComponent11getCategoryEv,0x8
0x9c2284,_ZNKSt6__ndk110__function6__funcIZN10SWFTexture11loadTextureIsEEvP12SupercellSWFiiiibbEUlvE_NS_9allocatorIS6_EEFvvEE11target_typeEv,0xc
0x9c2290,_ZN22ResourceDataLoaderImplI17ResourceDataFlashE10loadFailedEv,0xb0
0x9c2340,_ZNKSt6__ndk110__function6__funcIZN11wendelstein16ComponentFactory14addConstructorINS2_22SpawnLocationComponentEEEvvEUlvE_NS_9allocatorIS6_EEFNS_10shared_ptrINS2_17IEmitterComponentEEEvEE7__cloneEv,0x24
0x9c2364,_ZN26ISCIDManagerImplementation14showErrorPopupERK6String,0x4
0x9c2368,_ZN8Databind16DatabindEnumBaseD2Ev,0x20
0x9c2388,_ZN8Databind23DefaultObjectTypeTraitsIN11wendelstein12old_versions15EmitterParamsV0EED0Ev,0x4
0x9c238c,_ZNSt6__ndk120__shared_ptr_emplaceI12scKeyManagerNS_9allocatorIS1_EEE16__on_zero_sharedEv,0xc
0x9c2398,_ZN4asio22service_already_existsD0Ev,0x24
0x9c23bc,_ZNSt6__ndk110__function6__funcIZN11wendelstein16ComponentFactory14addConstructorINS2_24TangentVelocityComponentEEEvvEUlvE_NS_9allocatorIS6_EEFNS_10shared_ptrINS2_17IEmitterComponentEEEvEEclEv,0xb0
0x9c246c,_ZNKSt6__ndk110__function6__funcIZN11scTaskQueue3runIZN10SWFTexture11loadTextureIiEEvP12SupercellSWFiiiibbEUlvE_EENS_13invoke_resultIT_JEE4typeESA_EUlvE_NS_9allocatorISD_EEFvvEE11target_typeEv,0xc
0x9c2478,_ZN8safe_jni7ConvertIN5titan7android7content2pm11SigningInfoEvE3SigEv,0xd8
0x9c2550,_ZN25LogicAvatarChangeListener21commodityCountChangedEiPK9LogicDataiii,0x4
0x9c2554,_ZN11scTaskQueue6submitIZNS_3runIZN10SWFTexture21loadDownscaledTextureIsEEvP12SupercellSWFiiiibbEUlvE_EENSt6__ndk113invoke_resultIT_JEE4typeES9_EUlvE_EENS7_6futureISB_EES9_,0xf0
0x9c2644,_ZNSt6__ndk110__function6__funcIZN11wendelstein16ComponentFactory14addConstructorINS2_15VortexComponentEEEvvEUlvE_NS_9allocatorIS6_EEFNS_10shared_ptrINS2_17IEmitterComponentEEEvEED0Ev,0x4
0x9c2648,_ZNSt6__ndk16vectorIP13DisplayObjectNS_9allocatorIS2_EEE21__push_back_slow_pathIRKS2_EEvOT_,0xe8
0x9c2730,_ZN18DailyEventsMessageD2Ev,0xe0
0x9c2810,_ZTv0_n24_NSt6__ndk119basic_ostringstreamIcNS_11char_traitsIcEENS_9allocatorIcEEED0Ev,0x84
0x9c2894,_ZN10AreaEffectD0Ev,0x78
0x9c290c,_ZNSt6__ndk16__treeINS_12__value_typeI6StringS2_EENS_19__map_value_compareIS2_S3_NS_4lessIS2_EELb1EEENS_9allocatorIS3_EEE25__emplace_unique_key_argsIS2_JNS_4pairIS2_S2_EEEEENSC_INS_15__tree_iteratorIS3_PNS_11__tree_nodeIS3_PvEElEEbEERKT_DpOT0_,0x118
0x9c2a24,_ZN14PiranhaMessageD2Ev,0xc0
0x9c2ae4,_ZN31PurchaseOfferBundlePopupHandler14setParentPopupEP18PurchaseOfferPopup,0x8
0x9c2aec,_ZN12LogicRewardsD0Ev,0x38
0x9c2b24,_ZN12LoginMessageD0Ev,0x24
0x9c2b48,_ZTv0_n24_NSt6__ndk113basic_ostreamIcNS_11char_traitsIcEEED1Ev,0x14
0x9c2b5c,_ZNSt6__ndk120__shared_ptr_pointerIPN8Databind6detail23DatabindAccessorWrapperIfEENS_14default_deleteIS4_EENS_9allocatorIS4_EEED0Ev,0x24
0x9c2b80,_ZN8Databind23DefaultObjectTypeTraitsIN11wendelstein15GroundComponentEE6assignEPvPKv,0x44
0x9c2bc4,_ZN8Databind23DefaultObjectTypeTraitsIN11wendelstein24TangentVelocityComponentEED0Ev,0x4
0x9c2bc8,_ZNSt6__ndk120__shared_ptr_pointerIPN8Databind23DefaultObjectTypeTraitsIN11wendelstein18CurlNoiseComponentEEENS_14default_deleteIS5_EENS_9allocatorIS5_EEE21__on_zero_shared_weakEv,0x4
0x9c2bcc,_ZN5titan3com9supercell2id9IdAccountD0Ev,0x38
0x9c2c04,_ZN25LogicAvatarChangeListener26debugToggleMapReviewResultEv,0x4
0x9c2c08,_ZN5titan3com9supercell5titan7GameAppD0Ev,0x38
0x9c2c40,_ZN5titan7android4view9ViewGroup12LayoutParamsD0Ev,0x38
0x9c2c78,_ZN8safe_jni8functionIN5titan3com6google7android4play4core6review13ReviewManagerENS6_5tasks4TaskEEclIJNS1_7android3app8ActivityENS7_10ReviewInfoEEEESA_P8_jobjectDpT_,0x178
0x9c2df0,_ZN20LogicCharacterServer17initializeMembersEv,0x21c
0x9c300c,_ZN8Databind4Util13ArrayAccessorIi14LogicArrayListIiEE4copyERS3_,0x138
0x9c3144,_ZN17LogicGameListener15onAvatarLevelUpEv,0x4
0x9c3148,_ZN8nlohmann6detail28json_sax_dom_callback_parserINS_10basic_jsonINSt6__ndk13mapENS3_6vectorENS3_12basic_stringIcNS3_11char_traitsIcEENS3_9allocatorIcEEEEblmdS9_NS_14adl_serializerEEEE12start_objectEm,0x214
0x9c335c,_ZNKSt6__ndk110__function6__funcIZN11wendelstein16ComponentFactory14addConstructorINS2_19SpawnBurstComponentEEEvvEUlvE_NS_9allocatorIS6_EEFNS_10shared_ptrINS2_17IEmitterComponentEEEvEE7__cloneEPNS0_6__baseISC_EE,0x10
0x9c336c,_ZNSt6__ndk112__hash_tableINS_17__hash_value_typeINS_12basic_stringIcNS_11char_traitsIcEENS_9allocatorIcEEEEmEENS_22__unordered_map_hasherIS7_S8_NS_4hashIS7_EELb1EEENS_21__unordered_map_equalIS7_S8_NS_8equal_toIS7_EELb1EEENS5_IS8_EEE21__construct_node_hashINS_4pairIKS7_mEEJEEENS_10unique_ptrINS_11__hash_nodeIS8_PvEENS_22__hash_node_destructorINS5_ISQ_EEEEEEmOT_DpOT0_,0xf8
0x9c3464,_ZN8Databind23DefaultObjectTypeTraitsIN11wendelstein15SpringComponentEED0Ev,0x4
0x9c3468,_ZNK18QuitMapEditorPopup16isFadeOutEnabledEv,0x8
0x9c3470,_ZN4asio6detail9scheduler25post_immediate_completionEPNS0_19scheduler_operationEb,0x180
0x9c35f0,_ZNSt6__ndk116__pad_and_outputIcNS_11char_traitsIcEEEENS_19ostreambuf_iteratorIT_T0_EES6_PKS4_S8_S8_RNS_8ios_baseES4_,0x194
0x9c3784,_ZN5titan7android7content3res12AssetManagerD0Ev,0x38
0x9c37bc,_ZN14AssetReferenceD2Ev,0x40
0x9c37fc,_ZN21LogicBattleModeClientD2Ev,0xa4
0x9c38a0,_ZNK2OT8ClassDef9add_classEP8hb_set_tj,0x190
0x9c3a30,_ZN8Databind16JSONOutReflectorD0Ev,0x4c
0x9c3a7c,_ZN30CreatePlayerMapResponseMessageD0Ev,0xc0
0x9c3b3c,_ZNSt6__ndk16__treeINS_12__value_typeIPK15scPackFileEntrytEENS_19__map_value_compareIS4_S5_NS_4lessIS4_EELb1EEENS_9allocatorIS5_EEE7destroyEPNS_11__tree_nodeIS5_PvEE,0x40
0x9c3b7c,_ZNSt6__ndk18__rotateIPiEET_S2_S2_S2_NS_26random_access_iterator_tagE,0x1c8
0x9c3d44,_ZNSt6__ndk120__shared_ptr_pointerIPNS_6vectorI6StringNS_9allocatorIS2_EEEENS_14default_deleteIS5_EENS3_IS5_EEE16__on_zero_sharedEv,0x78
0x9c3dbc,_ZNSt6__ndk110__function6__funcIZN10SWFTexture11loadTextureIiEEvP12SupercellSWFiiiibbEUlvE_NS_9allocatorIS6_EEFvvEEclEv,0x34
0x9c3df0,_ZNSt6__ndk19transformIN8nlohmann6detail9iter_implIKNS1_10basic_jsonINS_3mapENS_6vectorENS_12basic_stringIcNS_11char_traitsIcEENS_9allocatorIcEEEEblmdSA_NS1_14adl_serializerEEEEENS_15insert_iteratorINS6_INS_13unordered_mapISC_jNS_4hashISC_EENS_8equal_toISC_EENSA_INS_4pairIKSC_jEEEEEENSA_ISR_EEEEEEZNS2_20from_json_array_implISE_ST_EEDTcmcmcldtfp0_7reserveclsr3stdE7declvalINT0_9size_typeEEEEcldtfp_3getINSW_10value_typeEEEcvv_EERKT_RSW_NS2_12priority_tagILj1EEEEUlRSF_E_EESW_S10_S10_SW_T1_,0x1d4
0x9c3fc4,_ZNSt6__ndk16vectorIN2fx4gltf7SamplerENS_9allocatorIS3_EEE12__move_rangeEPS3_S7_S7_,0x16c
0x9c4130,_ZN23PublishPlayerMapMessageD2Ev,0xc4
0x9c41f4,_ZN24TextFieldLinkHitDetector13touchReleasedERK5Touch,0x3c
0x9c4230,_ZN11wendelstein15SpringComponent5cloneEv,0xc4
0x9c42f4,_ZN30UpdatePlayerMapResponseMessageD2Ev,0xc4
0x9c43b8,_ZNK10BitmapFont10lineHeightEv,0x8
0x9c43c0,_ZNK2OT8Ligature5applyEPNS_18hb_apply_context_tE,0x47c
0x9c483c,_ZN21LogicProjectileServerD0Ev,0x6c
0x9c48a8,_ZNSt6__ndk118__match_char_icaseIcNS_12regex_traitsIcEEED0Ev,0x50
0x9c48f8,_ZNSt6__ndk16__treeINS_12__value_typeI6StringbEENS_19__map_value_compareIS2_S3_NS_4lessIS2_EELb1EEENS_9allocatorIS3_EEE7destroyEPNS_11__tree_nodeIS3_PvEE,0x48
0x9c4940,_ZN18ControllerInstanceD2Ev,0x78
0x9c49b8,_ZN8Databind4Util13ArrayAccessorI7Vector3IfENSt6__ndk16vectorIS3_NS4_9allocatorIS3_EEEEE3getEm,0x14
0x9c49cc,_ZN8Databind4Util17ArrayAccessorBaseIi14LogicArrayListIiEE6setPtrEmPKv,0xc
0x9c49d8,_ZN18NotEnoughGemsPopupD0Ev,0x24
0x9c49fc,_ZN34AskForPlayingTencentFriendsMessageD0Ev,0xc0
0x9c4abc,_ZNSt6__ndk120__shared_ptr_emplaceIN11wendelstein22SpawnVelocityComponentENS_9allocatorIS2_EEE16__on_zero_sharedEv,0xc
0x9c4ac8,_ZN4asio9execution6detail17any_executor_base9copy_voidERS2_RKS2_,0x8
0x9c4ad0,_ZNKSt6__ndk110__function6__funcIZN8Databind8Migrator16addMigrationStepIN11wendelstein12old_versions15EmitterParamsV0ENS5_7Emitter13EmitterParamsEEEviNS_8functionIFvRT_RT0_EEEEUlPvSH_E_NS_9allocatorISI_EEFvSH_SH_EE7__cloneEPNS0_6__baseISL_EE,0x74
0x9c4b44,_ZN9GameState8setAlphaEf,0xc
0x9c4b50,_ZNSt6__ndk112basic_stringIcNS_11char_traitsIcEENS_9allocatorIcEEEC2IDnEEPKc,0x94
0x9c4be4,_ZZN8nlohmann10basic_jsonINSt6__ndk13mapENS1_6vectorENS1_12basic_stringIcNS1_11char_traitsIcEENS1_9allocatorIcEEEEblmdS7_NS_14adl_serializerEEC1ESt16initializer_listINS_6detail8json_refISB_EEEbNSD_7value_tEENKUlRKSF_E0_clESJ_,0x11c
0x9c4d00,_ZNSt6__ndk110__function6__baseIFvbPKN8linecorp4nova11CredentialsEPKNS3_5ErrorEEED2Ev,0x4
0x9c4d04,_ZNSt6__ndk113__assoc_stateIfED0Ev,0x54
0x9c4d58,_ZN14scFileImplBaseD0Ev,0x4
0x9c4d5c,_ZNK25ChinaLoginExtraTermsPopup12getPopupTypeEv,0x8
0x9c4d64,_ZN9InputTool4exitEv,0x4
0x9c4d68,_ZN22ResourceDataLoaderImplI16ResourceDataSC3DED2Ev,0x74
0x9c4ddc,_ZN8Databind4Util17ArrayAccessorBaseIiNSt6__ndk16vectorIiNS2_9allocatorIiEEEEE6getPtrEm,0xc
0x9c4de8,_ZN25LogicAvatarChangeListener18findDailyChallengeEv,0x4
0x9c4dec,_ZN30LogicGameObjectManagerListenerD0Ev,0x4
0x9c4df0,_ZNK15SelectHeroPopup12getPopupTypeEv,0x8
0x9c4df8,_ZNSt6__ndk120__shared_ptr_emplaceI22scThreadSafeRingBufferNS_9allocatorIS1_EEED0Ev,0x38
0x9c4e30,_ZN28SkinPreviewTimeControlButtonD0Ev,0x24
0x9c4e54,_ZN8Databind6detail17AccessorNonRefSetIf18BezierInterpolatorIfEE4nameEv,0xc
0x9c4e60,_ZN23MatchmakeRequestMessageD0Ev,0xc0
0x9c4f20,_ZN8nlohmann6detail20from_json_array_implINS_10basic_jsonINSt6__ndk13mapENS3_6vectorENS3_12basic_stringIcNS3_11char_traitsIcEENS3_9allocatorIcEEEEblmdS9_NS_14adl_serializerEEENS5_IN2fx4gltf7TextureENS9_ISG_EEEEEEDTcmcmcldtfp0_7reserveclsr3stdE7declvalINT0_9size_typeEEEEcldtfp_3getINSJ_10value_typeEEEcvv_EERKT_RSJ_NS0_12priority_tagILj1EEE,0x100
0x9c5020,_ZNK9LogicData12isAreaEffectEv,0x8
0x9c5028,_ZThn8_NK10GameObject8getAngleEv,0x8
0x9c5030,_ZN8safe_jni8functionIN5titan7android7content6IntentEiEclIJ6StringiEEEiP8_jobjectDpT_,0x1b8
0x9c51e8,_ZN18BezierInterpolatorI7Vector3IfEE5setY2Ef,0x8
0x9c51f0,_ZNSt6__ndk110__function6__funcIZN10SWFTexture21loadDownscaledTextureIsEEvP12SupercellSWFiiiibbEUlvE_NS_9allocatorIS6_EEFvvEE18destroy_deallocateEv,0x4
0x9c51f4,_ZNSt6__ndk120__shared_ptr_pointerIPN8Databind23DefaultObjectTypeTraitsIN11wendelstein12old_versions15EmitterParamsV0EEENS_14default_deleteIS6_EENS_9allocatorIS6_EEE16__on_zero_sharedEv,0x18
0x9c520c,_ZNK15scFileImpl_Mmap3eofEv,0x10
0x9c521c,_ZNK17OnlineTeamupPopup7getSideEv,0x8
0x9c5224,_ZNSt6__ndk120__shared_ptr_pointerIPN8Databind23DefaultObjectTypeTraitsIN11wendelstein17MovieClipRenderer6ParamsEEENS_14default_deleteIS6_EENS_9allocatorIS6_EEE21__on_zero_shared_weakEv,0x4
0x9c5228,_ZNSt6__ndk120__shared_ptr_pointerIPNS_6vectorINS_12basic_stringIcNS_11char_traitsIcEENS_9allocatorIcEEEENS5_IS7_EEEENS_14default_deleteIS9_EENS5_IS9_EEE16__on_zero_sharedEv,0x90
0x9c52b8,_ZNSt6__ndk16__treeINS_12__value_typeINS_12basic_stringIcNS_11char_traitsIcEENS_9allocatorIcEEEEP18scAbstractTreeNodeEENS_19__map_value_compareIS7_SA_NS_4lessIS7_EELb1EEENS5_ISA_EEE16__construct_nodeIJRKNS_4pairIKS7_S9_EEEEENS_10unique_ptrINS_11__tree_nodeISA_PvEENS_22__tree_node_destructorINS5_ISQ_EEEEEEDpOT_,0xec
0x9c53a4,_ZNK22PromoPopupNotification17getFileEntryCountEv,0x14
0x9c53b4,_ZN8Databind6detail24AbstractDatabindAccessorIfE3setEPvPKv,0xc
0x9c53c0,_ZN38TencentBillingProcessedByServerMessageD0Ev,0xd8
0x9c5498,_ZNSt6__ndk113__tree_removeIPNS_16__tree_node_baseIPvEEEEvT_S5_,0x3b0
0x9c5848,_ZNK25RecentButtonTargetHandler16getAnalyticsNameEv,0x8
0x9c5850,_ZN29CoinDoublerRewardNotification9getAmountEv,0x8
0x9c5858,_ZNK16NameChangeWindow10showTopHUDEv,0x8
0x9c5860,_ZNK23OfflineFriendInviteItem16getAnalyticsNameEv,0x8
0x9c5868,_ZN8Databind4Util13ArrayAccessorINSt6__ndk112basic_stringIcNS2_11char_traitsIcEENS2_9allocatorIcEEEENS2_6vectorIS8_NS6_IS8_EEEEE6resizeEm,0xa0
0x9c5908,_ZN8safe_jni4ctorIN5titan4java4util7HashMapEEclIJEEEP8_jobjectDpT_,0xb4
0x9c59bc,_ZN4Game13exitRequestedEv,0x8
0x9c59c4,_ZN8safe_jni8functionIN5titan3com9supercell5titan11SupercellIdE6StringEclIJEEES6_P8_jobjectDpT_,0x120
0x9c5ae4,_ZN4asio9execution6detail17any_executor_base8query_fnINS_10io_context19basic_executor_typeINSt6__ndk19allocatorIvEELj0EEENS0_11prefer_onlyINS1_12relationship6fork_tILi0EEEEEEEvPvPKvSH_,0x38
0x9c5b1c,_ZN2fx4gltf6detail17ReadOptionalFieldINSt6__ndk16vectorINS3_12basic_stringIcNS3_11char_traitsIcEENS3_9allocatorIcEEEENS8_ISA_EEEEEEvNS3_17basic_string_viewIcS7_EERKN8nlohmann10basic_jsonINS3_3mapES4_SA_blmdS8_NSF_14adl_serializerEEERT_,0x150
0x9c5c6c,_Z16downscaleTextureIhEviiiPT_S1_,0xf14
0x9c6b80,_ZN2fx4gltf6detail17ReadRequiredFieldINSt6__ndk16vectorINS0_9Animation7SamplerENS3_9allocatorIS6_EEEEEEvNS3_17basic_string_viewIcNS3_11char_traitsIcEEEERKN8nlohmann10basic_jsonINS3_3mapES4_NS3_12basic_stringIcSC_NS7_IcEEEEblmdS7_NSE_14adl_serializerEEERT_,0x160
0x9c6ce0,_ZNSt6__ndk16vectorIN8nlohmann10basic_jsonINS_3mapES0_NS_12basic_stringIcNS_11char_traitsIcEENS_9allocatorIcEEEEblmdS7_NS1_14adl_serializerEEENS7_ISB_EEE21__push_back_slow_pathISB_EEvOT_,0x138
0x9c6e18,_ZNSt6__ndk120__match_char_collateIcNS_12regex_traitsIcEEED0Ev,0x50
0x9c6e68,_ZN17TeamCreateMessageD0Ev,0xc4
0x9c6f2c,_ZN12DCT_Upsample3P_QILi6ELi6EE4calcERNS_8Matrix44ES3_PKs,0x3c4
0x9c72f0,_ZN17LogicGameListener21resourceRewardClaimedEPK17LogicResourceDatai,0x4
0x9c72f4,_ZNK13DisplayObject7isShapeEv,0x8
0x9c72fc,_ZNSt6__ndk127__tree_balance_after_insertIPNS_16__tree_node_baseIPvEEEEvT_S5_,0x1a0
0x9c749c,_ZN23AllianceEventStreamItemD0Ev,0x24
0x9c74c0,_ZN2fx4gltf6detail17ReadRequiredFieldINS0_6Camera12OrthographicEEEvNSt6__ndk117basic_string_viewIcNS5_11char_traitsIcEEEERKN8nlohmann10basic_jsonINS5_3mapENS5_6vectorENS5_12basic_stringIcS8_NS5_9allocatorIcEEEEblmdSF_NSA_14adl_serializerEEERT_,0x108
0x9c75c8,_ZN3ColILi5EE4idctEPhPKi,0x194
0x9c775c,_ZN8safe_jni11PrepareArgsIJ6StringS1_S1_S1_S1_llbbS1_S1_S1_S1_S1_bbbS1_EE3valERKS1_S4_S4_S4_S4_RKlS6_RKbS8_S4_S4_S4_S4_S4_S8_S8_S8_S4_,0x1b8
0x9c7914,_ZNSt6__ndk16vectorI18scResourceLoadInfoNS_9allocatorIS1_EEE21__push_back_slow_pathIRKS1_EEvOT_,0x224
0x9c7b38,_ZN8Databind23DefaultObjectTypeTraitsI24LaserParticleEmitterDataE9constructEv,0x50
0x9c7b88,_ZN31ChallengeSkinRewardNotification19getNotificationTypeEv,0x8
0x9c7b90,_ZNK11LogicMapIntIP28UdpBigMessageFragmentMessageE7getKeysEv,0x1ec
0x9c7d7c,_ZN23LogicHomeChangeListener19deliverRankedRewardEiPK13LogicGemOffer,0x4
0x9c7d80,_ZN18ILocationItemOwner24openPlayerMapContextMenuEP12LocationItem,0x4
0x9c7d84,_ZNK20CreatePlayerMapPopup28allowClosingFromModalTappingEv,0x8
0x9c7d8c,_ZNSt6__ndk119__throw_regex_errorILNS_15regex_constants10error_typeE3EEEvv,0xc
0x9c7d98,_ZNSt6__ndk120__shared_ptr_emplaceI22scThreadSafeRingBufferNS_9allocatorIS1_EEE16__on_zero_sharedEv,0x8
0x9c7da0,_ZN22LogicGemOfferContainerD2Ev,0x4
0x9c7da4,_ZNK9ShopPopup15showResourceHUDEv,0x8
0x9c7dac,_ZNKSt6__ndk120__shared_ptr_pointerIPN8Databind23DefaultObjectTypeTraitsIN11wendelstein21SimpleGroundComponentEEENS_14default_deleteIS5_EENS_9allocatorIS5_EEE13__get_deleterERKSt9type_info,0x1c
0x9c7dc8,_ZNSt6__ndk16vectorIN9Animation4BoneENS_9allocatorIS2_EEE8__appendEm,0x160
0x9c7f28,_ZN8Databind4Util13ArrayAccessorIfNSt6__ndk16vectorIfNS2_9allocatorIfEEEEE4copyERS6_,0x84
0x9c7fac,_ZN25LogicAvatarChangeListener22playerNameColorChangedEPK18LogicNameColorData,0x4
0x9c7fb0,_ZN8Databind24NlohmannJsonOutReflectorD0Ev,0x4c
0x9c7ffc,_ZN25LogicAvatarChangeListener17vanityItemChangedEPK9LogicDatai,0x4
0x9c8000,_ZN18scFileInputAdapterD2Ev,0x10
0x9c8010,_ZN23FloaterTextNotificationD0Ev,0x4
0x9c8014,_ZN37GoogleBillingProcessedByServerMessageD2Ev,0xd8
0x9c80ec,_ZN3ColILi8EE4idctEPhPKi,0x1e4
0x9c82d0,_ZN22ResourceDataLoaderImplI18ResourceDataShaderE10loadFailedEv,0xb8
0x9c8388,_ZNK12NSCIDManager10getManagerEv,0x8
0x9c8390,_ZN27UILambdaStringValueProvider3getEP5UICtx,0x60
0x9c83f0,_ZNSt6__ndk120__shared_ptr_emplaceIN11wendelstein26EmitterBurstListSerializerENS_9allocatorIS2_EEE21__on_zero_shared_weakEv,0x4
0x9c83f4,_ZN14SettingsScreen16getSubScreenTypeEv,0x8
0x9c83fc,_ZN17ReplayStreamEntryD2Ev,0x10
0x9c840c,_ZNKSt6__ndk120__shared_ptr_pointerIPN8Databind23DefaultObjectTypeTraitsIN11wendelstein20SpawnPlanarComponentEEENS_14default_deleteIS5_EENS_9allocatorIS5_EEE13__get_deleterERKSt9type_info,0x1c
0x9c8428,_ZNK10ScoresPage16shouldAdjustSizeEv,0x10
0x9c8438,_ZNSt6__ndk114basic_ifstreamIcNS_11char_traitsIcEEED1Ev,0x3c
0x9c8474,_ZN2fx4gltf6detail23ReadExtensionsAndExtrasERKN8nlohmann10basic_jsonINSt6__ndk13mapENS4_6vectorENS4_12basic_stringIcNS4_11char_traitsIcEENS4_9allocatorIcEEEEblmdSA_NS2_14adl_serializerEEERSE_,0x210
0x9c8684,_ZNSt6__ndk113basic_filebufIcNS_11char_traitsIcEEE6setbufEPcl,0xf8
0x9c877c,_ZNK8Databind4Util13ArrayAccessorIiNSt6__ndk16vectorIiNS2_9allocatorIiEEEEE8getArrayEv,0x8
0x9c8784,_ZNKSt6__ndk110__function6__funcIZN11scTaskQueue3runIZN10SWFTexture21loadDownscaledTextureIsEEvP12SupercellSWFiiiibbEUlvE_EENS_13invoke_resultIT_JEE4typeESA_EUlvE_NS_9allocatorISD_EEFvvEE11target_typeEv,0xc
0x9c8790,_ZN4asio6detail12posix_thread4funcINS0_21resolver_service_base21work_scheduler_runnerEED0Ev,0x4
0x9c8794,_ZN24TicketRewardNotificationD0Ev,0x4
0x9c8798,_ZN2fx4gltf6detail17ReadOptionalFieldINSt6__ndk16vectorINS0_4SkinENS3_9allocatorIS5_EEEEEEvNS3_17basic_string_viewIcNS3_11char_traitsIcEEEERKN8nlohmann10basic_jsonINS3_3mapES4_NS3_12basic_stringIcSB_NS6_IcEEEEblmdS6_NSD_14adl_serializerEEERT_,0x164
0x9c88fc,_ZN25LogicOffersChangedCommandD0Ev,0x4
0x9c8900,_ZNSt6__ndk119__throw_regex_errorILNS_15regex_constants10error_typeE6EEEvv,0xc
0x9c890c,_ZN2fx4gltf14LoadFromBinaryERKNSt6__ndk112basic_stringIcNS1_11char_traitsIcEENS1_9allocatorIcEEEERKNS0_10ReadQuotasE,0x524
0x9c8e30,_ZNSt6__ndk16__sortIRPFbP14RankedHeroItemS2_EPS2_EEvT0_S7_T_,0x624
0x9c9454,_ZN6SCTune17addChangeListenerEiiP20SCTuneChangeListenerb,0x4
0x9c9458,_ZNSt6__ndk112basic_stringIcNS_11char_traitsIcEENS_9allocatorIcEEE21__grow_by_and_replaceEmmmmmmPKc,0x134
0x9c958c,_ZN8Databind23DefaultObjectTypeTraitsIN11wendelstein18SpawnRateComponentEE6assignEPvPKv,0x54
0x9c95e0,_ZN17OnlineFriendsList12onInviteDoneEv,0x10
0x9c95f0,_ZN8Databind4Util13ArrayAccessorIbNSt6__ndk16vectorIbNS2_9allocatorIbEEEEE5clearEv,0xc
0x9c95fc,_ZN8Databind17DatabindTableBaseIN11wendelstein19AbstractEmitterDataEE14deleteInstanceEPv,0x140
0x9c973c,_ZN34ChangePlayerMapNameResponseMessageD2Ev,0xc4
0x9c9800,_ZN4Game17backButtonPressedEv,0x8
0x9c9808,_ZN27PersonalBreakStartedMessageD0Ev,0xc0
0x9c98c8,_ZNK6icu_5814FCDNormalizer29normalizeEPKtS2_RNS_16ReorderingBufferER10UErrorCode,0x8
0x9c98d0,_ZN17LogicGameListener16heroStateChangedEPK18LogicCharacterData,0x4
0x9c98d4,_ZNSt6__ndk120__shared_ptr_emplaceIN8Databind16CustomSerializerENS_9allocatorIS2_EEE16__on_zero_sharedEv,0x58
0x9c992c,_ZN26GoHomeFromMapEditorMessage6decodeEv,0x4
0x9c9930,_ZN9InputTool6renderEv,0x4
0x9c9934,_ZN29AuthenticationResponseMessageD0Ev,0xc0
0x9c99f4,_ZNK22EsportTournamentsPopup12getPopupTypeEv,0x8
0x9c99fc,_ZN8Databind4Util13ArrayAccessorI6StringNSt6__ndk16vectorIS2_NS3_9allocatorIS2_EEEEE3setEmPKS2_,0x30
0x9c9a2c,_ZN8safe_jni15static_functionIN5titan3com9supercell5titan16TitanInstantAppsEvEclIJEEEvDpT_,0x138
0x9c9b64,_ZN8ShopItem6updateEf,0x4
0x9c9b68,_ZN17LogicGameListener16refreshBrawlPassEv,0x4
0x9c9b6c,_ZN5titan7android5media11MediaPlayerD0Ev,0x38
0x9c9ba4,_ZThn8_N10ProjectileD1Ev,0x70
0x9c9c14,_ZNK15scFileImpl_Mmap6isOpenEv,0x10
0x9c9c24,_ZN8safe_jni15static_functionIN5titan3com9supercell5titan19ApplicationUtilBaseEbEclIJEEEbDpT_,0x13c
0x9c9d60,_ZN32RankedMatchPickHeroFailedMessageD0Ev,0xc0
0x9c9e20,_ZNSt6__ndk114__split_bufferIN2fx4gltf6BufferERNS_9allocatorIS3_EEED2Ev,0xa0
0x9c9ec0,_ZN8Databind16JSONOutReflectorD2Ev,0x4c
0x9c9f0c,_ZNK8Databind17DatabindTableNode7isTableEv,0x8
0x9c9f14,_ZN22LogicLocationThemeDataD0Ev,0x50
0x9c9f64,_ZNK26OfferPurchaseQuestionPopup17showOnlinePlayersEv,0x8
0x9c9f6c,_ZN11LogicAvatarD0Ev,0x4
0x9c9f70,_ZNSt6__ndk16vectorINS_4pairImPKcEENS_9allocatorIS4_EEE6assignIPS4_EENS_9enable_ifIXaasr21__is_forward_iteratorIT_EE5valuesr16is_constructibleIS4_NS_15iterator_traitsISB_E9referenceEEE5valueEvE4typeESB_SB_,0x1f8
0x9ca168,_ZN8Databind4Util13ArrayAccessorINSt6__ndk112basic_stringIcNS2_11char_traitsIcEENS2_9allocatorIcEEEE14LogicArrayListIS8_EE8setArrayEPv,0x8
0x9ca170,_ZNK23scFileImpl_FakeMmapBase15getMemoryHandleEv,0x15c
0x9ca2cc,_ZN20LogicJSONInReflectorD2Ev,0x9c
0x9ca368,_ZNK16NameChangeWindow12getPopupTypeEv,0x8
0x9ca370,_ZNK17UnlockAccountMenu12getPopupTypeEv,0x8
0x9ca378,_ZNSt6__ndk17__stateIcEC2ERKS1_,0x120
0x9ca498,_ZN8Databind12DatabindEnumD0Ev,0x9c
0x9ca534,_ZNK21EnterMapEditorMessage14getMessageTypeEv,0x8
0x9ca53c,_ZN14ChallengeEntryD0Ev,0x4
0x9ca540,_ZN8Databind4Util13ArrayAccessorIbNSt6__ndk16vectorIbNS2_9allocatorIbEEEEE8capacityEm,0xc
0x9ca54c,_ZN9hb_font_t30get_glyph_origin_for_directionEj14hb_direction_tPiS1_,0x160
0x9ca6ac,_ZN8Databind4Util13ArrayAccessorI6StringNSt6__ndk16vectorIS2_NS3_9allocatorIS2_EEEEE4swapEmm,0x5c
0x9ca708,_ZNKSt6__ndk111basic_regexIcNS_12regex_traitsIcEEE8__searchINS_9allocatorINS_9sub_matchIPKcEEEEEEbS8_S8_RNS_13match_resultsIS8_T_EENS_15regex_constants15match_flag_typeE,0x24c
0x9ca954,_ZThn368_N11OnlinePopup12onInviteDoneEv,0x10
0x9ca964,_ZN15DataLoaderSoundD0Ev,0x8c
0x9ca9f0,_ZN11SCIDManager7friendsEiP10SCIDFriend,0x4
0x9ca9f4,_ZN18LogicGemBundleDataD0Ev,0x78
0x9caa6c,_ZN11wendelstein19IEmitterDataFactoryD2Ev,0x4
0x9caa70,_ZNK11SCIDManager12isSfxEnabledEv,0x8
0x9caa78,_ZNKSt6__ndk120__shared_ptr_pointerIP14scPackagedTaskINS_8functionIFvvEEEENS_14default_deleteIS5_EENS_9allocatorIS5_EEE13__get_deleterERKSt9type_info,0x1c
0x9caa94,_ZN14LogicReflectorD2Ev,0x4
0x9caa98,_ZN8nlohmann6detail19json_sax_dom_parserINS_10basic_jsonINSt6__ndk13mapENS3_6vectorENS3_12basic_stringIcNS3_11char_traitsIcEENS3_9allocatorIcEEEEblmdS9_NS_14adl_serializerEEEE12handle_valueIRdEEPSD_OT_,0x110
0x9caba8,_ZNK10GameConfig6getFpsEv,0xc
0x9cabb4,_ZN24BadgePreviewReloadButtonD0Ev,0x24
0x9cabd8,_ZN39GoogleServiceAccountAlreadyBoundMessageD0Ev,0xc0
0x9cac98,_ZN2OT9SanitizerINS_4GSUBEE8sanitizeEP9hb_blob_t,0x280
0x9caf18,_ZN25LogicAvatarChangeListener19debugFinishIAPOfferEP16LogicOfferBundle,0x4
0x9caf1c,_ZNSt6__ndk16__treeINS_12__value_typeINS_12basic_stringIcNS_11char_traitsIcEENS_9allocatorIcEEEENS_10shared_ptrI17scAbstractFSLayerEEEENS_19__map_value_compareIS7_SB_NS_4lessIS7_EELb1EEENS5_ISB_EEE7destroyEPNS_11__tree_nodeISB_PvEE,0x94
0x9cafb0,_ZNSt6__ndk120__shared_ptr_pointerIP14LogicArrayListIiENS_14default_deleteIS2_EENS_9allocatorIS2_EEE16__on_zero_sharedEv,0x3c
0x9cafec,_ZNK8Databind14IDatabindTable15isDatabindTableEv,0x8
0x9caff4,_ZNSt6__ndk115basic_stringbufIcNS_11char_traitsIcEENS_9allocatorIcEEE9pbackfailEi,0x70
0x9cb064,_ZNK21SpeechBubbleCharacter12getPopupTypeEv,0x8
0x9cb06c,_ZN26hb_get_subtables_context_t8apply_toIN2OT14ContextFormat2EEEbPKvPNS1_18hb_apply_context_tE,0x4
0x9cb070,_ZNSt6__ndk124__put_character_sequenceIcNS_11char_traitsIcEEEERNS_13basic_ostreamIT_T0_EES7_PKS4_m,0x19c
0x9cb20c,_ZN4asio9execution6detail17any_executor_base10require_fnINS0_12any_executorIJNS0_12context_as_tIRNS_17execution_contextEEENS1_8blocking7never_tILi0EEENS0_11prefer_onlyINS9_10possibly_tILi0EEEEENSC_INS1_16outstanding_work9tracked_tILi0EEEEENSC_INSG_11untracked_tILi0EEEEENSC_INS1_12relationship6fork_tILi0EEEEENSC_INSN_14continuation_tILi0EEEEEEEENS_10io_context19basic_executor_typeINSt6__ndk19allocatorIvEELj0EEESQ_EET_PKvS13_,0x24
0x9cb230,_ZN22CreateAccountOkMessageD0Ev,0xc0
0x9cb2f0,_ZNK11wendelstein27MovieClipEmitterDataFactory12getObjectDefEv,0x4
0x9cb2f4,_ZNSt6__ndk16vectorIP6SpriteNS_9allocatorIS2_EEE8__appendEm,0x120
0x9cb414,_ZN4asio9execution6detail17any_executor_base9prefer_fnINS0_12any_executorIJNS0_12context_as_tIRNS_17execution_contextEEENS1_8blocking7never_tILi0EEENS0_11prefer_onlyINS9_10possibly_tILi0EEEEENSC_INS1_16outstanding_work9tracked_tILi0EEEEENSC_INSG_11untracked_tILi0EEEEENSC_INS1_12relationship6fork_tILi0EEEEENSC_INSN_14continuation_tILi0EEEEEEEEvSM_EET_PKvSX_,0x50
0x9cb464,_ZN9BitStreamD2Ev,0x20
0x9cb484,_ZN9PopupBase27canHandleNotificationOfTypeEi,0x8
0x9cb48c,_ZN8Databind4Util13ArrayAccessorI12LogicVector314LogicArrayListIS2_EE6resizeEm,0x128
0x9cb530,_ZN8Databind4Util13ArrayAccessorIf14LogicArrayListIfEE4sizeEv,0xc
0x9cb53c,_ZN23scFileImpl_FakeMmapBaseD2Ev,0xd4
0x9cb610,_ZN8Databind6detail23DatabindAccessorWrapperIfE3getEPv,0x10
0x9cb620,_ZNSt6__ndk120__shared_ptr_emplaceI18scFileInputAdapterNS_9allocatorIS1_EEE16__on_zero_sharedEv,0xc
0x9cb62c,_ZNSt6__ndk113__assoc_stateI19InstallReferrerDataE16__on_zero_sharedEv,0x38
0x9cb664,_ZN2fx4gltf9from_jsonERKN8nlohmann10basic_jsonINSt6__ndk13mapENS3_6vectorENS3_12basic_stringIcNS3_11char_traitsIcEENS3_9allocatorIcEEEEblmdS9_NS1_14adl_serializerEEERNS0_6CameraE,0x148
0x9cb7ac,_ZN8Databind4Util17ArrayAccessorBaseI6StringNSt6__ndk16vectorIS2_NS3_9allocatorIS2_EEEEE6setPtrEmPKv,0xc
0x9cb7b8,_ZN9LogicUuidD2Ev,0x4
0x9cb7bc,_ZNSt6__ndk16vectorIN2fx4gltf7SamplerENS_9allocatorIS3_EEE6insertENS_11__wrap_iterIPKS3_EEOS3_,0x35c
0x9cbb18,_ZN4asio9execution6detail17any_executor_base9prefer_fnINS0_12any_executorIJNS0_12context_as_tIRNS_17execution_contextEEENS1_8blocking7never_tILi0EEENS0_11prefer_onlyINS9_10possibly_tILi0EEEEENSC_INS1_16outstanding_work9tracked_tILi0EEEEENSC_INSG_11untracked_tILi0EEEEENSC_INS1_12relationship6fork_tILi0EEEEENSC_INSN_14continuation_tILi0EEEEEEEENS_10io_context19basic_executor_typeINSt6__ndk19allocatorIvEELj4EEESF_EET_PKvS13_,0xa4
0x9cbbbc,_ZN8safe_jni7ConvertIN5titan7android4view9ViewGroup12LayoutParamsEvE12CallFunctionEP10_jmethodIDP8_jobjectz,0xb4
0x9cbc70,_ZN8Databind4Util13ArrayAccessorIf14LogicArrayListIfEE3addEPKf,0x13c
0x9cbdac,_ZNSt6__ndk120__shared_ptr_pointerIPN8Databind23DefaultObjectTypeTraitsIN11wendelstein18SpawnConeComponentEEENS_14default_deleteIS5_EENS_9allocatorIS5_EEE21__on_zero_shared_weakEv,0x4
0x9cbdb0,_ZNSt6__ndk110__function6__funcIZN8Databind8Migrator16addMigrationStepIN11wendelstein12old_versions15EmitterParamsV0ENS5_7Emitter13EmitterParamsEEEviNS_8functionIFvRT_RT0_EEEEUlPvSH_E_NS_9allocatorISI_EEFvSH_SH_EED0Ev,0x58
0x9cbe08,_ZN31RequestLatencyTestStatusMessageD0Ev,0xc0
0x9cbec8,_ZN18PlaySoundExecution9isInstantEv,0x8
0x9cbed0,_ZN10SWFTexture11loadTextureIiEEvP12SupercellSWFiiiibb,0x2b4
0x9cc184,_ZNSt6__ndk115basic_streambufIcNS_11char_traitsIcEEE5imbueERKNS_6localeE,0x4
0x9cc188,_ZNSt6__ndk16vectorI10SCIDFriendNS_9allocatorIS1_EEE7reserveEm,0x180
0x9cc308,_ZN3ColILi7EE4idctEPhPKi,0x1c0
0x9cc4c8,_ZNK2OT30ReverseChainSingleSubstFormat114collect_glyphsEPNS_27hb_collect_glyphs_context_tE,0x1f4
0x9cc6bc,_ZN2fx4gltf6detail17ReadOptionalFieldINSt6__ndk16vectorINS0_7TextureENS3_9allocatorIS5_EEEEEEvNS3_17basic_string_viewIcNS3_11char_traitsIcEEEERKN8nlohmann10basic_jsonINS3_3mapES4_NS3_12basic_stringIcSB_NS6_IcEEEEblmdS6_NSD_14adl_serializerEEERT_,0x158
0x9cc814,_ZN5titan4java4util7HashMapD0Ev,0x38
0x9cc84c,_ZThn368_N30LookForATeamMemberConfirmPopup17canSwitchAltModesEv,0x8
0x9cc854,_ZN24LaserParticleEmitterDataD0Ev,0x3c
0x9cc890,_ZN10ProjectileD0Ev,0x78
0x9cc908,_ZNK21TypedResourceDataBaseILi6EE7getTypeEv,0x8
0x9cc910,_ZNSt6__ndk118basic_stringstreamIcNS_11char_traitsIcEENS_9allocatorIcEEED0Ev,0x7c
0x9cc98c,_ZNSt6__ndk16__treeINS_12__value_typeIN12TestReporter10TestResultE6StringEENS_19__map_value_compareIS3_S5_NS_4lessIS3_EELb1EEENS_9allocatorIS5_EEE12__find_equalIS3_EERPNS_16__tree_node_baseIPvEENS_21__tree_const_iteratorIS5_PNS_11__tree_nodeIS5_SF_EElEERPNS_15__tree_end_nodeISH_EESI_RKT_,0x1c8
0x9ccb54,_ZN8safe_jni7ConvertIN5titan3com9supercell5titan17GL2JNISurfaceViewEvE12CallFunctionEP10_jmethodIDP8_jobjectz,0xb4
0x9ccc08,_ZN8Databind4Util13ArrayAccessorI7Vector3IfE14LogicArrayListIS3_EED0Ev,0x4
0x9ccc0c,_ZN8Databind4Util13ArrayAccessorI7Vector2IfE14LogicArrayListIS3_EE5eraseEm,0x98
0x9ccca4,_ZNK27PurchaseSkinGroupOfferPopup12getPopupTypeEv,0x8
0x9cccac,_ZNSt6__ndk110__function6__funcIZN11wendelstein16ComponentFactory14addConstructorINS2_21DecelerationComponentEEEvvEUlvE_NS_9allocatorIS6_EEFNS_10shared_ptrINS2_17IEmitterComponentEEEvEED0Ev,0x4
0x9cccb0,_ZN20DeviceLinkInfoScreen16getSubScreenTypeEv,0x8
0x9cccb8,_ZN9randutils11auto_seededINS_11seed_seq_feILm4EjLm1EEEE13local_entropyEv,0x54
0x9cd16c,_ZNK2OT8OffsetToINS_12OffsetListOfINS_6LookupEEENS_7IntTypeItLj2EEEE8sanitizeEPNS_21hb_sanitize_context_tEPKv,0x1d0
0x9cd33c,_ZNK27BillingRequestFailedMessage14getMessageTypeEv,0x8
0x9cd344,_ZN24BadgePreviewToggleButtonD2Ev,0x34
0x9cd378,_ZN8Databind4Util13ArrayAccessorIb14LogicArrayListIbEE8capacityEm,0xf0
0x9cd468,_ZN6SCTune10addTriggerERK6StringPbPKcP20SCTuneChangeListenerib,0x30
0x9cd498,_ZN11wendelstein24TangentVelocityComponent4nameEv,0x28
0x9cd4c0,_ZNK2OT13AnchorFormat310get_anchorEP9hb_font_tjPiS3_,0x2e4
0x9cd7a4,_ZN4asio6detail10socket_ops18non_blocking_send1EiPKvmiRNSt6__ndk110error_codeERm,0x1f0
0x9cd994,_ZN14LogicArrayListIN9CombatHUD14GoalScorerInfoEE14ensureCapacityEi,0x148
0x9cdadc,_ZN21LogicProjectileServerD2Ev,0x6c
0x9cdb48,_ZN25LogicAvatarChangeListener19markSeasonCollectedEiiii,0x4
0x9cdb4c,_ZN14HelpshiftTitan27HelpshiftConnectionFallback16showConversationEv,0x14
0x9cdb60,_ZN8safe_jni15static_functionIN5titan3com9supercell5titan7GameAppEiEclIJ6StringS8_iliS8_S8_S8_S8_S8_S8_EEEiDpT_,0x39c
0x9cdefc,_ZNSt6__ndk120__shared_ptr_pointerIPN8Databind23DefaultObjectTypeTraitsIN11wendelstein15SpringComponentEEENS_14default_deleteIS5_EENS_9allocatorIS5_EEE16__on_zero_sharedEv,0x24
0x9cdf20,_ZNSt6__ndk113__assoc_stateI19InstallReferrerDataED0Ev,0x54
0x9cdf74,_ZNSt6__ndk19transformIN8nlohmann6detail9iter_implIKNS1_10basic_jsonINS_3mapENS_6vectorENS_12basic_stringIcNS_11char_traitsIcEENS_9allocatorIcEEEEblmdSA_NS1_14adl_serializerEEEEENS_15insert_iteratorINS6_IN2fx4gltf5SceneENSA_ISK_EEEEEEZNS2_20from_json_array_implISE_SM_EEDTcmcmcldtfp0_7reserveclsr3stdE7declvalINT0_9size_typeEEEEcldtfp_3getINSP_10value_typeEEEcvv_EERKT_RSP_NS2_12priority_tagILj1EEEEUlRSF_E_EESP_ST_ST_SP_T1_,0x1a4
0x9ce118,_ZNK8Databind16DatabindTreeNode23getAsDatabindObjectNodeEv,0x8
0x9ce120,_ZN16LogicRankedMatchD2Ev,0x4
0x9ce124,_ZNK17ReportUserMessage14getMessageTypeEv,0x8
0x9ce12c,_ZNSt6__ndk16__treeINS_12__value_typeINS_12basic_stringIcNS_11char_traitsIcEENS_9allocatorIcEEEES7_EENS_19__map_value_compareIS7_S8_NS_4lessIS7_EELb1EEENS5_IS8_EEE12__find_equalIS7_EERPNS_16__tree_node_baseIPvEERPNS_15__tree_end_nodeISJ_EERKT_,0x120
0x9ce24c,_ZN21EnterMapEditorMessageD0Ev,0xc0
0x9ce30c,_ZN16AllianceRankItemD0Ev,0x4c
0x9ce358,_ZN8nlohmann10basic_jsonINSt6__ndk13mapENS1_6vectorENS1_12basic_stringIcNS1_11char_traitsIcEENS1_9allocatorIcEEEEblmdS7_NS_14adl_serializerEEC2ERKSB_,0x194
0x9ce4ec,_ZN24TextFieldLinkHitDetectorD2Ev,0x14
0x9ce500,_ZNSt6__ndk16vectorISt4byteNS_9allocatorIS1_EEE6assignIPKS1_EENS_9enable_ifIXaasr21__is_forward_iteratorIT_EE5valuesr16is_constructibleIS1_NS_15iterator_traitsIS9_E9referenceEEE5valueEvE4typeES9_S9_,0x12c
0x9ce62c,_ZNK16BaseNotification17getFileEntryCountEv,0x8
0x9ce634,_ZN8Databind4Util13ArrayAccessorI12LogicVector314LogicArrayListIS2_EE4sizeEv,0xc
0x9ce640,_ZN5titan3com9supercell5titan15ApplicationUtilD0Ev,0x38
0x9ce678,_ZNK11wendelstein24TangentVelocityComponent11getCategoryEv,0x8
0x9ce680,_ZN4Game19keyboardSizeChangedEff,0x4
0x9ce684,_ZN8Databind4Util17ArrayAccessorBaseI7Vector2IfE14LogicArrayListIS3_EE6addPtrEPKv,0xc
0x9ce690,_ZN8nlohmann6detail6parserINS_10basic_jsonINSt6__ndk13mapENS3_6vectorENS3_12basic_stringIcNS3_11char_traitsIcEENS3_9allocatorIcEEEEblmdS9_NS_14adl_serializerEEEE18sax_parse_internalINS0_28json_sax_dom_callback_parserISD_EEEEbPT_,0xf50
0x9cf5e0,_ZN25LogicAvatarChangeListener10questsSeenEv,0x4
0x9cf5e4,_ZN18HTTPClientListener19getResponseReceivedEPKvi,0x4
0x9cf5e8,_ZN8safe_jni15static_functionIN5titan3com9supercell5titan15PurchaseManagerEvEclIJ6StringEEEvDpT_,0x1a0
0x9cf788,_ZN8Databind4Util17ArrayAccessorBaseIfNSt6__ndk16vectorIfNS2_9allocatorIfEEEEE6setPtrEmPKv,0xc
0x9cf794,_ZN11wendelstein19SpawnBurstComponent9objectDefEv,0x4
0x9cf798,_ZNSt6__ndk120__shared_ptr_emplaceIN11wendelstein21SimpleGroundComponentENS_9allocatorIS2_EEE21__on_zero_shared_weakEv,0x4
0x9cf79c,_ZN21BoxRewardNotification19getNotificationTypeEv,0x8
0x9cf7a4,_ZN8Databind4Util13ArrayAccessorINSt6__ndk112basic_stringIcNS2_11char_traitsIcEENS2_9allocatorIcEEEE14LogicArrayListIS8_EE6resizeEm,0x2c
0x9cf7d0,_ZNK6icu_5819Normalizer2WithImpl9normalizeERKNS_13UnicodeStringERS1_R10UErrorCode,0x160
0x9cf930,_ZN27LogicSelectCharacterCommandD0Ev,0x4
0x9cf934,_ZN30FriendOnlineStatusEntryMessageD0Ev,0xc0
0x9cf9f4,_ZNSt6__ndk16vectorIN11wendelstein19SpriteSheetRenderer13ParticleStateENS_9allocatorIS3_EEE6insertENS_11__wrap_iterIPKS3_EEOS3_,0x1f4
0x9cfbe8,_ZNK10BitmapFont11getFullNameEv,0xc
0x9cfbf4,_ZNK8nlohmann6detail12from_json_fnclINS_10basic_jsonINSt6__ndk13mapENS4_6vectorENS4_12basic_stringIcNS4_11char_traitsIcEENS4_9allocatorIcEEEEblmdSA_NS_14adl_serializerEEEN2fx4gltf9Animation7ChannelEEEDTcmcl9from_jsonfp_fp0_Ecvv_EERKT_RT0_,0x104
0x9cfcf8,_ZN34PurchaseOfferHighlightPopupHandler20isWaitingForIapPriceEv,0x10
0x9cfd08,_ZNK23GameConfigIpadLandscape12getCameraFovEv,0x8
0x9cfd10,_ZN9YesButtonD0Ev,0x4
0x9cfd14,_ZN8safe_jni9JavaClassD0Ev,0x38
0x9cfd4c,_ZNSt6__ndk114__split_bufferIfRNS_9allocatorIfEEE9push_backEOf,0x12c
0x9cfe78,_ZNKSt6__ndk110__function6__funcIZN11scTaskQueue3runIZN10SWFTexture21loadDownscaledTextureIsEEvP12SupercellSWFiiiibbEUlvE_EENS_13invoke_resultIT_JEE4typeESA_EUlvE_NS_9allocatorISD_EEFvvEE7__cloneEPNS0_6__baseISG_EE,0x18
0x9cfe90,_ZN8Databind4Util13ArrayAccessorI7Vector3IfE14LogicArrayListIS3_EE5eraseEm,0x54
0x9cfee4,_ZN22SkinRewardNotificationD0Ev,0x4
0x9cfee8,_ZN8Databind23DefaultObjectTypeTraitsIN11wendelstein12old_versions22MovieClipEmitterDataV0EE7destroyEPv,0x30
0x9cff18,_ZN8Databind4Util13ArrayAccessorIb14LogicArrayListIbEE3setEmPKb,0x14
0x9cff2c,_ZNK18PurchaseOfferPopup12getPopupTypeEv,0x8
0x9cff34,_ZNKSt6__ndk110__function6__funcIZN10SWFTexture11loadTextureIhEEvP12SupercellSWFiiiibbEUlvE_NS_9allocatorIS6_EEFvvEE11target_typeEv,0xc
0x9cff40,_ZN11wendelstein20MovieClipEmitterData20getDatabindObjectDefEv,0x310
0x9d0250,_ZN17LogicGameListener12heroSelectedEPK18LogicCharacterData,0x4
0x9d0254,_ZN4asio2ip20basic_resolver_queryINS0_3tcpEEC2ERKNSt6__ndk112basic_stringIcNS4_11char_traitsIcEENS4_9allocatorIcEEEESC_NS0_13resolver_base5flagsE,0x16c
0x9d03c0,_ZN10GameScreen10touchMovedERK5Touch,0x8
0x9d03c8,_ZN6SCTune8addColorEPK6CSVRowRK6StringPiPKcP20SCTuneChangeListenerib,0x30
0x9d03f8,_ZN26LogicRankedMatchRoundStateD2Ev,0x4
0x9d03fc,_ZN2fx4gltf9from_jsonERKN8nlohmann10basic_jsonINSt6__ndk13mapENS3_6vectorENS3_12basic_stringIcNS3_11char_traitsIcEENS3_9allocatorIcEEEEblmdS9_NS1_14adl_serializerEEERNS0_8Material13NormalTextureE,0x130
0x9d052c,_ZNSt6__ndk120__shared_ptr_pointerIPN8Databind23DefaultObjectTypeTraitsIN11wendelstein7Emitter13EmitterParamsEEENS_14default_deleteIS6_EENS_9allocatorIS6_EEE21__on_zero_shared_weakEv,0x4
0x9d0530,_ZN23AllianceResponseMessageD0Ev,0xc0
0x9d05f0,_ZN25LogicAvatarChangeListener18dailyRewardClaimedEi,0x4
0x9d05f4,_ZN11wendelstein15GroundComponentD0Ev,0x4
0x9d05f8,_ZN17scFSAndroidAssetsD0Ev,0x24
0x9d061c,_ZN17IFacebookListener25facebookDeletedAppRequestERK6String,0x4
0x9d0620,_ZNSt6__ndk16__treeINS_12__value_typeIN15NativeFontCache8CacheKeyENS2_9CacheInfoEEENS_19__map_value_compareIS3_S5_NS_4lessIS3_EELb1EEENS_9allocatorIS5_EEE7destroyEPNS_11__tree_nodeIS5_PvEE,0x48
0x9d0668,_ZNSt6__ndk16__sortIRPFbPK15LogicLocaleDataS3_EPS3_EEvT0_S8_T_,0x624
0x9d0c8c,_ZN8safe_jni15static_functionIN5titan3com9supercell5titan21NativeFacebookManagerEvEclIJEEEvDpT_,0x138
0x9d0dc4,_ZN23TitanLoginFailedMessageD0Ev,0x4
0x9d0dc8,_ZN16IWebViewListener10swipeRightEv,0x4
0x9d0dcc,_ZN8Databind4Util13ArrayAccessorIiNSt6__ndk16vectorIiNS2_9allocatorIiEEEEE15addDefaultValueEv,0x74
0x9d0e40,_ZN4asio9execution6detail17any_executor_base10require_fnINS0_12any_executorIJNS0_12context_as_tIRNS_17execution_contextEEENS1_8blocking7never_tILi0EEENS0_11prefer_onlyINS9_10possibly_tILi0EEEEENSC_INS1_16outstanding_work9tracked_tILi0EEEEENSC_INSG_11untracked_tILi0EEEEENSC_INS1_12relationship6fork_tILi0EEEEENSC_INSN_14continuation_tILi0EEEEEEEENS_10io_context19basic_executor_typeINSt6__ndk19allocatorIvEELj0EEEST_EET_PKvS13_,0x24
0x9d0e64,_ZN8Databind4Util13ArrayAccessorI12LogicVector214LogicArrayListIS2_EE15addDefaultValueEv,0x98
0x9d0efc,_ZN24BadgePreviewToggleButtonD0Ev,0x3c
0x9d0f38,_ZN19NameChangeSubScreen5closeEv,0x4
0x9d0f3c,_ZN17LogicGameListener23inviteBlockStateChangedEv,0x4
0x9d0f40,_ZN11wendelstein27IWendelsteinParticleEmitter14setEffectAlphaEf,0x4
0x9d0f44,_ZNK6icu_5815NoopNormalizer212isNormalizedERKNS_13UnicodeStringER10UErrorCode,0x8
0x9d0f4c,_ZN23LogicHomeChangeListener18coinBoostPurchasedEi,0x4
0x9d0f50,_ZN8Databind4Util17ArrayAccessorBaseIi14LogicArrayListIiEE6getPtrEm,0xc
0x9d0f5c,_ZN11wendelstein18SpawnRateComponent5cloneEv,0x9c
0x9d0ff8,_ZN18LogicGemBundleDataD2Ev,0x64
0x9d105c,_ZNSt6__ndk120__shared_ptr_pointerIPN8Databind23DefaultObjectTypeTraitsI24LaserParticleEmitterDataEENS_14default_deleteIS4_EENS_9allocatorIS4_EEE21__on_zero_shared_weakEv,0x4
0x9d1060,_ZN23CreateGameFailedMessageD0Ev,0xc0
0x9d1120,_ZN14AllianceScreen6notifyEi,0x4
0x9d1124,_ZN21AllianceMemberMessageD0Ev,0xc0
0x9d11e4,_ZNK6icu_5819Normalizer2WithImpl12isNormalizedERKNS_13UnicodeStringER10UErrorCode,0x98
0x9d127c,_ZN8Databind17DatabindTableBaseIN11wendelstein19AbstractEmitterDataEEC2EPKcPK14DatabindObject,0x138
0x9d13b4,_ZN8safe_jni15static_functionIN5titan3com9supercell5titan23NativeHTTPClientManagerEiEclIJ6StringS8_S8_S8_EEEiDpT_,0x200
0x9d15b4,_ZNSt6__ndk16vectorINS_10shared_ptrIN11wendelstein17IEmitterComponentEEENS_9allocatorIS4_EEE6insertENS_11__wrap_iterIPKS4_EEOS4_,0x310
0x9d18c4,_ZN8safe_jni8functionIN5titan4java8security13MessageDigestENSt6__ndk16vectorISt4byteNS5_9allocatorIS7_EEEEEclIJSA_EEESA_P8_jobjectDpT_,0x15c
0x9d1a20,_ZN18CryptoErrorMessageD0Ev,0xc0
0x9d1ae0,_ZNSt6__ndk16__treeINS_12__value_typeI6StringS2_EENS_19__map_value_compareIS2_S3_NS_4lessIS2_EELb1EEENS_9allocatorIS3_EEE30__emplace_hint_unique_key_argsIS2_JRKNS_4pairIKS2_S2_EEEEENS_15__tree_iteratorIS3_PNS_11__tree_nodeIS3_PvEElEENS_21__tree_const_iteratorIS3_SL_lEERKT_DpOT0_,0xdc
0x9d1bbc,_ZN8Databind23NlohmannJsonInReflectorD0Ev,0x4c
0x9d1c08,_ZN29LogicGiveDeliveryItemsCommandD2Ev,0x4c
0x9d1c54,_ZNK17BrawlTvIntroPopup12getPopupTypeEv,0x8
0x9d1c5c,_ZNSt6__ndk16__treeINS_12__value_typeINS_12basic_stringIcNS_11char_traitsIcEENS_9allocatorIcEEEEN8nlohmann10basic_jsonINS_3mapENS_6vectorES7_blmdS5_NS8_14adl_serializerEEEEENS_19__map_value_compareIS7_SE_NS_4lessIvEELb1EEENS5_ISE_EEE4findIA10_cEENS_15__tree_iteratorISE_PNS_11__tree_nodeISE_PvEElEERKT_,0x12c
0x9d1d88,_asio_detail_posix_thread_function,0x40
0x9d1dc8,_ZN22UpdatePlayerMapMessageD2Ev,0xc4
0x9d1e8c,_ZNK22ResourceDataLoaderImplI17ResourceDataFlashE7getTypeEv,0x8
0x9d1e94,_ZN11InputSystem17initializeMembersEv,0x1dc
0x9d2070,_ZNSt6__ndk110__function6__funcIZN10SWFTexture21loadDownscaledTextureIsEEvP12SupercellSWFiiiibbEUlvE_NS_9allocatorIS6_EEFvvEE7destroyEv,0x4
0x9d2074,_ZN38TencentBillingProcessedByServerMessageD2Ev,0xd8
0x9d214c,_ZN8safe_jni8functionIN5titan4java4lang4LongElEclIJEEElP8_jobjectDpT_,0x118
0x9d2264,_ZN17LogicGameListener22showDeliveryCardsPopupEv,0x4
0x9d2268,_ZNSt6__ndk110__function6__funcIZN11wendelstein16ComponentFactory14addConstructorINS2_15VortexComponentEEEvvEUlvE_NS_9allocatorIS6_EEFNS_10shared_ptrINS2_17IEmitterComponentEEEvEE7destroyEv,0x4
0x9d226c,_ZN8safe_jni8functionIN5titan3com9supercell5titan19GoogleServiceClientEvEclIJ6StringEEEvP8_jobjectDpT_,0x184
0x9d23f0,_ZN22TeamPremadeChatMessageD0Ev,0xc0
0x9d24b0,_ZNK11SCIDManager27isSCIDEnabledForGameAccountEv,0x8
0x9d24b8,_ZN8safe_jni13FuncSignatureIJiiNSt6__ndk16vectorISt4byteNS1_9allocatorIS3_EEEEiEE8toStringEv,0xac
0x9d2564,_ZN4asio6detail21resolver_service_base16start_resolve_opEPNS0_10resolve_opE,0x130
0x9d2694,_ZN22ResourceDataLoaderImplI16ResourceDataFontE10loadFailedEv,0xf4
0x9d2788,_ZN19LogicProjectileDataD0Ev,0x60
0x9d27e8,_ZN8Databind15DatabindReflectI24LaserParticleEmitterDataED0Ev,0x4
0x9d27ec,_ZN16DataLoaderStringD0Ev,0x84
0x9d2870,_ZN13scResourceMapD2Ev,0x2c
0x9d289c,_ZNK6icu_5818KeywordEnumeration5cloneEv,0x80
0x9d291c,_ZN8Databind6detail22AccessorNonRefGetConstIf18BezierInterpolatorIfEE3getEPv,0x3c
0x9d2958,_ZN19AcceptFriendMessage18getServiceNodeTypeEv,0x8
0x9d2960,_ZN8safe_jni8functionIN5titan7android3app8ActivityEvEclIJNS2_7content6IntentEEEEvP8_jobjectDpT_,0x140
0x9d2aa0,_ZN8Databind4Util13ArrayAccessorI7Vector3IfE14LogicArrayListIS3_EE3getEm,0x14
0x9d2ab4,_ZN8safe_jni7ConvertIN5titan7android3net3UriEvE12CallFunctionEP10_jmethodIDP8_jobjectz,0xb4
0x9d2b68,_ZN8Databind8Migrator16addMigrationStepIN11wendelstein12old_versions15EmitterParamsV0ENS2_7Emitter13EmitterParamsEEEviNSt6__ndk18functionIFvRT_RT0_EEE,0x374
0x9d2edc,_ZN4asio6detail10socket_ops5closeEiRhbRNSt6__ndk110error_codeE,0x24c
0x9d3128,_ZThn368_N30LookForATeamMemberConfirmPopup23onLocationSelectionDoneEv,0x4
0x9d312c,_ZN5titan7android3app8ActivityD0Ev,0x38
0x9d3164,_ZN8Databind23DefaultObjectTypeTraitsIN11wendelstein22SpawnVelocityComponentEE6assignEPvPKv,0x74
0x9d31d8,_ZNSt6__ndk16vectorIN8nlohmann10basic_jsonINS_3mapES0_NS_12basic_stringIcNS_11char_traitsIcEENS_9allocatorIcEEEEblmdS7_NS1_14adl_serializerEEENS7_ISB_EEE24__emplace_back_slow_pathIJRxEEEvDpOT_,0x138
0x9d3310,_ZN18BezierInterpolatorI7Vector3IfEE7setFromES1_,0xc
0x9d331c,_ZN4asio9execution12bad_executorD0Ev,0x24
0x9d3340,_ZN11wendelstein19SpawnBurstComponent5cloneEv,0x34
0x9d3374,_ZN8safe_jni8functionIN5titan3com6google7android4play4core5tasks4TaskENS1_4java4lang6ObjectEEclIJEEESB_P8_jobjectDpT_,0x120
0x9d3494,_ZNSt6__ndk16__treeINS_12__value_typeINS_12basic_stringIcNS_11char_traitsIcEENS_9allocatorIcEEEEP18scAbstractTreeNodeEENS_19__map_value_compareIS7_SA_NS_4lessIS7_EELb1EEENS5_ISA_EEE7destroyEPNS_11__tree_nodeISA_PvEE,0x50
0x9d34e4,_ZN17LogicGameListener11refreshShopEv,0x4
0x9d34e8,_ZNSt6__ndk127__insertion_sort_incompleteIRPFbPK18LogicCharacterDataS3_EPS3_EEbT0_S8_T_,0x330
0x9d3818,_ZN22ResourceDataLoaderImplI19ResourceDataTextureE10loadFailedEv,0x50
0x9d3868,_ZN30PurchaseKeyDoublerPopupHandler7hasDescEv,0x8
0x9d3870,_ZNSt6__ndk16vectorI11scRingQueueI7Vector3IfEENS_9allocatorIS4_EEE6insertENS_11__wrap_iterIPKS4_EEOS4_,0x4b0
0x9d3d20,_ZNSt6__ndk112__hash_tableINS_17__hash_value_typeINS_12basic_stringIcNS_11char_traitsIcEENS_9allocatorIcEEEEjEENS_22__unordered_map_hasherIS7_S8_NS_4hashIS7_EELb1EEENS_21__unordered_map_equalIS7_S8_NS_8equal_toIS7_EELb1EEENS5_IS8_EEE13__move_assignERSI_NS_17integral_constantIbLb1EEE,0x108
0x9d3e28,_ZNK14AllianceScreen10closeInputEv,0x4
0x9d3e2c,_ZNSt6__ndk112__hash_tableINS_17__hash_value_typeINS_12basic_stringIcNS_11char_traitsIcEENS_9allocatorIcEEEEjEENS_22__unordered_map_hasherIS7_S8_NS_4hashIS7_EELb1EEENS_21__unordered_map_equalIS7_S8_NS_8equal_toIS7_EELb1EEENS5_IS8_EEE25__emplace_unique_key_argsIS7_JNS_4pairIKS7_jEEEEENSK_INS_15__hash_iteratorIPNS_11__hash_nodeIS8_PvEEEEbEERKT_DpOT0_,0x360
0x9d418c,_ZN4asio6detail13epoll_reactor3runElRNS0_8op_queueINS0_19scheduler_operationEEE,0x1c4
0x9d4350,_ZNSt6__ndk120__shared_ptr_emplaceIN11wendelstein15VortexComponentENS_9allocatorIS2_EEED0Ev,0x24
0x9d4374,_ZN25BindTencentAccountMessageD0Ev,0xc0
0x9d4434,_ZN19IGameCenterListenerD0Ev,0x4
0x9d4438,_ZNSt6__ndk16vectorIN5Scene14CameraInstanceENS_9allocatorIS2_EEE7reserveEm,0xd4
0x9d450c,_ZThn368_NK17OnlineTeamupPopup29isInFriendlyRoomInviteContextEv,0x10
0x9d451c,_ZN4Game9handleURLEPKcS1_,0x8
0x9d4524,_ZN8Databind4Util13ArrayAccessorIi14LogicArrayListIiEE5clearEv,0xc
0x9d4530,_ZThn8_N9CharacterD1Ev,0x84
0x9d45b4,_ZN2fx4gltf5ImageaSEOS1_,0x160
0x9d4714,_ZN8Databind4Util17ArrayAccessorBaseI7Vector3IfENSt6__ndk16vectorIS3_NS4_9allocatorIS3_EEEEE10cloneArrayEv,0x6c
0x9d4780,_ZNK8Databind16DatabindTreeNode7isDirtyEv,0x8
0x9d4788,_ZN14LogicArrayListIPK9TextFieldED2Ev,0x2c
0x9d47b4,_ZN8safe_jni13FuncSignatureIJ6StringS1_S1_S1_S1_S1_S1_llbbS1_S1_S1_S1_S1_bbbS1_EE8toStringEv,0xf8
0x9d48ac,_ZN19VisionUpdateMessageD0Ev,0xc0
0x9d496c,_ZNK4asio5error6detail17addrinfo_category7messageEi,0xbc
0x9d4a28,_ZNSt6__ndk120__shared_ptr_emplaceIN11wendelstein22SpawnVelocityComponentENS_9allocatorIS2_EEED0Ev,0x24
0x9d4a4c,_ZNSt6__ndk16vectorIfNS_9allocatorIfEEE21__push_back_slow_pathIRKfEEvOT_,0xe8
0x9d4b34,_ZNK9ShopPopup12getPopupTypeEv,0x8
0x9d4b3c,_ZNK18WaitingPopupRanked12getPopupTypeEv,0x8
0x9d4b44,_ZNK2OT13LigatureSubst8dispatchINS_21hb_sanitize_context_tEEENT_8return_tEPS3_,0x178
0x9d4cbc,_ZNSt6__ndk120__shared_ptr_emplaceIN11wendelstein24TangentVelocityComponentENS_9allocatorIS2_EEED0Ev,0x24
0x9d4ce0,_ZNSt6__ndk16__sortIRPFbPK9BadgeItemS3_EPPS1_EEvT0_S9_T_,0x624
0x9d5304,_ZN24AvatarStreamEntryMessageD0Ev,0xc0
0x9d53c4,_ZThn336_NK10StreamItem16getAnalyticsNameEv,0x8
0x9d53cc,_ZN7Profile12ScopedTiming4InfoD2Ev,0x40
0x9d540c,_ZN2fx4gltf9from_jsonERKN8nlohmann10basic_jsonINSt6__ndk13mapENS3_6vectorENS3_12basic_stringIcNS3_11char_traitsIcEENS3_9allocatorIcEEEEblmdS9_NS1_14adl_serializerEEERNS0_8DocumentE,0x294
0x9d56a0,_ZNSt6__ndk114__split_bufferIN2fx4gltf6CameraERNS_9allocatorIS3_EEE9push_backEOS3_,0x2f4
0x9d5994,_ZN4asio6detail13epoll_reactor21deregister_descriptorEiRPNS1_16descriptor_stateEb,0x41c
0x9d5db0,_ZN8safe_jni15static_functionIN5titan3com9supercell5titan18PushMessageServiceEvEclIJEEEvDpT_,0x138
0x9d5ee8,_ZN12scFilesystem19addSpecialDirectoryERKNSt6__ndk112basic_stringIcNS0_11char_traitsIcEENS0_9allocatorIcEEEES8_,0x288
0x9d6170,_ZN25PurchaseOfferPopupHandler14setParentPopupEP18PurchaseOfferPopup,0x4
0x9d6174,_ZNSt6__ndk16__treeINS_12__value_typeI6StringPK6CSVRowEENS_19__map_value_compareIS2_S6_NS_4lessIS2_EELb1EEENS_9allocatorIS6_EEE7destroyEPNS_11__tree_nodeIS6_PvEE,0x48
0x9d61bc,_ZNK23DeviceLinkedStreamEntry18getStreamEntryTypeEv,0x8
0x9d61c4,_ZN13HeroInfoPopup14usesHintFingerEv,0x8
0x9d61cc,_ZNSt6__ndk16__treeINS_12__value_typeIN22LaserDataLoaderTexture15TextureModifier9OperationENS_4pairIffEEEENS_19__map_value_compareIS4_S7_NS_4lessIS4_EELb1EEENS_9allocatorIS7_EEE7destroyEPNS_11__tree_nodeIS7_PvEE,0x40
0x9d620c,_ZN8Databind4Util13ArrayAccessorI6StringNSt6__ndk16vectorIS2_NS3_9allocatorIS2_EEEEEED0Ev,0x4
0x9d6210,_ZN8Databind4Util13ArrayAccessorI12LogicVector214LogicArrayListIS2_EE3setEmPKS2_,0x18
0x9d6228,_ZN13AnalyticEventD0Ev,0x40
0x9d6268,_ZN21LogicRankRewardConfigD2Ev,0x4
0x9d626c,_ZNK13DisplayObject14isGUIContainerEv,0x8
0x9d6274,_ZNSt6__ndk113basic_ostreamIcNS_11char_traitsIcEEE3putEc,0x10c
0x9d6380,_ZN18BezierInterpolatorI7Vector3IfEE5setY1Ef,0x8
0x9d6388,_ZN21AppRateDialogListener15dialogDidCancelEi,0x78
0x9d6400,_ZN30TicketCompensationNotificationD0Ev,0x4
0x9d6404,_ZNSt6__ndk120__shared_ptr_pointerIPN8Databind6detail23DatabindAccessorWrapperI7Vector3IfEEENS_14default_deleteIS6_EENS_9allocatorIS6_EEED0Ev,0x24
0x9d6428,_ZN22ResourceDataLoaderImplI16ResourceDataFontE12loadFinishedENSt6__ndk110unique_ptrIS0_NS2_14default_deleteIS0_EEEE,0xec
0x9d6514,_ZNKSt6__ndk110__function6__funcIZN11scTaskQueue3runIZN10SWFTexture11loadTextureIsEEvP12SupercellSWFiiiibbEUlvE_EENS_13invoke_resultIT_JEE4typeESA_EUlvE_NS_9allocatorISD_EEFvvEE11target_typeEv,0xc
0x9d6520,_ZN8GameMain19keyboardSizeChangedEff,0xc
0x9d652c,_ZN19SelectLocationPopup23onLocationSelectionDoneEv,0xc
0x9d6538,_ZNSt6__ndk120__shared_ptr_pointerIPN8Databind23DefaultObjectTypeTraitsIN11wendelstein21DecelerationComponentEEENS_14default_deleteIS5_EENS_9allocatorIS5_EEED0Ev,0x24
0x9d655c,_ZNSt6__ndk19transformIN8nlohmann6detail9iter_implIKNS1_10basic_jsonINS_3mapENS_6vectorENS_12basic_stringIcNS_11char_traitsIcEENS_9allocatorIcEEEEblmdSA_NS1_14adl_serializerEEEEENS_15insert_iteratorINS6_IN2fx4gltf7TextureENSA_ISK_EEEEEEZNS2_20from_json_array_implISE_SM_EEDTcmcmcldtfp0_7reserveclsr3stdE7declvalINT0_9size_typeEEEEcldtfp_3getINSP_10value_typeEEEcvv_EERKT_RSP_NS2_12priority_tagILj1EEEEUlRSF_E_EESP_ST_ST_SP_T1_,0x1a0
0x9d66fc,_ZNSt6__ndk16__treeINS_12__value_typeINS_5arrayIhLm32EEE5scKeyEENS_19__map_value_compareIS3_S5_NS_4lessIS3_EELb1EEENS_9allocatorIS5_EEE7destroyEPNS_11__tree_nodeIS5_PvEE,0x40
0x9d673c,_ZN11OnlinePopup15onProfileOpenedEv,0xc
0x9d6748,_ZN8Databind23DefaultObjectTypeTraitsIN11wendelstein17MovieClipRenderer6ParamsEE6assignEPvPKv,0x4c
0x9d6794,_ZNKSt6__ndk120__shared_ptr_pointerIP14LogicArrayListIiENS_14default_deleteIS2_EENS_9allocatorIS2_EEE13__get_deleterERKSt9type_info,0x1c
0x9d67b0,_ZNK11DragHandler8getScaleEv,0x8
0x9d67b8,_ZN24TitanDisconnectedMessageD0Ev,0xc0
0x9d6878,_ZNSt6__ndk120__shared_ptr_emplaceIN11wendelstein23ComponentListSerializerENS_9allocatorIS2_EEED2Ev,0x4
0x9d687c,_ZNK8GameMain9canRenderEv,0x30
0x9d68ac,_ZNKSt6__ndk110__function6__funcIZN10SWFTexture11loadTextureIsEEvP12SupercellSWFiiiibbEUlvE_NS_9allocatorIS6_EEFvvEE7__cloneEv,0x50
0x9d68fc,_ZN29LogicDecreaseHeroScoreCommandD2Ev,0x4c
0x9d6948,_ZN14HelpshiftTitan27HelpshiftConnectionFallbackD0Ev,0x5c
0x9d69a4,_ZN22ResourceDataLoaderImplI19ResourceDataTextureE12loadFinishedENSt6__ndk110unique_ptrIS0_NS2_14default_deleteIS0_EEEE,0xac
0x9d6a50,_ZNSt6__ndk16vectorINS_9sub_matchINS_11__wrap_iterIPKcEEEENS_9allocatorIS6_EEE8__appendEm,0x170
0x9d6bc0,_ZN2fx4gltf5AssetaSEOS1_,0x1a0
0x9d6d60,_ZN14scMemoryHandleD0Ev,0xa8
0x9d6e08,_ZN14HelpshiftTitan27HelpshiftConnectionFallback7showFAQEv,0x14
0x9d6e1c,_ZN29AvatarNameCheckRequestMessageD0Ev,0xc0
0x9d6edc,_ZN14HelpshiftTitan23HelpshiftConnectionImpl16setContactUsModeEi,0x8
0x9d6ee4,_ZNSt6__ndk120__shared_ptr_emplaceI22scThreadSafeRingBufferNS_9allocatorIS1_EEED2Ev,0x30
0x9d6f14,_ZN17AvatarStreamEntryD2Ev,0x4
0x9d6f18,_ZNSt6__ndk121__murmur2_or_cityhashImLm64EEclEPKvm,0x460
0x9d7378,_ZNK8Databind16DatabindEnumBase8hasValueERKNSt6__ndk112basic_stringIcNS1_11char_traitsIcEENS1_9allocatorIcEEEE,0x160
0x9d74d8,_ZNSt6__ndk16vectorIbNS_9allocatorIbEEE18__construct_at_endINS_14__bit_iteratorIS3_Lb0ELm0EEEEENS_9enable_ifIXsr21__is_forward_iteratorIT_EE5valueEvE4typeES8_S8_,0x1e8
0x9d76c0,_ZN4Game12onBackgroundEv,0x10
0x9d76d0,_ZNK11OnlinePopup29isInFriendlyRoomInviteContextEv,0x10
0x9d76e0,_ZNK2OT12ChainContext8dispatchINS_24hb_would_apply_context_tEEENT_8return_tEPS3_,0x22c
0x9d790c,_ZNSt6__ndk120__shared_ptr_emplaceI17scFSLayerPackfileNS_9allocatorIS1_EEE21__on_zero_shared_weakEv,0x4
0x9d7910,_ZNSt6__ndk120__shared_ptr_emplaceIN11wendelstein13DragComponentENS_9allocatorIS2_EEED2Ev,0x4
0x9d7914,_ZN15GameSCIDManager17initializeMembersEv,0x118
0x9d7a2c,_ZN14LogicArrayListI12MovieClipRefEaSERKS1_,0x124
0x9d7b50,_ZN4asio9execution6detail17any_executor_base9prefer_fnINS0_12any_executorIJNS0_12context_as_tIRNS_17execution_contextEEENS1_8blocking7never_tILi0EEENS0_11prefer_onlyINS9_10possibly_tILi0EEEEENSC_INS1_16outstanding_work9tracked_tILi0EEEEENSC_INSG_11untracked_tILi0EEEEENSC_INS1_12relationship6fork_tILi0EEEEENSC_INSN_14continuation_tILi0EEEEEEEENS_10io_context19basic_executor_typeINSt6__ndk19allocatorIvEELj0EEESM_EET_PKvS13_,0x34
0x9d7b84,_ZN14HelpshiftTitan27HelpshiftConnectionFallback10enableChatEv,0x4
0x9d7b88,_ZN17IFacebookListener24facebookDialogDidDismissEv,0x4
0x9d7b8c,_ZN4asio6detail23reactive_socket_serviceINS_2ip3tcpEE8shutdownEv,0x4
0x9d7b90,_ZN27ClaimRankRewardPopupHandler7hasDescEv,0x8
0x9d7b98,_ZN15LaserBoxManager4PageC2ERKS0_,0xec
0x9d7c84,_ZN4asio6detail10socket_ops24translate_addrinfo_errorEi,0x3f0
0x9d8074,_j_ZThn192_NK15ProLeagueScreen18getTargetMovieClipEv,0x4
0x9d8078,_e843419@0003_00000fcf_380,0x8
0x9d9074,_ZThn192_NK15ProLeagueScreen18getTargetMovieClipEv,0x8
0x9d907c,_ZN18scFSLayerDirectoryD2Ev,0xb4
0x9d9130,_ZNK2OT7Context8dispatchINS_21hb_sanitize_context_tEEENT_8return_tEPS3_,0x268
0x9d9398,_ZNSt6__ndk16vectorI11TencentUserNS_9allocatorIS1_EEED2Ev,0x80
0x9d9418,_ZN6SCTune6addIntERK6StringPiPKcP20SCTuneChangeListenerib,0x30
0x9d9448,_ZN25LogicAvatarChangeListener22debugClearAllCooldownsEv,0x4
0x9d944c,_ZN14LogicArrayListI8LineUserE14ensureCapacityEi,0x148
0x9d9594,_ZN27GoogleBillingRequestMessageD0Ev,0x24
0x9d95b8,_ZN6icu_5816ReorderingBuffer9appendBMPEthR10UErrorCode,0x1cc
0x9d9784,_ZNSt6__ndk16__treeINS_12__value_typeINS_12basic_stringIcNS_11char_traitsIcEENS_9allocatorIcEEEEN8nlohmann10basic_jsonINS_3mapENS_6vectorES7_blmdS5_NS8_14adl_serializerEEEEENS_19__map_value_compareIS7_SE_NS_4lessIvEELb1EEENS5_ISE_EEE4findIA7_cEENS_15__tree_iteratorISE_PNS_11__tree_nodeISE_PvEElEERKT_,0x12c
0x9d98b0,_ZN8Databind4Util17ArrayAccessorBaseI12LogicVector2NSt6__ndk16vectorIS2_NS3_9allocatorIS2_EEEEE6addPtrEPKv,0xc
0x9d98bc,_ZN8nlohmann6detail5lexerINS_10basic_jsonINSt6__ndk13mapENS3_6vectorENS3_12basic_stringIcNS3_11char_traitsIcEENS3_9allocatorIcEEEEblmdS9_NS_14adl_serializerEEEE18next_byte_in_rangeESt16initializer_listIiE,0x19c
0x9d9a58,_ZN5titan3com9supercell2id8IdFriendD0Ev,0x38
0x9d9a90,_ZN25PurchaseOfferPopupHandler16getRemainingTimeEv,0x8
0x9d9a98,_ZNSt6__ndk120__shared_ptr_pointerIPN8Databind23DefaultObjectTypeTraitsIN11wendelstein12EmitterBurstEEENS_14default_deleteIS5_EENS_9allocatorIS5_EEE21__on_zero_shared_weakEv,0x4
0x9d9a9c,_ZThn192_NK15ProLeagueScreen14getLocalScrollEv,0x8
0x9d9aa4,_ZN8Databind23DefaultObjectTypeTraitsIN11wendelstein21SimpleGroundComponentEE7destroyEPv,0x18
0x9d9abc,_ZN24jpeg_decoder_file_stream4openEPKc,0x9c
0x9d9b58,_ZNK13HeroInfoPopup15showResourceHUDEv,0x8
0x9d9b60,_ZN4ItemD2Ev,0x64
0x9d9bc4,_ZNKSt6__ndk110__function6__funcIZN11scTaskQueue3runIZN10SWFTexture11loadTextureIiEEvP12SupercellSWFiiiibbEUlvE_EENS_13invoke_resultIT_JEE4typeESA_EUlvE_NS_9allocatorISD_EEFvvEE7__cloneEPNS0_6__baseISG_EE,0x18
0x9d9bdc,_ZN12NodeInstanceD0Ev,0x30
0x9d9c0c,_ZNK4Font11stringWidthERK6String,0x74
0x9d9c80,_ZN8Databind14IDatabindTable13registerTableEPKc,0x12c
0x9d9dac,_ZN8safe_jni8functionIN5titan7android4view7Display4ModeEfEclIJEEEfP8_jobjectDpT_,0x11c
0x9d9ec8,_ZN17PlayerRankingDataD2Ev,0x4
0x9d9ecc,_ZNSt6__ndk13mapINS_12basic_stringIcNS_11char_traitsIcEENS_9allocatorIcEEEEP18scAbstractTreeNodeNS_4lessIS6_EENS4_INS_4pairIKS6_S8_EEEEE6insertINS_20__map_const_iteratorINS_21__tree_const_iteratorINS_12__value_typeIS6_S8_EEPNS_11__tree_nodeISK_PvEElEEEEEEvT_SR_,0x120
0x9d9fec,_ZNSt6__ndk16vectorIN2fx4gltf7TextureENS_9allocatorIS3_EEE7reserveEm,0x164
0x9da150,_ZN24SkinCampaignGroupHandler11deletesClipEv,0x8
0x9da158,_ZN16ProgressBarTweenC2EP9MovieClipP9TextFieldiiifRK6StringS6_iS1_S1_bbS1_S6_,0x1fc
0x9da354,_ZN8nlohmann6detail5lexerINS_10basic_jsonINSt6__ndk13mapENS3_6vectorENS3_12basic_stringIcNS3_11char_traitsIcEENS3_9allocatorIcEEEEblmdS9_NS_14adl_serializerEEEE4scanEv,0x1fc
0x9da550,_ZN11scTaskQueue6submitIZNS_3runIZN10SWFTexture21loadDownscaledTextureIhEEvP12SupercellSWFiiiibbEUlvE_EENSt6__ndk113invoke_resultIT_JEE4typeES9_EUlvE_EENS7_6futureISB_EES9_,0xf0
0x9da640,_ZNK2OT11SubstLookup8sanitizeEPNS_21hb_sanitize_context_tE,0x260
0x9da8a0,_ZNSt6__ndk115basic_stringbufIcNS_11char_traitsIcEENS_9allocatorIcEEE8overflowEi,0x224
0x9daac4,_ZN8safe_jni7ConvertIN5titan3com6google7android4play4core5tasks18OnCompleteListenerEvE3SigEv,0xd8
0x9dab9c,_ZN11LogicAvatarD2Ev,0x4
0x9daba0,_ZN12DCT_Upsample3R_SILi4ELi4EE4calcERNS_8Matrix44ES3_PKs,0x1fc
0x9dad9c,_ZN8Databind4Util13ArrayAccessorIbNSt6__ndk16vectorIbNS2_9allocatorIbEEEEE3setEmPKb,0x3c
0x9dadd8,_ZN24LoginUsingSessionMessageD0Ev,0xc0
0x9dae98,_ZNSt6__ndk110__function6__funcIZN10SWFTexture21loadDownscaledTextureIiEEvP12SupercellSWFiiiibbEUlvE_NS_9allocatorIS6_EEFvvEEclEv,0x34
0x9daecc,_ZN11scTaskQueue3runIZN10SWFTexture21loadDownscaledTextureIhEEvP12SupercellSWFiiiibbEUlvE_EENSt6__ndk113invoke_resultIT_JEE4typeES8_,0x104
0x9dafd0,_ZNK14EnterNamePopup16isFadeOutEnabledEv,0x8
0x9dafd8,_ZNK4Shop15showResourceHUDEv,0x8
0x9dafe0,_ZNSt6__ndk16__treeINS_12__value_typeI6StringS2_EENS_19__map_value_compareIS2_S3_NS_4lessIS2_EELb1EEENS_9allocatorIS3_EEE12__find_equalIS2_EERPNS_16__tree_node_baseIPvEENS_21__tree_const_iteratorIS3_PNS_11__tree_nodeIS3_SD_EElEERPNS_15__tree_end_nodeISF_EESG_RKT_,0x22c
0x9db20c,_ZNK27PurchaseSkinGroupOfferPopup17showOnlinePlayersEv,0x8
0x9db214,_ZNK8LogicMapIP6CSVRowE7getKeysEv,0x138
0x9db34c,_ZN9PopupBase9getHeightEv,0x8
0x9db354,_ZNSt6__ndk112__hash_tableINS_17__hash_value_typeINS_12basic_stringIcNS_11char_traitsIcEENS_9allocatorIcEEEE20CachedClassReferenceEENS_22__unordered_map_hasherIS7_S9_NS_4hashIS7_EELb1EEENS_21__unordered_map_equalIS7_S9_NS_8equal_toIS7_EELb1EEENS5_IS9_EEE6rehashEm,0xe4
0x9db438,_ZNK12NSCIDManager12isWindowOpenEv,0x8
0x9db440,_ZN28VanityItemRewardNotification19getNotificationTypeEv,0x8
0x9db448,_ZNSt6__ndk115basic_stringbufIcNS_11char_traitsIcEENS_9allocatorIcEEED2Ev,0x50
0x9db498,_ZNSt6__ndk114__split_bufferIN2fx4gltf4MeshERNS_9allocatorIS3_EEE9push_backEOS3_,0x2c8
0x9db760,_ZNSt6__ndk120__shared_ptr_emplaceIN4asio19basic_stream_socketINS1_2ip3tcpENS1_15any_io_executorEEENS_9allocatorIS6_EEE16__on_zero_sharedEv,0x38
0x9db798,_ZN8Databind4Util13ArrayAccessorI7Vector2IfENSt6__ndk16vectorIS3_NS4_9allocatorIS3_EEEEE4sizeEv,0x14
0x9db7ac,_ZN12LogicRewardsD2Ev,0x38
0x9db7e4,_ZNSt6__ndk120__shared_ptr_pointerIPNS_6vectorIiNS_9allocatorIiEEEENS_14default_deleteIS4_EENS2_IS4_EEE16__on_zero_sharedEv,0x40
0x9db824,_ZN11scRingQueueI7Vector3IfEED0Ev,0x44
0x9db868,_ZN8safe_jni7ConvertIN5titan7android7content6IntentEvE3SigEv,0xd8
0x9db940,_ZNSt6__ndk120__shared_ptr_pointerIPN8Databind23DefaultObjectTypeTraitsIN11wendelstein22SpawnVelocityComponentEEENS_14default_deleteIS5_EENS_9allocatorIS5_EEED0Ev,0x24
0x9db964,_ZNK14TeamMemberItem16getAnalyticsNameEv,0x8
0x9db96c,_ZNSt6__ndk120__shared_ptr_emplaceIN11wendelstein13DragComponentENS_9allocatorIS2_EEE21__on_zero_shared_weakEv,0x4
0x9db970,_ZN14scPackagedTaskINSt6__ndk18functionIFvvEEEED2Ev,0xa0
0x9dba10,_ZN34FacebookAccountAlreadyBoundMessageD0Ev,0xc0
0x9dbad0,_ZN17LogicGameListener9playSoundEPK14LogicSoundData,0x4
0x9dbad4,_ZN16LogicReflectable8destructEv,0x4
0x9dbad8,_ZN23LogicHomeChangeListener18deliverAdRewardAllEP14LogicArrayListIP10GatchaDropE,0x4
0x9dbadc,_ZN19IGameCenterListener21gameCenterUserDetailsEiP16GameCenterPlayer,0x4
0x9dbae0,_ZNK27ChatAccountBanStatusMessage14getMessageTypeEv,0x8
0x9dbae8,_ZNSt6__ndk16__treeINS_12__value_typeIiNS_6vectorI6StringNS_9allocatorIS3_EEEEEENS_19__map_value_compareIiS7_NS_4lessIiEELb1EEENS4_IS7_EEE7destroyEPNS_11__tree_nodeIS7_PvEE,0x84
0x9dbb6c,_ZNSt6__ndk120__shared_ptr_emplaceIN11wendelstein18SpawnConeComponentENS_9allocatorIS2_EEED2Ev,0x24
0x9dbb90,_ZNK14LogicArrayListIN9EntryInfo14SkinGroupEntryEE13arrayCopyMoveEPS1_S3_i,0x134
0x9dbcc4,_ZN13TitanInStreamD2Ev,0x4
0x9dbcc8,_ZNSt6__ndk120__shared_ptr_pointerIPN8Databind23DefaultObjectTypeTraitsIN11wendelstein21DecelerationComponentEEENS_14default_deleteIS5_EENS_9allocatorIS5_EEE16__on_zero_sharedEv,0x18
0x9dbce0,_ZN8safe_jni11PrepareArgsIJ6StringS1_S1_llbbS1_S1_S1_S1_S1_bbbS1_EE3valERKS1_S4_S4_RKlS6_RKbS8_S4_S4_S4_S4_S4_S8_S8_S8_S4_,0x190
0x9dbe70,_ZN11scTaskQueue3runIZN10SWFTexture21loadDownscaledTextureIiEEvP12SupercellSWFiiiibbEUlvE_EENSt6__ndk113invoke_resultIT_JEE4typeES8_,0x104
0x9dbf74,_ZNSt6__ndk16vectorIN2fx4gltf4MeshENS_9allocatorIS3_EEE7reserveEm,0x18c
0x9dc100,_ZN28LogicGameObjectManagerServerD2Ev,0xcc
0x9dc1cc,_ZN8safe_jni8functionIN5titan3com9supercell5titan17GL2JNISurfaceViewENS1_7android4view13SurfaceHolderEEclIJEEES8_P8_jobjectDpT_,0x120
0x9dc2ec,_ZN8safe_jni8functionIN5titan3com9supercell2id8IdFriendE6StringEclIJEEES6_P8_jobjectDpT_,0x120
0x9dc40c,_ZNSt6__ndk16vectorINS_13unordered_mapINS_12basic_stringIcNS_11char_traitsIcEENS_9allocatorIcEEEEjNS_4hashIS7_EENS_8equal_toIS7_EENS5_INS_4pairIKS7_jEEEEEENS5_ISG_EEE13__move_assignERSI_NS_17integral_constantIbLb1EEE,0xcc
0x9dc4d8,_ZN5titan4java2io14FileDescriptorD0Ev,0x38
0x9dc510,_ZN32YoozooOrderDeliveryFailedMessageD2Ev,0xd0
0x9dc5e0,_ZN21AppRateDialogListenerD2Ev,0x10
0x9dc5f0,_ZNSt6__ndk16vectorIPN14ShadowRenderer7SegmentENS_9allocatorIS3_EEE21__push_back_slow_pathIRKS3_EEvOT_,0xe8
0x9dc6d8,_ZN3UIu3btnERK6StringS2_P9UIHandler,0x160
0x9dc838,_ZNSt6__ndk110__function6__funcIZN11wendelstein16ComponentFactory14addConstructorINS2_18SpawnConeComponentEEEvvEUlvE_NS_9allocatorIS6_EEFNS_10shared_ptrINS2_17IEmitterComponentEEEvEE7destroyEv,0x4
0x9dc83c,_ZN8Databind4Util17ArrayAccessorBaseINSt6__ndk112basic_stringIcNS2_11char_traitsIcEENS2_6vectorIS8_NS6_IS8_EEEEE6setPtrEmPKv,0xc
0x9dc848,_ZN17FriendListMessageD0Ev,0xc0
0x9dc908,_ZN8Databind4Util17ArrayAccessorBaseI12LogicVector2NSt6__ndk16vectorIS2_NS3_9allocatorIS2_EEEEE6setPtrEmPKv,0xc
0x9dc914,_ZN2fx4gltf9PrimitiveD2Ev,0x108
0x9dca1c,_ZN17PlayerRankingDataD0Ev,0x4
0x9dca20,_ZN21AddableFriendsMessageD0Ev,0xc0
0x9dcae0,_ZNK10ItemsPopup12getPopupTypeEv,0x8
0x9dcae8,_ZNK16scFileImpl_Posix4sizeEv,0x8
0x9dcaf0,_ZN8Databind4Util17ArrayAccessorBaseIf14LogicArrayListIfEE6getPtrEm,0xc
0x9dcafc,_ZNK8PageItem15showResourceHUDEv,0x8
0x9dcb04,_ZNSt6__ndk110__function6__baseIFvbPKcPKN8linecorp4nova11CredentialsEPKNS5_5ErrorEEED2Ev,0x4
0x9dcb08,_ZNKSt6__ndk110__function6__funcIZN11wendelstein16ComponentFactory14addConstructorINS2_13DragComponentEEEvvEUlvE_NS_9allocatorIS6_EEFNS_10shared_ptrINS2_17IEmitterComponentEEEvEE7__cloneEv,0x24
0x9dcb2c,_ZNSt6__ndk111basic_regexIcNS_12regex_traitsIcEEE20__parse_ORD_CHAR_EREIPKcEET_S7_S7_,0x68
0x9dcb94,_Z20cacheCompressedArrayIsEbP7__sFILEPiiPT_,0x274
0x9dce08,_ZN13scFSLayerBase11removeFilesEv,0x4
0x9dce0c,_ZNSt6__ndk112__deque_baseI18scResourceLoadInfoNS_9allocatorIS1_EEE5clearEv,0x140
0x9dcf4c,_ZNSt6__ndk16vectorIfNS_9allocatorIfEEE8__appendEm,0x120
0x9dd06c,_ZN8Databind23DefaultObjectTypeTraitsIN11wendelstein18SpawnRateComponentEE9constructEv,0xa4
0x9dd110,_ZNSt6__ndk120__shared_ptr_pointerIPN8Databind14ObjectInstanceENS_14default_deleteIS2_EENS_9allocatorIS2_EEE16__on_zero_sharedEv,0x78
0x9dd188,_ZN11wendelstein20SpawnPlanarComponent9objectDefEv,0x4
0x9dd18c,_ZNK14BrawlPassPopup15showResourceHUDEv,0x8
0x9dd194,_ZN23FriendAvatarBaseMessageD0Ev,0x4
0x9dd198,_ZNKSt6__ndk110__function6__funcIZN11wendelstein16ComponentFactory14addConstructorINS2_21SimpleGroundComponentEEEvvEUlvE_NS_9allocatorIS6_EEFNS_10shared_ptrINS2_17IEmitterComponentEEEvEE11target_typeEv,0xc
0x9dd1a4,_ZN6SCTune11pushMessageERK6String,0x4
0x9dd1a8,_ZN6SCTuneD2Ev,0x4
0x9dd1ac,_ZN14HelpshiftTitan23HelpshiftConnectionImpl19setMetadataCallbackEv,0x4
0x9dd1b0,_ZNKSt6__ndk120__shared_ptr_pointerIP14LogicArrayListI7Vector2IfEENS_14default_deleteIS4_EENS_9allocatorIS4_EEE13__get_deleterERKSt9type_info,0x1c
0x9dd1cc,_ZNSt6__ndk120__shared_ptr_pointerIPvZN15scFileImpl_MmapC1EPKcimEUlS1_E_NS_9allocatorIvEEE16__on_zero_sharedEv,0xc
0x9dd1d8,_ZNSt6__ndk118__stable_sort_moveIRZN14LogicArrayListIP12LocationItemE9sortArrayIPFiS3_S3_EEEvRKT_EUlRKS3_SC_E_PS3_EEvT0_SG_S8_NS_15iterator_traitsISG_E15difference_typeEPNSI_10value_typeE,0x334
0x9dd50c,_ZN18LogicCharacterDataD0Ev,0x40
0x9dd54c,_ZN24LogicVideoStartedCommandD0Ev,0x4
0x9dd550,_ZNSt6__ndk127__insertion_sort_incompleteIRPFbPK9BadgeItemS3_EPPS1_EEbT0_S9_T_,0x330
0x9dd880,_ZN8safe_jni15static_functionIN5titan3com9supercell5titan13UnityAdsTitanEbEclIJEEEbDpT_,0x13c
0x9dd9bc,_ZNK13scFSLayerBase14getParentLayerEv,0x2c
0x9dd9e8,_ZN4Game7onStartEv,0x10
0x9dd9f8,_ZNK27BattleEndRankedRankUpScreen16getSubScreenTypeEv,0x8
0x9dda00,_ZNK26LookingForATeamMemberPopup28allowClosingFromModalTappingEv,0x8
0x9dda08,_ZNK10GameConfig19getStickMarginRightEv,0x1c
0x9dda24,_ZNSt6__ndk16vectorIfNS_9allocatorIfEEE6insertENS_11__wrap_iterIPKfEEOf,0x1f4
0x9ddc18,_ZNSt6__ndk116__throw_bad_castEv,0xc
0x9ddc24,_ZN25LogicAvatarChangeListener21debugPurchaseIAPOfferEP16LogicOfferBundlePK18LogicCharacterData,0x4
0x9ddc28,_ZNK24LogicBillingPackagesData19isEnabledByCalendarEv,0x8
0x9ddc30,_ZNK18BezierInterpolatorI7Vector3IfEE7getFromEv,0xc
0x9ddc3c,_ZN23SkinPreviewToggleButtonD2Ev,0x34
0x9ddc70,_ZN8Databind23DefaultObjectTypeTraitsIN11wendelstein22SpawnLocationComponentEE9constructEv,0x80
0x9ddcf0,_ZN4asio9execution6detail17any_executor_base10require_fnINS0_12any_executorIJNS0_12context_as_tIRNS_17execution_contextEEENS1_8blocking7never_tILi0EEENS0_11prefer_onlyINS9_10possibly_tILi0EEEEENSC_INS1_16outstanding_work9tracked_tILi0EEEEENSC_INSG_11untracked_tILi0EEEEENSC_INS1_12relationship6fork_tILi0EEEEENSC_INSN_14continuation_tILi0EEEEEEEEvSJ_EET_PKvSX_,0x50
0x9ddd40,_ZNKSt6__ndk110__function6__funcIZN11scTaskQueue3runIZN10SWFTexture11loadTextureIhEEvP12SupercellSWFiiiibbEUlvE_EENS_13invoke_resultIT_JEE4typeESA_EUlvE_NS_9allocatorISD_EEFvvEE11target_typeEv,0xc
0x9ddd4c,_ZNSt6__ndk114__split_bufferIN2fx4gltf7SamplerERNS_9allocatorIS3_EEE9push_backEOS3_,0x2d4
0x9de020,_ZNSt6__ndk120__bracket_expressionIcNS_12regex_traitsIcEEE10__add_charEc,0x1ac
0x9de1cc,_ZNK2OT17PosLookupSubTable8dispatchI26hb_get_subtables_context_tEENT_8return_tEPS3_j,0x508
0x9de6d4,_ZNSt6__ndk16vectorIcNS_9allocatorIcEEE8__appendEm,0x110
0x9de7e4,_ZN17LogicGameListener24brawlPassPremiumUnlockedEi,0x4
0x9de7e8,_ZN8Databind23DefaultObjectTypeTraitsIN11wendelstein21DecelerationComponentEE9constructEv,0x78
0x9de860,_ZN22BattleEndSubScreenBase6updateEff,0x4
0x9de864,_ZNK8nlohmann6detail5lexerINS_10basic_jsonINSt6__ndk13mapENS3_6vectorENS3_12basic_stringIcNS3_11char_traitsIcEENS3_9allocatorIcEEEEblmdS9_NS_14adl_serializerEEEE16get_token_stringEv,0x110
0x9de974,_ZN30SCIDAccountAlreadyBoundMessageD0Ev,0xc0
0x9dea34,_ZN8nlohmann6detail28json_sax_dom_callback_parserINS_10basic_jsonINSt6__ndk13mapENS3_6vectorENS3_12basic_stringIcNS3_11char_traitsIcEENS3_9allocatorIcEEEEblmdS9_NS_14adl_serializerEEEE12handle_valueIRmEENS3_4pairIbPSD_EEOT_b,0x200
0x9dec34,_ZNSt6__ndk16__treeINS_4pairI6StringS2_EENS_4lessIS3_EENS_9allocatorIS3_EEE12__find_equalIS3_EERPNS_16__tree_node_baseIPvEENS_21__tree_const_iteratorIS3_PNS_11__tree_nodeIS3_SB_EElEERPNS_15__tree_end_nodeISD_EESE_RKT_,0x21c
0x9dee50,_ZN26RankedMatchBanEndedMessageD2Ev,0xd4
0x9def24,_ZNSt6__ndk114basic_ofstreamIcNS_11char_traitsIcEEED1Ev,0x3c
0x9def60,_ZNKSt6__ndk115__word_boundaryIcNS_12regex_traitsIcEEE6__execERNS_7__stateIcEE,0x114
0x9df074,_ZNSt6__ndk127__insertion_sort_incompleteIRPFbPKN14ShadowRenderer8EndPointES4_EPPS2_EEbT0_SA_T_,0x330
0x9df3a4,_ZN22SubmitPlayerMapMessageD0Ev,0xc4
0x9df468,_ZN8Databind4Util13ArrayAccessorI12LogicVector3NSt6__ndk16vectorIS2_NS3_9allocatorIS2_EEEEE15addDefaultValueEv,0xa4
0x9df50c,_ZNSt6__ndk112__hash_tableINS_17__hash_value_typeIi11log_contextEENS_22__unordered_map_hasherIiS3_NS_4hashIiEELb1EEENS_21__unordered_map_equalIiS3_NS_8equal_toIiEELb1EEENS_9allocatorIS3_EEE25__emplace_unique_key_argsIiJRKNS_21piecewise_construct_tENS_5tupleIJRKiEEENSJ_IJEEEEEENS_4pairINS_15__hash_iteratorIPNS_11__hash_nodeIS3_PvEEEEbEERKT_DpOT0_,0x248
0x9df754,_ZN18DonateNotificationD0Ev,0x4
0x9df758,_ZN8Databind18DatabindObjectNode23getAsDatabindObjectNodeEv,0x4
0x9df75c,_ZNSt6__ndk112__hash_tableINS_17__hash_value_typeIi11log_contextEENS_22__unordered_map_hasherIiS3_NS_4hashIiEELb1EEENS_21__unordered_map_equalIiS3_NS_8equal_toIiEELb1EEENS_9allocatorIS3_EEE6rehashEm,0xe4
0x9df840,_ZNK17scCryptoBoxFilter13getFilterNameEv,0xc
0x9df84c,_ZN20UnlockAccountMessageD0Ev,0xc0
0x9df90c,_ZN27LogicCommandManagerListenerD0Ev,0x4
0x9df910,_ZN3UIu12getTextFieldERK6String,0x174
0x9dfa84,_ZN16BaseNotificationD0Ev,0x4
0x9dfa88,_ZN27KunlunBillingRequestMessageD2Ev,0xe8
0x9dfb70,_ZN5titan3com6google7android4play4core6review20ReviewManagerFactoryD0Ev,0x38
0x9dfba8,_ZN2fx4gltf6detail17ReadRequiredFieldINSt6__ndk16vectorINS0_9Animation7ChannelENS3_9allocatorIS6_EEEEEEvNS3_17basic_string_viewIcNS3_11char_traitsIcEEEERKN8nlohmann10basic_jsonINS3_3mapES4_NS3_12basic_stringIcSC_NS7_IcEEEEblmdS7_NSE_14adl_serializerEEERT_,0x1a8
0x9dfd50,_ZNSt6__ndk16vectorIP10GameButtonNS_9allocatorIS2_EEE21__push_back_slow_pathIRKS2_EEvOT_,0xe8
0x9dfe38,_ZN8Databind4Util13ArrayAccessorINSt6__ndk112basic_stringIcNS2_11char_traitsIcEENS2_9allocatorIcEEEE14LogicArrayListIS8_EE8capacityEm,0x8
0x9dfe40,_ZN24DataLoaderLayeredTextureD0Ev,0x24
0x9dfe64,_ZN8Databind23DefaultObjectTypeTraitsIN11wendelstein12old_versions15EmitterParamsV0EE7destroyEPv,0x38
0x9dfe9c,_ZNK23RankedRewardsTrackPopup12getPopupTypeEv,0x8
0x9dfea4,_ZN14ChallengeEntryD2Ev,0x14
0x9dfeb8,_ZNK11RevokePopup28allowClosingFromModalTappingEv,0x8
0x9dfec0,_ZN2fx4gltf9from_jsonERKN8nlohmann10basic_jsonINSt6__ndk13mapENS3_6vectorENS3_12basic_stringIcNS3_11char_traitsIcEENS3_9allocatorIcEEEEblmdS9_NS1_14adl_serializerEEERNS0_6Camera12OrthographicE,0x390
0x9e0250,_ZNSt6__ndk16vectorINS_13unordered_mapINS_12basic_stringIcNS_11char_traitsIcEENS_9allocatorIcEEEEjNS_4hashIS7_EENS_8equal_toIS7_EENS5_INS_4pairIKS7_jEEEEEENS5_ISG_EEE26__swap_out_circular_bufferERNS_14__split_bufferISG_RSH_EEPSG_,0x18c
0x9e03dc,_ZN8safe_jni8functionIN5titan7android7content6IntentE6StringEclIJEEES5_P8_jobjectDpT_,0x120
0x9e04fc,_ZNSt6__ndk16__treeINS_12__value_typeImNS_10unique_ptrIN8Databind13IDatabindEnumENS_14default_deleteIS4_EEEEEENS_19__map_value_compareImS8_NS_4lessImEELb1EEENS_9allocatorIS8_EEE7destroyEPNS_11__tree_nodeIS8_PvEE,0x58
0x9e0554,_ZN8Databind4Util13ArrayAccessorIi14LogicArrayListIiEE3addEPKi,0x138
0x9e068c,_ZN11NameHandler23handleNameChangeMessageEv,0x4
0x9e0690,_ZN8Databind6detail17AccessorNonRefSetI7Vector3IfE18BezierInterpolatorIS3_EE3setEPvRKS3_,0x20
0x9e06b0,_ZThn8_N10SCTuneImpl9onReceiveEP10Connection,0x4
0x9e06b4,_ZN14LogicJSONArrayD0Ev,0x38
0x9e06ec,_ZN26hb_get_subtables_context_t8apply_toIN2OT17CursivePosFormat1EEEbPKvPNS1_18hb_apply_context_tE,0x4
0x9e06f0,_ZN8Databind4Util13ArrayAccessorIb14LogicArrayListIbEE3getEm,0x10
0x9e0700,_ZN17LogicGameListener21matchmakingGoldBoughtEv,0x4
0x9e0704,_ZNSt6__ndk120__shared_ptr_emplaceIN11wendelstein18SpawnRateComponentENS_9allocatorIS2_EEE16__on_zero_sharedEv,0xc
0x9e0710,_ZN8Databind4Util13ArrayAccessorIfNSt6__ndk16vectorIfNS2_9allocatorIfEEEEE8capacityEm,0xa8
0x9e07b8,_ZN8safe_jni8functionIN5titan7android7content3res19AssetFileDescriptorENS1_4java2io14FileDescriptorEEclIJEEES8_P8_jobjectDpT_,0x120
0x9e08d8,_ZNSt6__ndk16vectorI6StringNS_9allocatorIS1_EEE8__appendEm,0x160
0x9e0a38,_ZNK16scFileImpl_Posix4readEPvm,0x10
0x9e0a48,_ZN8Databind4Util13ArrayAccessorI12LogicVector3NSt6__ndk16vectorIS2_NS3_9allocatorIS2_EEEEE3setEmPKS2_,0x50
0x9e0a98,_ZN25LogicAvatarChangeListener16debugAddCooldownEii,0x4
0x9e0a9c,_ZNSt6__ndk110__function6__funcIZN8Databind8Migrator16addMigrationStepIN11wendelstein12old_versions15EmitterParamsV0ENS5_7Emitter13EmitterParamsEEEviNS_8functionIFvRT_RT0_EEEEUlvE0_NS_9allocatorISH_EEFNS_10unique_ptrIvPFvPvEEEvEED0Ev,0x4
0x9e0aa0,_ZN23LogicHomeChangeListenerD2Ev,0x4
0x9e0aa4,_ZN8safe_jni15static_functionIN5titan3com9supercell5titan19NativeDialogManagerEvEclIJ6StringS8_S8_EEEvDpT_,0x1cc
0x9e0c70,_ZN18GoToBattleEndStateD2Ev,0x1c
0x9e0c8c,_ZN17CreateGameMessageD0Ev,0xc0
0x9e0d4c,_ZN8safe_jni15static_functionIN5titan3com9supercell5titan13UnityAdsTitanEvEclIJEEEvDpT_,0x138
0x9e0e84,_ZN8Databind23DefaultObjectTypeTraitsIN11wendelstein20SpawnPlanarComponentEE9constructEv,0x18c
0x9e1010,_ZN20LogicCharacterServerD2Ev,0x18c
0x9e119c,_ZN13HeroListEntry13touchReleasedERK5Touch,0x18
0x9e11b4,_ZNK10BitmapFont12getDescenderEv,0x44
0x9e11f8,_ZNKSt6__ndk110__function6__funcIZN8Databind8Migrator16addMigrationStepIN11wendelstein12old_versions15EmitterParamsV0ENS5_7Emitter13EmitterParamsEEEviNS_8functionIFvRT_RT0_EEEEUlvE0_NS_9allocatorISH_EEFNS_10unique_ptrIvPFvPvEEEvEE7__cloneEPNS0_6__baseISP_EE,0x10
0x9e1208,_ZNSt6__ndk118__insertion_sort_3IRPFbRKN11RenderQueue5ChunkES4_EPS2_EEvT0_S9_T_,0x2cc
0x9e14d4,_ZN29CoinDoublerRewardNotificationD0Ev,0x4
0x9e14d8,_ZNSt6__ndk16__nodeIcED2Ev,0x4
0x9e14dc,_ZNSt6__ndk17__sort4IRPFbP8HeroItemS2_EPS2_EEjT0_S7_S7_S7_T_,0x184
0x9e1660,_ZN4asio9execution6detail17any_executor_base8query_fnIvNS0_11prefer_onlyINS1_16outstanding_work9tracked_tILi0EEEEEEEvPvPKvSB_,0x30
0x9e1690,_ZNSt6__ndk16vectorIN19CachedFontFormatter11CachedGlyphENS_9allocatorIS2_EEE7reserveEm,0xc8
0x9e1758,_ZN8nlohmann6detail20from_json_array_implINS_10basic_jsonINSt6__ndk13mapENS3_6vectorENS3_12basic_stringIcNS3_11char_traitsIcEENS3_9allocatorIcEEEEblmdS9_NS_14adl_serializerEEENS5_IN2fx4gltf9Animation7SamplerENS9_ISH_EEEEEEDTcmcmcldtfp0_7reserveclsr3stdE7declvalINT0_9size_typeEEEEcldtfp_3getINSK_10value_typeEEEcvv_EERKT_RSK_NS0_12priority_tagILj1EEE,0x100
0x9e1858,_ZN14HelpshiftTitan27HelpshiftConnectionFallback13showSingleFAQERK6String,0x14
0x9e186c,_ZN8Databind4Util13ArrayAccessorI12LogicVector214LogicArrayListIS2_EE4copyERS4_,0x1e0
0x9e1a4c,_ZNK2OT7Context8dispatchI26hb_get_subtables_context_tEENT_8return_tEPS3_,0x32c
0x9e1d78,_ZN9GameState7keyDownEi,0x8
0x9e1d80,_ZN14scFileImplBase5writeEPKvm,0x8
0x9e1d88,_ZNSt6__ndk16__treeINS_12__value_typeIiPK18LogicCharacterDataEENS_19__map_value_compareIiS5_NS_4lessIiEELb1EEENS_9allocatorIS5_EEE7destroyEPNS_11__tree_nodeIS5_PvEE,0x40
0x9e1dc8,_ZN23ReportUserStatusMessage18getServiceNodeTypeEv,0x8
0x9e1dd0,_ZN16IWebViewListener18webviewDidFailLoadERK6String,0xc
0x9e1ddc,_ZN11wendelstein21DecelerationComponent20getDatabindObjectDefEv,0x310
0x9e20ec,_ZN8nlohmann6detail20from_json_array_implINS_10basic_jsonINSt6__ndk13mapENS3_6vectorENS3_12basic_stringIcNS3_11char_traitsIcEENS3_9allocatorIcEEEEblmdS9_NS_14adl_serializerEEENS5_IN2fx4gltf4SkinENS9_ISG_EEEEEEDTcmcmcldtfp0_7reserveclsr3stdE7declvalINT0_9size_typeEEEEcldtfp_3getINSJ_10value_typeEEEcvv_EERKT_RSJ_NS0_12priority_tagILj1EEE,0x100
0x9e21ec,_ZN23LogicHomeChangeListener23deliverChallengeRewardsEP12LogicRewardsi,0x4
0x9e21f0,_ZN8Databind4Util13ArrayAccessorI6StringNSt6__ndk16vectorIS2_NS3_9allocatorIS2_EEEEE3addEPKS2_,0x48
0x9e2238,_ZN17LogicGameListenerD0Ev,0x4
0x9e223c,_ZN5SetBg6handleEP5UICtxi,0x2c
0x9e2268,_ZN23scFileImpl_MemoryHandleD2Ev,0xd4
0x9e233c,_ZNSt6__ndk13mapIPKcN8Databind16CustomSerializerENS_4lessIS2_EENS_9allocatorINS_4pairIKS2_S4_EEEEED2Ev,0x8
0x9e2344,_ZN8safe_jni15static_functionIN5titan3com9supercell5titan22VirtualKeyboardHandlerEvEclIJNSt6__ndk16vectorISt4byteNS8_9allocatorISA_EEEEEEEvDpT_,0x168
0x9e24ac,_ZN23LogicGameObjectListenerD2Ev,0x4
0x9e24b0,_ZN4asio9execution6detail17any_executor_base9prefer_fnINS0_12any_executorIJNS0_12context_as_tIRNS_17execution_contextEEENS1_8blocking7never_tILi0EEENS0_11prefer_onlyINS9_10possibly_tILi0EEEEENSC_INS1_16outstanding_work9tracked_tILi0EEEEENSC_INSG_11untracked_tILi0EEEEENSC_INS1_12relationship6fork_tILi0EEEEENSC_INSN_14continuation_tILi0EEEEEEEENS_10io_context19basic_executor_typeINSt6__ndk19allocatorIvEELj0EEESF_EET_PKvS13_,0x38
0x9e24e8,_ZN29AllianceMailAvatarStreamEntryD0Ev,0x4
0x9e24ec,_ZN17UILogicDataObjectD0Ev,0x4
0x9e24f0,_ZN21LogicSkinCampaignDataD2Ev,0x34
0x9e2524,_ZN25PurchaseOfferPopupHandler6updateEf,0x4
0x9e2528,_ZNSt6__ndk16__treeINS_12__value_typeIiP15SFXSequenceInfoEENS_19__map_value_compareIiS4_NS_4lessIiEELb1EEENS_9allocatorIS4_EEE7destroyEPNS_11__tree_nodeIS4_PvEE,0x40
0x9e2568,_ZN8safe_jni15static_functionIN5titan3com9supercell5titan7tencent11MSDKManagerEvEclIJiEEEvDpT_,0x164
0x9e26cc,_ZNSt6__ndk120__shared_ptr_emplaceIN11wendelstein15VortexComponentENS_9allocatorIS2_EEE21__on_zero_shared_weakEv,0x4
0x9e26d0,_ZN8safe_jni15static_functionIN5titan3com9supercell5titan5KakaoEbEclIJEEEbDpT_,0x13c
0x9e280c,_ZNSt6__ndk113basic_istreamIcNS_11char_traitsIcEEE6sentryC2ERS3_b,0x1bc
0x9e29c8,_ZNKSt6__ndk110__function6__funcIZN11wendelstein16ComponentFactory14addConstructorINS2_22SpawnLocationComponentEEEvvEUlvE_NS_9allocatorIS6_EEFNS_10shared_ptrINS2_17IEmitterComponentEEEvEE7__cloneEPNS0_6__baseISC_EE,0x10
0x9e29d8,_ZN8Databind4Util13ArrayAccessorI12LogicVector2NSt6__ndk16vectorIS2_NS3_9allocatorIS2_EEEEE5eraseEm,0x4c
0x9e2a24,_ZNKSt6__ndk110__function6__funcIZN10SWFTexture21loadDownscaledTextureIsEEvP12SupercellSWFiiiibbEUlvE_NS_9allocatorIS6_EEFvvEE11target_typeEv,0xc
0x9e2a30,_ZNKSt6__ndk110__function6__funcIZN8Databind8Migrator16addMigrationStepIN11wendelstein12old_versions15EmitterParamsV0ENS5_7Emitter13EmitterParamsEEEviNS_8functionIFvRT_RT0_EEEEUlvE_NS_9allocatorISH_EEFNS_10unique_ptrIvPFvPvEEEvEE7__cloneEv,0x24
0x9e2a54,_ZNK20LogicCharacterClient7getTypeEv,0x8
0x9e2a5c,_ZN11wendelstein12EmitterBurst20getDatabindObjectDefEv,0x2f0
0x9e2d4c,_ZN24LogicBillingPackagesDataD0Ev,0x78
0x9e2dc4,_ZN24LogicParticleEmitterDataD0Ev,0x40
0x9e2e04,_ZNKSt6__ndk110__function6__funcIZN11wendelstein16ComponentFactory14addConstructorINS2_18SpawnRateComponentEEEvvEUlvE_NS_9allocatorIS6_EEFNS_10shared_ptrINS2_17IEmitterComponentEEEvEE7__cloneEPNS0_6__baseISC_EE,0x10
0x9e2e14,_ZNSt6__ndk114__split_bufferIN11wendelstein19SpriteSheetRenderer13ParticleStateERNS_9allocatorIS3_EEE9push_backEOS3_,0x138
0x9e2f4c,_ZNSt6__ndk114__split_bufferIN2fx4gltf10BufferViewERNS_9allocatorIS3_EEE9push_backEOS3_,0x298
0x9e31e4,_ZN8Databind6detail23DatabindAccessorWrapperI7Vector3IfEED2Ev,0x58
0x9e323c,_ZNK18PlayerCountryPopup12getPopupTypeEv,0x8
0x9e3244,_ZN11wendelstein27MovieClipEmitterDataFactory6createEv,0xe8
0x9e332c,_ZN5titan3com6google7android4play4core5tasks4TaskD0Ev,0x38
0x9e3364,_ZNSt6__ndk16__treeIjNS_4lessIjEENS_9allocatorIjEEE7destroyEPNS_11__tree_nodeIjPvEE,0x40
0x9e33a4,_ZNSt6__ndk16vectorINS_4pairI6StringS2_EENS_9allocatorIS3_EEE24__emplace_back_slow_pathIJS3_EEEvDpOT_,0x164
0x9e3654,_ZNSt6__ndk13mapI6StringN5Align4EnumENS_4lessIS1_EENS_9allocatorINS_4pairIKS1_S3_EEEEED2Ev,0x8
0x9e365c,_ZNSt6__ndk16__treeINS_12__value_typeINS_12basic_stringIcNS_11char_traitsIcEENS_9allocatorIcEEEEN8nlohmann10basic_jsonINS_3mapENS_6vectorES7_blmdS5_NS8_14adl_serializerEEEEENS_19__map_value_compareIS7_SE_NS_4lessIvEELb1EEENS5_ISE_EEE7destroyEPNS_11__tree_nodeISE_PvEE,0x5c
0x9e36b8,_ZNK12WaitingPopup12getPopupTypeEv,0x8
0x9e36c0,_ZNK8NewsPage10showTopHUDEv,0x8
0x9e36c8,_ZN14scFileImplBaseD2Ev,0x20
0x9e36e8,_ZN36SkinPurchaseOptionRewardNotificationD0Ev,0x4
0x9e36ec,_ZNSt6__ndk114__split_bufferIP18scResourceLoadInfoRNS_9allocatorIS2_EEE9push_backEOS2_,0x138
0x9e3824,_ZN14HelpshiftTitan23HelpshiftConnectionImpl21setInitialUserMessageERK6String,0x8
0x9e382c,_ZNSt6__ndk118__stable_sort_moveIRZN14LogicArrayListIP11LatencyDataE9sortArrayIPFiS3_S3_EEEvRKT_EUlRKS3_SC_E_PS3_EEvT0_SG_S8_NS_15iterator_traitsISG_E15difference_typeEPNSI_10value_typeE,0x334
0x9e3b60,_ZN8Databind23DefaultObjectTypeTraitsIN11wendelstein15SpringComponentEE6assignEPvPKv,0x7c
0x9e3bdc,_ZNK23scFileImpl_MemoryHandle14isMemoryMappedEv,0x8
0x9e3be4,_ZNSt6__ndk16__treeINS_12__value_typeINS_12basic_stringIcNS_11char_traitsIcEENS_9allocatorIcEEEEiEENS_19__map_value_compareIS7_S8_NS_4lessIS7_EELb1EEENS5_IS8_EEE12__find_equalIS7_EERPNS_16__tree_node_baseIPvEERPNS_15__tree_end_nodeISJ_EERKT_,0x120
0x9e3d04,_ZN12LogicGlobalsD0Ev,0x60
0x9e3d64,_ZNSt6__ndk120__shared_ptr_emplaceIN11wendelstein21SimpleGroundComponentENS_9allocatorIS2_EEED2Ev,0x4
0x9e3d68,_ZNK13AlliancePopup28allowClosingFromModalTappingEv,0x8
0x9e3d70,_ZN4asio6detail9scheduler10do_run_oneERNS0_27conditionally_enabled_mutex11scoped_lockERNS0_21scheduler_thread_infoERKNSt6__ndk110error_codeE,0x42c
0x9e419c,_ZNSt6__ndk16vectorIN2fx4gltf5ImageENS_9allocatorIS3_EEE7reserveEm,0x158
0x9e42f4,_ZNK2OT14AlternateSubst8dispatchINS_21hb_sanitize_context_tEEENT_8return_tEPS3_,0x1a8
0x9e449c,_ZNSt6__ndk120__shared_ptr_emplaceIN11wendelstein26EmitterBurstListSerializerENS_9allocatorIS2_EEED2Ev,0x4
0x9e44a0,_ZNK15ShareImagePopup12getPopupTypeEv,0x8
0x9e44a8,_ZN13TimelineValue22KeyFrameListSerializerD0Ev,0x4
0x9e44ac,_ZN15LogicLocaleDataD2Ev,0xa8
0x9e4554,_ZN20StopHomeLogicMessageD0Ev,0xc0
0x9e4614,_ZN12LogicCommandD0Ev,0x4
0x9e4618,_ZN14AllianceScreen24canDisplayTeamInvitationEv,0x8
0x9e4620,_ZNK2OT9ChainRule5applyEPNS_18hb_apply_context_tERNS_30ChainContextApplyLookupContextE,0x400
0x9e4a20,_ZN8nlohmann6detail19json_sax_dom_parserINS_10basic_jsonINSt6__ndk13mapENS3_6vectorENS3_12basic_stringIcNS3_11char_traitsIcEENS3_9allocatorIcEEEEblmdS9_NS_14adl_serializerEEEE12handle_valueINS0_7value_tEEEPSD_OT_,0x234
0x9e4c54,_ZNK2OT12ChainContext8dispatchI26hb_get_subtables_context_tEENT_8return_tEPS3_,0x32c
0x9e4f80,_ZN11wendelstein20SpawnPlanarComponent23setDatabindObjectFieldsEP14DatabindObjectm,0x5c0
0x9e5540,_ZN30SubmitPlayerMapResponseMessageD0Ev,0xc4
0x9e5604,_ZNSt6__ndk118__insertion_sort_3IRPFbPK18LogicCharacterDataS3_EPS3_EEvT0_S8_T_,0x15c
0x9e5760,_ZN11wendelstein17IEmitterComponent26spawnInitialLocationOffsetERNS_8ParticleERNS_7EmitterE,0x4
0x9e5764,_ZN16scFileImpl_PosixD2Ev,0x38
0x9e579c,_ZN8safe_jni8functionIN5titan3com9supercell5titan19GoogleServiceClientE6StringEclIJEEES6_P8_jobjectDpT_,0x120
0x9e58bc,_ZN22SkinRewardNotification19getNotificationTypeEv,0x8
0x9e58c4,_ZN20LogicCharacterClientD2Ev,0x74
0x9e5938,_ZN8Databind4Util13ArrayAccessorIiNSt6__ndk16vectorIiNS2_9allocatorIiEEEEE4sizeEv,0x14
0x9e594c,_ZN11SCIDManager11bindAccountERK6StringS2_S2_b,0x4
0x9e5950,_ZNK6icu_5815NoopNormalizer210quickCheckERKNS_13UnicodeStringER10UErrorCode,0x8
0x9e5958,_ZN8Databind4Util17ArrayAccessorBaseI12LogicVector314LogicArrayListIS2_EE6getPtrEm,0xc
0x9e5964,_ZNSt6__ndk126__end_marked_subexpressionIcED0Ev,0x40
0x9e59a4,_ZNK2OT23ReverseChainSingleSubst8dispatchINS_24hb_would_apply_context_tEEENT_8return_tEPS3_,0x198
0x9e5b3c,_ZN4asio9execution6detail17any_executor_base8query_fnINS_10io_context19basic_executor_typeINSt6__ndk19allocatorIvEELj0EEENS1_8blocking7never_tILi0EEEEEvPvPKvSF_,0x38
0x9e5b74,_ZN8safe_jni7ConvertINSt6__ndk16vectorIN5titan7android7content2pm9SignatureENS1_9allocatorIS7_EEEEvE12CallFunctionEP10_jmethodIDP8_jobjectz,0xb4
0x9e5c28,_ZN17OnlineTeamupPopup12onInviteDoneEv,0xc
0x9e5c34,_ZNK2OT18MarkBasePosFormat15applyEPNS_18hb_apply_context_tE,0x4c4
0x9e60f8,_ZN8Databind4Util13ArrayAccessorI12LogicVector214LogicArrayListIS2_EE6resizeEm,0x128
0x9e6220,_ZN25LogicAvatarChangeListener16starPowerDroppedEPK13LogicCardData,0x4
0x9e6224,_ZN4asio9execution6detail17any_executor_base8query_fnINS_10io_context19basic_executor_typeINSt6__ndk19allocatorIvEELj0EEENS0_12context_as_tIRNS_17execution_contextEEEEEvPvPKvSG_,0xc
0x9e6230,_ZN29LogicPlayerDataChangedCommandD0Ev,0x4
0x9e6234,_ZN22AddFriendFailedMessageD0Ev,0xc0
0x9e62f4,_ZNSt6__ndk120__shared_ptr_pointerIPN8Databind23DefaultObjectTypeTraitsIN11wendelstein21SimpleGroundComponentEEENS_14default_deleteIS5_EENS_9allocatorIS5_EEE21__on_zero_shared_weakEv,0x4
0x9e62f8,_ZN10SCTuneImpl9onReceiveEP10Connection,0x4
0x9e62fc,_ZN2OT11LigatureSet9serializeEPNS_22hb_serialize_context_tERNS_8SupplierINS_7GlyphIDEEERNS3_IjEEjS6_,0x26c
0x9e6568,_ZN11wendelstein18SpawnConeComponent5cloneEv,0x70
0x9e65d8,_ZN19AcceptFriendMessageD0Ev,0xc0
0x9e6698,_ZN19AllianceDataMessageD0Ev,0xc0
0x9e6758,_ZN8safe_jni8functionIN5titan7android7content2pm11SigningInfoENSt6__ndk16vectorINS4_9SignatureENS6_9allocatorIS8_EEEEEclIJEEESB_P8_jobjectDpT_,0x120
0x9e6878,_ZNSt6__ndk110__function6__funcIZN11scTaskQueue3runIZN10SWFTexture11loadTextureIsEEvP12SupercellSWFiiiibbEUlvE_EENS_13invoke_resultIT_JEE4typeESA_EUlvE_NS_9allocatorISD_EEFvvEE7destroyEv,0x4
0x9e687c,_ZNSt6__ndk120__shared_ptr_emplaceI18scFileInputAdapterNS_9allocatorIS1_EEED0Ev,0x48
0x9e68c4,_ZN18BezierInterpolatorIfE5setX1Ef,0x84
0x9e6948,_ZN8safe_jni8functionIN5titan7android7content7ContextENS3_3res12AssetManagerEEclIJEEES6_P8_jobjectDpT_,0x120
0x9e6a68,_ZN6SCTune9addStringEPK6CSVRowiRK6StringPS3_PKcP20SCTuneChangeListenerib,0x34
0x9e6a9c,_ZNSt6__ndk119__throw_regex_errorILNS_15regex_constants10error_typeE4EEEvv,0xc
0x9e6aa8,_ZNK2OT19ChainContextFormat28sanitizeEPNS_21hb_sanitize_context_tE,0x100
0x9e6ba8,_ZN4asio9execution6detail17any_executor_base10require_fnINS0_12any_executorIJNS0_12context_as_tIRNS_17execution_contextEEENS1_8blocking7never_tILi0EEENS0_11prefer_onlyINS9_10possibly_tILi0EEEEENSC_INS1_16outstanding_work9tracked_tILi0EEEEENSC_INSG_11untracked_tILi0EEEEENSC_INS1_12relationship6fork_tILi0EEEEENSC_INSN_14continuation_tILi0EEEEEEEENS_10io_context19basic_executor_typeINSt6__ndk19allocatorIvEELj4EEESJ_EET_PKvS13_,0x24
0x9e6bcc,_ZNSt6__ndk115__word_boundaryIcNS_12regex_traitsIcEEED0Ev,0x50
0x9e6c1c,_ZN37YoozooBillingProcessedByServerMessageD2Ev,0xe0
0x9e6cfc,_ZNSt6__ndk16vectorIN22LaserDataLoaderTexture15TextureModifierENS_9allocatorIS2_EEE21__push_back_slow_pathIS2_EEvOT_,0x170
0x9e6e6c,_ZNSt6__ndk113basic_filebufIcNS_11char_traitsIcEEE5imbueERKNS_6localeE,0xf0
0x9e6f5c,_ZN4asio6detail9schedulerD0Ev,0x24
0x9e6f80,_ZNSt6__ndk120__shared_ptr_emplaceIN11wendelstein22SpawnVelocityComponentENS_9allocatorIS2_EEE21__on_zero_shared_weakEv,0x4
0x9e6f84,_ZN8safe_jni7ConvertIfvE12CallFunctionEP10_jmethodIDP8_jobjectz,0xb0
0x9e7034,_ZNK2OT16SinglePosFormat15applyEPNS_18hb_apply_context_tE,0x1d0
0x9e7204,_ZN23TeamSetPlayerMapMessageD2Ev,0xc4
0x9e72c8,_ZN19NotificationMessageD0Ev,0x4
0x9e72cc,_ZN8Databind25IDatabindObjectTypeTraitsD2Ev,0x4
0x9e72d0,_ZN10SWFTexture11loadTextureIhEEvP12SupercellSWFiiiibb,0x2ac
0x9e757c,_ZN11DragHandler15setPinchingDampEf,0x10
0x9e758c,_ZNSt6__ndk13mapI6StringN8KeyCache12StringObjectENS_4lessIS1_EENS_9allocatorINS_4pairIKS1_S3_EEEEED2Ev,0x8
0x9e7594,_ZNK6icu_5818ComposeNormalizer217hasBoundaryBeforeEi,0xc4
0x9e7658,_ZNSt6__ndk120__shared_ptr_emplaceI22scThreadSafeRingBufferNS_9allocatorIS1_EEE21__on_zero_shared_weakEv,0x4
0x9e765c,_ZNK21LogicGameObjectServer7getSizeEv,0x8
0x9e7664,_ZN8Databind4Util13ArrayAccessorI12LogicVector3NSt6__ndk16vectorIS2_NS3_9allocatorIS2_EEEEE4swapEmm,0x50
0x9e76b4,_ZN29UdpLatencyTestResponseMessageD0Ev,0xc0
0x9e7774,_ZNSt6__ndk16vectorIbNS_9allocatorIbEEE7reserveEm,0xdc
0x9e7850,_ZNSt6__ndk120__shared_ptr_pointerIPNS_6vectorIiNS_9allocatorIiEEEENS_14default_deleteIS4_EENS2_IS4_EEE21__on_zero_shared_weakEv,0x4
0x9e7854,_ZN11wendelstein23MovieClipRendererBucket7addQuadEv,0x10
0x9e7864,_ZN8Databind4Util13ArrayAccessorIfNSt6__ndk16vectorIfNS2_9allocatorIfEEEEE3getEm,0x10
0x9e7874,_ZN26hb_get_subtables_context_t8apply_toIN2OT14PairPosFormat2EEEbPKvPNS1_18hb_apply_context_tE,0x4
0x9e7878,_ZNSt6__ndk138__input_arithmetic_with_numeric_limitsIicNS_11char_traitsIcEEEERNS_13basic_istreamIT0_T1_EES7_RT_,0xfc
0x9e7974,_ZNKSt6__ndk16__treeINS_12basic_stringIcNS_11char_traitsIcEENS_9allocatorIcEEEENS_4lessIS6_EENS4_IS6_EEE4findIS6_EENS_21__tree_const_iteratorIS6_PNS_11__tree_nodeIS6_PvEElEERKT_,0x114
0x9e7a88,_ZN4asio6detail13epoll_reactorD0Ev,0x24
0x9e7aac,_ZNSt6__ndk16__treeINS_12__value_typeINS_12basic_stringIcNS_11char_traitsIcEENS_9allocatorIcEEEEiEENS_19__map_value_compareIS7_S8_N8nlohmann16fifo_map_compareIS7_EELb0EEENS5_IS8_EEE12__find_equalIS7_EERPNS_16__tree_node_baseIPvEERPNS_15__tree_end_nodeISK_EERKT_,0x100
0x9e7bac,_ZNK8Databind24NlohmannJsonOutReflector10isInObjectEv,0x10
0x9e7bbc,_ZN22ResourceDataLoaderImplI16ResourceDataJSONE12loadFinishedENSt6__ndk110unique_ptrIS0_NS2_14default_deleteIS0_EEEE,0xb0
0x9e7c6c,_ZNK17OnlineTeamupPopup14onFriendTappedEP16OnlineFriendItem,0x4
0x9e7c70,_ZN20LogicCharacterServerD0Ev,0x24
0x9e7c94,_ZN8safe_jni8functionIN5titan3com9supercell5titan11SupercellIdEvEclIJ6StringbEEEvP8_jobjectDpT_,0x1b0
0x9e7e44,_ZN21LogicRankRewardConfigD0Ev,0x4
0x9e7e48,_ZNSt6__ndk110__function6__funcIZN11wendelstein16ComponentFactory14addConstructorINS2_21DecelerationComponentEEEvvEUlvE_NS_9allocatorIS6_EEFNS_10shared_ptrINS2_17IEmitterComponentEEEvEE18destroy_deallocateEv,0x4
0x9e7e4c,_ZN17MovieClipModifier15collisionRenderER9Matrix2x3,0x8
0x9e7e54,_ZNK2OT20LigatureSubstFormat17closureEPNS_20hb_closure_context_tE,0x2e4
0x9e8138,_ZN21EnterMapEditorMessage8destructEv,0x4
0x9e813c,_ZN26hb_get_subtables_context_t8apply_toIN2OT18SingleSubstFormat1EEEbPKvPNS1_18hb_apply_context_tE,0x4
0x9e8140,_ZN2fx4gltf8AccessoraSEOS1_,0x1f4
0x9e8334,_ZNSt6__ndk114__split_bufferIPNS_7__stateIcEENS_9allocatorIS3_EEE9push_backERKS3_,0x138
0x9e846c,_ZN18BezierInterpolatorIfE5setY2Ef,0x80
0x9e84ec,_ZN21GlobalChatLineMessageD0Ev,0xc0
0x9e85ac,_ZNKSt6__ndk110__function6__funcIZN10SWFTexture11loadTextureIhEEvP12SupercellSWFiiiibbEUlvE_NS_9allocatorIS6_EEFvvEE7__cloneEPNS0_6__baseIS9_EE,0x30
0x9e85dc,_ZN22MatchmakeFailedMessageD0Ev,0xc0
0x9e869c,_ZN10BitmapFont15BitmapFormatterD0Ev,0x38
0x9e86d4,_ZN19UIDynamicTextSetterD2Ev,0x10
0x9e86e4,_ZN17scFileImpl_AAssetD0Ev,0x24
0x9e8708,_ZNK6icu_5818KeywordEnumeration17getDynamicClassIDEv,0xc
0x9e8714,_ZN25TeamSetMemberReadyMessageD0Ev,0xc0
0x9e87d4,_ZN2fx4gltf9from_jsonERKN8nlohmann10basic_jsonINSt6__ndk13mapENS3_6vectorENS3_12basic_stringIcNS3_11char_traitsIcEENS3_9allocatorIcEEEEblmdS9_NS1_14adl_serializerEEERNS0_8Material20PBRMetallicRoughnessE,0x308
0x9e8adc,_ZNK4asio6detail23reactive_socket_serviceINS_2ip3tcpEE14local_endpointERKNS4_19implementation_typeERNSt6__ndk110error_codeE,0xec
0x9e8bc8,_ZNSt6__ndk16__treeINS_12__value_typeIN15NativeFontCache8CacheKeyENS2_9CacheInfoEEENS_19__map_value_compareIS3_S5_NS_4lessIS3_EELb1EEENS_9allocatorIS5_EEE25__emplace_unique_key_argsIS3_JNS_4pairIS3_S4_EEEEENSE_INS_15__tree_iteratorIS5_PNS_11__tree_nodeIS5_PvEElEEbEERKT_DpOT0_,0x17c
0x9e8d44,_ZN20PlayerProfileMessageD0Ev,0xc0
0x9e8e04,_ZN23LogicHomeChangeListener25debugBrawlPassAutoCollectEv,0x4
0x9e8e08,_ZN8Databind4Util13ArrayAccessorIf14LogicArrayListIfEE6resizeEm,0x108
0x9e8f10,_ZNK15ProLeagueScreen16shouldAdjustSizeEv,0x10
0x9e8f20,_ZNSt6__ndk120__shared_ptr_emplaceI17scFSAndroidAssetsNS_9allocatorIS1_EEED0Ev,0x38
0x9e8f58,_ZN14scPackagedTaskIvED2Ev,0x78
0x9e8fd0,_ZNSt6__ndk120__shared_ptr_pointerIP14scPackagedTaskINS_4pairIb6StringEEENS_14default_deleteIS5_EENS_9allocatorIS5_EEE21__on_zero_shared_weakEv,0x4
0x9e8fd4,_ZNK2OT15ClassDefFormat216intersects_classEPK8hb_set_tj,0x18c
0x9e9160,_ZNK15PromoEventPopup12getPopupTypeEv,0x8
0x9e9168,_ZN5titan4java2io4FileD0Ev,0x38
0x9e91a0,_ZN25LogicAvatarChangeListener11gemsRevokedEi,0x4
0x9e91a4,_ZNSt6__ndk112basic_stringIcNS_11char_traitsIcEENS_9allocatorIcEEE6assignEPKc,0xd0
0x9e9274,_ZNSt6__ndk113__assoc_stateIfE4moveEv,0x98
0x9e930c,_ZN15ChatStreamEntryD0Ev,0x4
0x9e9310,_ZN25LogicAvatarChangeListener12skinUnlockedEPK13LogicSkinData,0x4
0x9e9314,_ZN8Databind4Util17ArrayAccessorBaseINSt6__ndk112basic_stringIcNS2_11char_traitsIcEENS2_9allocatorIcEEEENS2_6vectorIS8_NS6_IS8_EEEEE6getPtrEm,0xc
0x9e9320,_ZN8safe_jni7ConvertIN5titan7android7content6IntentEvE12CallFunctionEP10_jmethodIDP8_jobjectz,0xb4
0x9e93d4,_ZN21EnterMapEditorMessage18getServiceNodeTypeEv,0x8
0x9e93dc,_ZN6SCTune15getAbsolutePathERK6String,0x8
0x9e93e4,_ZN2fx4gltf6detail17ReadRequiredFieldINSt6__ndk16vectorIjNS3_9allocatorIjEEEEEEvNS3_17basic_string_viewIcNS3_11char_traitsIcEEEERKN8nlohmann10basic_jsonINS3_3mapES4_NS3_12basic_stringIcSA_NS5_IcEEEEblmdS5_NSC_14adl_serializerEEERT_,0xf0
0x9e94d4,_ZNSt6__ndk110shared_ptrI14scPackagedTaskIvEE11make_sharedIJZN11scTaskQueue3runIZN10SWFTexture21loadDownscaledTextureIiEEvP12SupercellSWFiiiibbEUlvE_EENS_13invoke_resultIT_JEE4typeESD_EUlvE_EEES3_DpOT_,0x108
0x9e95dc,_ZNSt6__ndk120__shared_ptr_pointerIP14LogicArrayListI7Vector3IfEENS_14default_deleteIS4_EENS_9allocatorIS4_EEE21__on_zero_shared_weakEv,0x4
0x9e95e0,_ZN8Databind4Util13ArrayAccessorIf14LogicArrayListIfEE3getEm,0x14
0x9e95f4,_ZN5titan3com8linecorp4nova7android10NovaNativeD0Ev,0x38
0x9e962c,_ZNK11wendelstein17IEmitterComponent21getMaxEmitterLifetimeERKNS_7EmitterE,0x8
0x9e9634,_ZNSt6__ndk120__shared_ptr_emplaceIN11wendelstein13DragComponentENS_9allocatorIS2_EEED0Ev,0x24
0x9e9658,_ZNSt6__ndk120__shared_ptr_emplaceI16ReceivingMessageNS_9allocatorIS1_EEED2Ev,0x38
0x9e9690,_ZNSt6__ndk16vectorINS_4pairI6StringiEENS_9allocatorIS3_EEE6insertENS_11__wrap_iterIPKS3_EERS8_,0x330
0x9e99c0,_ZN25LogicAvatarChangeListener19attackRatingChangedEii,0x4
0x9e99c4,_ZN8safe_jni7ConvertIN5titan7android4view13SurfaceHolderEvE12CallFunctionEP10_jmethodIDP8_jobjectz,0xb4
0x9e9a78,_ZN11wendelstein12old_versions22MovieClipEmitterDataV020getDatabindObjectDefEv,0x2f0
0x9e9d68,_ZN23LogicHomeChangeListener10deliverIAPEPK24LogicBillingPackagesData,0x4
0x9e9d6c,_ZN8GameMain17initializeMembersEv,0x14c
0x9e9eb8,_ZNK30PurchaseBrawlPassProgressPopup17showOnlinePlayersEv,0x8
0x9e9ec0,_ZNKSt6__ndk110__function6__funcIZN11scTaskQueue3runIZN10SWFTexture11loadTextureIhEEvP12SupercellSWFiiiibbEUlvE_EENS_13invoke_resultIT_JEE4typeESA_EUlvE_NS_9allocatorISD_EEFvvEE6targetERKSt9type_info,0x1c
0x9e9edc,_ZN8safe_jni7ConvertIN5titan7android7content3res19AssetFileDescriptorEvE12CallFunctionEP10_jmethodIDP8_jobjectz,0xb4
0x9e9f90,_ZNK29AllianceMailAvatarStreamEntry18getStreamEntryTypeEv,0x8
0x9e9f98,_ZN4asio9execution6detail17any_executor_base8query_fnINS_10io_context19basic_executor_typeINSt6__ndk19allocatorIvEELj4EEENS0_11prefer_onlyINS1_16outstanding_work9tracked_tILi0EEEEEEEvPvPKvSH_,0x30
0x9e9fc8,_ZNSt6__ndk115__inplace_mergeIRZN14LogicArrayListIP10GatchaDropE9sortArrayIPFiS3_S3_EEEvRKT_EUlRKS3_SC_E_PS3_EEvT0_SG_SG_S8_NS_15iterator_traitsISG_E15difference_typeESJ_PNSI_10value_typeEl,0x304
0x9ea2cc,_ZN25BrawlTvChannelListMessageD0Ev,0xc0
0x9ea38c,_ZN28UnbindFacebookAccountMessageD0Ev,0xc0
0x9ea44c,_ZN16BaseNotification9getAmountEv,0x8
0x9ea454,_Z20cacheCompressedArrayIiEbP7__sFILEPiiPT_,0x274
0x9ea6c8,_ZNSt6__ndk120__shared_ptr_emplaceIN4asio2ip14basic_resolverINS2_3tcpENS1_15any_io_executorEEENS_9allocatorIS6_EEE21__on_zero_shared_weakEv,0x4
0x9ea6cc,_ZN4asio9execution6detail17any_executor_base14target_type_exINS_10io_context19basic_executor_typeINSt6__ndk19allocatorIvEELj0EEEEEPKvv,0xc
0x9ea6d8,_ZN32AskForPlayingKakaoFriendsMessageD0Ev,0xc0
0x9ea798,_ZNSt6__ndk113__assoc_stateINS_8functionIFvvEEEE9set_valueIS3_EEvOT_,0xe0
0x9ea878,_ZNSt6__ndk16__treeINS_12__value_typeI6StringP6CSVRowEENS_19__map_value_compareIS2_S5_NS_4lessIS2_EELb1EEENS_9allocatorIS5_EEE25__emplace_unique_key_argsIS2_JRKNS_21piecewise_construct_tENS_5tupleIJRKS2_EEENSH_IJEEEEEENS_4pairINS_15__tree_iteratorIS5_PNS_11__tree_nodeIS5_PvEElEEbEERKT_DpOT0_,0x110
0x9ea988,_ZN8Databind4Util13ArrayAccessorI7Vector2IfENSt6__ndk16vectorIS3_NS4_9allocatorIS3_EEEEE5clearEv,0x10
0x9ea998,_ZN4asio9execution6detail17any_executor_base9prefer_fnINS0_12any_executorIJNS0_12context_as_tIRNS_17execution_contextEEENS1_8blocking7never_tILi0EEENS0_11prefer_onlyINS9_10possibly_tILi0EEEEENSC_INS1_16outstanding_work9tracked_tILi0EEEEENSC_INSG_11untracked_tILi0EEEEENSC_INS1_12relationship6fork_tILi0EEEEENSC_INSN_14continuation_tILi0EEEEEEEEvSJ_EET_PKvSX_,0x50
0x9ea9e8,_ZN18AttributionMessageD0Ev,0x24
0x9eaa0c,_ZN22StarPointsNotificationD2Ev,0x38
0x9eaa44,_ZN24LatencyTestStatusMessageD0Ev,0xe0
0x9eab24,_ZN2fx4gltf6detail17ReadOptionalFieldINSt6__ndk112basic_stringIcNS3_11char_traitsIcEENS3_9allocatorIcEEEEEEvNS3_17basic_string_viewIcS6_EERKN8nlohmann10basic_jsonINS3_3mapENS3_6vectorES9_blmdS7_NSC_14adl_serializerEEERT_,0x10c
0x9eac30,_ZN25ClientCapabilitiesMessage18getServiceNodeTypeEv,0x8
0x9eac38,_ZN16scFileImpl_Posix5writeEPKvm,0x10
0x9eac48,_ZNK2OT19SubstLookupSubTable8dispatchINS_24hb_would_apply_context_tEEENT_8return_tEPS3_j,0xc0
0x9ead08,_ZN17LogicGameListener16onShopDataChangeEv,0x4
0x9ead0c,_ZN6SCTune19addAutoRefreshValueEi,0x4
0x9ead10,_ZNK10GameConfig18getStickSizeFactorEv,0x8
0x9ead18,_ZNKSt6__ndk110__function6__funcIZN11wendelstein16ComponentFactory14addConstructorINS2_21SimpleGroundComponentEEEvvEUlvE_NS_9allocatorIS6_EEFNS_10shared_ptrINS2_17IEmitterComponentEEEvEE7__cloneEv,0x24
0x9ead3c,_ZNK23scFileImpl_MemoryHandle10isWritableEv,0x8
0x9ead44,_ZNSt6__ndk120__shared_ptr_emplaceIN11wendelstein22SpawnLocationComponentENS_9allocatorIS2_EEED2Ev,0x4
0x9ead48,_ZN4asio6detail21resolver_service_baseC2ERNS_17execution_contextE,0x178
0x9eaec0,_ZNSt6__ndk16__treeINS_12__value_typeI6StringP4MeshEENS_19__map_value_compareIS2_S5_NS_4lessIS2_EELb1EEENS_9allocatorIS5_EEE7destroyEPNS_11__tree_nodeIS5_PvEE,0x48
0x9eaf08,_ZNSt6__ndk110unique_ptrIN14HelpshiftTitan19HelpshiftConnectionENS_14default_deleteIS2_EEED2Ev,0x20
0x9eaf28,_ZNSt6__ndk120__shared_ptr_pointerIPNS_6vectorIN4asio2ip20basic_resolver_entryINS3_3tcpEEENS_9allocatorIS6_EEEENS_14default_deleteIS9_EENS7_IS9_EEED0Ev,0x24
0x9eaf4c,_ZN12jpeg_decoder11huff_decodeEP15huff_tables_tagRi,0xec
0x9eb038,_ZNSt6__ndk112__hash_tableINS_17__hash_value_typeINS_12basic_stringIcNS_11char_traitsIcEENS_9allocatorIcEEEEjEENS_22__unordered_map_hasherIS7_S8_NS_4hashIS7_EELb1EEENS_21__unordered_map_equalIS7_S8_NS_8equal_toIS7_EELb1EEENS5_IS8_EEE6rehashEm,0xe4
0x9eb11c,_ZN18UIDataListProviderD0Ev,0x4
0x9eb120,_ZNK16LogicReflectable31getReflectableDataSchemaVersionEv,0x8
0x9eb128,_ZNSt6__ndk120__shared_ptr_pointerIPNS_6vectorI6StringNS_9allocatorIS2_EEEENS_14default_deleteIS5_EENS3_IS5_EEED0Ev,0x24
0x9eb14c,_ZNSt6__ndk113__assoc_stateIjE16__on_zero_sharedEv,0x14
0x9eb160,_ZN8Databind4Util13ArrayAccessorIiNSt6__ndk16vectorIiNS2_9allocatorIiEEEEE3addEPKi,0x24
0x9eb184,_ZNSt6__ndk120__shared_ptr_pointerIPN8Databind23DefaultObjectTypeTraitsIN11wendelstein13DragComponentEEENS_14default_deleteIS5_EENS_9allocatorIS5_EEE16__on_zero_sharedEv,0x18
0x9eb19c,_ZN8nlohmann6detail9exceptionD0Ev,0x38
0x9eb1d4,_ZN14HelpshiftTitan27HelpshiftConnectionFallback11setMetadataERK6StringS3_,0x4
0x9eb1d8,_ZN14LogicArrayListIP20NativeConnectionInfoED2Ev,0x2c
0x9eb204,_ZN14HelpshiftTitan23HelpshiftConnectionImpl16showConversationEv,0x4
0x9eb208,_ZN27BrawlPassRewardNotificationD0Ev,0x4
0x9eb20c,_ZN8safe_jni15static_functionIN5titan3com9supercell5titan19ApplicationUtilBaseEvEclIJEEEvDpT_,0x138
0x9eb344,_ZNK22LogicGemOfferContainer20getHeroCountInRarityEii,0x8
0x9eb34c,_ZN27ChatAccountBanStatusMessageD0Ev,0xc0
0x9eb40c,_ZN30RemoveAvatarStreamEntryMessageD0Ev,0xc0
0x9eb4cc,_ZNSt6__ndk115__inplace_mergeIRZN14LogicArrayListIP12LocationItemE9sortArrayIPFiS3_S3_EEEvRKT_EUlRKS3_SC_E_PS3_EEvT0_SG_SG_S8_NS_15iterator_traitsISG_E15difference_typeESJ_PNSI_10value_typeEl,0x304
0x9eb7d0,_ZNSt6__ndk120__shared_ptr_emplaceIN11wendelstein18SpawnRateComponentENS_9allocatorIS2_EEE21__on_zero_shared_weakEv,0x4
0x9eb7d4,_ZNK6icu_5819Normalizer2WithImpl11composePairEii,0x8
0x9eb7dc,_ZN8Databind23AbstractDatabindReflectD0Ev,0x4
0x9eb7e0,_ZNK13EffectPreview11getMenuTypeEv,0x8
0x9eb7e8,_ZN18OwnHomeDataMessageD0Ev,0xc0
0x9eb8a8,_ZNSt6__ndk120__shared_ptr_pointerIPNS_6vectorI12LogicVector2NS_9allocatorIS2_EEEENS_14default_deleteIS5_EENS3_IS5_EEED0Ev,0x24
0x9eb8cc,_ZNSt6__ndk120__shared_ptr_emplaceIN11wendelstein18CurlNoiseComponentENS_9allocatorIS2_EEE16__on_zero_sharedEv,0xc
0x9eb8d8,_ZN8Databind6detail17AccessorNonRefSetI7Vector3IfE18BezierInterpolatorIS3_EE4nameEv,0xc
0x9eb8e4,_ZNSt6__ndk111basic_regexIcNS_12regex_traitsIcEEE24__parse_extended_reg_expIPKcEET_S7_S7_,0x160
0x9eba44,_ZN8safe_jni8functionIN5titan3com9supercell5titan7GameAppEvEclIJEEEvP8_jobjectDpT_,0x118
0x9ebb5c,_ZNSt6__ndk111basic_regexIcNS_12regex_traitsIcEEE18__parse_awk_escapeIPKcEET_S7_S7_PNS_12basic_stringIcNS_11char_traitsIcEENS_9allocatorIcEEEE,0x2d0
0x9ebe2c,_ZThn8_NK17OnlineFriendsList29isInFriendlyRoomInviteContextEv,0x10
0x9ebe3c,_ZNK2OT8Coverage10intersectsEPK8hb_set_t,0x164
0x9ebfa0,_ZNSt6__ndk114__split_bufferIN2fx4gltf6BufferERNS_9allocatorIS3_EEE9push_backEOS3_,0x270
0x9ec210,_ZNSt6__ndk16vectorIN2fx4gltf4NodeENS_9allocatorIS3_EEE6insertENS_11__wrap_iterIPKS3_EEOS3_,0x3a0
0x9ec5b0,_ZN8safe_jni8functionIN5titan7android7content6IntentE6StringEclIJS5_EEES5_P8_jobjectDpT_,0x194
0x9ec744,_ZN30StarPointMigrationNotification19getNotificationTypeEv,0x8
0x9ec74c,_ZNSt6__ndk16__treeINS_12__value_typeI6StringP6CSVRowEENS_19__map_value_compareIS2_S5_NS_4lessIS2_EELb1EEENS_9allocatorIS5_EEE7destroyEPNS_11__tree_nodeIS5_PvEE,0x48
0x9ec794,_ZNSt6__ndk120__shared_ptr_pointerIPN8Databind23DefaultObjectTypeTraitsI24LaserParticleEmitterDataEENS_14default_deleteIS4_EENS_9allocatorIS4_EEE16__on_zero_sharedEv,0x18
0x9ec7ac,_ZN8Material14setColorizeTexEP7GLImage,0x8
0x9ec7b4,_ZN5tween7ElasticD0Ev,0x4
0x9ec7b8,_ZNSt6__ndk112__hash_tableINS_17__hash_value_typeINS_12basic_stringIcNS_11char_traitsIcEENS_9allocatorIcEEEEjEENS_22__unordered_map_hasherIS7_S8_NS_4hashIS7_EELb1EEENS_21__unordered_map_equalIS7_S8_NS_8equal_toIS7_EELb1EEENS5_IS8_EEE8__rehashEm,0x304
0x9ecabc,_ZNSt6__ndk116__owns_one_stateIcED2Ev,0x28
0x9ecae4,_ZNSt6__ndk16__treeINS_12__value_typeIPvNS_10shared_ptrIN8Databind14ObjectInstanceEEEEENS_19__map_value_compareIS2_S7_NS_4lessIS2_EELb1EEENS_9allocatorIS7_EEE7destroyEPNS_11__tree_nodeIS7_S2_EE,0x78
0x9ecb5c,_ZNSt6__ndk16vectorINS_9sub_matchIPKcEENS_9allocatorIS4_EEE8__appendEmRKS4_,0x180
0x9eccdc,_ZN14LogicSoundDataD0Ev,0x40
0x9ecd1c,_ZN23LogicHomeChangeListener18doubleCoinsDroppedEi,0x4
0x9ecd20,_ZNSt6__ndk113__assoc_stateINS_8functionIFvvEEEE4moveEv,0x100
0x9ece20,_ZN24LogicPlayerThumbnailDataD0Ev,0x40
0x9ece60,_ZN14PlayerRankItem13buttonPressedEv,0x88
0x9ecee8,_ZN23SendAllianceMailMessageD0Ev,0xc0
0x9ecfa8,_ZNSt6__ndk113__assoc_stateINS_8functionIFvvEEEE16__on_zero_sharedEv,0x5c
0x9ed004,_ZNSt6__ndk19transformIN8nlohmann6detail9iter_implIKNS1_10basic_jsonINS_3mapENS_6vectorENS_12basic_stringIcNS_11char_traitsIcEENS_9allocatorIcEEEEblmdSA_NS1_14adl_serializerEEEEENS_15insert_iteratorINS6_IN2fx4gltf4SkinENSA_ISK_EEEEEEZNS2_20from_json_array_implISE_SM_EEDTcmcmcldtfp0_7reserveclsr3stdE7declvalINT0_9size_typeEEEEcldtfp_3getINSP_10value_typeEEEcvv_EERKT_RSP_NS2_12priority_tagILj1EEEEUlRSF_E_EESP_ST_ST_SP_T1_,0x1bc
0x9ed1c0,_ZN12DCT_Upsample3R_SILi7ELi7EE4calcERNS_8Matrix44ES3_PKs,0x430
0x9ed5f0,_ZNKSt6__ndk110__function6__funcIZN11wendelstein16ComponentFactory14addConstructorINS2_22SpawnLocationComponentEEEvvEUlvE_NS_9allocatorIS6_EEFNS_10shared_ptrINS2_17IEmitterComponentEEEvEE11target_typeEv,0xc
0x9ed5fc,_ZNSt6__ndk17__sort4IRPFbP14RankedHeroItemS2_EPS2_EEjT0_S7_S7_S7_T_,0x184
0x9ed780,_ZNK11wendelstein17IEmitterComponent22getMaxParticleLifetimeERKNS_7EmitterE,0x8
0x9ed788,_ZNSt6__ndk110__function6__funcIZN10SWFTexture11loadTextureIsEEvP12SupercellSWFiiiibbEUlvE_NS_9allocatorIS6_EEFvvEE7destroyEv,0x4
0x9ed78c,_ZN8Databind23DefaultObjectTypeTraitsIN11wendelstein20MovieClipEmitterDataEE9constructEv,0x2c
0x9ed7b8,_ZN14DatabindObjectD2Ev,0x58
0x9ed810,_ZN29DeviceLinkSuccesfullOldScreen16getSubScreenTypeEv,0x8
0x9ed818,_ZN20ShopBgElementHandler6updateEP9MovieClipS1_f,0x4
0x9ed81c,_ZN4asio9execution6detail17any_executor_base11move_objectINS_10io_context19basic_executor_typeINSt6__ndk19allocatorIvEELj0EEEEEvRS2_SA_,0x18
0x9ed834,_ZThn336_NK16OnlineFriendItem16getAnalyticsNameEv,0x8
0x9ed83c,_ZNSt6__ndk120__shared_ptr_pointerIPN8Databind23DefaultObjectTypeTraitsIN11wendelstein13DragComponentEEENS_14default_deleteIS5_EENS_9allocatorIS5_EEED0Ev,0x24
0x9ed860,_ZNSt6__ndk116__back_ref_icaseIcNS_12regex_traitsIcEEED2Ev,0x54
0x9ed8b4,_ZNKSt6__ndk120__shared_ptr_pointerIP14LogicArrayListI6StringENS_14default_deleteIS3_EENS_9allocatorIS3_EEE13__get_deleterERKSt9type_info,0x1c
0x9ed8d0,_ZNSt6__ndk110__function6__baseIFNS_6vectorIfNS_9allocatorIfEEEEvEED2Ev,0x4
0x9ed8d4,_ZNK10AreaEffect14getGroundBasisEv,0x8
0x9ed8dc,_ZN26hb_get_subtables_context_t8apply_toIN2OT14ContextFormat3EEEbPKvPNS1_18hb_apply_context_tE,0x4
0x9ed8e0,_ZN11wendelstein27WendelsteinMovieClipEmitter6updateEf,0x10
0x9ed8f0,_ZNSt6__ndk14listIN5tween12TweenerParamENS_9allocatorIS2_EEE9push_backERKS2_,0xd8
0x9ed9c8,_ZN19CachedFontFormatter22getLineCharacterOffsetEi,0x8
0x9ed9d0,_ZN8Databind23DefaultObjectTypeTraitsI24LaserParticleEmitterDataE7destroyEPv,0x18
0x9ed9e8,_ZN19CachedFontFormatterD0Ev,0x60
0x9eda48,_ZN2OT20LigatureSubstFormat19serializeEPNS_22hb_serialize_context_tERNS_8SupplierINS_7GlyphIDEEERNS3_IjEEjS6_S8_S6_,0x20c
0x9edc54,_ZN27YoozooBillingRequestMessageD2Ev,0xd0
0x9edd24,_ZNSt6__ndk16vectorI10ScreenModeNS_9allocatorIS1_EEE8__appendEm,0x12c
0x9ede50,_ZN11wendelstein13DragComponent9objectDefEv,0x4
0x9ede54,_ZN8Databind23DefaultObjectTypeTraitsIN11wendelstein19SpawnBurstComponentEED0Ev,0x4
0x9ede58,_ZN8safe_jni8functionIN5titan7android4view13SurfaceHolderENS3_7SurfaceEEclIJEEES5_P8_jobjectDpT_,0x120
0x9edf78,_ZN22PromoPopupNotification19getNotificationTypeEv,0x8
0x9edf80,_ZN17LogicGameListener17vanityItemChangedEPK9LogicDatai,0x4
0x9edf84,_ZN16AllianceRankItemD2Ev,0x44
0x9edfc8,_ZN8Databind4Util13ArrayAccessorI6StringNSt6__ndk16vectorIS2_NS3_9allocatorIS2_EEEEE5clearEv,0x48
0x9ee010,_ZNSt6__ndk120__shared_ptr_pointerIPN8Databind23DefaultObjectTypeTraitsIN11wendelstein18SpawnConeComponentEEENS_14default_deleteIS5_EENS_9allocatorIS5_EEE16__on_zero_sharedEv,0x18
0x9ee028,_ZNK8PageItem14showLeftTopHUDEv,0x8
0x9ee030,_ZN12DCT_Upsample3P_QILi7ELi7EE4calcERNS_8Matrix44ES3_PKs,0x418
0x9ee448,_ZN8Databind6detail22AbstractDatabindGetterI7Vector3IfEED2Ev,0x4
0x9ee44c,_ZNSt6__ndk110__function6__funcIZN10SWFTexture21loadDownscaledTextureIiEEvP12SupercellSWFiiiibbEUlvE_NS_9allocatorIS6_EEFvvEE7destroyEv,0x4
0x9ee450,_ZN33GetCurrentBattleReplayDataMessageD0Ev,0xc0
0x9ee510,_ZN21TeamInvitationMessageD0Ev,0xc0
0x9ee5d0,_ZN21LogicAreaEffectClientD0Ev,0x4
0x9ee5d4,_ZN21ScidLifecycleListener12onBackgroundEv,0x10
0x9ee5e4,_ZNSt6__ndk13mapIPKcN8Databind16ObjectTypeTraitsENS_4lessIS2_EENS_9allocatorINS_4pairIKS2_S4_EEEEED2Ev,0x8
0x9ee5ec,_ZNKSt6__ndk110__function6__funcIZN11wendelstein16ComponentFactory14addConstructorINS2_18SpawnConeComponentEEEvvEUlvE_NS_9allocatorIS6_EEFNS_10shared_ptrINS2_17IEmitterComponentEEEvEE7__cloneEv,0x24
0x9ee610,_ZNSt6__ndk118__insertion_sort_3IRPFbP14RankedHeroItemS2_EPS2_EEvT0_S7_T_,0x15c
0x9ee76c,_ZNSt6__ndk111__lookaheadIcNS_12regex_traitsIcEEED0Ev,0x8c
0x9ee7f8,_ZN8safe_jni7ConvertIN5titan3com9supercell5titan17GL2JNISurfaceViewEvE3SigEv,0xd8
0x9ee8d0,_ZN8TestCaseD0Ev,0x4
0x9ee8d4,_ZN8nlohmann6detail19json_sax_dom_parserINS_10basic_jsonINSt6__ndk13mapENS3_6vectorENS3_12basic_stringIcNS3_11char_traitsIcEENS3_9allocatorIcEEEEblmdS9_NS_14adl_serializerEEEE12handle_valueIRlEEPSD_OT_,0x110
0x9ee9e4,_ZN6SCTune4initERK6String,0x4
0x9ee9e8,_ZN5titan3com9supercell5titan19ApplicationUtilBaseD0Ev,0x38
0x9eea20,_ZNKSt6__ndk120__shared_ptr_pointerIPN8Databind23DefaultObjectTypeTraitsIN11wendelstein22SpawnVelocityComponentEEENS_14default_deleteIS5_EENS_9allocatorIS5_EEE13__get_deleterERKSt9type_info,0x1c
0x9eea3c,_ZN20FileDownloadListener22onFileDownloadFinishedEb,0x4
0x9eea40,_ZN11scTaskQueueD2Ev,0x9c
0x9eeadc,_ZN4asio6detail9scheduler3runERNSt6__ndk110error_codeE,0x24c
0x9eed28,_ZNSt6__ndk110__function6__funcIZN8Databind8Migrator16addMigrationStepIN11wendelstein12old_versions15EmitterParamsV0ENS5_7Emitter13EmitterParamsEEEviNS_8functionIFvRT_RT0_EEEEUlvE_NS_9allocatorISH_EEFNS_10unique_ptrIvPFvPvEEEvEED0Ev,0x4
0x9eed2c,_ZNSt6__ndk113basic_ostreamIcNS_11char_traitsIcEEED0Ev,0x28
0x9eed54,_ZNK8Databind4Util13ArrayAccessorI7Vector3IfENSt6__ndk16vectorIS3_NS4_9allocatorIS3_EEEEE8getArrayEv,0x8
0x9eed5c,_ZNSt6__ndk110__function6__funcIZN10SWFTexture11loadTextureIiEEvP12SupercellSWFiiiibbEUlvE_NS_9allocatorIS6_EEFvvEE18destroy_deallocateEv,0x4
0x9eed60,_ZNSt6__ndk18__rotateIPP12LocationItemEET_S4_S4_S4_NS_26random_access_iterator_tagE,0x1c8
0x9eef28,_ZN8safe_jni7ConvertIN5titan7android3app8ActivityEvE3SigEv,0xd8
0x9ef000,_ZN20AllianceTeamsMessageD0Ev,0xc0
0x9ef0c0,_ZNK2OT17CaretValueFormat315get_caret_valueEP9hb_font_t14hb_direction_tj,0x2a8
0x9ef368,_ZN5titan3com9supercell5titan23NativeHTTPClientManagerD0Ev,0x38
0x9ef3a0,_ZN27LogicSelectStarPowerCommandD0Ev,0x4
0x9ef3a4,_ZN8Databind6detail17AccessorNonRefSetIf18BezierInterpolatorIfEE3setEPvRKf,0x1c
0x9ef3c0,_ZN31IExpressionEvaluatorEnvironmentD2Ev,0x38
0x9ef3f8,_ZN37LogicPurchaseBrawlPassProgressCommandD0Ev,0x4
0x9ef3fc,_ZN26SetSupportedCreatorMessageD2Ev,0xd0
0x9ef4cc,_ZN2fx4gltf9from_jsonERKN8nlohmann10basic_jsonINSt6__ndk13mapENS3_6vectorENS3_12basic_stringIcNS3_11char_traitsIcEENS3_9allocatorIcEEEEblmdS9_NS1_14adl_serializerEEERNS0_8Accessor6Sparse7IndicesE,0x268
0x9ef850,_ZN2fx4gltf9from_jsonERKN8nlohmann10basic_jsonINSt6__ndk13mapENS3_6vectorENS3_12basic_stringIcNS3_11char_traitsIcEENS3_9allocatorIcEEEEblmdS9_NS1_14adl_serializerEEERNS0_8Material16OcclusionTextureE,0x130
0x9ef980,_ZN8Databind17DatabindTableNode14getAsTableNodeEv,0x4
0x9ef984,_ZN22ResourceDataLoaderImplI16ResourceDataSC3DED0Ev,0x7c
0x9efa00,_ZN37DefaultExpressionEvaluatorEnvironmentD0Ev,0x38
0x9efa38,_ZNSt6__ndk120__shared_ptr_pointerIPN8Databind23DefaultObjectTypeTraitsIN11wendelstein7Emitter13EmitterParamsEEENS_14default_deleteIS6_EENS_9allocatorIS6_EEE16__on_zero_sharedEv,0x18
0x9efa50,_ZN35BuyBundleBillingPackResponseMessageD0Ev,0xc0
0x9efb10,_ZNSt6__ndk112__hash_tableINS_17__hash_value_typeIPv6StringEENS_22__unordered_map_hasherIS2_S4_NS_4hashIS2_EELb1EEENS_21__unordered_map_equalIS2_S4_NS_8equal_toIS2_EELb1EEENS_9allocatorIS4_EEE6rehashEm,0xe4
0x9efbf4,_ZNK2OT19ChainContextFormat27closureEPNS_20hb_closure_context_tE,0x2b8
0x9efeac,_ZNKSt6__ndk110__function6__funcIZN11wendelstein16ComponentFactory14addConstructorINS2_18SpawnConeComponentEEEvvEUlvE_NS_9allocatorIS6_EEFNS_10shared_ptrINS2_17IEmitterComponentEEEvEE7__cloneEPNS0_6__baseISC_EE,0x10
0x9efebc,_ZNK2OT20LigatureSubstFormat15applyEPNS_18hb_apply_context_tE,0x258
0x9f0114,_ZNKSt6__ndk120__shared_ptr_pointerIPNS_6vectorIfNS_9allocatorIfEEEENS_14default_deleteIS4_EENS2_IS4_EEE13__get_deleterERKSt9type_info,0x1c
0x9f0130,_ZNK12LogicCommand16isSavedForReplayEv,0x8
0x9f0138,_ZN11wendelstein19SpawnBurstComponentD2Ev,0x24
0x9f015c,_ZNSt6__ndk110unique_ptrI12scWorkerPoolNS_14default_deleteIS1_EEED2Ev,0x3c
0x9f0198,_ZNSt6__ndk16vectorIN5titan7android4view7Display4ModeENS_9allocatorIS5_EEE21__push_back_slow_pathIS5_EEvOT_,0x198
0x9f0330,_ZN8nlohmann16fifo_map_compareINSt6__ndk112basic_stringIcNS1_11char_traitsIcEENS1_9allocatorIcEEEEE7add_keyERKS7_,0xec
0x9f041c,_ZNSt6__ndk110__function6__funcIZN10SWFTexture21loadDownscaledTextureIsEEvP12SupercellSWFiiiibbEUlvE_NS_9allocatorIS6_EEFvvEEclEv,0x34
0x9f0450,_ZN8safe_jni15static_functionIN5titan3com9supercell5titan16TitanInstantAppsE6StringEclIJEEES6_DpT_,0x148
0x9f0598,_ZN22SCIDBindAccountMessageD0Ev,0xc0
0x9f0658,_ZNSt6__ndk16__treeINS_12__value_typeIPK20FileDownloadListenerNS_6vectorIPN15DownloadManager8Manifest5EntryENS_9allocatorIS9_EEEEEENS_19__map_value_compareIS4_SD_NS_4lessIS4_EELb1EEENSA_ISD_EEE7destroyEPNS_11__tree_nodeISD_PvEE,0x50
0x9f06a8,_ZNSt6__ndk16vectorIN5titan7android7content2pm9SignatureENS_9allocatorIS5_EEE21__push_back_slow_pathIS5_EEvOT_,0x198
0x9f0840,_ZThn368_NK17OnlineTeamupPopup14onFriendTappedEP16OnlineFriendItem,0x4
0x9f0844,_ZNSt6__ndk120__shared_ptr_emplaceIN11wendelstein18SpawnRateComponentENS_9allocatorIS2_EEED0Ev,0x24
0x9f0868,_ZN8Databind4Util17ArrayAccessorBaseI12LogicVector314LogicArrayListIS2_EE6addPtrEPKv,0xc
0x9f0874,_ZN22TeamSetLocationMessageD0Ev,0xc0
0x9f0934,_ZNSt6__ndk112__hash_tableINS_17__hash_value_typeINS_12basic_stringIcNS_11char_traitsIcEENS_9allocatorIcEEEE20CachedClassReferenceEENS_22__unordered_map_hasherIS7_S9_NS_4hashIS7_EELb1EEENS_21__unordered_map_equalIS7_S9_NS_8equal_toIS7_EELb1EEENS5_IS9_EEE25__emplace_unique_key_argsIS7_JNS_4pairIS7_S8_EEEEENSL_INS_15__hash_iteratorIPNS_11__hash_nodeIS9_PvEEEEbEERKT_DpOT0_,0x368
0x9f0c9c,_ZN25LogicAvatarChangeListener26debugShowRankedPenaltyInfoEv,0x4
0x9f0ca0,_ZN26AuthenticationCheckMessageD0Ev,0xc0
0x9f0d60,_ZN28LogicChangeAvatarNameCommandD2Ev,0x3c
0x9f0d9c,_ZN8safe_jni7ConvertIN5titan7android7content3res12AssetManagerEvE3SigEv,0xd8
0x9f0e74,_ZN17LogicAvatarChangeD0Ev,0x4
0x9f0e78,_ZNK11LogicMapIntIPK18LogicCharacterDataE7getKeysEv,0x1ec
0x9f1064,_ZN26LogicDeviceLinkDoneMessageD2Ev,0xd4
0x9f1138,_ZN8Databind4Util13ArrayAccessorIb14LogicArrayListIbEE4copyERS3_,0x124
0x9f125c,_ZNSt6__ndk113__stable_sortIRZN14LogicArrayListIP12LocationItemE9sortArrayIPFiS3_S3_EEEvRKT_EUlRKS3_SC_E_PS3_EEvT0_SG_S8_NS_15iterator_traitsISG_E15difference_typeEPNSI_10value_typeEl,0x350
0x9f15ac,_ZN12DCT_Upsample3R_SILi7ELi6EE4calcERNS_8Matrix44ES3_PKs,0x364
0x9f1910,_ZN19CachedFontFormatter5resetEv,0xc
0x9f191c,_ZN22ResourceDataLoaderImplI17ResourceDataMusicED2Ev,0x84
0x9f19a0,_ZN8Databind4Util13ArrayAccessorIi14LogicArrayListIiEE3getEm,0x14
0x9f19b4,_ZN15scFileImpl_Mmap5writeEPKvm,0x50
0x9f1a04,_ZNK2OT8Coverage12add_coverageI24hb_set_digest_combiner_tI27hb_set_digest_lowest_bits_tImLj4EES2_IS3_ImLj0EES3_ImLj9EEEEEEvPT_,0x200
0x9f1c04,_ZNSt6__ndk16vectorI7Vector3IfENS_9allocatorIS2_EEE8__appendEm,0x188
0x9f1d8c,_ZNSt6__ndk113basic_ostreamIcNS_11char_traitsIcEEElsEd,0x194
0x9f1f20,_ZN14HelpshiftTitan27HelpshiftConnectionFallback14showFAQSectionERK6String,0x14
0x9f1f34,_ZN8Databind4Util13ArrayAccessorI6StringNSt6__ndk16vectorIS2_NS3_9allocatorIS2_EEEEE8setArrayEPv,0x8
0x9f1f3c,_ZN19SelectLocationPopup20isInMapEditorContextEv,0x10
0x9f1f4c,_ZNK8Databind18DatabindObjectNode8isObjectEv,0x8
0x9f1f54,_ZN11wendelstein17MovieClipRendererD2Ev,0xb4
0x9f2008,_ZN31TeamAllianceMemberInviteMessageD0Ev,0xc0
0x9f20c8,_ZN5titan3com6google7android4play4core5tasks18OnCompleteListener10onCompleteENS5_4TaskE,0x4
0x9f20cc,_ZNK13DisplayObject10isSprite3DEv,0x8
0x9f20d4,_ZNK17OnlineFriendsList29isInFriendlyRoomInviteContextEv,0x10
0x9f20e4,_ZN13LogicBossDataD0Ev,0x40
0x9f2124,_ZNSt6__ndk120__shared_ptr_pointerIP14LogicArrayListIfENS_14default_deleteIS2_EENS_9allocatorIS2_EEED0Ev,0x24
0x9f2148,_ZN8safe_jni4ctorIN5titan4java4lang5FloatEEclIJfEEEP8_jobjectDpT_,0x158
0x9f22a0,_ZN8safe_jni8functionIN5titan3com6google7android4play4core5tasks4TaskEbEclIJEEEbP8_jobjectDpT_,0x11c
0x9f23bc,_ZN8Databind4Util13ArrayAccessorINSt6__ndk112basic_stringIcNS2_11char_traitsIcEENS2_9allocatorIcEEEENS2_6vectorIS8_NS6_IS8_EEEEED0Ev,0x4
0x9f23c0,_ZN22ResourceDataLoaderImplI16ResourceDataFontED2Ev,0xcc
0x9f248c,_ZNK2OT19ChainContextFormat25applyEPNS_18hb_apply_context_tE,0x3b8
0x9f2844,_ZN8safe_jni15static_functionIN5titan3com9supercell5titan21NativeFacebookManagerEbEclIJEEEbDpT_,0x13c
0x9f2980,_ZN29PurchaseGatchaBoxPopupHandler17getGatchaInfoTypeEv,0x8
0x9f2988,_ZNSt6__ndk16vectorIiNS_9allocatorIiEEE21__push_back_slow_pathIRKiEEvOT_,0xe8
0x9f2a70,_ZN9TextInput10markedTextEii,0x4
0x9f2a74,_ZN23LogicHomeChangeListener28brawlPassSeasonAutoCollectedEi,0x4
0x9f2a78,_ZN34PurchaseOfferHighlightPopupHandler13isDisplayTimeEv,0x44
0x9f2abc,_ZNK13SimpleWebview10showTopHUDEv,0x8
0x9f2ac4,_ZN17TencentLoginState17initializeMembersEv,0xb4
0x9f2b78,_ZNSt6__ndk120__shared_ptr_pointerIPN8Databind23DefaultObjectTypeTraitsIN11wendelstein22SpawnVelocityComponentEEENS_14default_deleteIS5_EENS_9allocatorIS5_EEE21__on_zero_shared_weakEv,0x4
0x9f2b7c,_ZNSt6__ndk112__hash_tableINS_17__hash_value_typeINS_12basic_stringIcNS_11char_traitsIcEENS_9allocatorIcEEEEmEENS_22__unordered_map_hasherIS7_S8_NS_4hashIS7_EELb1EEENS_21__unordered_map_equalIS7_S8_NS_8equal_toIS7_EELb1EEENS5_IS8_EEE6rehashEm,0xe4
0x9f2c60,_ZNSt6__ndk115basic_streambufIcNS_11char_traitsIcEEE7seekoffExNS_8ios_base7seekdirEj,0xc
0x9f2c6c,_ZN8safe_jni15static_functionIN5titan3com9supercell5titan13UnityAdsTitanEvEclIJ6StringbEEEvDpT_,0x1c4
0x9f2e30,_ZNK18ProLeagueInfoPopup12getPopupTypeEv,0x8
0x9f2e38,_ZNKSt6__ndk120__shared_ptr_pointerIPhZN17scFileImpl_AAssetC1EPKciEUlPvE_NS_9allocatorIhEEE13__get_deleterERKSt9type_info,0x1c
0x9f2e54,_ZN8safe_jni7ConvertIN5titan7android7content2pm11PackageInfoEvE12CallFunctionEP10_jmethodIDP8_jobjectz,0xb4
0x9f2f08,_ZNSt6__ndk112__hash_tableINS_17__hash_value_typeINS_11__thread_idEiEENS_22__unordered_map_hasherIS2_S3_NS_4hashIS2_EELb1EEENS_21__unordered_map_equalIS2_S3_NS_8equal_toIS2_EELb1EEENS_9allocatorIS3_EEE25__emplace_unique_key_argsIS2_JRKNS_21piecewise_construct_tENS_5tupleIJRKS2_EEENSJ_IJEEEEEENS_4pairINS_15__hash_iteratorIPNS_11__hash_nodeIS3_PvEEEEbEERKT_DpOT0_,0x264
0x9f316c,_ZN15LogicEffectDataD2Ev,0xa8
0x9f3214,_ZN31AskForBattleReplayStreamMessageD0Ev,0xc0
0x9f32d4,_ZN22FriendLoggedOutMessageD0Ev,0xc0
0x9f3394,_ZN21LogicAllianceRoleDataD0Ev,0x40
0x9f33d4,_ZN23scFileImpl_MemoryHandleD0Ev,0xd0
0x9f34a4,_ZNSt6__ndk110__function6__funcIZN10SWFTexture11loadTextureIsEEvP12SupercellSWFiiiibbEUlvE_NS_9allocatorIS6_EEFvvEED0Ev,0x4
0x9f34a8,_ZN15ApiTokenMessageD0Ev,0xd0
0x9f3578,_ZNK8safe_jni8propertyIN5titan7android7content2pm11PackageInfoENSt6__ndk16vectorINS4_9SignatureENS6_9allocatorIS8_EEEEEcvSB_Ev,0xb8
0x9f3630,_ZN26ISCIDManagerImplementation21completeClaimShopItemERK6String,0x4
0x9f3634,_ZNSt6__ndk120__shared_ptr_emplaceIN11wendelstein20SpawnPlanarComponentENS_9allocatorIS2_EEE16__on_zero_sharedEv,0xc
0x9f3640,_ZN15DownloadManager13DownloadQueueD2Ev,0xe8
0x9f3728,_ZNK16OnlineFriendItem16getAnalyticsNameEv,0x8
0x9f3730,_ZNSt6__ndk120__shared_ptr_emplaceIN11wendelstein19SpawnBurstComponentENS_9allocatorIS2_EEED2Ev,0x48
0x9f3778,_ZNK20PlayerNameColorPopup12getPopupTypeEv,0x8
0x9f3780,_ZNSt6__ndk115basic_streambufIcNS_11char_traitsIcEEE6xsputnEPKcl,0xc8
0x9f3848,_ZNK2OT13FeatureParams8sanitizeEPNS_21hb_sanitize_context_tEj,0x1b0
0x9f39f8,_ZN11RewardPopupD0Ev,0x24
0x9f3a1c,_ZN14HelpshiftTitan27HelpshiftConnectionFallback16setContactUsModeEi,0x4
0x9f3a20,_ZN27LogicUnlockFreeSkinsCommandD0Ev,0x4
0x9f3a24,_ZN12Reachability18addConnectionCheckEPK8sockaddrS2_,0x4
0x9f3a28,_ZNKSt6__ndk110__function6__funcIZN11wendelstein16ComponentFactory14addConstructorINS2_21DecelerationComponentEEEvvEUlvE_NS_9allocatorIS6_EEFNS_10shared_ptrINS2_17IEmitterComponentEEEvEE7__cloneEv,0x24
0x9f3a4c,_ZN2fx4gltf9from_jsonERKN8nlohmann10basic_jsonINSt6__ndk13mapENS3_6vectorENS3_12basic_stringIcNS3_11char_traitsIcEENS3_9allocatorIcEEEEblmdS9_NS1_14adl_serializerEEERNS0_4SkinE,0x214
0x9f3c60,_ZN17TeamCreateMessageD2Ev,0xc4
0x9f3d24,_ZN8nlohmann6detail20from_json_array_implINS_10basic_jsonINSt6__ndk13mapENS3_6vectorENS3_12basic_stringIcNS3_11char_traitsIcEENS3_9allocatorIcEEEEblmdS9_NS_14adl_serializerEEENS5_IjNS9_IjEEEEEEDTcmcmcldtfp0_7reserveclsr3stdE7declvalINT0_9size_typeEEEEcldtfp_3getINSG_10value_typeEEEcvv_EERKT_RSG_NS0_12priority_tagILj1EEE,0x17c
0x9f3ea0,_ZNSt6__ndk110__function6__funcIZN11wendelstein16ComponentFactory14addConstructorINS2_21SimpleGroundComponentEEEvvEUlvE_NS_9allocatorIS6_EEFNS_10shared_ptrINS2_17IEmitterComponentEEEvEED0Ev,0x4
0x9f3ea4,_ZNKSt6__ndk110__function6__funcIZN11scTaskQueue3runIZN10SWFTexture21loadDownscaledTextureIsEEvP12SupercellSWFiiiibbEUlvE_EENS_13invoke_resultIT_JEE4typeESA_EUlvE_NS_9allocatorISD_EEFvvEE7__cloneEv,0x38
0x9f3edc,_ZN11wendelstein27IWendelsteinParticleEmitterD2Ev,0xcc
0x9f3fa8,_ZN4asio9execution6detail17any_executor_base8query_fnINS_10io_context19basic_executor_typeINSt6__ndk19allocatorIvEELj4EEENS0_11prefer_onlyINS1_16outstanding_work11untracked_tILi0EEEEEEEvPvPKvSH_,0x30
0x9f3fd8,_ZNKSt6__ndk112__match_charIcE6__execERNS_7__stateIcEE,0x48
0x9f4020,_ZN11wendelstein17IEmitterComponent10spawnCountERNS_7EmitterEf,0x8
0x9f4028,_ZNSt6__ndk112basic_stringIcNS_11char_traitsIcEENS_9allocatorIcEEE6appendEPKcm,0xc4
0x9f40ec,_ZN31BattleLogReplayAvailableMessageD0Ev,0xc0
0x9f41ac,_ZNSt6__ndk16__treeINS_12__value_typeIPK6CSVRowNS_6vectorIN22ClientContentValidator8TIDIssueENS_9allocatorIS7_EEEEEENS_19__map_value_compareIS4_SB_NS_4lessIS4_EELb1EEENS8_ISB_EEE7destroyEPNS_11__tree_nodeISB_PvEE,0x98
0x9f4244,_ZNSt6__ndk115basic_stringbufIcNS_11char_traitsIcEENS_9allocatorIcEEE3strERKNS_12basic_stringIcS2_S4_EE,0x220
0x9f4464,_ZN5titan7android2os5BuildD0Ev,0x38
0x9f449c,_ZN8Databind4Util13ArrayAccessorIb14LogicArrayListIbEE8setArrayEPv,0x8
0x9f44a4,_ZNKSt6__ndk110__function6__funcIZN8Databind8Migrator16addMigrationStepIN11wendelstein12old_versions15EmitterParamsV0ENS5_7Emitter13EmitterParamsEEEviNS_8functionIFvRT_RT0_EEEEUlPvSH_E_NS_9allocatorISI_EEFvSH_SH_EE6targetERKSt9type_info,0x1c
0x9f44c0,_ZN2fx4gltf6detail6CreateERKN8nlohmann10basic_jsonINSt6__ndk13mapENS4_6vectorENS4_12basic_stringIcNS4_11char_traitsIcEENS4_9allocatorIcEEEEblmdSA_NS2_14adl_serializerEEERKNS1_11DataContextE,0x448
0x9f4908,_ZN17LogicGameListener20startControlTutorialEv,0x4
0x9f490c,_ZN15LogicLocaleDataD0Ev,0x24
0x9f4930,_ZN4asio9execution6detail17any_executor_base8equal_exINS_10io_context19basic_executor_typeINSt6__ndk19allocatorIvEELj4EEEEEbRKS2_SB_,0x34
0x9f4964,_ZN8Databind23DefaultObjectTypeTraitsIN11wendelstein12old_versions15EmitterParamsV0EE6assignEPvPKv,0xcc
0x9f4a30,_ZNK8safe_jni15static_propertyIN5titan7android2os5Build7VERSIONEiEcviEv,0xc8
0x9f4af8,_ZN8safe_jni8functionIN5titan3com9supercell5titan12TitanWebViewElEclIJEEElP8_jobjectDpT_,0x118
0x9f4c10,_ZN8Databind6detail23DatabindAccessorWrapperIfE3setEPvRKf,0x10
0x9f4c20,_ZN8Databind4Util17ArrayAccessorBaseI12LogicVector3NSt6__ndk16vectorIS2_NS3_9allocatorIS2_EEEEE6setPtrEmPKv,0xc
0x9f4c2c,_ZN11wendelstein24TangentVelocityComponent20getDatabindObjectDefEv,0x310
0x9f4f3c,_ZNSt6__ndk16__treeINS_12__value_typeIiP16LogicReflectableEENS_19__map_value_compareIiS4_NS_4lessIiEELb1EEENS_9allocatorIS4_EEE7destroyEPNS_11__tree_nodeIS4_PvEE,0x40
0x9f4f7c,_ZN19JoinAllianceMessageD0Ev,0xc0
0x9f503c,_ZNSt6__ndk120__shared_ptr_pointerIPNS_6vectorI12LogicVector3NS_9allocatorIS2_EEEENS_14default_deleteIS5_EENS3_IS5_EEED0Ev,0x24
0x9f5060,_ZNSt6__ndk120__shared_ptr_emplaceI18scFSLayerDirectoryNS_9allocatorIS1_EEE16__on_zero_sharedEv,0xc
0x9f506c,_ZNK15HeroRewardPopup28allowClosingFromModalTappingEv,0x8
0x9f5074,_ZNSt6__ndk110__function6__funcIZN8Databind18DatabindObjectNodeC1EPNS2_14IDatabindTableENS_10shared_ptrINS2_14ObjectInstanceEEEEUlbE_NS_9allocatorIS9_EEFvbEE18destroy_deallocateEv,0x4
0x9f5078,_ZNK9InfoPopup12getPopupTypeEv,0x8
0x9f5080,_ZN19LogicRawInReflectorD2Ev,0x74
0x9f50f4,_ZN21LogicAreaEffectServerD0Ev,0x4
0x9f50f8,_ZNK2OT14ContextFormat25applyEPNS_18hb_apply_context_tE,0x40c
0x9f5504,_ZNSt6__ndk120__bracket_expressionIcNS_12regex_traitsIcEEED0Ev,0x24
0x9f5528,_ZN25AvatarOnlineStatusUpdatedD0Ev,0xc0
0x9f55e8,_ZNSt6__ndk110shared_ptrI14scPackagedTaskIvEE11make_sharedIJZN11scTaskQueue3runIZN10SWFTexture21loadDownscaledTextureIsEEvP12SupercellSWFiiiibbEUlvE_EENS_13invoke_resultIT_JEE4typeESD_EUlvE_EEES3_DpOT_,0x108
0x9f56f0,_ZN8Material13setGradingTexEP7GLImage,0x8
0x9f56f8,_ZN23PublishPlayerMapMessageD0Ev,0xc4
0x9f57bc,_ZN37LogicGemNameChangeStateChangedCommandD0Ev,0x4
0x9f57c0,_ZN11wendelstein15SpringComponentD0Ev,0x4
0x9f57c4,_ZNK11StageSprite8getStageEv,0x8
0x9f57cc,_ZN11wendelstein19SpriteSheetRenderer6insertERNS_7EmitterEiRNS_8ParticleEf,0x40
0x9f580c,_ZNSt6__ndk113basic_ostreamIcNS_11char_traitsIcEEE5flushEv,0xf0
0x9f58fc,_ZNSt6__ndk110__function6__funcIZN8Databind8Migrator16addMigrationStepIN11wendelstein12old_versions15EmitterParamsV0ENS5_7Emitter13EmitterParamsEEEviNS_8functionIFvRT_RT0_EEEEUlvE_NS_9allocatorISH_EEFNS_10unique_ptrIvPFvPvEEEvEE18destroy_deallocateEv,0x4
0x9f5900,_ZNK6icu_5814FCDNormalizer27isInertEi,0x74
0x9f5974,_ZN4SHA1D0Ev,0x4
0x9f5978,_ZNKSt6__ndk111__alternateIcE6__execERNS_7__stateIcEE,0xc
0x9f5984,_ZN30AvatarNameCheckResponseMessageD0Ev,0xc0
0x9f5a44,_ZN4Game23startedFromNotificationERK6String,0x4
0x9f5a48,_ZNSt6__ndk16__sortIRPFbPKN14ShadowRenderer8EndPointES4_EPPS2_EEvT0_SA_T_,0x624
0x9f606c,_ZN23LogicHomeChangeListener19notificationRemovedEP16BaseNotification,0x4
0x9f6070,_ZN4asio9execution6detail17any_executor_base13target_objectINS_10io_context19basic_executor_typeINSt6__ndk19allocatorIvEELj0EEEEEPKvRKS2_,0x4
0x9f6074,_ZN18scAbstractTreeNodeD0Ev,0x4c
0x9f60c0,_ZNSt6__ndk120__shared_ptr_pointerIPN8Databind23DefaultObjectTypeTraitsIN11wendelstein12EmitterBurstEEENS_14default_deleteIS5_EENS_9allocatorIS5_EEE16__on_zero_sharedEv,0x18
0x9f60d8,_ZN11SCIDManager27completeClaimShopItemResultE6StringS0_,0x4
0x9f60dc,_ZN11SCIDManager28donationReceivedNotificationE16SCIDShopDonation,0x4
0x9f60e0,_ZN4asio9execution6detail17any_executor_base8query_fnINS_10io_context19basic_executor_typeINSt6__ndk19allocatorIvEELj4EEENS0_11prefer_onlyINS1_12relationship6fork_tILi0EEEEEEEvPvPKvSH_,0x38
0x9f6118,_ZN18scAbstractTreeNode8addChildERKNSt6__ndk112basic_stringIcNS0_11char_traitsIcEENS0_9allocatorIcEEEEPS_,0x22c
0x9f6344,_ZNK8Databind15JSONInReflector9isInArrayEv,0x10
0x9f6354,_ZN2fx4gltf9from_jsonERKN8nlohmann10basic_jsonINSt6__ndk13mapENS3_6vectorENS3_12basic_stringIcNS3_11char_traitsIcEENS3_9allocatorIcEEEEblmdS9_NS1_14adl_serializerEEERNS0_10BufferViewE,0x47c
0x9f67d0,_ZN31PublishPlayerMapResponseMessageD2Ev,0xc4
0x9f6894,_ZNK11hb_ot_map_t5applyI9GPOSProxyEEvRKT_PK18hb_ot_shape_plan_tP9hb_font_tP11hb_buffer_t,0x420
0x9f6cb4,_ZN26LogicVanityItemSeenCommandD0Ev,0x4
0x9f6cb8,_ZN20CreateAccountMessageD0Ev,0xc0
0x9f6d78,_ZNK8nlohmann6detail9exception4whatEv,0x8
0x9f6d80,_ZN6icu_5815MaybeStackArrayIcLi40EE12releaseArrayEv,0x14
0x9f6d94,_ZN8Databind12DatabindEnumC2ERKNSt6__ndk112basic_stringIcNS1_11char_traitsIcEENS1_9allocatorIcEEEE,0x100
0x9f6e94,_ZN25LogicDiamondsAddedCommandD0Ev,0x4
0x9f6e98,_ZNK17scFileImpl_AAsset14isMemoryMappedEv,0x10
0x9f6ea8,_ZNKSt6__ndk120__shared_ptr_pointerIP14scPackagedTaskIvENS_14default_deleteIS2_EENS_9allocatorIS2_EEE13__get_deleterERKSt9type_info,0x1c
0x9f6ec4,_ZNSt6__ndk16__treeINS_12__value_typeIiP10SCTuneDataEENS_19__map_value_compareIiS4_NS_4lessIiEELb1EEENS_9allocatorIS4_EEE7destroyEPNS_11__tree_nodeIS4_PvEE,0x40
0x9f6f04,_ZN21LogicJSONOutReflectorD2Ev,0x4c
0x9f6f50,_ZNKSt6__ndk120__shared_ptr_pointerIPN8Databind23DefaultObjectTypeTraitsIN11wendelstein18SpawnRateComponentEEENS_14default_deleteIS5_EENS_9allocatorIS5_EEE13__get_deleterERKSt9type_info,0x1c
0x9f6f6c,_ZNSt6__ndk119__throw_regex_errorILNS_15regex_constants10error_typeE7EEEvv,0xc
0x9f6f78,_ZNSt6__ndk110__function6__funcIZN11wendelstein16ComponentFactory14addConstructorINS2_20SpawnPlanarComponentEEEvvEUlvE_NS_9allocatorIS6_EEFNS_10shared_ptrINS2_17IEmitterComponentEEEvEED0Ev,0x4
0x9f6f7c,_ZN25LogicAvatarChangeListener13heroLeveledUpEPK18LogicCharacterDataiii,0x4
0x9f6f80,_ZN8Databind16DatabindTreeNode23getAsDatabindObjectNodeEv,0x8
0x9f6f88,_ZN13LogicLinkDataD2Ev,0xc8
0x9f7050,_ZNSt6__ndk16__treeINS_12__value_typeINS_12basic_stringIcNS_11char_traitsIcEENS_9allocatorIcEEEENS_10shared_ptrI17scAbstractFSLayerEEEENS_19__map_value_compareIS7_SB_NS_4lessIS7_EELb1EEENS5_ISB_EEE12__find_equalIS7_EERPNS_16__tree_node_baseIPvEERPNS_15__tree_end_nodeISM_EERKT_,0x120
0x9f7170,_ZN4asio6detail15system_categoryD0Ev,0x24
0x9f7194,_ZN8Databind4Util13ArrayAccessorI12LogicVector3NSt6__ndk16vectorIS2_NS3_9allocatorIS2_EEEEE3getEm,0x14
0x9f71a8,_ZN8Databind4Util13ArrayAccessorI12LogicVector214LogicArrayListIS2_EE3addEPKS2_,0x150
0x9f72f8,_ZNK22EsportTournamentsPopup17showOnlinePlayersEv,0x8
0x9f7300,_ZN9randutils11seed_seq_feILm4EjLm1EE11mix_entropyIPjEEvT_S4_,0x2c
0x9f732c,_sub_9F732C,0x884
0x9f7bb0,_sub_9F7BB0,0xc
0x9f7bbc,_ZN8Databind6detail23DatabindAccessorWrapperIfED2Ev,0x58
0x9f7c14,_ZN9PopupBase11modalTappedEv,0x4
0x9f7c18,_ZNKSt6__ndk110__function6__funcIZN11wendelstein16ComponentFactory14addConstructorINS2_19SpawnBurstComponentEEEvvEUlvE_NS_9allocatorIS6_EEFNS_10shared_ptrINS2_17IEmitterComponentEEEvEE6targetERKSt9type_info,0x1c
0x9f7c34,_ZN25DeviceLinkEnterCodeScreen16getSubScreenTypeEv,0x8
0x9f7c3c,_ZNKSt6__ndk110__function6__funcIZN10SWFTexture21loadDownscaledTextureIhEEvP12SupercellSWFiiiibbEUlvE_NS_9allocatorIS6_EEFvvEE11target_typeEv,0xc
0x9f7c48,_ZN8safe_jni8functionIN5titan3com9supercell2id21IdShopClaimInProgressE6StringEclIJEEES6_P8_jobjectDpT_,0x120
0x9f7d68,_ZNSt6__ndk16__treeINS_12__value_typeIj3SfxEENS_19__map_value_compareIjS3_NS_4lessIjEELb1EEENS_9allocatorIS3_EEE7destroyEPNS_11__tree_nodeIS3_PvEE,0x40
0x9f7da8,_ZN8safe_jni8functionIN5titan7android7content2pm11SigningInfoEbEclIJEEEbP8_jobjectDpT_,0x11c
0x9f7ec4,_ZN11wendelstein15VortexComponent23setDatabindObjectFieldsEP14DatabindObjectm,0x244
0x9f8108,_ZN5tween5CubicD0Ev,0x4
0x9f810c,_ZN8Databind4Util13ArrayAccessorI7Vector3IfENSt6__ndk16vectorIS3_NS4_9allocatorIS3_EEEEE3setEmPKS3_,0x50
0x9f815c,_ZNK12scFileFilter4sizeEv,0x10
0x9f816c,_ZN2OT9SanitizerINS_4GPOSEE8sanitizeEP9hb_blob_t,0x280
0x9f83ec,_ZNK9LogicData11isCharacterEv,0x8
0x9f83f4,_ZN30LogicGameObjectManagerListener20playFinalFightEffectEiiiRK9LogicLong,0x4
0x9f83f8,_ZNSt6__ndk111basic_regexIcNS_12regex_traitsIcEEE23__parse_expression_termIPKcEET_S7_S7_PNS_20__bracket_expressionIcS2_EE,0x49c
0x9f8894,_ZN27BillingRequestFailedMessageD2Ev,0xd0
0x9f8964,_ZNSt6__ndk16vectorINS_4pairImPKcEENS_9allocatorIS4_EEE8__appendEm,0x12c
0x9f8a90,_ZN33TencentCheckCanPayResponseMessageD2Ev,0xd0
0x9f8b60,_ZNK22PurchaseBrawlPassPopup17showOnlinePlayersEv,0x8
0x9f8b68,_ZN4asio9execution6detail17any_executor_base10execute_exINS_10io_context19basic_executor_typeINSt6__ndk19allocatorIvEELj0EEEEEvRKS2_ONS_6detail17executor_functionE,0x8
0x9f8b70,_ZNSt6__ndk16vectorI16SCIDIngameFriendNS_9allocatorIS1_EEE7reserveEm,0x1c4
0x9f8d34,_ZNKSt6__ndk120__shared_ptr_pointerIPhNS_14default_deleteIA_hEENS_9allocatorIhEEE13__get_deleterERKSt9type_info,0x1c
0x9f8d50,_ZN20ShopBgElementHandler8onCreateEP16DropGUIContainerP9MovieClip,0x4
0x9f8d54,_ZNK12scFileFilter14isMemoryMappedEv,0x10
0x9f8d64,_ZNSt6__ndk110__function6__baseIFNS_10shared_ptrIN11wendelstein17IEmitterComponentEEEvEED2Ev,0x4
0x9f8d68,_ZNK6icu_5814FCDNormalizer217spanQuickCheckYesEPKtS2_R10UErrorCode,0x10
0x9f8d78,_ZN8Databind6detail23DatabindAccessorWrapperI7Vector3IfEE3setEPvRKS3_,0x10
0x9f8d88,_ZN11SCIDManager16getIngameFriendsEv,0xc
0x9f8d94,_ZN13LogicJSONNodeD2Ev,0x4
0x9f8d98,_ZNK22MapEditorModifierPopup16isFadeOutEnabledEv,0x8
0x9f8da0,_ZNK11wendelstein27WendelsteinMovieClipEmitter8isActiveEv,0x48
0x9f8de8,_ZN12DCT_Upsample3P_QILi8ELi8EE4calcERNS_8Matrix44ES3_PKs,0x574
0x9f935c,_ZNSt6__ndk113basic_istreamIcNS_11char_traitsIcEEED1Ev,0x8
0x9f9364,_ZNSt6__ndk1plIcNS_11char_traitsIcEENS_9allocatorIcEEEENS_12basic_stringIT_T0_T1_EERKS9_PKS6_,0xe8
0x9f944c,_ZN2fx4gltf9from_jsonERKN8nlohmann10basic_jsonINSt6__ndk13mapENS3_6vectorENS3_12basic_stringIcNS3_11char_traitsIcEENS3_9allocatorIcEEEEblmdS9_NS1_14adl_serializerEEERNS0_9PrimitiveE,0x358
0x9f97a4,_ZN19jpeg_decoder_stream6detachEv,0x4
0x9f97a8,_ZNSt6__ndk111__match_anyIcED0Ev,0x40
0x9f97e8,_ZN5titan3com9supercell5titan15UnbotifyManagerD0Ev,0x38
0x9f9820,_ZN14scPackagedTaskINSt6__ndk14pairIb6StringEEE3runEv,0xc0
0x9f98e0,_ZN18LogicNameColorDataD0Ev,0x40
0x9f9920,_ZNK2OT20LigatureSubstFormat114collect_glyphsEPNS_27hb_collect_glyphs_context_tE,0x398
0x9f9cb8,_ZNSt6__ndk120__shared_ptr_pointerIPvN4asio6detail10socket_ops12noop_deleterENS_9allocatorIvEEE21__on_zero_shared_weakEv,0x4
0x9f9cbc,_ZN25PurchaseOfferPopupHandler20isWaitingForIapPriceEv,0x8
0x9f9cc4,_ZNK2OT7PairPos8dispatchINS_27hb_collect_glyphs_context_tEEENT_8return_tEPS3_,0x118
0x9f9ddc,_ZN25LogicAvatarChangeListener12playerAgeSetEi,0x4
0x9f9de0,_ZN12ReachabilityD2Ev,0x4
0x9f9de4,_ZN8Databind6detail23DatabindAccessorWrapperIfED0Ev,0x54
0x9f9e38,_ZNKSt6__ndk110__function6__funcIZN11wendelstein16ComponentFactory14addConstructorINS2_22SpawnVelocityComponentEEEvvEUlvE_NS_9allocatorIS6_EEFNS_10shared_ptrINS2_17IEmitterComponentEEEvEE6targetERKSt9type_info,0x1c
0x9f9e54,_ZN2OT11SingleSubst9serializeEPNS_22hb_serialize_context_tERNS_8SupplierINS_7GlyphIDEEES6_j,0x21c
0x9fa070,_ZN4asio9execution6detail17any_executor_base9prefer_fnINS0_12any_executorIJNS0_12context_as_tIRNS_17execution_contextEEENS1_8blocking7never_tILi0EEENS0_11prefer_onlyINS9_10possibly_tILi0EEEEENSC_INS1_16outstanding_work9tracked_tILi0EEEEENSC_INSG_11untracked_tILi0EEEEENSC_INS1_12relationship6fork_tILi0EEEEENSC_INSN_14continuation_tILi0EEEEEEEENS_10io_context19basic_executor_typeINSt6__ndk19allocatorIvEELj4EEESQ_EET_PKvS13_,0xa4
0x9fa114,_ZNK18LogicGemBundleData19isEnabledByCalendarEv,0x8
0x9fa11c,_ZN20LogicJSONInReflectorD0Ev,0x9c
0x9fa1b8,_ZN25LogicAvatarChangeListener17avatarNameChangedERK6String,0x4
0x9fa1bc,_ZNSt6__ndk120__shared_ptr_pointerIPNS_13__empty_stateIcEENS_14default_deleteIS2_EENS_9allocatorIS2_EEE16__on_zero_sharedEv,0x18
0x9fa1d4,_ZN11wendelstein15SpringComponent23setDatabindObjectFieldsEP14DatabindObjectm,0x31c
0x9fa4f0,_ZN10AreaEffectD2Ev,0x6c
0x9fa55c,_ZN19StartMissionMessageD0Ev,0xc0
0x9fa61c,_ZTv0_n24_NSt6__ndk119basic_ostringstreamIcNS_11char_traitsIcEENS_9allocatorIcEEED1Ev,0x7c
0x9fa698,_ZN17LogicAvatarChangeD2Ev,0x4
0x9fa69c,_ZNK2OT6Anchor8sanitizeEPNS_21hb_sanitize_context_tE,0x248
0x9fa8e4,_ZN30JoinRequestAllianceStreamEntryD0Ev,0x4
0x9fa8e8,_ZNSt6__ndk120__shared_ptr_pointerIPN8Databind23DefaultObjectTypeTraitsIN11wendelstein24TangentVelocityComponentEEENS_14default_deleteIS5_EENS_9allocatorIS5_EEE21__on_zero_shared_weakEv,0x24
0x9fa90c,_ZN8Databind4Util13ArrayAccessorIiNSt6__ndk16vectorIiNS2_9allocatorIiEEEEED0Ev,0x4
0x9fa910,_ZN8Material21setLightmapAmbientTexEP7GLImage,0x8
0x9fa918,_ZNSt6__ndk16vectorINS_10shared_ptrIN8Databind14ObjectInstanceEEENS_9allocatorIS4_EEE21__push_back_slow_pathIRKS4_EEvOT_,0x158
0x9faa70,_ZNK21SpeechBubbleCharacter8useModalEv,0x8
0x9faa78,_ZNK6icu_5818ComposeNormalizer212isNormalizedERKNS_13UnicodeStringER10UErrorCode,0x164
0x9fabdc,_ZN19StartLoadingMessageD0Ev,0xc0
0x9fac9c,_ZN14HelpshiftTitan23HelpshiftConnectionImpl9isVisibleEv,0x4
0x9faca0,_ZN8Databind4Util13ArrayAccessorIf14LogicArrayListIfEE8setArrayEPv,0x8
0x9faca8,_ZN8Databind23DefaultObjectTypeTraitsIN11wendelstein20SpawnPlanarComponentEE7destroyEPv,0x18
0x9facc0,_ZNSt6__ndk16vectorIN2fx4gltf5SceneENS_9allocatorIS3_EEE12__move_rangeEPS3_S7_S7_,0x1a8
0x9fae68,_ZN8Databind4Util13ArrayAccessorIbNSt6__ndk16vectorIbNS2_9allocatorIbEEEEE4copyERS6_,0x9c
0x9faf04,_ZN12scFileFilter13setDownstreamEP10scFileImpl,0x20
0x9faf24,_ZN8safe_jni15static_functionIN5titan3com9supercell5titan19ApplicationUtilBaseEvEclIJ6StringiiS8_bbbEEEvDpT_,0x2e0
0x9fb204,_ZNSt6__ndk16vectorIN2fx4gltf8AccessorENS_9allocatorIS3_EEE26__swap_out_circular_bufferERNS_14__split_bufferIS3_RS5_EEPS3_,0x270
0x9fb474,_ZNSt6__ndk114__thread_proxyINS_5tupleIJNS_10unique_ptrINS_15__thread_structENS_14default_deleteIS3_EEEEM11AndroidMainFvvEPS7_EEEEEPvSC_,0x74
0x9fb4e8,_ZNSt6__ndk114__split_bufferINS_12basic_stringIcNS_11char_traitsIcEENS_9allocatorIcEEEERNS4_IS6_EEE18__construct_at_endINS_11__wrap_iterIPS6_EEEENS_9enable_ifIXsr21__is_forward_iteratorIT_EE5valueEvE4typeESF_SF_,0x11c
0x9fb604,_ZN32LogicDeviceLinkConfirmYesMessageD2Ev,0xe4
0x9fb6e8,_ZN16DropGUIContainer6updateEf,0x4
0x9fb6ec,_ZN4asio6detail10socket_ops11getsocknameEiP8sockaddrPmRNSt6__ndk110error_codeE,0x12c
0x9fb818,_ZN22ResourceDataLoaderImplI16ResourceDataJSONE10loadFailedEv,0xb4
0x9fb8cc,_ZNSt6__ndk17__sort4IRPFbPK15LogicLocaleDataS3_EPS3_EEjT0_S8_S8_S8_T_,0x184
0x9fba50,_ZN25LogicAvatarChangeListener8buyLivesEi,0x4
0x9fba54,_ZN11hb_ot_map_t12lookup_map_t3cmpEPKS0_S2_,0x18
0x9fba6c,_ZN9ChatInput11refreshTextEv,0x4
0x9fba70,_ZN8Databind6detail24AbstractDatabindAccessorI7Vector3IfEE3setEPvPKv,0xc
0x9fba7c,_ZN18BezierInterpolatorI7Vector3IfEE23setDatabindObjectFieldsEP14DatabindObjectm,0x728
0x9fc1a4,_ZN8nlohmann6detail12out_of_range6createEiRKNSt6__ndk112basic_stringIcNS2_11char_traitsIcEENS2_9allocatorIcEEEE,0x114
0x9fc2b8,_ZN14AllianceScreen6updateEf,0x4
0x9fc2bc,_ZNSt6__ndk120__shared_ptr_emplaceIN4asio2ip14basic_resolverINS2_3tcpENS1_15any_io_executorEEENS_9allocatorIS6_EEED2Ev,0xb0
0x9fc36c,_ZNSt6__ndk16vectorINS_4pairI6StringiEENS_9allocatorIS3_EEE21__push_back_slow_pathIS3_EEvOT_,0x170
0x9fc4dc,_ZNKSt6__ndk110__function6__funcIZN10SWFTexture21loadDownscaledTextureIiEEvP12SupercellSWFiiiibbEUlvE_NS_9allocatorIS6_EEFvvEE7__cloneEv,0x50
0x9fc52c,_ZNSt6__ndk116allocator_traitsINS_9allocatorIfEEE25__construct_range_forwardIN8nlohmann6detail9iter_implIKNS5_10basic_jsonINS_3mapENS_6vectorENS_12basic_stringIcNS_11char_traitsIcEENS1_IcEEEEblmdS1_NS5_14adl_serializerEEEEEPfEEvRS2_T_SM_RT0_,0x178
0x9fc6a4,_ZNK20PlayerMapRenamePopup15isFadeInEnabledEv,0x8
0x9fc6ac,_ZN37KunlunBillingProcessedByServerMessageD2Ev,0xd8
0x9fc784,_ZN10GameConfigD2Ev,0x108
0x9fc88c,_ZNSt6__ndk16__treeIfNS_4lessIfEENS_9allocatorIfEEE7destroyEPNS_11__tree_nodeIfPvEE,0x40
0x9fc8cc,_ZN17LogicGameListener23sendOfflineVisionUpdateEiP9BitStream,0x4
0x9fc8d0,_ZN24ClientCryptoErrorMessageD0Ev,0xc0
0x9fc990,_ZN31LogicDeviceLinkEnterCodeMessageD2Ev,0xd0
0x9fca60,_ZN16LogicOfferBundleD2Ev,0x38
0x9fca98,_ZN8Databind23DefaultObjectTypeTraitsIN11wendelstein20MovieClipEmitterDataEE6assignEPvPKv,0x78
0x9fcb10,_ZThn368_NK11OnlinePopup14onFriendTappedEP16OnlineFriendItem,0x4
0x9fcb14,_ZN17ReplayStreamEntryD0Ev,0x30
0x9fcb44,_ZN25TeamTogglePractiseMessageD0Ev,0xc0
0x9fcc04,_ZNK16ChatOptionsPopup28shouldKeepTopHUDInBackgroundEv,0x8
0x9fcc0c,_ZNSt6__ndk114__thread_proxyINS_5tupleIJNS_10unique_ptrINS_15__thread_structENS_14default_deleteIS3_EEEEM9AntiCheatFvvEPS7_EEEEEPvSC_,0x74
0x9fcc80,_ZN22ReportPlayerMapMessageD2Ev,0xc4
0x9fcd44,_ZN20FreeTextNotification19getNotificationTypeEv,0x8
0x9fcd4c,_ZN26hb_get_subtables_context_t8apply_toIN2OT14ContextFormat1EEEbPKvPNS1_18hb_apply_context_tE,0x4
0x9fcd50,_ZNSt6__ndk113__vector_baseIN2fx4gltf4MeshENS_9allocatorIS3_EEE5clearEv,0xbc
0x9fce0c,_ZN2fx4gltf6detail17ReadOptionalFieldINSt6__ndk16vectorINS0_4NodeENS3_9allocatorIS5_EEEEEEvNS3_17basic_string_viewIcNS3_11char_traitsIcEEEERKN8nlohmann10basic_jsonINS3_3mapES4_NS3_12basic_stringIcSB_NS6_IcEEEEblmdS6_NSD_14adl_serializerEEERT_,0x190
0x9fcf9c,_ZN8nlohmann6detail20from_json_array_implINS_10basic_jsonINSt6__ndk13mapENS3_6vectorENS3_12basic_stringIcNS3_11char_traitsIcEENS3_9allocatorIcEEEEblmdS9_NS_14adl_serializerEEENS5_IN2fx4gltf9Animation7ChannelENS9_ISH_EEEEEEDTcmcmcldtfp0_7reserveclsr3stdE7declvalINT0_9size_typeEEEEcldtfp_3getINSK_10value_typeEEEcvv_EERKT_RSK_NS0_12priority_tagILj1EEE,0x100
0x9fd09c,_ZN17LogicGameListener13questsChangedEv,0x4
0x9fd0a0,_ZNSt6__ndk13mapI6StringS1_NS_4lessIS1_EENS_9allocatorINS_4pairIKS1_S1_EEEEED2Ev,0x8
0x9fd0a8,_ZN5titan4java4util3MapD0Ev,0x38
0x9fd0e0,_ZN11scTaskQueue6submitIZNS_3runIZN10SWFTexture11loadTextureIiEEvP12SupercellSWFiiiibbEUlvE_EENSt6__ndk113invoke_resultIT_JEE4typeES9_EUlvE_EENS7_6futureISB_EES9_,0xf0
0x9fd1d0,_ZN8Databind4Util17ArrayAccessorBaseI6String14LogicArrayListIS2_EE6addPtrEPKv,0xc
0x9fd1dc,_ZN8Databind4Util17ArrayAccessorBaseI12LogicVector214LogicArrayListIS2_EE6getPtrEm,0xc
0x9fd1e8,_ZN5titan3com9supercell5titan12TitanWebViewD0Ev,0x38
0x9fd220,_ZNSt6__ndk110__function6__funcIZN11wendelstein16ComponentFactory14addConstructorINS2_19SpawnBurstComponentEEEvvEUlvE_NS_9allocatorIS6_EEFNS_10shared_ptrINS2_17IEmitterComponentEEEvEED0Ev,0x4
0x9fd224,_ZNK4asio6detail15system_category4nameEv,0xc
0x9fd230,_ZNSt6__ndk118__insertion_sort_3IRPFbPK9BadgeItemS3_EPPS1_EEvT0_S9_T_,0x15c
0x9fd38c,_ZN22AskForBattleEndMessageD0Ev,0xe0
0x9fd46c,_ZN17LogicGameListener23starCollectionIncreasedEi,0x4
0x9fd470,_ZN8safe_jni8functionIN5titan3com9supercell5titan12TitanWebViewEvEclIJbEEEvP8_jobjectDpT_,0x13c
0x9fd5ac,_ZN27BrawlTvChannelNextUpMessageD0Ev,0xd0
0x9fd67c,_ZNSt6__ndk113basic_filebufIcNS_11char_traitsIcEEED2Ev,0x9c
0x9fd718,_ZNK10NativeFont11getFontTypeEv,0x8
0x9fd720,_ZNSt6__ndk16vectorIN4asio2ip20basic_resolver_entryINS2_3tcpEEENS_9allocatorIS5_EEE21__push_back_slow_pathIS5_EEvOT_,0x1b4
0x9fd8d4,_ZN8Databind4Util13ArrayAccessorI12LogicVector3NSt6__ndk16vectorIS2_NS3_9allocatorIS2_EEEEE5eraseEm,0x60
0x9fd934,_ZNSt6__ndk19allocatorIN2fx4gltf8AccessorEE7destroyEPS3_,0x78
0x9fd9ac,_ZNSt6__ndk113unordered_mapINS_12basic_stringIcNS_11char_traitsIcEENS_9allocatorIcEEEE20CachedClassReferenceNS_4hashIS6_EENS_8equal_toIS6_EENS4_INS_4pairIKS6_S7_EEEEED2Ev,0x88
0x9fda34,_ZN2OT18SingleSubstFormat29serializeEPNS_22hb_serialize_context_tERNS_8SupplierINS_7GlyphIDEEES6_j,0x130
0x9fdb64,_ZN14LogicArrayListIN9HTTPQueue10FailedItemEE14ensureCapacityEi,0x124
0x9fdc88,_ZNSt6__ndk16__treeINS_12__value_typeI7Vector2IfES3_EENS_19__map_value_compareIS3_S4_NS_4lessIS3_EELb1EEENS_9allocatorIS4_EEE7destroyEPNS_11__tree_nodeIS4_PvEE,0x40
0x9fdcc8,_ZN10GameScreen13touchReleasedERK5Touch,0x8
0x9fdcd0,_ZNK11wendelstein17MovieClipRenderer20getParticleDecayTimeEv,0x18
0x9fdce8,_ZN21BasicReflectableIdMapD2Ev,0x44
0x9fdd2c,_ZN11wendelstein17IEmitterComponent20spawnInitialVelocityERNS_8ParticleERNS_7EmitterERf,0x4
0x9fdd30,_ZN11SCIDManager19claimShopItemResultE6StringS0_S0_,0x4
0x9fdd34,_ZN8safe_jni7ConvertIN5titan7android7content2pm11PackageInfoEvE3SigEv,0xd8
0x9fde0c,_ZNK37JoinAllianceResponseAvatarStreamEntry18getStreamEntryTypeEv,0x8
0x9fde14,_ZNK9NamePopup12getPopupTypeEv,0x8
0x9fde1c,_ZN17LogicGameListener19onPassSeasonReceiveEv,0x4
0x9fde20,_ZN22KeepAliveServerMessageD0Ev,0xc0
0x9fdee0,_ZN23LogicHomeChangeListener18deliverOfferBundleEP16LogicOfferBundlePK18LogicCharacterData,0x4
0x9fdee4,_ZN17LogicGameListener18vanityItemUnlockedEPK9LogicData,0x4
0x9fdee8,_ZN11wendelstein24TangentVelocityComponent9objectDefEv,0x4
0x9fdeec,_ZN11wendelstein7Emitter13EmitterParams23setDatabindObjectFieldsEP14DatabindObjectm,0x83c
0x9fe728,_ZN8Databind15DatabindReflectIN11wendelstein20MovieClipEmitterDataEED0Ev,0x4
0x9fe72c,_ZN8Databind4Util13ArrayAccessorINSt6__ndk112basic_stringIcNS2_11char_traitsIcEENS2_9allocatorIcEEEE14LogicArrayListIS8_EE4copyERSA_,0x88
0x9fe7b4,_ZNSt6__ndk110__function6__funcIZN11scTaskQueue3runIZN10SWFTexture11loadTextureIsEEvP12SupercellSWFiiiibbEUlvE_EENS_13invoke_resultIT_JEE4typeESA_EUlvE_NS_9allocatorISD_EEFvvEED0Ev,0x4
0x9fe7b8,_ZN2OT15CoverageFormat29serializeEPNS_22hb_serialize_context_tERNS_8SupplierINS_7GlyphIDEEEj,0x2c8
0x9fea80,_ZNSt6__ndk113__assoc_stateIP6SpriteED0Ev,0x54
0x9fead4,_ZNSt6__ndk111__end_stateIcED0Ev,0x4
0x9fead8,_ZNK20PlayerMapDeletePopup17showOnlinePlayersEv,0x8
0x9feae0,_ZN7UIPopup5closeEv,0xc
0x9feaec,_ZN2fx4gltf6detail17ReadRequiredFieldINS0_8Accessor6Sparse7IndicesEEEvNSt6__ndk117basic_string_viewIcNS6_11char_traitsIcEEEERKN8nlohmann10basic_jsonINS6_3mapENS6_6vectorENS6_12basic_stringIcS9_NS6_9allocatorIcEEEEblmdSG_NSB_14adl_serializerEEERT_,0x10c
0x9febf8,_ZN11StreamEntryD2Ev,0x4
0x9febfc,_ZNSt6__ndk17promiseINS_8functionIFvvEEEED2Ev,0xbc
0x9fecb8,_ZN23FriendListUpdateMessageD0Ev,0xc0
0x9fed78,_ZN29AvatarNameChangeFailedMessageD0Ev,0xc0
0x9fee38,_ZNSt6__ndk16vectorIN11wendelstein23MovieClipRendererBucket9GPUVertexENS_9allocatorIS3_EEE7reserveEm,0xc8
0x9fef00,_ZThn8_N17OnlineFriendsList12onInviteDoneEv,0x10
0x9fef10,_ZN23LogicHomeChangeListener6gatchaEibiibib,0x4
0x9fef14,_ZNKSt6__ndk110__function6__funcIZN11scTaskQueue3runIZN10SWFTexture11loadTextureIiEEvP12SupercellSWFiiiibbEUlvE_EENS_13invoke_resultIT_JEE4typeESA_EUlvE_NS_9allocatorISD_EEFvvEE7__cloneEv,0x38
0x9fef4c,_ZN4asio9execution6detail17any_executor_base9prefer_fnINS0_12any_executorIJNS0_12context_as_tIRNS_17execution_contextEEENS1_8blocking7never_tILi0EEENS0_11prefer_onlyINS9_10possibly_tILi0EEEEENSC_INS1_16outstanding_work9tracked_tILi0EEEEENSC_INSG_11untracked_tILi0EEEEENSC_INSN_14continuation_tILi0EEEEEEEEvST_EET_PKvSX_,0x50
0x9fef9c,_ZNSt6__ndk113__assoc_stateIiE16__on_zero_sharedEv,0x14
0x9fefb0,_ZNSt6__ndk110__function6__funcIZN11wendelstein16ComponentFactory14addConstructorINS2_22SpawnVelocityComponentEEEvvEUlvE_NS_9allocatorIS6_EEFNS_10shared_ptrINS2_17IEmitterComponentEEEvEE18destroy_deallocateEv,0x4
0x9fefb4,_ZNSt6__ndk16vectorI16SCIDIngameFriendNS_9allocatorIS1_EEE21__push_back_slow_pathIRKS1_EEvOT_,0x208
0x9ff1bc,_ZN22LogicGemOfferContainerD0Ev,0x4
0x9ff1c0,_ZN4asio6detail12posix_thread4funcINS0_9scheduler15thread_functionEE3runEv,0x3c
0x9ff1fc,_ZNSt6__ndk120__shared_ptr_pointerIPN8Databind23DefaultObjectTypeTraitsIN11wendelstein15VortexComponentEEENS_14default_deleteIS5_EENS_9allocatorIS5_EEED0Ev,0x24
0x9ff220,_ZNSt6__ndk120__shared_ptr_emplaceIN11wendelstein15VortexComponentENS_9allocatorIS2_EEED2Ev,0x4
0x9ff224,_ZThn368_N11OnlinePopup15onProfileOpenedEv,0x10
0x9ff234,_ZN8Material14setSpecularTexEP7GLImage,0x8
0x9ff23c,_ZNK10ScrollArea12isScrollAreaEv,0x8
0x9ff244,_ZN8ShopItem15getForcedBoundsEv,0x8
0x9ff24c,_ZNK13DebugMenuBase19getSearchInputFieldEv,0x8
0x9ff254,_ZN24LaserParticleEmitterData23setDatabindObjectFieldsEP14DatabindObjectm,0x234
0x9ff488,_ZNSt6__ndk120__shared_ptr_pointerIPhNS_14default_deleteIA_hEENS_9allocatorIhEEE16__on_zero_sharedEv,0x10
0x9ff498,_ZN5titan3com9supercell5titan6kunlun13GameAppKunlunD0Ev,0x38
0x9ff4d0,_ZN8safe_jni7ConvertIN5titan7android7content2pm9SignatureEvE3SigEv,0xd8
0x9ff5a8,_ZNSt6__ndk110__function6__funcIZN11scTaskQueue3runIZN10SWFTexture11loadTextureIsEEvP12SupercellSWFiiiibbEUlvE_EENS_13invoke_resultIT_JEE4typeESA_EUlvE_NS_9allocatorISD_EEFvvEE18destroy_deallocateEv,0x4
0x9ff5ac,_ZN8Databind4Util13ArrayAccessorIb14LogicArrayListIbEE4sizeEv,0xc
0x9ff5b8,_ZNSt6__ndk16vectorIN2fx4gltf7TextureENS_9allocatorIS3_EEE12__move_rangeEPS3_S7_S7_,0x16c
0x9ff724,_ZNK24RankedLeaderboardsScreen18getTargetMovieClipEv,0x4
0x9ff728,_ZN25PurchaseOfferPopupHandler19beforeOffersReceiveEP14LogicArrayListIP16LogicOfferBundleE,0x8
0x9ff730,_ZNK2OT21AlternateSubstFormat114collect_glyphsEPNS_27hb_collect_glyphs_context_tE,0x274
0x9ff9a4,_ZNKSt6__ndk110__function6__funcIZN10SWFTexture11loadTextureIiEEvP12SupercellSWFiiiibbEUlvE_NS_9allocatorIS6_EEFvvEE11target_typeEv,0xc
0x9ff9b0,_ZNSt6__ndk110__function6__funcIZN8Databind8Migrator16addMigrationStepIN11wendelstein12old_versions15EmitterParamsV0ENS5_7Emitter13EmitterParamsEEEviNS_8functionIFvRT_RT0_EEEEUlPvSH_E_NS_9allocatorISI_EEFvSH_SH_EE7destroyEv,0x34
0x9ff9e4,_ZNSt6__ndk16vectorIN2fx4gltf5ImageENS_9allocatorIS3_EEE6insertENS_11__wrap_iterIPKS3_EEOS3_,0x3e0
0x9ffdc4,_ZN20QuickChatStreamEntryD0Ev,0x4
0x9ffdc8,_ZN8Databind4Util13ArrayAccessorI7Vector2IfENSt6__ndk16vectorIS3_NS4_9allocatorIS3_EEEEE8capacityEm,0xa8
0x9ffe70,_ZN10SwipeEntry10touchMovedERK5Touch,0x18
0x9ffe88,_ZN8Databind4Util17ArrayAccessorBaseIfNSt6__ndk16vectorIfNS2_9allocatorIfEEEEE6addPtrEPKv,0xc
0x9ffe94,_ZN19EnvironmentRenderer15collisionRenderER9Matrix2x3,0x8
0x9ffe9c,_ZN17LogicGameListener19rankUpRewardClaimedEiP13LogicGemOfferi,0x4
0x9ffea0,_ZN12DeliveryUnitD2Ev,0x38
0x9ffed8,_ZN4asio9execution6detail17any_executor_base9prefer_fnINS0_12any_executorIJNS0_12context_as_tIRNS_17execution_contextEEENS1_8blocking7never_tILi0EEEEENSC_INS1_16outstanding_work9tracked_tILi0EEEEENSC_INSG_11untracked_tILi0EEEEENSC_INS1_12relationship6fork_tILi0EEEEENSC_INSN_14continuation_tILi0EEEEEEEENS_10io_context19basic_executor_typeINSt6__ndk19allocatorIvEELj0EEEST_EET_PKvS13_,0x38
0x9fff10,_ZN8Databind4Util17ArrayAccessorBaseI7Vector2IfE14LogicArrayListIS3_EE10cloneArrayEv,0x68
0x9fff78,_ZN37LogicDeviceLinkCodeDeactivatedMessageD0Ev,0xc0
0xa00038,_ZNK2OT7ArrayOfINS_8OffsetToINS_8LigatureENS_7IntTypeItLj2EEEEES4_E8sanitizeEPNS_21hb_sanitize_context_tEPKv,0x13c
0xa00174,_ZN8safe_jni4ctorIN5titan3com9supercell2id14IdPendingLoginEEclIJ6StringS8_bEEEP8_jobjectDpT_,0x234
0xa003a8,_ZThn336_NK23OfflineFriendInviteItem16getAnalyticsNameEv,0x8
0xa003b0,_ZN6SCTune10addBooleanERK6StringPbPKcP20SCTuneChangeListenerib,0x30
0xa003e0,_ZNSt6__ndk110__function6__baseIFP6SpritevEED2Ev,0x4
0xa003e4,_ZN11wendelstein23MovieClipRendererBucket12addTrianglesEi,0x14
0xa003f8,_ZNKSt6__ndk110__function6__funcIZN11wendelstein16ComponentFactory14addConstructorINS2_22SpawnVelocityComponentEEEvvEUlvE_NS_9allocatorIS6_EEFNS_10shared_ptrINS2_17IEmitterComponentEEEvEE7__cloneEv,0x24
0xa0041c,_ZN6icu_5815MaybeStackArrayIcLi40EEC2ERKS1_,0x4
0xa00420,_ZNSt6__ndk120__shared_ptr_emplaceIN11wendelstein24TangentVelocityComponentENS_9allocatorIS2_EEED2Ev,0x4
0xa00424,_ZNSt6__ndk110__function6__funcIZN11scTaskQueue3runIZN10SWFTexture21loadDownscaledTextureIhEEvP12SupercellSWFiiiibbEUlvE_EENS_13invoke_resultIT_JEE4typeESA_EUlvE_NS_9allocatorISD_EEFvvEED0Ev,0x4
0xa00428,_ZNSt6__ndk16__treeINS_12__value_typeI6StringN8KeyCache12StringObjectEEENS_19__map_value_compareIS2_S5_NS_4lessIS2_EELb1EEENS_9allocatorIS5_EEE25__emplace_unique_key_argsIS2_JRKNS_21piecewise_construct_tENS_5tupleIJRKS2_EEENSH_IJEEEEEENS_4pairINS_15__tree_iteratorIS5_PNS_11__tree_nodeIS5_PvEElEEbEERKT_DpOT0_,0x124
0xa0054c,_ZN8Databind6detail22AbstractDatabindGetterIfED2Ev,0x4
0xa00550,_ZN8Databind23AbstractDatabindReflectD2Ev,0x4
0xa00554,_ZThn368_N19SelectLocationPopup23onLocationSelectionDoneEv,0x10
0xa00564,_ZNSt6__ndk127__insertion_sort_incompleteIRPFbPK13LogicSkinDataS3_EPS3_EEbT0_S8_T_,0x330
0xa00894,_ZNK2OT14PairPosFormat25applyEPNS_18hb_apply_context_tE,0x610
0xa00ea4,_ZN8nlohmann6detail19json_sax_dom_parserINS_10basic_jsonINSt6__ndk13mapENS3_6vectorENS3_12basic_stringIcNS3_11char_traitsIcEENS3_9allocatorIcEEEEblmdS9_NS_14adl_serializerEEEE12handle_valueIDnEEPSD_OT_,0xf4
0xa00f98,_ZN31PurchaseOfferBundlePopupHandler20isWaitingForIapPriceEv,0x10
0xa00fa8,_ZN14HelpshiftTitan27HelpshiftConnectionFallback20getNotificationCountEv,0x8
0xa00fb0,_ZNK6icu_5820DecomposeNormalizer29normalizeEPKtS2_RNS_16ReorderingBufferER10UErrorCode,0x8
0xa00fb8,_ZN8Databind23DefaultObjectTypeTraitsIN11wendelstein7Emitter13EmitterParamsEE9constructEv,0xe8
0xa010a0,_ZNK2OT8LigGlyph14get_lig_caretsEP9hb_font_t14hb_direction_tjjPjPi,0x22c
0xa012cc,_ZNSt6__ndk114__split_bufferIN2fx4gltf9AnimationERNS_9allocatorIS3_EEE9push_backEOS3_,0x2ac
0xa01578,_ZN8safe_jni15static_functionIN5titan3com9supercell5titan15UnbotifyManagerEvEclIJiEEEvDpT_,0x164
0xa016dc,_ZNKSt6__ndk110__function6__funcIZN11wendelstein16ComponentFactory14addConstructorINS2_22SpawnVelocityComponentEEEvvEUlvE_NS_9allocatorIS6_EEFNS_10shared_ptrINS2_17IEmitterComponentEEEvEE7__cloneEv,0x10
0xa016ec,_ZN8Databind12DatabindEnum8addValueERKNSt6__ndk112basic_stringIcNS1_11char_traitsIcEENS1_9allocatorIcEEEEi,0x1f0
0xa018dc,_ZN8Databind4Util13ArrayAccessorINSt6__ndk112basic_stringIcNS2_11char_traitsIcEENS2_9allocatorIcEEEE14LogicArrayListIS8_EE3setEmPKS8_,0x18
0xa018f4,_ZN5titan7android5media11MediaPlayer18OnPreparedListener10onPreparedES2_,0x4
0xa018f8,_ZNK10InboxPopup15showResourceHUDEv,0x8
0xa01900,_ZN8Databind4Util13ArrayAccessorIbNSt6__ndk16vectorIbNS2_9allocatorIbEEEEE4sizeEv,0xc
0xa0190c,_ZNSt6__ndk16__treeINS_12__value_typeI6StringN15DownloadManager8Manifest5EntryEEENS_19__map_value_compareIS2_S6_NS_4lessIS2_EELb1EEENS_9allocatorIS6_EEE7destroyEPNS_11__tree_nodeIS6_PvEE,0x64
0xa01970,_ZNSt6__ndk16vectorIN24LocalNotificationManager10sNotifDataENS_9allocatorIS2_EEE6assignIPS2_EENS_9enable_ifIXaasr21__is_forward_iteratorIT_EE5valuesr16is_constructibleIS2_NS_15iterator_traitsIS9_E9referenceEEE5valueEvE4typeES9_S9_,0x284
0xa01bf4,_ZN26hb_get_subtables_context_t8apply_toIN2OT20LigatureSubstFormat1EEEbPKvPNS1_18hb_apply_context_tE,0x4
0xa01bf8,_ZNK6icu_5815NoopNormalizer29normalizeERKNS_13UnicodeStringERS1_R10UErrorCode,0x44
0xa01c3c,_ZN25KickAllianceMemberMessageD0Ev,0xc0
0xa01cfc,_ZNSt6__ndk120__shared_ptr_emplaceIN11wendelstein22SpawnVelocityComponentENS_9allocatorIS2_EEED2Ev,0x4
0xa01d00,_ZN26LogicDeviceLinkDoneMessageD0Ev,0xd4
0xa01dd4,_ZN4SHA112processBlockEv,0x440
0xa02214,_ZN17LogicGameListener16onCooldownExpireEiPK9LogicData,0x4
0xa02218,_ZThn96_NK13DebugMenuBase16getAnalyticsNameEv,0x8
0xa02220,_ZN8safe_jni8functionIN5titan3com9supercell2id14IdShopDonationE6StringEclIJEEES6_P8_jobjectDpT_,0x120
0xa02340,_ZNSt6__ndk110__function6__funcIZN11wendelstein16ComponentFactory14addConstructorINS2_22SpawnLocationComponentEEEvvEUlvE_NS_9allocatorIS6_EEFNS_10shared_ptrINS2_17IEmitterComponentEEEvEE18destroy_deallocateEv,0x4
0xa02344,_ZN8safe_jni7ConvertIN5titan3com9supercell5titan7GameAppEvE3SigEv,0xd8
0xa0241c,_ZNK17scFileImpl_AAsset15getMemoryHandleEv,0x14
0xa02430,_ZN17LogicGameListener10goldCapHitEv,0x4
0xa02434,_ZN31LogicPurchaseDoubleCoinsCommandD0Ev,0x4
0xa02438,_ZN31BillingCancelledByClientMessageD0Ev,0xc0
0xa024f8,_ZNSt6__ndk16vectorINS_10unique_ptrI18scWorkerPoolWorkerNS_14default_deleteIS2_EEEENS_9allocatorIS5_EEE21__push_back_slow_pathIS5_EEvOT_,0x120
0xa02618,_ZNSt6__ndk16vectorIN2fx4gltf5SceneENS_9allocatorIS3_EEE6insertENS_11__wrap_iterIPKS3_EEOS3_,0x3c0
0xa029d8,_ZNKSt6__ndk110__function6__funcIZN11scTaskQueue3runIZN10SWFTexture21loadDownscaledTextureIiEEvP12SupercellSWFiiiibbEUlvE_EENS_13invoke_resultIT_JEE4typeESA_EUlvE_NS_9allocatorISD_EEFvvEE7__cloneEv,0x38
0xa02a10,_ZN17LogicGameListener17tailRewardClaimedEi,0x4
0xa02a14,_ZNSt6__ndk113__assoc_stateIP6SpriteE16__on_zero_sharedEv,0x14
0xa02a28,_ZNSt6__ndk110__function6__funcIZN11scTaskQueue3runIZN10SWFTexture21loadDownscaledTextureIhEEvP12SupercellSWFiiiibbEUlvE_EENS_13invoke_resultIT_JEE4typeESA_EUlvE_NS_9allocatorISD_EEFvvEE7destroyEv,0x4
0xa02a2c,_ZN31ChangeAllianceMemberRoleMessageD0Ev,0xc0
0xa02aec,_ZN15DownloadManager13DownloadQueue18fileDownloadFailedEPK6Stringi,0x104
0xa02bf0,_ZNSt6__ndk16vectorI11SCIDAccountNS_9allocatorIS1_EEE26__swap_out_circular_bufferERNS_14__split_bufferIS1_RS3_EE,0xf8
0xa02ce8,_ZN31ChallengeSkinRewardNotificationD0Ev,0x4
0xa02cec,_ZN2fx4gltf12LoadFromTextERKNSt6__ndk112basic_stringIcNS1_11char_traitsIcEENS1_9allocatorIcEEEERKNS0_10ReadQuotasE,0x300
0xa02fec,_ZNSt6__ndk120__shared_ptr_emplaceIN8nlohmann6detail20input_buffer_adapterENS_9allocatorIS3_EEE21__on_zero_shared_weakEv,0x4
0xa02ff0,_ZNSt6__ndk110__function6__funcIZN11wendelstein16ComponentFactory14addConstructorINS2_15SpringComponentEEEvvEUlvE_NS_9allocatorIS6_EEFNS_10shared_ptrINS2_17IEmitterComponentEEEvEE7destroyEv,0x4
0xa02ff4,_ZNK2OT20MultipleSubstFormat17closureEPNS_20hb_closure_context_tE,0x260
0xa03254,_ZN2OT9SanitizerINS_4headEE8sanitizeEP9hb_blob_t,0xfc
0xa03350,_ZNSt6__ndk16vectorI10SCIDFriendNS_9allocatorIS1_EEE21__push_back_slow_pathIRKS1_EEvOT_,0x1a4
0xa034f4,_ZNK12CustomButton14isCustomButtonEv,0x8
0xa034fc,_ZNSt6__ndk120__shared_ptr_pointerIPNS_6vectorI12LogicVector2NS_9allocatorIS2_EEEENS_14default_deleteIS5_EENS3_IS5_EEE21__on_zero_shared_weakEv,0x4
0xa03500,_ZN8Databind4Util13ArrayAccessorI12LogicVector2NSt6__ndk16vectorIS2_NS3_9allocatorIS2_EEEEE15addDefaultValueEv,0x98
0xa03598,_ZNK22PromoPopupNotification14getFileEntryAtEi,0x14
0xa035ac,_ZN17LogicGameListener21spellCollectionSortedEv,0x4
0xa035b0,_ZN12LogicDefines14isChineseBuildEv,0x38
0xa035e8,_ZNSt6__ndk112__hash_tableINS_17__hash_value_typeIiiEENS_22__unordered_map_hasherIiS2_NS_4hashIiEELb1EEENS_21__unordered_map_equalIiS2_NS_8equal_toIiEELb1EEENS_9allocatorIS2_EEE25__emplace_unique_key_argsIiJRKNS_21piecewise_construct_tENS_5tupleIJRKiEEENSI_IJEEEEEENS_4pairINS_15__hash_iteratorIPNS_11__hash_nodeIS2_PvEEEEbEERKT_DpOT0_,0x230
0xa03818,_ZN2fx4gltf6detail17ReadOptionalFieldINSt6__ndk16vectorIiNS3_9allocatorIiEEEEEEvNS3_17basic_string_viewIcNS3_11char_traitsIcEEEERKN8nlohmann10basic_jsonINS3_3mapES4_NS3_12basic_stringIcSA_NS5_IcEEEEblmdS5_NSC_14adl_serializerEEERT_,0x108
0xa03920,_ZNSt6__ndk114basic_ofstreamIcNS_11char_traitsIcEEED0Ev,0x48
0xa03968,_ZN25LogicAvatarChangeListener25debugBrawlPassPointsAddedEii,0x4
0xa0396c,_ZNSt6__ndk16__treeIP16MovieClipTextureNS_4lessIS2_EENS_9allocatorIS2_EEE7destroyEPNS_11__tree_nodeIS2_PvEE,0x40
0xa039ac,_ZN8Databind23DefaultObjectTypeTraitsIN11wendelstein20SpawnPlanarComponentEED0Ev,0x4
0xa039b0,_ZN4asio6detail16service_registry14do_use_serviceERKNS_17execution_context7service3keyEPFPS3_PvES8_,0x1dc
0xa03b8c,_ZN26GoHomeFromMapEditorMessage6encodeEv,0x4
0xa03b90,_ZN29TeamInvitationResponseMessageD0Ev,0xc0
0xa03c50,_ZNKSt6__ndk110__function6__funcIZN11wendelstein16ComponentFactory14addConstructorINS2_15GroundComponentEEEvvEUlvE_NS_9allocatorIS6_EEFNS_10shared_ptrINS2_17IEmitterComponentEEEvEE11target_typeEv,0xc
0xa03c5c,_ZNK2OT17PosLookupSubTable8dispatchINS_18hb_apply_context_tEEENT_8return_tEPS3_j,0x198
0xa03df4,_ZN4asio9execution6detail17any_executor_base9prefer_fnINS0_12any_executorIJNS0_12context_as_tIRNS_17execution_contextEEENS1_8blocking7never_tILi0EEENS0_11prefer_onlyINS9_10possibly_tILi0EEEEENSC_INS1_16outstanding_work9tracked_tILi0EEEEENSC_INSG_11untracked_tILi0EEEEENSC_INS1_12relationship6fork_tILi0EEEEENSC_INSN_14continuation_tILi0EEEEEEEEvSQ_EET_PKvSX_,0x50
0xa03e44,_ZN21LogicTutorialStepDataD0Ev,0x40
0xa03e84,_ZNSt6__ndk120__shared_ptr_emplaceI6StringNS_9allocatorIS1_EEED0Ev,0x38
0xa03ebc,_ZN25LogicAvatarChangeListener12heroUpgradedEPK18LogicCharacterData,0x4
0xa03ec0,_ZN17LogicGameListener18onNotEnoughWorkersEPK12LogicCommand,0x4
0xa03ec4,_ZNSt6__ndk16vectorIP6SpriteNS_9allocatorIS2_EEE6assignIPS2_EENS_9enable_ifIXaasr21__is_forward_iteratorIT_EE5valuesr16is_constructibleIS2_NS_15iterator_traitsIS9_E9referenceEEE5valueEvE4typeES9_S9_,0x158
0xa0401c,_ZN17LogicGameListener16onDiamondsBoughtEi,0x4
0xa04020,_ZN8safe_jni8functionIN5titan4java4lang7IntegerEiEclIJEEEiP8_jobjectDpT_,0x118
0xa04138,_ZNK15StarPointsPopup12getPopupTypeEv,0x8
0xa04140,_ZN6icu_5815MaybeStackArrayIcLi40EEneERKS1_,0x8
0xa04148,_ZNK6icu_5815NoopNormalizer216getDecompositionEiRNS_13UnicodeStringE,0x8
0xa04150,_ZN2fx4gltf6detail17ReadOptionalFieldINSt6__ndk16vectorINS0_9PrimitiveENS3_9allocatorIS5_EEEEEEvNS3_17basic_string_viewIcNS3_11char_traitsIcEEEERKN8nlohmann10basic_jsonINS3_3mapES4_NS3_12basic_stringIcSB_NS6_IcEEEEblmdS6_NSD_14adl_serializerEEERT_,0x138
0xa04288,_ZN16LobbyInfoMessageD0Ev,0xe0
0xa04368,_ZNSt6__ndk19transformIN8nlohmann6detail9iter_implIKNS1_10basic_jsonINS_3mapENS_6vectorENS_12basic_stringIcNS_11char_traitsIcEENS_9allocatorIcEEEEblmdSA_NS1_14adl_serializerEEEEENS_15insert_iteratorINS6_IN2fx4gltf9AnimationENSA_ISK_EEEEEEZNS2_20from_json_array_implISE_SM_EEDTcmcmcldtfp0_7reserveclsr3stdE7declvalINT0_9size_typeEEEEcldtfp_3getINSP_10value_typeEEEcvv_EERKT_RSP_NS2_12priority_tagILj1EEEEUlRSF_E_EESP_ST_ST_SP_T1_,0x16c
0xa044d4,_ZN13SceneUniformsD2Ev,0x4
0xa044d8,_ZN8safe_jni7ConvertIN5titan7android4view9ViewGroup12LayoutParamsEvE3SigEv,0xd8
0xa045b0,_ZNSt6__ndk110unique_ptrIN11wendelstein16ComponentFactoryENS_14default_deleteIS2_EEED2Ev,0x40
0xa045f0,_ZNSt6__ndk120__shared_ptr_emplaceI14scPackagedTaskIvENS_9allocatorIS2_EEE21__on_zero_shared_weakEv,0x4
0xa045f4,_ZNK18BezierInterpolatorIfE5getX1Ev,0x8
0xa045fc,_ZNSt6__ndk116__copy_unalignedINS_6vectorIbNS_9allocatorIbEEEELb1EEENS_14__bit_iteratorIT_Lb0EXLi0EEEENS5_IS6_XT0_EXLi0EEEES8_S7_,0x218
0xa04814,_ZN8Databind4Util13ArrayAccessorI12LogicVector214LogicArrayListIS2_EE3getEm,0x14
0xa04828,_ZNSt6__ndk16__treeINS_12basic_stringIcNS_11char_traitsIcEENS_9allocatorIcEEEENS_4lessIS6_EENS4_IS6_EEE4findIS6_EENS_15__tree_iteratorIS6_PNS_11__tree_nodeIS6_PvEElEERKT_,0x114
0xa0493c,_ZNSt6__ndk120__shared_ptr_pointerIPN8Databind23DefaultObjectTypeTraitsIN11wendelstein12old_versions22MovieClipEmitterDataV0EEENS_14default_deleteIS6_EENS_9allocatorIS6_EEE21__on_zero_shared_weakEv,0x4
0xa04940,_ZN8Databind4Util13ArrayAccessorI12LogicVector314LogicArrayListIS2_EE3addEPKS2_,0x104
0xa04a44,_ZN8Databind4Util13ArrayAccessorI6StringNSt6__ndk16vectorIS2_NS3_9allocatorIS2_EEEEE3getEm,0x10
0xa04a54,_ZN8Databind4Util13ArrayAccessorI7Vector3IfE14LogicArrayListIS3_EE8setArrayEPv,0x8
0xa04a5c,_ZNSt6__ndk120__shared_ptr_pointerIP14LogicArrayListIiENS_14default_deleteIS2_EENS_9allocatorIS2_EEE21__on_zero_shared_weakEv,0x4
0xa04a60,_ZNSt6__ndk17__sort4IRPFbPK9BadgeItemS3_EPPS1_EEjT0_S9_S9_S9_T_,0x184
0xa04be4,_ZN22ResourceDataLoaderImplI17ResourceDataFlashED2Ev,0x8c
0xa04c70,_ZNSt6__ndk110__function6__baseIFvbEED2Ev,0x4
0xa04c74,_ZThn368_N19SelectLocationPopup20isInMapEditorContextEv,0x10
0xa04c84,_ZN18HTTPClientListener17httpRequestFailedEP10HTTPClient,0x4
0xa04c88,_ZN29TeamStreamEntryRemovedMessageD0Ev,0xc0
0xa04d48,_ZN26BattleLogViewReplayMessageD0Ev,0xc0
0xa04e08,_ZNK8Databind4Util13ArrayAccessorIfNSt6__ndk16vectorIfNS2_9allocatorIfEEEEE8getArrayEv,0x8
0xa04e10,_ZNK6icu_5815NoopNormalizer217spanQuickCheckYesERKNS_13UnicodeStringER10UErrorCode,0x1c
0xa04e2c,_ZNK23scFileImpl_MemoryHandle4tellEv,0x8
0xa04e34,_ZN10OnEntryTap6handleEP5UICtxi,0xb0
0xa04ee4,_ZNSt6__ndk1plIcNS_11char_traitsIcEENS_9allocatorIcEEEENS_12basic_stringIT_T0_T1_EERKS9_SB_,0xec
0xa04fd0,_ZNSt6__ndk114__split_bufferIP18scResourceLoadInfoNS_9allocatorIS2_EEE10push_frontEOS2_,0x138
0xa05108,_ZN8Databind15JSONInReflectorD0Ev,0x4c
0xa05154,_ZN22TeamRequestJoinMessageD0Ev,0xc0
0xa05214,_ZNK22LaserDataLoaderFactory16createDataLoaderEPKcRKNSt6__ndk15arrayIiLm4EEE,0xac
0xa052c0,_ZN8nlohmann6detail20from_json_array_implINS_10basic_jsonINSt6__ndk13mapENS3_6vectorENS3_12basic_stringIcNS3_11char_traitsIcEENS3_9allocatorIcEEEEblmdS9_NS_14adl_serializerEEENS5_IN2fx4gltf9PrimitiveENS9_ISG_EEEEEEDTcmcmcldtfp0_7reserveclsr3stdE7declvalINT0_9size_typeEEEEcldtfp_3getINSJ_10value_typeEEEcvv_EERKT_RSJ_NS0_12priority_tagILj1EEE,0x100
0xa053c0,_ZN11SCIDManager15allowOpenWindowEv,0x8
0xa053c8,_ZNSt6__ndk118__insertion_sort_3IRPFbP13LogicGemOfferS2_EPS2_EEvT0_S7_T_,0x15c
0xa05524,_ZN26ISCIDManagerImplementation23setNotificationsAllowedEb,0x4
0xa05528,_ZN28LogicSendAllianceMailCommandD0Ev,0x4
0xa0552c,_ZN29GetAllianceInviteTokenMessageD0Ev,0xc0
0xa055ec,_ZNK14BattleEndPopup12getPopupTypeEv,0x8
0xa055f4,_ZN11scTaskQueue6submitIZNS_3runIZN10SWFTexture21loadDownscaledTextureIiEEvP12SupercellSWFiiiibbEUlvE_EENSt6__ndk113invoke_resultIT_JEE4typeES9_EUlvE_EENS7_6futureISB_EES9_,0xf0
0xa056e4,_ZN8safe_jni15static_functionIN5titan3com9supercell5titan7GameAppENSt6__ndk16vectorINS1_7android4view7Display4ModeENS6_9allocatorISB_EEEEEclIJEEESE_DpT_,0x148
0xa0582c,_ZN4asio17execution_context7service11notify_forkENS0_10fork_eventE,0x4
0xa05830,_ZN16StartGameMessageD0Ev,0xc0
0xa058f0,_ZN8safe_jni13FuncSignatureIJ6StringS1_S1_NSt6__ndk16vectorISt4byteNS2_9allocatorIS4_EEEEiS1_S1_S1_EE8toStringEv,0x110
0xa05a00,_ZN8Databind6detail23DatabindAccessorWrapperI7Vector3IfEE3getEPv,0x10
0xa05a10,_ZN26hb_get_subtables_context_t8apply_toIN2OT16SinglePosFormat1EEEbPKvPNS1_18hb_apply_context_tE,0x4
0xa05a14,_ZN4asio9execution6detail17any_executor_base8query_fnINS_10io_context19basic_executor_typeINSt6__ndk19allocatorIvEELj0EEENS0_11prefer_onlyINS1_12relationship14continuation_tILi0EEEEEEEvPvPKvSH_,0x38
0xa05a4c,_ZN23LogicHomeChangeListener15deliverBigBoxesEi,0x4
0xa05a50,_ZN14scMemoryHandle4swapERS_,0x44
0xa05a94,_ZNSt6__ndk115basic_streambufIcNS_11char_traitsIcEEE6xsgetnEPcl,0xc8
0xa05b5c,_ZNSt6__ndk120__shared_ptr_emplaceI12scKeyManagerNS_9allocatorIS1_EEED2Ev,0x4c
0xa05ba8,_ZN8safe_jni13InterfaceFuncIvJN5titan3com6google7android4play4core5tasks4TaskEEE4callERNS_5ProxyEP13_jobjectArray,0x94
0xa05c3c,_ZNK10BitmapFont11getFontTypeEv,0x8
0xa05c44,_ZN26AllianceStreamEntryMessageD0Ev,0xc0
0xa05d04,_ZNK15scFileImpl_Mmap4seekEm,0x18
0xa05d1c,_ZNK15SkinRewardPopup28allowClosingFromModalTappingEv,0x8
