address,name,size
0x3662bc,_Java_com_supercell_titan_SupercellId_clearPendingLogin,0x8
0x3662c4,_ZNK18LogicChallengeData16getHomeLogoAssetERK6String,0x74
0x366338,_ZNSt6__ndk110__function6__funcIZN32NativeFacebookConnectionCallback6logoutEvE3$_6NS_9allocatorIS3_EEFvvEEclEv,0x1c
0x366354,_ZN13LogicConfData14findEventByGmvEi,0x68
0x3663bc,_ZThn96_N20CreatePlayerMapPopup13buttonClickedEP12CustomButton,0x8
0x3663c4,_ZNKSt6__ndk110__function6__funcIZN8TestCase11touchSpriteEP6SpriteE3$_2NS_9allocatorIS5_EEFvvEE11target_typeEv,0xc
0x3663d0,_ZN15sc3dWorldSpriteC2EP9sc3dWorlds,0x25c
0x36662c,_ZN8CSVTable13addColumnTypeEi,0x154
0x366780,_ZN23BattleReportStreamEntryC2Ei,0x4c
0x3667cc,_ZN22SearchAlliancesMessage13getMinMembersEv,0x8
0x3667d4,_ZN8LogicMD51GEiii,0x10
0x3667e4,_ZN25EventSuggestionStreamItemD2Ev,0x24
0x366808,_ZN15TeamKickMessageC2Ev,0x38
0x366840,_ZN6icu_5824ForwardCharacterIteratorD0Ev,0x4
0x366844,_ZN11FriendEntry20setAllianceBadgeDataEi,0x8
0x36684c,_ZNKSt6__ndk110__function6__funcIZN8TestCase11touchSpriteEP6SpriteE3$_2NS_9allocatorIS5_EEFvvEE6targetERKSt9type_info,0x1c
0x366868,_ZN11DragHandlerC2Effffffff,0x140
0x3669a8,_ZN19CachedFontFormatter12getLineWidthEv,0x18
0x3669c0,_ZN24HighRateUdpReceiveBufferC2Ev,0x18
0x3669d8,_ZNKSt6__ndk110__function6__funcIZN8TestCase17getVisibleButtonsEvE3$_3NS_9allocatorIS3_EEFP6SpritevEE7__cloneEv,0x24
0x3669fc,_ZN44DebugPlayerMapReviewResultOverrideSetMessage6decodeEv,0x2c
0x366a28,_ZN13CcTeaserPopupC2EP9EventData,0x35c
0x366d84,_MatchFinder_MoveBlock,0x50
0x366dd4,_ZNK13ShopBgElement25hasStartedEntryAnimationsEv,0x10
0x366de4,_ZN30ProLeagueSeasonEndNotification6decodeEP10ByteStream,0x88
0x366e6c,_ZN6StringC2EPKci,0x8
0x366e74,_ZN7Popover6resizeEff,0x80
0x366ef4,_ZN12ShopItemAnim17getChronosEventIdEv,0x10
0x366f04,_ZN9BitStream21readPositiveIntMax127Ev,0x1a4
0x3670a8,_ZN8HomePage14isFriendlyTvstEv,0xc8
0x367170,_ZN9ClanPopup12touchPressedERK5Touch,0x50
0x3671c0,_ZN14TencentManagerC2Ev,0x238
0x3673f8,_ZN31AvatarStreamEntryRemovedMessage8destructEv,0x30
0x367428,_ZN11GameWebView18webviewDidFailLoadEv,0x74
0x36749c,_ZN14SessionStatics16destructInstanceEv,0x7c
0x367518,_hb_ot_layout_get_glyphs_in_class,0xb0
0x3675c8,_ZN10PlayerInfo17refreshClanHeaderEv,0x1e8
0x3677b0,_ZN12PepperCrypto3boxEPKvmPvmRKNS_9SecureKeyILm24EEERKNS3_ILm32EEE,0xb8
0x367868,_sub_367868,0xc
0x3678d0,_sub_3678D0,0x808
0x3680dc,_sub_3680DC,0x24
0x368100,_sub_368100,0xe6c
0x368f6c,_sub_368F6C,0x18
0x368fd4,_sub_368FD4,0x14
0x369018,_sub_369018,0x24
0x36903c,_sub_36903C,0xe84
0x369ec0,_sub_369EC0,0x10
0x369f20,_sub_369F20,0x14
0x369f68,_sub_369F68,0x24
0x369f8c,_sub_369F8C,0xe7c
0x36ae08,_sub_36AE08,0x10
0x36ae68,_sub_36AE68,0x14
0x36aeb0,_sub_36AEB0,0x24
0x36aed4,_sub_36AED4,0xe40
0x36bd14,_sub_36BD14,0x10
0x36bd74,_sub_36BD74,0x14
0x36bfbc,_sub_36BFBC,0x24
0x36bfe0,_sub_36BFE0,0xe70
0x36ce50,_sub_36CE50,0x1c
0x36cebc,_sub_36CEBC,0x14
0x36cff8,_sub_36CFF8,0x24
0x36d01c,_sub_36D01C,0xe9c
0x36deb8,_sub_36DEB8,0x10
0x36df18,_sub_36DF18,0x14
0x36dff0,_sub_36DFF0,0x24
0x36e014,_sub_36E014,0xe40
0x36ee54,_sub_36EE54,0x10
0x36eeb4,_sub_36EEB4,0x14
0x36eef8,_sub_36EEF8,0x24
0x36ef1c,_sub_36EF1C,0xe70
0x36fd8c,_sub_36FD8C,0x10
0x36fdec,_sub_36FDEC,0x14
0x370378,_sub_370378,0x24
0x37039c,_sub_37039C,0xe54
0x3711f0,_sub_3711F0,0x10
0x371250,_sub_371250,0x14
0x3713bc,_sub_3713BC,0xc
0x371430,_sub_371430,0x4c
0x3714a0,_sub_3714A0,0x3b4
0x371894,_sub_371894,0x28
0x371954,_sub_371954,0x78
0x371a08,_sub_371A08,0x58
0x371a90,_sub_371A90,0x10
0x371b00,_sub_371B00,0x24
0x371b24,_sub_371B24,0xe54
0x372978,_sub_372978,0x10
0x3729d8,_sub_3729D8,0x14
0x372a88,_sub_372A88,0x30
0x372ac8,_sub_372AC8,0x4
0x372b14,_sub_372B14,0x18
0x372c60,_sub_372C60,0x8
0x372ca8,_sub_372CA8,0x4
0x3735c0,_sub_3735C0,0x24
0x3735e4,_sub_3735E4,0xe74
0x374458,_sub_374458,0x14
0x3744bc,_sub_3744BC,0x14
0x374500,_sub_374500,0x24
0x374524,_sub_374524,0xeb8
0x3753dc,_sub_3753DC,0x10
0x37543c,_sub_37543C,0x14
0x375484,_sub_375484,0x24
0x3754a8,_sub_3754A8,0xeb8
0x376360,_sub_376360,0x10
0x3763c8,_sub_3763C8,0x14
0x376410,_sub_376410,0x24
0x376434,_sub_376434,0xe40
0x377274,_sub_377274,0x10
0x3772d4,_sub_3772D4,0x14
0x377544,_sub_377544,0x24
0x377568,_sub_377568,0xe64
0x3783cc,_sub_3783CC,0x1c
0x378438,_sub_378438,0x14
0x378518,_sub_378518,0x24
0x37853c,_sub_37853C,0xe9c
0x3793d8,_sub_3793D8,0x10
0x379438,_sub_379438,0x14
0x379514,_sub_379514,0x24
0x379538,_sub_379538,0xe40
0x37a378,_sub_37A378,0x10
0x37a3d8,_sub_37A3D8,0x14
0x37a41c,_sub_37A41C,0x24
0x37a440,_sub_37A440,0xe70
0x37b2b0,_sub_37B2B0,0x10
0x37b310,_sub_37B310,0x14
0x37b884,_sub_37B884,0x24
0x37b8a8,_sub_37B8A8,0xe5c
0x37c704,_sub_37C704,0x10
0x37c764,_sub_37C764,0x14
0x37cbf8,_sub_37CBF8,0x14
0x37cc3c,_sub_37CC3C,0x3c
0x37ccf8,_sub_37CCF8,0xc
0x37cd74,_sub_37CD74,0xc
0x37cda8,_sub_37CDA8,0x10
0x37ce5c,_sub_37CE5C,0x18
0x37cf30,_sub_37CF30,0x1c
0x37cfc8,_sub_37CFC8,0x24
0x37d094,_sub_37D094,0x1c
0x37d0ec,_sub_37D0EC,0x38
0x37d128,_sub_37D128,0x19b8
0x37eae0,_sub_37EAE0,0x14
0x37eb24,_sub_37EB24,0x3c
0x37eb60,_sub_37EB60,0x3d68
0x3828c8,_sub_3828C8,0xd70
0x383694,_sub_383694,0x10
0x38374c,_sub_38374C,0x24
0x383770,_sub_383770,0xe94
0x384604,_sub_384604,0x10
0x384664,_sub_384664,0x14
0x38468c,_sub_38468C,0x1fbc
0x386648,_sub_386648,0x38
0x386684,_sub_386684,0x19e4
0x388068,_sub_388068,0x14
0x3880ac,_sub_3880AC,0x1c
0x3880d8,_sub_3880D8,0x44
0x388120,_sub_388120,0x24
0x388144,_sub_388144,0xe54
0x388f98,_sub_388F98,0x10
0x388ff8,_sub_388FF8,0x14
0x38909c,_sub_38909C,0x14
0x38913c,_sub_38913C,0x14
0x3891d4,_sub_3891D4,0x34
0x389288,_sub_389288,0x2c
0x3892b8,_sub_3892B8,0x60
0x389434,_sub_389434,0x14
0x389460,_ZNKSt6__ndk110__function6__funcIZN11scTaskQueue3runIZN11AndroidMain14destroySurfaceEvE3$_3EENS_13invoke_resultIT_JEE4typeES7_EUlvE_NS_9allocatorISA_EEFvvEE6targetERKSt9type_info,0x1c
0x38947c,_ZN27LogicAddNotificationCommand7executeEP13LogicHomeModeib,0x5c
0x3894d8,_ZN12LocationItem15trySuggestEventEv,0x158
0x389630,_ZNSt6__ndk110__function6__funcIZN8TestCase20drawDebugPercentagesEvE4$_21NS_9allocatorIS3_EEFvvEE18destroy_deallocateEv,0x4
0x389634,_ZNK10BattleMode18getLoadingProgressEv,0xa0
0x3896d4,_ZN15LogicStringUtil8getBytesEPK6StringPi,0x3c
0x389710,_ZN8GameMain18writeCSVNodeToFileEPK7CSVNodeRK6String,0x160
0x389870,_ZN24AvatarStreamEntryMessage6encodeEv,0x50
0x3898c0,_ZN23CombiningCustomRendererC2ERN11wendelstein23MovieClipRendererBucketERNSt6__ndk16vectorINS0_21MovieClipRendererData11BucketRangeENS3_9allocatorIS6_EEEEP12VertexBufferj,0x18
0x3898d8,_ZNK20GoogleServiceManager18isLoggedInToGoogleEv,0x10
0x3898e8,_ZN22SearchAlliancesMessage15setSearchStringEP6String,0x8
0x3898f0,_ZN17DataLoaderFactoryC2Ev,0x10
0x389900,_ZN13StencilSprite20setStencilMaskSpriteEPS_,0x8
0x389908,_ZN9sc3dWorld25renderCommandWithMatrix44EP22ShapeDrawBitmapCommandRK9xMatrix44RK14ColorTransformi,0x2d0
0x389bd8,_ZN4asio6detail23reactive_socket_send_opINS_15const_buffers_1ENS0_8write_opINS_19basic_stream_socketINS_2ip3tcpENS_15any_io_executorEEENS_17mutable_buffers_1EPKNS_14mutable_bufferENS0_14transfer_all_tEZN9Messaging15encryptAndWriteEP14PiranhaMessageE3$_5EES7_E11do_completeEPvPNS0_19scheduler_operationERKNSt6__ndk110error_codeEm,0x348
0x389f20,_FileInStream_CreateVTable,0x18
0x389f38,_ZNSt6__ndk110__function6__funcIZN11scTaskQueue3runIZN7GLImage6createEPKhi9ImageWrap11ImageFilterE3$_4EENS_13invoke_resultIT_JEE4typeESB_EUlvE_NS_9allocatorISE_EEFvvEE18destroy_deallocateEv,0x4
0x389f3c,_ZN24TextInputVirtualKeyboard18updateKeyboardTextERK6String,0xb4
0x389ff0,_ZNSt6__ndk110__function6__funcIZN19SupercellIdCallback23respondToDonationResultEP8_jobjectRK6StringS7_E4$_24NS_9allocatorIS8_EEFvvEED0Ev,0x38
0x38a028,_ZN15LogicDataTables15isItemAvailableEPK13LogicCardDataP12ReleaseEntry,0x4c
0x38a074,_ZN11GameWebView4goToERK6String,0x9c
0x38a110,_ZN19LogicCommandManager6decodeEP10ByteStream,0x23c
0x38a34c,_ZN14MessageManager16getSeasonRewardsEi,0x44
0x38a390,_ZN12AllianceInfo15isForAllianceIdEPK9LogicLong,0x1c
0x38a3ac,_ZN21MapEditorModifierItem6updateEf,0x4
0x38a3b0,_ZNKSt6__ndk110__function6__funcIZN11AndroidMain9_gameStopEvE4$_17NS_9allocatorIS3_EEFvvEE7__cloneEPNS0_6__baseIS6_EE,0x18
0x38a3c8,_ZN17LogicRewardConfig12setConditionEP14LogicCondition,0x38
0x38a400,_ZNK13LogicHintData15isReferringSCIDEv,0x10
0x38a410,_ZN17HeroSwipeSelector11createItemsEv,0x39c
0x38a7ac,_ZN9BitStream22readPositiveIntMax4095Ev,0x2c4
0x38aa70,_ZN10HeroSprite24getCustomCameraIdForTypeEi,0x94
0x38ab04,_ZNSt6__ndk110__function6__funcIZN19SupercellIdCallback31setPendingRegistrationWithEmailEP8_jobjectRK6StringbE3$_9NS_9allocatorIS8_EEFvvEE7destroyEv,0x8
0x38ab0c,_ZN14BattleEndPopup35displayBattleEndHackTeamDeatchmatchEii,0x6c
0x38ab78,_ZN24FriendSuggestionsMessageC2EP14LogicArrayListIP15SuggestionEntryE,0x38
0x38abb0,_ZN4Node16setKeyFrameCountEi,0x8c
0x38ac3c,_ZN22TeamSetLocationMessageC2EPK17LogicLocationDatai,0x4c
0x38ac88,_ZNK12BattleScreen32getPixelsToLogicYScaleWithCameraEv,0x18
0x38aca0,_u_strtok_r_58,0x9c
0x38ad3c,_ZN14BattleEndPopup13touchReleasedERK5Touch,0x40
0x38ad7c,_ZN28scHapticFeedbackImpl_AndroidD0Ev,0x4
0x38ad80,_ZNSt6__ndk110__function6__funcIZN11scTaskQueue3runIZN7GLImage6createEPKhi9ImageWrap11ImageFilterE3$_5EENS_13invoke_resultIT_JEE4typeESB_EUlvE_NS_9allocatorISE_EEFvvEEclEv,0x40
0x38adc0,_ZN9TweenClipD2Ev,0x20
0x38ade0,_ZN31ChangeAllianceSettingsOkMessage6encodeEv,0x28
0x38ae08,_ZN33DebugNewbieCoopOverrideSetMessage6encodeEv,0x28
0x38ae30,_ZN27PurchaseSkinGroupOfferPopupD0Ev,0x74
0x38aea4,_ZNK8HomeMode8isLoadedEv,0x10
0x38aeb4,_ZN9xMatrix4412invertAffineEv,0x200
0x38b0b4,_ZN8HomePage7getHomeEv,0x18
0x38b0cc,_ZNK17LogicSkinConfData11getIdleFaceEv,0x10
0x38b0dc,_ZN10ByteStream13writeLongLongEx,0x48
0x38b124,_ZN13LogicFaceDataC2EP6CSVRowP14LogicDataTable,0x2c
0x38b150,_ZNKSt6__ndk110__function6__funcIZN11scTaskQueue3runIZN11AndroidMain14destroySurfaceEvE3$_3EENS_13invoke_resultIT_JEE4typeES7_EUlvE_NS_9allocatorISA_EEFvvEE11target_typeEv,0xc
0x38b15c,_ZNK14MessageManager37findBestLatencyDataFromListWithQBelowEib,0x9c
0x38b1f8,_ZN12OnlinePlayerC2Ev,0x64
0x38b25c,_ZNK13LogicTileData17getRespawnSecondsEv,0x10
0x38b26c,_ZNK13ShopBgElement18hasBeenSeenLocallyEv,0x8
0x38b274,_ZN9BitStream24writePositiveIntMax32767Ei,0x8
0x38b27c,_Z23decompressBlockDiffFlipjjPhiiii,0x8
0x38b284,_ZNK24LogicExpressionEvaluator4evalEP31IExpressionEvaluatorEnvironment,0x1868
0x38caec,_ZN20LogicRawOutReflector13fixReferencesEPK16ReflectableIdMap,0x4
0x38caf0,_ZN12SupercellSWF10read3BytesEv,0x290
0x38cd80,_ZN16LocationCategory11getNumItemsEv,0x10
0x38cd90,_ZNK16ResourceListener8isLoadedEv,0x14
0x38cda4,_ZN28LogicGameObjectManagerServer14getAreaEffectsEv,0x8
0x38cdac,_ZN18TextFieldWithLinks4initEP9MovieClip,0x70
0x38ce1c,_ZN10StreamItem10setRemovedEv,0x10
0x38ce2c,_ZNKSt6__ndk110__function6__funcIZN19SupercellIdCallback20setNotificationBadgeEP8_jobjectbiE4$_19NS_9allocatorIS5_EEFvvEE7__cloneEv,0x38
0x38ce64,_ZNK13LogicItemData8getLayerEv,0x8
0x38ce6c,_ZNK11RewardPopup12getPopupTypeEv,0x8
0x38ce74,_ZNSt6__ndk113__stable_sortIRZN14LogicArrayListIiE9sortArrayIZN18LogicMapEditorMode23setEventModifierEnabledEibE3$_0EEvRKT_EUlRKiSA_E_PiEEvT0_SE_S6_NS_15iterator_traitsISE_E15difference_typeEPNSG_10value_typeEl,0x328
0x38d19c,_ZNK6String7indexOfEPKc,0x3c
0x38d1d8,_ZN20LogicJSONInReflector40reflectReflectableReferenceArrayInternalER17LogicIntArrayListR14LogicArrayListIP16LogicReflectableEPKci,0x398
0x38d570,_ZN15DoubleDropPopupD2Ev,0x214
0x38d784,_ZN11StringTable19isAnyLanguageLoadedEv,0x24
0x38d7a8,_ZN10DataGainedD0Ev,0x24
0x38d7cc,_ZN25LogicClaimAdRewardCommand6decodeEP10ByteStream,0x4c
0x38d818,_ustrcase_internalToLower_58,0x348
0x38db60,_ZN10HomeScreen17lobbyInfoReceivedEP16LobbyInfoMessage,0x60
0x38dbc0,_deflatePending,0x94
0x38dc54,_ZL31utf8_nextCharSafeBodyTerminatedPPKhi,0x148
0x38dd9c,_ZN3SBMC2EP13TitanInStreami,0xf8
0x38de94,_ZL14convert_formatPhiijj,0xc78
0x38eb0c,_u_strrstr_58,0x10
0x38eb1c,_ZN5titan3com9supercell5titan7GameApp13vibrateDeviceEv,0x5c
0x38eb78,_ZN25HeroLvlUpMaterialPackItem13buttonPressedEv,0xa0
0x38ec18,_ZN21LogicProjectileServer14getTravelTicksEPK19LogicProjectileDataii,0x54
0x38ec6c,_ZN15GameSCIDManager28storeSocialFeaturesEnableKeyEb,0x7c
0x38ece8,_ZN38TencentBillingProcessedByServerMessage18getServiceNodeTypeEv,0x8
0x38ecf0,_ZN11GemPackItem6updateEf,0xa8
0x38ed98,_ZN26ChampionshipChallengePopup16getNameFromEventEPK18LogicChallengeData,0xc4
0x38ee94,_ZN9BitStream13writeIntMax63Ei,0x8
0x38ee9c,_ZN37LogicPurchaseHeroLvlUpMaterialCommand8destructEv,0x24
0x38eec0,_ZNK14EnterNamePopup9getAvatarEv,0x20
0x38eee0,_ZN10ScoreEntryC2EP10ByteStream,0x74
0x38ef54,_ZN6icu_5818UStringEnumeration4nextEPiR10UErrorCode,0x8
0x38ef5c,_ZN11TeamManager9hasInviteEPK9LogicLong,0x24
0x38ef80,_ZN8Skeleton16finishUpdateMeshEP4MeshP11DynamicMesh,0x104
0x38f084,_ZN16PlayAgainMessage18getServiceNodeTypeEv,0x8
0x38f08c,_ZN6icu_5816RBBITableBuilder13calcFollowPosEPNS_8RBBINodeE,0xf0
0x38f17c,_ZN25TeamToggleSettingsMessage18getServiceNodeTypeEv,0x8
0x38f184,_ZN41RankedMatchFinalPreparationStartedMessage6decodeEv,0x2c
0x38f1b0,_ZNSt6__ndk110__function6__funcIZN14LineConnection9autologinEvE3$_1NS_9allocatorIS3_EEFvbPKN8linecorp4nova11CredentialsEPKNS7_5ErrorEEE7destroyEv,0x4
0x38f1b4,_ZN15ResourceManager13reloadShadersEv,0xe0
0x38f294,_ZN11wendelstein27WendelsteinMovieClipEmitterD0Ev,0x24
0x38f2b8,_ZN5scKey10fromStringERKNSt6__ndk112basic_stringIcNS0_11char_traitsIcEENS0_9allocatorIcEEEES8_,0x40
0x38f2f8,_ZN27BrawlerSuggestionStreamItemD0Ev,0x58
0x38f350,_ZNK20GoogleServiceManager10isLoggedInEv,0x20
0x38f370,_ZNK24LogicParticleEmitterData24getParticleMaxTailLengthEv,0x10
0x38f380,_ZNK9LogicRect8isInsideEii,0x3c
0x38f3bc,_ZNSt6__ndk110__function6__funcIZ42Java_com_supercell_titan_Kakao_loginFailedE3$_3NS_9allocatorIS2_EEFvvEED2Ev,0x10
0x38f3cc,_ZNSt6__ndk110__function6__funcIZN11scTaskQueue3runIZN8TestCase28getAllSpritesVisibleMatchingI12CustomButtonZNS4_28getButtonsWithTextFieldValueE6StringbbS7_E4$_22EENS_6vectorIPT_NS_9allocatorISB_EEEET0_EUlvE_EENS_13invoke_resultISA_JEE4typeESA_EUlvE_NSC_ISK_EEFvvEE7destroyEv,0x4
0x38f3d0,_ZNKSt6__ndk110__function6__funcIZN11AndroidMain14inputOkPressedEvE4$_12NS_9allocatorIS3_EEFvvEE7__cloneEv,0x24
0x38f3f4,_ZN5lzham12symbol_codec20start_arith_decodingEv,0x378
0x38f76c,_stbi_hdr_to_ldr_gamma,0x14
0x38f780,_ZN9LogicData17createReferences2Ev,0x4
0x38f784,_ZNSt6__ndk110__function6__funcIZN11scTaskQueue3runIZN11AndroidMain14destroySurfaceEvE3$_3EENS_13invoke_resultIT_JEE4typeES7_EUlvE_NS_9allocatorISA_EEFvvEE7destroyEv,0x4
0x38f788,_ZN19SuggestBrawlerPopup13buttonClickedEP12CustomButton,0xdc
0x38f864,_ZNK10HTTPClient13getStatusCodeEv,0xc
0x38f870,_ZNK12LogicTileMap20getOriginalWallCountEv,0x98
0x38f908,_ZN32LogicDeviceLinkConfirmYesMessage18getServiceNodeTypeEv,0x8
0x38f910,_ZN9LogicMath14getDaysInMonthEib,0x24
0x38f934,_ZN13CcTeaserPopupD2Ev,0x50
0x38f984,_ZN21CreateAllianceMessage6decodeEv,0x94
0x38fa18,_ZN18ServerErrorMessage6encodeEv,0x28
0x38fa40,_Z24intersectRay3fTriangle3fRK7Vector3IfES2_S2_S2_S2_Rf,0x148
0x38fb88,_ZNK9Animation19getEndFramePositionEv,0x1c
0x38fba4,_ZN15LaserBoxManager10setGameJWTERK6String,0x44
0x38fbe8,_ZN17LogicTileMetadataC2EP15LogicJSONObject,0xf8
0x38fce0,_ZN6icu_5817CharacterIterator12firstPostIncEv,0x3c
0x38fd1c,_ZN16NameChangeScreen8sendCodeEv,0x4
0x38fd20,_ZN12_GLOBAL__N_17decryptEPvPKvmRK5scKey,0x3b8
0x3900d8,_ZNSt6__ndk110__function6__funcIZN8TestCase6dragToER5TouchfE4$_17NS_9allocatorIS5_EEFvvEE7destroyEv,0x4
0x3900dc,_ZN15TeamInviteEntry6encodeEP10ByteStream,0x80
0x39015c,_ZN29AvatarNameChangeFailedMessage18getServiceNodeTypeEv,0x8
0x390164,_ZN11SCIDWebView20webviewDidFinishLoadERK6String,0x74
0x3901d8,_ubidi_setClassCallback_58,0x44
0x39021c,_ZNK13LogicSkinData11getConfDataEv,0x8
0x390224,_ZN13FriendsScreen23setFriendIdInputClearedEb,0x3c
0x390260,_ZN37LogicDeviceLinkCodeDeactivatedMessage6decodeEv,0x4
0x390264,_ZN13LogicGemOffer8setEmoteEPK14LogicEmoteData,0x38
0x39029c,_ZNK4Rect6getMaxEi,0x18
0x3902b4,_ZN7OfflineD2Ev,0x4
0x3902b8,_ZN30TriggerStartLatencyTestMessageC2Ebii,0x50
0x390308,_ZNSt6__ndk110__function6__funcIZN11AndroidMain14destroySurfaceEvE3$_3NS_9allocatorIS3_EEFvvEED0Ev,0x4
0x39030c,_ZN37LogicDeviceLinkNewDeviceLinkedMessage6decodeEv,0x70
0x39037c,_ZN12FriendsPopup23getRedNotificationCountEv,0x8
0x390384,_uprv_compareInvEbcdic_58,0x108
0x39048c,_ZN20LogicCharacterServer9popTargetEv,0xa4
0x390530,_ZNKSt6__ndk110__function6__funcIZN7GLImage6createEPKhi9ImageWrap11ImageFilterE3$_3NS_9allocatorIS7_EEFvvEE6targetERKSt9type_info,0x1c
0x39054c,_ZN15AllianceManager10closePopupEv,0x38
0x390584,_ZNK14LogicSkillData13getProjectileEv,0x8
0x39058c,_ZN12LogicCommand12loadFromJSONEP15LogicJSONObject,0x178
0x390704,_ZN16ServerConnection20saveSCIDGuestAccountENS_10ServerTypeERK6Stringii,0x168
0x39086c,_ZN14ChatStreamBase15getStreamByTypeEi,0x20
0x39088c,_nti_finish_run,0x2cc
0x390b58,_ZNKSt6__ndk110__function6__funcIZN11scTaskQueue3runIZN7GLImage16createWithFormatEiiiiPKv9ImageWrap11ImageFilterRbE3$_8EENS_13invoke_resultIT_JEE4typeESC_EUlvE_NS_9allocatorISF_EEFvvEE11target_typeEv,0xc
0x390b64,_ZN21LogicBattleModeServer12setPlayerMapEP20LogicBattlePlayerMap,0x70
0x390bd4,_ZNK33LogicInviteBlockingChangedCommand14getCommandTypeEv,0x8
0x390bdc,_lv1_detect_frida_library__ZL26frida_library_guard_threadPv,0x438
0x391014,_ZNKSt6__ndk110__function6__funcIZN11scTaskQueue3runIZN11AndroidMain11releaseGameEvE3$_5EENS_13invoke_resultIT_JEE4typeES7_EUlvE_NS_9allocatorISA_EEFvvEE7__cloneEv,0x38
0x39104c,_ZN10ScrollArea13touchReleasedERK5Touch,0x40
0x39108c,_ZNK10Projectile9getShadowEv,0x8
0x391094,_ZN11DynamicMeshD2Ev,0xd0
0x391164,_ZN15LogicClientHome21getPendingRewardIndexEiii,0x60
0x3911c4,_ZNSt6__ndk110__function6__funcIZN7GLImage6createEPKc9ImageWrap11ImageFilterE3$_0NS_9allocatorIS7_EEFvvEEclEv,0x8
0x3911cc,_ZN8Settings16getShootPositionEv,0xc
0x3911d8,_ZN6icu_5817StringEnumeration5snextER10UErrorCode,0xe4
0x3912bc,_ZN14LogicMapLoaderC2EP11LogicRandomRK6String,0x54
0x391310,_ZN18ClientHelloMessage14setContentHashERK6String,0x8
0x391318,_ZNK14LogicSkillData12getButtonSWFEv,0x10
0x391328,_ZNK8Sprite3D11getUniformsEi,0x10
0x391338,_ZN9CombatHUD24updateOffscreenIndicatorEfiP23LogicCharacterClientOwnP9MovieClip,0x44c
0x391784,_ZNK14LogicSkillData25hasMovementBasedAutoshootEv,0x10
0x391794,_ZN8Databind16JSONOutReflector7addBoolEb,0x5c
0x3917f0,_ZN17HeroSwipeSelector14roundToNearestEfi,0x30
0x391820,_ZN16ServerConnection26removeSocialNetworkUserIdsEv,0xb4
0x3918d4,_ZN8SkinItem7refreshEPK13LogicSkinData,0x180
0x391a54,_ZN15LogicBuffServerC2Eiiiiiii,0x24
0x391a78,_ZN15LogicDataTables17getShopItemByTypeEi,0x90
0x391b08,_ZN12scZstdReaderD0Ev,0xd0
0x391bd8,_ZN19AcceptFriendMessageC2Ev,0x30
0x391c08,_ZN13BandMailPopup6updateEf,0x50
0x391c58,_ZNK11SCIDManager13getGameSeasonEv,0xc
0x391c64,_uhash_close_58,0xe4
0x391d48,_ZNSt6__ndk110__function6__funcIZN19SupercellIdCallback28donationReceivedNotificationEP8_jobjectS4_E4$_25NS_9allocatorIS5_EEFvvEE18destroy_deallocateEv,0x4c
0x391d94,_ZN13MapEditorModeC2Ev,0x20
0x391db4,_ZN15LogicDataTables27getDefaultEmoteForCharacterEiPK18LogicCharacterDatab,0x1ac
0x391f60,_ZN21LogicBattleModeClient6updateEff,0xf04
0x392e64,_ZN17LogicSkinConfData19setGadgetRecoilAnimERK6String,0x14
0x392e78,_ZNK24LogicBillingPackagesData5isREDEv,0x8
0x392e80,_ZN6scFileC2ERK14scMemoryHandle,0xf4
0x392f74,_ZN14BrawlPassPopupD0Ev,0x24
0x392f98,_ZN22ClientContentValidator20validateParsingLogicEv,0x894
0x39382c,_ZN30SCIDAccountAlreadyBoundMessageC2Ev,0x40
0x39386c,_ZNSt6__ndk110__function6__funcIZN19SupercellIdCallback24setPendingLoginWithEmailEP8_jobjectRK6StringbE3$_7NS_9allocatorIS8_EEFvvEED2Ev,0x10
0x39387c,_ZN35AllianceInvitationSendFailedMessage6encodeEv,0x28
0x3938a4,_ZN10HomeScreen18onSCIDWindowClosedEv,0x70
0x393914,_ZN19SelectLocationPopup20isFutureEventEnabledEP9EventDatabbbbb,0x148
0x393a5c,_ZN17LogicLocationDataC2EP6CSVRowP14LogicDataTable,0x30
0x393a8c,_utext_nativeLength_58,0xc
0x393a98,_ZN5Scene17setMeshVisibilityEib,0x18
0x393ab0,_ZNK17LogicClientAvatar20getHeroLvlUpMaterialEv,0x9c
0x393b4c,_ZN18AskApiTokenMessageC2Ev,0x30
0x393b7c,_ZN10HomeScreen11refreshTeamEP9TeamEntry,0x8
0x393b84,_ZNSt6__ndk110__function6__funcIZN8TestCase28getAllSpritesVisibleMatchingI12CustomButtonZNS2_28getButtonsWithTextFieldValueE6StringbbS5_E4$_22EENS_6vectorIPT_NS_9allocatorIS9_EEEET0_EUlvE_NSA_ISE_EEFP6SpritevEE18destroy_deallocateEv,0x4
0x393b88,_ZN12jpeg_decoder12decode_startEv,0x50
0x393bd8,_ZN24TextInputVirtualKeyboard16selectionUpdatedEii,0x44
0x393c1c,_ZNK12BattleScreen12getCombatHUDEv,0x8
0x393c24,_ZN8NewsPage10refreshJWTEv,0x10
0x393c34,_ZN23LogicCharacterClientOwn20getWeaponSkillClientEP11LogicPlayer,0xc
0x393c40,_ZN21ChronosResourceHelperD2Ev,0x84
0x393cc4,_ZL14hb_ucdn_scriptP18hb_unicode_funcs_tjPv,0x24
0x393ce8,_ZN8GameMain21showMaintenanceDialogEiRK6Stringi,0x10c
0x393df4,_ZNK17LogicSkinConfData14getAttackSoundEv,0x8
0x393dfc,_ZN9PopupBase17addNaviBackButtonEv,0xa4
0x393ea0,_ZN5titan7android5media11MediaPlayer13setDataSourceERKNS_4java2io14FileDescriptorEll,0x13c
0x393fdc,_ZNK26ChangePlayerMapNameMessage14getMessageTypeEv,0x8
0x393fe4,_ZL37initial_reordering_consonant_syllablePK18hb_ot_shape_plan_tP9hb_face_tP11hb_buffer_tjj,0x1008
0x394fec,_ZN21LogicBattleModeServer24getGameModeFromVariationEi,0x5c
0x395048,_Java_com_supercell_titan_VirtualKeyboardHandler_inputOkPressed,0x3c
0x395084,_ZNKSt6__ndk110__function6__funcIZN11scTaskQueue3runIZN8TestCase13getStageWidthEvE4$_10EENS_13invoke_resultIT_JEE4typeES7_EUlvE_NS_9allocatorISA_EEFvvEE7__cloneEv,0x38
0x3950bc,_ZNSt6__ndk110__function6__funcIZN19EnvironmentRenderer6renderER9Matrix2x3R14ColorTransformifE3$_4NS_9allocatorIS7_EEFvvEE7destroyEv,0x4
0x3950c0,_ZN12UIStagePivotD0Ev,0x4
0x3950c4,_ZN13LogicSkinData25setAttackLocksAttackAngleEb,0xc
0x3950d0,_ZNKSt6__ndk110__function6__funcIZN11AndroidMain17backButtonPressedEvE3$_6NS_9allocatorIS3_EEFvvEE11target_typeEv,0xc
0x3950dc,_ZN5Stage26displayObjectCapturedTouchEiPK6Sprite,0x70
0x39514c,_ZN8CSVTable17setBooleanValueAtEbii,0x14
0x395160,_ZN24LogicPlayerThumbnailData8destructEv,0x24
0x395184,_ZN15LogicClientHome24setElderKickCooldownTimeEi,0x4
0x395188,_ZN15AllianceManager15setMemberStatusEP9LogicLongi,0xf0
0x395278,_ZN4asio6detail23reactive_socket_recv_opINS_17mutable_buffers_1ENS0_7read_opINS_19basic_stream_socketINS_2ip3tcpENS_15any_io_executorEEES2_PKNS_14mutable_bufferENS0_14transfer_all_tEZZN9Messaging15startSocketReadERKNSt6__ndk110shared_ptrIvEEENK3$_3clERKNSE_10error_codeEmEUlSM_mE_EES7_E3ptr5resetEv,0x104
0x39537c,_ZNKSt6__ndk110__function6__funcIZN11scTaskQueue3runIZN8TestCase6dragToER5TouchfE4$_16EENS_13invoke_resultIT_JEE4typeES9_EUlvE_NS_9allocatorISC_EEFvvEE6targetERKSt9type_info,0x1c
0x395398,_ZN13UITextHandlerD0Ev,0x58
0x3953f0,_ZN37JoinAllianceResponseAvatarStreamEntry15setSenderHomeIdEP9LogicLong,0x8
0x3953f8,_ZNK7CSVNode13getParentNodeEv,0x8
0x395400,_ZN13HTTPMessagingC2EPKc,0xdc
0x3954dc,_ZN9CSVColumn16getBoolValueListEv,0x8
0x3954e4,_ZN6icu_586Locale9getTaiwanEv,0x24
0x395508,_Z28lzham_enable_fail_exceptionsb,0x4
0x39550c,_ZN14BrawlPassPopup17isPremiumUnlockedEv,0x44
0x395550,_ZN12BattleScreen14shootUltiDebugEP23LogicCharacterClientOwn,0x3c
0x39558c,_ZN19LogicProjectileData38getIntValueForSkinFromParentProjectileEi,0x18
0x3955a4,_ZN19LogicMessageFactory8destructEv,0x4
0x3955a8,_ZN20LogicCharacterServer9spawnItemEPK13LogicItemDataiiiiiiiiPS_P21LogicBattleModeServeri,0x46c
0x395a14,_ZNK17LogicShopItemData23getChallengeRewardFrameEv,0x10
0x395a24,_ZNK21LogicBattleModeClient15getPlayerAvatarEv,0x8
0x395a2c,_ZN6icu_5822UCharCharacterIterator11nextPostIncEv,0x2c
0x395a58,_ZNK18LogicCarryableData11getBouncingEv,0x10
0x395a68,_ZNK24DataTableResourcesLoader22addResourcesToLoadListEP16ResourceListener,0xc8
0x395b30,_ZNK9LogicData14getParentTableEv,0x8
0x395b38,_ZN35AllianceInvitationSendFailedMessage18getServiceNodeTypeEv,0x8
0x395b40,_ZNK24LoginUsingSessionMessage20getAccountIdLowerIntEv,0x8
0x395b48,_ZN15sc3dWorldObject8unParentEb,0x108
0x395c50,_ZN15MovieClipHelper23allChildrenSetFrameTimeEP9MovieClipf,0x8c
0x395cdc,_ZN18DecoratedTextFieldC2EP9TextField,0x58
0x395d34,_ZN20LogicCharacterServer25handleTownCrushBossEnrageEii,0x4
0x395d38,_ZN21BoxRewardNotification6encodeEP15ChecksumEncoder,0x5c
0x395d94,_ZNK13LogicTileData26restoreAfterDynamicOverlapEv,0x10
0x395da4,_ZN5titan3com9supercell5titan11SupercellId17respondToDonationERK6Stringb,0xb4
0x395e58,_ZNK7CSVNode5cloneEv,0x33c
0x396194,_ZNK19LogicProjectileData11getFileNameEv,0x10
0x3961a4,_ZNK9LogicLong12getHigherIntEv,0x8
0x3961ac,_ZN19LogicRawInReflector29reflectNextReflectablePointerEPK16LogicReflectablei,0x88
0x396234,_ZNK17LogicClientAvatar12getHeroPowerEPK18LogicCharacterData,0x94
0x3962c8,_ZNK7Popover11isFadingOutEv,0x8
0x3962d0,_ZN16StartGameMessage18getServiceNodeTypeEv,0x8
0x3962d8,_ZN15LogicDataTables23getGoldSkinCampaignDataEv,0xc
0x3962e4,_ZNK19LogicProjectileData16getSteerStrengthEv,0x8
0x3962ec,_ZN12LogicTileMap15generateTileMapEP11LogicRandomiiiPK17LogicLocationDataPK13LogicBossDataiPK6String,0x184
0x396470,_ZN6icu_5816KhmerBreakEngineD0Ev,0x84
0x3964f4,_ARM_Convert,0xdc
0x3965d0,_ZN25RecentButtonTargetHandler3addEP12RecentButton,0x140
0x396710,_ZN14FriendsManager10getFriendsEv,0x88
0x396798,_ZN6icu_5819RBBIStateDescriptorC2EiP10UErrorCode,0x9c
0x396834,_ZN9EventData15setRankedSeasonEP17LogicRankedSeason,0x48
0x39687c,_ZN32LogicDeviceLinkMenuClosedMessage18getServiceNodeTypeEv,0x8
0x396884,_ZL16final_reorderingPK18hb_ot_shape_plan_tP9hb_font_tP11hb_buffer_t.15116,0x60
0x3968e4,_ZNSt6__ndk17__sort4IRZN26sc3dWorldCombiningRenderer6renderER11RenderQueuePKNS2_5ChunkEiP8MaterialNS2_12OverrideModeENS2_14DepthWriteModeEE3$_0PN11wendelstein21MovieClipRendererData11BucketRangeEEEjT0_SH_SH_SH_T_,0x178
0x396a5c,_ZNK14LogicSkillData17getChargePushBackEv,0x10
0x396a6c,_ZN14BrawlPassPopup12heroSelectedEbPK18LogicCharacterDatai,0x2c
0x396a98,_ZN7Popover11setPositionEff,0x5c
0x396af4,_ZNSt6__ndk17__sort4IRZN23CombiningCustomRenderer6renderER11RenderQueuePKNS2_5ChunkEiP8MaterialNS2_12OverrideModeENS2_14DepthWriteModeEE3$_0PN11wendelstein21MovieClipRendererData11BucketRangeEEEjT0_SH_SH_SH_T_,0x178
0x396c6c,_ZN16DropGUIContainer16addDiamondButtonEPKc,0xb8
0x396d24,_ZN23SendAllianceMailMessage10setMessageEP6String,0x8
0x396d2c,_ZN10GameObject8destructEv,0x4c
0x396d78,_ZN15LogicJSONParser12parseBooleanERK6StringPi,0x1a0
0x396f18,_ZN5lzham24lzham_lib_z_deflateResetEP14lzham_z_stream,0x68
0x396f80,_ZL15reference_tableP9hb_face_tjPv,0xa4
0x397024,_ZNK16LogicSkillServer13hasFullChargeEPK20LogicCharacterServer,0x5c
0x397080,_ZN20LogicCharacterServer16showDamageNumberEiiPS_,0x4f0
0x397570,_ZN13MapEditorModeD0Ev,0x24
0x397594,_ZN9BitStream23readPositiveIntMax65535Ev,0x3ac
0x397940,_ZN17LogicRewardConfigC2Ev,0x14
0x397954,_ZN33AllianceStreamEntryRemovedMessage6decodeEv,0x2c
0x397980,_ZN19LogicRawInReflector13reflectStringERK6StringPKcS2_,0x70
0x3979f0,_ZN15RankRewardPopup17backButtonPressedEv,0x14
0x397a04,_ZN29LogicPlayerMapEnvironmentData42findFirstLocationThemeForGameModeVariationEi,0xe4
0x397ae8,_ZN11FriendEntry6decodeEP10ByteStream,0x238
0x397d20,_ZN13LogicHintData12resetStaticsEPK8CSVTable,0x208
0x397f28,_ZNK16LogicSkillServer7getDataEv,0x8
0x397f30,_ZN20LogicCharacterServer13revealForBotsEv,0x100
0x398030,_ZN21GlobalChatLineMessage18getServiceNodeTypeEv,0x8
0x398038,_ZN20LogicBattlePlayerMap8setStateEi,0x8
0x398040,_ZN10StreamItem6updateEf,0xdc
0x39811c,_ZNK22AllianceChatController17getStreamItemListEv,0x20
0x39813c,_hb_ot_shaper_font_data_create,0x8
0x398144,_ZN7UIPopupC2ERK6StringP9UIHandlerbbS0_S0_,0x1ac
0x3982f0,_ZN8HeroItem17updateReleaseTimeEv,0x13c
0x39842c,_ZNK10ByteStream18isCheckSumOnlyModeEv,0x8
0x398434,_ZN12AllianceInfo13buttonClickedEP12CustomButton,0x810
0x398c44,_ZN20UILocalizedTextParamC2ERK6StringP18UIIntValueProvider,0x50
0x398c94,_ZN18OwnHomeDataMessage6decodeEv,0x80
0x398d14,_ZN5lzham12symbol_codec8put_bitsEjj,0xe8
0x398dfc,_ZNK12GemOfferItem19hasMaskedHeroSpriteEv,0x2c
0x398e28,_ZN25progressive_block_decoder21decode_block_ac_firstEP12jpeg_decoderiii,0x1e0
0x399008,_ZN21AllianceStreamMessage8destructEv,0xa8
0x3990b0,_ZN8HomePage18getResourceHUDItemEi,0x58
0x399108,_ZNSt6__ndk110__function6__funcIZ53Java_com_supercell_titan_GoogleServiceClient_onSignInP7_JNIEnvP7_jclassE3$_0NS_9allocatorIS6_EEFvvEE18destroy_deallocateEv,0x4
0x39910c,_ZN14BrawlPassPopup13buttonClickedEP12CustomButton,0x4ac
0x3995b8,_ZN24LoginUsingSessionMessage25removeFacebookAccessTokenEv,0x10
0x3995c8,_uhash_openSize_58,0x150
0x399718,_ZN7SCWFile11getMaterialERK6String,0xc0
0x3997d8,_ZN9xMatrix4412createObjectERK7Vector3IfES3_S3_,0x178
0x399950,_ubidi_getLevels_58,0x114
0x399a64,_ZN18PurchaseOfferPopupC2EiiP25PurchaseOfferPopupHandler,0x908
0x39a36c,_ZN8HomePage20setNotificationCountEP9MovieClipii,0x8c
0x39a3f8,_ZN27JoinableAllianceListMessage18getServiceNodeTypeEv,0x8
0x39a400,_ZN22CreateAccountOkMessage13setSessionKeyEP6String,0x8
0x39a408,_ZN12scZstdFilter5writeEPKvm,0x54
0x39a45c,_ZN5lzham25lzham_lib_compress_memoryEPK21lzham_compress_paramsPhPmPKhmPj,0x2ac
0x39a708,_ZN7Popover19getTextFieldHeightsEP6Spritef,0x11c
0x39a824,_ZN26CreateAccountFailedMessageC2Ei,0x30
0x39a854,_ZN15sc3dWorldObjectC2EP9sc3dWorld,0xdc
0x39a930,_hb_unicode_funcs_get_parent,0x18
0x39a948,_ZN31CafeBazaarBillingRequestMessage15setCurrencyCodeERK6String,0x8
0x39a950,_ZN8Databind24NlohmannJsonOutReflector11reflectLongExRK6Stringx,0xbc
0x39aa0c,_ZNK17LogicSkinConfData19getPrimarySkillAnimEv,0x10
0x39aa1c,_ZN15EmojiStreamItem6updateEf,0x4
0x39aa20,_uiter_getState_58,0x18
0x39aa38,_ZN8DataIconC2EPK9LogicData,0x60
0x39aa98,_ZN8GameMain16setAgeGateStatusEi,0x18
0x39aab0,_ZNK13LogicTileData9hidesHeroEv,0x10
0x39aac0,_ZN13LogicGemOffer7setSkinEPK13LogicSkinData,0x64
0x39ab24,_ZNK15ApiTokenMessage14getMessageTypeEv,0x8
0x39ab2c,_ZNK37LogicPurchaseHeroLvlUpMaterialCommand6encodeEP15ChecksumEncoder,0x34
0x39ab60,_ZN25TuneBrawlTvChannelMessageC2Eii,0x44
0x39aba4,_ZN13LogicSkinData21setHeroScreenIdleAnimERK6String,0x8
0x39abac,_ZNK12SupercellSWF13hasExportNameERK6String,0xa0
0x39ac4c,_ZNK9QuestData14isChronosQuestEv,0x10
0x39ac5c,_ubidi_setReorderingMode_58,0x20
0x39ac7c,_ZN27JoinableAllianceListMessage6encodeEv,0x88
0x39ad04,_Z29decompressBlockETC21BitAlphaCjjPhS_iiiii,0x46c
0x39b170,_ZN6icu_5818UStringEnumeration16fromUEnumerationEP12UEnumerationR10UErrorCode,0x94
0x39b204,_ZN8HeroItemC2EP14IHeroItemOwneriiPK18LogicCharacterDataPK13LogicSkinDataiiiibP12ReleaseEntrybib,0xddc
0x39bfe0,_ZN17CharacterMaterial9getShaderEv,0x48
0x39c028,_ZNSt6__ndk110__function6__funcIZN6Shader4loadEPKcS4_PS4_iE3$_0NS_9allocatorIS6_EEFvvEED0Ev,0x4
0x39c02c,_ZN27ViewReplayByStringIdMessage8destructEv,0x2c
0x39c058,_ZNSt6__ndk110__function6__funcIZN11scTaskQueue3runIZN8TestCase6dragToER5TouchfE4$_16EENS_13invoke_resultIT_JEE4typeES9_EUlvE_NS_9allocatorISC_EEFvvEE18destroy_deallocateEv,0x4
0x39c05c,_ZThn96_N23NameChangeQuestionPopup13buttonClickedEP12CustomButton,0x8
0x39c064,_ZL14ustrenum_resetP12UEnumerationP10UErrorCode,0x10
0x39c074,_ZN12RenderTarget18attachDepthTextureEv,0xb8
0x39c12c,_ZNKSt6__ndk110__function6__funcIZN11AndroidMain11releaseGameEvE3$_5NS_9allocatorIS3_EEFvvEE6targetERKSt9type_info,0x1c
0x39c148,_ZNK22LogicDayChangedCommand6encodeEP15ChecksumEncoder,0x54
0x39c19c,_ZN15KakaoConnection12inviteFriendERK6StringS2_S2_S2_,0x14
0x39c1b0,_ZN8HeroList7refreshEv,0x30
0x39c1e0,_ZN5titan3com9supercell5titan19NativeDialogManager17ShowPostURLDialogERK6StringS6_S6_,0xcc
0x39c2ac,_ZN29RankedMatchPickStartedMessage13setNextPlayerEiiRK9LogicLong,0x10
0x39c2bc,_ZNK17LogicSkinConfData15getPushbackAnimEv,0x10
0x39c2cc,_ZN33GetCurrentBattleReplayDataMessage6decodeEv,0x4
0x39c2d0,_ZN9MovieClip13removeChildAtEi,0x5c
0x39c32c,_ZN11SCIDManager17respondToDonationERK6Stringb,0xbc
0x39c3e8,_ures_swap_58,0x478
0x39c860,_ZN13scResourceMap4LockC2EPS_,0x18
0x39c878,_ZNK15LogicEffectData8getLayerEi,0xc
0x39c884,_ZN15GameSCIDManager12accountBoundERK6String,0x20
0x39c8a4,_ZN29LogicPurchaseBrawlPassCommand10canExecuteEPK13LogicHomeModeib,0xf4
0x39c998,_ZN6icu_5810UCharsTrie17firstForCodePointEi,0x19c
0x39cb34,_ZNK3GUI16getLocationPopupEv,0x98
0x39cbcc,_lzham_z_inflateInit2,0x4
0x39cbd0,_ZN18DeliveryCardsPopup15playRaritySoundEiRK6Stringf,0xb8
0x39cc88,_ZN15AllianceManager13getSortedListEP14LogicArrayListIP17AllianceTeamEntryE,0x298
0x39cf20,_ZN22ClientContentValidator24validateRankedRanksTableEPK14LogicDataTable,0x248
0x39d168,_ZN11Application24openURLWithAssociatedAppERK6String,0x1d8
0x39d340,_ZNK16PlayerMapManager27isPlayerMapPublishAvailableEv,0x8c
0x39d3cc,_ZNKSt6__ndk110__function6__funcIZN11Application20getAdvertiserIDAsyncEvE3$_2NS_9allocatorIS3_EEFNS_4pairIb6StringEEvEE7__cloneEPNS0_6__baseIS9_EE,0x10
0x39d3dc,_ZN17LogicSkinConfData14setGadgetModelERK6String,0x14
0x39d3f0,_ZN24RankedLeaderboardsScreenD2Ev,0x78
0x39d468,_ZL14getOrientationRK9xMatrix44Pf,0x1b0
0x39d618,_ZN13DisplayObject6rotateEf,0x10
0x39d628,_ZN18DecoratedTextField18setupDecoratedTextEP9TextFieldRK6StringPK22LogicColorGradientData,0x58
0x39d680,_ZN15DraggableButton11dragStoppedEv,0x48
0x39d6c8,_ZN13AnalyticEvent7setJSONEP15LogicJSONObject,0x6c
0x39d734,_ZN25PepperPerMessageEncrypter7encryptEPKcPci,0x12c
0x39d860,_ZNK10GameScreen9getBattleEv,0x8
0x39d868,_ZN30TriggerStartLatencyTestMessageC2Ei,0x38
0x39d8a0,_ZN12GUIContainer16createScrollAreaEPKci,0x8
0x39d8a8,_stbi_info_from_callbacks,0xb4
0x39d95c,_ZN22CreateAccountOkMessage18getServiceNodeTypeEv,0x8
0x39d964,_ZN17ChatOptionsSlider25toggleOptionItemsCategoryEv,0x68
0x39d9cc,_ZN12TitanWebView23addSwipeRightRecognizerEv,0xc
0x39d9d8,_ZNK10HomeScreen12removeEffectEi,0x38
0x39da10,_ZN6icu_5813BreakIterator23createCharacterInstanceERKNS_6LocaleER10UErrorCode,0x50
0x39da60,_ZN11UIListEntryD0Ev,0x58
0x39dab8,_ZNSt6__ndk110__function6__funcIZN19EnvironmentRenderer6renderER9Matrix2x3R14ColorTransformifE3$_0NS_9allocatorIS7_EEFvvEE7destroyEv,0x4
0x39dabc,_ZNK13DisplayObject13localToGlobalEffPfS0_b,0x64
0x39db20,_ZN25LogicClaimAdRewardCommand10canExecuteEPK13LogicHomeModeii,0xb4
0x39dbd4,_ZN5titan3com6google7android4play4core6review20ReviewManagerFactory6createERKNS_7android7content7ContextE,0x120
0x39dcf4,_ZN5tween4Quad6easeInEffff,0x10
0x39dd04,_ZNK14BattleTutorial15isOkSpotForUltiEiiiii,0x23c
0x39df40,_ZN8Selfhelp21prePopulateParametersEP15LogicJSONObject,0x16c
0x39e0ac,_ZN17ShopSkinTeaseItemD2Ev,0x110
0x39e1bc,_ZN21LogicBattleModeServer17setRaidDifficultyEi,0x8
0x39e1c4,_ZL21compare_myanmar_orderPK15hb_glyph_info_tS1_,0x18
0x39e1dc,_ZNK11Character3D14calculateScaleEv,0x80
0x39e25c,_ZN16SelectableButton15updateMovieClipEv,0x30
0x39e28c,_ZNK12BattleScreen24getSpecialSkillIndicatorERP6SpriteR7Vector3IfE,0x20
0x39e2ac,_ZN30LogicSetPlayerThumbnailCommand8destructEv,0x24
0x39e2d0,_ucln_lib_cleanup_58,0xf0
0x39e3c0,_ZN28PlayerMapGreenlightedMessage8setMapIdERK9LogicLong,0xc
0x39e3cc,_ZN11DragHandlerD0Ev,0x4
0x39e3d0,_ZNSt6__ndk110__function6__funcIZN19SupercellIdCallback11loadAccountEP8_jobjectRK6StringS7_S7_bE3$_2NS_9allocatorIS8_EEFvvEED0Ev,0x40
0x39e410,_ZN11Highlighter5startEff,0xc
0x39e41c,_ZN15LogicDataTables16getWaterTileDataEv,0xc
0x39e428,_ZN11SCIDManager18setDeeplinkPayloadERK6String,0x38
0x39e460,_ZN15DeeplinkManager11modifyToUrlERK6String,0x350
0x39e7b0,_ZN21LogicBattleModeClient17setEventModifiersEPK17LogicIntArrayList,0x1cc
0x39e97c,_ZN31KakaoAccountAlreadyBoundMessage12setAccountIdEP9LogicLong,0x8
0x39e984,_ubrk_swap_58,0x498
0x39ee1c,_ZNK18DeliveryCardsPopup14canHaveBonusesEv,0x38
0x39ee54,_ZN22TeamPremadeChatMessage14setMessageDataEPK16LogicMessageData,0x8
0x39ee5c,_ZN20LogicCharacterClient9preDecodeEP11LogicPlayer,0x30
0x39ee8c,_ZThn192_NK15ProLeagueScreen28getRankingEntryScoreOverrideEv,0x48
0x39eed4,_ZN15AllianceManager33receiveExternalInviteRequestTokenEP6String,0x68
0x39ef3c,_ZN10LogicGoals22getGoalByTotalProgressEiii,0xb0
0x39efec,_ZN8Animator16updateAnimationsEf,0x1e8
0x39f1d4,_ZN20LogicCharacterClient16setStartRotationEv,0x24
0x39f1f8,_ZN13SceneRenderer19addMovieClipTextureEP16MovieClipTexture,0xd8
0x39f2d0,_ZN13PlayAnimation13setStartFrameEi,0x8
0x39f2d8,_ZN8Databind23AbstractDatabindReflect18reflectFieldObjectEPvPKcPK14DatabindObjectRNS_9ReflectorEP16ResourceListener,0xac
0x39f384,_ZNK11DragHandler24isTouchUsedForPanOrPinchEi,0x94
0x39f418,_ZN19EnvironmentRenderer19addGameObjectSpriteEP16GameObjectSpriteib,0x15c
0x39f574,_ZN16BandNotification8destructEv,0x4c
0x39f5c0,_ZN8Databind16JSONOutReflectorC2EP13LogicJSONNodeb,0x98
0x39f658,_ZN15LogicStringUtil13getByteLengthERK6String,0x4
0x39f65c,_ZN9BitStream20writePositiveIntMax1Ei,0x8
0x39f664,_ZN11RewardPopup18customButtonTappedEP10GameButtoni,0x50
0x39f6b4,_ZN15PepperEncrypter7decryptEPKcPci,0x88
0x39f73c,_ZN24LatencyTestResultMessage6encodeEv,0x8c
0x39f7c8,_ZNK29JoinAllianceUsingTokenMessage8getTokenEv,0x8
0x39f7d0,_ZN21LogicGameObjectServer8destructEv,0x5c
0x39f82c,_ZN36GamecenterAccountAlreadyBoundMessageC2Ev,0x40
0x39f86c,_ZNK18LogicCharacterData8getScaleEv,0x8
0x39f874,_ZNK12scZstdReader19getUncompressedSizeEv,0x28
0x39f89c,_ZN23BindKakaoAccountMessage8destructEv,0x68
0x39f904,_ZN19LogicRawInReflector29reflectReflectablePointerBaseEPK16LogicReflectablePKci,0x88
0x39f98c,_ZNSt6__ndk110__function6__funcIZN19SupercellIdCallback14connectedGamesEP8_jobjectP13_jobjectArrayE4$_16NS_9allocatorIS7_EEFvvEEclEv,0x88
0x39fa14,_ZN5titan7android7content6Intent14getStringExtraERK6String,0xb4
0x39fac8,_ZN30FriendOnlineStatusEntryMessageC2Ev,0x34
0x39fafc,_ZN11RenderQueue16renderChunkRangeERKNSt6__ndk16vectorINS_5ChunkENS0_9allocatorIS2_EEEEiiP8MaterialNS_12OverrideModeENS_14DepthWriteModeE,0xe8
0x39fbe4,_ZN4Shop27createSkinSectionIfNotEmptyERK6StringS2_RK14LogicArrayListIP16LogicOfferBundleERKS3_IPK13LogicSkinDataE,0x1d0
0x39fdb4,_ZN34ChangePlayerMapNameResponseMessage18getServiceNodeTypeEv,0x8
0x39fdbc,_ZN12BattleScreen11updateSkillEP21LogicGameObjectClientfPK12LogicTileMapb,0xc60
0x3a0a1c,_ZNK17LogicGameCalendar8getMonthEv,0x8
0x3a0a24,_ZNK9Character18getRenderAngleMoveEv,0xc
0x3a0a30,_ZN9EmoteIconC2EPK14LogicEmoteData,0x6c
0x3a0a9c,_ZN12GenericPopup16onHudCloseButtonEv,0x34
0x3a0ad0,_ZN13EffectManager15addEffectScreenEPK15LogicEffectDataffbbPK14GameObjectBasebi,0xb0
0x3a0b80,_ZN11Character3D9loadAnimsEv,0x638
0x3a11b8,_ZN8StatItemD2Ev,0x18
0x3a11d0,_ZNKSt6__ndk110__function6__funcIZN29scMultithreadedLoadingManager6submitEP14scResourceDataRK18scResourceLoadInfoE3$_0NS_9allocatorIS8_EEFvvEE11target_typeEv,0xc
0x3a11dc,_ZN8SnowfallD2Ev,0x1a4
0x3a1380,_ZNK18LogicCharacterData9isLootBoxEv,0x10
0x3a1390,_ZN21LogicBattleModeServer16hasEventModifierEi,0x3c
0x3a13cc,_ZNK11LogicPlayer24getHealingDoneToBrawlersEv,0x3c
0x3a1408,_ZN9TweenClip8setValueEf,0x8c
0x3a1494,_ZN10GameButton13setIdleNoticeEb,0x58
0x3a14ec,_ZN24SetInvitesBlockedMessage8destructEv,0x24
0x3a1510,_ZN23FriendAvatarBaseMessageC2Ei,0x30
0x3a1540,_ZNK6icu_5815RBBISymbolTable10lookupNodeERKNS_13UnicodeStringE,0x20
0x3a1560,_ZN16OnlineFriendItem7refreshEv,0x250
0x3a17b0,_ZN29DeviceLinkSuccesfullNewScreen13buttonClickedEP12CustomButton,0x30
0x3a17e0,_ZN11SkinPreviewC2Ev,0x1810
0x3a2ff0,_ZN33TencentAccountAlreadyBoundMessageC2Ev,0x3c
0x3a302c,_ZN15VanityItemEntry7addPropEii,0x16c
0x3a3198,_ZN16GameObjectSprite13setGameObjectEP10GameObject,0xc
0x3a31a4,_ZN15TeamMemberEntry8destructEv,0x90
0x3a3234,_ZNK10NativeFont7getNameEv,0x18
0x3a324c,_ZN13DisplayObject5setXYEff,0x8
0x3a3254,_ZN33AllianceStreamEntryRemovedMessageC2Ev,0x34
0x3a3288,_ZN22BrawlerSuggestionPopup10selectHeroEv,0x1ac
0x3a3434,_ZL33hb_font_get_glyph_v_origin_parentP9hb_font_tPvjPiS2_S1_,0xa8
0x3a34dc,_ZN21GlobalChatLineMessageC2Ei,0x38
0x3a3514,_ZN19AllianceMemberEntry8destructEv,0x64
0x3a3578,_ZN11SCIDManager14setEnvironmentERK6String,0x5b0
0x3a3b28,_ZN12LoginMessage12setAndroidIDERK6String,0x8
0x3a3b30,_ZN24AcceptTokenFriendMessageC2Ei,0x30
0x3a3b60,_ZN23BindKakaoAccountMessage25removeAuthenticationTokenEv,0x10
0x3a3b70,_ZN17MapEditorTileItem11setSelectedEb,0xc
0x3a3b7c,_ZNK10BattleMode15getLoadingTitleEv,0x10
0x3a3b8c,_ZL11cacheJClassP7_JNIEnvPKc,0x3c8
0x3a3f54,_ZN13TextureSpriteD0Ev,0x44
0x3a3f98,_ZN11wendelstein18WendelsteinManagerD0Ev,0x68
0x3a4000,_ZNSt6__ndk110__function6__funcIZN11AndroidMain9_gameStopEvE4$_17NS_9allocatorIS3_EEFvvEED0Ev,0x4
0x3a4004,_ZNSt6__ndk110__function6__funcIZN19SupercellIdCallback27completeClaimShopItemResultEP8_jobjectRK6StringS7_E4$_23NS_9allocatorIS8_EEFvvEE18destroy_deallocateEv,0x30
0x3a4034,_ZNK16BattleEndMessage23isChampionshipChallengeEv,0x10
0x3a4044,_ZN5lzham12lzcompressor34get_total_recent_reset_update_rateEv,0x98
0x3a40dc,_ZN28RankedMatchHeroPickedMessageC2EP22LogicRankedMatchPlayer,0x38
0x3a4114,_inflate_table,0x614
0x3a4728,_ZN12SupercellSWF9cacheByteEhb,0x70
0x3a4798,_ZNK6icu_5817ResourceDataValue21isNoInheritanceMarkerEv,0xf8
0x3a4890,_ZN10HomeScreen16onDiamondsBoughtEi,0x138
0x3a49c8,_ZNK13LogicTileData18getBaseBulletHole1Ev,0x10
0x3a49d8,_ZN36LogicTeamChatMuteStateChangedCommand6decodeEP10ByteStream,0x40
0x3a4a18,_ZNK19LogicProjectileData24getMaxDistanceAddBouncesEv,0x8
0x3a4a20,_ZN17LogicLocalization8destructEv,0x3c
0x3a4a5c,_ZN6Effect6seekToEib,0x10c
0x3a4b68,_ZN13HeroListEntry11setSelectedEb,0x30
0x3a4b98,_ZNK7Billing26isWaitingForProductDetailsEv,0xc
0x3a4ba4,_ZN31AskForBattleReplayStreamMessageC2Ev,0x34
0x3a4bd8,_ZN9LogicMath15getAngleBetweenEii,0x4c
0x3a4c24,_ZNK10LogicGoals32getTrophiesToUnlockGoalEventSlotEi,0x9c
0x3a4cc0,_ZN12_GLOBAL__N_118threadStartWrapperEPv,0x28
0x3a4ce8,_ZN10TestRunner11setScenarioEi,0x5c
0x3a4d44,_ZN19CachedFontFormatter7isColorEv,0x18
0x3a4d5c,_ZN5Track16endSessionNoLockEv,0x4
0x3a4d60,_ZN9BitStream25writePositiveIntMax131071Ei,0x8
0x3a4d68,_ZNK18ResourceDataLoader29isMultithreadedLoadingAllowedEv,0x48
0x3a4db0,_ZNSt6__ndk16__sortIRZN13TimelineValue11fromBuilderERKNS1_7BuilderEE3$_0PNS2_3KeyEEEvT0_S9_T_,0xad0
0x3a5880,_ZNK14LogicMilestone17getDependsOnIndexEv,0x10
0x3a5890,_ZN22PurchaseBrawlPassPopup18customButtonTappedEP10GameButtoni,0x4b4
0x3a5d44,_ZNK12LocationItem16getAnalyticsNameEv,0xc
0x3a5d50,_ZN24EsportTournamentsWebView22webviewBecomingVisibleEv,0x4
0x3a5d54,_ZN5titan3com9supercell2id21IdShopClaimInProgress5getIdEv,0x7c
0x3a5dd0,_ZN28TeamRequestJoinCancelMessage6encodeEv,0x4
0x3a5dd4,_ZNK22ShapeDrawBitmapCommand14getVertexCountEv,0x8
0x3a5ddc,_ZNK17LogicShopItemData20getRankedRewardAssetEv,0x10
0x3a5dec,_ZN16ByteStreamHelper18writeDataReferenceEP15ChecksumEncoderPK9LogicData,0x78
0x3a5e64,_ZNK29LogicPurchaseBrawlPassCommand6encodeEP15ChecksumEncoder,0x48
0x3a5eac,_ZN8CSVPatch22isUnsignedNumberStringERK6String,0x50
0x3a5efc,_ZNSt6__ndk110__function6__funcIZN8TestCase14getStageHeightEvE3$_9NS_9allocatorIS3_EEFivEE18destroy_deallocateEv,0x4
0x3a5f00,_ZN9MovieClip30resetTimelinePositionRecursiveEv,0xa4
0x3a5fa4,_ZN26SetSupportedCreatorMessageC2Ev,0x44
0x3a5fe8,_ZN27BattleEndRankedRoundsScreen21getProgressFrameIndexEP9MovieClipf,0x40
0x3a6028,_ZN5lzham11lzham_timer9get_ticksEv,0x60
0x3a6088,_ZN11LogicPlayer20potentialDamageDealtEi,0xc
0x3a6094,_ZN10ByteStream9readInt24Ev,0x40
0x3a60d4,_ZN18sc3dPanPinchCamera8removeIdEi,0x124
0x3a61f8,_ZN10StreamItemD2Ev,0xb4
0x3a62ac,_ZNKSt6__ndk110__function6__funcIZN11AndroidMain16inputTextChangedERK6StringE4$_10NS_9allocatorIS6_EEFvvEE11target_typeEv,0xc
0x3a62b8,_ZN15LogicLocaleDataC2EP6CSVRowP14LogicDataTable,0x84
0x3a633c,_ZN22ShapeDrawBitmapCommand5setUVEiff,0x34
0x3a6370,_ZL21defaultGetFoldedValueP8UNewTrieii,0x7c
0x3a63ec,_ZN21LogicJSONOutReflector9addStringERK6String,0x74
0x3a6460,_ZNK10GameObject13getBaseSpriteEv,0x2c
0x3a648c,_ZN12GenericPopup9addButtonERK6StringiP9MovieClip,0x1a4
0x3a6630,_ZN8TestCase11pressButtonEPK12CustomButton,0x4
0x3a6634,_ZNK6String7indexOfERKS_,0x1c
0x3a6650,_ZNK19LogicAreaEffectData26getExpandOnDistancePercentEv,0x8
0x3a6658,_ZNK13LogicHomeMode15getGameListenerEv,0x8
0x3a6660,_ZN20CreatePlayerMapPopup15handleOkPressedEv,0x8
0x3a6668,_ZN11hb_buffer_t18merge_out_clustersEjj,0x210
0x3a6878,_ZN15HomeStatusEntry6encodeEP10ByteStream,0x58
0x3a68d0,_ZNK15LogicItemServer11getItemDataEv,0x4
0x3a68d4,_ZN15LogicDataTables25getProjectileByInstanceIdEi,0x1c
0x3a68f0,_ZN9WaitUntilD2Ev,0x84
0x3a6974,_ZN8Settings17constructInstanceEv,0x20
0x3a6994,_ZN14TouchContainerC2EP5Stage,0x1c
0x3a69b0,_ZL6at_eofP4stbi,0x4c
0x3a69fc,_ZN22TeamPremadeChatMessageC2Ei,0x38
0x3a6a34,_ZN16SCWObjectFactory14createGeometryEP7SCWFile,0x9c
0x3a6ad0,_ZN13LogicHomeMode39getAutoCollectRewardsForBrawlPassSeasonEiP14LogicArrayListIP13LogicGemOfferE,0x4bc
0x3a6f8c,_ZN8ShopItem13setProcessingEP9MovieClipb,0x10
0x3a6f9c,_ZN12GemOfferItem20setupHeroIconProfileEv,0x184
0x3a7120,_ZN8HomePage26onBrawlPassProgressDonatedEii,0x8c
0x3a71ac,_ZN24LogicExpressionEvaluator10parseUnaryEv,0x330
0x3a74dc,_ZN9EventItemC2EP26ChampionshipChallengePopupP9EventDatai,0xfc
0x3a75d8,_ZN8DataIconC2EPK9LogicDataRK6String,0x6c
0x3a7644,_ZThn96_N17TencentTermsPopup13buttonClickedEP12CustomButton,0x8
0x3a764c,_ZN25TuneBrawlTvChannelMessage18getServiceNodeTypeEv,0x8
0x3a7654,_ZN10TeamStream14createInstanceEv,0x88
0x3a76dc,_ZN17RemoveFriendPopupD0Ev,0x4c
0x3a7728,_Z4idctPKsPhi,0xbcc
0x3a82f4,_ZN17AllianceFullEntry9getMemberEPK9LogicLong,0x70
0x3a8364,_ZNK13EnterAgePopup25showTopHUDRightUnderModalEv,0x8
0x3a836c,_ZN10BattleModeD0Ev,0x24
0x3a8390,_ZL23utf8IteratorHasPreviousP13UCharIterator,0x10
0x3a83a0,_ZN6icu_5813UnicodeStringC2EPtii,0xc0
0x3a8460,_ZN8CSVPatch17applyPatchToTableEP8CSVTableS1_,0x6c0
0x3a8b20,_ZN15sc3dWorldCameraD0Ev,0x4
0x3a8b24,_udict_swap_58,0x21c
0x3a8d40,_ZN19SupercellIdCallback31setPendingRegistrationWithPhoneEP8_jobjectRK6String,0x208
0x3a8f48,_ZN30LogicDeviceLinkResponseMessage15setVillageLevelEi,0x8
0x3a8f50,_ZN5titan3com9supercell5titan6kunlun13GameAppKunlun20kunlunGetIndulgeTimeEv,0x5c
0x3a8fac,_ZN18HomePageTeamMemberC2EP8HomePageP9MovieClipP15TeamMemberEntryi,0x260
0x3a920c,_ZN34PurchaseOfferHighlightPopupHandler13isSkinPreviewEv,0x40
0x3a924c,_ZNKSt6__ndk110__function6__funcIZN14MessageManager34sendLoginAttributionAnalyticsEventEvE3$_0NS_9allocatorIS3_EEFvvEE7__cloneEPNS0_6__baseIS6_EE,0x18
0x3a9264,_ZNK24LogicExpressionEvaluator4evalEv,0x6c
0x3a92d0,_ZN22ClientContentValidator22validateCSVStringValueERK6StringS2_S2_biPK6CSVRow,0x670
0x3a9940,_ZN26UnlockAccountFailedMessage18getServiceNodeTypeEv,0x8
0x3a9948,_ZN17FriendListMessage16setFriendEntriesEP14LogicArrayListIP11FriendEntryE,0x8
0x3a9950,_ZN25ClientCapabilitiesMessage6decodeEv,0x2c
0x3a997c,_ZN12CustomButton18sendAnalyticsEventEv,0x4
0x3a9980,_ZNK19LogicRankedRankData14getRankIconTIDEv,0x10
0x3a9990,_ZN11AboutScreenC2Ev,0x540
0x3a9ed0,_ZNK12BattleScreen17isEditingControlsEv,0x20
0x3a9ef0,_ZN15MapEditorScreen18updateTileGraphicsEf,0x3b4
0x3aa2a4,_ZN30FriendOnlineStatusEntryMessage6decodeEv,0x70
0x3aa314,_Z19glyphFilterCallbackiiiiiiPhiiii,0x450
0x3aa764,_ZN19AvatarStreamManager11timeElapsedEf,0x9c
0x3aa800,_ZN24ResourceReferenceManager12loadResourceERK6String,0xa0
0x3aa8a0,_ZN6icu_5815ThaiBreakEngineD0Ev,0x24
0x3aa8c4,_ZN12SCWFileInputC2ERK6String,0x34
0x3aa8f8,_ZN28RankedMatchBanStartedMessage6encodeEv,0x44
0x3aa93c,_ZNKSt6__ndk110__function6__funcIZN8TestCase28getAllSpritesVisibleMatchingI12CustomButtonZNS2_28getButtonsWithTextFieldValueE6StringbbS5_E4$_22EENS_6vectorIPT_NS_9allocatorIS9_EEEET0_EUlvE_NSA_ISE_EEFP6SpritevEE11target_typeEv,0xc
0x3aa948,_ZNK12LogicTileMap32getVisibilityRadiusSubtilesYDownEib,0xac
0x3aa9f4,_ZNSt6__ndk110__function6__funcIZN11scTaskQueue3runIZN8TestCase9touchDownEP13DisplayObjectE4$_14EENS_13invoke_resultIT_JEE4typeES9_EUlvE_NS_9allocatorISC_EEFvvEED0Ev,0x4
0x3aa9f8,_ZN9BitStream27writePositiveIntMax33554431Ei,0x8
0x3aaa00,_ZN13WVSCIDManagerD2Ev,0x5c
0x3aaa5c,_ZN6icu_587UVector15orphanElementAtEi,0x80
0x3aaadc,_ZN15LogicClientHome8destructEv,0x2e0
0x3aadbc,_ZN31LogicRankedSeasonChangedCommand7executeEP13LogicHomeModeib,0x5c
0x3aae18,_ZN15LogicLocaleData17getTestColumnNameEv,0x10
0x3aae28,_ZN8HomePageD0Ev,0x24
0x3aae4c,_ZN31DeviceLinkTargetSelectionScreen13buttonClickedEP12CustomButton,0xec
0x3aaf38,_ZNSt6__ndk110__function6__funcIZ43Java_com_supercell_titan_Kakao_logoutResultE3$_4NS_9allocatorIS2_EEFvvEEclEv,0x2c
0x3aaf64,_ZN17LogicGameCalendar4tickEi,0x30
0x3aaf94,_ZNK6Sprite13isTouchInsideEff,0xa4
0x3ab038,_ZN4Game25registerLifecycleListenerEP22TitanLifecycleListener,0x54
0x3ab08c,_ZN6StringaSEPKc,0x148
0x3ab1d4,_ZN15UIListContainer11removeEntryEP13DisplayObject,0x104
0x3ab2d8,_ZN23DynamicTextFieldWrapper7setTextERK6String,0x68
0x3ab340,_Java_com_supercell_titan_SupercellId_setPendingLoginWithPhone,0x50
0x3ab390,_ZNK9LogicLong11getLowerIntEv,0x8
0x3ab398,_ZN20LogicCharacterServer14aiAddSeenEnemyEPS_,0x294
0x3ab62c,_ZN25LogicPurchaseOfferCommand6decodeEP10ByteStream,0x44
0x3ab670,_ZN6icu_5813UnicodeString12fastCopyFromERKS0_,0x8
0x3ab678,_Java_com_supercell_titan_SupercellId_clearPendingRegistration,0x8
0x3ab680,_ZN30LineAccountAlreadyBoundMessageC2Ev,0x3c
0x3ab6bc,_ZN25TeamSetMemberReadyMessage8destructEv,0x28
0x3ab6e4,_ZNK14UdpLaserSocket17isValidConnectionEv,0x2c
0x3ab710,_ZNSt6__ndk110__function6__funcIZN8TestCase10touchStageER5TouchE3$_5NS_9allocatorIS5_EEFvvEED0Ev,0x4
0x3ab714,_ZN27LogicClaimTailRewardCommand15getExcessPointsEPK13LogicHomeModeiii,0x90
0x3ab7a4,_ZN12PepperCrypto9secretboxEPKvmPvmRKNS_9SecureKeyILm24EEERKNS3_ILm32EEEi,0xc4
0x3ab868,_ZNK15LogicJSONNumber11getIntValueEv,0x1c
0x3ab884,_ZN17TencentLoginState6updateEff,0x444
0x3abcc8,_ZNKSt6__ndk110__function6__funcIZN11scTaskQueue3runIZN8TestCase14getStageHeightEvE3$_9EENS_13invoke_resultIT_JEE4typeES7_EUlvE_NS_9allocatorISA_EEFvvEE6targetERKSt9type_info,0x1c
0x3abce4,_ZN8TestCase28getButtonsWithTextFieldValueE6StringbbS0_,0x498
0x3ac17c,_ZN6xTimer15getPassedTimeMsEyy,0x28
0x3ac1a4,_ZNKSt6__ndk110__function6__funcIZN11scTaskQueue3runIZN8TestCase6dragToER5TouchfE4$_17EENS_13invoke_resultIT_JEE4typeES9_EUlvE_NS_9allocatorISC_EEFvvEE6targetERKSt9type_info,0x1c
0x3ac1c0,_ZN15DraggableButtonD2Ev,0x40
0x3ac200,_ZL18renderWorldShadowsP9sc3dWorldR11RenderQueuePK13SceneUniforms,0x1d4
0x3ac3d4,_ZN13LogicSkinData26setPrimarySkillRecoilAnim2ERK6String,0x8
0x3ac3dc,_ZN19CachedFontFormatter12isBaseDirRTLEv,0x8
0x3ac3e4,_ZN14RankedGoalItem15getProgressTextEPK17LogicRewardConfigPK21LogicPlayerRewardData,0x128
0x3ac50c,_ZN19NotificationManagerD2Ev,0x28
0x3ac534,_ZNK18LogicGemBundleData17getBuildingLevelsEv,0x8
0x3ac53c,_ZN29LogicPurchaseBrawlPassCommand8destructEv,0x28
0x3ac564,_ZNK16LogicOfferBundle20getValuePercentForUIEv,0xc
0x3ac570,_ZN6icu_5822RuleBasedBreakIteratorC2EPNS_14RBBIDataHeaderER10UErrorCode,0xc0
0x3ac630,_ZN15LogicDataTables12getAllHeroesEPK13LogicHomeModeP14LogicArrayListIPK18LogicCharacterDataE,0x348
0x3ac978,_ZN20LogicRawOutReflector16reflectNextFloatEf,0x34
0x3ac9ac,_nti_load_system_font,0x8
0x3ac9b4,_ZNSt6__ndk110__function6__funcIZ59Java_com_supercell_titan_GoogleServiceClient_onSignInFailedP7_JNIEnvP7_jclassE3$_3NS_9allocatorIS6_EEFvvEEclEv,0x1c
0x3ac9d0,_ZNK6icu_5815Normalizer2Impl17hasDecompBoundaryEia,0x164
0x3acb34,_ZNSt6__ndk110__function6__funcIZN8TestCase23withFirstSpriteMatchingENS_8functionIFbP6SpriteEEENS3_IFvS5_EEEE4$_13NS_9allocatorISA_EEFS5_vEEclEv,0x18
0x3acb4c,_ZN14LogicDataTableC2EP8CSVTablei,0x164
0x3accb0,_ZN15TeamJoinMessage6encodeEv,0x50
0x3acd00,_ZN17SWFMovieClipCache7getListEPKc,0x1ec
0x3aceec,_ZN16MovieClipTextureD2Ev,0x114
0x3ad000,_ZN16LogicOfferBundleC2Ev,0xcc
0x3ad0cc,_ZNKSt6__ndk110__function6__funcIZN8TestCase20drawDebugPercentagesEvE4$_20NS_9allocatorIS3_EEFvvEE11target_typeEv,0xc
0x3ad0d8,_ZN14Transformation10nlerpBeginERKS_f,0x7c
0x3ad154,_ZN15DownloadManager19addOnDemandResourceERK6StringS2_S2_,0x1b4
0x3ad308,_ZNK31ChangeAllianceSettingsOkMessage14getMessageTypeEv,0x8
0x3ad310,_ZN13LogicJSONNodeC2Ev,0x10
0x3ad320,_ZN10Multitouch13clearConsumedEv,0x4
0x3ad324,_ZL28lang_compare_first_componentPKcS0_,0x7c
0x3ad3a0,_uhash_setKeyDeleter_58,0x10
0x3ad3b0,_ZNK12GUIContainer12getTextFieldEPKc,0x44
0x3ad3f4,_ZN11Application16getSystemVersionEv,0x54
0x3ad448,_ZN20LogicBattlePlayerMap33destructFriendlySignoffAccountIdsEv,0x98
0x3ad4e0,_ZN21LogicBattleModeServer26increaseTeamObjectiveScoreEiii,0x4
0x3ad4e4,_ZNK13LogicTileData18getCustomAngleStepEv,0x10
0x3ad4f4,_crc32_combine64,0x4
0x3ad4f8,_ZN16HelpshiftManager5startEv,0x134
0x3ad62c,_ZN5titan3com9supercell5titan12TitanWebView6reloadEv,0x7c
0x3ad6a8,_ZN17EventDetailsPopup20getEventModifierDescEii,0x78
0x3ad720,_ZN9StatTableC2Ev,0xa4
0x3ad7c4,_ZN6icu_58L19enumCIDRangeHandlerEPKviij,0x68
0x3ad82c,_ZN17GraphicProperties12chooseConfigERK13SurfaceConfigi,0x2f4
0x3adb20,_ZN18LoginFailedMessage6encodeEv,0x194
0x3adcb4,_ZN22BattleEndPreviewButtonC2E6StringP14LogicArrayListI6valuesE,0x6c
0x3add20,_ZNK14LoginOkMessage36isSupercellIdLogoutAllDevicesAllowedEv,0x8
0x3add28,_ZN15MapEditorScreenC2EP13MapEditorMode,0x284
0x3adfac,_ZNKSt6__ndk110__function6__funcIZN11scTaskQueue3runIZ62Java_com_supercell_titan_TitanWebView_shouldOverrideUrlLoadingE3$_0EENS_13invoke_resultIT_JEE4typeES6_EUlvE_NS_9allocatorIS9_EEFvvEE7__cloneEv,0x38
0x3adfe4,_ZN13SceneRenderer15startShadowDrawERiPi,0x84
0x3ae068,_ZN19SupercellIdCallback12setShopItemsEP8_jobjectP13_jobjectArrayS3_S3_,0x248
0x3ae2b0,_ZThn16_N10TeamStream13buttonClickedEP12CustomButton,0x8
0x3ae2b8,_ZN24EsportTournamentsWebViewC2EP9TextFieldP19IEsportWebviewOwner,0x1dc
0x3ae494,_ZN20CompletionRewardItemC2EP26ChampionshipChallengePopupP13LogicGemOffer,0x2ac
0x3ae740,_ZN12NSCIDManagerD0Ev,0x60
0x3ae7a0,_ZNSt6__ndk110__function6__funcIZN11scTaskQueue3runIZN7GLImage6createEPKhi9ImageWrap11ImageFilterE3$_4EENS_13invoke_resultIT_JEE4typeESB_EUlvE_NS_9allocatorISE_EEFvvEED0Ev,0x4
0x3ae7a4,_ZN19CachedFontFormatter16getModifierRangeEv,0x8
0x3ae7ac,_ZN14BillingManager20billingProductBoughtERK6StringS2_S2_S2_S2_b,0x11c
0x3ae8c8,_ZN11StageSpriteC2EP5Stages,0x38
0x3ae900,_ZNK17LogicSkinConfData19getHeroScreenEffectEv,0x10
0x3ae910,_ZN20GameSelectableButton19setEnabledWithPrintEbRK6String,0x58
0x3ae968,_ZN15LogicClientHome25createOfflineInboxContentEv,0x4
0x3ae96c,_ZN22EsportTournamentsPopupD2Ev,0x54
0x3ae9c0,_ZNK14TencentManager16isFeatureEnabledEv,0x8
0x3ae9c8,_ZNK9CSVColumn14getStringValueEi,0xc
0x3ae9d4,_ZN12NSCIDManagerD2Ev,0x58
0x3aea2c,_ZN30StarPointMigrationNotification6encodeEP15ChecksumEncoder,0x34
0x3aea60,_ZN10InputField29addEmojiToForbiddenCharactersEv,0xb0
0x3aeb10,_ZN25TencentCheckCanPayMessageC2Ev,0x34
0x3aeb44,_ZN7CSVNodeC2EP14LogicArrayListI10StringViewERK6String,0xe4
0x3aec28,_ZN27LogicDeviceLinkErrorMessage8destructEv,0x28
0x3aec50,_ZN10GameScreen4exitEv,0x74
0x3aecc4,_ZN12LocationInfo13determineTypeEPK17LogicLocationDataPK9EventDataPK14LogicPlayerMapPK20LogicBattlePlayerMap,0x60
0x3aed24,_ZN6SpriteD2Ev,0x60
0x3aed84,_ZNK18LogicCharacterData22getStopMovementAfterMSEv,0x8
0x3aed8c,_ZN6icu_5816RBBITableBuilder20calcChainedFollowPosEPNS_8RBBINodeE,0x264
0x3aeff0,_ZN8Databind12DatabindTree4saveEv,0x8
0x3aeff8,_ZN27ClaimRankRewardPopupHandler10createItemEi,0xc
0x3af004,_ZN14BrawlTvManager8switchOnEi,0x74
0x3af078,_ZNK18LogicAccessoryData16getShieldPercentEv,0x10
0x3af088,_ZN16ScreenProperties7getYDpiEv,0xc
0x3af094,_ZN10DoubleItem13buttonPressedEv,0xb0
0x3af144,_ZN16GameObjectSpriteD2Ev,0x70
0x3af1b4,_ZNKSt6__ndk110__function6__funcIZN19EnvironmentRenderer6renderER9Matrix2x3R14ColorTransformifE3$_0NS_9allocatorIS7_EEFvvEE6targetERKSt9type_info,0x1c
0x3af1d0,_ZL25utf16_caseContextIteratorPva,0x11c
0x3af2ec,_ZNSt6__ndk110__function6__funcIZN19SupercellIdCallback28donationReceivedNotificationEP8_jobjectS4_E4$_25NS_9allocatorIS5_EEFvvEED2Ev,0x50
0x3af33c,_ubidi_countParagraphs_58,0x30
0x3af36c,_ZN17LogicGamePlayUtil4lerpEiii,0x2c
0x3af398,_ZN23AllianceResponseMessage10isResponseEP14PiranhaMessagei,0x4c
0x3af3e4,_ZN17StatusChangeEntry6encodeEP10ByteStream,0x44
0x3af428,_ZNKSt6__ndk110__function6__funcIZN8TestCase20drawDebugPercentagesEvE4$_21NS_9allocatorIS3_EEFvvEE6targetERKSt9type_info,0x1c
0x3af444,_ZN13BattleLogItemC2EP14BattleLogPopupP21BattleLogEntryWrapper,0x1aa8
0x3b0eec,_ZL18getFoldedRBBIValueP8UNewTrieii,0xa4
0x3b0f90,_ZN8Databind24NlohmannJsonOutReflector8addFloatEf,0xb4
0x3b1044,_ZN15LogicClientHome6decodeEP10ByteStream,0x594
0x3b15d8,_ZN8GameMain18onVideoAdDismissedEv,0x5c
0x3b1634,_ZN18DailyEventsMessage6encodeEv,0x80
0x3b16b4,_ZN11ReferralURL28createGameRoomInviteDeeplinkERK6Stringb,0xd0
0x3b1784,_ZN21NewsPopupNotification6decodeEP10ByteStream,0x84
0x3b1808,_ZNK21LogicAreaEffectClient17getAreaEffectDataEv,0x4
0x3b180c,_ZThn8_N25SupportCreatorItemHandler13buttonClickedEP12CustomButton,0x8
0x3b1814,_ZN23HomeLogicStoppedMessage18getServiceNodeTypeEv,0x8
0x3b181c,_ZN26ChampionshipChallengePopup21getFutureEventMaxWinsEv,0x8c
0x3b18a8,_ZN11EmoteButton8playAnimEib,0x10
0x3b18b8,_ZNK20LogicCharacterServer16getXForAutoshootEv,0x4
0x3b18bc,_ZNKSt6__ndk110__function6__funcIZN7GLImage6createEPKhi9ImageWrap11ImageFilterE3$_2NS_9allocatorIS7_EEFvvEE7__cloneEPNS0_6__baseISA_EE,0x28
0x3b18e4,_ZN6icu_586UStack4popiEv,0x54
0x3b1938,_ZN23AttributionEventMessageC2Ei,0x138
0x3b1a70,_ZN9LogicTile11respawnTileEv,0x44
0x3b1ab4,_ZN16GameStateManager11getInstanceEv,0xc
0x3b1ac0,_ZNSt6__ndk114__thread_proxyINS_5tupleIJNS_10unique_ptrINS_15__thread_structENS_14default_deleteIS3_EEEEZN11scTaskQueue15createRunThreadEPKcE3$_1EEEEEPvSC_,0x7c
0x3b1b3c,_ZN13BattleLogItem21getPlayerEntryForRankEii,0x20
0x3b1b5c,_ZN16GameStateManager11setGameDataEP15LogicClientHomeP11LogicAvatarii,0x104
0x3b1c60,_ZN10SwipeEntryD2Ev,0x48
0x3b1ca8,_ZN23LogicSelectEmoteCommand7executeEP13LogicHomeModeib,0xa4
0x3b1d4c,_ZL17ures_openWithTypeP15UResourceBundlePKcS2_12UResOpenTypeP10UErrorCode,0x7d8
0x3b2524,_ZN25DeviceLinkMigrationScreen21resetButtonAnimationsEv,0x4
0x3b2528,_ZN8HomeMode5enterEv,0x1e8
0x3b2710,_ZN14BrawlTvManager20doStartBrawlTvReplayE6String,0xdc
0x3b27ec,_ZN3GUI18updateFloaterTextsEf,0x3f8
0x3b2be4,_ZNKSt6__ndk110__function6__funcIZN11scTaskQueue3runIZN7GLImage14updateSubImageEPKhiiiE3$_9EENS_13invoke_resultIT_JEE4typeES9_EUlvE_NS_9allocatorISC_EEFvvEE7__cloneEPNS0_6__baseISF_EE,0x18
0x3b2bfc,_ZN12scFilesystem11addPackfileERK6scFileRKNSt6__ndk110shared_ptrI17scAbstractFSLayerEE,0x394
0x3b2f90,_ZN17LogicRewardConfig8destructEv,0x58
0x3b2fe8,_Z43_hb_fallback_shaper_shape_plan_data_destroyP36hb_fallback_shaper_shape_plan_data_t,0x4
0x3b2fec,_ZN7Billing19setStoreCountryCodeE6String,0x8
0x3b2ff4,_ZN12AllianceEditD2Ev,0x4c
0x3b3040,_ZN8GoalList14getProgressTxtEP9MovieClip,0x58
0x3b3098,_ZN14BattleEndPopup24createQuestProgressTweenEP9MovieClipPK13QuestListItemiif,0x1b8
0x3b3250,_ZNK16LogicOfferBundle20containsSeasonalSkinEi,0x80
0x3b32d0,_ZNK12GUIContainer18getMovieClipByNameEPKc,0x44
0x3b3314,_ZNK10NativeFont10getTextureEv,0xc
0x3b3320,_ZNKSt6__ndk110__function6__funcIZN19SupercellIdCallback23respondToDonationResultEP8_jobjectRK6StringS7_E4$_24NS_9allocatorIS8_EEFvvEE7__cloneEPNS0_6__baseISB_EE,0x48
0x3b3368,_ZNK14LogicSkillData18shouldShowTimerBarEv,0x8
0x3b3370,_ZNKSt6__ndk110__function6__funcIZN8TestCase20drawDebugPercentagesEvE4$_21NS_9allocatorIS3_EEFvvEE11target_typeEv,0xc
0x3b337c,_ZN13AntiAddiction31handleClientAntiAddictionStatusEiii,0x84
0x3b3400,_ZN29LogicPlayerMapEnvironmentData8destructEv,0x70
0x3b3470,_ZN11wendelstein27WendelsteinMovieClipEmitter6renderERNS_21MovieClipRendererDataEiPK7Vector3IfE,0x1b8
0x3b3628,_ZThn96_N11GameWebView20webviewShouldOpenURLERK6String,0x8
0x3b3630,_ZN30FriendOnlineStatusEntryMessage8destructEv,0x4c
0x3b367c,_ZNK26AllianceKickOutStreamEntry13getAllianceIdEv,0x8
0x3b3684,_ZN23LogicCharacterClientOwn18getUltiSkillClientEP11LogicPlayer,0x38
0x3b36bc,_ZN17SWFMovieClipCache3getEPKcRb,0xa4
0x3b3760,_ZN17MapEditorTileItem5flashEv,0xc
0x3b376c,_ZNK18LogicClientGlobals16getBoolValueSafeERK6Stringb,0x34
0x3b37a0,_ZN21scMainThreadTaskQueue8runTasksEv,0x24
0x3b37c4,_ZN15HeroRewardPopup18customButtonTappedEP10GameButtoni,0x50
0x3b3814,_ZN15GameSCIDManager12windowOpenedEv,0x94
0x3b38a8,_ZN20GameSelfhelpListener20selfhelpTokenExpiredEv,0x48
0x3b38f0,_ZN22BindLineAccountMessage6encodeEv,0x44
0x3b3934,_ZN15LaserBoxManager12getURLDomainERK6String,0x134
0x3b3a68,_ZNK13LogicTileData22getMapEditorVisualModeEv,0x10
0x3b3a78,_ZNK6scFile10isWritableEv,0x10
0x3b3a88,_ZN5tween7Tweener8addTweenERNS_12TweenerParamE,0x68
0x3b3af0,_ZN18LoginFailedMessage36setCompressedResourceFingerprintDataEPci,0xc
0x3b3afc,_ZN6icu_5821RuleCharacterIterator11skipIgnoredEi,0x13c
0x3b3c38,_ZN14BattleLogPopup12refreshItemsEv,0x22c
0x3b3e64,_ZN15KakaoConnection14requestFriendsEv,0x14
0x3b3e78,_ZN17ChatOptionsSlider6toggleEbb,0x20c
0x3b4084,_ZN13TitanInStream4readEPcii,0x50
0x3b40d4,_uhash_removeElement_58,0x88
0x3b415c,_ZNKSt6__ndk110__function6__funcIZ43Java_com_supercell_titan_Kakao_logoutResultE3$_4NS_9allocatorIS2_EEFvvEE7__cloneEPNS0_6__baseIS5_EE,0x18
0x3b4174,_ZN9EntryInfo27canHandleNotificationOfTypeEi,0xc
0x3b4180,_ZN32LogicHeroWinQuestsChangedCommand7executeEP13LogicHomeModeib,0x80
0x3b4200,_ZN5tween7Tweener11setFunctionEs,0x14
0x3b4214,_ZN18TimedIntValueEntryC2EP10ByteStream,0x74
0x3b4288,_ZN10ScrollArea12touchPressedERK5Touch,0x40
0x3b42c8,_ZN15LogicDataTables20getInvisibleTileDataEv,0xc
0x3b42d4,_ZL17getCombiningClassRK11IntPropertyi9UProperty,0x1c
0x3b42f0,_ZN24LogicExpressionEvaluatorC2Ev,0x40
0x3b4330,_ZN14TencentManager9handleUrlEPKcS1_,0x68
0x3b4398,_ZN10BattleMode11pingUpdatedEf,0xa4
0x3b443c,_ZThn336_N25EventSuggestionStreamItem13buttonClickedEP12CustomButton,0x8
0x3b4444,_ZN19AvatarStreamMessage6decodeEv,0x1f8
0x3b463c,_T_CString_int64ToString_58,0xb8
0x3b46f4,_ZNK27YoozooBillingRequestMessage14getMessageTypeEv,0x8
0x3b46fc,_ZN6Assert10setHandlerEPFbPKcS1_S1_iE,0x78
0x3b4774,_u_strFromUTF8Lenient_58,0x4b0
0x3b4c24,_ZN12scWorkerPool14deleteInstanceEv,0x40
0x3b4c64,_ZN22CreateAccountOkMessage16removeSessionKeyEv,0x10
0x3b4c74,_ZN13WVSCIDManagerD0Ev,0x58
0x3b4ccc,_ZN26SetSupportedCreatorMessage18getServiceNodeTypeEv,0x8
0x3b4cd4,_ZN11AndroidMain9onDestroyEv,0x58
0x3b4d2c,_ZNK6scPath4joinERKNSt6__ndk112basic_stringIcNS0_11char_traitsIcEENS0_9allocatorIcEEEE,0x110
0x3b4e3c,_ZN17LogicBattleEmotes8setEmoteEPK14LogicEmoteDatai,0x14
0x3b4e50,_ZN17LogicPoisonServer13refreshPoisonEiiib,0x30
0x3b4e80,_ZNK6scPath9extensionEv,0x1f0
0x3b5070,_ZN15PlayAgainStatus6encodeEP10ByteStream,0xf0
0x3b5160,_ZN31ChangeAllianceSettingsOkMessage6decodeEv,0x3c
0x3b519c,_ZN31BillingCancelledByClientMessage6encodeEv,0x88
0x3b5224,_ZN22ConfirmChangeClanPopup20setAllianceFullEntryEP17AllianceFullEntry,0x22c
0x3b5450,_ZN16ProgressBarTween6updateEf,0x3d0
0x3b5820,_ZN4Shop17diamondsPurchasedEi,0xcc
0x3b58ec,_hb_buffer_add_latin1,0x1e8
0x3b5ad4,_ZN17TopResourceButton13buttonClickedEP12CustomButton,0x354
0x3b5e28,_ZN12AllianceInfo12memberTappedEP18AllianceMemberItem,0x124
0x3b5f4c,_Z20checkPointInTriangleRK7Vector2IfES2_S2_S2_,0xf8
0x3b6044,_ZN7PageGUI9setBoundsEiiii,0x80
0x3b60c4,_ZN12LogicELOMath18calculateNewRatingEbiii,0x60
0x3b6124,_ZThn96_N17AnimationInstance16removeReferencesEPK14GameObjectBasei,0x18
0x3b613c,_Java_com_supercell_titan_NativeFacebookManager_facebookFriends,0x34
0x3b6170,_ZN21CreateAllianceMessage25removeAllianceDescriptionEv,0x10
0x3b6180,_ZNK10PlayerInfo7canKickEv,0x7c
0x3b61fc,_ZN10FriendItem7refreshEv,0x248
0x3b6444,_ZNSt6__ndk110__function6__funcIZN19SupercellIdCallback7friendsEP8_jobjectP13_jobjectArrayE4$_13NS_9allocatorIS7_EEFvvEE7destroyEv,0x4
0x3b6448,_ZL38hb_unicode_decompose_compatibility_nilP18hb_unicode_funcs_tjPjPv,0x8
0x3b6450,_ZN8Databind16JSONOutReflector16reflectLongArrayER14LogicArrayListIxERK6String,0x104
0x3b6554,_ZNKSt6__ndk110__function6__funcIZN8TestCase10getDoTouchEP13DisplayObjectE3$_6NS_9allocatorIS5_EEFNS_6vectorIfNS6_IfEEEEvEE7__cloneEv,0x38
0x3b658c,_ZN24LoginUsingSessionMessageC2Ei,0x40
0x3b65cc,_ZN10ScrollArea14setPanningDampEf,0x14
0x3b65e0,_ZN12LocationItemD2Ev,0x1f8
0x3b67d8,_ZNK17LogicClientAvatar5getIdEv,0x8
0x3b67e0,_ZN14BattleTutorialC2Ev,0x268
0x3b6a48,_ZN14TweenClipInOut12goToTopStateEv,0x6c
0x3b6ab4,_ZNSt6__ndk110__function6__funcIZN19SupercellIdCallback31setPendingRegistrationWithPhoneEP8_jobjectRK6StringE4$_10NS_9allocatorIS8_EEFvvEED0Ev,0x30
0x3b6ae4,_ZN3GUIC2Ev,0x350
0x3b6e34,_ZN11SourceArrayD2Ev,0x48
0x3b6e7c,_ZN30SCIDAccountAlreadyBoundMessage12setAccountIdEP9LogicLong,0x8
0x3b6e84,_ZN10NativeFont17getFontCacheWidthEv,0x24
0x3b6ea8,_ZN43PurchaseSkinGroupOfferHighlightPopupHandler18popupButtonPressedEi,0x138
0x3b6fe0,_ZN14TencentManager21tencentShareSucceededEi,0x1ac
0x3b718c,_ZN5lzham12lzcompressor5state17update_match_histEj,0x18
0x3b71a4,_ZN28DeviceLinkCodeReceivedScreen13buttonClickedEP12CustomButton,0xb4
0x3b7258,_ZN9EntryInfo22isDisplaySeasonRewardsEPK18LogicCharacterData,0x38
0x3b7290,_ZN8GameMain30setForceUpdateServerConnectionEb,0x10
0x3b72a0,_ZN14AllianceStreamC2Ev,0x64
0x3b7304,_ZNKSt6__ndk110__function6__funcIZN11AndroidMain23startedFromNotificationERK6StringE3$_8NS_9allocatorIS6_EEFvvEE7__cloneEv,0x48
0x3b734c,_ZN27TeamJoinOrCreateRoomMessage6decodeEv,0xa4
0x3b73f0,_ZN9Messaging24sendPepperAuthenticationEP14PiranhaMessage,0xb8
0x3e4e78,_ZN16ByteStreamHelper15encodeLogicLongEP15ChecksumEncoderPK9LogicLong,0x54
0x3e4ecc,_ZNK22LogicLocationThemeData10getRoadSCWEv,0x10
0x3e4edc,_ZN5Modal13touchReleasedERK5Touch,0xec
0x3e4fc8,_ZN20CreateAccountMessage15removeTwitterIdEv,0x10
0x3e4fd8,_ZN30SCIDAccountAlreadyBoundMessage8setTokenEP6String,0x8
0x3e4fe0,_ZN9RankPopup8scrollToEff,0x7c
0x3e505c,_SPARC_Convert,0x16c
0x3e51c8,_ZN11GameWebView11resumeMusicEv,0x18
0x3e51e0,_ZNKSt6__ndk110__function6__funcIZN19SupercellIdCallback28donationReceivedNotificationEP8_jobjectS4_E4$_25NS_9allocatorIS5_EEFvvEE11target_typeEv,0xc
0x3e51ec,_ZN13NotifyLevelUp9isInstantEv,0x8
0x3e51f4,_ZNK14LogicEmoteData13getExportNameEv,0x10
0x3e5204,_ZN14LogicDailyData34getPastSeasonsWithUnclaimedRewardsEPK13LogicHomeModeP17LogicIntArrayList,0x228
0x3e542c,_ZN8HeroItem17setTargetPositionEv,0x50
0x3e547c,_ZN5Stage32getDebugVisibleObjectsUnderPointEPK6SpriteffR14LogicArrayListIPK13DisplayObjectE,0x4
0x3e5480,_ZN16RankedRewardItemD0Ev,0x40
0x3e54c0,_ZN20FriendSuggestionItemD2Ev,0x80
0x3e5540,_ZN17LogicCampaignData16createReferencesEv,0x4f4
0x3e5a34,_ZN21RankedRewardTrackItemD2Ev,0xe4
0x3e5b18,_ZN10HomeScreen11deckChangedEv,0x4
0x3e5b1c,_ZN12jpeg_decoder20calc_mcu_block_orderEv,0x210
0x3e5d2c,_ZNK9LogicData14getColumnIndexERK6String,0xd0
0x3e5dfc,_ZNSt6__ndk110__function6__funcIZN22scLZMADecompressFilter13setDownstreamEP10scFileImplE3$_0NS_9allocatorIS5_EEFvvEE18destroy_deallocateEv,0x4
0x3e5e00,_ZN19SelectLocationPopup13getPlayerDataEv,0x1c
0x3e5e1c,_ZN5Debug11drawEllipseEffffjf,0x4
0x3e5e20,_ZNK13AnalyticEvent9getNumberERK6String,0x24
0x3e5e44,_ZThn96_NK17AnimationInstance10isFinishedEv,0x8
0x3e5e4c,_ZNK12GUIContainer9findChildEPKcPP9MovieClip,0x14
0x3e5e60,_ZN9BitStream13readIntMax255Ev,0x21c
0x3e607c,_ZN12AllianceInfoC2EP9LogicLongi,0x874
0x3e68f0,_ZN3GUI14replaceElementENS_5LayerEP13DisplayObjectS2_,0x88
0x3e6978,_ZNK12CsvPatchData21collectReferredTIDsToEP14LogicArrayListI6StringE,0x1c4
0x3e6b3c,_ZNK12LocationInfo26getFullCommunityCreditTextEv,0xfc
0x3e6c38,_ZN25AskForAvatarStreamMessageC2Ev,0x30
0x3e6c68,_ZN11EmotesPopupD2Ev,0x4c
0x3e6cb4,_ZNK20LogicCharacterServer17getRapidFireRangeEv,0x8
0x3e6cbc,_ZN17BrawlBoxInfoPopup26hasRemainingGadgetsInGachaEv,0x114
0x3e6dd0,_ZN16SCWObjectFactory14createCamera3DEP7SCWFile,0x4c
0x3e6e1c,_ZN9sc3dWorld21updateRenderToTextureEv,0x8
0x3e6e24,_Z22_resolveStaticInternalP7_JNIEnvPKcS2_S2_,0x1d8
0x3e6ffc,_ZN20LogicRawOutReflector8destructEv,0x8
0x3e7004,_ZN12SoundManager6updateEf,0x59c
0x3e75a0,_ZN13UnityAdsTitan6playAdEv,0x4
0x3e75a4,_ZN8Databind4Util21AbstractArrayAccessor17setArrayFromFieldEPvPK13DatabindField,0x64
0x3e7608,_ZNK22MessageDataStreamEntry14getMessageDataEv,0x8
0x3e7610,_ZN27BadgePreviewAnimationButton13buttonPressedEv,0x4
0x3e7614,_ZN12jpeg_decoder15read_sos_markerEv,0x870
0x3e7e84,_ZNK18LogicCharacterData14getDefaultSkinEv,0x8
0x3e7e8c,_ZNK13LogicHomeMode12getStartTimeEv,0x8
0x3e7e94,_ZNK8HomeMode19isHomePageGuideOverEv,0x6c
0x3e7f00,_ZN16GameObjectSprite15setTilePositionEfff,0x1c8
0x3e80c8,_ZN27AskForAddableFriendsMessage8destructEv,0x110
0x3e81d8,_ZN25EventSuggestionStreamItem17initializeVisualsEiiRK6String,0x3d8
0x3e85b0,_ZN14HelpshiftTitan19HelpshiftConnectionD0Ev,0x8
0x3e85b8,_ZNK14ChallengeEntry6equalsEPKv,0x28
0x3e85e0,_ZN15AllianceManager13setTeamAsSeenEPK9LogicLong,0x8
0x3e85e8,_ZN22scLZMADecompressFilter11parseHeaderEv,0x1bc
0x3e87a4,_ZNK17ChatOptionsSlider9isPanningEv,0x44
0x3e87e8,_ZN31LogicRankedMatchResultDebugInfoC2Eiiiiii,0x1c
0x3e8804,_ZN29UdpLatencyTestResponseMessage18getServiceNodeTypeEv,0x8
0x3e880c,_ZN13WVSCIDManager19accountAlreadyBoundEv,0x14
0x3e8820,_ZN27BattleEndRankedRankUpScreen20isVisibleWithParentsEP13DisplayObject,0x24
0x3e8844,_ZN14VideoAdManagerC2Ev,0xc
0x3e8850,_ZNK13LogicCardData13getBaseValue2Ev,0x44
0x3e8894,_ZN17UnlockAccountMenu13touchReleasedERK5Touch,0x3c
0x3e88d0,_ZN31KakaoAccountAlreadyBoundMessage18getServiceNodeTypeEv,0x8
0x3e88d8,_ZNK14LogicPlayerMap21getMapEnvironmentDataEv,0x8
0x3e88e0,_ures_getFunctionalEquivalent_58,0x8a8
0x3e9188,_ZN16NameChangeScreen11showWarningERK6String,0x3c
0x3e91c4,_ZN12LogicRewards6decodeEP10ByteStream,0x19c
0x3e9360,_ZNK21HighRateUdpSendBuffer17getUnsentMessagesEv,0x4
0x3e9364,_stbi_image_free,0x4
0x3e9368,_ZNK18LogicCharacterData11getItemNameEv,0x10
0x3e9378,_ZNK23HomeLogicStoppedMessage14getMessageTypeEv,0x8
0x3e9380,_ZN15LeaderboardPageC2EP21ILeaderboardPageOwnerP18LeaderboardMessage,0x2b4
0x3e9634,_ZN19AllianceListMessage15setSearchStringEP6String,0x8
0x3e963c,_ZN26LogicMersenneTwisterRandom8destructEv,0xc
0x3e9648,_u_countChar32_58,0xcc
0x3e9714,_ZNK12LogicVector214isInDistanceXYEiii,0x9c
0x3e97b0,_ZN9ClanPopup20setAllianceFullEntryEP17AllianceFullEntry,0x154
0x3e9904,_ZNK5lzham12lzcompressor5state15find_match_distEj,0x50
0x3e9954,_ZN15GameSCIDManager17askPlayingFriendsEv,0x27c
0x3e9bd0,_ZN28UdpBigMessageFragmentMessage15setMaxFragmentsEc,0x8
0x3e9bd8,_ZNK19AllianceMemberEntry5cloneEv,0x258
0x3e9e30,_ZN8TestCaseC2E6String,0xf8
0x3e9f28,_ZN11Application24enableDeviceVerificationEv,0x10
0x3e9f38,_ZN27BillingRequestFailedMessageC2Ev,0x54
0x3e9f8c,_ZN5Stage7start3DEv,0x30
0x3e9fbc,_ubidi_getPairedBracket_58,0x108
0x3ea0c4,_ZN9Character8destructEv,0x4e8
0x3ea5ac,_ZN31LogicDeviceLinkEnterCodeMessage18getServiceNodeTypeEv,0x8
0x3ea5b4,_ZN16ThrophyBonusDataC2Ev,0x10
0x3ea5c4,_ZN23RankedRewardsTrackPopup14openPreviewForEPK13LogicSkinData,0xf4
0x3ea6b8,_ZN25RankedMatchStartedMessage11removeMatchEv,0x10
0x3ea6c8,_ZN17LogicGamePlayUtil24getClosestWorldCollisionEiiiiPK12LogicTileMapP12LogicVector2bbbb,0x48c
0x3eab54,_ZN19EnvironmentRenderer16setMapEditorTileEP8Sprite3Diiifbb,0x1e0
0x3ead34,_ZNK11BasePageGUI11isScrollingEv,0x7c
0x3eadb0,_ZN29ChangeAllianceSettingsMessage16setRequiredScoreEi,0x8
0x3eadb8,_ZN19SupercellIdCallback42createScidShopDonationsFromIdShopDonationsEP13_jobjectArray,0x1f8
0x3eafb0,_ZN17CsvPatchRowActionC2Ev,0xc
0x3eafbc,_ZN19TeamSpectateMessage6encodeEv,0x44
0x3eb000,_ZN14ChallengeEntryC2Ev,0x14
0x3eb014,_ZN25UnbindKakaoAccountMessageC2Ev,0x30
0x3eb044,_uprv_unmapFile_58,0x3c
0x3eb080,_ZN10EmotePanel12isEmoteInUseEPK14LogicEmoteData,0x48
0x3eb0c8,_ZNK9CombatHUD19allowControlEditingEv,0x3c
0x3eb104,_ZNK6icu_5813UnicodeString6toUTF8EiiPci,0xe8
0x3eb1ec,_ZN22DeletePlayerMapMessage18getServiceNodeTypeEv,0x8
0x3eb1f4,_ZN18LatencyTestSession14shouldSendMoreEy,0x58
0x3eb24c,_ZN15ResourceManager8getSoundEPKc,0xac
0x3eb2f8,_ZN22PlayAgainStatusMessageC2EP15PlayAgainStatus,0x38
0x3eb330,_hb_font_get_glyph_extents,0x20
0x3eb350,_ZN22CharacterEditorManagerC2Ev,0x4
0x3eb354,_ZNK12LogicCommand5cloneEv,0x114
0x3eb468,_ZN13LogicConfDataC2Ev,0x38
0x3eb4a0,_ZNK22ShapeDrawBitmapCommand4getXEi,0x14
0x3eb4b4,_ZN8MainPage17eventDataReceivedEP9EventDataS1_b,0x4
0x3eb4b8,_ZNK22LogicLocationThemeData26getMineGemSpawnSCWOverrideEv,0x10
0x3eb4c8,_ZN13AnalyticEvent10setBooleanERK6Stringb,0x4c
0x3eb514,_ZNK11TeamManager15isPlayerCreatorEv,0x60
0x3eb574,_ZN12MapEditorHUD20refreshModifierIconsEv,0x260
0x3eb7d4,_ZL12ures_cleanupv,0x144
0x3eb918,_ZNK14LogicJSONArray6equalsEPK13LogicJSONNode,0xb4
0x3eb9cc,_ZNK16LogicStringTable9hasStringERK6String,0x84
0x3eba50,_ZN6icu_5813Norm2AllModesD2Ev,0x4c
0x3eba9c,_ZN17IEffectRenderableD0Ev,0x4
0x3ebaa0,_ZN6scglTF12_GLOBAL__N_110getTextureEiRKN2fx4gltf8DocumentERK6StringRKNS0_18TextureLoadContextE,0x4b4
0x3ebf54,_ZNK13AnalyticEvent10getBooleanERK6String,0x24
0x3ebf78,_ZN6icu_58L13enumLcccRangeEPKviij,0x11c
0x3ec094,_ZN10ByteStream10writeVLongEx,0x36c
0x3ec400,_ZN9AntiCheat12isRepackagedEv,0x7c
0x3ec47c,_ZN17LogicGameModeUtil19getRoundLengthTicksEi,0x8
0x3ec484,_ZNK8CSVTable17getColumnRowCountEv,0x1c
0x3ec4a0,_ZN16OutOfSyncMessage8destructEv,0x28
0x3ec4c8,_ZN20AnalyticEventMessage6decodeEv,0x68
0x3ec530,_ZN10SwipeEntryD0Ev,0x50
0x3ec580,_ZN26RankedTeamSelectionManager9onMessageEP14PiranhaMessage,0x9c4
0x3ecf44,_ZN28RankedMatchTerminatedMessage8destructEv,0x74
0x3ecfb8,_ZN14ChatStreamBase27openChatContextMenuInternalEP10StreamItem,0x28
0x3ecfe0,_ZNKSt6__ndk110__function6__funcIZN11scTaskQueue3runIZN8TestCase17releaseStageTouchEvE3$_4EENS_13invoke_resultIT_JEE4typeES7_EUlvE_NS_9allocatorISA_EEFvvEE7__cloneEPNS0_6__baseISD_EE,0x18
0x3ecff8,_hb_font_funcs_set_variation_glyph_func,0x8c
0x3ed084,_ZNK8Settings11getLastPageEv,0xd8
0x3ed15c,_ZN26LogicRankedMatchRoundStateC2EP10ByteStream,0x28
0x3ed184,_ZN22SettingsLanguageScreenC2Ev,0x184
0x3ed308,_ZN11LogicQuests10markViewedEv,0x4c
0x3ed354,_ZN22SubmitPlayerMapMessage8destructEv,0x4
0x3ed358,_ZNK14BattleTutorial23isOkSpotForUltiInternalEiii,0x48
0x3ed3a0,_ZNK17LogicSkinConfData14getSadLoopFaceEv,0x10
0x3ed3b0,_ZNK16GameObjectSprite15getRenderSystemEv,0x8
0x3ed3b8,_ZNK12BattleScreen23shouldPanCameraTutorialEv,0x10
0x3ed3c8,_ZN12SCWFileInputC2EPci,0x44
0x3ed40c,_ZN30ReportPlayerMapResponseMessage18getServiceNodeTypeEv,0x8
0x3ed414,_ZN8Material4readEP7SCWFileR12SCWFileInput,0x3bc
0x3ed7d0,_ZN10FriendItemD2Ev,0xec
0x3ed8bc,_ZN13GoHomeMessage6decodeEv,0x44
0x3ed900,_ZN17LogicClientAvatar23commodityCountSetHelperEiPK9LogicDataii,0x214
0x3edb14,_ZN9PopupBase8setStateENS_5StateE,0xc4
0x3edbd8,_ZNK13AnalyticEvent7getJSONEv,0x8
0x3edbe0,_ZN15AllianceManager28addOfflinePlayersFromFriendsEP14LogicArrayListIP12OnlinePlayerENSt6__ndk16vectorIP6FriendNS5_9allocatorIS8_EEEEi,0x2d8
0x3edeb8,_ZN31ChangeAllianceSettingsOkMessageC2Ei,0x30
0x3edee8,_Ppmd7z_RangeDec_Init,0xbc
0x3edfa4,_ZNKSt6__ndk110__function6__funcIZN11scTaskQueue3runIZN8TestCase17getVisibleButtonsEvE3$_3EENS_13invoke_resultIT_JEE4typeES7_EUlvE_NS_9allocatorISA_EEFvvEE7__cloneEPNS0_6__baseISD_EE,0x18
0x3edfbc,_ZN11Application26getDeviceVerificationNonceERm,0x20
0x3edfdc,_ZN21LogicProjectileServer33setCharacterBuffingProjectileDataEiiii,0x1c
0x3edff8,_ZN10PlayerInfo15refreshPlayerXPEv,0x9c
0x3ee094,_ZNK23LogicCharacterClientOwn11getJumpZAtTEfffff,0x30
0x3ee0c4,_ZN20EndClientTurnMessageC2Ev,0x40
0x3ee104,_ZN10NativeFont15NativeFormatter7isColorEv,0x38
0x3ee13c,_ZN8HomePage13questsChangedEv,0x8
0x3ee144,_ZNK28LogicGameObjectManagerServer24getLogicBattleModeServerEv,0x8
0x3ee14c,_ZN17MapPreviewMessage6decodeEv,0x2c
0x3ee178,_ZN11wendelstein23MovieClipRendererBucket9addVertexEffiii,0x68
0x3ee1e0,_ZN21LogicProjectileServer25calculateGrappleTargetPosEiiPK20LogicCharacterServer,0x4
0x3ee1e4,_ZN24SetInvitesBlockedMessage18getServiceNodeTypeEv,0x8
0x3ee1ec,_ZNK19AllianceDataMessage14getMessageTypeEv,0x8
0x3ee1f4,_ZN24ResourceReferenceManager17constructInstanceEv,0x40
0x3ee234,_ZN21LogicBattleModeServer21trainingTargetDamagedEv,0xc
0x3ee240,_ZNKSt6__ndk110__function6__funcIZN11wendelstein25makeEmitterParamsMigratorERKNS_6vectorINS_10shared_ptrINS2_17IEmitterComponentEEENS_9allocatorIS6_EEEEE3$_1NS7_ISC_EEFvRNS2_12old_versions15EmitterParamsV0ERNS2_7Emitter13EmitterParamsEEE7__cloneEPNS0_6__baseISK_EE,0xb4
0x3ee2f4,_ZN10SCTuneImpl5startEv,0xc
0x3ee300,_ZN14ChatStreamBase13takeOwnershipEv,0x84
0x3ee384,_ZN11Character3D22setDefaultOutlineWidthEv,0x10
0x3ee394,_ZN19scResourceLoadQueue4pushERK18scResourceLoadInfo,0x3c
0x3ee3d0,_ZNKSt6__ndk110__function6__funcIZN19EnvironmentRenderer6renderER9Matrix2x3R14ColorTransformifE3$_2NS_9allocatorIS7_EEFvvEE6targetERKSt9type_info,0x1c
0x3ee3ec,_ZNK21LogicTutorialStepData11getUseUltiYEv,0x10
0x3ee3fc,_ZNKSt6__ndk110__function6__funcIZN8TestCase10getDoTouchEP13DisplayObjectE3$_6NS_9allocatorIS5_EEFNS_6vectorIfNS6_IfEEEEvEE11target_typeEv,0xc
0x3ee408,_ZNSt6__ndk110__function6__funcIZN19EnvironmentRenderer6renderER9Matrix2x3R14ColorTransformifE3$_1NS_9allocatorIS7_EEFvvEE7destroyEv,0x4
0x3ee40c,_ZN14TitanOutStream11writeToFileERK6String,0x90
0x3ee49c,_ZN8InStreamD2Ev,0xa8
0x3ee544,_ZNKSt6__ndk110__function6__funcIZ50Java_com_supercell_titan_GameApp_handleDeeplinkURLE3$_0NS_9allocatorIS2_EEFbvEE7__cloneEv,0x24
0x3ee568,_ZN24LogicSetPlayerAgeCommand6decodeEP10ByteStream,0x38
0x3ee5a0,_ZN30SubmitPlayerMapResponseMessage6decodeEv,0x48
0x3ee5e8,_ZN23ChangeAvatarNameMessage6encodeEv,0x38
0x3ee620,_ZN11ContextMenu19refreshFriendStatusEv,0x34
0x3ee654,_ZN34LogicPurchaseChallengeLivesCommand6decodeEP10ByteStream,0x4
0x3ee658,_hb_font_funcs_set_glyph_v_advance_func,0x8c
0x3ee6e4,_MyAlloc,0xc
0x3ee6f0,_ZN3GUI13destroyPopupsEv,0x128
0x3ee818,_ZN10SCTuneImpl9addStringERK6StringPS0_PKcP20SCTuneChangeListenerib,0x70
0x3ee888,_ZN17ReportUserMessageC2Ev,0x38
0x3ee8c0,_ZN8TestCase6updateEi,0x28
0x3ee8e8,_ZNK13LogicSkinData15hasCampaignDataEPK21LogicSkinCampaignData,0x10
0x3ee8f8,_ZN21LogicBattleModeServer9addPlayerEP9LogicLongPK18LogicCharacterDataP17LogicHeroUpgradesP17LogicBattleEmotesiP17PlayerDisplayDatabPK13LogicSkinData,0x108
0x3eea00,_ZN20LogicCharacterServer14AICanResurrectEv,0x8
0x3eea08,_ZNK13LogicTileData17isDestructibleAnyEv,0x8
0x3eea10,_ZNK9TeamPopup12getOwnMemberEv,0x44
0x3eea54,_hb_buffer_normalize_glyphs,0xcc
0x3eeb20,_ZNK16LogicJSONBoolean6isTrueEv,0x8
0x3eeb28,_ZN22SearchAlliancesMessageC2Ei,0x44
0x3eeb6c,_Java_com_supercell_titan_NativeFacebookManager_facebookLogout,0x4
0x3eeb70,_ZN8HomePage20setSlotUnlockPendingEi,0x4
0x3eeb74,_send_tree,0x4b0
0x3ef024,_ZN5titan3com9supercell5titan7tencent11MSDKManager6logOutEi,0x74
0x3ef098,_ZN23OfflineFriendInviteItem13buttonPressedEv,0x4
0x3ef09c,_ZNSt6__ndk110__function6__funcIZN11scTaskQueue3runIZN8TestCase20drawDebugPercentagesEvE4$_19EENS_13invoke_resultIT_JEE4typeES7_EUlvE_NS_9allocatorISA_EEFvvEE18destroy_deallocateEv,0x4
0x3ef0a0,_ZNK10StringView7indexOfEii,0x138
0x3ef1d8,_ZN27LogicClaimTailRewardCommand21getClaimedRewardCountEPK13LogicHomeModeii,0x34
0x3ef20c,_ZN9BadgeItemD0Ev,0x34
0x3ef240,_ZN15ResourceManager11validateCSVEPK7CSVNode,0x78
0x3ef2b8,_ZL15getJoiningGroupRK11IntPropertyi9UProperty,0x24
0x3ef2dc,_ZN10LogicGoals19resolveMaxHeroLevelEv,0x60
0x3ef33c,_ZN12ReleaseEntry6encodeEP10ByteStream,0x54
0x3ef390,_ZN20LogicBattlePlayerMap13setAvatarNameEP6String,0x44
0x3ef3d4,_ZNSt6__ndk110__function6__funcIZN8TestCase14getStageHeightEvE3$_9NS_9allocatorIS3_EEFivEE7destroyEv,0x4
0x3ef3d8,_ZN15AllianceWarNode6decodeEP10ByteStream,0x228
0x3ef600,_ZNSt6__ndk110__function6__funcIZN11Application20getAdvertiserIDAsyncEvE3$_2NS_9allocatorIS3_EEFNS_4pairIb6StringEEvEED0Ev,0x4
0x3ef604,_ZN34ChangePlayerMapNameResponseMessage10setMapNameEP6String,0x44
0x3ef648,_ZN6String11setContentsEPKci,0x144
0x3ef78c,_ZN9OutStream17setEncryptionSeedEj,0xc
0x3ef798,_ZN20SetEncryptionMessage18getServiceNodeTypeEv,0x8
0x3ef7a0,_ZN17PlayerMapsMessageC2Ev,0x34
0x3ef7d4,_ZNK22LogicIAPChangedCommand6encodeEP15ChecksumEncoder,0x68
0x3ef83c,_ZN4Shop25getGreenNotificationCountEv,0x38
0x3ef874,_ZNK9Character15getBonePositionERK6StringRfS3_S3_S3_,0x10
0x3ef884,_ZN12LogicBitListC2Ev,0x10
0x3ef894,_ZN17ChatOptionsSlider18getQuickEmojiDatasER14LogicArrayListIPK9LogicDataEi,0x4b8
0x3efd4c,_ZNK34AskForJoinableAlliancesListMessage14getMessageTypeEv,0x8
0x3efd54,_ZNK27GetTokenFriendResultMessage14getMessageTypeEv,0x8
0x3efd5c,_ZNK11InputSystem10touchCountEv,0x8
0x3efd64,_ZN25PlaySoundInFrameExecutionD2Ev,0x24
0x3efd88,_ubidi_getParaLevelAtIndex_58,0x44
0x3efdcc,_ZN8TestCase38findDisplayObjectsByNameInGUIContainerEP12GUIContainer6String,0xcc
0x3efe98,_ZN29LogicDecreaseHeroScoreCommand7executeEP13LogicHomeModeib,0xa0
0x3eff38,_ZN19EnvironmentRenderer19removeMapEditorTileEi,0x16c
0x3f00a4,_ZNK13scResourceMap9isLoadingERKNSt6__ndk112basic_stringIcNS0_11char_traitsIcEENS0_9allocatorIcEEEE,0x58
0x3f00fc,_ZN12KakaoManager14refreshFriendsEv,0xac
0x3f01a8,_ZN13AlliancePopup11fastForwardEv,0x7c
0x3f0224,_ZN30PurchaseKeyDoublerPopupHandlerD2Ev,0x40
0x3f0264,_ZN20LogicCharacterClient6decodeEP9BitStreambibP14LogicArrayListIP11LogicPlayerE,0xbc0
0x3f0e24,_ZN18sc3dPanPinchCamera7setZoomEf,0x8
0x3f0e2c,_ZNK15LaserBoxManager21getTotalNewItemsCountEv,0x84
0x3f0eb0,_ZN12CsvPatchData17getColumnTypeNameEi,0x40
0x3f0ef0,_ZN21SpeechBubbleCharacter6goAwayEv,0x100
0x3f0ff0,_ZN14FriendsManager33receiveExternalFriendRequestTokenEP6String,0x68
0x3f1058,_ZN12EventTracker18sendAnalyticsEventERK6StringS2_S2_S2_,0x14
0x3f106c,_ZN11SocialPopup20setJoinableAlliancesEP14PiranhaMessage,0x10
0x3f107c,_ZN10SCIDWindow4openEb,0xb8
0x3f1134,_ZNK21LogicCompressedString9getStringEv,0x84
0x3f11b8,_ZN16DataGainListener13setVisibleOptERK6Stringb,0x30
0x3f11e8,_ZN9EntryInfo6addBtnEP16DropGUIContainerRK6StringS4_,0x19c
0x3f1384,_ZN8TestCase9makeTouchEff,0x50
0x3f13d4,_ZNKSt6__ndk110__function6__funcIZN8TestCase20drawDebugPercentagesEvE4$_20NS_9allocatorIS3_EEFvvEE7__cloneEv,0x44
0x3f1418,_ZN12EventTracker16sendBillingEventERK6StringS2_S2_S2_iS2_ii,0x608
0x3f1a20,_ZN15TeamJoinMessageC2Ei,0x44
0x3f1a64,_ZN15LogicDataTables11getAllFacesEP14LogicArrayListIPK13LogicFaceDataE,0x1a0
0x3f1c04,_ZNK30ReportPlayerMapResponseMessage8getMapIdEv,0x8
0x3f1c0c,_ZN18LogicServerCommand26serverCanRunIfNotConnectedEv,0x8
0x3f1c14,_ZN19AllianceListMessage12setAlliancesEP14LogicArrayListIP19AllianceHeaderEntryE,0x8
0x3f1c1c,_ZN16ProgressBarTween13setVisibleOptERK6Stringb,0x30
0x3f1c4c,_ZN20LogicCharacterServer11ultiEnabledEv,0xc
0x3f1c58,_ZNK18LogicNameColorData24getRequiredTotalTrophiesEv,0x10
0x3f1c68,_ZN19LogicRankedRankData16createReferencesEv,0x50
0x3f1cb8,_ZN6icu_5810UnicodeSet9retainAllERKNS_13UnicodeStringE,0x114
0x3f1dcc,_ZN6StringaSERK10StringView,0x30
0x3f1dfc,_ZNK30LogicDeviceLinkResponseMessage11getLinkCodeEv,0x8
0x3f1e04,_ZN15DownloadManager31destroyChronosFolderQueueByTypeEi,0x9c
0x3f1ea0,_ZN9EntryInfo15createContainerEP9MovieClipRK6Stringb,0xc4
0x3f1f64,_ZN10HomeScreen18isAgeGateInfoReadyEv,0x58
0x3f1fbc,_ZNK18LogicChallengeData13getRewardItemEv,0x10
0x3f1fcc,_ZN17ReplayStreamEntry13setBattleJSONERK6String,0x8
0x3f1fd4,_ZN18SeasonRewardsPopupC2EiiP6String,0x358
0x3f232c,_ZN17TeamInviteMessageC2Eiii,0x4c
0x3f2378,_ZN9UdpSocketC2Ev,0x50
0x3f23c8,_ZN18SeasonRewardsPopup13buttonClickedEP12CustomButton,0x70
0x3f2438,_ZN32RankedMatchUpdateHeroDataMessage8destructEv,0x28
0x3f2460,_ZNK6icu_5823UCharsDictionaryMatcher7getTypeEv,0x8
0x3f2468,_ZN12BattleScreen18getCameraViewTilesERiS0_S0_S0_,0x198
0x3f2600,_ZN11wendelstein26EmitterBurstListSerializer7reflectERN8Databind9ReflectorEP16ResourceListenerPvPK13DatabindField,0x194
0x3f2794,_ZN9OutStream13setEncryptionEb,0xc
0x3f27a0,_ZN12ShopItemAnim6updateEf,0x10
0x3f27b0,_ZN9MovieClip5resetEv,0xa4
0x3f2854,_ZN19SupercellIdCallback7friendsEP8_jobjectP13_jobjectArray,0x210
0x3f2a64,_ZN28PushNotificationQueueElementD2Ev,0xc
0x3f2a70,_udata_getMemory_58,0x38
0x3f2aa8,_ZN21AddableFriendsMessage6decodeEv,0x1dc
0x3f2c84,_ZNK11LogicQuests16getQuestCountForEbi,0x158
0x3f2ddc,_ZN15LogicDataTables19getProjectileByNameERK6StringPK9LogicData,0x20
0x3f2dfc,_ZNK10Projectile17getProjectileZAtTEfffff,0x30
0x3f2e2c,_ZN8MainPage13getPlayerDataEv,0x1c
0x3f2e48,_ZN17GameObjectManager26removeGameObjectReferencesEPK21LogicGameObjectClienti,0x8c
0x3f2ed4,_ZN6icu_5817ResourceDataValueD2Ev,0x4
0x3f2ed8,_ZN28BindGamecenterAccountMessageC2Ev,0x54
0x3f2f2c,_ZNK21LogicAreaEffectClient26getLifeTimeConsumedPercentEv,0x8
0x3f2f34,_ZN19DebugPerformanceHud31resetRunningPerformanceCountersEv,0x18
0x3f2f4c,_ZN11wendelstein7Emitter6updateEfRNS_17IParticleRendererE,0x58
0x3f2fa4,_ZN17CustomWorldObject25clearShadowModelTransformEv,0x2c
0x3f2fd0,_ZN8TestCase10touchStageER5Touch,0x30c
0x3f32dc,_ZN7Billing13lookupDetailsEv,0x1c
0x3f32f8,_ZN12FilterEffect8setAngleEi,0x4
0x3f32fc,_ZNK20LogicCharacterServer10isGrappledEv,0x20
0x3f331c,_ZN24AllianceJoinRequestPopupD0Ev,0x24
0x3f3340,_ZN12SupercellSWF21removeLoadedMovieClipEPK9MovieClip,0x4
0x3f3344,_ZN11GameWebView9isVisibleEv,0x18
0x3f335c,_ZNK18HighRateUdpMessage17getPiranhaMessageEv,0x8
0x3f3364,_ZN16AllianceWarPopup7addItemEP15AllianceWarNode,0x160
0x3f34c4,_ZN12BlurRenderer15destructStaticsEv,0x1a4
0x3f3668,_ZN24TitanDisconnectedMessage6encodeEv,0x28
0x3f3690,_ZN10NativeFont14loadSystemFontEPKcfb,0x204
0x3f3894,_ZNK12LoginMessage20isForceOpenIdBindingEv,0x8
0x3f389c,_ZN10HomeScreen25inGameHintsEnabledToggledEb,0x4
0x3f38a0,_ZN14LoginOkMessage18setGoogleServiceIdEP6String,0x8
0x3f38a8,_ZN18AddableFriendEntry11setAvatarIdEP9LogicLong,0xc
0x3f38b4,_ZN10MapPreviewD0Ev,0x24
0x3f38d8,_ZThn96_N13AlliancePopup13buttonClickedEP12CustomButton,0x50
0x3f3928,_ZN9LogicMath17normalizeAngle180Ei,0x40
0x3f3968,_ZN5titan3com9supercell5titan19GoogleServiceClient16forNative_signInEb,0x90
0x3f39f8,_ZNK13LogicTileData26isDestructibleWithPiercingEv,0x8
0x3f3a00,_ZN24StretchableContextBubble15setupForPopoverEP13DisplayObjectbf,0x19c
0x3f3b9c,_ZN10NativeFont15NativeFormatter12getLineBeginEv,0x2c
0x3f3bc8,_ZN23BindKakaoAccountMessage22setAuthenticationTokenEP6String,0x8
0x3f3bd0,_ZN10ByteStream8writeIntEi,0x2c
0x3f3bfc,_ZNK27LogicClaimTailRewardCommand6encodeEP15ChecksumEncoder,0x48
0x3f3c44,_ZN8HomePage20clearEventIfDisabledEbb,0x5c
0x3f3ca0,_lzham_z_compressBound,0x4
0x3f3ca4,_ZNK18AddableFriendEntry9getOriginEv,0x8
0x3f3cac,_ZNK16ServerConnection12getMessagingEv,0x8
0x3f3cb4,_ZN18AntiAddictionCheck6handleEb,0x20
0x3f3cd4,_ZN18TeamChatController24refreshContentVisibilityEv,0xb8
0x3f3d8c,_ZNKSt6__ndk110__function6__funcIZN11scTaskQueue3runIZN7GLImage6createEPKhi9ImageWrap11ImageFilterE3$_5EENS_13invoke_resultIT_JEE4typeESB_EUlvE_NS_9allocatorISE_EEFvvEE11target_typeEv,0xc
0x3f3d98,_ZN8Shader3DC2Ev,0x38
0x3f3dd0,_ZN17LogicGameCalendar13calculateYearEi,0x90
0x3f3e60,_ZNKSt6__ndk110__function6__funcIZN11AndroidMain15_gameForegroundEvE4$_15NS_9allocatorIS3_EEFvvEE6targetERKSt9type_info,0x1c
0x3f3e7c,_ZNK12LogicRewards13hasItemOfTypeEi,0x40
0x3f3ebc,_ZN16LogicReflectable12toJSONStringEv,0x184
0x3f4040,_ZNK18LogicChallengeData14getChallengeIdEv,0x10
0x3f4050,_ZNK3GUI25getTotalPendingDataGainedEN10DataGained4TypeENS0_6TargetE,0xe8
0x3f4138,_ZN12jpeg_decoder4initEP19jpeg_decoder_stream,0x37c
0x3f44b4,_ZN37YoozooBillingProcessedByServerMessage9setProdIdERK6String,0x8
0x3f44bc,_ZNK18LogicCharacterData11isDummyBossEv,0x44
0x3f4500,_ZN11BadgeSprite18updateRenderTargetERK9Matrix2x3,0x78c
0x3f4c8c,_ZN5titan3com9supercell5titan21NativeFacebookManager19jniGetAttributionIDEv,0x70
0x3f4cfc,_ZNK15GameSCIDManager12isSfxEnabledEv,0xc
0x3f4d08,_ZL14ucstrTextCloseP5UText,0x30
0x3f4d38,_ZN11LogicPlayer12getXpBonusesEv,0x8
0x3f4d40,_ZN18PlayerCountryPopup6updateEf,0x10
0x3f4d50,_ZNK24LogicBillingPackagesData21getShopItemExportNameEv,0x8
0x3f4d58,_ZNKSt6__ndk110__function6__funcIZN8TestCase17releaseStageTouchEvE3$_4NS_9allocatorIS3_EEFvvEE7__cloneEPNS0_6__baseIS6_EE,0x18
0x3f4d70,_ZN18TeamChatController10closeInputEv,0x14
0x3f4d84,_ZN13GoogleService7signOutEv,0x14
0x3f4d98,_ZNK25SendGlobalChatLineMessage14getMessageTypeEv,0x8
0x3f4da0,_ZNK13LogicHomeMode30isPurchaseResourceTypeUnlockedEi,0x68
0x3f4e08,_ZNKSt6__ndk110__function6__funcIZN11AndroidMain23startedFromNotificationERK6StringE3$_8NS_9allocatorIS6_EEFvvEE11target_typeEv,0xc
0x3f4e14,_ZN16SpecialOfferItem13getFilterTypeEv,0x8
0x3f4e1c,_ures_open_58,0x18
0x3f4e34,_ZN12LogicDefines15getPlatformNameEv,0x2c
0x3f4e60,_ZN15ChecksumEncoder9writeLongEPK9LogicLong,0x10
0x3f4e70,_ZN14BattleEndPopup18setGainedXpElementEP18SequencedExecutionP14LogicArrayListIP13DisplayObjectEP9MovieClipiRK6StringSB_,0x1f4
0x3f5064,_ZNK18LogicClientGlobals16getLinkFontColorEv,0x8
0x3f506c,_ZN24LogicBillingPackagesData8destructEv,0x98
0x3f5104,_ZNK8GameMain7getTimeEv,0x8
0x3f510c,_ZN8Sprite3D14createFromFileEP7SCWFilePN5Scene14InstanceFilterEPK14LogicArrayListI6StringEb,0x10c
0x3f5218,_ZNK6icu_589UVector3211containsAllERKS0_,0x68
0x3f5280,_ZN29LogicReflectableReferenceBaseC2Ei,0xc
0x3f528c,_ZNK14LogicMilestone16getProgressStartEv,0x10
0x3f529c,_ZN16ServerConnection13storeKeyValueERK6StringS2_,0x6c
0x3f5308,_ZN11SetRankIconD0Ev,0x3c
0x3f5344,_ZN20LogicJSONInReflector9pushStackEv,0x33c
0x3f5680,_ZN32LogicDeviceLinkMenuClosedMessage6encodeEv,0x4
0x3f5684,_ZN26ChampionshipChallengePopup18updateEventEndTimeEv,0x214
0x3f5898,_ZN15LogicDataTables20getTeleport4TileDataEv,0xc
0x3f58a4,_hb_set_create,0x60
0x3f5904,_ZN31PurchaseOfferBundlePopupHandlerD2Ev,0xfc
0x3f5a00,_ZN22scThreadSafeRingBufferC2Em,0x64
0x3f5a64,_ZL16data_destroy_usePv,0x2c
0x3f5a90,_ZN22PromoPopupNotification8destructEv,0xec
0x3f5b7c,_ZN10NativeFont15NativeFormatter13getTextHeightEv,0x88
0x3f5c04,_ZNK21CreateAllianceMessage16getRequiredScoreEv,0x8
0x3f5c0c,_ZN8GameMain7keyDownEi,0x4
0x3f5c10,_ZNKSt6__ndk110__function6__funcIZN11AndroidMain23startedFromNotificationERK6StringE3$_9NS_9allocatorIS6_EEFbvEE7__cloneEPNS0_6__baseIS9_EE,0x18
0x3f5c28,_ZN11SocialPopup20setAllianceFullEntryEP17AllianceFullEntry,0x154
0x3f5d7c,_udata_getLength_58,0x40
0x3f5dbc,_ZN8Databind23NlohmannJsonInReflector11reflectLongExRK6Stringx,0xc
0x3f5dc8,_ZN26BattleLogViewReplayMessage8destructEv,0x24
0x3f5dec,_ZN29LogicToggleInGameHintsCommand6decodeEP10ByteStream,0x4
0x3f5df0,_ZN12BattleScreen15resetSkillTouchEv,0x18
0x3f5e08,_ZN10LoginStateD2Ev,0xd0
0x3f5ed8,_ZNK13LogicCardData23getStatIncreasePerLevelEi,0x88
0x3f5f60,_ZNKSt6__ndk110__function6__funcIZN11scTaskQueue3runIZN6Shader4loadEPKcS6_PS6_iE3$_0EENS_13invoke_resultIT_JEE4typeESA_EUlvE_NS_9allocatorISD_EEFvvEE7__cloneEv,0x38
0x3f5f98,_ZN14BrawlPassPopupD2Ev,0x2d8
0x3f6270,_ZN12scFilesystem11getInstanceEv,0x80
0x3f62f0,_ZN8Databind15JSONInReflector11reflectBoolEbRK6Stringb,0x64
0x3f6354,_ZN19NameChangeSubScreenD0Ev,0x4
0x3f6358,_ZN28RankedMatchHeroPickedMessage9setPlayerEP22LogicRankedMatchPlayer,0x48
0x3f63a0,_ZN15TeamInviteEntry6decodeEP10ByteStream,0x8c
0x3f642c,_ZN18sc3dPanPinchCamera14setPanningAreaEffffRK7Vector2IfE,0x11c
0x3f6548,_ZN5titan4java2io4FileC2ERK6String,0x54
0x3f659c,_move_to,0x90
0x3f662c,_ZNK21LogicGameObjectClient25getLogicGameObjectManagerEv,0x8
0x3f6634,_ZNK13LogicTileData17blocksProjectilesEv,0x8
0x3f663c,_ZN16ProgressBarTween15setIconLocationEv,0x4c
0x3f6688,_ZThn8_NK17OnlineFriendsList14onFriendTappedEP16OnlineFriendItem,0x8c
0x3f6714,_ZNK21CreateAllianceMessage14getMessageTypeEv,0x8
0x3f671c,_ZN5titan3com9supercell5titan13UnityAdsTitan5startERK6Stringb,0x9c
0x3f67b8,_ZN18LogicAnimationData13setStartFrameEi,0x80
0x3f6838,_ZN30ReportPlayerMapResponseMessage8setMapIdERK9LogicLong,0xc
0x3f6844,_ZN14LogicMapLoader16replaceTileCodesEii,0xb8
0x3f68fc,_ZN11SCIDManagerD0Ev,0x4
0x3f6900,_ZN21UnbotifyReportMessage8destructEv,0x34
0x3f6934,_ZNKSt6__ndk110__function6__funcIZN11scTaskQueue3runIZN7GLImage6createEPKhi9ImageWrap11ImageFilterE3$_2EENS_13invoke_resultIT_JEE4typeESB_EUlvE_NS_9allocatorISE_EEFvvEE6targetERKSt9type_info,0x1c
0x3f6950,_ZNK18LogicClientGlobals24getFeedbackCategoryCountEv,0xc
0x3f695c,_ZN15MapEditorScreenD0Ev,0x24
0x3f6980,_ZN16SelectableButtonD2Ev,0x18
0x3f6998,_ZN19RemoveFriendMessage8destructEv,0x4
0x3f699c,_ZNSt6__ndk110__function6__funcIZN11AndroidMain16onSurfaceChangedEiiE3$_1NS_9allocatorIS3_EEFvvEE7destroyEv,0x4
0x3f69a0,_ZN20CreatePlayerMapPopup18adjustGmvSelectionEi,0x4c
0x3f69ec,_ZN13LogicSkinData15setBlueSpecularERK6String,0x88
0x3f6a74,_ZN6icu_5822BytesDictionaryMatcherD2Ev,0x1c
0x3f6a90,_ZL17hb_ucdn_mirroringP18hb_unicode_funcs_tjPv,0x8
0x3f6a98,_ZNSt6__ndk110__function6__funcIZN14LineConnection5loginEvE3$_3NS_9allocatorIS3_EEFvbPKcPKN8linecorp4nova11CredentialsEPKNS9_5ErrorEEE7destroyEv,0x4
0x3f6a9c,_ZN16GameStateManager7keyDownEi,0x18
0x3f6ab4,_ZN20LogicCharacterServer14skipPathPointsEiiiP15LogicPathFinderb,0x100
0x3f6bb4,_ZN5tween6Linear9easeInOutEffff,0x10
0x3f6bc4,_ZN17LogicLocalization11getInstanceEv,0xc
0x3f6bd0,_ZN31PurchaseOfferBundlePopupHandler19beforeOffersReceiveEP14LogicArrayListIP16LogicOfferBundleE,0x98
0x3f6c68,_ZN28LogicClaimDailyRewardCommand8destructEv,0x24
0x3f6c8c,_ZN8Settings17setAccessoryScaleEf,0x78
0x3f6d04,_ZNK15GameSCIDManager16isTencentEnabledEv,0x24
0x3f6d28,_Z26read_big_endian_4byte_wordPjP7__sFILE,0x88
0x3f6db0,_ZN23CreateGameFailedMessage12getErrorCodeEv,0x8
0x3f6db8,_ZN20LogicJSONInReflector6getIntEPKci,0x5c
0x3f6e14,_ZNK13LogicBossData11getLocationEv,0x24
0x3f6e38,_ZNK15LogicItemClient11getItemDataEv,0x4
0x3f6e3c,_ZNK14BillingManager26isWaitingForProductDetailsEv,0x34
0x3f6e70,_ZN21LogicBattleModeClient12getTeamScoreEi,0x1e8
0x3f7058,_blake2b_init_key,0x2fc
0x3f7354,_ZN9TextField23invalidateFontFormatterEv,0x18
0x3f736c,_ZN7SCWFile16getObjectFactoryEv,0xc
0x3f7378,_ZN17LogicSkinConfData11setWalkAnimERK6String,0x14
0x3f738c,_ZN8Sprite3DC2ERK6StringPK13DisplayObjectPN5Scene14InstanceFilterEPK14LogicArrayListIS0_E,0xdc
0x3f7468,_ZNK34LogicBrawlPassSeasonChangedCommand14getCommandTypeEv,0x8
0x3f7470,_ZNK14StreamItemList5isNewEPK11StreamEntry,0x4c
0x3f74bc,_ZNKSt6__ndk110__function6__funcIZN11scTaskQueue3runIZN8TestCase10getDoTouchEP13DisplayObjectE3$_6EENS_13invoke_resultIT_JEE4typeES9_EUlvE_NS_9allocatorISC_EEFvvEE6targetERKSt9type_info,0x1c
0x3f74d8,_ZN6icu_5810UnicodeSet10setPatternERKNS_13UnicodeStringE,0xd0
0x3f75a8,_ZN11AndroidMain11releaseGameEv,0x24c
0x3f77f4,_ZN12BattleScreen28updateMapFillingPoisonEffectEP21LogicGameObjectClientf,0x774
0x3f7f68,_ZNK5Stage20isRectVisibleInTouchEffff,0x78
0x3f7fe0,_ZN8PageItemD2Ev,0x28
0x3f8008,_ZN8TimeUtil13getTimeInDaysEi,0x138
0x3f8140,_ZN17AvatarStreamEntry6decodeEP10ByteStream,0xbc
0x3f81fc,_ZN20QuickChatStreamEntry6decodeEP10ByteStream,0xa4
0x3f82a0,_ZN12SkinListItemD0Ev,0xac
0x3f834c,_ZN27PersonalBreakStartedMessage6encodeEv,0x28
0x3f8374,_ZNSt6__ndk110__function6__funcIZN8TestCase9touchDownEP13DisplayObjectE4$_14NS_9allocatorIS5_EEFvvEE18destroy_deallocateEv,0x4
0x3f8378,_ZNK14BillingManager21getBillingProductByIdERK6String,0x174
0x3f84ec,_ZN31RequestLatencyTestStatusMessageC2Ev,0x38
0x3f8524,_ZN9InboxItem10setCaptionERK6String,0x30
0x3f8554,_ZNK20LogicCharacterServer8getSkillEi,0x6c
0x3f85c0,_ZN9RankPopup11getConfDataEv,0x1c
0x3f85dc,_ZN5titan3com9supercell5titan21NativeFacebookManager19jniDeleteAppRequestERK6String,0x8c
0x3f8668,_ZN18WaitingPopupRankedD0Ev,0x24
0x3f868c,_ZN13OutlineFilterD2Ev,0x18
0x3f86a4,_ZN8InStream7readU16Ev,0xc8
0x3f876c,_ZN9EntryInfo18getSkinDisplayTypeEPK13LogicSkinData,0x54
0x3f87c0,_ZN6icu_58L17calcNameSetLengthEPKttPKhPaPjPS3_S3_,0x158
0x3f8918,_ZN17LogicGameModeUtil18spectateAfterDeathEi,0x48
0x3f8960,_ZN11TeamManager20hasMmStartTeamMemberEPK9LogicLong,0x68
0x3f89c8,_ZN10PlayerIconD0Ev,0x40
0x3f8a08,_ZN5Debug8drawLineEffffjff,0x4
0x3f8a0c,_nti_formatter_get_base_direction,0x40
0x3f8a4c,_ZN38TencentAntiAddictionInstructionMessage8destructEv,0xac
0x3f8af8,_ZN17UIArrangeChildrenD2Ev,0x14
0x3f8b0c,_ZN14MapPreviewMenu6updateEf,0x4
0x3f8b10,_ZN17HighRateUdpSocket11sendMessageEP14PiranhaMessagef,0x8
0x3f8b18,_ZNK20LogicCharacterServer20getActiveSkillShieldEv,0x8c
0x3f8be8,_ZNK14LogicDailyData18isClanCreatedTodayEv,0x44
0x3f8bf0,_ZNK17AnimationInstance10isFinishedEv,0x8
0x3f8bf8,_ZN23ProLeagueSeasonEndPopup17backButtonPressedEv,0x14
0x3f8c04,_ZN9TextField18decodeStringParamsERK6String,0x158
0x3f8d5c,_ZN6icu_5810UCharsTrie10branchNextEPKtii,0x1ec
0x3f8f48,_ZN15AllianceManager25copyAndRemoveFriendStatusEP23FriendOnlineStatusEntry,0x138
0x3f9080,_ZN15ResourceManager16getLoadedSCFilesEv,0x1bc
0x3f923c,_ZN33TencentAccountAlreadyBoundMessage8destructEv,0xa8
0x3f92e4,_ZN23ProLeagueSeasonEndPopupD2Ev,0x4
0x3f92e8,_ZN19LogicRawInReflector17reflectExitObjectEv,0x38
0x3f9320,_ZN10InputField11textChangedERK6String,0xd8
0x3f93f8,_ZNSt6__ndk110__function6__funcIZN8TestCase14getStageHeightEvE3$_9NS_9allocatorIS3_EEFivEEclEv,0x3c
0x3f9434,_ZN31TeamAllianceMemberInviteMessage18getServiceNodeTypeEv,0x8
0x3f943c,_ZNK21GetTokenFriendMessage14getMessageTypeEv,0x8
0x3f9444,_ZN18sc3dPanPinchCamera19updateAutoScrollingEf,0x1e8
0x3f962c,_ZN14ShadowRenderer6renderER9Matrix2x3R14ColorTransformif,0x8
0x3f9634,_ZN26EnterSupportedCreatorPopup10inputEndedEP14GameInputField,0x60
0x3f9694,_subQuickSort,0x26c
0x3f9900,_ZN11QuestsPopup12refreshItemsEv,0x1b8c
0x3fb48c,_ZN8HudPrint12setMovieClipERK6StringS2_,0x30
0x3fb4bc,_ZN14BrawlTvManager15processDeepLinkE6Stringi,0x104
0x3fb5c0,_ZThn8_N10SCTuneImplD0Ev,0x28
0x3fb5e8,_ZN12FilterEffect10setLoopingEb,0xc
0x3fb5f4,_ZN29AvatarNameCheckRequestMessage6encodeEv,0x28
0x3fb61c,_ZN10LoginState20getCustomLanguageTIDERK6StringS2_S2_b,0x190
0x3fb7ac,_ZN18DeliveryCardsPopup7onCloseEv,0x28
0x3fb7d4,_ZNSt6__ndk110__function6__funcIZN19EnvironmentRenderer6renderER9Matrix2x3R14ColorTransformifE3$_7NS_9allocatorIS7_EEFvvEE18destroy_deallocateEv,0x4
0x3fb7d8,_ZN6icu_5810UnicodeSet9retainAllERKS0_,0x5c
0x3fb834,_Z10getChannelPN11SoundSystem4ImplEj,0x30
0x3fb864,_ZNK11FriendEntry14getFriendStateEv,0x8
0x3fb86c,_nti_draw_glyph,0x3d8
0x3fbc44,_ZNK14LogicSkillData18getRangeInputScaleEv,0x10
0x3fbc54,_ZThn96_N11GameWebView18webviewDidFailLoadEv,0x74
0x3fbcc8,_ZN21UnbotifyReportMessage6decodeEv,0x48
0x3fbd10,_ZNSt6__ndk110__function6__funcIZN8TestCase9touchDownEP13DisplayObjectE4$_14NS_9allocatorIS5_EEFvvEE7destroyEv,0x4
0x3fbd14,_ZNK15LogicJSONObject5cloneEv,0x238
0x3fbf4c,_uscript_getShortName_58,0x10
0x3fbf5c,_ZNK12LogicGlobals32getAllianceScoreContributionSizeEv,0xc
0x3fbf68,_ZNK15LogicClientHome17getChangeListenerEv,0x8
0x3fbf70,_ZN21AllianceMemberMessageC2Ev,0x34
0x3fbfa4,_ZN16BattleEndMessage36createDummyFriendlyDeathmatchMessageEii,0x16c
0x3fc110,_ZNSt6__ndk110__function6__funcIZN11AndroidMain15_gameBackgroundEvE4$_16NS_9allocatorIS3_EEFvvEEclEv,0x9c
0x3fc1ac,_ZNK15LogicPathFinder13getPathPointYEi,0x14
0x3fc1c0,_ZNSt6__ndk110__function6__funcIZN21RankedTeamSelectPopup6updateEfE3$_0NS_9allocatorIS3_EEFP9ExecutionvEED0Ev,0x4
0x3fc1c4,_ZNK30LogicDeviceLinkResponseMessage14getVillageNameEv,0x8
0x3fc1cc,_ZNK9TextField18getTextFieldHeightEv,0x10
0x3fc1dc,_ZNK12BattleScreen13getMoveStickYEv,0x8
0x3fc1e4,_ZN26ListBrawlTvChannelsMessageC2Ebi,0x48
0x3fc22c,_ZN23HomeBattleReplayMessage16getReplayShardIdEv,0x8
0x3fc234,_ZN17ReplayStreamEntry8setBuildEi,0x8
0x3fc23c,_ZN15LogicJSONNumber12setLongValueEx,0xc
0x3fc248,_ZN8Material22getLightmapSpecularTexEv,0x38
0x3fc280,_ZN13GoogleService6signInEb,0x1c
0x3fc29c,_ZN8HeroList13destructItemsEv,0xa8
0x3fc344,_ZN12GemOfferItem11getItemNameEPK13LogicGemOffer,0x1b0
0x3fc4f4,_ZN9HeroPopup25getGreenNotificationCountEv,0x30
0x3fc524,_ZN8HomePage21updateHamburgerTickerEv,0x354
0x3fc878,_hb_ot_layout_get_size_params,0x20c
0x3fca84,_ZNK18AddableFriendEntry11getAvatarIdEv,0x34
0x3fcab8,_ZN13StringBuilder6appendERK6String,0xc0
0x3fcb78,_ZN23StarPointMigrationPopup17backButtonPressedEv,0x14
0x3fcb8c,_ZNK13LogicItemData23getTriggerRangeSubtilesEv,0x8
0x3fcb94,_ZNSt6__ndk110__function6__funcIZZN11AndroidMain18onSurfaceDestroyedEvENK3$_2clEvEUlvE_NS_9allocatorIS4_EEFvvEE18destroy_deallocateEv,0x4
0x3fcb98,_ZN26SkinPreviewAnimationButtonC2Eii,0x44
0x3fcbdc,_ZN11SCIDManager4initEP10SCIDConfig,0x234
0x3fce10,_ZNK19LogicProjectileData20executeChainOnAnyHitEv,0x10
0x3fce20,_ZN8PageItem17backButtonPressedEv,0x8
0x3fce28,_ZN14OfferTimerItem6updateEP9MovieClipS1_f,0x158
0x3fcf80,_ZN5lzham12symbol_codec31decode_remove_byte_from_bit_bufEv,0x30
0x3fcfb0,_ZN6icu_5814UnicodeFunctorD0Ev,0x4
0x3fcfb4,_ZNSt6__ndk17__sort3IRZN18DataPatchGenerator24generateTextPatchForTIDsERK6StringE3$_0PNS_4pairIS2_iEEEEjT0_SA_SA_T_,0x1f0
0x3fd1a4,_ZN12scZlibFilterD2Ev,0xf4
0x3fd298,_ZNK20LogicCharacterClient16getCarryableDataEv,0x14
0x3fd2ac,_ZNKSt6__ndk110__function6__funcIZN7GLImage14updateSubImageEPKhiiiE3$_9NS_9allocatorIS5_EEFvvEE7__cloneEv,0x50
0x3fd2fc,_ZN17CharacterMaterial17bindSceneUniformsEPK13SceneUniformsPK9xMatrix44,0x10
0x3fd30c,_ZN12GemOfferItem17setSpritesVisibleEb,0x24
0x3fd330,_ZNK19LogicSkinRarityData9getRarityEv,0x10
0x3fd340,_ZNK9MovieClip21getTimelineChildIndexEPK13DisplayObject,0x3c
0x3fd37c,_ZN13LogicHomeMode8destructEv,0x1bc
0x3fd538,_ZNKSt6__ndk110__function6__funcIZN11scTaskQueue3runIZN8TestCase9touchDownEP13DisplayObjectE4$_14EENS_13invoke_resultIT_JEE4typeES9_EUlvE_NS_9allocatorISC_EEFvvEE11target_typeEv,0xc
0x3fd544,_ZN13ProfileButtonC2EP10GameButton,0x10
0x3fd554,_ZNK12CustomButton23getStateStartFrameLabelEi,0x5c
0x3fd5b0,_ZNK17LogicSkinConfData17getUltiRecoilAnimEv,0x10
0x3fd5c0,_ZN37LogicDeviceLinkCodeDeactivatedMessage6encodeEv,0x4
0x3fd5c4,_ZNSt6__ndk110__function6__funcIZN11scTaskQueue3runIZN8TestCase28getAllSpritesVisibleMatchingI12CustomButtonZNS4_28getButtonsWithTextFieldValueE6StringbbS7_E4$_22EENS_6vectorIPT_NS_9allocatorISB_EEEET0_EUlvE_EENS_13invoke_resultISA_JEE4typeESA_EUlvE_NSC_ISK_EEFvvEED0Ev,0x4
0x3fd5c8,_ZN31PublishPlayerMapResponseMessage12setErrorCodeEi,0x8
0x3fd5d0,_ZN26AllianceTeamRemovedMessageC2Ev,0x34
0x3fd604,_ZN17PlayerDisplayData5isBotEv,0x18
0x3fd61c,_ZNK14LogicSkillData24getNumBulletsInOneAttackEv,0x10
0x3fd62c,_ZN11GemPackItem13buttonPressedEv,0x3c
0x3fd668,_uprv_convertToLCID_58,0x154
0x3fd7bc,_ZN15ResourceManager7getSC3DEPKc,0x40
0x3fd7fc,_ZNK6scglTF9BufferPtr7isValidEv,0x10
0x3fd80c,_ZN13TimelineValue22KeyFrameListSerializer7reflectERN8Databind9ReflectorEP16ResourceListenerPvPK13DatabindField,0x498
0x3fdca4,_ZNSt6__ndk110__function6__funcIZN11AndroidMain17backButtonPressedEvE3$_6NS_9allocatorIS3_EEFvvEED0Ev,0x4
0x3fdca8,_utext_copy_58,0x30
0x3fdcd8,_ZN23SendAllianceMailMessage13removeMessageEv,0x10
0x3fdce8,_ZNK14BillingManager17hasBillingProductERK6String,0x94
0x3fdd7c,_ZNK12BattleScreen19shouldShowMoveStickEv,0xc0
0x3fde3c,_ZNK6icu_5817ResourceDataValue12getIntVectorERiR10UErrorCode,0x64
0x3fdea0,_hb_font_funcs_set_glyph_h_origin_func,0x8c
0x3fdf2c,_ZThn96_N17AnimationInstance6updateEi,0x8
0x3fdf34,_ZL19ures_loc_nextLocaleP12UEnumerationPiP10UErrorCode,0x74
0x3fdfa8,_ZN8TestCase17tapCoordinateOfDOEP13DisplayObject,0x60
0x3fe008,_ZNK19CachedFontFormatter11getTextLeftEv,0x8
0x3fe010,_ZN11AboutScreen13touchReleasedERK5Touch,0x34
0x3fe044,_ZN17LogicCampaignData10getEnemiesEv,0x8
0x3fe04c,_ZN15MapEditorScreen20startResourceLoadingEv,0x58
0x3fe0a4,_ZN17CsvPatchRowActionC2Eii,0x8
0x3fe0ac,_ZN21LogicBattleModeServer36tickSpawnEventModifierRaidExplosionsEi,0x4
0x3fe0b0,_ZN13HeroInfoPopup13buttonClickedEP12CustomButton,0x170
0x3fe220,_ZNSt6__ndk110__function6__funcIZN8TestCase10getDoTouchEP13DisplayObjectE3$_6NS_9allocatorIS5_EEFNS_6vectorIfNS6_IfEEEEvEED0Ev,0x4
0x3fe224,_ZN16GameStateManager6updateEff,0x300
0x3fe524,_ZN10GameCenter9postScoreERK6Stringi,0x4
0x3fe528,_ZN11SCIDManager9setLocaleERK6String,0xb8
0x3fe5e0,_ZN9RankPopup13buttonClickedEP12CustomButton,0x240
0x3fe820,_ZNK17AvatarStreamEntry6encodeEP15ChecksumEncoder,0xa8
0x3fe8c8,_ZN5lzham10lzham_freeEPv,0x30
0x3fe8f8,_ZN15ResourceManager13doesFileExistEPKc,0xa0
0x3fe998,_ZNKSt6__ndk110__function6__funcIZN19SupercellIdCallback24setPendingLoginWithPhoneEP8_jobjectRK6StringbE3$_8NS_9allocatorIS8_EEFvvEE7__cloneEv,0x50
0x3fe9e8,_ZN24TextInputVirtualKeyboard11textUpdatedERK6String,0x48
0x3fea30,_ZN6icu_586Locale15getISOLanguagesEv,0x4
0x3fea34,_ZN15MapEditorScreen21getFreeCameraPositionEv,0x10
0x3fea44,_ZN13LogicConfData25getPriceForChallengeLivesEi,0x60
0x3feaa4,_hb_unicode_funcs_set_eastasian_width_func,0x74
0x3feb18,_ZN5lzham11lzham_timerC2Ev,0x5c
0x3feb74,_ZNK15sc3dWorldObject23getWorldNonUniformScaleEv,0x8
0x3feb7c,_ZN21LogicRankRewardConfig6decodeEP10ByteStream,0x48
0x3febc4,_ZN30LineAccountAlreadyBoundMessage6decodeEv,0x98
0x3fec5c,_ZNK9PopupBase15isFadeInEnabledEv,0x10
0x3fec6c,_uprv_asciitolower_58,0x18
0x3fec84,_ZN19SelectLocationPopup11getConfDataEv,0x1c
0x3feca0,_ZN5lzham17lzham_lib_z_errorEi,0x90
0x3fed30,_ZN16LogicMessageDataC2EP6CSVRowP14LogicDataTable,0x2c
0x3fed5c,_ZN20OnlineFriendsManagerC2Ev,0x38
0x3fed94,_Z20parseTencentUserInfoR11TencentUserPK15LogicJSONObject,0x190
0x3fef24,_ZN8Settings18getMovementOpacityEv,0x98
0x3fefbc,_ZN6icu_5813UnicodeStringD2Ev,0x60
0x3ff01c,_ZN20CreatePlayerMapPopupC2Ev,0x55c
0x3ff578,_ZNK33RankedMatchBanHeroResponseMessage14getMessageTypeEv,0x8
0x3ff580,_ZN17LocalNotification14setBadgeNumberEi,0x4
0x3ff584,_ZN12LogicTileMap25markBlockableForLargeSizeEiiibb,0x78
0x3ff5fc,_ZN21LogicBattleModeClient17getEventModifiersEv,0x8
0x3ff604,_ZN5titan3com9supercell5titan11SupercellId4initEb,0x90
0x3ff694,_u_isblank_58,0x9c
0x3ff730,_ZN14LogicDailyData15setSelectedSkinEPK13LogicSkinData,0x188
0x3ff8b8,_ZNK21LogicTutorialStepData11getShowUltiEv,0x10
0x3ff8c8,_ZN15FacebookManager6updateEf,0x230
0x3ffaf8,_ZN31PurchaseOfferBundlePopupHandler7hasDescEv,0x20
0x3ffb18,_ZNK8GameMain16shouldBeAgeGatedEv,0xb0
0x3ffbc8,_ZN12NSCIDManager31requestImageDataForAvatarStringERK6String,0x8
0x3ffbd0,_ZN9EventItem6updateEf,0x4
0x3ffbd4,_ZN10TeamStream13buttonClickedEP12CustomButton,0x17c
0x3ffd50,_Z9randRangeii,0x5c
0x3ffdac,_ZNKSt6__ndk110__function6__funcIZN19EnvironmentRenderer6renderER9Matrix2x3R14ColorTransformifE3$_7NS_9allocatorIS7_EEFvvEE11target_typeEv,0xc
0x3ffdb8,_ZN13LogicSkinData12setIntroFaceERK6String,0x8
0x3ffdc0,_ZN20LogicCharacterServer9throwThisEb,0x4
0x3ffdc4,_ZN24LatencyTestConfiguration6encodeEP10ByteStream,0x178
0x3fff3c,_ZNSt6__ndk110__function6__funcIZ39Java_com_supercell_titan_Kakao_loggedInE3$_0NS_9allocatorIS2_EEFvvEEclEv,0x28
0x3fff64,_ZN29AvatarNameChangeFailedMessage6decodeEv,0x2c
0x3fff90,_ZN14LogicPlayerMap13setAvatarNameEP6String,0x44
0x3fffd4,_ZNSt6__ndk110__function6__funcIZN19SupercellIdCallback23respondToDonationResultEP8_jobjectRK6StringS7_E4$_24NS_9allocatorIS8_EEFvvEE7destroyEv,0x28
0x3ffffc,_ZN17EventDetailsPopup13buttonClickedEP12CustomButton,0x3bc
0x4003b8,_ZN22ConfirmChangeClanPopup6updateEf,0xf0
0x4004a8,_ZN30SCIDAccountAlreadyBoundMessage11removeTokenEv,0x10
0x4004b8,_ZN13HeroListEntryD0Ev,0x50
0x400508,_ZNSt6__ndk110__function6__funcIZ50Java_com_supercell_titan_GameApp_handleDeeplinkURLE3$_0NS_9allocatorIS2_EEFbvEEclEv,0x5c
0x400564,_ZN16ServerConnection14existsKeyValueERK6String,0x6c
0x4005d0,_ZNK27PurchaseSkinGroupOfferPopup15showResourceHUDEv,0x8
0x4005d8,_ZN14SceneCharacter17overrideMaterialsEP8Material,0xe8
0x4006c0,_ZNK17LogicClientAvatar30getPractiseAiDifficultyForHeroEPK18LogicCharacterData,0x100
0x4007c0,_ZNSt6__ndk110__function6__funcIZZN11AndroidMain18onSurfaceDestroyedEvENK3$_2clEvEUlvE_NS_9allocatorIS4_EEFvvEE18destroy_deallocateEv,0x4
0x4007c4,_ZN39GoogleServiceAccountAlreadyBoundMessage12setAccountIdEP9LogicLong,0x8
0x4007cc,_Z62Java_com_supercell_titan_PurchaseManager_billingSetMarketplaceP7_JNIEnvP7_jclassP8_jstring,0x64
0x400830,_ZN8GameMain23deleteGeneratedTexturesEv,0x38
0x400868,_ZN16GameObjectSprite15removeMovieClipEv,0x34
0x40089c,_ZN12SoundManager21getCurrentMusicVolumeEv,0x10
0x4008ac,_ZN3SBM6unloadEv,0x98
0x400944,_Java_com_supercell_titan_TitanWebView_onSwipeRight,0x6c
0x4009b0,_ZNK17TencentLoginState6getTIDERK6String,0x18
0x4009c8,_ZN10DataGained22setParticleSpawnRadiusEf,0x8
0x4009d0,_ZNK6icu_5810UnicodeSet10_toPatternERNS_13UnicodeStringEa,0x19c
0x400b6c,_ZN32NativeFacebookConnectionCallback10safeStringEPK15LogicJSONString,0x40
0x400bac,_ZNK10BattleMode34getOfflineBossRaceOrSoloBountyRankEv,0x178
0x400d24,_ZNKSt6__ndk110__function6__funcIZN14LineConnection9autologinEvE3$_2NS_9allocatorIS3_EEFvbPKN8linecorp4nova11CredentialsEPKNS7_5ErrorEEE7__cloneEv,0x38
0x400d5c,_ZN10ByteStream23writeBytesWithoutLengthEPci,0xb0
0x400e0c,_ZNK16LogicRankedMatch6encodeEP10ByteStream,0xcc
0x400ed8,_ZN24AcceptTokenFriendMessage11removeTokenEv,0x10
0x400ee8,_ZN22ClientContentValidator17validateThemeDataEPK14LogicThemeData,0x148
0x401030,_read_buf,0xb0
0x4010e0,_ZL24hb_ft_get_glyph_v_originP9hb_font_tPvjPiS2_S1_,0xac
0x40118c,_ZN31PurchaseOfferBundlePopupHandler10setupPriceEP9MovieClip,0xc8
0x401254,_ZNKSt6__ndk110__function6__funcIZN11AndroidMain19keyboardSizeChangedEffE3$_7NS_9allocatorIS3_EEFvvEE7__cloneEv,0x38
0x40128c,_ZN24LocalNotificationManager23setupEventNotificationsEP14LogicArrayListIP9EventDataEb,0x444
0x4016d0,_ZN32NativeFacebookConnectionCallback19convertFacebookUserEPK15LogicJSONObjectR12FacebookUser,0x248
0x401918,_ZN17PlayHeroAnimationD0Ev,0x34
0x40194c,_ZNKSt6__ndk110__function6__funcIZN8TestCase28getAllSpritesVisibleMatchingI12CustomButtonZNS2_28getButtonsWithTextFieldValueE6StringbbS5_E4$_22EENS_6vectorIPT_NS_9allocatorIS9_EEEET0_EUlvE_NSA_ISE_EEFP6SpritevEE7__cloneEv,0x24
0x401970,_ZN9Character26setLockedTargetAngleAttackEi,0x30
0x4019a0,_ZN10SCTuneImpl8addFloatEPK6CSVRowRK6StringPfPKcP20SCTuneChangeListenerib,0x7c
0x401a1c,_ZThn96_N17AnimationInstance6renderERN11wendelstein21MovieClipRendererDataEf,0x8
0x401a24,_ZN34FacebookAccountAlreadyBoundMessage15removePassTokenEv,0x10
0x401a34,_ZN14MessageManager13updateOfflineEf,0x4
0x401a38,_ZN15sc3dWorldObject14detachChildrenEv,0x188
0x401bc0,_ZNK11LogicQuests11hasQuestForEbPK9EventData,0x98
0x401c58,_ZNKSt6__ndk110__function6__funcIZN11scTaskQueue3runIZN8TestCase11touchSpriteEP6SpriteE3$_2EENS_13invoke_resultIT_JEE4typeES9_EUlvE_NS_9allocatorISC_EEFvvEE7__cloneEPNS0_6__baseISF_EE,0x18
0x401c70,_ZN24LocalNotificationManager14createInstanceEv,0x2c
0x401c9c,_ZN17LogicSkinConfData14setHappyEffectERK6String,0x14
0x401cb0,_ZN9Character6updateEf,0x233c
0x403fec,_ZN17LogicGamePlayUtil12isJumpChargeEi,0x24
0x404010,_ZNK15ProLeagueScreen16fetchLeaderboardEb,0x7c
0x40408c,_ZN25KickAllianceMemberMessage13removeMessageEv,0x10
0x40409c,_ZN6icu_58L12set32x64BitsEPjii,0x248
0x4042e4,_ZN5lzham12lzcompressor18send_configurationEv,0x8
0x4042ec,_ZN12FriendsPopup14openFriendsTabEi,0x10
0x4042fc,_ZNK22LogicUnlockSkinCommand6encodeEP15ChecksumEncoder,0x2c
0x404328,_ZN5titan7android5media11MediaPlayerC2EP8_jobject,0xbc
0x4043f0,_ZNKSt6__ndk110__function6__funcIZN7GLImage14updateSubImageEPKciiiiiiE4$_10NS_9allocatorIS5_EEFvvEE6targetERKSt9type_info,0x1c
0x40440c,_ZNK20LogicCharacterServer8getPrevXEv,0x24
0x404430,_ZNSt6__ndk17__sort4IRZN20PlayerThumbnailPopup12refreshItemsEvE3$_0PPK24LogicPlayerThumbnailDataEEjT0_S8_S8_S8_T_,0xf4
0x404524,_ZNK10SCIDConfig7getBoolERK6Stringb,0x38
0x40455c,_ZN11TeamManager24checkIfCanInviteAndPrintEv,0xac
0x404608,_ZNKSt6__ndk110__function6__funcIZN11scTaskQueue3runIZN8TestCase7touchUpEvE4$_18EENS_13invoke_resultIT_JEE4typeES7_EUlvE_NS_9allocatorISA_EEFvvEE7__cloneEv,0x38
0x404640,_ZN7GLImage12freeRawImageEPh,0x4
0x404644,_ZN16ScreenProperties11setDpiClassE8DpiClass,0xc
0x404650,_ZN12GameSettings16destructInstanceEv,0x34
0x404684,_ZNSt6__ndk110__function6__funcIZN11scTaskQueue3runIZN7GLImage6createEiiiPKh9ImageWrap11ImageFilterE3$_7EENS_13invoke_resultIT_JEE4typeESB_EUlvE_NS_9allocatorISE_EEFvvEE7destroyEv,0x4
0x404688,_ZN12RefreshTitleD0Ev,0x34
0x4046bc,_ZN12AllianceInfo12refreshBadgeEPK22LogicAllianceBadgeData,0xf0
0x4047ac,_ZNK9TextField19getOriginalFontSizeEv,0x8
0x4047b4,_ZN10RewardItemD2Ev,0x4c
0x404800,_ZN13LogicTileData12resetStaticsEPK8CSVTable,0xa84
0x405284,_ZN12TitanWebView11setListenerEP16IWebViewListener,0xc
0x405290,_ZN20UnmuteChatStreamItem19setTextAndScaleSizeERK6Stringb,0x2e8
0x405578,_ZN7CSVNode7setNameERK6String,0x8
0x405580,_ZN17UITextFieldGetterD0Ev,0x5c
0x4055dc,_ubidi_close_58,0x80
0x40565c,_ZNKSt6__ndk110__function6__funcIZN11AndroidMain15_gameBackgroundEvE4$_16NS_9allocatorIS3_EEFvvEE11target_typeEv,0xc
0x405668,_ZNK19LogicRankedRankData24getRankIconTextFieldNameEv,0x10
0x405678,_ZN14TencentManager18inviteFriendToRoomERK6StringS2_S2_,0x1ac
0x405824,_ZNK10PlayerInfo9isLoadingEv,0x10
0x405834,_ZNK9Animation15getBonePriorityEi,0x18
0x40584c,_ZN8GoalList16displayTrackInfoEiiRK6StringP13DisplayObjectiii,0xc0
0x40590c,_ZN34PurchaseOfferHighlightPopupHandler18popupButtonPressedEi,0x1b8
0x405ac4,_ZNK9CombatHUD22isAloneInFriendlyMatchEv,0x78
0x405b3c,_ZN9UdpPacketC2Ev,0x14
0x405b50,_ZN16UdpPacketHandler13handleMessageEP14PiranhaMessageP25IUdpSocketMessageListener,0x22c
0x405d7c,_ZNK14TencentManager23getOpenIdBoundtoAccountEv,0x8
0x405d84,_ZN8NewsPage21updateMaintenanceModeEf,0x184
0x405f08,_ZN10HomeScreen12getMovieClipERK6StringS2_,0x28
0x405f30,_ZN11RenderQueue10sortOpaqueEv,0x7c
0x405fac,_ZL38hb_font_get_glyph_contour_point_parentP9hb_font_tPvjjPiS2_S1_,0xa8
0x406054,_ZN11SoundSystemC2EPN4FMOD6SystemEi,0x228
0x40627c,_SeqInStream_ReadByte,0x40
0x4062bc,_ZN17LogicSkinConfData25setAttackLocksAttackAngleEb,0x18
0x4062d4,_ZNSt6__ndk110__function6__funcIZN32NativeFacebookConnectionCallback7friendsERK6StringE3$_2NS_9allocatorIS6_EEFvvEE18destroy_deallocateEv,0x4
0x4062d8,_utrie2_enum_58,0x18
0x4062f0,_ZN11TeamManager31onTeamStreamEntryRemovedMessageEP29TeamStreamEntryRemovedMessage,0x2fc
0x4065ec,_ZN19EnvironmentRenderer29mergeMovieClipRendererBucketsEv,0xe0
0x4066cc,_Z12resolverCastRKNSt6__ndk110shared_ptrIvEE,0x64
0x406730,_ZNK3GUI17getSettingsWindowEv,0x98
0x4067c8,_ZN20NativeSCIDConnection17respondToDonationERK6Stringb,0xc
0x4067d4,_ZNK22LogicLocationThemeData30getDestructableSCW_CN_OverrideEi,0x18
0x4067ec,_ZL22hb_unicode_compose_nilP18hb_unicode_funcs_tjjPjPv,0x8
0x4067f4,_ZN9CombatHUD17updateScorerQueueEP21LogicBattleModeClient,0x200
0x4069f4,_ZN15LogicDataTables22getProtectedKingEffectEv,0xc
0x406a00,_ZN9xMatrix446getTRSERKS_R7Vector3IfERS_S4_,0xec
0x406aec,_ZNKSt6__ndk110__function6__funcIZN8TestCase13getStageWidthEvE4$_10NS_9allocatorIS3_EEFivEE7__cloneEv,0x24
0x406b10,_ZNK18LogicCharacterData15getShadowScaleXEv,0x8
0x406b18,_ZNK8GameMain20getAgeGateStatusNameEv,0x50
0x406b68,_ZNSt6__ndk110__function6__funcIZN19EnvironmentRenderer6renderER9Matrix2x3R14ColorTransformifE3$_6NS_9allocatorIS7_EEFvvEE7destroyEv,0x4
0x406b6c,_ZN6icu_5813UnicodeString9doReverseEii,0x19c
0x406d08,_ZN19SupercellIdCallback28donationReceivedNotificationEP8_jobjectS1_,0x458
0x407160,_hb_ft_font_set_funcs,0x1a4
0x407304,_ZN8Databind24NlohmannJsonOutReflector21reflectObjectOptionalERK6Stringb,0x28
0x40732c,_ZN15LogicDataTables16destructInstanceEv,0x34c
0x407678,_ZN14BlingTextField10formatNameERK6Stringb,0x34
0x4076ac,_ZN12SCWFileInput7readI16Ev,0x30
0x4076dc,_ZN8Animator13stopAnimationEif,0x34
0x407710,_ZN32LogicDeviceLinkConfirmYesMessage16setNewDeviceNameERK6String,0x8
0x407718,_ZN17LogicGamePlayUtil22getClosestPassableSpotEiiiPK12LogicTileMapP12LogicVector2b,0x40c
0x407b24,_ZN14ScreenRecorder17constructInstanceEv,0x20
0x407b44,_ZN9EmoteIcon14getEmoteRarityEv,0x8
0x407b4c,_ZN13AlliancePopup21resetButtonAnimationsEv,0x50
0x407b9c,_ZN22ClientContentValidator17validateSoundDataEPK14LogicSoundData,0x20c
0x407da8,_ZNSt6__ndk110__function6__funcIZN19EnvironmentRenderer6renderER9Matrix2x3R14ColorTransformifE3$_5NS_9allocatorIS7_EEFvvEED0Ev,0x4
0x407dac,_ZL20uloc_deleteTypeEntryPv,0x4
0x407db0,_ZN8GameMain17isReloadRequestedEv,0x8
0x407db8,_ZN8DebugHud4drawEv,0x2b4
0x40806c,_ZN6icu_5810UnicodeSet12applyPatternERKNS_13UnicodeStringER10UErrorCode,0xe0
0x40814c,_Java_com_supercell_titan_GameApp_setTencentLoggedOut,0xc8
0x408214,_FileSeqInStream_Read,0x6c
0x408280,_ZThn368_N20EventSuggestionPopupD0Ev,0x8
0x408288,_ZN8Sprite3D4stopEv,0x10
0x408298,_ZN10LogicGoals21getTokensToUnlockHeroEPK18LogicCharacterDatai,0xa0
0x408338,_ZN29AllianceMailAvatarStreamEntry8destructEv,0x8c
0x4083c4,_ZN10GatchaDrop6doDropEP13LogicHomeModeb,0x2a8
0x40866c,_ZN16LogicSkillServer13applyCooldownEP20LogicCharacterServerii,0x18
0x408684,_ZN24LocalNotificationManagerC2Ev,0x10
0x408694,_ZN10TestRunner11getInstanceEv,0xc
0x4086a0,_ZNKSt6__ndk110__function6__funcIZN7SCWFile4loadER12SCWFileInputE3$_0NS_9allocatorIS5_EEFvvEE7__cloneEPNS0_6__baseIS8_EE,0x20
0x4086c0,_ZN31SkinPurchaseOptionDonationPopupD2Ev,0x7c
0x40873c,_ZNK15SpriteToTexture16getTextureHandleEv,0x8
0x408744,_ZN19LogicRawInReflector11reflectBoolEbPKcb,0x10
0x408754,_ZN19SupercellIdCallback14connectedGamesEP8_jobjectP13_jobjectArray,0x210
0x408964,_ZNK10BitmapFont12formatStringERK6Stringffifbbf,0x138
0x408a9c,_ZN22BrawlerSuggestionPopup21isSuggestionValidToMeEP20QuickChatStreamEntry,0x80
0x408b1c,_ZN6icu_5810GreekUpper13getLetterDataEi,0x7c
0x408b98,_ZN11OnlinePopup13buttonClickedEP12CustomButton,0x2d0
0x408e68,_ZNK13LogicCardData8getSkillEv,0x8
0x408e70,_ZNK37KunlunBillingProcessedByServerMessage6getTIDEv,0x8
0x408e78,_ZNK15LogicJSONNumber6equalsEPK13LogicJSONNode,0x94
0x408f0c,_ZNK16QuestListHandler13getTotalCountEv,0xc
0x408f18,_ZL20create_png_image_rawP3pngPhjijj,0x1a80
0x40a998,_ZNK18LogicClientGlobals38isGoogleServicePopupAfterFirstPurchaseEv,0x8
0x40a9a0,_ZN28LogicGameObjectManagerClientC2Ev,0xac
0x40aa4c,_ZN16DeviceLinkWindow34isEnteringCodeToThisVersionAllowedEv,0x8
0x40aa54,_ZN19ScrollingInputField6updateEf,0x3c
0x40aa90,_ZN18DonateNotification6encodeEP15ChecksumEncoder,0x34
0x40aac4,_ZN11hb_buffer_t13make_room_forEjj,0x98
0x40ab5c,_ZN18AllianceWarMessageC2Ev,0x3c
0x40ab98,_ZNK10SCIDConfig9getStringERK6String,0x6c
0x40ac04,_ZNK8Sprite3D14getDynamicMeshEi,0x20
0x40ac24,_uhash_hashLong_58,0x4
0x40ac28,_ZN13CcTeaserPopup18customButtonTappedEP10GameButtoni,0xc
0x40ac34,_ZN12GameSettingsD2Ev,0x14
0x40ac48,_ZN6icu_5812PatternProps14skipWhiteSpaceEPKti,0x64
0x40acac,_ZN30DeletePlayerMapResponseMessage18getServiceNodeTypeEv,0x8
0x40acb4,_ZN10SCIDConfig9setStringERK6StringS2_,0x9c
0x40ad50,_ZN20PlayerMapDeletePopup6updateEf,0x4
0x40ad54,_ZN16FramerateManager4initEv,0x180
0x40aed4,_ZN18ServerHelloMessage22removeServerHelloTokenEv,0x14
0x40aee8,_ZN9InitState13popContentUrlEv,0x9c
0x40af84,_ZN12SupercellSWF9readAsciiERiPc,0x194
0x40b118,_ZNSt6__ndk110__function6__funcIZN11AndroidMain23startedFromNotificationERK6StringE3$_8NS_9allocatorIS6_EEFvvEED0Ev,0x30
0x40b148,_ZN18LoginFailedMessage18setMaintenanceTypeEi,0x8
0x40b150,_ZN23SignoffPlayerMapMessage6encodeEv,0x38
0x40b188,_ZNK16LogicMessageData14getMessageTypeEv,0x10
0x40b198,_ZN14EnterNamePopupD2Ev,0xd0
0x40b268,_ZNK16GameStateManager15getPlayerAvatarEv,0x8
0x40b270,_ZNKSt6__ndk110__function6__funcIZN10HeroSprite9HeroEntry15updateAnimationEfE3$_0NS_9allocatorIS4_EEFNS_8functionIFvvEEEvEE7__cloneEPNS0_6__baseISA_EE,0x18
0x40b288,_ZN37PurchaseHeroLvlUpMaterialPopupHandler20purchaseButtonTappedEv,0x164
0x40b3ec,_ZN12BattleScreen12resetScalingEv,0x14
0x40b400,_ZN8HeroListD2Ev,0xfc
0x40b4fc,_ZN19LogicResourceBundleC2Ev,0x8
0x40b504,_ZNK18LogicCharacterData26getDifferentFootstepOffsetEv,0x10
0x40b514,_utrace_getFunctions_58,0x34
0x40b548,_ZN6icu_587UMemorydaEPv,0xc
0x40b554,_ZN27LogicPlayerRankedSeasonData8destructEv,0x84
0x40b5d8,_ZNSt6__ndk110__function6__funcIZN8TestCase23withFirstSpriteMatchingENS_8functionIFbP6SpriteEEENS3_IFvS5_EEEE4$_13NS_9allocatorISA_EEFS5_vEED0Ev,0x84
0x40b65c,_ZN5titan7android5media11MediaPlayer13setDataSourceERKNS0_7content7ContextERKNS0_3net3UriE,0x1c4
0x40b820,_ZN16UdpReceiveBuffer14processMessageEP10UdpMessageR14LogicArrayListIS1_E,0x3f8
0x40bc18,_ZThn96_N11QuestsPopup13buttonClickedEP12CustomButton,0x4
0x40bc1c,_Z16xCRC32IgnoreCasePKvjRj,0x54
0x40bc70,_ZN16KeepAliveMessageC2Ei,0x30
0x40bca0,_ZN11UpgradeItem15getAbilityPowerEPK18LogicCharacterDataii,0x80
0x40bd20,_u_charDigitValue_58,0x88
0x40bda8,_ZN22ClientContentValidator21testMapTileCodeAmountEPK17LogicLocationDataRK6StringP14LogicMapLoaderii,0xc0
0x40be68,_ZN21RankedCoinFlipOverlay15getCoinFlipClipEv,0xc
0x40be74,_ZN17ChatOptionsSlider26createOptionItemScrollAreaEv,0x150
0x40bfc4,_ZNSt6__ndk110__function6__funcIZN32NativeFacebookConnectionCallback6logoutEvE3$_6NS_9allocatorIS3_EEFvvEED0Ev,0x4
0x40bfc8,_ZN5titan3com9supercell5titan13UnityAdsTitan13isAdAvailableEv,0x5c
0x40c024,_ZN36GamecenterAccountAlreadyBoundMessage23removeLogicClientAvatarEv,0x10
0x40c034,_ZNK17CreateGameMessage10getLevelIdEv,0x8
0x40c03c,_ZNK19LogicProjectileData28piercesEnvironmentLikeButterEv,0x8
0x40c044,_ZN19BattleLogPlayerItem6updateEf,0x4
0x40c048,_ZN12TestReporter10saveToFileE6String,0x220
0x40c268,_hb_set_reference,0x1c
0x40c284,_ZNK13LogicHintData12getCharacterEv,0x8
0x40c28c,_ZNK17scFSLayerPackfile10fileExistsEPKc,0x318
0x40c5a4,_ZN8Sprite3D14updateUniformsERK9xMatrix44S2_i,0xd8
0x40c67c,_ZN27PurchaseSkinGroupOfferPopup20findOfferByChronosIdEiP14LogicArrayListIP16LogicOfferBundleE,0x40
0x40c6bc,_ZN14LoginOkMessage15removeUpdateURLEv,0x10
0x40c6cc,_ZN12ScMatrixBankC2EP12SupercellSWFi,0x14
0x40c6e0,_ZN4Shop11setGemPriceEP9MovieClipiRK6String,0x118
0x40c7f8,_ZNK21LogicTutorialStepData13getCustomDataEv,0x10
0x40c808,_ZN21LogicAreaEffectServer9setSourceEP20LogicCharacterServeri,0xc
0x40c814,_ZN18LogicGatchaCommandC2Ei,0x34
0x40c848,_ZN24RankedLeaderboardsScreen6updateEf,0x10
0x40c858,_ZNK18LogicCharacterData16getUltiChargeMulEv,0xc
0x40c864,_u_getBidiPairedBracket_58,0x14
0x40c878,_ZN5titan3com9supercell2id8IdFriendC2EP8_jobject,0xbc
0x40c934,_ZN27YoozooOrderAvailableMessage18getServiceNodeTypeEv,0x8
0x40c93c,_ZN22LogicIAPChangedCommand7executeEP13LogicHomeModeib,0x88
0x40c9c4,_ZN12BattleScreen13updatePetrolsEf,0x4d8
0x40ce9c,_ZN21LogicJSONOutReflector8setFloatEPKcff,0x9c
0x40cf38,_ZN24LocalNotificationManagerD2Ev,0xb0
0x40cfe8,_ZNK10BattleMode8isInitedEv,0x10
0x40cff8,_ZNSt6__ndk110__function6__funcIZN10SWFTexture4loadEP12SupercellSWFbibbbbRK6StringE3$_1NS_9allocatorIS8_EEFvvEEclEv,0x8
0x40d000,_ZN14BattleEndPopup26getTeamDeathmatchExecutionEv,0x9ac
0x40d9ac,_ZN8UIButton7refreshEP5UICtxi,0x40
0x40d9ec,_ZN6icu_58L24uprv_normalizer2_cleanupEv,0x9c
0x40da88,_ZNK12LocationInfo20getLocationThemeDataEv,0x88
0x40db10,_ZN28UdpBigMessageFragmentMessage6decodeEv,0x78
0x40db88,_ZN15MapEditorScreen9debugDrawEv,0x4
0x40db8c,_ZN10TeamStream14showMuteButtonEb,0x54
0x40dbe0,_ZNSt6__ndk110__function6__funcIZ42Java_com_supercell_titan_Kakao_loginFailedE3$_3NS_9allocatorIS2_EEFvvEED0Ev,0x30
0x40dc10,_ZNK17LogicCampaignData13getEnemyLevelEv,0x10
0x40dc20,_ZNK5Items20selectionIsOverridenEv,0x24
0x40dc44,_ZNK37JoinAllianceResponseAvatarStreamEntry11getAcceptedEv,0x8
0x40dc4c,_ZN10GameScreen9playSoundEPK14LogicSoundData,0x20
0x40dc6c,_ZNK12LocationInfo18hasCommunityCreditEv,0x20
0x40dc8c,_ZN5titan3com9supercell5titan14HelpshiftTitan21setInitialUserMessageERK6String,0x8c
0x40dd18,_ZThn8_NK6icu_5810UnicodeSet17matchesIndexValueEh,0xec
0x40de04,_ZN17LogicClientAvatar18clearDataSlotArrayEP14LogicArrayListIP13LogicDataSlotE,0x6c
0x40de70,_ZN6icu_5810CharString15getAppendBufferEiiRiR10UErrorCode,0x98
0x40df08,_ZN24TitanDisconnectedMessageC2Ei,0x38
0x40df40,_ZThn96_N12AllianceInfo13buttonClickedEP12CustomButton,0x8
0x40df48,_ZNK20EndClientTurnMessage7getTickEv,0x8
0x40df50,_ZNK19AllianceHeaderEntry20getPreferredLanguageEv,0x8
0x40df58,_ZN14LogicJSONArray3addEiP13LogicJSONNode,0x174
0x40e0cc,_ZNK17LogicClientAvatar12getItemCountEi,0x154
0x40e220,_ZNK24LogicParticleEmitterData15getEnemyVersionEv,0x8
0x40e228,_ZN13DisplayObject9setScaleYEf,0x8
0x40e230,_ZThn96_N17AnimationInstance11setLocationEfff,0xc
0x40e23c,_ZN29AvailableServerCommandMessage6encodeEv,0x28
0x40e264,_ZNK17LogicLocationData12getBannerSWFEv,0x80
0x40e2e4,_ZN4Game27unregisterLifecycleListenerEP22TitanLifecycleListener,0x28
0x40e30c,_ZN6icu_5810UnicodeSet9removeAllERKNS_13UnicodeStringE,0x114
0x40e420,_ZN20PlayerNameColorPopup12refreshItemsEv,0x298
0x40e6b8,_ZN37KunlunBillingProcessedByServerMessage6encodeEv,0x44
0x40e6fc,_ZN15ResourceManager16validateCSVTableEPK8CSVTable,0x430
0x40eb2c,_ZNK39LogicAccountTransferCodeResponseMessage12getErrorCodeEv,0x8
0x40eb34,_ZNK16FacebookATTPopup28allowClosingFromModalTappingEv,0x8
0x40eb3c,_ZN12EventTracker9loggedOutEv,0x34
0x40eb70,_ZNSt6__ndk110__function6__funcIZN3UIu15displayTestListEvE3$_0NS_9allocatorIS3_EEFRK6StringP5UICtxEEclEOSA_,0x10
0x40eb80,_ZN4asio6detail26reactive_socket_connect_opINS0_16range_connect_opINS_2ip3tcpENS_15any_io_executorENS3_22basic_resolver_resultsIS4_EENS0_25default_connect_conditionEZZN9Messaging7connectERK6StringSC_ENK3$_2clERKNSt6__ndk110error_codeES7_EUlSH_RKT_E_EES5_E3ptr5resetEv,0x114
0x40ec94,_ZN10BitmapFontD0Ev,0x24
0x40ecb8,_ZNK26LogicGameModeVariationData27getBannerOverrideExportNameEv,0x10
0x40ecc8,_ZNKSt6__ndk110__function6__funcIZN11scTaskQueue3runIZN7GLImage6createEPKcS6_9ImageWrap11ImageFilterE3$_6EENS_13invoke_resultIT_JEE4typeESB_EUlvE_NS_9allocatorISE_EEFvvEE11target_typeEv,0xc
0x40ecd4,_ZNK20LogicItemSeenCommand6encodeEP15ChecksumEncoder,0x2c
0x40ed00,_u_memchr_58,0x90
0x40ed90,_ZN13LogicConfData11addIntValueEii,0x26c
0x40effc,_ZN9TeamEntry17getMembersForSideEi,0x1ec
0x40f1e8,_ZN15AllianceManager36hasFriendBeenOnlineDuringThisSessionEPK9LogicLong,0x68
0x40f250,_ZN15LogicJSONHelper6getIntEPK15LogicJSONObjectRK6Stringi,0x34
0x40f284,_ZN16LogicXpLevelData12resetStaticsEPK8CSVTable,0xe4
0x40f368,_ZN8Impostor17updateSubViewportEPK15sc3dWorldCameraPK13SceneUniforms,0xa8
0x40f410,_ZN27BattleEndRankedRankUpScreen6updateEff,0x58
0x40f468,_ZN10LogicOffer6encodeEP10ByteStream,0x10
0x40f478,_ZN6StringpLERKS_,0xb0
0x40f528,_ZN15GameSCIDManager15avatarImageDataEPhmmm6String,0x25c
0x40f784,_ZN15GameSCIDManager28setIngameFriendsSupercellIdsEP14LogicArrayListIP6FriendE,0x2a0
0x40fa24,_ZN8Sprite3D12setAnimationEP9Animation,0x38
0x40fa5c,_ZNK9UdpSocket17getMessageFactoryEv,0x8
0x40fa64,_ZThn96_N22MapEditorModifierPopup13buttonClickedEP12CustomButton,0x8
0x40fa6c,_ZN3MD54initEv,0x44
0x40fab0,_ZN6icu_5810Appendable15getAppendBufferEiiPtiPi,0x28
0x40fad8,_ZN17LogicSkinConfData28setSecondarySkillRecoilAnim2ERK6String,0x14
0x40faec,_ZN6icu_5810UnicodeSet13createFromAllERKNS_13UnicodeStringE,0xb8
0x40fba4,_ZN8HomePage27updateChampionshipChallengeEv,0x118
0x40fcbc,_ZN8HudPrintD0Ev,0x24
0x40fce0,_adler32_0,0x8
0x40fce8,_ZN17PlayerRankingData14setDisplayDataEP17PlayerDisplayData,0x54
0x40fd3c,_hb_script_to_iso15924_tag,0x4
0x40fd40,_ZN6icu_5811ICU_Utility12appendToRuleERNS_13UnicodeStringEiaaS2_,0x444
0x410184,_ZN34LogicProLeagueSeasonChangedCommandC2Ev,0x30
0x4101b4,_ZN11FriendEntry15setGamecenterIdEP6String,0x8
0x4101bc,_ZN4Shop17setupProductPriceEP9MovieClipPK24LogicBillingPackagesData,0x48
0x410204,_ZNK14BillingManager19getStoreCountryCodeEv,0x8c
0x410290,_ZN20SupercellIdOfferItem13buttonPressedEv,0xa0
0x410330,_ZNK18LogicChallengeData13getEventAssetEv,0x10
0x410340,_LookToRead_Init,0x8
0x410348,_ZNSt6__ndk110__function6__funcIZN19SupercellIdCallback7friendsEP8_jobjectP13_jobjectArrayE4$_13NS_9allocatorIS7_EEFvvEE18destroy_deallocateEv,0x4
0x41034c,_ZN17OnlineFriendsList6updateEf,0x1d8
0x410524,_ZNKSt6__ndk110__function6__funcIZN11scTaskQueue3runIZN8TestCase20drawDebugPercentagesEvE4$_20EENS_13invoke_resultIT_JEE4typeES7_EUlvE_NS_9allocatorISA_EEFvvEE7__cloneEv,0x38
0x41055c,_ZN15GameSCIDManager12windowClosedEv,0xb8
0x410614,_ZN15DoubleDropPopup11dropDoubledEP14LogicArrayListIP10GatchaDropE,0x828
0x410e3c,_ZN6scPath8basenameERKNSt6__ndk112basic_stringIcNS0_11char_traitsIcEENS0_9allocatorIcEEEE,0x170
0x410fac,_hb_font_funcs_set_glyph_name_func,0x8c
0x411038,_ZN5titan3com9supercell5titan14HelpshiftTitan11setMetadataERK6StringS6_,0xb0
0x4110e8,_ZN9DebugInfoC2ENS_13DebugInfoTypeE,0x4c
0x411134,_ZN24RankedLeaderboardsScreen17hideRegionButtonsEv,0x1c
0x411150,_ZN8GameMain19resetHibernateTimerEv,0x24
0x411174,_ZN12AllianceEdit13touchReleasedERK5Touch,0x24
0x411198,_ZNK7GLImage8getTexIdEv,0x8
0x4111a0,_ZN14DataLoaderGLTF4loadEPKcS1_RKNSt6__ndk15arrayIiLm4EEE,0x324
0x4114c4,_ZNK14LogicDailyData23getFirstMiniOfferBundleEv,0x38
0x4114fc,_ZN20CreateAccountMessage16removeFacebookIdEv,0x10
0x41150c,_ZNK17LogicSkinConfData14getSadLoopAnimEv,0x10
0x41151c,_ZN27PurchaseSkinGroupOfferPopup13touchReleasedERK5Touch,0x30
0x41154c,_ZNK14LogicDataTable19isCombinedDataTableEv,0x8
0x411554,_ZNK17LogicShopItemData16getShopItemAssetEv,0x10
0x411564,_ZN4Shop18createSpecialOfferEP10TimedOfferi,0x1d8
0x41173c,_ZNK3GUI19getNameChangeWindowEv,0x98
0x4117d4,_ZN20LogicRawOutReflector14reflectJSONPtrEP13LogicJSONNodePKc,0x94
0x411868,_ZN15AllianceManager13doStartReplayExx,0xc0
0x411928,_udata_close_58,0x50
0x411978,_ZN15ResourceManager25isResourceLoadingOrLoadedEPKc,0xf8
0x411a70,_ZN15sc3dWorldObject8setScaleEf,0x9c
0x411b0c,_ZN15AllianceManager20getIndexOfBestPlayerEP14LogicArrayListIP12OnlinePlayerE,0x5c
0x411b68,_ZNSt6__ndk110__function6__funcIZN27BattleEndRankedRankUpScreen14addExecutionToEP18SequencedExecutionE3$_1NS_9allocatorIS5_EEFbvEED0Ev,0x4
0x411b6c,_ZN17LogicGamePlayUtil22weaponSpreadToAngleRadEi,0x18
0x411b84,_ZN11FriendEntry20setProfilePictureUrlEP6String,0x44
0x411bc8,_ZN16ServerConnection12loadAccountsEbb,0x5cc
0x412194,_ZN9BitStream13readIntMax511Ev,0x254
0x4123e8,_ZN12AllianceInfo21allianceMemberChangedEP19AllianceMemberEntry,0x114
0x4124fc,_ZN31LogicCancelPurchaseOfferCommand10canExecuteEPK13LogicHomeModei,0xb8
0x4125b4,_ZNKSt6__ndk110__function6__funcIZ39Java_com_supercell_titan_Kakao_loggedInE3$_0NS_9allocatorIS2_EEFvvEE7__cloneEv,0x74
0x412628,_ZL26breakiterator_cleanup_dictv,0x44
0x41266c,_ZN8Databind23NlohmannJsonInReflector10enterArrayERK6String,0x188
0x4127f4,_ZN14AllianceSearchC2Ev,0x45c
0x412c50,_ZN9ShopPopup17diamondsPurchasedEi,0x8
0x412c58,_ZN17FriendRequestItemC2EP6Friend,0x30c
0x412f64,_Z16Base64decode_lenPKc,0x40
0x412fa4,_ZN22LogicAllianceBadgeData8destructEv,0x4
0x412fa8,_ZNKSt6__ndk110__function6__funcIZN11scTaskQueue3runIZN8TestCase9moveTouchER5TouchS5_S5_fE3$_8EENS_13invoke_resultIT_JEE4typeES9_EUlvE_NS_9allocatorISC_EEFvvEE11target_typeEv,0xc
0x412fb4,_ZN20LogicCharacterServer16tickInvisibilityEv,0x4
0x412fb8,_ZN10ScrollArea26addContentDontUpdateBoundsEP13DisplayObject,0x8
0x412fc0,_ZN36AskForPlayingSupercellFriendsMessage18removeSupercellIdsEv,0x10
0x412fd0,_ZN12LogicBitList9clearBitsEv,0x30
0x413000,_ZN30SCIDAccountAlreadyBoundMessage15removeAccountIdEv,0x10
0x413010,_ZNKSt6__ndk110__function6__funcIZN32NativeFacebookConnectionCallback6logoutEvE3$_6NS_9allocatorIS3_EEFvvEE7__cloneEPNS0_6__baseIS6_EE,0x10
0x413020,_ZN19SelectLocationPopup18setSelectedDuoItemEP12LocationItem,0x194
0x4131b4,_ZNK11BasePageGUI13getScrollProgEv,0x64
0x413218,_ZN18HighRateUdpMessage12setMessageIdEi,0x8
0x413220,_ZNK21LogicBattleModeServer13isPlayerAliveEi,0x2c
0x41324c,_ZN5titan3com9supercell5titan7tencent11MSDKManager12shareMessageERK6StringS7_S7_S7_S7_RKNSt6__ndk16vectorISt4byteNS8_9allocatorISA_EEEES7_,0x188
0x4133d4,_ZN8Settings14getCoordinatesERK6String,0x110
0x4134e4,_ZN12jpeg_decoder16init_progressiveEv,0x3a8
0x41388c,_ZN24UdpConnectionInfoMessage13setServerPortEi,0x8
0x413894,_ZN5Track5flushEv,0x4
0x413898,_ZN24LatencyTestStatusMessage14addLatencyDataEP11LatencyData,0x13c
0x4139d4,_ZN7GLImage16glFormatToStringEi,0x2c
0x413a00,_ZN12jpeg_decoder17init_quant_tablesEv,0x4
0x413a04,_ZN21LogicBattleModeServer17handleClientInputEP11ClientInputi,0x95c
0x414360,_ZN9QuestItemD0Ev,0x50
0x4143b0,_ZN9PopupBase10addContentEP13DisplayObject,0x24
0x4143d4,_ZNK17TencentLoginState24showWeChatMissingFloaterEv,0xb4
0x414488,_hb_shape_plan_destroy,0xcc
0x414554,_ZNK6icu_5811Replaceable5cloneEv,0x8
0x41455c,_ZNK17LogicLocalization16getLanguageCountEv,0x8
0x414564,_ZN4WaitD0Ev,0x34
0x414598,_ZN6icu_587UVector15insertElementAtEiiR10UErrorCode,0x10c
0x4146a4,_ZL8snprintfPcU17pass_object_size1mPKcz.15061,0x78
0x41471c,_ZN11wendelstein18WendelsteinManager6createEPKc,0x14
0x414730,_ZN12GenericPopup11setTitleTidERK6String,0x2c
0x41475c,_ZN10HomeScreen13buttonClickedEP12CustomButton,0x4
0x414760,_ZNK22LogicLocationThemeData26hasChinaMapPreviewOverrideERK6String,0x84
0x4147e4,_ZN5titan3com9supercell5titan17GL2JNISurfaceView16getSurfaceHolderEv,0x7c
0x414860,_ZN26ChampionshipChallengePopup12isCurrentMapEP9EventData,0x34
0x414894,_ZN11SCIDManager29migrateFromEmailToSupercellIdEv,0xd4
0x414968,_ZN20SetEncryptionMessage6encodeEv,0x2c
0x414994,_ZN18AttackRadiusSpriteD0Ev,0x24
0x4149b8,_ZN28scHapticFeedbackImpl_Android4playEv,0x8
0x4149c0,_ZN16AllianceWarPopupC2Ev,0x208
0x414bc8,_ZN8Databind24NlohmannJsonOutReflector7setLongERK6Stringxx,0xb8
0x414c80,_ZN14BattleEndPopup23updateTotalCoinsElementEP18SequencedExecutionP17ParallelExecutionP9MovieClipii,0x158
0x414dd8,_ZNK10BitmapFont13getFamilyNameEv,0x18
0x414df0,_ZNK17BrawlBoxInfoPopup12getPopupTypeEv,0x8
0x414df8,_hb_font_set_funcs_data,0x64
0x414e5c,_ZNK18LogicClientGlobals14getStringValueERK6String,0x18
0x414e74,_ZN14LogicAccessory13tickAccessoryEP20LogicCharacterServer,0x4
0x414e78,_ZL8snprintfPcU17pass_object_size1mPKcz.13902,0x78
0x414ef0,_lv1_detect_frida_library__ZL8snprintfPcU17pass_object_size1mPKcz,0x110
0x415000,_ZN22LogicSelectSkinCommandC2EPK13LogicSkinData,0x34
0x415034,_ZN5lzham12symbol_codec5clearEv,0x9c
0x4150d0,_ZN13HeroModelItemD2Ev,0x94
0x415164,_hb_face_is_immutable,0x8
0x41516c,_u_memcmp_58,0x38
0x4151a4,_ZN12BlurRenderer6renderER9Matrix2x3R14ColorTransformif,0x1e0
0x415384,_ZN34JoinAllianceUsingInvitationMessage22setAvatarStreamEntryIdEP9LogicLong,0x8
0x41538c,_ZN6icu_5823UnicodeStringAppendableD0Ev,0x24
0x4153b0,_ZN11BasePageGUI14touchCancelledEi,0x40
0x4153f0,_ZN19ResourceDataTextureD2Ev,0x44
0x415434,_ZNK20LogicCharacterServer12closeToWaterEv,0x1b4
0x4155e8,_ZN6icu_5816ReorderingBuffer12appendZeroCCEiR10UErrorCode,0x148
0x415730,_ZN14MessageManager14showFloaterTIDERK6String,0x5c
0x41578c,_ZNKSt6__ndk110__function6__funcIZN11Character3D6updateEfE3$_0NS_9allocatorIS3_EEFvvEE6targetERKSt9type_info,0x1c
0x4157a8,_ZNK22LogicLocationThemeData15getBlocking3SCWEi,0x18
0x4157c0,_ZN6Assert24getAssertHandlerInstanceEv,0x58
0x415818,_ZN12SkinListItem8isLoadedEv,0x10
0x415828,_ZN9MovieClip19changeTimelineChildEP13DisplayObjectS1_,0x14c
0x415974,_ZN11EmoteButton8setInUseEb,0x1c
0x415990,_ZN6icu_586Locale14getLocaleCacheEv,0xbc0
0x416550,_lv1_detect_frida_library__ZL19create_guard_threadv,0x58
0x4165a8,_sub_4165A8,0x30
0x4165d8,_sub_4165D8,0x4c
0x416624,_ZN19SupercellIdCallback20setNotificationBadgeEP8_jobjectbi,0x1fc
0x416820,_ZN23LogicReflectableFactory16initBaseInstanceEv,0x30
0x416850,_ZN9ShopPopupC2Ev,0x1a0
0x4169f0,_ZN22scSkipFileHeaderFilter13setDownstreamEP10scFileImpl,0x44
0x416a34,_ZNK11LogicPlayer12getStarsLostEv,0x3c
0x416a70,_cubic_to,0x88
0x416af8,_ZN13EnterAgePopup13buttonClickedEP12CustomButton,0x400
0x416ef8,_ZN18ClientHelloMessage15setMajorVersionEi,0x8
0x416f00,_ZL21changesWhenCasefoldedRK14BinaryPropertyi9UProperty,0x1f8
0x4170f8,_ZN9PopupBase17homeButtonPressedEv,0x14
0x41710c,_ZN22UnlockAccountOkMessage15removeAccountIdEv,0x10
0x41711c,_u_isISOControl_58,0x20
0x41713c,_ZN15ResourceManager4initEP17DataLoaderFactoryPKcRKNS_17MultithreadConfigE,0x91c
0x417a58,_sub_417A58,0x8c
0x417bc0,_sub_417BC0,0x4
0x417c10,_sub_417C10,0x1c
0x417cdc,_sub_417CDC,0x30
0x417ec8,_sub_417EC8,0x10
0x417ed8,_sub_417ED8,0x4
0x417f24,_sub_417F24,0x8a8
0x4187cc,_ZN19DeviceLinkSubScreenD2Ev,0x70
0x41883c,_ZNK20LogicCharacterServer29getSizeSubtilesForPathfindingEv,0x58
0x418894,_ZN14BlingTextField20getInterpolatedColorEfPf,0xe8
0x41897c,_ZNKSt6__ndk110__function6__funcIZN11scTaskQueue3runIZN8TestCase9moveTouchER5TouchS5_S5_fE3$_7EENS_13invoke_resultIT_JEE4typeES9_EUlvE_NS_9allocatorISC_EEFvvEE7__cloneEv,0x38
0x4189b4,_ZNK15ApiTokenMessage22getTokenRefreshSecondsEv,0x8
0x4189bc,_ZN16DropGUIContainer13addGameButtonEPKcb,0xc0
0x418a7c,_ZN11DragHandler14enablePinchingEb,0xc
0x418a88,_ZNK21LogicBattleModeClient15getGameListenerEv,0x8
0x418a90,_ZN6icu_587UVector4sortEPFa8UElementS1_ER10UErrorCode,0x78
0x418b08,_ZN21LogicJSONOutReflector9setStringEPKcRK6StringS4_,0xb0
0x418bb8,_ZL7reorderPK18hb_ot_shape_plan_tP9hb_font_tP11hb_buffer_t,0x5e4
0x41919c,_ZN12CustomButton16setDisplayObjectEP13DisplayObjectb,0x1d0
0x41936c,_ZN20UnlockAccountMessage6decodeEv,0x6c
0x4193d8,_ZN14LogicThemeData16createReferencesEv,0x54
0x41942c,_ZN13LogicSkinData14setProfileAnimERK6String,0x8
0x419434,_ZN18HighRateUdpMessage8destructEv,0x50
0x419484,_ZN15LaserBoxManager17setEsportsRegionsERK6String,0xb4
0x419538,_ZNK14BattleEndPopup18isSpectateOrReplayEv,0x30
0x419568,_compress_block,0x3b0
0x419918,_ZN16OnlineFriendItem24getTeamupStateWithPlayerEP12OnlinePlayer,0x84
0x41999c,_Z17moviePlayerDetachv,0x80
0x419a1c,_ZN5titan3com9supercell5titan19ApplicationUtilBaseC2EP8_jobject,0xbc
0x419ad8,_ZNSt6__ndk110__function6__funcIZN11scTaskQueue3runIZN8TestCase10getDoTouchEP13DisplayObjectE3$_6EENS_13invoke_resultIT_JEE4typeES9_EUlvE_NS_9allocatorISC_EEFvvEEclEv,0xcc
0x419ba4,_ZNK12LogicTileMap29isPassableFromWaterPathFinderEiii,0x74
0x419c18,_ZN41CafeBazaarBillingProcessedByServerMessage6encodeEv,0x44
0x419c5c,_ZL23hb_ucdn_combining_classP18hb_unicode_funcs_tjPv,0x8
0x419c64,_ZN11FriendEntryC2Ev,0x6c
0x419cd0,_ZN29LogicPlayerMapEnvironmentDataC2EP6CSVRowP14LogicDataTable,0x34
0x419d04,_ZN5titan3com9supercell5titan17GL2JNISurfaceView15getLayoutParamsEv,0x7c
0x419d80,_ZNK18AddableFriendEntry6encodeEP15ChecksumEncoder,0x94
0x419e14,_ZNK7PageGUI15getPageItemByIdEi,0x3c
0x419e50,_ZNK16PlayerMapManager26isPlayerMapSubmitAvailableEv,0x8c
0x419edc,_ZNK8HomeMode24canDownLoadDeferredFilesEv,0x24
0x419f00,_ZN17LogicSkinConfData12setHappyFaceERK6String,0x14
0x419f14,_ZN16ResourceListenerC2Ev,0x7c
0x419f90,_ZplxRK6String,0xe4
0x41a074,_uloc_getName_58,0xc
0x41a080,_ZN19AllianceListMessageC2Ei,0x30
0x41a0b0,_ZNK12SupercellSWF15createMovieClipEPKc,0x1d0
0x41a280,_ZNKSt6__ndk110__function6__funcIZN14LineConnection6logoutEvE3$_4NS_9allocatorIS3_EEFvbPKN8linecorp4nova5ErrorEEE11target_typeEv,0xc
0x41a28c,_ZN20LogicJSONInReflector11reflectBoolEbPKcb,0x84
0x41a310,_ZN11UIMultiView6handleEP5UICtxi,0xf4
0x41a404,_ZN24TicketRewardNotification8destructEv,0x24
0x41a428,_ZNK21LogicBattleModeServer18getRoundResetTimerEv,0x8
0x41a430,_ZN12scZstdReader14readShortArrayEi,0x58
0x41a488,_ZNSt6__ndk16__sortIRZN13ImpostorAtlas11addImpostorEP8ImpostorbbE3$_0PNS1_5EntryEEEvT0_S8_T_,0x890
0x41ad18,_ZNK20LogicCharacterServer12getActivePetEb,0x8
0x41ad20,_ZN14TitanInputFile4skipEi,0x30
0x41ad50,_ZNKSt6__ndk110__function6__funcIZN11scTaskQueue3runIZN8TestCase6dragToER5TouchfE4$_17EENS_13invoke_resultIT_JEE4typeES9_EUlvE_NS_9allocatorISC_EEFvvEE7__cloneEv,0x38
0x41ad88,_ZN16BufferedReadFileC2Ev,0x28
0x41adb0,_ZN14RankedGoalItem16getConditionTextEPK14LogicConditionb,0x214
0x41afc4,_ZN23BindKakaoAccountMessage8getForceEv,0x8
0x41afcc,_ZL14locale_cleanupv,0xe0
0x41b0ac,_ZN6icu_5814LaoBreakEngineD0Ev,0x84
0x41b130,_ZN11wendelstein15GroundComponent15applyConstraintEPNS_8ParticleES2_ff,0x114
0x41b244,_ZNK18LogicCharacterData32useThrowingLeftWeaponBoneScalingEv,0x10
0x41b254,_ZN9InitState20showMaintenancePopupEiRK6Stringi,0x38
0x41b28c,_ZN18ServerHelloMessage18getServiceNodeTypeEv,0x8
0x41b294,_ZNK12BattleScreen16getShootStickBgXEv,0x8
0x41b29c,_Z23intersectAABBTriangle3fPK7Vector3IfERS1_S3_S3_,0x208
0x41b4a4,_ZN32LogicDeviceLinkConfirmYesMessage12setPassTokenERK6String,0x8
0x41b4ac,_ZNK8HeroList20isBlockingPageScrollEv,0x18
0x41b4c4,_ZNK8xPlane3f19getSignedDistanceToERK7Vector3IfE,0x2c
0x41b4f0,_ZN19NameChangeSubScreen7useBackEv,0x8
0x41b4f8,_ZN23BattleReportStreamEntry6decodeEP10ByteStream,0xf8
0x41b5f0,_ZNK17LogicSkinConfData21getHeroScreenIdleAnimEv,0x10
0x41b600,_ZN20LogicCharacterServer25getShootPositionModifiersEiiiiiiiR12LogicVector2S1_,0x108
0x41b708,_ZN11wendelstein7EmitterC2ENS0_13EmitterParamsE,0x1cc
0x41b8d4,_ZN10BattleMode12touchPressedERK5Touch,0x18
0x41b8ec,_ZNSt6__ndk110__function6__funcIZN11scTaskQueue3runIZN8TestCase6dragToER5TouchfE4$_16EENS_13invoke_resultIT_JEE4typeES9_EUlvE_NS_9allocatorISC_EEFvvEEclEv,0x40
0x41b92c,_ZN16PlayerMapManager30handlePlayerMapDeletedResponseEP30DeletePlayerMapResponseMessage,0x98
0x41b9c4,_ZN20LogicJSONInReflector7getBoolEPKcb,0x84
0x41ba48,_ZN19SuggestBrawlerPopupD2Ev,0x10c
0x41bb54,_ZNK10StringView16equalsIgnoreCaseERK6String,0x48
0x41bb9c,_ZNSt6__ndk110__function6__funcIZN11scTaskQueue3runIZN7GLImage14updateSubImageEPKciiiiiiE4$_10EENS_13invoke_resultIT_JEE4typeES9_EUlvE_NS_9allocatorISC_EEFvvEEclEv,0x40
0x41bbdc,_ZNK6icu_5810UnicodeSet5cloneEv,0x3c
0x41bc18,_ZN10ScrollArea12updateBoundsEv,0x100
0x41bd18,_ZN8Databind16JSONOutReflector12reflectFloatEfRK6Stringf,0x94
0x41bdac,_ZZN7GLImage6createEPKhi9ImageWrap11ImageFilterENK3$_5clEv,0x250
0x41bffc,_ZNK10HTTPClient11getProgressEv,0x1c
0x41c018,_ZNK14BattleTutorial12TutorialStep19speechBubblesEqualsEPKS0_,0x2c
0x41c044,_ZN15DownloadManager27getChronosFolderQueueByTypeEi,0x2c
0x41c070,_ZN22UnlockAccountOkMessage12setAccountIdEP9LogicLong,0x8
0x41c078,_ZNK27LogicPlayerRankedSeasonData23getRewardByRewardConfigERK17LogicRewardConfig,0x74
0x41c0ec,_ZN17AnimationInstance16removeReferencesEPK14GameObjectBasei,0x18
0x41c104,_ZNK32AskForPlayingKakaoFriendsMessage14getMessageTypeEv,0x8
0x41c10c,_ZN11LineManagerD0Ev,0x24
0x41c130,_ZN18DecoratedTextField15clearDecorationEv,0x44
0x41c174,_ZN29ChangeAllianceSettingsMessage22setAllianceDescriptionEP6String,0x8
0x41c17c,_ZN22LogicAllianceBadgeData16createReferencesEv,0xb0
0x41c22c,_ZN7Offline19setOfflineModeIndexEi,0x68
0x41c294,_ZL21characterIteratorNextP13UCharIterator,0x50
0x41c2e4,_ZN11SCIDWebView19accountAlreadyBoundEv,0x8c
0x41c370,_ZN27LogicUnlockFreeSkinsCommandC2Ev,0x2c
0x41c39c,_ZN14MessageManager16destructInstanceEv,0x34
0x41c3d0,_ZN17HeroSwipeSelector13destructItemsEv,0xa0
0x41c470,_ZN15DoubleDropPopup9areWithinEfff,0x10
0x41c480,_ucase_totitle_58,0x120
0x41c5a0,_ZNK14LogicThemeData19getParticleFileNameEv,0x10
0x41c5b0,_ZThn96_N23RankedRewardsTrackPopup13buttonClickedEP12CustomButton,0x8
0x41c5b8,_ZN9CombatHUD17setMoveStickStateEb,0x60
0x41c618,_ZNKSt6__ndk110__function6__funcIZN22scLZMADecompressFilter13setDownstreamEP10scFileImplE3$_0NS_9allocatorIS5_EEFvvEE7__cloneEPNS0_6__baseIS8_EE,0x18
0x41c630,_ZNK12TencentLogin9getOpenIdEv,0x10
0x41c640,_ZNKSt6__ndk110__function6__funcIZN11scTaskQueue3runIZN8TestCase17getVisibleButtonsEvE3$_3EENS_13invoke_resultIT_JEE4typeES7_EUlvE_NS_9allocatorISA_EEFvvEE7__cloneEv,0x38
0x41c678,_ZN18sc3dAttachedSprite10touchMovedERK5Touch,0x4c
0x41c6c4,_ZN27KunlunBillingRequestMessage8destructEv,0x54
0x41c718,_ZN5titan3com9supercell5titan14HelpshiftTitan13showSingleFAQERK6String,0x8c
0x41c7a4,_ZNK22LogicLocationThemeData16getBlocking2MeshEi,0x18
0x41c7bc,_ZN14LoginOkMessage19removeFacebookAppIdEv,0x10
0x41c7cc,_ZL10isAnimatedP4Node,0x3c
0x41c808,_ZN6icu_58L14sortComparatorEPKvS1_S1_,0x24
0x41c82c,_ZN13ThumbnailItemC2EPK24LogicPlayerThumbnailData,0x7c
0x41c8a8,_ZN13AllianceIntro6addBtnERK6StringS2_,0x5c
0x41c904,_ZN27LogicCooldownExpiredCommandC2Ev,0x34
0x41c938,_ZN15LogicItemServer11triggerMineEv,0x4
0x41c93c,_ZN19GameSliderComponent13touchReleasedERK5Touch,0x34
0x41c970,_ZN24LatencyTestResultMessage13setServerHostEP6String,0x70
0x41c9e0,_ZNK17LogicSkinConfData14getUnlockSoundEv,0x8
0x41c9e8,_ZN13SettingsPopupC2Ev,0x444
0x41ce2c,_u_strspn_58,0x1c
0x41ce48,_ZNK31LogicCancelPurchaseOfferCommand14getCommandTypeEv,0x8
0x41ce50,_ZL30transformPositionNormalTangentiPKcPciiiiiiiiPK9xMatrix44S4_iiR7Vector3IfES7_,0x234
0x41d084,_ZNKSt6__ndk110__function6__funcIZN8TestCase11touchSpriteEP6SpriteE3$_2NS_9allocatorIS5_EEFvvEE7__cloneEPNS0_6__baseIS8_EE,0x40
0x41d0c4,_ZNK14LogicSkillData11getCooldownEv,0x10
0x41d0d4,_ZN22LogicColorGradientData16createReferencesEv,0x208
0x41d2dc,_ZN5titan7android5media11MediaPlayer18OnPreparedListener6invokeEP10_jmethodIDP13_jobjectArray,0x260
0x41d53c,_ZNK6icu_5813UnicodeFilter9toMatcherEv,0x10
0x41d54c,_ZN8ImageSet8containsERK6String,0x7c
0x41d5c8,_ZN5Stage33enterMaskContentBoundsCalculationEv,0x14
0x41d5dc,_uloc_toLanguageTag_58,0x158c
0x41eb68,_ZN35BuyBundleBillingPackResponseMessageC2Eii,0x44
0x41ebac,_ZNK4Rect6equalsERKS_,0x4c
0x41ebf8,_ZN7GLImage6createEPKcS1_9ImageWrap11ImageFilter,0x640
0x41f238,_ZNKSt6__ndk110__function6__funcIZN19SupercellIdCallback27completeClaimShopItemResultEP8_jobjectRK6StringS7_E4$_23NS_9allocatorIS8_EEFvvEE7__cloneEPNS0_6__baseISB_EE,0x48
0x41f280,_ZN6icu_5810GreekUpper23isFollowedByCasedLetterEPK10UCasePropsPKtii,0xc0
0x41f340,_ZNK15AllianceManager15getMyAllianceIdEv,0x1c
0x41f35c,_ZN14LogicMusicData8destructEv,0x24
0x41f380,_ZN15DraggableButton14touchCancelledEi,0x40
0x41f3c0,_ZN17TeamCreateMessage6encodeEv,0x98
0x41f458,_ZN17CreateGameMessage18getServiceNodeTypeEv,0x8
0x41f460,_ZNK13LogicConfData35isNonGreenlitMapPlayableWithFriendsEv,0x1c
0x41f47c,_ZN22GatchaDropOverviewItem14isDropSameTypeEP10GatchaDrop,0x2c
0x41f4a8,_uhash_init_58,0xd8
0x41f580,_ZNSt6__ndk110__function6__funcIZ62Java_com_supercell_titan_TitanWebView_shouldOverrideUrlLoadingE3$_0NS_9allocatorIS2_EEFvvEEclEv,0x48
0x41f5c8,_ZN9EmoteIcon21setStillFrameForEmoteEP9MovieClip,0x44
0x41f60c,_ZN13LogicHomeMode13updateOneTickEv,0x3c
0x41f648,_ZN20GoogleServiceManager16destructInstanceEv,0x34
0x41f67c,_ZN5titan3com9supercell5titan16TitanInstantApps9getCookieEv,0x70
0x41f6ec,_ZN23SkinPreviewCameraButton13buttonPressedEv,0x4
0x41f6f0,_ZN12WaitingPopup22setCancelButtonEnabledEb,0x1c
0x41f70c,_ZN10SetVisible9isInstantEv,0x8
0x41f714,_ZN29RankedMatchPickStartedMessage16setCurrentPlayerEP22LogicRankedMatchPlayeri,0x58
0x41f76c,_ZN12CustomButton10setEnabledEb,0x78
0x41f7e4,_ZNKSt6__ndk110__function6__funcIZN14SceneCharacter6updateEfE3$_0NS_9allocatorIS3_EEFvvEE11target_typeEv,0xc
0x41f7f0,_ZN30SCIDAccountAlreadyBoundMessage9setAvatarEP17LogicClientAvatar,0x8
0x41f7f8,_ZN8GameMain20setHibernateInternalEbbb,0x284
0x41fa7c,_ZN15LogicDataTables15getResourceByIdEi,0x1c
0x41fa98,_ZN3GUI11getInstanceEv,0xc
0x41faa4,_ZN29AvatarNameChangeFailedMessageC2Ei,0x30
0x41fad4,_ZNK15LogicClientHome5getIdEv,0x8
0x41fadc,_Z15isAabbInFrustumPK7Vector3IfERK9xMatrix44,0x1d0
0x41fcac,_ZN5titan3com9supercell5titan19ApplicationUtilBase7getIMEIEv,0x70
0x41fd1c,_ZN20LogicRawOutReflector12reflectArrayEiPKc,0x4c
0x41fd68,_ZNK6Shader6unbindEv,0x30
0x41fd98,_ZN31ChangeAllianceMemberRoleMessage6encodeEv,0x38
0x41fdd0,_ZNK28LogicGameObjectManagerServer53isPositionVisibleToPlayerTeamAndLineOfSightNotBlockedEPK12LogicTileMapiiP14LogicArrayListIP22LogicTeamMemberElementEiib,0x74
0x41fe44,_hb_buffer_get_content_type,0x8
0x41fe4c,_ZN8TestCase14getStageHeightEv,0x3c8
0x420214,_ZN9xMatrix4433getRayThroughPixelOrthographicInvEffffRKS_S1_R7Vector3IfES4_,0x160
0x420374,_ZN5tween4Circ9easeInOutEffff,0x48
0x4203bc,_ZNK12LocationInfo17allowsAltGameModeEv,0xb0
0x42046c,_ZNK8NewsPage17getCurrentNewsTabEv,0x30
0x42049c,_Z23setup_masks_arabic_planPK19arabic_shape_plan_tP11hb_buffer_t11hb_script_t,0x274
0x420710,_ZN18PlayerCountryPopup17backButtonPressedEv,0xc
0x42071c,_ZN11GameWebView29incrementStopMusicRequirementEv,0x24
0x420740,_ZN29PurchaseGatchaBoxPopupHandler10setupPriceEP9MovieClip,0x90
0x4207d0,_ZN12SupercellSWF21isCacheIndividualFileEPKc,0xc4
0x420894,_ZN9Character10updateClipEP9MovieClip,0x8
0x42089c,_uiter_setCharacterIterator_58,0x64
0x420900,_ZNK22LogicLocationThemeData21getBlocking2AngleStepEi,0x18
0x420918,_ZNKSt6__ndk110__function6__funcIZN6Shader4loadEPKcS4_PS4_iE3$_0NS_9allocatorIS6_EEFvvEE6targetERKSt9type_info,0x1c
0x420934,_ZNSt6__ndk110__function6__funcIZN32NativeFacebookConnectionCallback14sentAppRequestERK6StringS5_E3$_5NS_9allocatorIS6_EEFvvEE7destroyEv,0x28
0x42095c,_Z15_hb_shapers_getv,0x184
0x420ae0,_ZN43PurchaseSkinGroupOfferHighlightPopupHandler17findRelatedOffersEPK28LogicSeasonalSkinSectionDataP14LogicArrayListIP16LogicOfferBundleERS6_,0x1cc
0x420cac,_ZNK37LogicGemNameChangeStateChangedCommand6encodeEP15ChecksumEncoder,0x50
0x420cfc,_ZN23HomeLogicStoppedMessage6encodeEv,0xa8
0x420da4,_ZN15ResourceManager18removeUpdatedFilesEPK15LogicJSONObject,0x98
0x420e3c,_ZNK6icu_5813ResourceArray19internalGetResourceEPK12ResourceDatai,0x38
0x420e74,_ZN11Application7getUDIDEv,0x10
0x420e84,_ZNK11LogicPlayer7hasUltiEv,0x10
0x420e94,_ZNK16LogicSkillClient7getDataEv,0x8
0x420e9c,_ZN19EnvironmentRenderer11addImpostorEP15sc3dWorldObjectf,0x228
0x4210c4,_ZN15GameSCIDManager16loginWithoutSCIDEv,0xbc
0x421180,_ZN9PopupBase12touchPressedERK5Touch,0x18
0x421198,_ZNK30LogicSetPlayerThumbnailCommand6encodeEP15ChecksumEncoder,0x2c
0x4211c4,_ZN10HomeScreen16onCooldownExpireEiPK9LogicData,0x30
0x4211f4,_ZN15LaserBoxManager21getLaserboxStagingUrlEi,0x6c
0x421260,_blake2b_update,0x60
0x42182c,_ZN18LogicPlayerMapUtil22isInsideRestrictedAreaEPK13LogicTileDataiiiii,0x2d8
0x421b04,_ZN14LogicResources29createDataTableResourcesArrayEv,0x474c
0x426250,_ZN8MaterialC2EP7SCWFile,0xb0
0x426300,_ZL13isPOSIX_printRK14BinaryPropertyi9UProperty,0x8
0x426308,_ZN22ShutdownStartedMessage23setSecondsUntilShutdownEi,0x8
0x426310,_ZN19ResetAccountMessageC2Ev,0x34
0x426344,_ZN10InboxPopup18customButtonTappedEP10GameButtoni,0x48
0x42638c,_ZN8HomeMode11getConfDataEv,0xb0
0x42643c,_ZN23BindKakaoAccountMessage18getServiceNodeTypeEv,0x8
0x426444,_ZNK12BattleScreen10getCameraXEv,0x50
0x426494,_ZN25DeviceLinkEnterCodeScreen13buttonClickedEP12CustomButton,0x3c
0x4264d0,_ZN22SearchAlliancesMessage13setMaxMembersEi,0x8
0x4264d8,_ZN13GoogleService11isAvailableEv,0x14
0x4264ec,_ZN10PlayerInfo20resolveAllianceStateEv,0xb0
0x42659c,_ZN18LogicPlayerMapUtil30checkAndGetValidMapEnvironmentEPK29LogicPlayerMapEnvironmentDatai,0x1e8
0x426784,_ZN19DeviceLinkSubScreen7useBackEv,0x8
0x42678c,_ZN5lzham25adaptive_arith_data_model5clearEv,0x30
0x4267bc,_ZN8Shader3D17bindModelUniformsEPK13ModelUniforms,0x20
0x4267dc,_ZN25RankedMatchStartedMessageC2Ev,0x34
0x426810,_ZNKSt6__ndk110__function6__funcIZN11AndroidMain16onSurfaceChangedEiiE3$_1NS_9allocatorIS3_EEFvvEE7__cloneEPNS0_6__baseIS6_EE,0x18
0x426828,_ZN17TencentTermsPopup23setupLegalTextWithLinksERK6String,0x230
0x426a58,_ZNK9PopupBase19isBackButtonVisibleEv,0x8
0x426a60,_ZN13OldBoxHandler13buttonClickedEv,0x7c
0x426adc,_ZN13scResourceMap4LockptEv,0x18
0x426af4,_ZN10HomeScreen24isDeeplinkOpeningAllowedEPK17LogicClientAvatar,0x14
0x426b08,_ZN9ShopPopup17scrollToCoinPacksEv,0x8
0x426b10,_Z22heroItemSort_powerDescP8HeroItemS0_,0x24
0x426b34,_ZN24KakaoAccountBoundMessageC2Ev,0x38
0x426b6c,_ZN5lzham12lzcompressor22enumerate_lz_decisionsEjRKNS0_5stateERNS_6vectorINS0_17lzpriced_decisionEEEjj,0x4f4
0x427060,_egc_iter_save_state,0x30
0x427090,_ZN16DropGUIContainer13doFontScalingEP6Spritef,0x390
0x427420,_ZN9CombatHUD17toggleChatBubblesEb,0xf4
0x427514,_ZNK17OnlineFriendsList16getAnalyticsNameEv,0x80
0x427594,_ZN15MapEditorScreen13placeTileLineEiiii,0xf4
0x427688,_ZNSt6__ndk110__function6__funcIZN11scTaskQueue3runIZN8TestCase6dragToER5TouchfE4$_17EENS_13invoke_resultIT_JEE4typeES9_EUlvE_NS_9allocatorISC_EEFvvEED0Ev,0x4
0x42768c,_ZN9TeamPopup6updateEf,0x23c
0x4278c8,_ZNK15LaserBoxManager23getRedNotificationCountEv,0x4c
0x427914,_ZN5titan7android3app8ActivityC2EP8_jobject,0xbc
0x4279d0,_ZN10PlayerInfo6addBtnEP16DropGUIContainerRK6StringS4_,0x7c
0x427a4c,_ZN19JoinAllianceMessage8destructEv,0x30
0x427a7c,_ZNK6icu_5810UnicodeSeteqERKS0_,0x70
0x427aec,_ZN18OwnHomeDataMessage13setRandomSeedEi,0x4
0x427af0,_ZN13ShopBgElement20addItemsToScrollAreaEP10ScrollArea,0x10
0x427b00,_ZN19LogicResourceBundle8copyFromEPKS_,0x138
0x427c38,_ZN21LogicCompressedString5clearEv,0x34
0x427c6c,_ZN15VanityItemEntry6encodeEP10ByteStream,0xac
0x427d18,_ZN26ChampionshipChallengePopup18getLastFinishedMapEv,0xc4
0x427ddc,_ZN25RankedMatchBanHeroMessage6encodeEv,0x38
0x427e14,_ZNK28DeviceLinkCodeReceivedScreen15getValidSecondsEv,0x8
0x427e1c,_ZN29UdpLatencyTestResponseMessage8destructEv,0x34
0x427e50,_ZNKSt6__ndk110__function6__funcIZ42Java_com_supercell_titan_Kakao_loginFailedE3$_3NS_9allocatorIS2_EEFvvEE7__cloneEv,0x40
0x427e90,_ZNK26LogicGameModeVariationData17getIntroDescText2Ev,0x10
0x427ea0,_ZNSt6__ndk110__function6__funcIZN32NativeFacebookConnectionCallback20loginFailedWithErrorERK6StringS5_E3$_0NS_9allocatorIS6_EEFvvEE7destroyEv,0x8
0x427ea8,_hb_tag_from_string,0xa8
0x427f50,_ZN29AvatarNameCheckRequestMessage7setNameEP6String,0x8
0x427f58,_ZN14LoginOkMessage13setFacebookIdEP6String,0x8
0x427f60,_ZN31KakaoAccountAlreadyBoundMessage23removeLogicClientAvatarEv,0x10
0x427f70,_ZN8TestCase11testWarningEb6StringS0_,0x80
0x427ff0,_ZNK6icu_5810UnicodeSet13cloneAsThawedEv,0x3c
0x42802c,_ZNK21LogicTutorialStepData13getStartSoundEv,0x10
0x42803c,_ZNK11GameWebView12getExtensionERK6String,0xdc
0x428118,_hb_unicode_funcs_is_immutable,0x8
0x428120,_ZN36GamecenterAccountAlreadyBoundMessage15removePassTokenEv,0x10
0x428130,_unorm2_hasBoundaryBefore_58,0xc
0x42813c,_ZN18ProLeagueInfoPopup10addElementEP9MovieClip,0x148
0x428284,_ZN5titan7android3app8Activity8recreateEv,0x7c
0x428300,_ZN19JoinAllianceMessage13setAllianceIdEP9LogicLong,0x8
0x428308,_ZN12LocationItem24getAltGameModeQuestCountEv,0x90
0x428398,_ZNSt6__ndk110__function6__funcIZN29scMultithreadedLoadingManager6submitEP14scResourceDataRK18scResourceLoadInfoE3$_1NS_9allocatorIS8_EEFvvEE18destroy_deallocateEv,0x4
0x42839c,_ZN27ChatAccountBanStatusMessage6encodeEv,0xc
0x4283a8,_ZNK31BindGoogleServiceAccountMessage14getMessageTypeEv,0x8
0x4283b0,_ZN5Stage22pushRenderStencilStateEi,0x138
0x4284e8,_ZN11StringTable5isTidERK6String,0x20
0x428508,_ZNK10NativeFont10lineHeightEv,0x50
0x428558,_ZN17ResourceDataFlashD2Ev,0x44
0x42859c,_ZN5Debug14fillEllipseArcEffffffjf,0x4
0x4285a0,_ZN11UITabButton5onTapEP5UICtx,0xa8
0x428648,_ZNKSt6__ndk110__function6__funcIZN11scTaskQueue3runIZN6Shader4loadEPKcS6_PS6_iE3$_0EENS_13invoke_resultIT_JEE4typeESA_EUlvE_NS_9allocatorISD_EEFvvEE6targetERKSt9type_info,0x1c
0x428664,_ZN5Track5eventERK6StringS2_S2_S2_S2_S2_S2_S2_S2_S2_S2_,0x4
0x428668,_ZN23AllianceResponseMessageC2Ei,0x38
0x4286a0,_ZN21BasicReflectableIdMap12removeObjectEi,0xd4
0x428774,_ZL8snprintfPcU17pass_object_size1mPKcz,0x70
0x4287e4,_ZN30SCIDAccountAlreadyBoundMessage17removeSupercellIdEv,0x10
0x4287f4,_ZN21GlobalChatLineMessage12removeHomeIdEv,0x10
0x428804,_ZN28RankedMatchBanStartedMessageC2Ev,0x40
0x428844,_uhash_hashUChars_58,0x30
0x428874,_ZNK17LogicGameCalendar22getFirstDayIndexOfYearEi,0xb0
0x428924,_ZN8Databind15JSONInReflector12getNextFloatEv,0x5c
0x428980,_ZNK24HighRateUdpPacketHandler7getPingEv,0x8
0x428988,_ZNK14LogicSkillData20getCastingRangeTilesEv,0x10
0x428998,_ZN19LogicResourceBundleC2ERK6String,0x34
0x4289cc,_ZN9Animation9setWeightEf,0x14
0x4289e0,_ZL18setup_masks_arabicPK18hb_ot_shape_plan_tP11hb_buffer_tP9hb_font_t,0x10
0x4289f0,_ZNK7PageGUI16getCurrentPageIdEv,0x24
0x428a14,_ZN27RankedSeasonEndNotificationC2EiiiP13LogicGemOffer,0x5c
0x428a70,_ZN13LogicSkinData18isValidSkinFeatureERK6String,0x1c
0x428a8c,_ZN5titan4java4lang4Long9longValueEv,0x7c
0x428b08,_Z6xCRC32PKvjRj,0x44
0x428b4c,_ZN11LineManager14refreshFriendsEv,0x94
0x428be0,_ZN9GameUtils11getFileSizeEP7__sFILE,0x48
0x428c28,_ZN5Items11refreshItemEv,0x658
0x429280,_ZN22LogicQuestsSeenCommand10canExecuteEPK13LogicHomeMode,0x8
0x429288,_ZN14LogicDailyData11getCooldownEiPK9LogicData,0x4c
0x4292d4,_ZN20LogicCharacterServer16triggerRapidFireEiiiiiiiiiiPK19LogicProjectileDatabbib,0x2ac
0x429580,_ubidi_countRuns_58,0x84
0x429604,_ZN6icu_5823StringCharacterIteratorD0Ev,0x3c
0x429640,_ZN14BillingManager20billingProductFailedERK6StringS2_i,0x168
0x4297a8,_ZN11wendelstein13loadComponentERN8Databind9ReflectorEP16ResourceListener,0x2f4
0x429a9c,_ZN12BattleScreenD2Ev,0x34c
0x429de8,_ZNKSt6__ndk110__function6__funcIZN11scTaskQueue3runIZN7GLImage6createEPKc9ImageWrap11ImageFilterE3$_0EENS_13invoke_resultIT_JEE4typeESB_EUlvE_NS_9allocatorISE_EEFvvEE6targetERKSt9type_info,0x1c
0x429e04,_ZN12LogicVector36decodeEP10ByteStream,0x5c
0x429e60,_ZNK18LogicCharacterData26getChargeUltiAutomaticallyEv,0x10
0x429e70,_ZN8NewsPage23updateWebPageFirstQueryEv,0xc8
0x429f38,_ZN19LinkNewDeviceScreenC2Ev,0x14c
0x42a084,_ZNK10HomeScreen12removeEffectEP6Effect,0x38
0x42a0bc,_ZN17LogicPetrolServer8destructEv,0x14
0x42a0d0,_ZN5titan3com9supercell5titan15UnbotifyManager13onCustomEventEi,0x74
0x42a144,_ZN8Databind23NlohmannJsonInReflector16reflectExitArrayEv,0x4
0x42a148,_ZN23SetTeamChatMutedMessage6decodeEv,0x30
0x42a178,_ZN15LogicStringUtil33longToStringWithThousandSeparatorExRK6String,0x12c
0x42a2a4,_ZN15LogicPathFinder12aStarAddTileEiiiiiibb,0x1e8
0x42a48c,_ZN10UdpMessage6decodeEP10ByteStreamP19LogicMessageFactory,0xfc
0x42a588,_ZN23StarPointMigrationPopupD0Ev,0x24
0x42a5ac,_ZN11AndroidMain23startedFromNotificationERK6String,0x2a4
0x42a850,_ZNSt6__ndk127__insertion_sort_incompleteIRZN17TencentLoginState5enterEvE3$_0P14TextLinkButtonEEbT0_S6_T_,0x3c4
0x42ac14,_ZNKSt6__ndk110__function6__funcIZN21RankedTeamSelectPopup6updateEfE3$_1NS_9allocatorIS3_EEFP9ExecutionvEE7__cloneEPNS0_6__baseIS8_EE,0x18
0x42ac2c,_ZN9MovieClip28playToFrameIndexAnyDirectionEi,0x7c
0x42aca8,_ZN13scResourceMap4LockC2EOS0_,0x1c
0x42acc4,_CreateSuccessors,0x1f8
0x42aebc,_ZNKSt6__ndk110__function6__funcIZN8TestCase23withFirstSpriteMatchingENS_8functionIFbP6SpriteEEENS3_IFvS5_EEEE4$_13NS_9allocatorISA_EEFS5_vEE7__cloneEv,0xcc
0x42af88,_ZNSt6__ndk110__function6__funcIZN27BattleEndRankedRankUpScreen14addExecutionToEP18SequencedExecutionE3$_0NS_9allocatorIS5_EEFbvEED0Ev,0x4
0x42af8c,_ZNK18LogicChallengeData11getFileNameEv,0x10
0x42af9c,_ZN20UnlockAccountMessage15removeAccountIdEv,0x10
0x42afac,_ZN10InboxPopup7refreshEb,0x44
0x42aff0,_ZNSt6__ndk110__function6__funcIZN32NativeFacebookConnectionCallback7friendsERK6StringE3$_2NS_9allocatorIS6_EEFvvEED0Ev,0x4
0x42aff4,_ZN6icu_5810GreekUpper16getDiacriticDataEi,0x58
0x42b04c,_ZN8HomePage23refreshProLeagueElementEv,0x1cc
0x42b218,_ZN12GenericPopup10setTextTidERK6StringS2_,0x40
0x42b258,_ZN14LogicReflector16reflectLogicLongEP9LogicLongPKc,0xac
0x42b304,_ZNK6icu_586LocaleeqERKS0_,0x28
0x42b32c,_ZN15LogicDataTables13getCardByNameERK6StringPK9LogicData,0x20
0x42b34c,_ZN30StarPointMigrationNotificationC2Ei,0x38
0x42b384,_ZN19AllianceHeaderEntry18setNumberOfMembersEi,0x8
0x42b38c,_lzham_compress_reinit,0x4
0x42b390,_ZN25AskForAllianceDataMessageC2Ei,0x30
0x42b3c0,_ZNK6icu_587UVector7indexOfEii,0xd0
0x42b490,_ZNKSt6__ndk110__function6__funcIZN19SupercellIdCallback11loadAccountEP8_jobjectRK6StringS7_S7_bE3$_2NS_9allocatorIS8_EEFvvEE6targetERKSt9type_info,0x1c
0x42b4ac,_ZN3GUI16scaleToPageWidthEP9MovieClipb,0x90
0x42b53c,_lzham_z_compress2,0x4
0x42b540,_ZNK14UdpLaserSocket12getSessionIdEv,0x8
0x42b548,_ZN21LogicBattleModeClient12setPlayerMapEP20LogicBattlePlayerMap,0x48
0x42b590,_ZNK20LogicCharacterServer14getActiveSkillEv,0x3c
0x42b5cc,_ZN16DropGUIContainer12createButtonEv,0x6c
0x42b638,_ZN16PlayerMapManager17destroyPlayerMapsEv,0xf8
0x42b730,_ZN18LogicAnimationData8setSpeedEi,0x80
0x42b7b0,_ZThn368_N20EventSuggestionPopup18setSelectedDuoItemEP12LocationItem,0x68
0x42b818,_ZNKSt6__ndk110__function6__funcIZN19SupercellIdCallback29purchasesReceivedNotificationEP8_jobjectP13_jobjectArrayE4$_26NS_9allocatorIS7_EEFvvEE11target_typeEv,0xc
0x42b824,_ZN6Friend16setOwnerIsOnlineEb,0xc
0x42b830,_ZN9MovieClip9resumeAllEv,0x88
0x42b8b8,_ZN9CombatHUD14sendEmoteInputEi,0x40
0x42b8f8,_ZN8Renderer11getViewportEPi,0x34
0x42b92c,_ures_getUTF8StringByKey_58,0x84
0x42b9b0,_ZNK10ByteStream12getByteArrayEv,0x40
0x42b9f0,_sub_42B9F0,0x1c
0x42ba0c,_sub_42BA0C,0x10
0x42ba1c,_sub_42BA1C,0xc
0x42ba28,_ZN5titan3com9supercell5titan19ApplicationUtilBase14removeKeyValueERK6String,0x8c
0x42bab4,_ZN11Application20setMainOpenGLContextEP13OpenGLContext,0xc
0x42bac0,_ZN23LogicAchievementManagerC2EP13LogicHomeMode,0x8
0x42bac8,_ZN8Databind16JSONOutReflector16reflectStringPtrEP6StringRKS1_,0x98
0x42bb60,_ZN15LogicDataTables17findByCountryCodeERK6String,0xa0
0x42bc00,_ZN11wendelstein18WendelsteinManager14deleteInstanceEv,0x34
0x42bc34,_ZNK20LogicCharacterServer12getSpeedBuffEv,0x8
0x42bc3c,_ZNK22LogicLocationThemeData28getMaskedEnvironmentSCWCountEv,0x10
0x42bc4c,_ZNK19LogicProjectileData23getSuppressHealingTicksEv,0x8
0x42bc54,_ZN12BattleScreen18hideMovementTargetEv,0x30
0x42bc84,_ZN18PurchaseOfferPopup20findOfferByChronosIdEiP14LogicArrayListIP16LogicOfferBundleE,0x40
0x42bcc4,_ZN11wendelstein17MovieClipRenderer4tickEfiRKNSt6__ndk16vectorINS_8ParticleENS1_9allocatorIS3_EEEE,0x3e8
0x42c0ac,_ZN10HomeScreen16onKeyPoolReceiveEv,0x28
0x42c0d4,_ZN11QuestsPopup12destroyItemsEv,0x174
0x42c248,_ZNK6icu_586Locale5cloneEv,0x4c
0x42c294,_ZN9MovieClip25setFrameSkippingRecursiveEb,0x84
0x42c318,_ZN23DeviceLinkedStreamEntry6decodeEP10ByteStream,0x4
0x42c31c,_ZN9InfoPopup13buttonClickedEP12CustomButton,0x1c
0x42c338,_ZN15ResourceManager19getAbsoluteLoadPathEPKc,0x44
