address,name,size
0x6255f0,_ZN15LeaderboardPage6updateEf,0x10
0x625600,_ZN31LogicCancelPurchaseOfferCommand7executeEP13LogicHomeModeib,0xa4
0x6256a4,_ZN15ResourceManager17getTotalResourcesEv,0x44
0x6256e8,_ZN10LZMAReaderC2EPKcbb,0xe8
0x6257d0,_ZN9HeroPopup12goBackToListEv,0x44
0x625814,_ZN12EventTracker17sendPurchaseEventERK6StringS2_ii,0x120
0x625934,_ZNK22LogicLocationThemeData8isIslandEv,0x10
0x625944,_ZNK10BattleMode17canHandleMessagesEv,0x8
0x62594c,_ZN20LogicCharacterServer8addStarsEi,0x10
0x62595c,_ZNK6icu_5815Normalizer2Impl17addPropertyStartsEPK9USetAdderR10UErrorCode,0xa4
0x625a00,_ZN24EsportTournamentsWebView6updateEf,0x2dc
0x625cdc,_ZN24SetRegionResponseMessage18getServiceNodeTypeEv,0x8
0x625ce4,_ZNK16LogicOfferBundle12isAdBoxOfferEv,0x2c
0x625d10,_ZNKSt6__ndk110__function6__funcIZN11scTaskQueue3runIZN8TestCase28getAllSpritesVisibleMatchingI12CustomButtonZNS4_28getButtonsWithTextFieldValueE6StringbbS7_E4$_22EENS_6vectorIPT_NS_9allocatorISB_EEEET0_EUlvE_EENS_13invoke_resultISA_JEE4typeESA_EUlvE_NSC_ISK_EEFvvEE11target_typeEv,0xc
0x625d1c,_ZN21LogicBattleModeServer15tickSpawnHeroesEv,0xed8
0x626bf4,_conic_to,0x74
0x626c68,_ZN24DataTableResourcesLoader14loadDataTablesEb,0x24c
0x626eb4,_ZNK11TeamManager21getNewStreamItemCountEv,0x60
0x626f14,_ZN11FriendEntry13setFacebookIdEP6String,0x8
0x626f1c,_ZNK4Item9getShadowEv,0x8
0x626f24,_ZN25PurchaseConfirmationPopup7keyDownEi,0x8
0x626f2c,_ZN11QuestsPopup7getHomeEv,0x18
0x626f44,_ZN17OnlineTeamupPopup7refreshEv,0xcc
0x627010,_ZN22LogicRankedMatchPlayer20setPlayerDisplayDataEP17PlayerDisplayData,0x54
0x627064,_ZN18DailyEventsMessageC2Ev,0x3c
0x6270a0,_hb_unicode_funcs_set_user_data,0x38
0x6270d8,_ZN15DraggableButton11dragStartedEv,0x10
0x6270e8,_ZN19SelectLocationPopup6addBtnEP16DropGUIContainerRK6StringS4_,0x80
0x627168,_uhash_igeti_58,0x11c
0x627284,_ZNSt6__ndk110__function6__funcIZN19SupercellIdCallback16windowDidDismissEP8_jobjectE3$_0NS_9allocatorIS5_EEFvvEEclEv,0x28
0x6272ac,_ZNK26LogicGameModeVariationData11getScoreSfxEv,0x10
0x6272bc,_ZN25KickAllianceMemberMessage20removeMemberAvatarIdEv,0x10
0x6272cc,_ZN5titan7android5media11MediaPlayer9isPlayingEv,0x7c
0x627348,_ZN15MovieClipHelper26alignChildrenToStageBoundsEP9MovieClip,0xb8
0x627400,_ZN13AllianceIntroD2Ev,0xac
0x6274ac,_ZN4Path8rootPathEv,0x10
0x6274bc,_ZN28UnbindFacebookAccountMessage6encodeEv,0x4
0x6274c0,_ZN9HTTPQueue12downloadFileERK6StringS2_,0x60
0x627520,_ZNK10StreamItem20getCurrentAgeSecondsEv,0x50
0x627570,_ZNK20LogicCharacterServer16getYForAutoshootEv,0x4
0x627574,_ZNK12BattleScreen5isAFKEv,0x8c
0x627600,_ZN29JoinAllianceUsingTokenMessageC2Ei,0x30
0x627630,_ZN24LoginUsingSessionMessage22removeDeviceIdentifierEv,0x10
0x627640,_ZNK6icu_5813UnicodeString8doEqualsERKS0_i,0x50
0x627690,_ZN9LogicTile11destroyTileEv,0x70
0x627700,_ZN33DebugNewbieCoopOverrideSetMessage18getServiceNodeTypeEv,0x8
0x627708,_ZNK12BattleScreen25getAccessoryEditingStickXEv,0x10
0x627718,_ZN10GameObject8setLogicEPK21LogicGameObjectClient,0x8
0x627720,_ZNSt6__ndk110__function6__funcIZN8TestCase11pressButtonEP12CustomButtonE3$_0NS_9allocatorIS5_EEFvvEEclEv,0x10
0x627730,_ZNK19AllianceHeaderEntry8getScoreEv,0x8
0x627738,_ZNK24AllianceEventStreamEntry10isAgeGatedEv,0x14
0x62774c,_ZN17DataLoaderFactoryD0Ev,0x4
0x627750,_ZN21LogicGameObjectClient11setListenerEP23LogicGameObjectListener,0x70
0x6277c0,_ZNK20LogicCharacterServer8getSkillERK6String,0x74
0x627834,_ZN10HeroSprite15updateAnimationEf,0x62c
0x627e60,_ZNSt6__ndk110__function6__funcIZN10SWFTexture4loadEP12SupercellSWFbibbbbRK6StringE3$_0NS_9allocatorIS8_EEFvvEEclEv,0x50
0x627eb0,_ZN18SeasonRewardsPopupD0Ev,0x64
0x627f14,_ZNK4Item12getLogicItemEv,0x4
0x627f18,_ZN5titan3com9supercell5titan19ApplicationUtilBase12getKunlunSSOEv,0x70
0x627f88,_ZN15LaserBoxManager14releaseWebViewEv,0xb0
0x628038,_ZN21ChronosResourceHelper12loadResourceEiPK16ChronosFileEntry,0xf8
0x628130,_ZN22SearchAlliancesMessage24setFindOnlyJoinableClansEb,0xc
0x62813c,_ZNSt6__ndk110__function6__funcIZN11scTaskQueue3runIZN8TestCase23withFirstSpriteMatchingENS_8functionIFbP6SpriteEEENS5_IFvS7_EEEE4$_13EENS_13invoke_resultIT_JEE4typeESE_EUlvE_NS_9allocatorISH_EEFvvEE18destroy_deallocateEv,0x4
0x628140,_ZN9BitStream12readIntMax63Ev,0x1a8
0x6282e8,_ZNSt6__ndk110__function6__funcIZN32NativeFacebookConnectionCallback14sentAppRequestERK6StringS5_E3$_5NS_9allocatorIS6_EEFvvEE18destroy_deallocateEv,0x34
0x62831c,_ZNSt6__ndk110__function6__funcIZN32NativeFacebookConnectionCallback18receivedAppRequestERK6StringE3$_4NS_9allocatorIS6_EEFvvEED2Ev,0x3c
0x628358,_ZN13LogicSkinData11setWalkAnimERK6String,0x8
0x628360,_ZN15LogicStringUtil12longToStringExb,0xb0
0x628410,_ZN9AnimationC2EPK8Skeletoni,0x98
0x6284a8,_ZN11Application26isDeviceVerificationNeededEv,0xc
0x6284b4,_ures_getStringByKeyWithFallback_58,0x14c
0x628600,_ZN15LogicDataTables21getSkinCampaignByNameERK6StringPK9LogicData,0x20
0x628620,_ZNK18LogicCharacterData19getProjectileStartZEv,0x8
0x628628,_ZL18getGeneralCategoryRK11IntPropertyi9UProperty,0x1c
0x628644,_ZNK21LogicGameObjectClient4getXEv,0x8
0x62864c,_ZN30TriggerStartLatencyTestMessage8destructEv,0x2c
0x628678,_ZN8Databind4Util12getClassNameEm,0xc4
0x62873c,_ZN19SuggestBrawlerPopup12getEntryInfoEv,0x18
0x628754,_ZN25SendGlobalChatLineMessage6decodeEv,0x34
0x628788,_ZL15clear_syllablesPK18hb_ot_shape_plan_tP9hb_font_tP11hb_buffer_t,0x60
0x6287e8,_ZN23LogicCharacterClientOwn6decodeEP9BitStreambibP14LogicArrayListIP11LogicPlayerE,0xc
0x6287f4,_ZNK14ChatStreamItem13getFirstEntryEv,0x1c
0x628810,_ZNK19LogicAreaEffectData9getEffectEv,0x8
0x628818,_ZN12AllianceInfoD0Ev,0x24
0x62883c,_ZN30CreatePlayerMapResponseMessage15removePlayerMapEv,0x10
0x62884c,_ZN29JoinAllianceUsingTokenMessageC2Ev,0x34
0x628880,_ZN15GameSCIDManager23clearCurrentAccountDataEv,0xb4
0x628934,_ZN46TencentAntiAddictionInstructionExecutedMessage11addRuleNameEP6String,0x158
0x628a8c,_ZN25GoHomeFromSpectateMessageC2Ev,0x30
0x628abc,_ZN12CustomButton13updateHitAreaEv,0x74
0x628b30,_ZNK21LogicGameObjectServer4getXEv,0x8
0x628b38,_ZNK9TeamEntry15getMemberOfSideEii,0x4c
0x628b84,_ZNKSt6__ndk110__function6__funcIZN19EnvironmentRenderer6renderER9Matrix2x3R14ColorTransformifE3$_7NS_9allocatorIS7_EEFvvEE7__cloneEv,0x38
0x628bbc,_ZNK16LogicOfferBundle12containsHeroEPK18LogicCharacterData,0x50
0x628c0c,_ZN12SCWFileInput12setSkipBytesEi,0x8
0x628c14,_ZNSt6__ndk110__function6__funcIZN11scTaskQueue3runIZN8TestCase17getVisibleButtonsEvE3$_3EENS_13invoke_resultIT_JEE4typeES7_EUlvE_NS_9allocatorISA_EEFvvEE7destroyEv,0x4
0x628c18,_ZNK24LogicBillingPackagesData8getOrderEv,0x8
0x628c20,_ZN7SCWFile13remapToJointsERK14LogicArrayListIP5JointE,0x15c
0x628d7c,_ZN11LogicQuests8destructEv,0x68
0x628de4,_ZN19StartMissionMessage8destructEv,0x4
0x628de8,_ZNK14LogicMusicData12getPlayCountEi,0x18
0x628e00,_ZN23TitanLoginFailedMessage8destructEv,0x4
0x628e04,_ZN9Animation14setRunningTimeEf,0x38
0x628e3c,_ZN6Effect11setLocationEfff,0x13c
0x628f78,_doWriteForward,0x5f0
0x629568,_ZNSt6__ndk110__function6__funcIZN11scTaskQueue3runIZN8TestCase6dragToER5TouchfE4$_17EENS_13invoke_resultIT_JEE4typeES9_EUlvE_NS_9allocatorISC_EEFvvEE7destroyEv,0x4
0x62956c,_ZN6icu_587UMemorydlEPv,0xc
0x629578,_ZN29DeviceLinkSuccesfullNewScreen5closeEv,0x1c
0x629594,_ZNSt6__ndk110__function6__funcIZN11scTaskQueue3runIZN8TestCase20drawDebugPercentagesEvE4$_19EENS_13invoke_resultIT_JEE4typeES7_EUlvE_NS_9allocatorISA_EEFvvEE7destroyEv,0x4
0x629598,_uloc_getLocaleForLCID_58,0x4
0x62959c,_ZN20LogicCharacterServer20aiMoveToPreferForestEiibbbbbb,0x468
0x629a04,_ZN8CSVTable17columnNamesLoadedEv,0x104
0x629b08,_ZN17LogicSkinConfData21setHeroScreenIdleFaceERK6String,0x14
0x629b1c,_ZNK26SetSupportedCreatorMessage14getMessageTypeEv,0x8
0x629b24,_u_getMainProperties_58,0x74
0x629b98,_ZN6Shader8loadFileEPKcPS1_i,0x140
0x629cd8,_ZNK26LogicGameModeVariationData19getGameModeIconNameEv,0x10
0x629ce8,_ZN12BlurRenderer9setRadiusEf,0x8
0x629cf0,_ZN19GetBattleLogMessage8destructEv,0x4
0x629cf4,_ZNK6icu_5813UnicodeString8unescapeEv,0x23c
0x629f30,_ZN11SCIDManager12setShopItemsEiP15SCIDShopProductiP16SCIDShopDonationiP23SCIDShopClaimInProgress,0x278
0x62a1a8,_ZN12LocationItem14getAltLocationEPK17LogicLocationDatab,0x1d0
0x62a378,_ZN2OTL13collect_classEP8hb_set_tRKNS_7IntTypeItLj2EEEPKv,0x1c
0x62a394,_ZN8ImageSetC2Ev,0x24
0x62a3b8,_ZN3GUI16formatPlayerNameEPK17PlayerDisplayDatai,0xc4
0x62a47c,_ZN13DisplayObject16removeFromParentEv,0x20
0x62a49c,_ZNK6icu_587UVector17getDynamicClassIDEv,0xc
0x62a4a8,_ZThn192_NK10ScoresPage11getListTypeEv,0x8
0x62a4b0,_u_strncat_58,0x54
0x62a504,_ZN32RankedMatchUpdateHeroDataMessage6decodeEv,0x48
0x62a54c,_ZN16YoozooLoginState13updateLoadingEf,0x4
0x62a550,_ZN8Databind12DatabindTree11getInstanceEv,0x70
0x62a5c0,_ZN3GUI8hudPrintERK6Stringbbb,0x88
0x62a648,_ZNK14BrawlPassPopup18shouldShowResourceEi,0x20
0x62a668,_ZN21RankedTeamSelectPopup20setupPlayerItemTweenEP13DisplayObjectiP17ParallelExecutionf,0x35c
0x62a9c4,_ZNKSt6__ndk110__function6__funcIZN8TestCase20drawDebugPercentagesEvE4$_19NS_9allocatorIS3_EEFvvEE11target_typeEv,0xc
0x62a9d0,_ZNK6icu_586BMPSet4spanEPKtS2_17USetSpanCondition,0x3dc
0x62adac,_ZN17ParallelExecution3addEP9Execution,0x13c
0x62aee8,_ZN21MagicSelectableButton18setCustomAnimationEbRK6StringS2_S2_S2_,0x64
0x62af4c,_ZN8HomeModeD0Ev,0x24
0x62af70,_ZN6icu_5810UnicodeSet6retainEPKiia,0x1ac
0x62b11c,_ZNK18ServerErrorMessage14getMessageTypeEv,0x8
0x62b124,_ZN10PlayerInfo6addTabEi,0xbc
0x62b1e0,_u_charAge_58,0x94
0x62b274,_ZN14LogicDailyData13removeNewItemEPK13LogicCardData,0xf8
0x62b36c,_ZNK7Billing17getProductDetailsERK6String,0xac
0x62b418,_ZN6Sprite14allocateMemoryEi,0xf4
0x62b50c,_ZNK4Rect13containsPointERK7Vector2IfE,0x44
0x62b550,_ZN16UdpPacketHandler4sendEP14PiranhaMessagef,0x108
0x62b658,_ZN15LogicStringUtil13getCharLengthEPKci,0xb0
0x62b708,_ZNK19LogicProjectileData17getFreezeStrengthEv,0x8
0x62b710,_ZN21MapEditorModifierItemC2Ei,0x2b8
0x62b9c8,_ZL14ustrenum_countP12UEnumerationP10UErrorCode,0x10
0x62b9d8,_ZN13SimpleWebviewC2Ev,0x3f0
0x62bdc8,_ZN24LogicExpressionEvaluator12parseProductEv,0x4e0
0x62c2a8,_ZN33AllianceStreamEntryRemovedMessage16setStreamEntryIdEP9LogicLong,0x8
0x62c2b0,_ZN15TeamChatMessage6decodeEv,0x34
0x62c2e4,_ZN18HomePageTeamMember18updateSpeechBubbleEf,0xd8
0x62c3bc,_ZN9TeamEntry8destructEv,0x220
0x62c5dc,_ZNK14EnterNamePopup28allowClosingFromModalTappingEv,0x8
0x62c5e4,_ZN11SCIDManager10openWindowERK6String,0xac
0x62c690,_ZN14MessageManager28sendOfflineJoinableAlliancesEv,0x270
0x62c900,_ZN19DebugPerformanceHud6updateEv,0x4
0x62c904,_ZNK9Animation9getWeightEv,0x8
0x62c90c,_ZNSt6__ndk110__function6__funcIZN11scTaskQueue3runIZN24DataLoaderLayeredTexture4loadEPKcRKNS_5arrayIiLm4EEEE3$_1EENS_13invoke_resultIT_JEE4typeESD_EUlvE_NS_9allocatorISG_EEFvvEED0Ev,0x4
0x62c910,_ZNK18LogicCharacterData15getLoopedEffectEv,0x8
0x62c918,_ZN18TeamChatController13setAreaHeightEf,0x24
0x62c93c,_ZN6icu_5810UnicodeSet10complementEii,0xd4
0x62ca10,_ZN11Application11pasteStringEv,0x4
0x62ca14,_ZN11Character3D9loadModelEPK13LogicSkinDataP8Sprite3DRK6String,0x157c
0x62df90,_ZN12jpeg_decoder11H1V1ConvertEv,0x38c
0x62e31c,_ZNK25TeamBotSlotDisableMessage7getSlotEv,0x8
0x62e324,_ZNK19EnvironmentRenderer8getWorldEi,0x68
0x62e38c,_ZN13LogicSkinData11setIdleFaceERK6String,0x8
0x62e394,_ZN14HelpshiftTitan19HelpshiftConnection12getSingletonEv,0x8c
0x62e420,_Z6addAllNSt6__ndk16vectorI13QuestSortDataNS_9allocatorIS1_EEEEiP14LogicArrayListIP9QuestDataEb,0x320
0x62e740,_ZN20UnlockAccountMessage6encodeEv,0x50
0x62e790,_egc_iter_get_u16_pos,0x8
0x62e798,_ZN8HomePage11resolveItemEiPK18LogicCharacterData,0xb8
0x62e850,_ZN20NativeSCIDConnectionC2Ev,0x150
0x62e9a0,_ZN15MapEditorScreen22updateCameraParametersEv,0x210
0x62ebb0,_ZN23BindKakaoAccountMessage10setKakaoIdEP6String,0x8
0x62ebb8,_ZN9CombatHUD8ultiUsedEv,0xc0
0x62ec78,_ZNSt6__ndk16__treeINS_12__value_typeIfZN6scglTF12_GLOBAL__N_111convertGLTFEP7SCWFileRKN2fx4gltf8DocumentERK6StringE7KeyDataEENS_19__map_value_compareIfSF_NS_4lessIfEELb1EEENS_9allocatorISF_EEE7destroyEPNS_11__tree_nodeISF_PvEE,0x40
0x62ecb8,_ZN18LogicAnimationData11setPriorityERK6String,0x88
0x62ed40,_ZN21DisplayObjectOriginalD0Ev,0x4
0x62ed44,_ZNK10ByteStream9getOffsetEv,0x8
0x62ed4c,_ZN14TencentManager34tryExecuteAntiAddictionInstructionEv,0x3cc
0x62f118,_ZNSt6__ndk110__function6__funcIZ68Java_com_supercell_titan_PurchaseManager_updateBillingProductDetailsP7_JNIEnvP7_jclassP8_jstringS7_iE3$_0NS_9allocatorIS8_EEFvvEED0Ev,0x4
0x62f11c,_ZNK18LogicCharacterData19getAutoAttackDamageEv,0xc
0x62f128,_ZN15LogicItemServer13setPickedUpByEP20LogicCharacterServer,0x50
0x62f178,_ZN17LogicGameModeUtil20getBossCharacterDataEi,0xa4
0x62f21c,_ZNK18scFSLayerDirectory6isGoodEv,0x8
0x62f224,_ZN17TeamStreamMessageC2Ev,0x38
0x62f25c,_ZN19AllianceMemberEntry17setLastOnlineTimeEx,0x8
0x62f264,_ZThn8_NK6icu_5810UnicodeSet13addMatchSetToERS0_,0x10
0x62f274,_ZN20UILocalizedTextParamD2Ev,0x68
0x62f2dc,_ZNK6Shader16setUniformMatrixEiPKfi,0x24
0x62f300,_ZNK17LogicClientAvatar15getXpForUpgradeEPK18LogicCharacterDatai,0x8
0x62f308,_ZNK6icu_5815Normalizer2Impl16makeFCDAndAppendEPKtS2_aRNS_13UnicodeStringERNS_16ReorderingBufferER10UErrorCode,0x368
0x62f670,_ZN6icu_588RBBINode11flattenSetsEv,0xa4
0x62f714,_ZN16RankedPlayerItem13buttonClickedEP12CustomButton,0x138
0x62f84c,_ZNK24LogicParticleEmitterData18getParticleMaxLifeEv,0x10
0x62f85c,_ZN16TeamLeaveMessage18getServiceNodeTypeEv,0x8
0x62f864,_ZN10HomeScreen22consumePendingOrderIdsEv,0x38
0x62f89c,_ZN28LogicChangeAvatarNameCommandC2Ev,0x4c
0x62f8e8,_ZN14LogicReflector18reflectStringArrayER14LogicArrayListI6StringEPKc,0x12c
0x62fa14,_ZN15OutlineRenderer11setStrengthEf,0x8
0x62fa1c,_ZNK11LogicPlayer22getCardValueForPassiveEii,0x14
0x62fa30,_ZN22TeamMemberStatusButton10touchMovedERK5Touch,0x4
0x62fa34,_ZN13DisplayObject23disableRenderConfigBitsEi,0x10
0x62fa44,_ZN17LogicPetrolServer4tickEP28LogicGameObjectManagerServer,0x1d8
0x62fc1c,_ZN9MovieClip11gotoAndStopERK6String,0xf0
0x62fd0c,_ZN4asio6detail17executor_function8completeINS0_7binder1INS0_16range_connect_opINS_2ip3tcpENS_15any_io_executorENS5_22basic_resolver_resultsIS6_EENS0_25default_connect_conditionEZZN9Messaging7connectERK6StringSE_ENK3$_2clERKNSt6__ndk110error_codeES9_EUlSJ_RKT_E_EESH_EENSG_9allocatorIvEEEEvPNS1_9impl_baseEb,0x164
0x62fe70,_ZN5Items10selectItemEv,0x150
0x62ffc0,_ZN8Debugger15getWarningCountEv,0xc
0x62ffcc,_ZN20GameSelfhelpListener21selfhelpLoadingFailedEv,0x80
0x63004c,_ZN12KakaoManager11kakaoLoggedERK9KakaoUserRK6String,0x19c
0x6301e8,_ZNSt6__ndk110__function6__funcIZN8TestCase6dragToER5TouchfE4$_17NS_9allocatorIS5_EEFvvEEclEv,0x1c
0x630204,_ZN6icu_587UVector12sortedInsertEiPFa8UElementS1_ER10UErrorCode,0x8
0x63020c,_ZN14BattleEndPopup21centerAndGetFullWidthEfP14LogicArrayListIP9MovieClipEf,0x124
0x630330,_ZN12TencentLogin13showDiffLoginEv,0x28
0x630358,_ZNK17CreateGameMessage26getInvitedAvatarIdLowerIntEv,0x8
0x630360,_ZNSt6__ndk110__function6__funcIZN11scTaskQueue3runIZN6scglTF12_GLOBAL__N_111convertGLTFEP7SCWFileRKN2fx4gltf8DocumentERK6StringE3$_0EENS_13invoke_resultIT_JEE4typeESI_EUlvE_NS_9allocatorISL_EEFvvEEclEv,0x40
0x6303a0,_ZNK17LogicSkinConfData12getSadEffectEv,0x10
0x6303b0,_res_getAlias_58,0x50
0x630400,_ZN15sc3dWorldObject14updateUniformsEv,0x8c
0x63048c,_ZN12jpeg_decoder15free_all_blocksEv,0x54
0x6304e0,_ZN20NativeDialogCallback15dialogDismissedEii,0x14c
0x63062c,_ZN18LogicHelpshiftDataC2EP6CSVRowP14LogicDataTable,0x40
0x63066c,_ZN26TencentAccountBoundMessage18getServiceNodeTypeEv,0x8
0x630674,_ZN28ExtendedSetEncryptionMessage6encodeEv,0x28
0x63069c,_ZNK22LogicLocationThemeData27getMapPreviewBallExportNameEv,0x10
0x6306ac,_ZN14FriendsManagerD2Ev,0x118
0x6307c4,_ZN5lzham11lzham_timerC2Ey,0x70
0x630834,_ZN30LogicDeviceLinkResponseMessage12setPassTokenERK6String,0x8
0x63083c,_hb_shape_plan_create,0x120
0x63095c,_ZN23AddFriendByEmailMessageC2Ei,0x30
0x63098c,_ZN14BrawlPassPopupC2Ei,0x15cc
0x631f58,_ZN8RankItem25resolveCtxBasedOnQuantityEiii,0x1c
0x631f74,_ZN22EsportTournamentsPopup25setCustomTitleFromWebviewERK6String,0xd8
0x63204c,_ZN27LogicCommandManagerListener8destructEv,0x4
0x632050,_ZN11LogicPlayer13playerDamagedEi,0xc
0x63205c,_ZN12RenderSystem28getFirstFenceCornerDirectionEPK13LogicTileDataiiii,0xdc
0x632138,_ZN15sc3dWorldSprite14resetFlushPlanEv,0xc
0x632144,_ZN27HomeBattleReplayDataMessage33getCompressedReplayDataJSONLengthEv,0x8
0x63214c,_ZNK12CustomButton9isEnabledEv,0x10
0x63215c,_ZN12SupercellSWF20getMovieClipFromPoolEPKc,0x5c
0x6321b8,_ZNK41CafeBazaarBillingProcessedByServerMessage6getTIDEv,0x8
0x6321c0,_ZN11GameWebView32isQuestionPopupOpenInMaintenanceEv,0x20
0x6321e0,_ZNK6scPath14is_relative_toERKS_,0x144
0x632324,_u_getNumericValue_58,0x1c8
0x6324ec,_ZN15ResourceManager21getAbsoluteUpdatePathERK6String,0xb8
0x6325a4,_ZN11AndroidMain14exitMainThreadEv,0x38
0x6325dc,_ZN25PepperPerMessageEncrypter8selfTestEv,0x8
0x6325e4,_ZN17TeamStreamMessage19removeStreamEntriesEv,0x10
0x6325f4,_ZN26MapEditorLegalWarningPopup18customButtonTappedEP10GameButtoni,0x6c
0x632660,_ZN22ShapeDrawBitmapCommandC2Ev,0xc
0x63266c,_ZNK27BrawlTvChannelNextUpMessage14getMessageTypeEv,0x8
0x632674,_ZN18LoginFailedMessage31removeOptionalTargetedAccountIdEv,0x10
0x632684,_inadequateRandomnessDetected,0x34
0x6326b8,_sub_6326B8,0x24
0x6326dc,_sub_6326DC,0x1028
0x633704,_ZN22FriendLoggedOutMessageC2Ev,0x30
0x633734,_ZN8Databind15JSONInReflector14enterNextArrayEv,0xa0
0x6337d4,_ZNK19LogicProjectileData15getCustomObjectEv,0x8
0x6337dc,_ZN18PurchaseOfferPopup16findRelatedOfferEP16LogicOfferBundleP14LogicArrayListIS1_E,0x84
0x633860,_ZN28RankedMatchHeroPickedMessage6encodeEv,0x54
0x6338b4,_ZN15ResourceManager16loadNextResourceEv,0x14
0x6338c8,_ZN33RankedMatchHeroDataUpdatedMessage9setPlayerEP22LogicRankedMatchPlayer,0x48
0x633910,_ZN18ClientInputMessage8destructEv,0x94
0x6339a4,_ZN11SCIDManager16innerLoadAccountERK6StringS2_S2_b,0x368
0x633d0c,_ZN10DataGained13spawnParticleEv,0x3e8
0x6340f4,_ZNK26AppleBillingRequestMessage8getPriceEv,0x8
0x6340fc,_ZN25MovieClipModifierOriginalD0Ev,0x38
0x634134,_ZN4ShopD0Ev,0x24
0x634158,_ZNK14TencentManager21isTencentAvailableIOSEv,0x8
0x634160,_ZN6icu_587UVector14ensureCapacityEiR10UErrorCode,0x94
0x6341f4,_ZN14TeamMemberItem18setVisibleOptionalEP9TextFieldb,0x10
0x634204,_Z22nativeDialogDismissAllv,0x11c
0x634320,_ZN28LogicSendAllianceMailCommand6decodeEP10ByteStream,0x60
0x634380,_uhash_remove_58,0x1b4
0x634534,_ZN12LocationItem15selectEventMod1Ev,0x120
0x634654,_ZN9LogicMath5clampExxx,0x14
0x634668,_ZL33hb_font_get_glyph_h_origin_parentP9hb_font_tPvjPiS2_S1_,0xa8
0x634710,_ZN37AskForPlayingGamecenterFriendsMessage6encodeEv,0x88
0x634798,_ZN27PurchaseSkinGroupOfferPopup12canEmoteDropEPK18LogicCharacterDatai,0x30
0x6347c8,_ZN6Sprite16removedFromStageEv,0xb0
0x634878,_ZN11Application20showKunlunExitScreenEv,0x40
0x6348b8,_ZN22SelectLocationShortcutC2EP13DisplayObjecti,0x88
0x634940,_ZN8CSVPatch15copyRawCSVValueEP9CSVColumniS1_i,0x11c
0x634a5c,_ZN22PlayAgainStatusMessage6decodeEv,0x38
0x634a94,_ZN15MapEditorScreen10isMapEmptyEv,0xa8
0x634b3c,_ZN18PreRenderedTexture24setClipToViewportEnabledEb,0xc
0x634b48,_ZN21LogicAreaEffectClient8destructEv,0x30
0x634b78,_ZN15BrawlPassButtonD2Ev,0x60
0x634bd8,_ZN7Offline19getPreviewSkinNamesEv,0x158
0x634d30,_ZN24EsportTournamentsWebView4goToERK6String,0x9c
0x634dcc,_ZN11DynamicMeshC2Ev,0x30
0x634dfc,_ZN8TestCase13getDeviceInfoEv,0x48c
0x635288,_ZN29LogicClaimRankUpRewardCommand11getProgressEPK13LogicHomeModeii,0x64
0x6352ec,_ZN14BattleLogEntry20getTeamMemberForRankEii,0x48
0x635334,_egc_iter_get_u16_egc_start,0x8
0x63533c,_ZNKSt6__ndk110__function6__funcIZN11scTaskQueue3runIZN10SWFTexture4loadEP12SupercellSWFbibbbbRK6StringE3$_1EENS_13invoke_resultIT_JEE4typeESC_EUlvE_NS_9allocatorISF_EEFvvEE7__cloneEPNS0_6__baseISI_EE,0x18
0x635354,_ZNK24MatchMakingStatusMessage14getMessageTypeEv,0x8
0x63535c,_ZN14QualifiedPopupC2EP31ChallengeSkinRewardNotification,0x350
0x6356ac,_ZN14AllianceSearch7setDataEP14PiranhaMessage,0x80
0x63572c,_ZNK11FriendEntry11getAvatarIdEv,0x8
0x635734,_uhash_hashChars_58,0x30
0x635764,_ZN9sc3dWorldD0Ev,0x24
0x635788,_ZN37AskForPlayingGamecenterFriendsMessage16setGamecenterIdsEP14LogicArrayListIP6StringE,0x8
0x635790,_ZN15ResourceManager8getMusicEPKc,0xc0
0x635850,_ZNKSt6__ndk110__function6__funcIZN11scTaskQueue3runIZN8TestCase9touchDownER5TouchE4$_15EENS_13invoke_resultIT_JEE4typeES9_EUlvE_NS_9allocatorISC_EEFvvEE7__cloneEPNS0_6__baseISF_EE,0x18
0x635868,_ZN23CreateGameFailedMessage8destructEv,0x24
0x63588c,_ZN21GlobalChatLineMessage17getAvatarExpLevelEv,0x8
0x635894,_ZN15AllianceManager8notifyUIEP14PiranhaMessage,0x5c
0x6358f0,_ZNK17LogicLocalization32useWhiteSpaceToReplaceLineBreaksEi,0x28
0x635918,_ZN8ImageSet8loadFileERK6String,0x1d4
0x635aec,_ucase_addCaseClosure_58,0x328
0x635e14,_ZNK32LogicDeviceLinkConfirmYesMessage14getMessageTypeEv,0x8
0x635e1c,_ZN26AuthenticationCheckMessageC2Ei,0x2c
0x635e48,_ZN15LogicDataTables20getMusicByFrameLabelERK6String,0x94
0x635edc,_ZN8HomeMode11getInstanceEv,0x44
0x635f20,_ZN39GoogleServiceAccountAlreadyBoundMessage18getServiceNodeTypeEv,0x8
0x635f28,_ZNK18LogicClientGlobals18getStringArraySafeERK6StringPK14LogicArrayListIS0_E,0x2c
0x635f54,_ZNK9ShopPopup9isEnabledEv,0x8
0x635f5c,_ZN36GamecenterAccountAlreadyBoundMessage18removeGamecenterIdEv,0x10
0x635f6c,_ZThn368_N30LookForATeamMemberConfirmPopupD1Ev,0x80
0x635fec,_ZN22ClientContentValidator15shouldLogToFileEv,0x8
0x635ff4,_ZN12EventTracker20createAnalyticsEventERK6StringS2_S2_S2_,0xf8
0x6360ec,_ZN10LogicOffer8destructEv,0xc
0x6360f8,_ZN6icu_58L17intPropertyFilterEiPv,0x30
0x636128,_ZNK21LogicProjectileServer9getStartXEv,0x8
0x636130,_ZN39GoogleServiceAccountAlreadyBoundMessage15removeAccountIdEv,0x10
0x636140,_ZNKSt6__ndk110__function6__funcIZN11scTaskQueue3runIZN10SWFTexture4loadEP12SupercellSWFbibbbbRK6StringE3$_0EENS_13invoke_resultIT_JEE4typeESC_EUlvE_NS_9allocatorISF_EEFvvEE7__cloneEPNS0_6__baseISI_EE,0x18
0x636158,_ZN12scZlibFilter13setDownstreamEP10scFileImpl,0x20
0x636178,_ZNK11SCIDManager10getAccountERK6StringS2_,0xfc
0x636274,_ZN5titan3com9supercell5titan21NativeFacebookManager12jniAuthorizeEv,0x5c
0x6362d0,_ZN8InStreamC2EPKc,0x1ec
0x6364bc,_ZN7rg_etc110etc1_block13unpack_color5ERjS1_S1_ttbj,0xdc
0x636598,_ZNK13LogicTileData11hasWindAnimEv,0x10
0x6365a8,_LzmaProps_Decode,0x9c
0x636644,_ZThn96_N11OnlinePopup13buttonClickedEP12CustomButton,0x8
0x63664c,_ZNK18LogicCharacterData17getEndScreenScaleEv,0x8
0x636654,_ZNK10LoginState16getAnalyticsNameEv,0x80
0x6366d4,_ZN14ShadowRenderer27addSegmentBasedOnNeighboursEiiiiiiPK12LogicTileMapii,0x4fc
0x636bd0,_ZN18LogicPlayerMapUtil18tileDataToTileCodeEPK13LogicTileDatai,0x160
0x636d30,_ZNSt6__ndk110__function6__funcIZN5titan3com6google7android4play4core5tasks18OnCompleteListener6invokeEP10_jmethodIDP13_jobjectArrayE3$_0NS_9allocatorISE_EEFvRN8safe_jni5ProxyENS8_4TaskEEE18destroy_deallocateEv,0x4
0x636d34,_ZN11QuestsPopup16sortQuestsByTypeEP14LogicArrayListIP9QuestDataES4_S4_S4_b,0x1684
0x6383b8,_ZNK6CSVRow14getArraySizeAtEi,0x14
0x6383cc,_ZN14BillingManager16destructInstanceEv,0x34
0x638400,_ZN27BillingRequestFailedMessage9clearFlagEi,0x10
0x638410,_ZN8Databind15JSONInReflectorC2EPK13LogicJSONNode,0x90
0x6384a0,_ZN12SoundManager16destructInstanceEv,0x38
0x6384d8,_ZN16ResourceListener13loadImmediateEv,0x20
0x6384f8,_ZNKSt6__ndk110__function6__funcIZN11scTaskQueue3runIZN7GLImage6createEPKc9ImageWrap11ImageFilterE3$_1EENS_13invoke_resultIT_JEE4typeESB_EUlvE_NS_9allocatorISE_EEFvvEE6targetERKSt9type_info,0x1c
0x638514,_ZNSt6__ndk110__function6__funcIZN11AndroidMain14inputOkPressedEvE4$_12NS_9allocatorIS3_EEFvvEEclEv,0x54
0x638568,_ZN9TextFieldD2Ev,0xe8
0x638650,_ZN16BattleLogManager9onMessageEP16BattleLogMessage,0x8a0
0x638ef0,_ZN7Profile12ScopedTimingD2Ev,0x84
0x638f74,_ZN17TencentTermsPopupD2Ev,0x34
0x638fa8,_ZNK13LogicGemOffer8toStringEv,0x5c
0x639004,_ZNK20LogicCharacterClient8getSkillEi,0x6c
0x639070,_ZN11SCIDManager14showErrorPopupERK6String,0x1c
0x63908c,_ZN20AllianceCountryPopupD2Ev,0xac
0x639138,_ZN7SBMMeshC2Ev,0x2c
0x639164,_ZN12LocationItem13buttonPressedEv,0x9b8
0x639b1c,_ZN20LogicHeroSeenCommand17isHeroStateUnseenEPK13LogicHomeModePK18LogicCharacterDatai,0x40
0x639b5c,_ZNK21LogicGameObjectServer11getPositionEv,0x8
0x639b64,_ZN11CountryItemC2EPK15LogicRegionDataS2_,0x154
0x639cb8,_ZN21LogicBattleModeServer13setRandomSeedEi,0x10
0x639cc8,_ZNK14LogicMapLoader15saveMapToStringEP6String,0x8
0x639cd0,_ZN14ChatStreamItemD2Ev,0xc8
0x639d98,_ZN32LogicDeviceLinkConfirmYesMessage8destructEv,0x50
0x639de8,_ZN27LogicDeviceLinkErrorMessage6decodeEv,0x40
0x639e28,_ZNK17LogicResourceData11getTextBlueEv,0x10
0x639e38,_ZN28UdpBigMessageFragmentMessage18getServiceNodeTypeEv,0x8
0x639e40,_ZN16ChronosFileEntry6encodeEP15ChecksumEncoder,0x44
0x639e84,_ZN6icu_586Locale9getFrenchEv,0x24
0x639ea8,_Z26p_StringUtil_isValidHexStrRK6String,0xa0
0x639f48,_ZNK22scThreadSafeRingBuffer27numBytesAvailableForReadingEv,0xc
0x639f54,_hb_buffer_set_script,0x14
0x639f68,_ZNSt6__ndk110__function6__funcIZN19SupercellIdCallback19setTutorialCompleteEP8_jobjectE4$_11NS_9allocatorIS5_EEFvvEE18destroy_deallocateEv,0x4
0x639f6c,_hb_language_get_default,0x68
0x639fd4,_uloc_setKeywordValue_58,0x490
0x63a464,_ZN14MessageManager30keepAliveServerMessageReceivedEv,0x7c
0x63a4e0,_ZNK9LogicData9getCSVRowEv,0x8
0x63a4e8,_ZN13WVSCIDManager26logOutFromAllDevicesFailedEv,0x14
0x63a4fc,_ZN13MapEditorMode9debugDrawEv,0x18
0x63a514,_ZN8ViewportC2Eiiii,0x20
0x63a534,_ZN16LogicSkillServer10getNameTIDEv,0x8
0x63a53c,_ZN20LogicCharacterServer17calculateChargeUpEv,0x4
0x63a540,_ZL19utf8IteratorCurrentP13UCharIterator,0x11c
0x63a65c,_ZN20AllianceTeamsMessage11deleteTeamsEv,0x90
0x63a6ec,_ZN18CryptoErrorMessage18getServiceNodeTypeEv,0x8
0x63a6f4,_ZNK28TencentBillingRequestMessage12getSignatureEv,0x8
0x63a6fc,_ZN14LogicConditionC2Eii,0x14
0x63a710,_ZN19SelectLocationPopup6updateEf,0x674
0x63ad84,_ZN4Shop12destructRowsEv,0xa4
0x63ae28,_ZN10DoubleItemC2EP15DoubleDropPopupP10GatchaDropi,0x2d8
0x63b100,_ZN35AskForPlayingFacebookFriendsMessage18getServiceNodeTypeEv,0x8
0x63b108,_ZN14BattleEndPopup18addQuestAnimationsEP18SequencedExecution,0x8c
0x63b194,_ZNK9MovieClip13getExportNameEv,0x8
0x63b19c,_ZNK20LogicCharacterClient17getChargeUpTimeMsEv,0x8
0x63b1a4,_ZN34ChangePlayerMapNameResponseMessage6encodeEv,0x44
0x63b1e8,_ZNKSt6__ndk110__function6__funcIZN19SupercellIdCallback11bindAccountEP8_jobjectRK6StringS7_S7_S7_bE3$_1NS_9allocatorIS8_EEFvvEE7__cloneEPNS0_6__baseISB_EE,0x6c
0x63b254,_ZN13TitanInStreamC2ERK6String,0xf0
0x63b344,_ZN9EntryInfo21setPlaySelectionSoundEb,0xc
0x63b350,_ZN24MatchMakingStatusMessage18getServiceNodeTypeEv,0x8
0x63b358,_ubrk_current_58,0xc
0x63b364,_ZN12LogicVector23addEPKS_,0x14
0x63b378,_ZN5titan3com9supercell5titan19ApplicationUtilBase12getUserAgentEv,0x70
0x63b3e8,_ZNK9LogicData15getIntegerValueERK6Stringi,0xbc
0x63b4a4,_ZNSt6__ndk110__function6__funcIZN19SupercellIdCallback11loadAccountEP8_jobjectRK6StringS7_S7_bE3$_2NS_9allocatorIS8_EEFvvEE7destroyEv,0x30
0x63b4d4,_ZN27LogicSelectGroupSkinCommand6decodeEP10ByteStream,0x30
0x63b504,_ZN8HomeMode6updateEff,0x160
0x63b664,_ZN8CSVTable12addEmptyLineEi,0xdc
0x63b740,_ZN22ClientContentValidator12startSectionERK6StringP7__sFILE,0xdc
0x63b81c,_ZNK21LogicTutorialStepData14getAnimationX2Ev,0x10
0x63b82c,_ZN23ChangeAvatarNameMessage8destructEv,0x40
0x63b86c,_ZN37LogicDeviceLinkCodeDeactivatedMessageC2Ev,0x30
0x63b89c,_ZN19DebugPerformanceHud16clearCachedTextsEv,0x174
0x63ba10,_ZNK19StopSpectateMessage14getMessageTypeEv,0x8
0x63ba18,_Z37_hb_fallback_shaper_font_data_destroyP30hb_fallback_shaper_font_data_t,0x4
0x63ba1c,_ZNSt6__ndk110__function6__funcIZN10SWFTexture4loadEP12SupercellSWFbibbbbRK6StringE3$_0NS_9allocatorIS8_EEFvvEE18destroy_deallocateEv,0x4
0x63ba20,_ZN26AllianceTeamRemovedMessage6decodeEv,0x2c
0x63ba4c,_ZN17HeroSwipeSelector11refreshHeroEP10SwipeEntryfi,0xdc
0x63bb28,_ZNK8Animator16getNextAnimationEv,0x8
0x63bb30,_ZNSt6__ndk110__function6__funcIZN32NativeFacebookConnectionCallback6loggedERK6StringS5_E3$_1NS_9allocatorIS6_EEFvvEE7destroyEv,0x44
0x63bb74,_ZN29CoinDoublerRewardNotification6decodeEP10ByteStream,0x4c
0x63bbc0,_ZN32RankedMatchUpdateHeroDataMessageC2Ev,0x38
0x63bbf8,_ZNK22LogicLocationThemeData16getBlocking4MeshEi,0x18
0x63bc10,_ZN9CSVColumn13addIntValueAtEii,0x16c
0x63bd7c,_ZN11SCIDWebView14callbackNumberERK6Stringi,0x94
0x63be10,_ZN14MessageManager16setOfflineAvatarEPK17LogicClientAvatar,0x94
0x63bea4,_ZN15MapEditorScreen7canDrawEPK13LogicTileData,0xa0
0x63bf44,_ZN10SetVisibleD0Ev,0x34
0x63bf78,_ZNK28LogicGameObjectManagerClient15getScorePercentEiP21LogicBattleModeClient,0xc8
0x63c040,_ZNK12RenderSystem22getEnvironmentRendererEv,0x8
0x63c048,_ZN19SupercellIdCallback24setPendingLoginWithEmailEP8_jobjectRK6Stringb,0x224
0x63c26c,_Z9g_getTimev,0x44
0x63c2b0,_ZNKSt6__ndk110__function6__funcIZN19SupercellIdCallback19setTutorialCompleteEP8_jobjectE4$_11NS_9allocatorIS5_EEFvvEE7__cloneEPNS0_6__baseIS8_EE,0x18
0x63c2c8,_ZN6CSVRow16setStringValueAtERK6Stringii,0x10
0x63c2d8,_ZN15LogicDataTables17getTotalHeroCountEPK13LogicHomeMode,0x144
0x63c41c,_ZNK8CSVSaver23getCSVRowLinesForSavingEPK6CSVRowRK6StringS5_P14LogicArrayListIS3_E,0x3f8
0x63c814,_ZN12ShopItemAnim13markInspectedEv,0x10
0x63c824,_ZNK10GameScreen7getGameEv,0x8
0x63c82c,_ZN5titan3com9supercell5titan19ApplicationUtilBase12getKunlunUIDEv,0x70
0x63c89c,_ZN16ScreenProperties16getDisplayFactorEv,0x20
0x63c8bc,_ZN8Animator17changeAnimationToEif,0xb0
0x63c96c,_ZL22getTrailCombiningClassRK11IntPropertyi9UProperty,0x1c
0x63c988,_unorm2_getNFKDInstance_58,0x20
0x63c9a8,_ZNSt6__ndk110__function6__funcIZN8GameMain14loadAssetAsyncERK6StringbE3$_0NS_9allocatorIS6_EEFvvEE7destroyEv,0x8
0x63c9b0,_ZN5titan3com9supercell5titan14HelpshiftTitan5loginERK6StringS6_S6_,0xcc
0x63ca7c,_ZN35AllianceInvitationSendFailedMessage8destructEv,0x24
0x63caa0,_ZN17HighRateUdpSocket4sendEPci,0x88
0x63cb28,_ZN10LZMAReader16isLZMACompressedEPKhib,0x78
0x63cba0,_ZN15LaserBoxManager7Website18reloadManifestFileEv,0x4
0x63cba4,_ZN7PopoverD0Ev,0x24
0x63cbc8,_ZNK20LogicCharacterServer8getStateEv,0x8
0x63cbd0,_ZN17LogicSkinConfData16createReferencesEv,0x640
0x63d210,_Z16extractKakaoLinkRK6String,0x10c
0x63d31c,_ZNK13StringBuilder6charAtEi,0xc
0x63d328,_ZNK25BattleReportStreamMessage9getHomeIdEv,0x8
0x63d330,_ZN30SCIDAccountAlreadyBoundMessage12removeOpenIdEv,0x10
0x63d340,_ZN12VertexBuffer9createIboEPKtj,0xa8
0x63d3e8,_ZN13LogicFaceData16createReferencesEv,0x40
0x63d428,_ZNK18DailyEventsMessage14getMessageTypeEv,0x8
0x63d430,_ZNK22LogicLocationThemeData28getMapPreviewGoal1ExportNameEv,0x10
0x63d440,_ZN23LineAccountBoundMessage6encodeEv,0x28
0x63d468,_ZN15ProLeagueScreen16getCurrentSeasonEv,0x20
0x63d488,_ZN18LeaderboardMessage8destructEv,0x40
0x63d4c8,_ZNK6icu_5815Normalizer2Impl12addLcccCharsERNS_10UnicodeSetE,0x5c
0x63d524,_ZN17scFSLayerPackfileC2ERK6scFileRK6scPathPN13scFSLayerBase9IListenerE,0x1f4
0x63d718,_ZL15ucstrTextAccessP5UTextla,0x1c4
0x63d8dc,_ZNK9CSVColumn14getRawIntValueEi,0xc
0x63d8e8,_ZN28TeamRequestJoinCancelMessage18getServiceNodeTypeEv,0x8
0x63d8f0,_ZNK10ScrollArea14getDragHandlerEv,0x8
0x63d8f8,_ZN34LogicDeviceLinkCodeResponseMessage12setErrorCodeEi,0x8
0x63d900,_ZNK22SCIDBindAccountMessage19getSupercellIdTokenEv,0x10
0x63d910,_ZN30StartLatencyTestRequestMessage27getLatencyTestConfigurationEv,0x8
0x63d918,_ZN26ChampionshipChallengePopup17getNumBoughtLivesEv,0x24
0x63d93c,_ZN9BitStream26writePositiveIntMax1048575Ei,0x8
0x63d944,_Sha256_Final,0x1f4
0x63db38,_ZN19TimedOfferTimerItem6updateEP9MovieClipS1_f,0x16c
0x63dca4,_ZN30ReportPlayerMapResponseMessage6decodeEv,0x50
0x63dcf4,_ZNKSt6__ndk110__function6__funcIZN11AndroidMain21inputSelectionChangedEiiE4$_11NS_9allocatorIS3_EEFvvEE7__cloneEPNS0_6__baseIS6_EE,0x18
0x63dd0c,_ZN5titan3com8linecorp4nova7android10NovaNativeC2EP8_jobject,0xbc
0x63ddc8,_ZN6icu_5815RangeDescriptorD2Ev,0x34
0x63ddfc,_ZNK10ByteStream12getBitOffsetEv,0x8
0x63de04,_ZN27LogicAddNotificationCommandC2Ev,0x30
0x63de34,_ZN17LogicClientAvatar14setNpcWinCountEi,0x8
0x63de3c,_ZN7TopItem11setValueTxtEi,0x84
0x63dec0,_ZN26AppleBillingRequestMessage6setTIDERK6String,0x8
0x63dec8,_ZN12scZstdReader12readIntArrayEi,0x5c
0x63df24,_ZN24AvatarStreamEntryMessage18getServiceNodeTypeEv,0x8
0x63df2c,_ZN16NameChangeWindow16setCurrentScreenEv,0x9c
0x63dfc8,_ZN10HomeScreen15playerXpChangedEv,0x10
0x63dfd8,_ZN5lzham12symbol_codec13stop_encodingEb,0x48
0x63e020,_ZN19VisionUpdateMessageC2Ev,0x40
0x63e060,_ZNK6scPath14windows_stringEv,0x1e0
0x63e240,_deflateBound,0x168
0x63e3a8,_ZN21TeamReportChatMessageC2Ev,0x34
0x63e3dc,_ZNK17ReplayStreamEntry15getMajorVersionEv,0x8
0x63e3e4,_ZN8Selfhelp20webviewShouldOpenURLERK6String,0x75c
0x63eb40,_ZN9EventSlot6decodeEP10ByteStream,0x30
0x63eb70,_ZNKSt6__ndk110__function6__funcIZN11scTaskQueue3runIZN11AndroidMain9_gameStopEvE4$_17EENS_13invoke_resultIT_JEE4typeES7_EUlvE_NS_9allocatorISA_EEFvvEE7__cloneEv,0x38
0x63eba8,_deflate_fast,0x538
0x63f0e0,_ZNK21LogicBattleModeServer7getTickEv,0x8
0x63f0e8,_ZN30TicketCompensationNotification6decodeEP10ByteStream,0x4c
0x63f134,_ZN13QuestionPopUpD2Ev,0x12c
0x63f260,_ZNK15LogicLocaleData15doesTestExcludeEPKS_,0x34
0x63f294,_ZN27ViewReplayByStringIdMessage18getServiceNodeTypeEv,0x8
0x63f29c,_ZNSt6__ndk110__function6__funcIZN11scTaskQueue3runIZN8TestCase28getAllSpritesVisibleMatchingI12CustomButtonZNS4_28getButtonsWithTextFieldValueE6StringbbS7_E4$_22EENS_6vectorIPT_NS_9allocatorISB_EEEET0_EUlvE_EENS_13invoke_resultISA_JEE4typeESA_EUlvE_NSC_ISK_EEFvvEE18destroy_deallocateEv,0x4
0x63f2a0,_ZNK13LogicTileData13getShadowSkewEv,0x34
0x63f2d4,_ZN32LogicDeviceLinkMenuClosedMessage6decodeEv,0x4
0x63f2d8,_ZN9ClanPopupC2Ev,0x198
0x63f470,_ZNK18AddableFriendEntry8hashCodeEv,0x14
0x63f484,_ZNK14LogicAccessory17getBlockedMessageEii,0x15c
0x63f5e0,_ZN15OfferBundleItem6updateEf,0x37c
0x63f95c,_ZN11AndroidMain16createMainThreadEv,0xb0
0x63fa0c,_ZplRK6Stringb,0x88
0x63fa94,_ZN20AnalyticEventMessageC2Ei,0x30
0x63fac4,_ZNK14LogicEmoteData12getEmoteTypeEv,0x10
0x63fad4,_ZN21CreateAllianceMessage22setAllianceDescriptionEP6String,0x8
0x63fadc,_ZN20TeamJoinRequestPopupD2Ev,0x78
0x63fb54,_ZL22collect_features_indicP21hb_ot_shape_planner_t,0x39c
0x63fef0,_ZN13QuestListItemD0Ev,0x58
0x63ff48,_ZNKSt6__ndk110__function6__funcIZN11scTaskQueue3runIZN8TestCase11touchSpriteEP6SpriteE3$_2EENS_13invoke_resultIT_JEE4typeES9_EUlvE_NS_9allocatorISC_EEFvvEE11target_typeEv,0xc
0x63ff54,_ZN12LoginMessage14removeAppleIFVEv,0x10
0x63ff64,_ZN17ResourceReferenceC2Ev,0x2c
0x63ff90,_ZNK13LogicHintData13getMinXPLevelEv,0x10
0x63ffa0,_ZN15LogicJSONHelper9getStringEPK15LogicJSONObjectRK6StringS5_,0x50
0x63fff0,_ZNK9xMatrix447toEulerEv,0xbc
0x6400ac,_ZN11UpgradeItem11setDescIntoEP9TextFieldb,0x8c
0x640138,_ZN17TitanLoginMessage8destructEv,0x4
0x64013c,_ZN37LogicDeviceLinkNewDeviceLinkedMessage6encodeEv,0x28
0x640164,_ZNK14LogicSkillData13getLevelCountEv,0x8
0x64016c,_ZN6icu_5813UnicodeStringD0Ev,0x68
0x6401d4,_ZN24LogicExpressionEvaluator21setDivisionByZeroModeEi,0x8
0x6401dc,_ZNK6String11lastIndexOfEPKc,0xc4
0x6402a0,_ZNK30LogicDeviceLinkResponseMessage11getExpLevelEv,0x8
0x6402a8,_ZN6icu_586Locale9getFranceEv,0x24
0x6402cc,_ZNK13LogicSkinData16getMaterialsFileEv,0x10
0x6402dc,_ZN18ProLeagueInfoPopup7hasDataEv,0x40
0x64031c,_ZN8NewsPage7fadeOutEv,0x10
0x64032c,_ZN5titan3com9supercell5titan14HelpshiftTitan16showConversationEv,0x5c
0x640388,_ZN20PlayerMapRenamePopup14getDefaultNameEv,0x10
0x640398,_ZN4Mesh4drawEP11DynamicMesh,0x12c
0x6404c4,_Java_com_supercell_titan_GameApp_nOnRestart,0x88
0x64054c,_u_isalpha_58,0x80
0x6405cc,_ZN13ShapeOriginalD0Ev,0x94
0x640660,_ZN22LogicHelpOpenedCommand7executeEP13LogicHomeModeib,0x8
0x640668,_ZNK18LogicAccessoryData20getSkipTypeConditionEv,0x10
0x640678,_ZN13EnterAgePopup6updateEf,0x3b4
0x640a2c,_ZN11LineManager9enterGameEv,0xa4
0x640ad0,_ZN9EntryInfo8itemSeenEPK13LogicCardData,0x5c
0x640b2c,_ZN12RecentButton11setupTargetEP12CustomButton,0xdc
0x640c08,_ZN17DebugCountryPopupC2Ev,0x280
0x640e88,_ZN15AllianceWarNodeC2Ev,0x18
0x640ea0,_ZN36LogicTeamChatMuteStateChangedCommandC2Eb,0x34
0x640ed4,_ZN17AllianceTeamEntry8idsMatchEP9LogicLongS1_,0x20
0x640ef4,_ZN7SCWFile4loadER12SCWFileInput,0x113c
0x642030,_ZN17AnimationInstance15setTargetObjectEPK14GameObjectBase,0x8
0x642038,_ZNSt6__ndk110__function6__funcIZN11scTaskQueue3runIZN8TestCase10touchStageER5TouchE3$_5EENS_13invoke_resultIT_JEE4typeES9_EUlvE_NS_9allocatorISC_EEFvvEED0Ev,0x4
0x64203c,_ZN27BrawlerSuggestionStreamItem13updateVisibleEf,0x44
0x642080,_ZN16ChatOptionsPopup23getRedNotificationCountEv,0x8
0x642088,_ZN13ClippedSprite6renderER9Matrix2x3R14ColorTransformif,0x114
0x64219c,_ZN25SendGlobalChatLineMessage18getServiceNodeTypeEv,0x8
0x6421a4,_ZN5titan3com9supercell5titan6kunlun13GameAppKunlun18kunlunIndulgeFieldEv,0x70
0x642214,_ZN17LogicGameModeUtil14isSpecialEventEi,0x28
0x64223c,_ZN8HeroList13toggleSortingEb,0x1ac
0x6423e8,_ZN14LogicPlayerMap8setLikesEi,0x8
0x6423f0,_ZN11FriendEntry14setDisplayDataEP17PlayerDisplayData,0x54
0x642444,_ZThn96_N17AnimationInstance11endPlaybackEv,0x8
0x64244c,_ZN19AllianceMemberEntry6decodeEP10ByteStream,0xd0
0x64251c,_ZN20LogicCharacterServer12ensurePathOkEP15LogicPathFinder,0x494
0x6429b0,_ZN9AntiCheat10isEmulatorEv,0x68
0x642a18,_ZN9BitStream23readPositiveIntMax16383Ev,0x338
0x642d50,_ZNK6Sprite13getChildIndexEPK13DisplayObject,0x1c
0x642d6c,_ZN33TencentAccountAlreadyBoundMessage15removeAccountIdEv,0x10
0x642d7c,_ZNK17ReplayStreamEntry17getContentVersionEv,0x8
0x642d84,_ZN25AccountIdentifiersMessageC2Ev,0x34
0x642db8,_ZN12VertexBuffer9updateVboEPKvj,0x6c
0x642e24,_ZN30LogicDeviceLinkResponseMessage11setLinkCodeERK6String,0x8
0x642e2c,_LzmaDec_Allocate,0x174
0x642fa0,_ZN22LogicUnlockSkinCommandC2EPK13LogicSkinData,0x34
0x642fd4,_ZN9LogicData16markAsReferencedEv,0xc
0x642fe0,_ZThn96_N30LookForATeamMemberConfirmPopup13buttonClickedEP12CustomButton,0x34
0x643014,_ZN13LogicHomeMode26getCurrentDayIndexFromTimeEi,0x20
0x643034,_ZN13LogicSkinData21getSkinFeatureBitMaskERK6String,0x12c
0x643160,_ZN6icu_5811StringPieceC2EPKc,0x38
0x643198,_ZN20LogicCharacterServer26removeGameObjectReferencesEPK21LogicGameObjectServeri,0x1fc
0x643394,_ZN13LogicTileData16createReferencesEv,0x10c
0x6434a0,_ZN8KeyCache13storeKeyValueERK6StringS2_,0x14c
0x6435ec,_ZN6icu_5817StringEnumerationD2Ev,0x50
0x64363c,_ZNSt6__ndk17__sort5IRZN24LocalNotificationManager20refreshNotificationsEvE3$_0PNS1_10sNotifDataEEEjT0_S6_S6_S6_S6_T_,0x3d0
0x643a0c,_ZN24KakaoAccountBoundMessage13setResultCodeEi,0x8
0x643a14,_ZN15UnbotifyManager12setAccountIdEii,0x1d0
0x643be4,_ZN23AttributionEventMessage6encodeEv,0x98
0x643c7c,_ZN15LogicDataTables24getUltiButtonCancelSoundEv,0xc
0x643c88,_ZNK10scPackFile12openFileImplEPKci,0x484
0x64410c,_ZN6icu_586Locale10setToBogusEv,0x68
0x644174,_ZNK12BattleScreen20getUltiStickEditingYEv,0x10
0x644184,_ZN21LogicBattleModeServer12getTeamScoreEib,0x140
0x6442c4,_ZNKSt6__ndk110__function6__funcIZN19EnvironmentRenderer6renderER9Matrix2x3R14ColorTransformifE3$_8NS_9allocatorIS7_EEFvvEE6targetERKSt9type_info,0x1c
0x6442e0,_ZN34SetSupportedCreatorResponseMessage6decodeEv,0x88
0x644368,_ZN12RenderSystem20addLayerSpritesOnTopEv,0x78
0x6443e0,_ZN10SCTuneImpl11isConnectedEv,0x10
0x6443f0,_ZNK19AllianceHeaderEntry18getNumberOfMembersEv,0x8
0x6443f8,_ZN23TeamInviteStatusMessage6decodeEv,0x70
0x644468,_ZN15LogicDataTables18getCarryableByNameERK6StringPK9LogicData,0x20
0x644488,_ZN17CustomWorldObjectD2Ev,0x38
0x6444c0,_ZN22SearchAlliancesMessage11getMinLevelEv,0x8
0x6444c8,_ZN10ZipArchiveC2E6String,0x44
0x64450c,_Buf_Free,0x34
0x644540,_ZNKSt6__ndk110__function6__funcIZN19EnvironmentRenderer6renderER9Matrix2x3R14ColorTransformifE3$_1NS_9allocatorIS7_EEFvvEE7__cloneEv,0x38
0x644578,_ZN10HomeScreen23supportedCreatorChangedEv,0xf8
0x644670,_ZNK22LogicLocationThemeData22getEnvironmentSCWCountEv,0x10
0x644680,_Java_com_supercell_titan_SupercellId_setProfile,0x78
0x6446f8,_ZN29AvatarNameChangeFailedMessage6encodeEv,0x28
0x644720,_ZN12ClippingAreaC2EP9MovieClipRK6StringS4_,0x204
0x644924,_ZN35RespondToAllianceJoinRequestMessage10setMessageEP6String,0x8
0x64492c,_ZN9BitStream21writePositiveIntMax15Ei,0x8
0x644934,_ZN8LogicMD56encodeEPcPKii,0x48
0x64497c,_ZN15LogicClientHome12isHeroTeasedEPK18LogicCharacterData,0x78
0x6449f4,_ZNK12SoundManager14isPlayingMusicEv,0x14
0x644a08,_ZN26RankedMatchPickHeroMessageC2Ev,0x38
0x644a40,_Z14saveScreenshotPhiiRK6Stringiiii,0x4
0x644a44,_ZN7Shape3d19setProjectionMatrixERK9xMatrix44,0x14
0x644a58,_ZN26ChampionshipChallengePopup22getFutureEventDurationEv,0x84
0x644adc,_ZNK28DeviceLinkCodeReceivedScreen11getLinkCodeEv,0x8
0x644ae4,_ZN9xMatrix4412createLookAtERK7Vector3IfES3_S3_,0x1b4
0x644c98,_ZN21LogicBattleModeClient26isGameOverOrRoundResettingEv,0x54
0x644cec,_ZN17GameObjectManager6updateEf,0xb4
0x644da0,_hb_ot_layout_table_get_lookup_count,0x40
0x644de0,_ZN8HomeMode11updateLogicEf,0x1a4
0x644f84,_Z21getRandomUnitVector3fv,0x7c
0x645000,_ZN10ScrollArea14touchCancelledEi,0x2c
0x64502c,_ZN20NativeSCIDConnection18handleNotificationERK6String,0x8
0x645034,_ZN13LogicSkinData13setRedTextureERK6String,0x88
0x6450bc,_ZN12LoginMessage19setYoozooOsdkTicketERK6String,0x8
0x6450c4,_ZN5titan7android7content2pm9SignatureC2EP8_jobject,0xbc
0x645180,_ZN16HelpshiftManager14clearKeyValuesEv,0x24
0x6451a4,_ZN9EntryInfo17setupSkinInfoIconEP9MovieClipPK13LogicSkinDataPK21LogicSkinCampaignData,0x1f4
0x645398,_ZN10ScoresPage14refreshMainTabEiRK6StringS2_S2_,0xb4
0x64544c,_ZNSt6__ndk110__function6__funcIZN11scTaskQueue3runIZN8TestCase17getVisibleButtonsEvE3$_3EENS_13invoke_resultIT_JEE4typeES7_EUlvE_NS_9allocatorISA_EEFvvEED0Ev,0x4
0x645450,_ZN9BitStream23writePositiveVIntMax255Ei,0x8
0x645458,_uprv_getUTCtime_58,0x50
0x6454a8,_File_Construct,0x8
0x6454b0,_ZN8InStream7readI32Ev,0x168
0x645618,_ZN20LogicJSONInReflector15getNextIntArrayEv,0x3c
0x645654,_ZN13QuestionPopUp4initEiRK6StringS2_b,0xbb0
0x646204,_ZNK24LogicSetPlayerAgeCommand6encodeEP15ChecksumEncoder,0x34
0x646238,_ZNSt6__ndk110__function6__funcIZN8TestCase13getStageWidthEvE4$_10NS_9allocatorIS3_EEFivEE7destroyEv,0x4
0x64623c,_ZNKSt6__ndk110__function6__funcIZ62Java_com_supercell_titan_TitanWebView_shouldOverrideUrlLoadingE3$_0NS_9allocatorIS2_EEFvvEE11target_typeEv,0xc
0x646248,_ZN10GameObject6updateEf,0x104
0x64634c,_ZN10SCIDConfigC2ERK6String,0x7c
0x6463c8,_uprv_stricmp_58,0x90
0x646458,_ZN14EnterNamePopupC2Ev,0x5dc
0x646a34,_ZN8RankItem12resolveStateEv,0x138
0x646b6c,_ZN8Skeleton7animateEP9Animation,0xf4
0x646c60,_ZNK18LogicAccessoryData19getLoopingPetEffectEv,0x10
0x646c70,_ZN27ClaimRankRewardPopupHandlerD2Ev,0x4c
0x646cbc,_ZN26ChampionshipChallengePopup19getFirstActiveEventEv,0x24
0x646ce0,_ZNK19LogicProjectileData10getGravityEv,0x8
0x646ce8,_ZN13OpenGLContext6createERK13SurfaceConfigPv,0x68
0x646d50,_ZN20AnalyticEventMessage8destructEv,0x50
0x646da0,_ZN19scResourceLoadQueue6cancelEv,0x170
0x646f10,_ZN31PublishPlayerMapResponseMessage11setMapStateEi,0x8
0x646f18,_ZN22HeroRewardNotification6encodeEP15ChecksumEncoder,0x48
0x646f60,_ZN13YoozooManager5loginEv,0x84
0x646fe4,_ZN21UnbotifyReportMessageC2Ei,0x34
0x647018,_ZN12AllianceEditC2EP17AllianceFullEntry,0xe0
0x6470f8,_ZNKSt6__ndk110__function6__funcIZN8TestCase13getStageWidthEvE4$_10NS_9allocatorIS3_EEFivEE11target_typeEv,0xc
0x647104,_ZN9MovieClip35gotoAndPlayToFrameIndexAnyDirectionEii,0x7c
0x647180,_ZNK6icu_5817ResourceDataValue7getUIntER10UErrorCode,0x34
0x6471b4,_ZNK23AskForFriendListMessage14getMessageTypeEv,0x8
0x6471bc,_ZN24LogicSetPlayerAgeCommandC2Ei,0x34
0x6471f0,_uprv_int32Comparator_58,0x10
0x647200,_ZN24LogicPlayerThumbnailData16createReferencesEv,0x54
0x647254,_ZN8Databind8Databind3logENS_8LogLevelEPKc,0x54
0x6472a8,_ZN8HomePage21setProLeagueGamesLeftEP9TextFieldi,0x19c
0x647444,_ZN28LogicLongToCodeConverterUtilC2ERK6StringS2_,0x78
0x6474bc,_ZNK17LogicLocalization26getLanguageIndexIgnoreCaseERK6String,0x64
0x647520,_u_strToUTF32WithSub_58,0x224
0x647744,_ZN10Connection7connectEPKcS1_,0x1e0
0x647924,_ZN9CombatHUD15KilledPlayerHUD6updateEf,0xb64
0x648488,_Z21getRandomUnitVector2fv,0x74
0x6484fc,_ZN14SettingsScreen20isSupercellIDEnabledEv,0x64
0x648560,_ZN6scFile6existsEPKc,0x24
0x648584,_ZL20RBBISetTable_deleterPv,0x34
0x6485b8,_ZN6icu_5818Normalizer2Factory15getNoopInstanceER10UErrorCode,0xe0
0x648698,_ZN6CSVRow15setBooleanValueEbRK6Stringi,0x14
0x6486ac,_ZNK15MapEditorScreen16logicToScreenNewEiiiRfS0_,0x164
0x648810,_ZN5tween4Quad7easeOutEffff,0x18
0x648828,_ZN8Debugger13getStoredLogsEv,0x8
0x648830,_ZNK30SCIDAccountAlreadyBoundMessage14getMessageTypeEv,0x8
0x648838,_ZN18DeliveryCardsPopup12setRarityTxtEP9TextFieldRK6StringS4_S4_iii,0x228
0x648a60,_ZN21LogicJSONOutReflector12reflectArrayEiPKc,0x34
0x648a94,_ZN18LogicHealthBarDataC2EP6CSVRowP14LogicDataTable,0x2c
0x648ac0,_ZNSt6__ndk110__function6__funcIZN14MessageManager34sendLoginAttributionAnalyticsEventEvE3$_0NS_9allocatorIS3_EEFvvEEclEv,0xb0
0x648b70,_ZN11LogicPlayer30removeDamagedEnemyUltiFullFlagEv,0x10
0x648b80,_ZN16ServerConnectionC2ERK6String,0x194
0x648d14,_ZN39GoogleServiceAccountAlreadyBoundMessage18setGoogleServiceIdEP6String,0x8
0x648d1c,_ZN28VanityItemRewardNotification6encodeEP15ChecksumEncoder,0x34
0x648d50,_ZN10PlayerInfo4isMeEPK9LogicLong,0x30
0x648d80,_ZNK13LogicItemData12getItemValueEv,0x8
0x648d88,_ZN14HelpshiftTitan16showConversationEv,0x98
0x648e20,_ZN8HeroList11createItemsEv,0xdc
0x648efc,_ZNK15LogicJSONObject13writeToStringEP13StringBuilder,0xb8
0x648fb4,_ZNKSt6__ndk110__function6__funcIZN7GLImage6createEPKc9ImageWrap11ImageFilterE3$_1NS_9allocatorIS7_EEFvvEE7__cloneEPNS0_6__baseISA_EE,0x28
0x648fdc,_ZN6icu_5811ICU_Utility12parsePatternERKNS_13UnicodeStringERKNS_11ReplaceableEii,0x148
0x649124,_ZN10BadgePopup13buttonClickedEP12CustomButton,0x3c
0x649160,_ZN17TeamStreamMessage16setStreamEntriesEP14LogicArrayListIP11StreamEntryE,0x8
0x649168,_ZNK10HomeScreen16getAnalyticsNameEv,0xc
0x649174,_ZThn96_N13FriendsScreen13buttonClickedEP12CustomButton,0x8
0x64917c,_ZN21LogicBattleModeServer12tickTrainingEv,0xc78
0x649df4,_ZN11StageSpriteD2Ev,0x14
0x649e08,_ZN10PlayerInfoD2Ev,0x300
0x64a108,_ZN27ChatToAllianceStreamMessage18getServiceNodeTypeEv,0x8
0x64a110,_ZNKSt6__ndk110__function6__funcIZN19SupercellIdCallback19setTutorialCompleteEP8_jobjectE4$_11NS_9allocatorIS5_EEFvvEE7__cloneEv,0x38
0x64a148,_ZN21LogicBattleModeServer26tickSpawnRoboRumbleEnemiesEv,0x4
0x64a14c,_ZN11SocialPopup6updateEf,0xb0
0x64a1fc,_ZNK25TeamBotSlotDisableMessage14getMessageTypeEv,0x8
0x64a204,_ZNK13LogicTileData16getBaseHitEffectEv,0x10
0x64a214,_ZN13UIHandlerListD0Ev,0xe8
0x64a2fc,_ZN15TeamKickMessage6encodeEv,0x38
0x64a334,_ZN8Databind24NlohmannJsonOutReflector6setIntERK6Stringii,0xbc
0x64a3f0,_ZN9MovieClip11gotoAndPlayEPKcS1_,0x134
0x64a524,_ZNK18LogicCharacterData16getBoneEffectUseEPK13LogicSkinData,0x44
0x64a568,_ZNK17LogicShopItemData17getOfferAssetSoloEv,0x10
0x64a578,_ZN12GenericPopup9addButtonERK6StringiS2_,0x5c
0x64a5d4,_ZNK14LoginOkMessage26getDaysSinceStartedPlayingEv,0x8
0x64a5dc,_ZN17TeamStreamMessageC2Eii,0x48
0x64a624,_ZN5titan3com9supercell5titan11SupercellIdC2Ev,0x38
0x64a65c,_ZNK13LogicSkinData12isLastChanceEv,0x10
0x64a66c,_ZN9Messaging7connectERK6StringS2_,0xff8
0x64b6c8,_sub_64B6C8,0x168
0x64b8e4,_sub_64B8E4,0x214
0x64baf8,_sub_64BAF8,0x54
0x64bbb0,_sub_64BBB0,0x18
0x64bc78,_sub_64BC78,0xc
0x64bf58,_sub_64BF58,0x1c
0x64bf9c,_sub_64BF9C,0xa4
0x64c064,_sub_64C064,0x4
0x64c090,_sub_64C090,0x4
0x64c0bc,_sub_64C0BC,0x18
0x64c0d4,_sub_64C0D4,0x5d0
0x64c6a4,_ZN15MovieClipHelper18scaleMultilineTextEP9TextField,0x314
0x64c9b8,_ZN18sc3dPanPinchCamera31computeZOffsetMultiplierAndFovYEPfS0_,0xec
0x64caa4,_ZNK5Stage9getShaderEi,0x20
0x64cac4,_ZNK16LogicOfferBundle17isDoubleHeroOfferEv,0x40
0x64cb04,_ZN11LogicRandom8destructEv,0x8
0x64cb0c,_ZNK25LogicClaimAdRewardCommand14getCommandTypeEv,0x8
0x64cb14,_ZNSt6__ndk110__function6__funcIZN7GLImage6createEPKhi9ImageWrap11ImageFilterE3$_3NS_9allocatorIS7_EEFvvEE7destroyEv,0x4
0x64cb18,_ZN11DragHandler4initEffffffff,0x138
0x64cc50,_ZN13TextureSystem16loadTextureAtlasEPKhiP13TitanInStream9ImageWrap11ImageFilter,0x68
0x64ccb8,_ZNK22LogicLocationThemeData11getFenceSCWEv,0x10
0x64ccc8,_ZN28BindGamecenterAccountMessage8getForceEv,0x8
0x64ccd0,_ZNK26MapEditorLegalWarningPopup12getPopupTypeEv,0x8
0x64ccd8,_ZN19GameSliderComponentD0Ev,0x24
0x64ccfc,_ZN23RankedRewardsTrackPopup13touchReleasedERK5Touch,0x38
0x64cd34,_ZN9BitStream11writeOneBitEi,0x60
0x64cd94,_ZN7CSVNode4loadEP14LogicArrayListI10StringViewEii,0x3d0
0x64d164,_ZNK24LogicBillingPackagesData11getLenovoIdEv,0x8
0x64d16c,_ZN17LogicGamePlayUtil18getDistanceBetweenEiiii,0x14
0x64d180,_ZN28AllianceMemberRemovedMessage8destructEv,0x44
0x64d1c4,_ZL8bmp_loadP4stbiPiS1_S1_i,0x42c8
0x65148c,_ZN21SpeechBubbleCharacterD0Ev,0xb0
0x65153c,_ZNK14LogicSoundData14getMaxRepeatMsEv,0x10
0x65154c,_ZN11StringTable16wrapWithColorTagERK6Stringj,0x20
0x65156c,_ZN17GameObjectManager8destructEv,0x24
0x651590,_ZN22GameCenterUserListenerD2Ev,0x4
0x651594,_ZN11hb_buffer_t13shift_forwardEj,0xb8
0x65164c,_ZN11QuestsPopup17findQuestWithHeroEPK18LogicCharacterData,0xf4
0x651740,_ZN14MessageManager12disconnectedEv,0x8
0x651748,_ZNK14LogicDailyData23shopHasTimedOfferTickerEPK13LogicHomeMode,0x80
0x6517c8,_Hc4_MatchFinder_Skip,0x118
0x6518e0,_ZNSt6__ndk110__function6__funcIZN21RankedTeamSelectPopup6updateEfE3$_1NS_9allocatorIS3_EEFP9ExecutionvEE7destroyEv,0x4
0x6518e4,_ZN21NewsPopupNotification6encodeEP15ChecksumEncoder,0x34
0x651918,_ZNSt6__ndk110__function6__funcIZN7GLImage6createEPKc9ImageWrap11ImageFilterE3$_1NS_9allocatorIS7_EEFvvEEclEv,0x74
0x65198c,_ZNSt6__ndk110__function6__funcIZN7GLImage6createEPKc9ImageWrap11ImageFilterE3$_1NS_9allocatorIS7_EEFvvEE18destroy_deallocateEv,0x4
0x651990,_ZNK12LogicTileMap28getVisibilityRadiusSubtilesXEii,0x8c
0x651a1c,_ZNK6icu_5815Normalizer2Impl23findPreviousFCDBoundaryEPKtS2_,0xe8
0x651b04,_ZNKSt6__ndk110__function6__funcIZN10HeroSprite9HeroEntry15updateAnimationEfE3$_0NS_9allocatorIS4_EEFNS_8functionIFvvEEEvEE11target_typeEv,0xc
0x651b10,_ZN10scPackFileD2Ev,0x124
0x651c34,_ZN28LogicClearShopTickersCommandC2Eiiii,0x54
0x651c88,_ZThn192_N16AllianceSettings15countrySelectedEP6String,0x8
0x651c90,_ZN20CreateAccountMessage12setTwitterIdEP6String,0x8
0x651c98,_ZNK15LogicLocaleData18getContactUsIosUrlEv,0x68
0x651d00,_ZNK24LogicParticleEmitterData32getParticleAngleRelativeToParentEv,0x10
0x651d10,_ZN14RankedHeroItemD2Ev,0x60
0x651d70,_ZL4corePhPKhS1_S1_i,0x5c
0x651dcc,_sub_651DCC,0x38
0x651e08,_sub_651E08,0x84
0x651e8c,_sub_651E8C,0x1614
0x6534a4,_sub_6534A4,0x4
0x6535a0,_sub_6535A0,0x4c
0x6535f0,_ZN5tween5Quint7easeOutEffff,0x24
0x653614,_ZNK17LogicLocationData18getCommunityCreditEv,0x10
0x653624,_ZN16ByteStreamHelper17readDataReferenceEP10ByteStream,0x4c
0x653670,_ZNK15LogicEffectData8getSoundEi,0xc
0x65367c,_ZN16PlayerMapManager36fetchAndRefreshLocationPopupContentsEv,0x74
0x6536f0,_ZNK25AcceptFriendFailedMessage12getErrorCodeEv,0x8
0x6536f8,_ZNK17LogicShopItemData24acceptToChallengeRewardsEv,0x10
0x653708,_ZN6icu_58eqERKNS_11StringPieceES2_,0x64
0x65376c,_ZN18AllianceMemberItem6updateEf,0x78
0x6537e4,_ZN12SoundManager18removePlayingSoundEj,0xfc
0x6538e0,_ZNK16BattleEndMessage14getMessageTypeEv,0x8
0x6538e8,_ZN15LogicJSONParser9parseNullERK6StringPi,0x130
0x653a18,_ZN17CustomWorldObjectC2EP9sc3dWorld,0x38
0x653a50,_ZN9Animation6fadeInEf,0x60
0x653ab0,_ZN9BitStream21writePositiveIntMax31Ei,0x8
0x653ab8,_ZN4Shop20getNotificationCountEv,0x4c
0x653b04,_ZN10HomeScreen26openMatchMakingPopupRankedEv,0x68
0x653b6c,_ZN10ScrollArea16removeAllContentEv,0x28
0x653b94,_ZN13LogicConfData6encodeEP15ChecksumEncoder,0x310
0x653ea4,_ZN22LogicColorGradientDataC2EP6CSVRowP14LogicDataTable,0x30
0x653ed4,_ZL7sprintfPcU17pass_object_size1PKcz.15392,0xa4
0x653f78,_ZN8DebugHudD2Ev,0xb8
0x654030,_ZN14TouchContainer12touchPressedERK5Touch,0x228
0x654258,_ZN21MagicSelectableButton16resetScaleValuesEv,0x120
0x654378,_ZN16ByteStreamHelper13encodeIntListEP15ChecksumEncoderPK14LogicArrayListIiE,0x6c
0x6543e4,_ZN9EntryInfo21getSpawnedUnitPopoverEv,0xc8
0x6544ac,_ZN15GameSCIDManager24receiveNotificationTokenEP6String,0x3c
0x6544e8,_uprv_isNaN_58,0x18
0x654500,_ZN31LogicDeviceLinkEnterCodeMessage6decodeEv,0x70
0x654570,_ZN15LogicDataTables24getReSpawnPoint2TileDataEv,0xc
0x65457c,_ZNKSt6__ndk110__function6__funcIZN11AndroidMain18onSurfaceDestroyedEvE3$_2NS_9allocatorIS3_EEFvvEE7__cloneEv,0x38
0x6545b4,_ZN10HomeScreen23inviteBlockStateChangedEv,0x48
0x6545fc,_ZN10ByteStream9readShortEv,0x2c
0x654628,_ZN26RequestJoinAllianceMessageC2Ev,0x34
0x65465c,_ZNKSt6__ndk110__function6__funcIZN8TestCase9moveTouchER5TouchS3_S3_fE3$_8NS_9allocatorIS5_EEFvvEE6targetERKSt9type_info,0x1c
0x654678,_ZN29TeamRequestJoinApproveMessage6decodeEv,0x50
0x6546c8,_ZN4GameD2Ev,0x100
0x6547c8,_ZN19SelectLocationPopup13buttonClickedEP12CustomButton,0x4f0
0x654cb8,_ZL7SzAllocPvm,0x8
0x654cc0,_ZNSt6__ndk110__function6__funcIZ43Java_com_supercell_titan_Kakao_logoutResultE3$_4NS_9allocatorIS2_EEFvvEE18destroy_deallocateEv,0x4
0x654cc4,_ZNK16YoozooLoginState18getLoadingProgressEv,0x8
0x654ccc,_ZThn368_N15DoubleDropPopup9onLevelUpEPK14LogicMilestone,0x4
0x654cd0,_ZNK15LaserBoxManager7Website12hasLiveEventEi,0x70
0x654d40,_ZN9TextField12setMultiLineEb,0xc
0x654d4c,_ZN6icu_5813UnicodeString8moveFromERS0_,0xb8
0x654e04,_ZNK15sc3dWorldObject13getWorldScaleEv,0x30
0x654e34,_ZNK17AllianceTeamEntry7writeIdEP10ByteStreamP9LogicLong,0x54
0x654e88,_ZN3GUI13addClipToBlurEP13DisplayObject,0x118
0x654fa0,_ZNK14LogicDailyData13getOfferIndexEP16LogicOfferBundle,0x38
0x654fd8,_ZL7SzAllocPvm.12613,0x8
0x654fe0,_ZN24EsportTournamentsWebView25clearStopMusicRequirementEv,0x2c
0x65500c,_ZN26BindFacebookAccountMessage16removeFacebookIdEv,0x10
0x65501c,_ZN21ChatStreamOwnerHandle18setRootNodeVisibleEb,0x3c
0x655058,_ZN22ChronosResourceManager29getResourceFolderByFolderNameERK6String,0xa8
0x655100,_ZN8Databind23AbstractDatabindReflect15reflectFieldRawEPvPK13DatabindFieldRNS_9ReflectorEP16ResourceListener,0x33f0
0x6584f0,_ZNK15LaserBoxManager16getNewItemsCountEi,0x10
0x658500,_ZNK9HTTPQueue11getProgressEv,0xac
0x6585ac,_ZN37JoinAllianceResponseAvatarStreamEntry13setAllianceIdEP9LogicLong,0x8
0x6585b4,_ZN18AttributionMessageC2Ev,0x118
0x6586cc,_ZN8ItemIconD0Ev,0x80
0x65874c,_ZNSt6__ndk110__function6__funcIZN11scTaskQueue3runIZN6Shader4loadEPKcS6_S6_E3$_1EENS_13invoke_resultIT_JEE4typeES9_EUlvE_NS_9allocatorISC_EEFvvEEclEv,0x40
0x65878c,_ZN14FriendsManager23findFriendProfilePicUrlEP9LogicLongRKNSt6__ndk16vectorIP6FriendNS2_9allocatorIS5_EEEE,0x74
0x658800,_ZN28AllianceMemberRemovedMessageC2Ev,0x34
0x658834,_ubidi_setReorderingOptions_58,0x18
0x65884c,_ZN8TestCase21findButtonInContainerEP12GUIContainer6String,0x148
0x658994,_ZN6icu_5818UStringEnumeration16getStaticClassIDEv,0xc
0x6589a0,_ZN8Databind15JSONInReflector13reflectObjectERK6String,0x64
0x658a04,_ZN9Messaging11decryptDataEPviRi,0xec
0x658af0,_ZNSt6__ndk110__function6__funcIZN11scTaskQueue3runIZN8TestCase7touchUpEvE4$_18EENS_13invoke_resultIT_JEE4typeES7_EUlvE_NS_9allocatorISA_EEFvvEE7destroyEv,0x4
0x658af4,_ZN18LatencyTestSession29processIncomingUdpTestMessageEP29UdpLatencyTestResponseMessage,0x310
0x658e04,_ZN14TitanInputFile4getsEPci,0x8c
0x658e90,_ZN18ServerErrorMessageC2Ev,0x34
0x658ec4,_ZN13LogicSkinData16setMaterialsFileERK6String,0x14
0x658ed8,_ZN14BattleEndPopup13getResultContEv,0x70
0x658f48,_Z17isTencentLoggedInv,0x30
0x658f78,_ZN27ChallengeRewardNotification16setLocalizedNameEP6String,0x8
0x658f80,_ZN13GoHomeMessage20setClearActiveBattleEb,0xc
0x658f8c,_ZN18LoginFailedMessage17setHelpshiftFaqIdEP6String,0x8
0x658f94,_ZNK29LogicPlayerMapEnvironmentData22getLocationThemeForGMVEPK26LogicGameModeVariationData,0x48
0x658fdc,_ZN17MapEditorTileItem8getWidthEv,0x10
0x658fec,_ZN13NotifyLevelUpD0Ev,0x34
0x659020,_hb_set_add_range,0x48
0x659068,_ZN28LogicSeasonalSkinSectionData16createReferencesEv,0x380
0x6593e8,_ZN16BattleEndMessage14getRewardCountEii,0x90
0x659478,_ZN12NSCIDManager11closeWindowEb,0x8
0x659480,_ZNK3GUI23needToHideTutorialPopupEv,0x88
0x659508,_ZN12LocationItem15updateEventTimeEP9EventDataP9MovieClip,0x1cc
0x6596d4,_ZN27LogicChangeResourcesCommandC2Ev,0x30
0x659704,_ZN14BlingTextField17refreshParametersEv,0x158
0x65985c,_ZL23utf8TextMapIndexToUTF16PK5UTextl,0x24
0x659880,_ZN13ListContainer8scrollToEff,0xb0
0x659930,_ZN11GameWebView14handleCallbackERK6String,0x2f0
0x659c20,_ZN8GameMain11initMarginsEv,0x80
0x659ca0,_ZThn96_N29DeviceLinkSuccesfullNewScreen13buttonClickedEP12CustomButton,0x30
0x659cd0,_ucln_cleanupOne_58,0x34
0x659d04,_ZN8NewsPage6createEP19MaintenanceModeInfoRK6Stringi,0xdc
0x659de0,_ZN13AlliancePopup6updateEf,0x188
0x659f68,_hb_font_get_glyph_h_origin,0x28
0x659f90,_ZN6Screen9getHeightEv,0xc
0x659f9c,_ZNK13SettingsPopup19isBackButtonVisibleEv,0xc
0x659fa8,_isPrivateuseValueSubtag,0x78
0x65a020,_ZN9sc3dWorld25updateMovieClipRenderDataEv,0x14c
0x65a16c,_ZNK18LogicAccessoryData17getAnimationIndexEv,0x10
0x65a17c,_ZNK29LogicPurchaseBrawlPassCommand14getCommandTypeEv,0x8
0x65a184,_ZN20UIMultiViewContainer6handleEP5UICtxi,0x13c
0x65a2c0,_ZThn96_N11GameWebView10swipeRightEv,0x20
0x65a2e0,_ZNK11LogicPlayer16getSpeedIncreaseEv,0x8
0x65a2e8,_ZN10LZMAReader16readUnsignedCharEv,0x50
0x65a338,_ZN14StreamItemList6updateEf,0x23c
0x65a574,_ZN6icu_5810CharString8copyFromERKS0_R10UErrorCode,0x70
0x65a5e4,_ZN23ChangeAvatarNameMessage16getNameSetByUserEv,0x8
0x65a5ec,_ZN17ReplayStreamEntry16setReplayShardIdEi,0x8
0x65a5f4,_ubrk_getRuleStatus_58,0xc
0x65a600,_ZN17NotificationBadge6updateEfib,0x140
0x65a740,_ZN5lzham12lzcompressor5state7advanceERNS_7CLZBaseERKNS_18search_acceleratorERKNS0_10lzdecisionE,0x420
0x65ab60,_ZN17TencentLoginStateC2Ev,0x60
0x65abc0,_ZN12TitanWebView8moveViewEfffffffb,0x68
0x65ac28,_ZN16DeviceLinkWindowC2Ebb,0x1f4
0x65ae1c,_ZNK12TencentLogin8getTokenEv,0x10
0x65ae2c,_ZN17FriendListMessageC2Ev,0x40
0x65ae6c,_ZN11SCIDAccount4loadEP15LogicJSONObject,0x150
0x65afbc,_ZNK9CSVColumn11getIntValueEi,0x18
0x65afd4,_ZNK14MovieClipFrame28getAmountOfChildMemoryNeededEPKS_ii,0x78
0x65b04c,_ZN13TextureSystem10addTextureEPNS_4ItemERi,0x168
0x65b1b4,_ZNK16GameStateManager22isLoadingScreenVisibleEv,0x20
0x65b1d4,_ZNK8GameMain26shouldStartFromYoozooLoginEv,0xc
0x65b1e0,_ZN14TitanInputFileD2Ev,0x24
0x65b204,_ZN19JoinAllianceMessage16removeAllianceIdEv,0x10
0x65b214,_ZN30FriendOnlineStatusEntryMessage18getServiceNodeTypeEv,0x8
0x65b21c,_ZN7PageGUIC2Eiiii,0xd4
0x65b2f0,_ZN29LogicGiveDeliveryItemsCommandC2Ei,0x44
0x65b334,_ZNK16PlayerMapManager24getPlayerMapCountInStateEi,0x80
0x65b3b4,_ZN5lzham18search_accelerator14get_len2_matchEj,0x8c
0x65b440,_ZN8InStream4readEPhii,0x94
0x65b4d4,_ZNK6scglTF9BufferPtr14getElementTypeEv,0x8
0x65b4dc,_ZL25hb_ft_get_glyph_v_advanceP9hb_font_tPvjS1_,0x64
0x65b540,_ZN21LogicProjectileServer22increaseTargetHitCountEi,0x170
0x65b6b0,_ZN8GameMain19createCustomShadersEv,0x11c
0x65b7cc,_ZThn96_N15ShareImagePopup13buttonClickedEP12CustomButton,0x8
0x65b7d4,_ZN34LogicPurchaseChallengeLivesCommand7executeEP13LogicHomeModeib,0x11c
0x65b8f0,_ZN10HomeScreen30refreshBattleModifiersFromConfEv,0x58
0x65b948,_ZNK14LogicDailyData23getLowestMiniOfferStateEv,0xc8
0x65ba10,_ZNK4Rect7getSizeEi,0x24
0x65ba34,_ZN10PlayerInfo11setRankStatEii,0x134
0x65bb68,_ZN7SCWFileC2Ev,0x1b0
0x65bd18,_ZN12SupercellSWF8readTwipEv,0xc4
0x65bddc,_ZNK12BattleScreen23getGadgetRangeIndicatorERP6SpriteR7Vector3IfE,0x1c
0x65bdf8,_ZN23TeamInvitationDataEntry6encodeEP10ByteStream,0x44
0x65be3c,_ZNK25DeviceLinkMigrationScreen15getValidSecondsEv,0x8
0x65be44,_ZN8Databind24NlohmannJsonOutReflector15reflectNextBoolEb,0xbc
0x65bf00,_ZN19DataGainedExecution6updateEf,0x80
0x65bf80,_ZNK14LogicJSONArray7getTypeEv,0x8
0x65bf88,_ZN26CreateAccountFailedMessage6decodeEv,0x2c
0x65bfb4,_ZN21SpectateFailedMessageC2Ei,0x38
0x65bfec,_ZN15LogicDataTables24getHeroLvlUpMaterialDataEv,0xc
0x65bff8,_ZN12EventTracker30accountConnectedWithGameCenterERK6String,0x48
0x65c040,_ZN25LogicClaimAdRewardCommand7executeEP13LogicHomeModeib,0xe8
0x65c128,_ZNK6icu_5815RBBISymbolTable13lookupMatcherEi,0x24
0x65c14c,_ZN11FontManager17setForcedFontNameERK6String,0x8
0x65c154,_ZN6Screen16getSafeMarginTopEv,0x10
0x65c164,_ZZ15moviePlayerPlayvEN18OnPreparedListenerD0Ev,0x38
0x65c19c,_ZNK9PopupBase18shouldShowResourceEi,0x8
0x65c1a4,_ZN13AllianceIntro12destroyItemsEv,0x78
0x65c21c,_ZN14MessageManager30sendOfflineBattleStreamMessageEv,0x4
0x65c220,_ZNK18LogicCharacterData17getMeleeHitEffectEv,0x8
0x65c228,_ZN8Material13getGradingTexEv,0x38
0x65c260,_ZNK12LogicVector213isInDistanceYEii,0x24
0x65c284,_ZNK8Material8isOpaqueEv,0x14
0x65c298,_ZN20AvatarProfilePictureD2Ev,0x88
0x65c320,_ZNK9TeamPopup22isFriendlyTeamShowdownEv,0x38
0x65c358,_ZNK37GoogleBillingProcessedByServerMessage6getTIDEv,0x8
0x65c360,_ZN8Databind15JSONInReflector7getBoolERK6Stringb,0x64
0x65c3c4,_ZN18DataPatchGenerator14loadDataTablesEv,0x80
0x65c444,_ZN8Renderer13prepareRenderERK12VertexBuffer,0xb8
0x65c4fc,_Java_com_supercell_titan_GameApp_deinit,0x48
0x65c544,_ZN14LogicMapLoader14parseModifiersERK6String,0x2c0
0x65c804,_ZN13ProfileButton6updateEf,0x4
0x65c808,_ZN16ServerConnection22getDefaultLanguageCodeEv,0x6c
0x65c874,_ZNKSt6__ndk110__function6__funcIZN8TestCase11touchSpriteEP6SpriteE3$_1NS_9allocatorIS5_EEFvvEE11target_typeEv,0xc
0x65c880,_Z29decompressBlockTHUMB58HAlphaCjjPhS_iiiii,0x3e4
0x65cc64,_ZN13SettingsPopup13buttonClickedEP12CustomButton,0x4c
0x65ccb0,_ZN10StringViewC2ERK6String,0x28
0x65ccd8,_ZN9TextField18autoAdjustFontSizeEv,0x224
0x65cefc,_ZN27PurchaseSkinGroupOfferPopupD2Ev,0x6c
0x65cf68,_ZN13DisplayObject9setScaleXEf,0x8
0x65cf70,_ZNK15LogicPathFinder15getPathDistanceEv,0xc0
0x65d030,_ZN11Highlighter12clearTargetsEv,0x8
0x65d038,_ZN10BitmapFont4loadEPKc,0x650
0x65d688,_ZNK18AddableFriendEntry19getAvatarIdLowerIntEv,0x8
0x65d690,_ZN10PlayerInfoC2EPK9LogicLongiP20BattleLogPlayerEntryi,0xb3c
0x65e1cc,_ZNK16LogicMessageData20getBubbleOverrideTIDEv,0x10
0x65e1dc,_ZNK13LogicSkinData13getObtainTypeEv,0x44
0x65e220,_ZNK24ResourceReferenceManager16isLoadedGloballyERK6String,0x84
0x65e2a4,_ZNK26BattleLogViewReplayMessage14getMessageTypeEv,0x8
0x65e2ac,_ZN10ByteStream12readLongLongEv,0x94
0x65e340,_utrace_vformat_58,0x2114
0x660454,_ZNKSt6__ndk110__function6__funcIZN19EnvironmentRenderer6renderER9Matrix2x3R14ColorTransformifE3$_2NS_9allocatorIS7_EEFvvEE7__cloneEv,0x40
0x660494,_ZN28ExtendedSetEncryptionMessage6decodeEv,0x2c
0x6604c0,_ZN3GUI20getDefaultFloaterPosEv,0x110
0x6605d0,_ZN19SelectLocationPopup18destructEventItemsEv,0xf8
0x6606c8,_ZN11LineManager10lineLoggedERK8LineUserRK6String,0x184
0x66084c,_ZN23LogicRankedLocationData12resetStaticsEPK8CSVTable,0x98
0x6608e4,_ZNKSt6__ndk110__function6__funcIZN19SupercellIdCallback24setPendingLoginWithPhoneEP8_jobjectRK6StringbE3$_8NS_9allocatorIS8_EEFvvEE7__cloneEPNS0_6__baseISB_EE,0x48
0x66092c,_ZNSt6__ndk110__function6__funcIZN7GLImage14updateSubImageEPKciiiiiiE4$_10NS_9allocatorIS5_EEFvvEE7destroyEv,0x4
0x660930,_ZNK29LogicPlayerMapEnvironmentData23getMapTemplateForForGMVEPK26LogicGameModeVariationData,0x4c
0x66097c,_ZNSt6__ndk110__function6__funcIZN11scTaskQueue3runIZN8TestCase20drawDebugPercentagesEvE4$_20EENS_13invoke_resultIT_JEE4typeES7_EUlvE_NS_9allocatorISA_EEFvvEE18destroy_deallocateEv,0x4
0x660980,_ZN24EsportTournamentsWebView12updateBoundsEv,0x44
0x6609c4,_ZN25PepperPerMessageEncrypter26verifyNonceShiftBufferDataEv,0x120
0x660ae4,_ZN18PlayerCountryPopupD0Ev,0xb0
0x660b94,_ZN9LogicLongC2Eii,0x8
0x660b9c,_ZN8HomePage21shouldShowLeaveButtonEv,0x74
0x660c10,_ZN15MapEditorScreen14tileMapChangedEv,0x38
0x660c48,_ZN24HighRateUdpPacketHandlerD2Ev,0xf8
0x660d40,_ZNK12LogicVector25cloneEv,0x2c
0x660d6c,_ZNK11FriendEntry20getAllianceBadgeDataEv,0x8
0x660d74,_ZN14LogicDailyData14getNumNewItemsEPK18LogicCharacterDatai,0xa8
0x660e1c,_ZNK17AvatarStreamEntry9isRemovedEv,0x8
0x660e24,_ZNK5Scene7getAABBER7Vector3IfES2_,0x118
0x660f3c,_ZNK10ByteStream20getCapacityIncrementEv,0x8
0x660f44,_ZN12LogicELOMath18calculateNewRatingEbiiiiii,0xd8
0x66101c,_ZN18PurchaseOfferPopupD2Ev,0x68
0x661084,_ZN16HelpshiftManager12setAccountIdEPK9LogicLong,0x10
0x661094,_ZN12TencentLogin12resetGuestIdEv,0x4
0x661098,_ZN13ShopBgElement20afterContentAdditionEv,0x2e0
0x661378,_ZN15LogicBuffServer4tickEP20LogicCharacterServer,0xc8
0x661440,_ZNK14LogicSkillData14skillCanChangeEv,0x8
0x661448,_ZN14EnterNamePopup11isValidNameERK6StringRK4Font,0x88
0x6614d0,_ZNK12KakaoManager15isBoundWithGameEv,0x10
0x6614e0,_ZN8HomePage25refreshSelectedCharactersEb,0xdd0
0x6622b0,_ZN6icu_5817CharacterIteratorC2ERKS0_,0x1c
0x6622cc,_ZN15sc3dWorldSprite26renderWendelsteinParticlesEP5StagePN11wendelstein23MovieClipRendererBucketE,0xc4
0x662390,_ZN17LogicGameCalendar10addMinutesEi,0xc
0x66239c,_ZNK9CombatHUD16getChatAreaWidthEv,0x38
0x6623d4,_ZN11wendelstein18WendelsteinManagerD2Ev,0x60
0x662434,_ZN11Application10canOpenURLERK6String,0x14
0x662448,_ZN24HighRateUdpPacketHandler24getVerifiedMaxContetSizeEv,0x8
0x662450,_ZN27BrawlerSuggestionStreamItem12refreshEntryEP11StreamEntry,0x34
0x662484,_ZN10PathSpriteC2EfRKNSt6__ndk16vectorI7Vector3IfENS0_9allocatorIS3_EEEE,0x138
0x6625bc,_ZN8RankItemC2EP9MovieClipP14BrawlPassPopupPK14LogicMilestoneS6_,0xac
0x662668,_ZNK25SupportCreatorItemHandler14getCreatorNameEv,0x50
0x6626b8,_ZN15ChecksumEncoder9writeByteEc,0x18
0x6626d0,_ZN14TencentManager26hasBuildForcedTencentLoginEv,0x5c
0x66272c,_DynBuf_Write,0xb8
0x6627e4,_ZN6icu_5813CanonIterDataC2ER10UErrorCode,0x48
0x66282c,_ZN15AllianceManager15doStartSpectateEP9LogicLong,0xc4
0x6628f0,_ZN19BrawlPassSeasonData19createNewSeasonDataEi,0x68
0x662958,_ZN17ReplayStreamEntry15setMajorVersionEi,0x8
0x662960,_ZNK21LogicGameObjectClient4getZEv,0x8
0x662968,_u_terminateWChars_58,0x50
0x6629b8,_ZN15DoubleCoinsItem13getFilterTypeEv,0x8
0x6629c0,_ZN22SettingsLanguageScreenD2Ev,0x100
0x662ac0,_ZNKSt6__ndk110__function6__funcIZN11scTaskQueue3runIZN11AndroidMain11releaseGameEvE3$_5EENS_13invoke_resultIT_JEE4typeES7_EUlvE_NS_9allocatorISA_EEFvvEE6targetERKSt9type_info,0x1c
0x662adc,_ZN18OwnHomeDataMessage6encodeEv,0x4c
0x662b28,_u_getTimeZoneFilesDirectory_58,0x178
0x662ca0,_ZNK27LogicSelectGroupSkinCommand14getCommandTypeEv,0x8
0x662ca8,_ZN5Track5eventERK6String,0x4
0x662cac,_ZNK11SCIDManager10existsItemERK6String,0x44
0x662cf0,_ZN6icu_5810UnicodeSet11swapBuffersEv,0x24
0x662d14,_hb_shape_plan_execute,0xec
0x662e00,_ZN31LogicRankedSeasonChangedCommand6decodeEP10ByteStream,0x6c
0x662e6c,_ZN19scResourceLoadQueue6tryPopER18scResourceLoadInfo,0x1d4
0x663040,_ZN20LogicBattlePlayerMap8setMapIdERK9LogicLong,0xc
0x66304c,_ZNSt6__ndk110__function6__funcIZN11scTaskQueue3runIZN7GLImage6createEPKc9ImageWrap11ImageFilterE3$_1EENS_13invoke_resultIT_JEE4typeESB_EUlvE_NS_9allocatorISE_EEFvvEE18destroy_deallocateEv,0x4
0x663050,_ZNK17TencentLoginState18getLoadingProgressEv,0x8
0x663058,_ZNK17LogicShopItemData29getSeparatedSectionOfferAssetEv,0x10
0x663068,_ZN10InboxPopup21findTabWithNewEntriesEv,0x3c
0x6630a4,_ZN6icu_5810UCharsTrie19getNextBranchUCharsEPKtiRNS_10AppendableE,0x144
0x6631e8,_ZL15defaultGetValueRK11IntPropertyi9UProperty,0x38
0x663220,_ZN27ReportAllianceStreamMessage5setIdEP9LogicLong,0x8
0x663228,_ZNK16KeepAliveMessage14getMessageTypeEv,0x8
0x663230,_ZN6Friend17setLoadedFromScidEb,0xc
0x66323c,_ZNK12WaitingPopup8useModalEv,0x8
0x663244,_ZL13udata_cleanupv,0x138
0x66337c,_ZN7PopoverD2Ev,0x108
0x663484,_ZN4Shop20setBgAnimationStatesEi,0x60
0x6634e4,_ZN21LogicProjectileServer12tickMovementEv,0x238
0x66371c,_ZNK20UnlockAccountMessage14getMessageTypeEv,0x8
0x663724,_ZN12DecalManager11destroyTileEii,0x4
0x663728,_ZNK4Rect7getMidXEv,0x18
0x663740,_ZNK6icu_5813ResourceTable14getKeyAndValueEiRPKcRNS_13ResourceValueE,0xb0
0x6637f0,_ZNSt6__ndk110__function6__funcIZN11scTaskQueue3runIZN7SCWFile4loadER12SCWFileInputE3$_0EENS_13invoke_resultIT_JEE4typeES9_EUlvE_NS_9allocatorISC_EEFvvEED0Ev,0x4
0x6637f4,_ZN9CombatHUD15KilledPlayerHUD22getTeamColorFrameIndexEii,0x34
0x663828,_lzham_set_memory_callbacks,0x4
0x66382c,_ZN9xMatrix4428createOrthographicProjectionEffffff,0x74
0x6638a0,_ZN15EmojiStreamItem13buttonClickedEP12CustomButton,0x4
0x6638a4,_ZThn336_N19SuggestBrawlerPopupD0Ev,0x28
0x6638cc,_ZN12LocationInfo24tryGetEventPlayerMapNameEPK9EventData,0x78
0x663944,_ZN12InputTouches11removeTouchEi,0x70
0x6639b4,_ZNKSt6__ndk110__function6__funcIZ53Java_com_supercell_titan_GoogleServiceClient_onSignInP7_JNIEnvP7_jclassE3$_0NS_9allocatorIS6_EEFvvEE11target_typeEv,0xc
0x6639c0,_ZN22CharacterEditorManager11getInstanceEv,0xc
0x6639cc,_ZN14BlingTextField19setInterpolateColorEij,0xac
0x663a78,_ZN6icu_5815RBBIDataWrapperC2EPKNS_14RBBIDataHeaderENS0_10EDontAdoptER10UErrorCode,0x60
0x663ad8,_ZN30LineAccountAlreadyBoundMessage8destructEv,0xa8
0x663b80,_ZN21LogicProjectileServer32setCharacterSummonProjectileDataEPK18LogicCharacterDataiiiib,0x20
0x663ba0,_ZN17AvatarStreamEntry5setIdEP9LogicLong,0x8
0x663ba8,_ZN8Sprite3D20getMovieClipTexturesEv,0x8
0x663bb0,_ZNSt6__ndk110__function6__funcIZN11scTaskQueue3runIZN7GLImage14updateSubImageEPKciiiiiiE4$_10EENS_13invoke_resultIT_JEE4typeES9_EUlvE_NS_9allocatorISC_EEFvvEE18destroy_deallocateEv,0x4
0x663bb4,_ZN28RankedMatchBanStartedMessage8destructEv,0x30
0x663be4,_Z15setupAlphaTablev,0xb8
0x663c9c,_ZN14BattleEndPopup28displayBattleEndHackRaidBossEbi,0x64
0x663d00,_ZN8CSVTableC2EP7CSVNodeii,0x220
0x663f20,_ZN12SupercellSWF18putToMovieClipPoolERK6StringP9MovieClip,0x64
0x663f84,_ZNK12LogicTileMap27getVisibilityRadiusLogicYUpEib,0xb0
0x664034,_ZN32YoozooOrderDeliveryFailedMessageC2Ev,0x50
0x664084,_ZN21FriendLoggedInMessageC2Ei,0x2c
0x6640b0,_ZNK15OfferBundleItem13getOfferPanelEv,0x40
0x6640f0,_ZN7Shape3d13setViewMatrixERK9xMatrix44,0x14
0x664104,_ZN6icu_586Locale21getTraditionalChineseEv,0x24
0x664128,_ZN11ForcedDrops6encodeEP15ChecksumEncoder,0x9c
0x6641c4,_ZN16ByteStreamHelper15decodeLogicLongEP10ByteStreamP9LogicLong,0x44
0x664208,_ZNK9LogicData6equalsEPKS_,0x20
0x664228,_ZNSt6__ndk110__function6__funcIZN11AndroidMain21inputSelectionChangedEiiE4$_11NS_9allocatorIS3_EEFvvEE18destroy_deallocateEv,0x4
0x66422c,_ZNK14BattleTutorial14canShowUltiBarEv,0x70
0x66429c,_ZN14GameInputField8activateEb,0x28
0x6642c4,_ZN8GameMain17resetFPSAnalyticsEv,0x14
0x6642d8,_ZN14AllianceScreenC2ENS_4TYPEE,0x44
0x66431c,_ZN12scZlibFilter5writeEPKvm,0x54
0x664370,_ZN10InputField7setTextERK6String,0x40
0x6643b0,_ZN4Item8destructEv,0x1c0
0x664570,_ZNK11DragHandler7getMinXEv,0x60
0x6645d0,_ZNK27LogicAddNotificationCommand14getCommandTypeEv,0x8
0x6645d8,_ZN15UIListContainerD2Ev,0x108
0x6646e0,_ZNK8Settings17getLastUsedEmojisER14LogicArrayListIiE,0x37c
0x664a5c,_ZN18LogicAccessoryData16createReferencesEv,0x40
0x664a9c,_ZThn8_NK10Projectile8getAngleEv,0x20
0x664abc,_Z23intersectRay2fSegment2fRK7Vector2IfES2_RK7SegmentRf,0x1ac
0x664c68,_ZN33RankedMatchHeroDataUpdatedMessage8destructEv,0x48
0x664cb0,_ZN23NameChangeQuestionPopup13touchReleasedERK5Touch,0x30
0x664ce0,_ZNK30LogicSetPlayerNameColorCommand6encodeEP15ChecksumEncoder,0x2c
0x664d0c,_ZNKSt6__ndk110__function6__funcIZN32NativeFacebookConnectionCallback8userInfoERK6StringE3$_3NS_9allocatorIS6_EEFvvEE6targetERKSt9type_info,0x1c
0x664d28,_ZNK35AllianceInvitationSendFailedMessage14getMessageTypeEv,0x8
0x664d30,_utrie2_close_58,0x58
0x664d88,_ZN8Renderer18renderTexturedQuadERK9Texture2Dffi,0xe8
0x664e70,_ZNK6icu_5822RuleBasedBreakIteratoreqERKNS_13BreakIteratorE,0x74
0x664ee4,_ZN20LogicCharacterServer10tickTimersEv,0x214
0x6650f8,_ZN16LogicStringTable9setStringERK6StringS2_,0xa4
0x66519c,_ZN9BitStream27readPositiveIntMax134217727Ev,0x6c
0x665208,_ZN16LogicXpLevelData16createReferencesEv,0x40
0x665248,_ZN14LogicSkillDataC2EP6CSVRowP14LogicDataTable,0x60
0x6652a8,_ZN14LogicJSONArray14ensureCapacityEi,0x104
0x6653ac,_ZN15LogicDataTables16getUnlockCardForEPK18LogicCharacterData,0xa0
0x66544c,_ZNK9LogicLong8hashCodeEv,0x14
0x665460,_ZN18AllianceMemberItemC2EP12AllianceInfoP19AllianceMemberEntryiP9LogicLong,0x158
0x6655b8,_u_versionFromUString_58,0x120
0x6656d8,_ZL14parse_png_fileP3pngii,0x274c
0x667e24,_ZNK17GameObjectManager17shouldPlayEffectsEv,0x34
0x667e58,_ZN32BrawlPassPointRewardNotification6encodeEP15ChecksumEncoder,0x48
0x667ea0,_ZN15PlayAgainStatusC2EP10ByteStream,0x80
0x667f20,_ZN13EffectPreview6updateEf,0x4
0x667f24,_ZN30TriggerStartLatencyTestMessage6decodeEv,0x48
0x667f6c,_ZN4RectC2Ev,0x8
0x667f74,_ZNK9CombatHUD16getBotMaskStartYEv,0x20
0x667f94,_ZNK17ChatOptionsSlider16getAnalyticsNameEv,0x80
0x668014,_ZN6icu_5822BytesDictionaryMatcherD0Ev,0x38
0x66804c,_ZN6icu_5818UStringEnumeration5resetER10UErrorCode,0x8
0x668054,_ZN15DoubleDropPopup9onLevelUpEPK14LogicMilestone,0x4
0x668058,_ZN30LineAccountAlreadyBoundMessage12setAccountIdEP9LogicLong,0x8
0x668060,_ZNKSt6__ndk110__function6__funcIZN11scTaskQueue3runIZN8TestCase23withFirstSpriteMatchingENS_8functionIFbP6SpriteEEENS5_IFvS7_EEEE4$_13EENS_13invoke_resultIT_JEE4typeESE_EUlvE_NS_9allocatorISH_EEFvvEE7__cloneEv,0x38
0x668098,_ZNK21LogicTutorialStepData18isLeftSpeechBubbleEv,0x10
0x6680a8,_ZN22LogicMilestoneProgress6decodeEP10ByteStream,0x5c
0x668104,_ZN5lzham25lzham_lib_z_compressBoundEm,0x18
0x66811c,_ZN11AndroidMain15_gameForegroundEv,0x198
0x6682b4,_ZN12BattleScreen22startDamagedBlurEffectEff,0x68
0x66831c,_ZN18PreRenderedTexture18updateRenderTargetEffPP13DisplayObjecti,0x2f0
0x66860c,_ZNK6icu_5815Normalizer2Impl20hasCompBoundaryAfterEiaa,0x160
0x66876c,_ZN19BrawlPassSeasonData8destructEv,0x68
0x6687d4,_ZN18DeliveryCardsPopup17proceedToNextDropEb,0x16c
0x668940,_ZN14RankedGoalItem6updateEf,0x8
0x668948,_ZNKSt6__ndk110__function6__funcIZ50Java_com_supercell_titan_GameApp_handleDeeplinkURLE3$_1NS_9allocatorIS2_EEFvvEE7__cloneEv,0x40
0x668988,_ZN9HTTPQueue12downloadFileERK6StringS2_S2_,0xf0
0x668a78,_ZN15OfferBundleItem21beforeSizeCalculationEv,0x48
0x668ac0,_ZN23PushNotificationService14setDeviceTokenEPKvi,0x70
0x668b30,_ZN37LogicPurchaseHeroLvlUpMaterialCommand10canExecuteEPK13LogicHomeModei,0x8c
0x668bbc,_ZN15sc3dWorldObject12detachObjectEPS_b,0x60
0x668c1c,_ZN19LogicLevelUpCommand20getLevelBasedOnPowerEPK13LogicHomeModei,0x28
0x668c44,_ZN20LogicJSONInReflector11reflectLongExPKcx,0x84
0x668cc8,_ZN23FriendListUpdateMessage18getServiceNodeTypeEv,0x8
0x668cd0,_ZNK6icu_5813BreakIterator9getLocaleE18ULocDataLocaleTypeR10UErrorCode,0x2c
0x668cfc,_ZN9BitStream19readPositiveIntMax1Ev,0x44
0x668d40,_ZN5Stage21addHighlightRectangleEfffffRK9Matrix2x3RK14ColorTransform,0xcc0
0x669a00,_Z36_hb_fallback_shaper_face_data_createP9hb_face_t,0x8
0x669a08,_ZN12SupercellSWF9setOldSWFEPS_,0x4
0x669a0c,_ZN19DisconnectedMessage9setReasonEi,0x8
0x669a14,_ZN37JoinAllianceResponseAvatarStreamEntry8destructEv,0x90
0x669aa4,_ZN18DoubleClickChecker13touchReleasedERK5Touch,0xe0
0x669b84,_ZNK17GameCenterManager20getBoundGameCenterIdEv,0x8
0x669b8c,_ZN15ProLeagueScreen15refreshLocalTabEP9MovieClipbRK6String,0x64
0x669bf0,_ZN4Shop38updateEnabledCategoryShortcutPositionsEv,0x110
0x669d00,_ZN5lzham12lzcompressor5state19get_len2_match_costERNS_7CLZBaseEjjj,0x150
0x669e50,_ZN12CustomButton13destructClipsEv,0x5c
0x669eac,_ZN21GlobalChatLineMessageC2Ev,0x3c
0x669ee8,_ZN18DonateNotification6decodeEP10ByteStream,0x40
0x669f28,_ZN11OnlinePopup7fadeOutEv,0x4
0x669f2c,_ubidi_getVisualMap_58,0x55c
0x66a488,_ZN26ChampionshipChallengePopup7hasDataEv,0x68
0x66a4f0,_ZN22CreateAccountOkMessage12setAccountIdEP9LogicLong,0xc
0x66a4fc,_ZNSt6__ndk110__function6__funcIZN12scFilesystem10layerAddedERKNS_10shared_ptrI17scAbstractFSLayerEEE3$_2NS_9allocatorIS8_EEFvPNS2_9IListenerEEED0Ev,0x64
0x66a560,_ZN16ServerConnection17constructInstanceERK6String,0x38
0x66a598,_ZN19DeviceLinkSubScreenD0Ev,0x4
0x66a59c,_uprv_max_58,0xc
0x66a5a8,_ZNK17GameCenterManager22isLoggedInToGameCenterEv,0x10
0x66a5b8,_ZN22LogicLocationThemeData12resetStaticsEPK8CSVTable,0x10dc
0x66b694,_ZNK15LaserBoxManager22getNotificationTypeMaxEv,0xac
0x66b740,_ZN14ShadowRenderer22finishVisibilityUpdateEv,0x15c
0x66b89c,_ZN26AllianceTeamRemovedMessage18getServiceNodeTypeEv,0x8
0x66b8a4,_ZN17HighRateUdpSocket26setDisconnectedTimeSettingEf,0x8
0x66b8ac,_ZN27GoogleBillingRequestMessage6decodeEv,0x138
0x66b9e4,_ZN30SupercellIdNotificationMessage20setNotificationTokenERK6String,0x5c
0x66ba40,_ZNSt6__ndk110__function6__funcIZN19EnvironmentRenderer6renderER9Matrix2x3R14ColorTransformifE3$_0NS_9allocatorIS7_EEFvvEE18destroy_deallocateEv,0x4
0x66ba44,_ZNK13ShopBgElement12hasFreeItemsEv,0x6c
0x66bab0,_ZN11FontManager22removeSystemFontByNameERK6String,0x418
0x66bec8,_ZN19EnvironmentRenderer36updateLookAtNodeChildTransformationsEP15sc3dWorldObjectif,0x504
0x66c3cc,_Z16createHeroSpriteN14SceneCharacter5ScaleEPK18LogicCharacterDataPK13LogicSkinDataffb,0x338
0x66c704,_ZNK9TeamEntry7isReadyEPK9LogicLong,0x84
0x66c788,_ZNK18LogicCharacterData23getChargeUltiFromDamageEv,0x10
0x66c798,_ZNSt6__ndk110__function6__funcIZN11scTaskQueue3runIZN8TestCase13getStageWidthEvE4$_10EENS_13invoke_resultIT_JEE4typeES7_EUlvE_NS_9allocatorISA_EEFvvEE7destroyEv,0x4
0x66c79c,_ZN20TeamJoinRequestPopupD0Ev,0x80
0x66c81c,_ZN4Game11gameOnStartEv,0x78
0x66c894,_ZN9ClanPopup13buttonClickedEP12CustomButton,0x90
0x66c924,_ZN11SkinPreview19addNextBottomButtonEP10GameButtonPKcPfS4_,0xb0
0x66c9d4,_ZN5Stage27debugPrintObjectsUnderPointEff,0x4
0x66c9d8,_ZN12LoginMessage15removePassTokenEv,0x10
0x66c9e8,_ZNSt6__ndk110__function6__funcIZN19SupercellIdCallback24clearPendingRegistrationEP8_jobjectE3$_5NS_9allocatorIS5_EEFvvEE18destroy_deallocateEv,0x4
0x66c9ec,_ZN13TextureSystem16loadTextureAtlasEiP13TitanInStream,0x3f4
0x66cde0,_ZN12jpeg_decoder17locate_sos_markerEv,0x50
0x66ce30,_ZN20LogicCharacterServer32getCarryableLastOwnerPlayerIndexEi,0x8
0x66ce38,_ZNK14BattleEndPopup27isPlayAgainDisabledOnClientEv,0x90
0x66cec8,_enumTypeValue,0x8
0x66ced0,_ZN6icu_5820LanguageBreakFactoryD2Ev,0x4
0x66ced4,_ZNK18LogicCharacterData15getFlyingHeightEv,0x8
0x66cedc,_ZN21TeamInvitationMessage6decodeEv,0x54
0x66cf30,_ZN8Debugger5errorERK6String,0x14
0x66cf44,_ZNK6icu_5810UnicodeSet9serializeEPtiR10UErrorCode,0x254
0x66d198,_ZN15DownloadManager4initERKNSt6__ndk16vectorI6StringNS0_9allocatorIS2_EEEES7_,0x2a4
0x66d43c,_ZN5lzham12lzcompressor23compress_block_internalEPKvj,0xb84
0x66dfc0,_ZN26AuthenticationCheckMessage6encodeEv,0x4
0x66dfc4,_Z27intersectRay3fTruncatedConeRK7Vector3IfES2_RK9Segment3fff,0x35c
0x66e320,_ZN25RecentButtonTargetHandlerC2EP9DebugMenu,0x5c
0x66e37c,_ZN12LoginMessage11setAppleIFVEP6String,0x8
0x66e384,_ZN9MovieClip11gotoAndPlayERK6String,0xec
0x66e470,_ZN18LogicAnimationData13setAutoFadeMsEi,0x80
0x66e4f0,_ZNK11OnlinePopup26getActiveTabChatControllerEv,0x8
0x66e4f8,_ZN5lzham12symbol_codec6encodeEjRNS_25adaptive_arith_data_modelE,0x8c
0x66e584,_LookToRead_Look_Lookahead,0x94
0x66e618,_ZN5titan4java2io4FileC2EP8_jobject,0xbc
0x66e6d4,_ZN13MapEditorMode11getInstanceEv,0x44
0x66e718,_ZN14TencentManager12shareMessageERK6StringS2_S2_i,0x334
0x66ea4c,_ZNK6icu_5810UnicodeSet13getRangeStartEi,0x10
0x66ea5c,_ZNK24SetRegionResponseMessage14getMessageTypeEv,0x8
0x66ea64,_ZN25LogicDiamondsAddedCommandC2Ev,0x40
0x66eaa4,_ZN22BindLineAccountMessage18getServiceNodeTypeEv,0x8
0x66eaac,_ZN22AskForBattleEndMessage18getServiceNodeTypeEv,0x8
0x66eab4,_ZN28LogicSeasonalSkinSectionDataC2EP6CSVRowP14LogicDataTable,0x30
0x66eae4,_ZN10InboxPopup17backButtonPressedEv,0xc
0x66eaf0,_ZNKSt6__ndk110__function6__funcIZN10HeroSprite9HeroEntry15updateAnimationEfE3$_0NS_9allocatorIS4_EEFNS_8functionIFvvEEEvEE7__cloneEv,0x38
0x66eb28,_ZN17LogicGamePlayUtil24getKillerIndexToSpectateEP11LogicPlayerP14LogicArrayListIS1_E,0xc0
0x66ebe8,_ZNK10HomeScreen19getCurrentPageIndexEv,0x8
0x66ebf0,_ZN27LogicChangeResourcesCommand8destructEv,0x24
0x66ec14,_ZN16ByteStreamHelper19readBattlePlayerMapEP10ByteStream,0x54
0x66ec68,_ZNK12scFilesystem14tryOpenInLayerERKNSt6__ndk110shared_ptrI17scAbstractFSLayerEERK6scPathi,0x4ac
0x66f114,_ZN15LogicClientHome14isHeroReleasedEPK18LogicCharacterData,0xd0
0x66f1e4,_ZNK19AllianceMemberEntry15getAllianceRoleEv,0x30
0x66f214,_ZNK25LogicCooldownAddedCommand6encodeEP15ChecksumEncoder,0xa0
0x66f2b4,_ZN14BattleEndPopup3maxEii,0xc
0x66f2c0,_ZNK17LogicShopItemData20getSoloOfferBgFramesEi,0x60
0x66f320,_ZNK30LogicDeviceLinkResponseMessage12getAccountIDEv,0x8
0x66f328,_ZN15ResourceManager15getAbsolutePathEPKc,0x44
0x66f36c,_ZNK8GameMain12getAccountIdEv,0x8
0x66f374,_ZN17IEffectRenderableD2Ev,0x10
0x66f384,_ZN5Scene20getMovieClipTexturesEv,0x238
0x66f5bc,_ZNSt6__ndk110__function6__funcIZN19SupercellIdCallback20setNotificationBadgeEP8_jobjectbiE4$_19NS_9allocatorIS5_EEFvvEED0Ev,0x4
0x66f5c0,_ZN10DataGainedC2EP13DisplayObjectNS_4TypeEiP6SpriteS1_PK9LogicData,0x26c8
0x671c88,_ZN25AskForAvatarStreamMessage6decodeEv,0x4
0x671c8c,_ZNK8HomeMode9getHomeIdEv,0x30
0x671cbc,_ZNK11FriendEntry15getAllianceRoleEv,0x8
0x671cc4,_ZN14LoginOkMessage15removePassTokenEv,0x10
0x671cd4,_ZN15ResourceManager20getMovieClipFromPoolEPKcS1_Rb,0x44
0x671d18,_ZN11LogicPlayer10chargeUltiEibbb,0x118
0x671e30,_ZNK17PlayerMapsMessage14getMessageTypeEv,0x8
0x671e38,_ZN14BillingManager33debugPrintMissingPlatformProductsEv,0x4
0x671e3c,_ZN19LogicSkinRarityDataC2EP6CSVRowP14LogicDataTable,0x2c
0x671e68,_ZN8Debugger13getErrorCountEv,0xc
0x671e74,_ZNSt6__ndk110__function6__funcIZN8TestCase18swipeAllDirectionsEP13DisplayObjectE4$_23NS_9allocatorIS5_EEFbvEEclEv,0x10
0x671e84,_ZN6icu_586UStackC2EiR10UErrorCode,0x30
0x671eb4,_ZN11wendelstein20MovieClipEmitterDataD0Ev,0x24
0x671ed8,_ZN5titan3com9supercell5titan11SupercellId11closeWindowEv,0x7c
0x671f54,_ZN5ItemsD0Ev,0x9c
0x671ff0,_ZN5lzham25adaptive_arith_data_modelC2ERKS0_,0x118
0x672108,_ZN31BattleLogReplayAvailableMessage8destructEv,0x2c
0x672134,_ZNKSt6__ndk110__function6__funcIZN10SWFTexture4loadEP12SupercellSWFbibbbbRK6StringE3$_0NS_9allocatorIS8_EEFvvEE7__cloneEv,0x50
0x672184,_ZN15MovieClipHelper21alignChildrenToBoundsEP9MovieClipRK4Rect,0xb8
0x67223c,_ZN15ProLeagueScreen13buttonClickedEP12CustomButton,0x1e4
0x672420,_Z7wrapStr6String,0x94
0x6724b4,_ZN20AvatarProfilePictureC2EPK9LogicLongP13DisplayObject,0xb0
0x672564,_ZN20CreatePlayerMapPopup23checkMaxInputPixelWidthEv,0x50
0x6725b4,_ZNK6CSVRow7getNameEv,0x14
0x6725c8,_ZN31KakaoAccountAlreadyBoundMessageC2Ei,0x38
0x672600,_ZN27AskForAllianceStreamMessage18getServiceNodeTypeEv,0x8
0x672608,_ZN8TestCase33findVisibleButtonsByAnalyticsNameE6String,0x2d0
0x6728d8,_ZN25BattleReportStreamMessage8destructEv,0xc4
0x67299c,_ZN19SelectLocationPopup24openPlayerMapContextMenuEP12LocationItem,0x2f4
0x672c90,_ZN23FriendAvatarBaseMessage6encodeEv,0x38
0x672cc8,_ZNK17LogicSkinConfData10getSadAnimEv,0x10
0x672cd8,_ZN19SupercellIdCallback14friendsChangedEP8_jobjectP13_jobjectArray,0x210
0x672ee8,_ZN18LogicGatchaCommand21isUseScriptedSequenceEi,0x10
0x672ef8,_ZN6Friend23setLoadedFromGamecenterEb,0xc
0x672f04,_ZNK29HomeBattleReplayFailedMessage9getReasonEv,0x8
0x672f0c,_Java_com_supercell_titan_NativeHTTPClientManager_getFinished,0xe4
0x672ff0,_ZN12_GLOBAL__N_112LoginMessageD0Ev,0xc0
0x6730b0,_ZN5Shape15collisionRenderER9Matrix2x3,0x138
0x6731e8,_ZN20LogicCharacterServer13addAreaEffectEiiPK19LogicAreaEffectDataib,0x4
0x6731ec,_ZN9LogicLong3setEx,0x1c
0x673208,_ZNSt6__ndk114__thread_proxyINS_5tupleIJNS_10unique_ptrINS_15__thread_structENS_14default_deleteIS3_EEEEZN9MessagingC1EiE3$_0EEEEEPvSA_,0x64
0x67326c,_ZN17TencentTermsPopupC2EP17TencentLoginState,0x314
0x673580,_ZNK12SupercellSWF11getFileNameEv,0x8
0x673588,_ZN15ResourceManager25isResourceLoadingOrLoadedERK6String,0x14
0x67359c,_ZN12LogicTileMap21logicToPathFinderTileEi,0x1c
0x6735b8,_ZN11hb_buffer_t19merge_clusters_implEjj,0x208
0x6737c0,_ZNK16LogicXpLevelData17getXPForNextLevelEv,0x10
0x6737d0,_zcfree_0,0x8
0x6737d8,_ZN14StreamItemList26tryCombineWithExistingItemEP11StreamEntry,0x190
0x673968,_ZNSt6__ndk110__function6__funcIZN19SupercellIdCallback10setProfileEP8_jobjectRK6StringS7_iE4$_20NS_9allocatorIS8_EEFvvEE18destroy_deallocateEv,0x30
0x673998,_ZN15LogicDataTables14getEmoteByNameERK6StringPK9LogicData,0x20
0x6739b8,_ZN16LocationCategoryD2Ev,0x60
0x673a18,_ZN5titan7android7content6IntentC2EP8_jobject,0xbc
0x673ad4,_ZN17ReportUserMessage6encodeEv,0x38
0x673b0c,_ZN22ChronosResourceManager6existsEiRK6String,0xe0
0x673bec,_ZN10ByteStream8readInt8Ev,0x20
0x673c0c,_ZN6CSVRow17setBooleanValueAtEbii,0x14
0x673c20,_GetMatchesSpec1,0x174
0x673d94,_ZN14LogicAccessory6decodeEP9BitStreambb,0xd0
0x673e64,_ZN13HeroInfoPopup18addToStartSequenceEP9Execution,0x78
0x673edc,_ZN16DeviceLinkWindow38isGeneratingCodeFromThisVersionAllowedEv,0x8
0x673ee4,_ZN15LogicDataTables25getLaserBallEffectFlyUltiEv,0xc
0x673f04,_ZNKSt6__ndk110__function6__funcIZN11scTaskQueue3runIZN6scglTF12_GLOBAL__N_111convertGLTFEP7SCWFileRKN2fx4gltf8DocumentERK6StringE3$_0EENS_13invoke_resultIT_JEE4typeESI_EUlvE_NS_9allocatorISL_EEFvvEE7__cloneEv,0x38
0x673f3c,_ZNK13LogicTileData17canShowHitEffectsEv,0x8
0x673f44,_ZN3GUI11showPopoverEP7Popoverff,0x8
0x673f4c,_ZN6icu_5815RBBIRuleBuilderC2ERKNS_13UnicodeStringEP11UParseErrorR10UErrorCode,0x13c
0x674088,_ZN12BattleScreenC2EP10BattleMode,0x160
0x6741e8,_ZN16BattleLogManager15destructEntriesEv,0xf8
0x6742e0,_ZL24normalizeSecondAndAppendPK12UNormalizer2PtiiPKtiaP10UErrorCode,0x268
0x674548,_ZN22LogicUnlockSkinCommandC2Ev,0x30
0x674578,_ZN13UnbotifyTitan10endContextEv,0x4
0x67457c,_Z24getHeroRankedSortingName17HeroRankedSorting,0x30
0x6745ac,_ZNK22LogicLocationThemeData27getFragileCount_CN_OverrideEv,0x10
0x6745bc,_u_strcmpFold_58,0x10
0x6745cc,_ZN14BattleLogEntryC2EiiiibPK17LogicLocationDataP20LogicBattlePlayerMap,0x158
0x674724,_ZNK14AllianceStream19getRootNodeInternalEv,0x8
0x67472c,_ZN11GameWebView4showEv,0xc4
0x6747f0,_ZN6icu_5813UnicodeString13releaseBufferEi,0xa8
0x674898,_ZNK9TeamEntry19getReadyMemberCountEv,0x8c
0x674924,_ZNK23BattleReportStreamEntry18getStreamEntryTypeEv,0x8
0x67492c,_ZN11ContextMenu13addButtonTypeEiPK6String,0x230
0x674b5c,_ZN6icu_586BMPSet15overrideIllegalEv,0x228
0x674d84,_MatchFinder_GetIndexByte,0xc
0x674d90,_ZN20LogicCharacterServer16tickSpawnMinionsEv,0x4
0x674d94,_ZN6icu_589UVector32eqERKS0_,0x50
0x674de4,_ZNSt6__ndk110__function6__funcIZN19SupercellIdCallback6logOutEP8_jobjectE3$_6NS_9allocatorIS5_EEFvvEE7destroyEv,0x4
0x674de8,_ZN20LogicJSONInReflector15enterNextObjectEv,0xa8
0x674e90,_ZN21CreateAllianceMessage15setAllianceNameEP6String,0x8
0x674e98,_ZN33RankedMatchBanHeroResponseMessage6decodeEv,0x58
0x674ef0,_ZN20LogicJSONInReflector10exitObjectEv,0xf0
0x674fe0,_ZN21RankedRewardTrackItemC2EPK21LogicRankRewardConfigP27LogicPlayerRankedSeasonDataS2_,0x94c
0x67592c,_ZN14BattleLogEntryC2Ev,0x80
0x6759ac,_ZN5Stage7setClipEffffb,0x210
0x675bbc,_ZN14LogicDataTable7addItemEP6CSVRowi,0x158
0x675d14,_ZL6SzFreePvS_.12614,0x10
0x675d24,_ZNSt6__ndk110__function6__funcIZN8TestCase28getAllSpritesVisibleMatchingI12CustomButtonZNS2_28getButtonsWithTextFieldValueE6StringbbS5_E4$_22EENS_6vectorIPT_NS_9allocatorIS9_EEEET0_EUlvE_NSA_ISE_EEFP6SpritevEEclEv,0x10
0x675d34,_ZN17ReplayStreamEntry17setContentVersionEi,0x8
0x675d3c,_hb_ft_font_get_face,0x28
0x675d64,_ZN22QuickChatMessageOptionC2EPK16LogicMessageDataP17ChatOptionsSlider,0xc8
0x675e2c,_ZN4Wait6updateEf,0x1c
0x675e48,_u_strToUTF8_58,0x10
0x675e58,_ZN5titan3com9supercell5titan21NativeFacebookManager7jniInitERK6String,0x8c
0x675ee4,_ZL14stbi_load_mainP4stbiPiS1_S1_iRb,0x7ef0
0x67ddd4,_ZN7XpEntry6encodeEP10ByteStream,0x44
0x67de18,_ZN9EntryInfo14isSkinUnlockedEPK13LogicSkinData,0x30
0x67de48,_ZNK19SuggestBrawlerPopup18getTopMarginHeightEv,0x4
0x67de4c,_ZNK19BrawlTVWaitingPopup8useModalEv,0x8
0x67de54,_ZN18DataPatchGenerator24generateTextPatchForTIDsERK6String,0x74c
0x67e5a0,_ZN12LogicVector2C2Ev,0x8
0x67e5a8,_ZThn224_N16NameChangeScreen11nameChangedERK6String,0x8
0x67e5b0,_ZNK20scCryptoStreamFilter4seekEm,0x8
0x67e5b8,_ZN8Databind8DatabindC2Ev,0x5c
0x67e614,_ZNKSt6__ndk110__function6__funcIZN19EnvironmentRenderer6renderER9Matrix2x3R14ColorTransformifE3$_2NS_9allocatorIS7_EEFvvEE11target_typeEv,0xc
0x67e620,_ZNSt6__ndk16__sortIRZN11SkinPreviewC1EvE3$_0PNS_4pairIPK18LogicCharacterDataNS_6vectorIPK13LogicSkinDataNS_9allocatorISB_EEEEEEEEvT0_SH_T_,0x5c4
0x67ebe4,_ZNK10StringView12getByteIndexEiii,0x98
0x67ec7c,_ZN15GameSCIDManager17constructInstanceEv,0x74
0x67ecf0,_ZN9UdpPacket10addMessageEP10UdpMessage,0x13c
0x67ee2c,_ZNK8CSVTable8getValueERK6Stringi,0xa0
0x67eecc,_ZNK20LogicCharacterServer19getClosestItemForAIEPK14LogicArrayListIPK9LogicDataEi,0x3cc
0x67f298,_ZNKSt6__ndk110__function6__funcIZN11scTaskQueue3runIZN8TestCase20drawDebugPercentagesEvE4$_21EENS_13invoke_resultIT_JEE4typeES7_EUlvE_NS_9allocatorISA_EEFvvEE7__cloneEPNS0_6__baseISD_EE,0x18
0x67f2b0,_ZNK28LogicSeasonalSkinSectionData18getPurchasePopupBgEv,0x10
0x67f2c0,_ZN17LogicGameModeUtil18isTileOnPoisonAreaEiiibPK12LogicTileMap,0x60
0x67f320,_ZN11RenderQueue11finishFlushEv,0x10c
0x67f42c,_ZN16GameStateManager16setUnbotifyParamEPKcS1_,0x74
0x67f4a0,_ZN9TextField22getCachedFontFormatterEv,0x148
0x67f5e8,_ZN21TeamInvitationMessage6encodeEv,0x38
0x67f620,_uhash_removei_58,0x1b4
0x67f7d4,_ZN12LoginMessage25setDeviceVerifierResponseERK6String,0x8
0x67f7dc,_ZN11SoundSystem9loadMusicEPKc,0x160
0x67f93c,_ZNK12NSCIDManager14getEventApiUrlEv,0x5c
0x67f998,_ZN30UpdatePlayerMapResponseMessage6encodeEv,0x38
0x67f9d0,_ZN10TrackState4initEv,0xcc
0x67fa9c,_ZN15MovieClipHelper27scaleMultilineTextForHeightEP9TextFieldb,0x320
0x67fdbc,_ZNK29LogicDecreaseHeroScoreCommand6encodeEP15ChecksumEncoder,0x88
0x67fe44,_ZN8NewsPageC2EbP19MaintenanceModeInfoRK6Stringi,0xe08
0x680c4c,_ZN6icu_58L18cloneUnicodeStringEP8UElementS1_,0x48
0x680c94,_ZL4cmphPKvS0_,0x44
0x680cd8,_ZN11QuestsPopupC2Ev,0x2b8
0x680f90,_ZN29LogicPlayerDataChangedCommand6decodeEP10ByteStream,0x3c
0x680fcc,_ZNKSt6__ndk110__function6__funcIZN11AndroidMain10_gameStartEvE4$_14NS_9allocatorIS3_EEFvvEE7__cloneEv,0x38
0x681004,_Z15projectClassifyfffPKfS0_PKiPfS3_S3_,0xd4
0x6810d8,_ZN24StretchableContextBubble19setupForTeamPopoverEP13DisplayObject,0x17c
0x681254,_ZN18DeliveryCardsPopup25prepareEndScreenExecutionEv,0xe24
0x682078,_lzham_z_deflateInit2,0x4
0x68207c,_ZN11wendelstein24TangentVelocityComponent20spawnInitialVelocityERNS_8ParticleERNS_7EmitterERf,0x200
0x68227c,_ZN15GravityParticleD0Ev,0x48
0x6822c4,_ZNK20AdjustPackageMessage14getMessageTypeEv,0x8
0x6822cc,_ZN13TitanInStream7readU32Ev,0x10
0x6822dc,_ZN6icu_5816RBBITableBuilder12calcFirstPosEPNS_8RBBINodeE,0xe0
0x6823bc,_ZNK21LogicBattleModeServer29getBattleRoyaleSpawnTileIndexEPK21LogicGameObjectServer,0x214
0x6825d0,_ZN10ByteStream23setFilteredStringFilterEP12StringFilter,0x8
0x6825d8,_ZN10InboxPopup6addTabEi,0x128
0x682700,_ZN27LogicSelectGroupSkinCommand7executeEP13LogicHomeModeib,0x80
0x682780,_lzham_compress_init,0x4
0x682784,_ZN13LogicSkinData16setReloadingAnimERK6String,0x8
0x68278c,_ZN13ShopBgElementC2EP4ShopRK6StringS4_P20ShopBgElementHandleriii,0x4e0
0x682c6c,_Z15moviePlayerPlayv,0x188
0x682df4,_ZN25FriendOnlineStatusMessage6decodeEv,0x1cc
0x682fc0,_ZN10PathSprite11updateShapeEfRKNSt6__ndk16vectorI7Vector3IfENS0_9allocatorIS3_EEEE,0x98
0x683058,_ZNK8Viewport8getPointEff,0x40
0x683098,_ZNK29SendAllianceInvitationMessage14getMessageTypeEv,0x8
0x6830a0,_ZN17GameCenterManager37refreshGameCenterAchievementsInternalEv,0x4
0x6830a4,_ZNK12LogicBitList10getBitSizeEv,0x8
0x6830ac,_ZN6scFile5writeEPKvm,0x10
0x6830bc,_ZN11VanityItems11setSelectedEPK14LogicEmoteDatai,0x350
0x68340c,_ZN9BitStream16writeIntMax16383Ei,0x8
0x683414,_ZNK12LogicRewards20getHeroCountInRarityEii,0x80
0x683494,_ZL31hb_font_get_glyph_v_advance_nilP9hb_font_tPvjS1_,0x8
0x68349c,_ZNSt6__ndk110__function6__funcIZN19SupercellIdCallback6logOutEP8_jobjectE3$_6NS_9allocatorIS5_EEFvvEEclEv,0x28
0x6834c4,_ZNK16LobbyInfoMessage14getMessageTypeEv,0x8
0x6834cc,_ZN8HomePage21updateImportantNoticeEv,0xf0
0x6835bc,_ZNK15LaserBoxManager18isManifestRequiredEv,0xb8
0x683674,_ZN15OfferBundleItem20afterSizeCalculationEv,0x48
0x6836bc,_ZN15LogicDataTables22getPlasmoidSpawnEffectEv,0xc
0x6836c8,_ZNKSt6__ndk110__function6__funcIZN11AndroidMain14destroySurfaceEvE3$_3NS_9allocatorIS3_EEFvvEE7__cloneEPNS0_6__baseIS6_EE,0x10
0x6836d8,_uloc_getVariant_58,0x29c
0x683974,_ZN19LogicRawInReflector12reflectFloatEfPKcf,0x54
0x6839c8,_ZNK18LogicCharacterData25forceAttackAnimationToEndEv,0x8
0x6839d0,_ZN5titan7android4view7Display14getRefreshRateEv,0x7c
0x683a4c,_ZN11BadgeSprite4initEv,0x1eb0
0x6858fc,_ZN9ColorItemC2EPK18LogicNameColorData,0x148
0x685a44,_ZNK21LogicGameObjectServer32getCardValueForPassiveFromPlayerEii,0x64
0x685aa8,_ZN11wendelstein12renderSpriteERNS_21MovieClipRendererDataEP6SpritefRK7Vector3IfEPS6_i,0x25c
0x685d04,_ZNK18LogicHealthBarData21getEnemyExportNameTopEv,0x10
0x685d14,_ZN13LoadingScreen14releaseContentEv,0x54
0x685d68,_ZN22ChronosResourceManager12requireEntryEPK16ChronosFileEntryRNSt6__ndk13setI6StringNS3_4lessIS5_EENS3_9allocatorIS5_EEEER14LogicArrayListIS2_E,0x224
0x685f8c,_ZNK11TeamMessage14getMessageTypeEv,0x8
0x685f94,_ZN10HeroSprite9HeroEntry12addAnimationEiP18LogicAnimationDataPK13LogicFaceDataPK15LogicEffectData,0x358
0x6862ec,_ures_getAllItemsWithFallback_58,0xfc
0x6863e8,_ZNK6icu_5823StringCharacterIteratoreqERKNS_24ForwardCharacterIteratorE,0xe4
0x6864cc,_ZN24RankedLeaderboardsScreen12refreshTitleEP18DecoratedTextField,0x30
0x6864fc,_ZN5titan7android5media11MediaPlayer18OnPreparedListenerC2Ev,0xac
0x6865a8,_ZN24IapDisclaimerItemHandlerC2Eb,0x28
0x6865d0,_ZNK18LogicGemBundleData21getShopItemExportNameEv,0x8
0x6865d8,_ZNK14MessageManager35getTimeSinceLastServerKeepAliveInMsEv,0x44
0x68661c,_stbi_hdr_to_ldr_scale,0x14
0x686630,_ZN12GemOfferItem12setVisibleIfEiRK6String,0x44
0x686674,_ZN9UdpSocket4sendEPci,0x94
0x686708,_ZN13LogicGemOfferC2EP10ByteStream,0x70
0x686778,_ZThn96_N26OfferPurchaseQuestionPopup13buttonClickedEP12CustomButton,0x54
0x6867cc,_ZN15PepperEncrypterD0Ev,0x24
0x6867f0,_ZN7Offline15setPreviewSkinsE14LogicArrayListIN11SkinPreview5EntryEE,0x100
0x6868f0,_ZN5titan7android7content6IntentC2ERK6StringRKNS0_3net3UriE,0x10c
0x6869fc,_ZNK12GameSettings14isMusicEnabledEv,0x10
0x686a0c,_ZN19LogicRawInReflectorC2EP10ByteStream,0x30
0x686a3c,_ZN15PlayAgainStatus8destructEv,0x1bc
0x686bf8,_ZN8GameMain18capabilityToStringE10Capability,0x2c
0x686c24,_ZN11Application19getInstantAppCookieEv,0x2c
0x686c50,_ZN9TextField17setCursorPositionEi,0xc
0x686c5c,_ZN19AllianceMemberEntry14setCreatedTimeEx,0x8
0x686c64,_ZNK9TextInput16getMaxTextLengthEv,0x8
0x686c6c,_ZNK26KakaoAccountUnboundMessage14getMessageTypeEv,0x8
0x686c74,_ZN17EventDetailsPopup27createMapPreviewIfNecessaryEPK12LocationInfoP9MovieClipb,0x320
0x686f94,_ZN27BrawlPassRewardNotification8destructEv,0x24
0x686fb8,_ZN8CSVTable9addColumnERK6String,0x5c
0x687014,_ZN8Databind23NlohmannJsonInReflector14enterNextArrayEv,0x64
0x687078,_ZNK20LogicCharacterClient27getTicksSincePreviousSummonEv,0x8
0x687080,_ZN6icu_5818UStringEnumerationC2EP12UEnumeration,0x44
0x6870c4,_ZN13HomePageGuide17showNotificationsEv,0x28
0x6870ec,_ZNK22scSkipFileHeaderFilter4tellEv,0x34
0x687120,_ZNK30SupercellIdNotificationMessage20getNotificationTokenEv,0x10
0x687130,_ZN12jpeg_decoder15read_dqt_markerEv,0x524
0x687654,_ZN18ClientInputManager18handleVisionUpdateEP19VisionUpdateMessage,0x1e0
0x687834,_res_findResource_58,0x254
0x687a88,_ZNK16PlayerMapManager32isPlayerMapFriendlyGameAvailableEv,0x8c
0x687b14,_ZN6Sprite10addChildAtEP13DisplayObjecti,0x214
0x687d28,_ZN10SCIDWindowD0Ev,0x24
0x687d4c,_ZN19LogicResourceBundle8multiplyEi,0x74
0x687dc0,_ZN20LogicCharacterServer28switchRapidFireWeaponCounterEv,0x14
0x687dd4,_ZN14HelpshiftTitan21closeHelpshiftSessionEv,0x98
0x687e6c,_ZN34SetSupportedCreatorResponseMessage18getServiceNodeTypeEv,0x8
0x687e74,_ZN24LatencyTestStatusMessage20clearLatencyDataListEv,0x68
0x687edc,_ZNK12LogicBitList11isAnyBitSetEv,0x10
0x687eec,_ZThn96_NK12GUIContainer16getAnalyticsNameEv,0x8
0x687ef4,_ZN14LineConnection10isLoggedInEv,0x18
0x687f0c,_ZNK21LogicBattleModeServer19isLaserBallOverTimeEv,0x8
0x687f14,_ZNK7CSVNode7getNameEv,0x8
0x687f1c,_ZN15ResourceManager18checkForSWFChangesEb,0x8
0x687f24,_ZN17PlayerDisplayData5cloneEv,0x174
0x688098,_ZN8Databind23NlohmannJsonInReflector13getNextStringEv,0xe8
0x688180,_ZNK13LogicJSONNode22writeToFormattedStringEP13StringBuilderRK6String,0xc
0x68818c,_ZN12LocationItem7setInfoEv,0x1204
0x689390,_ZN11wendelstein11SpriteSheet24spritesheetFromMovieClipER9MovieClip,0x384
0x689714,_ZN16LogicStringTable22performTextPatchUpdateEPK6String,0x248
0x68995c,_Z14applyDeadZoneYfff,0x20
0x68997c,_ZN20LogicRawOutReflector35reflectNextReflectableReferenceBaseER29LogicReflectableReferenceBasei,0x6c
0x6899e8,_ZN15PepperEncrypterC2Ev,0x4c
0x689a34,_ZNK18LogicAnimationData11getPriorityEv,0x8
0x689a3c,_ZN24HighRateUdpPacketHandler23sendHandShakeTestPacketEi,0x5c
0x689a98,_ZN17LatencyTestsPopup13buttonClickedEP12CustomButton,0x1e8
0x689c80,_ZN15LogicDataTables22getLaserBallGoalEffectEv,0xc
0x689c8c,_ZN30LogicDeviceLinkResponseMessage6encodeEv,0x74
0x689d00,_ZN10GatchaDrop8destructEv,0x10
0x689d10,_ZN24RankedLeaderboardsScreenD0Ev,0x80
0x689d90,_ZN24TextInputVirtualKeyboardC2EP9TextInput,0x68
0x689df8,_ZN14HelpshiftTitan19HelpshiftConnectionD2Ev,0x28
0x689e20,_ZNK18LogicCarryableData21getAllowOwnTeamPickupEv,0x10
0x689e30,_ZNK18AllianceMemberItem4isMeEv,0x50
0x689e80,_ZN8Databind4Util9isBitmaskEPK13DatabindField,0xf8
0x689f78,_ZThn96_N12SkinListItem13buttonClickedEP12CustomButton,0x8
0x689f80,_ZN6icu_5813UnicodeString8doAppendERKS0_ii,0x68
0x689fe8,_ZN9StatTable14getTableHeightEv,0xc
0x689ff4,_ZN15LogicClientHome37addOfflineInboxNotificationWithNextIdEPiP16BaseNotification,0x4
0x689ff8,_ZN12LogicVersion7isStageEv,0x8
0x68a000,_ZN9CombatHUD19ultiButtonActivatedEb,0x22c
0x68a22c,_sub_68A22C,0x11b0
0x68b3dc,_ZN3MD56decodeEPjPKhj,0x4c
0x68b428,_ZN43PurchaseSkinGroupOfferHighlightPopupHandler8isGlowBgEv,0x8
0x68b430,_ZN17LogicGameCalendar6setDayEi,0x8
0x68b438,_ZN13QuestionPopUp13fixButtonTextEP10GameButtonRK6String,0x90
0x68b4c8,_ZN8TestCase15getPosFromTouchE5Touchff,0x7c
0x68b544,_ZN26ChampionshipChallengePopup11refreshLifeEi,0xec
0x68b630,_ZN12CsvPatchData20generateFromDataRowsEPK14LogicDataTableP14LogicArrayListIiE,0x444
0x68ba74,_ZN29LogicReflectableReferenceBase15removeReferenceEP16LogicReflectable,0x28
0x68ba9c,_ZN6icu_587UVector12setElementAtEPvi,0x5c
0x68baf8,_ZN11TeamManager20checkIsReadyAndPrintEv,0x16c
0x68bc64,_ZN6icu_5822RuleBasedBreakIterator8previousEv,0x1dc
0x68be40,_ZNSt6__ndk110__function6__funcIZN32NativeFacebookConnectionCallback20loginFailedWithErrorERK6StringS5_E3$_0NS_9allocatorIS6_EEFvvEED0Ev,0x30
0x68be70,_inflateReset,0xac
0x68bf1c,_ZN29LogicPlayerMapEnvironmentData40createAllAvailableEnvironmentsForGMVListEPK26LogicGameModeVariationData,0x304
0x68c220,_ZN19AvatarStreamMessageC2Ev,0x34
0x68c254,_ZNK12LogicCommand16getJSONForReplayEv,0x170
0x68c3c4,_ZL23hb_ucdn_eastasian_widthP18hb_unicode_funcs_tjPv,0x24
0x68c3e8,_ZNKSt6__ndk110__function6__funcIZN12scFilesystem12layerRemovedERKNS_10shared_ptrI17scAbstractFSLayerEEE3$_3NS_9allocatorIS8_EEFvPNS2_9IListenerEEE11target_typeEv,0xc
0x68c3f4,_Z58Java_com_supercell_titan_GameApp_onInputQueueCreatedNativeP7_JNIEnvP8_jobjectl,0x4
0x68c3f8,_ZN11StringTable11getTimeTextEib,0x10
0x68c408,_ZN11LogicQuestsC2Ev,0x8
0x68c410,_ZNK13TimelineValue6sampleEf,0xf0
0x68c500,_ZN10BadgePopup12refreshItemsEv,0x41c
0x68c91c,_ZN17LogicGameCalendar8setMonthEi,0x8
0x68c924,_ZN14TitanInputFile5read4Ev,0x54
0x68c978,_ZNK16LogicOfferBundle11getHeroDataEv,0x40
0x68c9b8,_ZN8NewsPage30forceSetAllCurrentTabPagesSeenEv,0x94
0x68ca4c,_ZNK18LogicAccessoryData19getInterruptsActionEv,0x10
0x68ca5c,_ZN5UICtxD0Ev,0x4
0x68ca60,_ZN29LogicBrawlPassUnlockedCommand7executeEP13LogicHomeModeib,0x90
0x68caf0,_hb_direction_from_string,0x54
0x68cb44,_ZN13MapEditorMode13touchReleasedERK5Touch,0x18
0x68cb5c,_ZN6icu_5812PatternProps14skipIdentifierEPKti,0xb0
0x68cc0c,_ZN28LogicGameObjectManagerServer13doDestructingEv,0x14c
0x68cd58,_ZNSt6__ndk16__treeINS_12__value_typeIP4NodeNS_3mapIfZN6scglTF12_GLOBAL__N_111convertGLTFEP7SCWFileRKN2fx4gltf8DocumentERK6StringE7KeyDataNS_4lessIfEENS_9allocatorINS_4pairIKfSH_EEEEEEEENS_19__map_value_compareIS3_SQ_NSI_IS3_EELb1EEENSK_ISQ_EEE7destroyEPNS_11__tree_nodeISQ_PvEE,0x4c
0x68cda4,_ZN12SupercellSWF15cacheShortArrayEiPsb,0x78
0x68ce1c,_ZN11wendelstein18WendelsteinManager4saveEv,0x424
0x68d240,_ZN22CreateAccountOkMessageC2Ei,0x34
0x68d274,_ZNSt6__ndk110__function6__funcIZN8TestCase10touchStageER5TouchE3$_5NS_9allocatorIS5_EEFvvEE7destroyEv,0x4
0x68d278,_ZN9EntryInfo10getChildTFERK6String,0x90
0x68d308,_ZN14MapPreviewMenuD0Ev,0x4c
0x68d354,_ZN14BillingManager10buyProductERK6Stringi,0x2c4
0x68d618,_ZN9BitStream15writeIntMax1023Ei,0x8
0x68d620,_ZN13LogicSkinData16setLobbyLoopFaceERK6String,0x8
0x68d628,_hb_ot_shaper_font_data_destroy,0x4
0x68d62c,_ZN9StatTable3addEP8StatItem,0x1a8
0x68d7d4,_ZNK15LogicEffectData19getTextInstanceNameEi,0x10
0x68d7e4,_Java_com_supercell_titan_UnityAdsTitan_nativeAdsReady,0x1c
0x68d800,_ZN9Messaging10setFactoryEP19LogicMessageFactory,0x50
0x68d850,_ZN16ByteStreamHelper25writeConstantSizeIntArrayEP15ChecksumEncoderPKii,0x50
0x68d8a0,_ZNK26AppleBillingRequestMessage6getTIDEv,0x8
0x68d8a8,_ZNK19LogicProjectileData8getSpeedEv,0x8
0x68d8b0,_ZNK14LogicMusicData17getNonBgFileIndexEi,0x98
0x68d948,_ZN10ScrollArea14enablePinchingEb,0xc
0x68d954,_Java_com_supercell_titan_SupercellId_consumeLink,0x4c
0x68d9a0,_ZN26sc3dWorldCombiningRendererC2ERN11wendelstein23MovieClipRendererBucketERNSt6__ndk16vectorINS0_21MovieClipRendererData11BucketRangeENS3_9allocatorIS6_EEEEP12VertexBufferj,0x18
0x68d9b8,_ZN10ByteStream8readLongEv,0x3c
0x68d9f4,_ZNSt6__ndk110__function6__funcIZN7GLImage6createEPKhi9ImageWrap11ImageFilterE3$_4NS_9allocatorIS7_EEFvvEED0Ev,0x4
0x68d9f8,_ZN20SupercellIdOfferItem16shouldShowInShopEv,0xb8
0x68dab0,_ZNK22MessageDataStreamEntry6encodeEP15ChecksumEncoder,0x2c
0x68dadc,_ZN9CombatHUD18handleTouchPressedERK5Touch,0x38
0x68db14,_ZNK13ShopBgElement8getWidthEv,0xac
0x68dbc0,_ZN19SelectLocationPopup12scrollToItemEP13DisplayObjectfb,0x150
0x68dd10,_ZN10ItemsPopup7fadeOutEv,0x28
0x68dd38,_ZN6icu_58L10getExtNameEjPct,0x1f0
0x68df28,_tr_align,0x154
0x68e07c,_ZN9OutStream8writeU32Ej,0x450
0x68e4cc,_ZN21LogicAreaEffectServerC2EPK19LogicAreaEffectData,0x9c
0x68e568,_ZN17LogicGameModeUtil17canHideEnemyNamesEi,0x8
0x68e570,_ZN26EnterSupportedCreatorPopup13buttonClickedEP12CustomButton,0x128
0x68e698,_ZN11UIMultiView7refreshEP5UICtxi,0x58
0x68e6f0,_ZN19LogicRawInReflector15reflectIntArrayER17LogicIntArrayListPKc,0x1ac
0x68e89c,_ZN9LogicData19preCreateReferencesEv,0x4
0x68e8a0,_ZNKSt6__ndk110__function6__funcIZ53Java_com_supercell_titan_GoogleServiceClient_onSignInP7_JNIEnvP7_jclassE3$_0NS_9allocatorIS6_EEFvvEE6targetERKSt9type_info,0x1c
0x68e8bc,_uloc_getLanguage_58,0x78
0x68e934,_ZN9ShopPopup17refreshTitleTextsEv,0x1ac
0x68eae0,_ZThn96_N14BrawlPassPopup13buttonClickedEP12CustomButton,0x8
0x68eae8,_ZNK8Animator17getAnimationCountEv,0x8
0x68eaf0,_ZNK5Scene16getMeshMaterialsEi,0x14
0x68eb04,_ZN10HomeScreen7getHomeEv,0x30
0x68eb34,_ZN20LogicRawOutReflector16reflectStringPtrEP6StringPKc,0x30
0x68eb64,_ZN22BuyChallengeLivesPopup18customButtonTappedEP10GameButtoni,0x148
0x68ecac,_ZN12LogicGlobals16createReferencesEv,0xce4
0x68f990,_ZN24RankedLeaderboardsScreen17getPreviousSeasonEv,0x84
0x68fa14,_ZNK20LogicCharacterClient14getAttackAngleEv,0x8
0x68fa1c,_Z26read_big_endian_2byte_wordPtP7__sFILE,0x64
0x68fa80,_ZN15TeamChatMessageC2Ei,0x30
0x68fab0,_ZNK17LogicCampaignData12getBossLevelEv,0x10
0x68fac0,_ZNK22CreateAccountOkMessage14getMessageTypeEv,0x8
0x68fac8,_ZN14FriendsManager23consumeDeepLinkFriendIdEv,0x28
0x68faf0,_ZN10SkinsPopup12refreshItemsEv,0x3f0
0x68fee0,_ZN18DailyEventsMessage14clearEventListEv,0x6c
0x68ff4c,_ZN15DoubleDropPopupC2Ev,0x470
0x6903bc,_ZN11hb_buffer_t3addEjj,0x90
0x69044c,_ZN12RC4Encrypter9initStateEPKciS1_i,0x1c8
0x690614,_ZN10BitmapFont15BitmapFormatter13getLineAscentEv,0x38
0x69064c,_ZN12GenericPopup9addButtonERK6StringP14PiranhaMessage,0x1a4
0x6907f0,_Z20assertOnJavaUiThreadv,0x14
0x690804,_Z16getFrustumPlanesPKfP8xPlane3f,0x1ac
0x6909b0,_ZN17scFSAndroidAssetsC2EPKcPN13scFSLayerBase9IListenerES1_b,0x94
0x690a44,_ZN30JoinRequestAllianceStreamEntry8destructEv,0x90
0x690ad4,_ZN18HighRateUdpMessageC2Ev,0xc
0x690ae0,_ZNSt6__ndk110__function6__funcIZN24DataLoaderLayeredTexture4loadEPKcRKNS_5arrayIiLm4EEEE3$_1NS_9allocatorIS9_EEFjvEE7destroyEv,0x4
0x690ae4,_ZNSt6__ndk110__function6__funcIZZN11AndroidMain18onSurfaceDestroyedEvENK3$_2clEvEUlvE_NS_9allocatorIS4_EEFvvEE7destroyEv,0x4
0x690ae8,_ZN12SupercellSWF12getCachePathERK6String,0x160
0x690c48,_ZN22SettingsLanguageScreen21populateLanguagePanelEv,0x6f0
0x691338,_ZNSt6__ndk110__function6__funcIZN12RenderSystem24startEffectManagerUpdateEfE3$_0NS_9allocatorIS3_EEFvvEEclEv,0x10
0x691348,_ZNK17LogicRewardConfig12getConditionEv,0x8
0x691350,_ZN5titan7android5media11MediaPlayer14getVideoHeightEv,0x7c
0x6913cc,_ZL13enumSameValuePKvj.16163,0x8
0x6913d4,_ZN15LogicJSONHelper11getIntArrayEPK15LogicJSONObjectRK6String,0x84
0x691458,_ZNK11ContextMenu10findButtonENS_10ButtonTypeE,0x24
0x69147c,_ZN13DisplayObjectD2Ev,0x58
0x6914d4,_ZN12LocationItem26trySuggestFriendlyLocationEb,0xc0
0x691594,_ZNK14BattleEndPopup18hasPlayerMapHeaderEv,0x24
0x6915b8,_ZN8Selfhelp17constructInstanceEv,0xa4
0x69165c,_ZNK22LogicLocationThemeData25getMapPreviewBGColorGreenEv,0x10
0x69166c,_ZN15StarPointsPopup6updateEf,0x100
0x69176c,_ZN17LogicLocalization16setLanguageTableEiPK8CSVTable,0x74
0x6917e0,_uprv_asciiFromEbcdic_58,0xd8
0x6918b8,_ZNSt6__ndk110__function6__funcIZ50Java_com_supercell_titan_GameApp_handleDeeplinkURLE3$_1NS_9allocatorIS2_EEFvvEEclEv,0x78
0x691930,_ZN13MapEditorMode12touchPressedERK5Touch,0x18
0x691948,_ZNK11SocialPopup10isInfoOpenEv,0x20
0x691968,_ZN13LogicItemData33getBoolValueForSkinFromParentItemEi,0x18
0x691980,_ZNK22scSkipFileHeaderFilter15getMemoryHandleEv,0x1e4
0x691b64,_ZNSt6__ndk110__function6__funcIZN11AndroidMain15recreateSurfaceEvE3$_4NS_9allocatorIS3_EEFvvEE7destroyEv,0x4
0x691b68,_ZNSt6__ndk110__function6__funcIZN19SupercellIdCallback19claimShopItemResultEP8_jobjectRK6StringS7_S7_E4$_22NS_9allocatorIS8_EEFvvEED2Ev,0x38
0x691ba0,_ZN22AllianceChatControllerC2EP9MovieClipiPK4RectP11ContextMenu,0x78
0x691c18,_ZN14VanityItemPropC2EP10ByteStream,0x4c
0x691c64,_ZNK15MapEditorScreen17getLogicToPixelsYEv,0x10
0x691c74,_ZNK24DebugHudMessageCollector15getMessageCountEv,0xc
0x691c80,_ZNK9CombatHUD16getBottomOffsetYEv,0x8
0x691c88,_ZNK10GameObject14getGroundBasisEv,0x8
0x691c90,_ZN22GatchaDropOverviewItem9setupDropEP10GatchaDrop,0x984
0x692614,_ZN10HomeScreen16getAgeGateStatusEv,0x6c
0x692680,_ZN13LogicConfDataC2EiP14LogicArrayListIiES2_S2_b,0x470
0x692af0,_ZN29scMultithreadedLoadingManager13loadImmediateEP14scResourceDataRK18scResourceLoadInfo,0x138
0x692c28,_ZN20LogicItemSeenCommand8destructEv,0x24
0x692c4c,_uprv_swapArray64,0xf0
0x692d3c,_ZN20LogicJSONInReflector12reflectArrayEiPKc,0x50
0x692d8c,_ZN9MovieClip7setTextEPKcRK6String,0xc4
0x692e50,_ZN9EmoteIcon16setupAnimForClipEP9MovieClipifP17ParallelExecution,0x204
0x693054,_ZN12BadgePreview6renderER9Matrix2x3R14ColorTransformif,0x74
0x6930c8,_ZN10HomeScreen20addTeamStreamEntriesEP14LogicArrayListIP11StreamEntryE,0x38
0x693100,_ZNK13DisplayObject5getXYEv,0x8
0x693108,_ZN19AllianceHeaderEntry8destructEv,0x74
0x69317c,_ZNK16LogicRankedMatch9getPlayerERK9LogicLong,0x74
0x6931f0,_ZNKSt6__ndk110__function6__funcIZN11scTaskQueue3runIZN8TestCase13getStageWidthEvE4$_10EENS_13invoke_resultIT_JEE4typeES7_EUlvE_NS_9allocatorISA_EEFvvEE7__cloneEPNS0_6__baseISD_EE,0x18
0x693208,_ZNK23PublishPlayerMapMessage14getMessageTypeEv,0x8
0x693210,_ZN6FriendD2Ev,0xcc
0x6932dc,_ZN9PopupBase13animateAppearEP13DisplayObjectf,0xa0
0x69337c,_ZN32GoHomeFromOfflinePractiseMessageC2Eb,0x38
0x6933b4,_ZN27TeamJoinOrCreateRoomMessage18getServiceNodeTypeEv,0x8
0x6933bc,_ZN8Databind16JSONOutReflector9addStringERK6String,0x74
0x693430,_hb_set_subtract,0x94
0x6934c4,_ZN37KunlunBillingProcessedByServerMessage6setTIDERK6String,0x8
0x6934cc,_ZN9PopupBase13addHomeButtonEv,0x64
0x693530,_ZN8Skeleton10updateMeshEP4MeshP11DynamicMesh,0x2c0
0x6937f0,_ZN18ResourceDataLoaderD2Ev,0x40
0x693830,_ZNK22ShapeDrawBitmapCommand4getUEi,0x28
0x693858,_antiCheatRooted,0x8
0x693860,_ZNK8Settings22getLastPlayedEventSlotEv,0xd8
0x693938,_ZN5Items18getItemUnlockLevelEPK13LogicCardData,0x38
0x693970,_ZN23SetHeroDefaultAnimationD2Ev,0x14
0x693984,_ZNK29AllianceMailAvatarStreamEntry13getAllianceIdEv,0x8
0x69398c,_ZN5titan7android7content2pm11SigningInfoC2EP8_jobject,0xbc
0x693a48,_ZN17HighRateUdpPacket26getHandshakeTestPacketSizeEv,0x8
0x693a50,_ZNK20EndClientTurnMessage11getCommandsEv,0x8
0x693a58,_ZN20EndClientTurnMessage6decodeEv,0x29c
0x693cf4,_ZNK12KakaoManager10isLoggedInEv,0x8
0x693cfc,_ZN10LZMAReader8readBoolEv,0x28
0x693d24,_ZN13UITextHandler6handleEP5UICtxi,0xdc
0x693e00,_ZN21HighRateUdpSendBufferC2Ev,0x28
0x693e28,_ZN13HeroDataEntryC2Ev,0x10
0x693e38,_ZN29LogicPurchaseBrawlPassCommandC2Eib,0x44
0x693e7c,_ZN13PlayerProfile6encodeEP10ByteStream,0x108
0x693f84,_ZN5lzham18lzham_decompressor18reset_arith_tablesEv,0x8c
0x694010,_ZN15LogicDataTables23getShieldEffectBossRaceEv,0xc
0x69401c,_ZN18HomePageTeamMember27refreshSpeechBubbleInternalEbb,0xcb0
0x694ccc,_ZNK19LogicProjectileData14getGroundBasisEv,0x8
0x694cd4,_ZN14BattleEndPopup41displayBattleEndHackDebugGarbageCollectedEP16BattleEndMessagePK20LogicBattlePlayerMap,0x5c
0x694d30,_ZN19DebugCommandMessage18getServiceNodeTypeEv,0x8
0x694d38,_ZN4Mesh11setVerticesEiPKcRK12VertexFormatS1_S4_b,0x320
0x695058,_ZN9xMatrix44aSEPKf,0x84
0x6950dc,_ZN29LogicGiveDeliveryItemsCommand7executeEP13LogicHomeModeib,0x50c
0x6955e8,_ZNK14EnterNamePopup25showTopHUDRightUnderModalEv,0x8
0x6955f0,_ZNSt6__ndk110__function6__funcIZN29scMultithreadedLoadingManager6submitEP14scResourceDataRK18scResourceLoadInfoE3$_1NS_9allocatorIS8_EEFvvEE7destroyEv,0x4
0x6955f4,_ZN20LogicCharacterServer18updateChargeDamageEv,0x4
0x6955f8,_ZN12LoginMessage21setForceOpenIdBindingEb,0xc
0x695604,_ZN14TencentManager17isLoggedInAsGuestEv,0x18
0x69561c,_ZNK10NativeFont12formatStringERK6Stringffifbbf,0x750
0x695d6c,_ZN11FontManagerD2Ev,0x180
0x695eec,_ZN6icu_588RBBINodeC2ERKS0_,0x118
0x696004,_ZN26ChampionshipChallengePopup7getWinsEv,0x24
0x696028,_ZN16ScreenProperties11getDpiClassEv,0xd4
0x6960fc,_ZN22EsportTournamentsPopup21isEsportsHubAvailableEv,0x74
0x696170,_ZN12LogicVersion5isDevEv,0x8
0x696178,_ZN10SCIDWindowC2EP13WVSCIDManager,0x638
0x6967b0,_ZN34LogicDeviceLinkCodeResponseMessage6encodeEv,0x44
0x6967f4,_ZN11hb_buffer_t15clear_positionsEv,0x40
0x696834,_ZN20LogicCharacterServer23giveDamageBuffPermanentEi,0x4
0x696838,_udata_readInt16_58,0xc
0x696844,_ZN14LogicPlayerMap8setMapIdERK9LogicLong,0xc
0x696850,_ZNSt6__ndk110__function6__funcIZN11scTaskQueue3runIZN8TestCase11pressButtonEP12CustomButtonE3$_0EENS_13invoke_resultIT_JEE4typeES9_EUlvE_NS_9allocatorISC_EEFvvEEclEv,0x40
0x696890,_ZN27BrawlPassRewardNotification6decodeEP10ByteStream,0x38
0x6968c8,_ZN20GameSelfhelpListener14getSelfhelpUrlENS_19SelfhelpEnvironmentE,0x114
0x6969dc,_ZN14BillingManagerD0Ev,0x24
0x696a00,_ZN21SetDeviceTokenMessage16setAntihackFlagsEi,0x8
0x696a08,_ZN34AskForJoinableAlliancesListMessageC2Ei,0x2c
0x696a34,_ZN10ScoresPageD2Ev,0x90
0x696ac4,_ZN25TuneBrawlTvChannelMessage8destructEv,0x28
0x696aec,_ZN6icu_5823ICULanguageBreakFactoryD0Ev,0x44
0x696b30,_ZN13FriendsScreenD0Ev,0x24
0x696b54,_ZN9InboxItemC2EP10InboxPopupP16BaseNotification,0x1050
0x697ba4,_utrie2_set32ForLeadSurrogateCodeUnit_58,0x9c
0x697c40,_ZNK16DeviceLinkWindow44checkAttachedNetworksForBindingOtherPlatformEv,0xcc
0x697d0c,_ZN13WVSCIDManager12accountBoundERK6String,0x14
0x697d20,_ZN17LogicHeroUpgradesC2EiPK13LogicCardDataS2_,0xc
0x697d2c,_ZN13EnterAgePopupD0Ev,0x24
0x697d50,_ZNSt6__ndk110__function6__funcIZN8TestCase10getDoTouchEP13DisplayObjectE3$_6NS_9allocatorIS5_EEFNS_6vectorIfNS6_IfEEEEvEE18destroy_deallocateEv,0x4
0x697d54,_uscript_getScriptExtensions_58,0x14c
0x697ea0,_ZNK21LogicAllianceRoleData8isLeaderEv,0x20
0x697ec0,_ZN16HelpshiftManager14showFAQSectionERK6Stringi,0x50
0x697f10,_ZNK23TeamSetPlayerMapMessage14getMessageTypeEv,0x8
0x697f18,_ZN5titan3com9supercell5titan7GameApp11initNovaSdkEv,0x7c
0x697f94,_ZN24HighRateUdpPacketHandlerC2EP17HighRateUdpSocketPKc,0x134
0x6980c8,_ZNK22UdpSingleMessagePacket9getSenderEv,0x8
0x6980d0,_ZN12SCWFileInput10readMatrixEv,0x22c
0x6982fc,_ZN29LogicReflectableContainerBase6removeEP16LogicReflectable,0x150
0x69844c,_ZN15DraggableButton10touchMovedERK5Touch,0x190
0x6985dc,_ZN14LogicDailyData6encodeEP15ChecksumEncoder,0x7a4
0x698d80,_ZN30AvatarNameCheckResponseMessage6encodeEv,0x44
0x698dc4,_ZN28LogicClearShopTickersCommand6decodeEP10ByteStream,0x74
0x698e38,_ZNK30ReportPlayerMapResponseMessage10getMapNameEv,0x8
0x698e40,_ZN12RankingEntry5setIdEP9LogicLong,0x30
0x698e70,_ZNKSt6__ndk110__function6__funcIZN7SCWFile4loadER12SCWFileInputE3$_0NS_9allocatorIS5_EEFvvEE6targetERKSt9type_info,0x1c
0x698e8c,_ZN11DragHandler16cancelAllTouchesEv,0x50
0x698edc,_Ppmd7_Alloc,0x8c
0x698f68,_ZN27YoozooOrderAvailableMessageC2Ev,0x34
0x698f9c,_ZNK21LogicBattleModeServer12getTicksGoneEv,0x8
0x698fa4,_ZN5Stage4initEiiii,0x72c
0x6996d0,_ZN6icu_5815RBBIRuleScannerC2EPNS_15RBBIRuleBuilderE,0x318
0x6999e8,_ZNK10GameScreen17getLogicMapEditorEv,0xc
0x6999f4,_SzAlloc.13018,0x8
0x6999fc,_ZN5lzham24lzham_lib_z_inflateResetEP14lzham_z_stream,0x5c
0x699a58,_ZN29SetBlockFriendRequestsMessage18getServiceNodeTypeEv,0x8
0x699a60,_ZNK18TeamChatController25createReportPlayerMessageEPK9LogicLongS2_,0x64
0x699ac4,_ZNK16GameObjectSprite8getTileYEv,0x8
0x699acc,_ZN13EffectPreview4playEPK15LogicEffectData,0x158
0x699c24,_ZN17SetupQuestCounter6updateEf,0x1c
0x699c40,_ZN21ChronosResourceFolder17cleanOldDownloadsERKNSt6__ndk13setI6StringNS0_4lessIS2_EENS0_9allocatorIS2_EEEE,0x438
0x69a078,_ZNK28LogicGameObjectManagerServer24getGameObjectCountByDataEPK9LogicData,0x80
0x69a0f8,_ZN9EventItem12resolveStateEiii,0x24
0x69a11c,_ZN4asio6detail17executor_function4implINS0_7binder2IZN9Messaging7connectERK6StringS7_E3$_2NSt6__ndk110error_codeENS_2ip22basic_resolver_resultsINSB_3tcpEEEEENS9_9allocatorIvEEE3ptr5resetEv,0xf8
0x69a214,_ZN21LogicJSONOutReflector7setLongEPKcxx,0x9c
0x69a2b0,_ZN12MapEditorHUD6updateEf,0x280
0x69a530,_ZN29AuthenticationResponseMessageC2Ev,0x34
0x69a564,_ZN15ChecksumEncoder20writeStringReferenceERK6String,0x38
0x69a59c,_ZN18LogicAnimationData16createReferencesEv,0x2bc
0x69a858,_ZN19SelectLocationPopup23playCollectionAnimationEii,0xd0
0x69a928,_ZNK14AllianceScreen16getAlliancePopupEv,0x4
0x69a92c,_ZL17unistrTextExtractP5UTextllPtiP10UErrorCode,0x144
0x69aa70,_uprv_aestrncpy_58,0x9c
0x69ab0c,_ZNK14PiranhaMessage13getByteStreamEv,0x28
0x69ab34,_sub_69AB34,0x50
0x69ab84,_ZN14SessionStatics33getPlacementForLastBrawlBoxSourceEv,0x2c
0x69abb0,_ZL34hb_font_get_glyph_h_advance_parentP9hb_font_tPvjS1_,0x58
0x69ac08,_ZN16RankedPlayerItem13touchReleasedERK5Touch,0x38
0x69ac40,_ZNK14LogicEmoteData12getCharacterEv,0x8
0x69ac48,_ZNK29AllianceMailAvatarStreamEntry15getSenderHomeIdEv,0x8
0x69ac50,_MatchFinder_ReduceOffsets,0x20
0x69ac70,_ZN25TeamToggleSettingsMessage17getUseAccessoriesEv,0x8
0x69ac78,_ZN9CombatHUD22shouldPlayBattleSoundsEv,0x34
0x69acac,_ZN25PurchaseConfirmationPopupD2Ev,0xa4
0x69ad50,_ZN6StringC2Ev,0x8
0x69ad58,_ZN26RankedTeamSelectionManager16destructInstanceEv,0x7c
0x69add4,_ZN20LogicCharacterServer13getEnemyForAIEbbbP14LogicArrayListIPS_E,0x4a0
0x69b274,_ZN8Databind16JSONOutReflector14reflectNextIntEi,0x64
0x69b2d8,_Z13getFloatParamRK6Stringi,0x11c
0x69b3f4,_ZN12_GLOBAL__N_121handleShaderLoadErrorEjRK6String,0xb8
0x69b4ac,_ZN20GoogleServiceManager9enterGameEv,0x4
0x69b4b0,_ZN11FontManager24setCurrentSystemFontNameERK6String,0x8
0x69b4b8,_uiter_setUTF8_58,0xa4
0x69b55c,_ZN14HelpshiftTitan5loginERK6StringS2_S2_,0xc4
0x69b620,_ZN13BattleLogItemD0Ev,0x24
0x69b644,_ZN16LogicOfferBundle6encodeEP15ChecksumEncoder,0x1b4
0x69b7f8,_ZN10HeroSprite19setDefaultAnimationEif,0xf4
0x69b8ec,_ZN9GameUtils19createTexturedPlaneEffbff,0xfc
0x69b9e8,_ZN19BattleEndTeamMemberC2EP14BattleEndPopupP9MovieClipS3_iP11PlayerEntrybRK6String,0x63c
0x69c024,_ZN8HomePage17lobbyInfoReceivedEP16LobbyInfoMessage,0x50
0x69c074,_ZN15LogicClientHome17setVideoAdStartedEi,0x8
0x69c07c,_ZNK7PageGUI13getPrevPageIdEv,0x2c
0x69c0a8,_ZN6icu_58L14unames_cleanupEv,0x54
0x69c0fc,_ZN7Billing24startBillingTransactionsEv,0x4
0x69c100,_ZN9LogicMath17getDistanceToLineEPK12LogicVector2S2_S2_,0xb8
0x69c1b8,_ZN23LogicCharacterClientOwn12ensurePathOkEP15LogicPathFinder,0x310
0x69c4c8,_Java_com_supercell_titan_SupercellId_windowDidDismiss,0x8
0x69c4d0,_ZNK9TeamEntry37canPlayNonGreenlitPlayerMapsOnlyAloneEP13LogicConfData,0x40
0x69c510,_ZN6StringC2EPKc,0x8
0x69c518,_ZN23HomeLogicStoppedMessage8destructEv,0xa8
0x69c5c0,_ZNK28LogicGameObjectManagerServer18getGameObjectIndexEi,0x98
0x69c658,_ubidi_addPropertyStarts_58,0x128
0x69c780,_ZN13UnityAdsTitan13isAdAvailableEv,0x4
0x69c784,_ZN12CustomButtonD2Ev,0xe0
0x69c864,_ZN8NewsPage17updateSelectedTabEb,0xd8
0x69c93c,_ZN8TestCase11reportErrorE6StringS0_,0xc8
0x69ca04,_ZNK21ChronosResourceFolder31getChronosSchemeCacheFolderPathEv,0x78
0x69ca7c,_ZN15LogicDataTables19getSkinByInstanceIdEi,0x1c
0x69ca98,_ZN10InboxPopup6acceptEiP16BaseNotification,0x144
0x69cbdc,_stbi_zlib_decode_malloc,0x90
0x69cc6c,_ZN5lzham19lzham_lib_z_deflateEP14lzham_z_streami,0x1e8
0x69ce54,_ZN10LoginStateC2Ev,0x88
0x69cedc,_uprv_swapArray32,0xf0
0x69cfcc,_ZN22CreateAccountOkMessage8destructEv,0x40
0x69d00c,_ZNK12BattleScreen20shouldShowShootStickEv,0x90
0x69d09c,_res_getString_58,0x110
0x69d1ac,_ZNK16DeviceLinkWindow19isBackButtonVisibleEv,0xc
0x69d1b8,_ZN20EndClientTurnMessage11setChecksumEi,0x8
0x69d1c0,_ZN10SkinsPopup7refreshEv,0x2c
0x69d1ec,_ZN3GUI21showPendingDataGainedEv,0x74
0x69d260,_ZN12scZstdReader13readByteArrayEi,0x50
0x69d2b0,_ZNK11DragHandler11checkBoundsER7Vector2IfEffffb,0x428
0x69d6d8,_ZN25TeamTogglePractiseMessageC2Ev,0x30
0x69d708,_ZN12KakaoManager13unbindKakaoIDEv,0x10
0x69d718,_ZNK9LogicData15getBooleanValueERK6Stringi,0xc0
0x69d7d8,_ZN9sc3dWorld18removeObjectAtRootEP15sc3dWorldObject,0xf4
0x69d8cc,_ZN14LogicDataTable17createReferences2Ev,0x54
0x69d920,_ZN9AntiCheat16getAntihackFlagsEv,0xc0
0x69d9e0,_ZN17AvatarStreamEntry8setIsNewEb,0xc
0x69d9ec,_ZN27LogicSelectGroupSkinCommandC2Ev,0x30
0x69da1c,_ZNK10ByteStream9getLengthEv,0x10
0x69da2c,_ZN22scLZMADecompressFilter16decompressThreadEv,0x1f0
0x69dc1c,_ZN8Settings16setRankedSortingEi,0x9c
0x69dcb8,_ubidi_reorderLogical_58,0x210
0x69dec8,_ZN6icu_5810UCharsTrie4nextEi,0xd0
0x69df98,_ZN14BrawlPassPopup15isCurrentSeasonEv,0x38
0x69dfd0,_ZN20MovieClipSoundPlayer6updateEf,0xbc
0x69e08c,_ZNKSt6__ndk110__function6__funcIZN19SupercellIdCallback17clearPendingLoginEP8_jobjectE3$_4NS_9allocatorIS5_EEFvvEE7__cloneEv,0x38
0x69e0c4,_ZN15LogicDataTables24getReSpawnPoint1TileDataEv,0xc
0x69e0d0,_ZN14LogicAccessoryC2EPK18LogicAccessoryData,0x41c
0x69e4ec,_ZN13YoozooManager12onExitResultEbi6String,0x1c
0x69e508,_ZN9GameUtils15clampSegmentEndERK7Vector2IfES3_ff,0x5c
0x69e564,_ZN7Popover13touchReleasedERK5Touch,0x4c
0x69e5b0,_ZN17LogicGamePlayUtil22calculatePercentDamageEiibiiiP20LogicCharacterServer,0x140
0x69e6f0,_ZN14AssetReferenceC2Ev,0x88
0x69e778,_ZN21BattleLogEntryWrapper20getEntryByBattleUUIdExx,0x54
0x69e7cc,_ZN9OutStream9writeBoolEb,0x138
0x69e904,_ZN15MapEditorScreen22placeTileWithMirroringEii,0x4bc
0x69edc0,_ZN27LogicUnlockFreeSkinsCommand10canExecuteEPK13LogicHomeMode,0x94
0x69ee54,_ZNK28UdpBigMessageFragmentMessage16getFragmentBytesEv,0x8
0x69ee5c,_ZNKSt6__ndk110__function6__funcIZN11Application25prepareAttributionMessageEvE3$_3NS_9allocatorIS3_EEFbvEE6targetERKSt9type_info,0x1c
0x69ee78,_ZN5titan4java8security13MessageDigestC2EP8_jobject,0xbc
0x69ef34,_ZNK13LogicHomeMode21getAchievementManagerEv,0x8
0x69ef3c,_ZN8GameMain9freeAssetERK6String,0x4
0x69ef40,_ZN5titan3com9supercell5titan7tencent11MSDKManager26shareMessageWithGLRGBADataERK6StringiiRKNSt6__ndk16vectorISt4byteNS8_9allocatorISA_EEEEi,0x114
0x69f054,_ZN14BattleEndPopup15isChallengeDrawEv,0x2c
0x69f080,_ZNK18LogicCharacterData19getHeroScreenEmoteXEv,0x24
0x69f0a4,_Z21intersectRay3fPlane3fRK7Vector3IfES2_RK8xPlane3fRf,0xb0
0x69f154,_ZNK28LogicClearShopTickersCommand14getCommandTypeEv,0x8
0x69f15c,_ZN15FacebookManager16isLoadingFriendsEv,0x24
0x69f180,_ZN13SceneRenderer11setViewportEPK13DisplayObject,0x7c
0x69f1fc,_ZN5titan3com9supercell5titan19ApplicationUtilBase20getPreferredLanguageEv,0x70
0x69f26c,_ZN17LogicGameModeUtil6isCoopEi,0x28
0x69f294,_ZNSt6__ndk110__function6__funcIZN11scTaskQueue3runIZN8TestCase9moveTouchER5TouchS5_S5_fE3$_7EENS_13invoke_resultIT_JEE4typeES9_EUlvE_NS_9allocatorISC_EEFvvEED0Ev,0x4
0x69f298,_ZN5Items17toggleSelectionUIEi,0x78
0x69f310,_ZN23LogicHomeChangeListener8destructEv,0x4
0x69f314,_ZN11EmoteButton11setSelectedEb,0x2c
0x69f340,_ZN10HomeScreen13setHUDVisibleEb,0xc
0x69f34c,_ZN6icu_5822RuleBasedBreakIteratorC2EP11UDataMemoryR10UErrorCode,0xc0
0x69f40c,_ZN13ClippedSpriteD0Ev,0x38
0x69f444,_ZN18AttributionMessage6decodeEv,0x4f8
0x69f93c,_ZL10stdio_skipPvj,0x8
0x69f944,_ZN9EntryInfo11updateSkinsEf,0x1010
0x6a0954,_blake2b,0x138
0x6a0a8c,_ZN14LogicDailyData25getCurrentProLeagueSeasonEv,0x98
0x6a0b24,_ZN7PageGUI12setPageWidthEf,0x8
0x6a0b2c,_ZN14Transformation8nlerpAddERKS_f,0xb0
0x6a0bdc,_ZN6icu_5813UnicodeString6appendEi,0x84
0x6a0c60,_ZN19ScrollingInputFieldD0Ev,0x64
0x6a0cc4,_ZN38LogicAccountTransferCodeRequestMessage6decodeEv,0x4
0x6a0cc8,_ZNK17LogicClientAvatar18hasEnoughResourcesEPK17LogicResourceDataibP12LogicCommandb,0x114
0x6a0ddc,_Z12nativeDialogP21INativeDialogListenerRK6StringS3_S3_S3_S3_,0x4
0x6a0de0,_ZNK37SendAllianceInvitationToFriendMessage14getMessageTypeEv,0x8
0x6a0de8,_ZN13AlliancePopup10getFadeOutEP14AllianceScreen,0xfc
0x6a0ee4,_ZN13QuestionPopUpC2EPK15LogicLocaleData,0x320
0x6a1204,_ZN5titan3com9supercell5titan12TitanWebView8setAlphaEf,0x88
0x6a128c,_Z15moviePlayerInitPKcb,0x210
0x6a149c,_ZN9xMatrix449transposeEv,0x94
0x6a1530,_ZN17NotificationBadgeD2Ev,0x4c
0x6a157c,_ZN12AllianceInfo13refreshHeaderEPK19AllianceHeaderEntry,0x364
0x6a18e0,_deflateParams,0x2a0
0x6a1b80,_ZN9TeamPopupC2EP9TeamEntry,0x440
0x6a1fc0,_ZN16BattleEndMessage18getServiceNodeTypeEv,0x8
0x6a1fc8,_ZN27GetTokenFriendResultMessage18getServiceNodeTypeEv,0x8
0x6a1fd0,_ZN12TencentLogin15isShowDiffLoginEv,0xc
0x6a1fdc,_ZN14LoginOkMessage12setAccountIdEP9LogicLong,0x8
0x6a1fe4,_ZN16MovieClipTexture5pauseEv,0x8
0x6a1fec,_ZNK14LogicThemeData21getParticleVariationsEv,0x10
0x6a1ffc,_ZN27PurchaseSkinGroupOfferPopupC2EP43PurchaseSkinGroupOfferHighlightPopupHandler,0x224
0x6a2220,_ZN6icu_587UVector13removeElementEPv,0x154
0x6a2374,_ZNK11Character3D15getBonePositionERK6StringRfS3_S3_S3_,0x120
0x6a2494,_ZNK15LogicJSONNumber13getFloatValueEv,0x1c
0x6a24b0,_ZN11Application13getAppVersionEv,0x90
0x6a2540,_ZN9NameInput11textChangedE6String,0x78
0x6a2578,_ZN23ChronosEventSeenMessageC2Ei,0x38
0x6a25f0,_Ppmd7_Free,0x38
0x6a2628,_ZNSt6__ndk110__function6__funcIZN8TestCase17releaseStageTouchEvE3$_4NS_9allocatorIS3_EEFvvEEclEv,0x94
0x6a26bc,_Z17lzham_debug_breakv,0x4
0x6a26c0,_ZNK27TeamToggleMemberSideMessage14getMessageTypeEv,0x8
0x6a26c8,_ZL25prepareIntroSceneRendererPK11LogicPlayerP9MovieClipRK6Stringb,0x258
0x6a2920,_ZNK18LogicChallengeData12getRewardTIDEv,0x10
0x6a2930,_hb_unicode_funcs_set_decompose_compatibility_func,0x74
0x6a29a4,_ZNSt6__ndk110__function6__funcIZ50Java_com_supercell_titan_GameApp_handleDeeplinkURLE3$_0NS_9allocatorIS2_EEFbvEE7destroyEv,0x4
0x6a29a8,_ZNK13LogicTileData17getBaseWindEffectEv,0x10
0x6a29b8,_ZN18ClientInputMessageC2Ei,0x48
0x6a2a00,_ZN18WaitingPopupRanked22setCancelButtonEnabledEb,0x1c
0x6a2a1c,_ZN20LogicCharacterServer12endRapidFireEv,0x10
0x6a2a2c,_ZNK23LogicSelectEmoteCommand6encodeEP15ChecksumEncoder,0x40
0x6a2a6c,_ZN9TextField11setFontNameEPKc,0x8
0x6a2a74,_ZNSt6__ndk110__function6__funcIZN14LineConnection5loginEvE3$_3NS_9allocatorIS3_EEFvbPKcPKN8linecorp4nova11CredentialsEPKNS9_5ErrorEEED0Ev,0x4
0x6a2a78,_ZN22StarPointsNotification8destructEv,0xc4
0x6a2b3c,_ZN25PepperPerMessageEncrypter7decryptEPKcPci,0x74
0x6a2bb0,_ZN5Stage24collectVisibleTextFieldsEPK6SpriteR14ColorTransform,0x2f4
0x6a2ea4,_ZN27YoozooBillingRequestMessage6encodeEv,0x28
0x6a2ecc,_ZN12KakaoManager12inviteResultEbiRK6String,0x2c0
0x6a318c,_ZNK18LogicGemBundleData17getBillingPackageEv,0x8
0x6a3194,_ZL12uloc_cleanupv,0x3c
0x6a31d0,_ZN14TeamMemberItem13buttonClickedEP12CustomButton,0x75c
0x6a392c,_ZN15OfferBundleItem13buttonPressedEv,0x2c8
0x6a3bf4,_ZN12TestReporter14getJsonResultsEv,0x1f0
0x6a3de4,_ZN9InitState18startContentUpdateERK6String,0x38c
0x6a4170,_ZNK18LogicCharacterData16getFitToBoxScaleEv,0x8
0x6a4178,_ZNK14scMemoryHandle6adviseEmm19scMemoryUsageAdvise,0x14
0x6a418c,_ZN12RenderSystem11getRoadTileEPK13LogicTileDataiiR6StringRi,0xfc
0x6a4288,_ZN5titan7android5media11MediaPlayer7releaseEv,0x7c
0x6a4304,_ZNK9PopupBase15showResourceHUDEv,0x8
0x6a430c,_hb_ot_layout_has_positioning,0x88
0x6a4394,_ZN11FaceTexture12setMovieClipEP9MovieClip,0xbc
0x6a4450,_ZN11Character3D6updateEf,0x1d3c
0x6a618c,_ZN38BrawlPassAutoCollectSeasonNotificationC2Ei,0x50
0x6a61dc,_ZNK11LogicRandom17iterateRandomSeedEi,0x18
0x6a61f4,_ZN11UpgradeItem11setNameIntoEP9TextField,0x8c
0x6a6280,_ZN12SupercellSWFD2Ev,0x3d0
0x6a6650,_ZN14LoginOkMessage9setHomeIdEP9LogicLong,0x8
0x6a6658,_ZN15LogicDataTables12getDrawMusicEv,0xc
0x6a6664,_ZNKSt6__ndk110__function6__funcIZN19SupercellIdCallback31setPendingRegistrationWithEmailEP8_jobjectRK6StringbE3$_9NS_9allocatorIS8_EEFvvEE7__cloneEv,0x50
0x6a66b4,_ZNK6icu_5817ResourceDataValue9getBinaryERiR10UErrorCode,0x64
0x6a6718,_ZN5titan3com9supercell5titan14HelpshiftTitan20getNotificationCountEv,0x5c
0x6a6774,_ZN10HomeScreen20onRankedMatchMessageEP14PiranhaMessage,0x4c
0x6a67c0,_ZN9DebugInfo13buttonClickedEP12CustomButton,0x4
0x6a67c4,_ZN6icu_5810UnicodeSet6freezeEv,0x168
0x6a692c,_ZN5titan3com9supercell5titan7tencent11MSDKManager16queryFriendsInfoEv,0x5c
0x6a6988,_ZNKSt6__ndk110__function6__funcIZN21RankedTeamSelectPopup6updateEfE3$_0NS_9allocatorIS3_EEFP9ExecutionvEE6targetERKSt9type_info,0x1c
0x6a69a4,_ZN14BattleEndPopup12getOutcomeExEP19BattleEndTeamMemberb,0x80
0x6a6a24,_ZNK14LogicSoundData11getPriorityEi,0x18
0x6a6a3c,_ZL15getFallbackDataPK15UResourceBundlePPKcPP18UResourceDataEntryPjP10UErrorCode,0x148
0x6a6b84,_ZN8GlobalID10getClassIDEi,0x1c
0x6a6ba0,_ZN10GameButton10touchMovedERK5Touch,0x14
0x6a6bb4,_ZN10BattleMode9debugDrawEv,0x18
0x6a6bcc,_ZNKSt6__ndk110__function6__funcIZ61Java_com_supercell_titan_GoogleServiceClient_onSignInCanceledP7_JNIEnvP7_jclassE3$_2NS_9allocatorIS6_EEFvvEE7__cloneEv,0x24
0x6a6bf0,_ZN9sc3dWorld15addObjectWith2DEP15sc3dWorldObject,0x108
0x6a6cf8,_ZNK20PlayerMapRenamePopup25showTopHUDRightUnderModalEv,0x8
0x6a6d00,_ZN16SpecialOfferItemD0Ev,0x24
0x6a6d24,_ZN12KakaoManagerD2Ev,0x194
0x6a6eb8,_ZN6icu_5813UnicodeFilter7setDataEPKNS_23TransliterationRuleDataE,0x4
0x6a6ebc,_ZN9EntryInfo6updateEf,0x3ac
0x6a7268,_ZL15setup_syllablesPK18hb_ot_shape_plan_tP9hb_font_tP11hb_buffer_t,0xbac
0x6a7e14,_ZN17UITextFieldGetterC2EP19UIMovieClipProviderRK6String,0x50
0x6a7e64,_ZNK15ChecksumEncoder12isByteStreamEv,0x8
0x6a7e6c,_ZNK20LogicCharacterServer17getCripplePercentEv,0x8
0x6a7e74,_ZNKSt6__ndk110__function6__funcIZN19SupercellIdCallback16windowDidDismissEP8_jobjectE3$_0NS_9allocatorIS5_EEFvvEE6targetERKSt9type_info,0x1c
0x6a7e90,_ZNK22scThreadSafeRingBuffer11waitForDataEm,0xc0
0x6a7f50,_Z19heroItemSort_questsP8HeroItemS0_,0x14
0x6a7f64,_ZN30PurchaseKeyDoublerPopupHandlerC2Ev,0x10
0x6a7f74,_ZN16ProgressBarTweenD0Ev,0x94
0x6a8008,_ZN5titan3com9supercell5titan7GameApp10isEmulatorEv,0x5c
0x6a8064,_ZN14TencentManager25removeSkippedLogOutReasonEv,0x10
0x6a8074,_ZN9InboxItem23parseAndReplaceLinkTagsERK6StringPS0_,0x404
0x6a8478,_ZN18DeliveryCardsPopup22getTotalDropCountInCtgEi,0x244
0x6a86bc,_ZN15GameSCIDManagerD2Ev,0x178
0x6a8834,_ZN12LogicELOMath19calculateNewKFactorEiii,0x10
0x6a8844,_ZN9BitStream26readPositiveIntMax33554431Ev,0x6c
0x6a88b0,_ZN13PlayAnimation11setEndFrameERK6String,0x28
0x6a88d8,_ZN15sc3dWorldSprite7doFlushEv,0x28c
0x6a8b64,_ZN15DownloadManager22removeOnDemandResourceERK6String,0x258
0x6a8dbc,_ZNK12RenderSystem13screenToLogicEffRiS0_,0xd8
0x6a8e94,_ZN28UdpBigMessageFragmentMessage12setMessageIdEc,0x8
0x6a8e9c,_ZNKSt6__ndk110__function6__funcIZN11AndroidMain14inputOkPressedEvE4$_12NS_9allocatorIS3_EEFvvEE6targetERKSt9type_info,0x1c
0x6a8eb8,_ZN13HTTPMessaging10onResponseEN10HTTPClient6StatusEiPKv,0xf4
0x6a8fac,_ZN12BattleScreen4exitEv,0x48
0x6a8ff4,_ZNK22FriendLoggedOutMessage14getMessageTypeEv,0x8
0x6a8ffc,_ZN13YoozooManagerD2Ev,0xdc
0x6a90d8,_ZN11Application20getMainOpenGLContextEv,0xc
0x6a90e4,_nti_iterator_get_line_ascent,0x8
0x6a90ec,_ZN29LogicChangeControlModeCommand7executeEP13LogicHomeModeib,0x84
0x6a9170,_ZNK18LogicChallengeData14getHeaderFrameEv,0x10
0x6a9180,_ZNK15LogicJSONObject13getJSONNumberERK6String,0xd8
0x6a9258,_ZNK19LogicProjectileData9getRedMulEv,0x10
0x6a9268,_ZN22LogicAllianceBadgeDataC2EP6CSVRowP14LogicDataTable,0x2c
0x6a9294,_ZNK9CombatHUD16getTopMaskStartYEv,0x18
0x6a92ac,_ZN12LogicVector36divideEi,0x20
0x6a92cc,_ZNK9TextField10drawCursorER5StagefffRK9Matrix2x3,0x2d0
0x6a959c,_ZN23TeamSetPlayerMapMessageC2Ev,0x40
0x6a95dc,_ZNKSt6__ndk110__function6__funcIZN11scTaskQueue3runIZN11AndroidMain15_gameBackgroundEvE4$_16EENS_13invoke_resultIT_JEE4typeES7_EUlvE_NS_9allocatorISA_EEFvvEE11target_typeEv,0xc
0x6a95e8,_hb_shape_plan_get_shaper,0x8
0x6a95f0,_u_strncmp_58,0x50
0x6a9640,_ZN10HomeScreen17eventDataReceivedEP9EventDataS1_b,0xc
0x6a964c,_ZN13TextureSystem14generateMipmapEi,0x14
0x6a9660,_ZNKSt6__ndk110__function6__funcIZN6Shader4loadEPKcS4_S4_E3$_1NS_9allocatorIS5_EEFvvEE6targetERKSt9type_info,0x1c
0x6a967c,_ZNSt6__ndk110__function6__funcIZN11AndroidMain14inputOkPressedEvE4$_12NS_9allocatorIS3_EEFvvEE7destroyEv,0x4
0x6a9680,_u_isJavaSpaceChar_58,0x80
0x6a9700,_ZN9EntryInfo9getSkinAtEPK13LogicHomeModePK18LogicCharacterDatai,0xe4
0x6a97e4,_ZN8NewsPage4initEv,0x34
0x6a9818,_ZN11BounceTween6updateEf,0xec
0x6a9904,_ZN36SkinPurchaseOptionRewardNotification8destructEv,0x2c
0x6a9930,_hb_ot_layout_lookup_collect_glyphs,0x2bc
0x6a9bec,_ZNSt6__ndk110__function6__funcIZN11scTaskQueue3runIZN11AndroidMain15_gameBackgroundEvE4$_16EENS_13invoke_resultIT_JEE4typeES7_EUlvE_NS_9allocatorISA_EEFvvEE7destroyEv,0x4
0x6a9bf0,_ZN6icu_5811ICU_Utility12appendToRuleERNS_13UnicodeStringEPKNS_14UnicodeMatcherEaS2_,0x134
0x6a9d24,_ZN8GameMain15onMemoryWarningEv,0x4
0x6a9d28,_ZL15data_create_usePK18hb_ot_shape_plan_t,0x168
0x6a9e90,_ZN15ResourceManager13getJSONObjectERK6String,0x7c
0x6a9f0c,_ZN10LZMAReader12readIntArrayEiPi,0xc8
0x6a9fd4,_ZN20LogicBattlePlayerMap28setFriendlySignoffAccountIdsEP14LogicArrayListIP9LogicLongE,0xa0
0x6aa074,_ZN24EsportTournamentsWebView14handleCallbackERK6String,0x2f4
0x6aa368,_ZNK17LogicSkinConfData16getLobbyLoopFaceEv,0x10
0x6aa378,_ZN23ChangeAvatarNameMessageC2Ev,0x38
0x6aa3b0,_ZN11Application25getAppLicensingSignedDataEv,0xc
0x6aa3bc,_Z27crypto_stream_chacha20_kexpPmPKhS1_,0x2c
0x6aa3e8,_sub_6AA3E8,0x10
0x6aa3f8,_sub_6AA3F8,0x24
0x6aa41c,_sub_6AA41C,0x40
0x6aa45c,_sub_6AA45C,0x1c
0x6aa478,_sub_6AA478,0x2c
0x6aa7b8,_ZN21LogicBattleModeServer22getTeamMemberPositionsEi,0x24
0x6aa7dc,_ZNK24LogicBillingPackagesData16getCurrencyInRMBEv,0x8
0x6aa7e4,_ZN5titan3com9supercell5titan7GameApp14hapticFeedbackEi,0x74
0x6aa858,_ZNK9QuestData19isSpecialEventQuestEv,0x8
0x6aa860,_ZN26ChampionshipChallengePopup13getScrollAreaEv,0xc
0x6aa86c,_ZN10BattleMode7keyDownEi,0x8
0x6aa874,_ZN17LogicGameModeUtil16getModeCarryableEi,0xd4
0x6aa948,_ZN9EmoteIcon10setVisibleEb,0x28
0x6aa970,_ZN15ResourceManager12getMovieClipERK6StringPKc,0x34
0x6aa9a4,_ZN16BattleEndMessage29getKeyRewardForCompletedGoalsEi,0x84
0x6aaa28,_ZN6icu_58L12enumAlgNamesEPNS_16AlgorithmicRangeEiiPFaPvi15UCharNameChoicePKciES2_S3_,0x438
0x6aae60,_ZL21arabic_fallback_shapePK18hb_ot_shape_plan_tP9hb_font_tP11hb_buffer_t,0xb88
0x6ab9e8,_ZNK16QuestListHandler9hasQuestsEv,0x14
0x6ab9fc,_ZNK18scFSLayerDirectory10hasVersionEv,0x30
0x6aba2c,_ZNK26AllianceKickOutStreamEntry6encodeEP15ChecksumEncoder,0xac
0x6abad8,_ZN16ByteStreamHelper13writeGlobalIDEP15ChecksumEncoderi,0x74
0x6abb4c,_ZN24HighRateUdpReceiveBuffer14processMessageEP18HighRateUdpMessageR14LogicArrayListIS1_E,0x408
0x6abf54,_ZN20AdjustPackageMessage17removePackageDataEv,0x14
0x6abf68,_ZN8GameMain15dialogDidCancelEi,0x4dc
0x6ac444,_ZN5lzham37raw_quasi_adaptive_huffman_data_modelC2ERKS0_,0x20
0x6ac464,_ZNK14LogicSkillData15getRechargeTimeEv,0x10
0x6ac474,_ZN24DebugHudMessageCollectorC2EP9IDebugHud,0xa0
0x6ac514,_ZN14LogicDailyData9onReceiveEx,0x64
0x6ac578,_ZNKSt6__ndk110__function6__funcIZN19SupercellIdCallback17clearPendingLoginEP8_jobjectE3$_4NS_9allocatorIS5_EEFvvEE6targetERKSt9type_info,0x1c
0x6ac594,_ZN13LogicConfData15getReleaseEntryEPK9LogicData,0x38
0x6ac5cc,_ZNK18LogicCharacterData25getInLeadCelebrationSoundEPK13LogicSkinData,0x44
0x6ac610,_ZN8TimeUtil24getTimeStringWithSecondsEibb,0x10
0x6ac620,_ZNKSt6__ndk110__function6__funcIZN14LineConnection9autologinEvE3$_1NS_9allocatorIS3_EEFvbPKN8linecorp4nova11CredentialsEPKNS7_5ErrorEEE6targetERKSt9type_info,0x1c
0x6ac63c,_ZN6String7combineEPKciS1_ib,0x158
0x6ac794,_ZN17UIMovieClipGetter12getMovieClipEP5UICtx,0x44
0x6ac7d8,_ZN9RankPopup13scrollToBeginEv,0x64
0x6ac83c,_ZNSt6__ndk110__function6__funcIZN10HeroSprite9HeroEntry15updateAnimationEfE3$_0NS_9allocatorIS4_EEFNS_8functionIFvvEEEvEE18destroy_deallocateEv,0x4
0x6ac840,_ZN8HomeMode18addResourcesToLoadEP16ResourceListener,0xcc
0x6ac90c,_ZN14ChallengeEntry8destructEv,0x44
0x6ac950,_ZN6icu_5822UCharCharacterIterator6move32EiNS_17CharacterIterator7EOriginE,0x240
0x6acb90,_ZN8ImageSet3addERK6String,0x9c
0x6acc2c,_ZN22UnlockAccountOkMessageC2Ev,0x34
0x6acc60,_ZN10LZMAReader12readIntArrayEi,0x5c
0x6accbc,_ZN15sc3dWorldCamera10touchMovedERK5Touch,0x8
0x6accc4,_Z20nativeDialogInternalP21INativeDialogListenerRK6StringS3_S3_S3_S3_,0x180
0x6ace44,_ZNK6icu_5816KhmerBreakEngine23divideUpDictionaryRangeEP5UTextiiRNS_6UStackE,0x578
0x6ad3bc,_ZNK12scZstdFilter8compressEPKvm,0xf8
0x6ad4b4,_ZN31AntiAddictionDataUpdatedMessage8destructEv,0x24
0x6ad4d8,_ZN17EventDetailsPopup12touchPressedERK5Touch,0x1c
0x6ad4f4,_ZN39GoogleServiceAccountAlreadyBoundMessage21removeGoogleServiceIdEv,0x10
0x6ad504,_ZN9EntryInfoC2EPK18LogicCharacterDataPK13LogicSkinData,0x1490
0x6ae994,_ZN25AcceptFriendFailedMessage6encodeEv,0x28
0x6ae9bc,_inflateValidate,0x64
0x6aea20,_ZN21ToggleDebugMenuButtonD2Ev,0x10
0x6aea30,_ZN27GetTokenFriendResultMessage8destructEv,0x40
0x6aea70,_ZN12MapEditorHUD17refreshTileCountsEv,0xe4
0x6aeb54,_ZN13FriendsScreen19closeCustomPopoversEv,0x8
0x6aeb5c,_ZN15ResourceManager15setResourcePathERK6String,0x14
0x6aeb70,_ZNK15LogicJSONNumber7getTypeEv,0x8
0x6aeb78,_ZN15GravityParticle6updateEf,0x118
0x6aec90,_ZN13TitanInStream6readI8Ev,0x10
0x6aeca0,_ZN9TextField16setUseDeviceFontEb,0xc
0x6aecac,_ZN11LogicPlayer24increaseTicksInObjectiveEi,0xc
0x6aecb8,_uprv_strnicmp_58,0x88
0x6aed40,_ZNK10NativeFont8isItalicEv,0x8
0x6aed48,_ZNK9CombatHUD17getChatAreaHeightEv,0x38
0x6aed80,_ZN14TitanOutStream8writeI16Es,0x14
0x6aed94,_ZNSt6__ndk110__function6__funcIZN11AndroidMain14destroySurfaceEvE3$_3NS_9allocatorIS3_EEFvvEEclEv,0x48
0x6aeddc,_ZN15LogicPathFinder13heuristicCostEii,0x84
0x6aee60,_ZNK12MovieClipRef7isValidEv,0x24
0x6aee84,_ZN15OfferBundleItem17getChronosEventIdEv,0xc
0x6aee90,_ZNSt6__ndk110__function6__funcIZN8TestCase17getVisibleButtonsEvE3$_3NS_9allocatorIS3_EEFP6SpritevEEclEv,0x10
0x6aeea0,_Java_com_supercell_titan_GameApp_setTencentWaiting,0x24
0x6aeec4,_ZN5titan3com9supercell5titan5Kakao5startEv,0x5c
0x6aef20,_ZNSt6__ndk110__function6__funcIZN19SupercellIdCallback19setTutorialCompleteEP8_jobjectE4$_11NS_9allocatorIS5_EEFvvEE7destroyEv,0x4
0x6aef24,_ZN23LogicSelectEmoteCommandC2EPK14LogicEmoteDatai,0x44
0x6aef68,_ZN8Material14getEmissionTexEv,0x38
0x6aefa0,_ZN7Offline15getSelectedHeroEv,0x8
0x6aefa8,_ZN10PlayerInfoD0Ev,0x24
0x6aefcc,_ZN8Databind4Util16getFieldTypeNameE17DatabindFieldType,0x28
0x6aeff4,_hb_font_get_glyph_extents_for_origin,0x94
0x6af088,_uprv_deleteUObject_58,0x14
0x6af09c,_ZNSt6__ndk110__function6__funcIZN8TestCase9moveTouchER5TouchS3_S3_fE3$_8NS_9allocatorIS5_EEFvvEE18destroy_deallocateEv,0x4
0x6af0a0,_ZN13LogicSkinData21setHeroScreenLoopAnimERK6String,0x8
0x6af0a8,_ZNK14LogicPlayerMap8getWidthEv,0x24
0x6af0cc,_ZN31PreviewBrawlerOrSkinRewardPopupC2EPK18LogicCharacterDataPK13LogicSkinDatai6String,0x808
0x6af8d4,_ZN10SCTuneImpl10popMessageEv,0x78
0x6af94c,_ZN12LogicBitList4initEi,0xb0
0x6af9fc,_ZN9BitStream25writePositiveIntMax262143Ei,0x8
0x6afa04,_hb_unicode_mirroring,0xc
0x6afa10,_ZN11AndroidMain11onLostFocusEv,0x4
0x6afa14,_ZN14LoginOkMessage7setTierEi,0x8
0x6afa1c,_ZNK22AllianceChatController11getNewCountEv,0x3c
0x6afa58,_ZN16GameStateManager24setUnbotifyBattleContextEP21LogicBattleModeClient,0x260
0x6afcb8,_ZNK9MovieClip14getChildByNameERK6String,0xa0
0x6afd58,_ZNKSt6__ndk110__function6__funcIZN19EnvironmentRenderer6renderER9Matrix2x3R14ColorTransformifE3$_5NS_9allocatorIS7_EEFvvEE7__cloneEPNS0_6__baseISA_EE,0x20
0x6afd78,_ZN39GoogleServiceAccountAlreadyBoundMessage15removePassTokenEv,0x10
0x6afd88,_ZN5lzham12lzcompressor13extreme_parseERNS0_18parse_thread_stateE,0xa08
0x6b0790,_ZN13IntValueEntry6encodeEP10ByteStream,0x44
0x6b07d4,_ZN7GLImage16getBytesPerPixelEii,0x68
0x6b083c,_ZNK10HomeScreen8openShopEv,0xe0
0x6b091c,_ZN16YoozooLoginStateD0Ev,0xa4
0x6b09c0,_ZNK17LogicSkinConfData11getWalkAnimEv,0x10
0x6b09d0,_hb_buffer_set_length,0xcc
0x6b0a9c,_ZN11BasePageGUI12touchPressedERK5Touch,0x18
0x6b0ab4,_ZN10HomeScreen6onDropEP14LogicArrayListIP12DeliveryUnitEbi,0xfc
0x6b0bb0,_ZN31RequestLatencyTestStatusMessage6decodeEv,0x2c
0x6b0bdc,_ZN19DebugPerformanceHud10getEnabledEv,0xc
0x6b0be8,_ZN19VisionUpdateMessage18getServiceNodeTypeEv,0x8
0x6b0bf0,_ZN16LogicSkillClient8destructEv,0xc
0x6b0bfc,_ZN6icu_5810UnicodeSet18applyPropertyAliasERKNS_13UnicodeStringES3_R10UErrorCode,0x5a0
0x6b119c,_ZN19SelectLocationPopupC2EPK17LogicLocationDataP9EventDataPK20LogicBattlePlayerMapibb6StringS8_i,0x6e8
0x6b1884,_ZNK18LogicGemBundleData16existsOnPlatformEv,0xac
0x6b1930,_ZN13DebugMenuBase7keyDownEi,0x7c
0x6b19ac,_ZN34LogicPurchaseChallengeLivesCommand8destructEv,0x4
0x6b19b0,_ZNK20LogicBattlePlayerMap20getGameModeVariationEv,0x8
0x6b19b8,_ZNK26LogicDeviceLinkDoneMessage14getMessageTypeEv,0x8
0x6b19c0,_utrace_format_58,0x90
0x6b1a50,_ZN12jpeg_decoder20transform_mcu_expandEi,0x13a8
0x6b2df8,_ZN18AllianceMemberItem13buttonPressedEv,0x28
0x6b2e20,_ZNK12LogicTileMap33isPlayerLineOfSightClearFromWaterEiiii,0x30
0x6b2e50,_ZNK13LogicConfData28isSkinGroupActiveForCampaignEPK21LogicSkinCampaignData,0x90
0x6b2ee0,_ZN15OutlineRenderer6renderER9Matrix2x3R14ColorTransformif,0x140
0x6b3020,_ZN26ListBrawlTvChannelsMessage6decodeEv,0x40
0x6b3060,_ures_getSize_58,0xc
0x6b306c,_ZN20LogicRawOutReflector22reflectNextReflectableEP16LogicReflectablei,0xd0
0x6b313c,_ubrk_following_58,0xc
0x6b3148,_ZNKSt6__ndk110__function6__funcIZN21RankedTeamSelectPopup6updateEfE3$_1NS_9allocatorIS3_EEFP9ExecutionvEE7__cloneEv,0x38
0x6b3180,_ZN18sc3dPanPinchCamera19setPanningThresholdEf,0xc
0x6b318c,_ZN7Shape3d4setZEf,0x14
0x6b31a0,_ZN7GLImage14updateSubImageEPKciiiiii,0x3e0
0x6b3580,_ZNK6icu_5817ResourceDataValue14getStringArrayEPNS_13UnicodeStringEiR10UErrorCode,0x88
0x6b3608,_ZN13StencilSprite15collisionRenderER9Matrix2x3,0x94
0x6b369c,_ZNK13LogicFaceData13getExportNameEv,0x10
0x6b36ac,_ZN6EffectD0Ev,0x24
0x6b36d0,_ZNK12TencentLogin12getChannelIdEv,0x58
0x6b3728,_ZN16PlayAgainMessage6encodeEv,0x28
0x6b3750,_ZN31LogicRankedSeasonChangedCommand8destructEv,0x48
0x6b3798,_ZN27BattleEndRankedRankUpScreen12removeEffectEv,0x38
0x6b37d0,_ZNK13LogicJSONNode12asJSONObjectEb,0x8c
0x6b385c,_ZN34AskForPlayingTencentFriendsMessageC2Ev,0x34
0x6b3890,_ZNK28UdpBigMessageFragmentMessage19getFragmentBytesLenEv,0x8
0x6b3898,_ZN24SkinCampaignGroupHandlerD0Ev,0x24
0x6b38bc,_hb_font_funcs_set_glyph_from_name_func,0x8c
0x6b3948,_ZN17GameCenterManager4initERK6String,0x90
0x6b39d8,_ZN41CafeBazaarBillingProcessedByServerMessage9setProdIdERK6String,0x8
0x6b39e0,_ZN5Stage5end3DEv,0xfc
0x6b3adc,_ZN11GemPackItemC2EPK24LogicBillingPackagesDataP4Shopb,0x348
0x6b3e24,_ZN9BitStream25readPositiveIntMax4194303Ev,0x6c
0x6b3e90,_ZN14UdpLaserSocket4sendEPci,0x13c
0x6b3fcc,_ZNK21LogicBattleModeClient19getOriginalTileDataEi,0x1c
0x6b3fe8,_ZN13LogicBossData12resetStaticsEPK8CSVTable,0x2e4
0x6b42cc,_ZNK9HTTPQueue11failedCountEv,0xc
0x6b42d8,_ZN23LogicReflectableFactory19destroyBaseInstanceEv,0x48
0x6b4320,_egc_iter_get_codepoint,0x8
0x6b4328,_ZNK13HeroInfoPopup18shouldShowResourceEi,0x1c
0x6b4344,_ZN7SCWFile7getMeshEPP8GeometryiPK8MaterialS5_PK9xMatrix44,0x2198
0x6b64dc,_ZN17ShopSkinTeaseItem20afterSizeCalculationEv,0x48
0x6b6524,_ZN15MovieClipHelper14replaceEffectsEP6Spriteb,0x31c
0x6b6840,_ZN14AllianceStream22sendOfflineChatMessageERK6String,0x4
0x6b6844,_ZNSt6__ndk110__function6__funcIZN11scTaskQueue3runIZN7GLImage14updateSubImageEPKciiiiiiE4$_10EENS_13invoke_resultIT_JEE4typeES9_EUlvE_NS_9allocatorISC_EEFvvEED0Ev,0x4
0x6b6848,_ZN18LogicNameColorData8destructEv,0x24
0x6b686c,_ZN5titan7android7content2pm9Signature11toByteArrayEv,0x7c
0x6b68e8,_ZNK9sc3dWorld10get3DLayerEv,0x8
0x6b68f0,_ZN6icu_586UStack3popEv,0x54
0x6b6944,_ZN6icu_5815RBBISymbolTable8addEntryERKNS_13UnicodeStringEPNS_8RBBINodeER10UErrorCode,0xc8
0x6b6a0c,_ZNK6String6charAtEi,0xd0
0x6b6adc,_ZN19BrawlPassSeasonData26addFreeRewardsClaimedLevelEi,0x50
0x6b6b2c,_ZNK19LogicProjectileData19getLifeStealPercentEv,0x8
0x6b6b34,_ZN24LatencyTestResultMessageC2Ei,0x44
0x6b6b78,_ZN9NamePopup11showWarningERK6String,0x40
0x6b6bb8,_ZN11LogicQuests14updateProgressEii,0x48
0x6b6c00,_ZN5titan3com9supercell5titan7GameApp16getWindowManagerEv,0x7c
0x6b6c7c,_ZN8CSVTable6addRowEP6CSVRow,0x13c
0x6b6db8,_ZN4Path10updatePathEv,0x10
0x6b6dc8,_ZN11SCIDManager11closeWindowEb,0x94
0x6b6e5c,_ZN22SCIDBindAccountMessage8destructEv,0x60
0x6b6ebc,_ZN26LookingForATeamMemberPopup6cancelEv,0x54
0x6b6f10,_ZNKSt6__ndk110__function6__funcIZN11scTaskQueue3runIZN7GLImage6createEPKhi9ImageWrap11ImageFilterE3$_4EENS_13invoke_resultIT_JEE4typeESB_EUlvE_NS_9allocatorISE_EEFvvEE7__cloneEv,0x38
0x6b6f48,_ZN11QuestsPopup19refreshHiliteStatesEv,0xe8
0x6b7030,_Z21decompressBlockAlphaCPhS_iiiii,0x344
0x6b7374,_ZN8TestCase11isTimerDoneEv,0x10
0x6b7384,_ZN16YoozooLoginState29openChinaLoginExtraTermsPopupEv,0x10c
0x6b7490,_lv1_frida_killer__ZL23create_detection_threadv,0x90
0x6b7520,_ZNKSt6__ndk110__function6__funcIZN11scTaskQueue3runIZN11AndroidMain15_gameBackgroundEvE4$_16EENS_13invoke_resultIT_JEE4typeES7_EUlvE_NS_9allocatorISA_EEFvvEE6targetERKSt9type_info,0x1c
0x6b753c,_ZN14MessageManager19unbotifySendReportsEPci,0x6c
0x6b75a8,_ZNK22LogicLocationThemeData19getFragileAngleStepEi,0x18
0x6b75c0,_ZN17ChatOptionsSlider22setOptionItemPositionsEf,0x1b4
0x6b7774,_ZN10HeroSprite12addAnimationEiiP18LogicAnimationDataPK13LogicFaceDataPK15LogicEffectData,0x1c
0x6b7790,_ZN11RenderQueueC2Ev,0x74
0x6b7804,_ZN17HighscoreHeroList11createItemsEv,0x10c
0x6b7910,_ZN11ClientInput6encodeEP9BitStream,0x114
0x6b7a24,_ZNK18LogicAccessoryData18usableDuringChargeEv,0x10
0x6b7a34,_ZNK10TeamStream8isTypingEv,0x20
0x6b7a54,_ZNSt6__ndk110__function6__funcIZN8GameMain14loadAssetAsyncERK6StringbE3$_0NS_9allocatorIS6_EEFvvEEclEv,0x144
0x6b7b98,_ZN19SelectLocationPopup19closeCustomPopoversEv,0x8
0x6b7ba0,_ZN16LogicRankedMatch8destructEv,0xc4
0x6b7c64,_ZN17TencentLoginState24hasSeenGuestLoginWarningEv,0x2c
0x6b7c90,_ZN6icu_5822RuleBasedBreakIterator10handleNextEPKNS_14RBBIStateTableE,0x554
0x6b81e4,_ZN22SCIDBindAccountMessage18getServiceNodeTypeEv,0x8
0x6b81ec,_Java_com_supercell_titan_SupercellId_loadAccount,0xa4
0x6b8290,_ZN16RotateHeroButton13buttonPressedEv,0x30
0x6b82c0,_ZN8Renderer14finishedRenderERK12VertexBuffer,0x50
0x6b8310,_ZNK9Messaging15isAuthenticatedEv,0x14
0x6b8324,_ZN29AllianceMailAvatarStreamEntry10setMessageEP6String,0x8
0x6b832c,_ucase_isCaseSensitive_58,0x90
0x6b83bc,_ZNK27LogicDeviceLinkErrorMessage12getErrorCodeEv,0x8
0x6b83c4,_ZN20AllianceCountryPopupC2EPK15LogicRegionData,0x158
0x6b851c,_ZN15TeamMemberEntry14setDisplayDataEP17PlayerDisplayData,0x54
0x6b8570,_SzAllocTemp,0x14
0x6b8584,_ZN17LogicGameModeUtil14getBattleTicksEi,0xa4
0x6b8628,_ZN11AndroidMain18onSurfaceDestroyedEv,0x1a0
0x6b87c8,_ZN20LogicCharacterServer31setMinionDamageAndHealthBonusesEii,0x20
0x6b87e8,_ZN20LogicJSONInReflector16reflectLongArrayER18LogicLongArrayListPKc,0x2f4
0x6b8adc,_ZThn224_N16NameChangeScreen17handleNameCheckOkEv,0x58
0x6b8b34,_ZN11QuestsPopupD2Ev,0x90
0x6b8bc4,_hb_unicode_script,0xc
0x6b8bd0,_ZN22FriendLoggedOutMessage8destructEv,0x4
0x6b8bd4,_ZNK14LogicJSONArray4sizeEv,0x8
0x6b8bdc,_ZN10BattleMode19createOfflineServerEP17LogicHeroUpgradesP17LogicBattleEmotesPK17LogicIntArrayListii,0x318
0x6b8ef4,_ZN17AnimationInstanceC2EibRK6StringS2_iiii,0x140
0x6b9034,_add_char_to_run,0x1b8
0x6b91ec,_ZNSt6__ndk110__function6__funcIZN29scMultithreadedLoadingManager6submitEP14scResourceDataRK18scResourceLoadInfoE3$_0NS_9allocatorIS8_EEFvvEED2Ev,0x20
0x6b920c,_ZN22LogicMilestoneProgress6encodeEP15ChecksumEncoder,0x58
0x6b9264,_ZN24SetRegionResponseMessage8destructEv,0x24
0x6b9288,_ZN29UdpLatencyTestResponseMessageC2Ev,0x38
0x6b92c0,_u_strcmpCodePointOrder_58,0x108
0x6b93c8,_ZNK14LogicSoundData22getMovieClipFrameLabelEv,0x10
0x6b93d8,_ZN23AllianceResponseMessage6decodeEv,0x3c
0x6b9414,_ZNK20LogicCharacterClient19hasSlowDebuffClientEv,0x8
0x6b941c,_ZN27LogicSelectCharacterCommand6decodeEP10ByteStream,0x30
0x6b944c,_ZN15sc3dWorldObject14setInteractiveEb,0x24
0x6b9470,_ZNK20LogicCharacterServer18getBuffVisualStyleEi,0x8
0x6b9478,_ZN6Sprite15collisionRenderER9Matrix2x3,0x21c
0x6b9694,_ZNK17TopResourceButton16getAnalyticsNameEv,0xc
0x6b96a0,_ZNK9EventData20getLocationThemeDataEv,0x2c
0x6b96cc,_ZN15LogicClientHome20setFriendlyStarPowerEPK13LogicCardData,0x248
0x6b9914,_ubidi_getDirection_58,0x30
0x6b9944,_ZN11AndroidMain8onResumeEv,0xc
0x6b9950,_utrace_setFunctions_58,0x24
0x6b9974,_ZNK19AllianceMemberEntry14getCreatedTimeEv,0x8
0x6b997c,_ZN6icu_5816KhmerBreakEngineD2Ev,0x7c
0x6b99f8,_ZN13UICurrentRootD2Ev,0x4
0x6b99fc,_ZNK16LogicStringTable11getCSVTableEv,0x8
0x6b9a04,_ZN15ResourceManager20getMovieClipFromPoolEPKcS1_,0x3c
0x6b9a40,_ZN17GameObjectManager10playEffectEiiiPK15LogicEffectDataPK14GameObjectBaseibbb,0xd8
0x6b9b18,_ZNK11SkinPreview19getSearchInputFieldEv,0x8
0x6b9b20,_ZN15UILoadMovieClip12getMovieClipEP5UICtx,0x24
0x6b9b44,_ZNK18LogicAccessoryData15getAimGuideTypeEv,0x10
0x6b9b54,_ZN9InfoPopupC2ERK6Stringi,0x2cc
0x6b9e20,_ZN10BattleMode5enterEv,0xec
0x6b9f0c,_uhash_setValueComparator_58,0x10
0x6b9f1c,_ZN11LogicPlayer15setTeamingScoreEi,0x18
0x6b9f34,_ZN14MessageManager22findSeasonRewardsEntryEi,0x38
0x6b9f6c,_ZN13LogicSkinData14setProfileFaceERK6String,0x8
0x6b9f74,_ZN15FacebookManager15facebookFriendsEiP12FacebookUser,0x288
0x6ba1fc,_ZN23RankedRewardsTrackPopupC2Ev,0x358
0x6ba554,_ZNK13CcTeaserPopup12getPopupTypeEv,0x8
0x6ba55c,_uprv_writeSwapUInt16,0x10
0x6ba56c,_ZN14LineConnectionD2Ev,0xc
0x6ba578,_ZN21LogicProjectileClient14getTravelTicksEPK19LogicProjectileDataii,0x54
0x6ba5cc,_hb_segment_properties_hash,0x14
0x6ba5e0,_ZNK12NSCIDManager12getAssetsUrlEv,0x5c
0x6ba63c,_ZN8Renderer9printInfoEv,0x98
0x6ba6d4,_ZN15LogicStringUtil13isValidIntStrERK6String,0xc
0x6ba6e0,_ZN22TeamMemberStatusButton14touchCancelledEi,0x4
0x6ba6e4,_ZN9EntryInfoD0Ev,0x24
0x6ba708,_ZN15LogicDataTables14getMusicByNameERK6StringPK9LogicData,0x20
0x6ba728,_ZN29LogicToggleInGameHintsCommand10canExecuteEPK13LogicHomeMode,0x40
0x6ba768,_ZN20SelectableButtonListC2Ev,0x1c
0x6ba784,_Z42_hb_fallback_shaper_shape_plan_data_createP15hb_shape_plan_tPK12hb_feature_tj,0x8
0x6ba78c,_ZN25DeviceLinkEnterCodeScreen8sendCodeEv,0xa8
0x6ba834,_ZNK26RankedTeamSelectionManager12getOwnPlayerEv,0x44
0x6ba878,_ZN5Stage33printDebugInfoAboutLastBucketDrawEv,0x4
0x6ba87c,_ZN4Shop26canBuyBillingPackageBundleEPK16LogicOfferBundle,0x84
0x6ba900,_ZN21RankedCoinFlipOverlayC2EPK16LogicRankedMatch,0x710
0x6bb010,_ZN11RadioButton12createButtonEP9MovieClipRK6StringP15IButtonListener,0x18c
0x6bb19c,_ZN8Databind24NlohmannJsonOutReflector7addBoolEb,0xb8
0x6bb254,_ZN8AnimatorD0Ev,0xb8
0x6bb30c,_ZN21LogicBattleModeServer18calculateXpBonusesEv,0x4b4
0x6bb7c0,_ZN15sc3dWorldSprite6renderER9Matrix2x3R14ColorTransformif,0x220
0x6bb9e0,_ZN27ReportAllianceStreamMessage6encodeEv,0x38
0x6bba18,_ZN8HomePage19rankUpRewardClaimedEP13LogicGemOffer,0x14
0x6bba2c,_ZN19CachedFontFormatter13getTextHeightEv,0x8
0x6bba34,_ZN16ServerConnection6updateEf,0xba4
0x6bc5d8,_ZN13LogicConfData13encodeIntListEP15ChecksumEncoderP14LogicArrayListIiE,0x70
0x6bc648,_ZN5titan3com9supercell5titan22VirtualKeyboardHandler16setMaxTextLengthEii,0x84
0x6bc6cc,_ZN11DragHandler20setPinchingThresholdEf,0xc
0x6bc6d8,_ZN20LogicItemSeenCommandC2EPK13LogicCardData,0x34
0x6bc70c,_ZN10SCIDConfig6setIntERK6Stringi,0x7c
0x6bc788,_ZN29TeamRequestJoinApproveMessage18getServiceNodeTypeEv,0x8
0x6bc790,_ZNKSt6__ndk110__function6__funcIZN19EnvironmentRenderer6renderER9Matrix2x3R14ColorTransformifE3$_3NS_9allocatorIS7_EEFvvEE11target_typeEv,0xc
0x6bc79c,_ZN14LoginOkMessageC2Ei,0x84
0x6bc820,_ZN6Sprite16cancelAllTouchesEv,0x70
0x6bc890,_ZNK14LogicSoundData27getPlayVariationsInSequenceEv,0x10
0x6bc8a0,_ZN10SCIDWindow13touchReleasedERK5Touch,0x18
0x6bc8b8,_ZN14LoginOkMessage22setSupercellIdEligibleEb,0xc
0x6bc8c4,_ZN12NSCIDManager31setPendingRegistrationWithEmailERK6Stringb,0x60
0x6bc924,_ZN7WarNodeD2Ev,0x50
0x6bc974,_ZN19AllianceDataMessage20setAllianceFullEntryEP17AllianceFullEntry,0x8
0x6bc97c,_ZN14BillingManager22lookupProductsIfNeededEv,0x64
0x6bc9e0,_ZN27PersonalBreakStartedMessage8destructEv,0x24
0x6bca04,_ZNK15DownloadManager13getContentUrlEv,0x28
0x6bca2c,_ZNK10NativeFont13getFamilyNameEv,0x18
0x6bca44,_ZN18DebugCommandButtonC2Eii,0x4c
0x6bca90,_ZNK5lzham12lzcompressor5state12get_lit_costERNS_7CLZBaseERKNS_18search_acceleratorEjjj,0x60
0x6bcaf0,_ZN16OnlineFriendItem13buttonPressedEv,0x40
0x6bcb30,_ZN5lzham25adaptive_arith_data_model5resetEv,0x5c
0x6bcb8c,_ZN14BlingTextField19addInterpolateColorEj,0xc8
0x6bcc54,_ZNK18sc3dPanPinchCamera11isTouchUsedEi,0x94
0x6bcce8,_ZN17TencentLoginState13buttonClickedEP12CustomButton,0x4c0
0x6bd1a8,_ZN18AddableFriendEntry13setFacebookIdEP6String,0x8
0x6bd1b0,_ZNSt6__ndk110__function6__funcIZN11AndroidMain22inputKeyboardDismissedEvE4$_13NS_9allocatorIS3_EEFvvEEclEv,0x44
0x6bd1f4,_ZN14ChatStreamBase15findOwnerStreamEP10StreamItem,0x64
0x6bd258,_ZN16QuestListHandler17getQuestSortOrderEP13QuestListItem,0x64
0x6bd2bc,_ZN29HomeBattleReplayViewedMessage18getServiceNodeTypeEv,0x8
0x6bd2c4,_ZN15sc3dWorldObject15updateAnimationEf,0x98
0x6bd35c,_ZNK16LogicSkillClient12getMaxChargeEPK11LogicPlayer,0x40
0x6bd39c,_ZN21LogicBattleModeServer42getGameModeForOfflinePractiseFromVariationEi,0x4c
0x6bd3e8,_ZN17GameCenterManager14refreshFriendsEv,0x7c
0x6bd464,_ZNK23BattleReportStreamEntry13isRevengeUsedEv,0x8
0x6bd46c,_ZN12_GLOBAL__N_15array11typeReflectI12LogicVector3EEvRN8Databind9ReflectorERT_P16ResourceListener,0x10c
0x6bd578,_u_memmove_58,0x34
0x6bd5ac,_ZNK18LogicAccessoryData11getCooldownEv,0x10
0x6bd5bc,_ZN11AndroidMain21inputSelectionChangedEii,0x1a4
0x6bd760,_ZN12LogicVector224getDistanceSquaredHelperEiiii,0x54
0x6bd7b4,_ZN13AntiAddiction12handleStatusEiiiii,0xe0
0x6bd894,_ZN27AskForAllianceStreamMessageC2Ev,0x30
0x6bd8c4,_ZN5titan3com9supercell5titan7tencent11MSDKManager24shareMessageToGameFriendEiRK6StringS7_S7_S7_S7_RKNSt6__ndk16vectorISt4byteNS8_9allocatorISA_EEEEiS7_S7_S7_,0x1d4
0x6bda98,_ZL12isAcceptablePvPKcS1_PK9UDataInfo,0x80
0x6bdb18,_ZN11BasePageGUID2Ev,0x44
0x6bdb5c,_ZNK34PurchaseOfferHighlightPopupHandler26sendAnalyticEventForActionERK6String,0x11c
0x6bdc78,_ZN6icu_5822UCharCharacterIterator8setIndexEi,0x58
0x6bdcd0,_ZN6icu_5813UnicodeStringC2ERKS0_ii,0x74
0x6bdd44,_hb_font_get_v_extents,0x20
0x6bdd64,_ZNK26LogicLocalNotificationData17getCheckRangeMinsEv,0x10
0x6bdfb0,_ZN11LogicPlayer6encodeEP15ChecksumEncoder,0x100
0x6be0b0,_ZN14TencentManager21handleLaunchParameterERK6String,0x300
0x6be3b0,_ubidi_isBidiControl_58,0x90
0x6be440,_ZNK17LogicSkinConfData17getHeroScreenAnimEv,0x10
0x6be450,_ZN24SetRegionResponseMessage6encodeEv,0x38
0x6be488,_ZNK12LoginMessage11getAppStoreEv,0x8
0x6be490,_ZN19LogicResourceBundle11setAmountAtEii,0xc
0x6be49c,_ZNKSt6__ndk110__function6__funcIZN11Character3D6updateEfE3$_0NS_9allocatorIS3_EEFvvEE11target_typeEv,0xc
0x6be4a8,_ZNK12LocationInfo18canEditAsPlayerMapEv,0x30
0x6be4d8,_ZN9DecayItem6updateEf,0x54
0x6be52c,_ZNK16ChatOptionsPopup15isFadeInEnabledEv,0x8
0x6be534,_zError,0x18
0x6be54c,_ZNK3GUI25getTotalStartedDataGainedEN10DataGained4TypeENS0_6TargetE,0xe0
0x6be62c,_ZNK6String8endsWithERKS_,0x58
0x6be684,_ZN18ResourceDataLoaderD0Ev,0x4
0x6be688,_ZN20PlayerMapDeletePopupC2ERK9LogicLongRK6String,0x28c
0x6be914,_ZN6icu_5815RBBISymbolTableD2Ev,0x40
0x6be954,_ZN37LogicGemNameChangeStateChangedCommand8destructEv,0x24
0x6be978,_ZN15LogicClientHome4tickEv,0x58
0x6be9d0,_ZN33RankedMatchHeroDataUpdatedMessage6decodeEv,0x64
0x6bea34,_ZN21LogicProjectileServer8petFoundEP20LogicCharacterServer,0x1a8
0x6bebdc,_ZN23SignoffPlayerMapMessage6decodeEv,0x38
0x6bec14,_ZN32NativeFacebookConnectionCallback8userInfoERK6String,0x310
0x6bef24,_ZN16LogicSkillServerC2EPK14LogicSkillData,0x4c
0x6bef70,_ZNK13LogicHomeMode14isHeroMaxLevelEPK18LogicCharacterData,0x34
0x6befa4,_ZN23LogicGameObjectListenerC2Ev,0x10
0x6befb4,_ZNKSt6__ndk110__function6__funcIZN8TestCase9moveTouchER5TouchS3_S3_fE3$_7NS_9allocatorIS5_EEFvvEE7__cloneEv,0x60
0x6bf014,_ZN12LogicVector23setEii,0x8
0x6bf01c,_ZNK21LogicBattleModeServer11isPlayerAFKEi,0x50
0x6bf06c,_ZN14TencentManagerD2Ev,0x338
0x6bf3a4,_ZN8HomePage20refreshSelectedEventEv,0x159c
0x6c0940,_ZN10GLImageRef11deserializeEPKv,0xc
0x6c094c,_ZN13GoogleService11getPlayerIdEv,0x20
0x6c096c,_ZN9UdpSocket4sendEP9UdpPacket,0x244
0x6c0bb0,_ZN13TitanInStream8readBoolEv,0x10
0x6c0bc0,_ZN20SetEncryptionMessage6decodeEv,0x48
0x6c0c08,_ZN19ResetAccountMessage16getAccountPresetEv,0x8
0x6c0c10,_ZNK28LogicSeasonalSkinSectionData23getLastChanceSectionTIDEv,0x10
0x6c0c20,_ZN9UdpSocket4initERK6StringiPKc,0x27c
0x6c0e9c,_utext_close_58,0x98
0x6c0f34,_ZN11GameWebViewC2EP9TextField,0x1b4
0x6c10e8,_ZN15OfferBundleItem4initEP16LogicOfferBundleP9MovieClipRK6Stringb,0xa28
0x6c1b10,_ZN17UITextFieldGetter12getTextFieldEP5UICtx,0xbc
0x6c1bcc,_ZNK15LogicLocaleData16getLocalizedNameEv,0x8
0x6c1bd4,_ures_getLocaleByType_58,0x50
0x6c1c24,_ZN20BattleEndPreviewMenuD2Ev,0x1c
0x6c1c40,_ZN19TeamSpectateMessageC2Eiii,0x4c
0x6c1c8c,_ZNK34PurchaseOfferHighlightPopupHandler23isOpenedFromShopContextEv,0x10
0x6c1c9c,_ZN20AdjustPackageMessageC2Ei,0x30
0x6c1ccc,_ZNK19DebugPerformanceHud17isOverdrawEnabledEv,0x8
0x6c1cd4,_ZNK18LogicGemBundleData15getGiftGemCountEv,0x8
0x6c1cdc,_ZN27LogicSelectGroupSkinCommand10canExecuteEPK13LogicHomeModePK13LogicSkinData,0x34
0x6c1d10,_ZN12LogicTileMap30findClosestPassableAndFreeTileEiiiiiP12LogicVector2P14LogicArrayListIiE,0x380
0x6c2090,_ZN15AllianceManager20getIndexOfBestFriendEP14LogicArrayListIP6FriendE,0x5c
0x6c20ec,_utext_previous32_58,0xd4
0x6c21c0,_ZN17LogicSkinConfData14setLobbyEffectERK6String,0x14
0x6c21d4,_ZN11UpgradeItemD0Ev,0x4
0x6c21d8,_ZN16SelectableButtonD0Ev,0x38
0x6c2210,_ZN21UILocalizedTextSetterD2Ev,0x100
0x6c2310,_ZN20NativeSCIDConnection17openPublicProfileERK6String,0x8
0x6c2318,_ZN14LoginOkMessage15removeSessionIdEv,0x10
0x6c2328,_ZN8RankItem12refreshStateEv,0x2a8
0x6c25d0,_ZN4asio6detail22executor_function_view8completeINS0_7binder2INS0_8write_opINS_19basic_stream_socketINS_2ip3tcpENS_15any_io_executorEEENS_17mutable_buffers_1EPKNS_14mutable_bufferENS0_14transfer_all_tEZN9Messaging15encryptAndWriteEP14PiranhaMessageE3$_5EENSt6__ndk110error_codeEmEEEEvPv,0x10
0x6c25e0,_ZN16RankedPlayerItem13setPlayerDataEPK22LogicRankedMatchPlayer,0x10b0
0x6c3690,_ZN23AllianceResponseMessage8destructEv,0x24
0x6c36b4,_ZNK24LogicParticleEmitterData23getParticleMaxVelocityZEv,0x10
0x6c36c4,_ZNKSt6__ndk110__function6__funcIZ59Java_com_supercell_titan_GoogleServiceClient_onSignInFailedP7_JNIEnvP7_jclassE3$_3NS_9allocatorIS6_EEFvvEE11target_typeEv,0xc
0x6c36d0,_ZL12noopGetIndexP13UCharIterator19UCharIteratorOrigin,0x8
0x6c36d8,_ZN10scPackFileD0Ev,0x24
0x6c36fc,_ZN8Databind23NlohmannJsonInReflector12getNextFloatEv,0xe4
0x6c37e0,_ZN9GameUtils18createColoredPlaneEffffffb,0x104
0x6c38e4,_ZN3GUI20closeAllPopupsExceptEP14LogicArrayListIiE,0xc8
0x6c39ac,_ZNSt6__ndk110__function6__funcIZN19SupercellIdCallback14friendsChangedEP8_jobjectP13_jobjectArrayE4$_14NS_9allocatorIS7_EEFvvEE18destroy_deallocateEv,0x4
0x6c39b0,_ZNSt6__ndk110__function6__funcIZN32NativeFacebookConnectionCallback8userInfoERK6StringE3$_3NS_9allocatorIS6_EEFvvEEclEv,0x24
0x6c39d4,_ZN10LZMAReader9readShortEv,0x80
0x6c3a54,_ZN29CoinDoublerRewardNotification6encodeEP15ChecksumEncoder,0x48
0x6c3a9c,_ZN11TeamMessageC2EP9TeamEntry,0x38
0x6c3ad4,_ZN14AllianceStream14createInstanceEv,0x88
0x6c3b5c,_ZNK37JoinAllianceResponseAvatarStreamEntry13getAllianceIdEv,0x8
0x6c3b64,_ZN5titan3com9supercell5titan7GameApp21getCurrentDisplayModeEv,0x70
0x6c3bd4,_ZN5lzham23lzham_lib_z_deflateInitEP14lzham_z_streami,0xfc
0x6c3cd0,_ZNK15LogicLocaleData29getDeviceMigrationSelfHelpUrlEv,0x10
0x6c3ce0,_ZN20SetEncryptionMessage8setNonceEPci,0xc
0x6c3cec,_ZN17BrawlBoxInfoPopupD0Ev,0x70
0x6c3d5c,_ZN29LogicChangeControlModeCommand6decodeEP10ByteStream,0x38
0x6c3d94,_ZN18PurchaseOfferPopup6updateEf,0x150
0x6c3ee4,_ZN15AllianceManager26compileListOfOnlineFriendsEP14LogicArrayListIP6FriendE,0x2e4
0x6c41c8,_ZN9xMatrix44C2Effffffffffffffff,0x44
0x6c420c,_hb_font_get_h_extents,0x20
0x6c422c,_ZN5Track31deviceInformationEventIfNotSentEv,0x4
0x6c4230,_ZN12TestReporter13updateSummaryENS_10TestResultE,0x70
0x6c42a0,_ZN18SeasonRewardsPopup12refreshItemsEv,0x5c8
0x6c4868,_ZN4Path10setTmpPathERK6String,0x14
0x6c487c,_ZNK16GameStateManager7isStateE7StateId,0x10
0x6c488c,_ustr_hashCharsN_58,0x54
0x6c48e0,_ZL23transformPositionNormaliPKcPciiiiiiPK9xMatrix44S4_iiR7Vector3IfES7_,0x3e8
0x6c4cc8,_ZN11FriendEntry11setAvatarIdEP9LogicLong,0x8
0x6c4cd0,_ZN12WaitingPopup17matchmakeCanceledEv,0x88
0x6c4d58,_ZN6icu_5821RuleCharacterIterator6setPosERKNS0_3PosE,0x20
